area,perimeter,aspect_ratio,circularity,solidity,hue_mean,hue_std,sat_mean,sat_std,val_mean,val_std,laplacian_var,glcm_contrast,glcm_homogeneity,glcm_energy,grade,path,ahash,cluster_id
26086.5,1872.2610955238345,0.956,0.0935174922079014,0.4924071539804634,30.811645362663494,36.06817134515378,43.36846016646849,63.016164181612424,57.048714328180736,36.22179759849295,3829.003266961293,293.97581512605035,0.613797346258157,0.5453483870113437,A,grading/data_processed/banana/A/Banana_Good_IMG__8535.JPG,770f0f1f1f1f1f01,40
26577.5,2354.5596449375153,1.1962616822429906,0.0602427235882003,0.5817172999474698,58.16721620348564,62.92965230374379,46.445777020906554,69.34651427045455,59.47443747961883,37.87971933996605,3165.173197301884,431.79847901777526,0.5621612699720884,0.4895375179562433,A,grading/data_processed/banana/A/Banana_Good_IMG__8509.JPG,ff0f19302f1f0f03,247
23561.0,1325.6021535396576,0.9142857142857144,0.1684911837156545,0.7382537717965189,82.7918754399768,77.39189761619899,74.34581142076277,62.66131036378725,65.83092467597002,41.06030237609912,851.3651595544179,234.72266267763655,0.5242689716643489,0.3975430816233623,A,grading/data_processed/banana/A/Banana_Good_IMG__9398.JPG,ffdf0f0307872020,525
35643.5,1137.7127641439438,1.0,0.3460389183484806,0.853164344870506,116.57047666445476,68.58303565105403,85.09046671090466,58.83549255762231,72.91014156160142,44.029890073278,645.6154732366558,92.27771139705884,0.5905457487838368,0.450281286529532,A,grading/data_processed/banana/A/Banana_Good_IMG__8938.JPG,000001030f7fffff,153
38540.0,2164.2438489198685,0.9609375,0.1033972981852369,0.709662569626663,55.77151102447915,51.45504583227936,108.3358479102853,70.84795576180971,91.6116497481204,67.58980976517034,814.8069715034042,237.15149872448987,0.495768139235642,0.3682354559563451,A,grading/data_processed/banana/A/Banana_Good_IMG__8904.JPG,8f1f0f4743771907,90
22113.5,1268.7909712791443,0.96,0.1726184412640406,0.7464598558625462,58.96274578961291,69.74624655416028,71.23807424389383,67.89789322487846,59.931355259677275,35.40535302775529,965.5733447204592,220.58065445026176,0.5337937832331278,0.4045476902763847,A,grading/data_processed/banana/A/Banana_Good_IMG__9429.JPG,ffdf0f1f0f070000,29
30675.0,1848.8468817472456,1.25,0.112769731172681,0.7683637046778132,79.55648004064912,47.81438654837213,83.85493346883038,40.49328931562259,63.336625488265746,38.09166325185783,882.10832013148,229.7852564102565,0.4776107599005201,0.2819133209996613,A,grading/data_processed/banana/A/Banana_Good_IMG__8737.JPG,ffee80a080809eb8,28
34085.5,3307.5932542085648,0.75,0.0391521249507667,0.7293044055031346,31.818616961369525,31.141065354533836,99.99524158125917,71.77120700430675,113.65356459060705,75.51418469219132,12819.602392805946,1553.713248527487,0.317732682439196,0.2599122545795714,A,grading/data_processed/banana/A/Banana_Good__IMG20200730132211.jpg,00a0a09dbceedbef,295
23326.5,1399.4772639274595,0.75,0.1496675846151856,0.6335623879624097,39.09611050830482,61.23960478006717,72.89404056422669,55.50803070463336,62.977213922043234,36.486132409801584,273.65812162392666,188.1166353075916,0.6971403280237496,0.5106628842643339,A,grading/data_processed/banana/A/Banana_Good_IMG__9415.JPG,dfdf1f0f0f0e0c00,38
21994.0,1049.3279883861542,0.8571428571428571,0.2510103163868024,0.7088436251128013,48.43262001156738,64.74772629844303,62.24393824798683,59.264744106105645,60.88615028696,35.59671992840947,1176.753702721628,181.0873223635004,0.5788961356935055,0.4751056255911508,A,grading/data_processed/banana/A/Banana_Good_IMG__9373.JPG,ffff1f1f0f0f0000,29
20965.5,980.5411916971208,0.9846153846153848,0.274020719794455,0.8045705733364034,39.321423567325205,61.309258530745986,69.00135444397739,61.795703946434195,58.3037223856896,34.15981958637242,938.8970844455116,160.51985501409587,0.5678347429102741,0.4283054820787946,A,grading/data_processed/banana/A/Banana_Good_IMG__9367.JPG,ff1f0f0f0f0f0800,29
23458.0,1303.435632228851,0.8458149779735683,0.1735088644770211,0.6941263500517828,117.2160588797871,50.60934670154104,71.49278556280926,54.490958361487536,64.72689093101584,37.92382804149519,568.291414246778,187.19134165186713,0.5646643362676474,0.444260618549095,A,grading/data_processed/banana/A/Banana_Good_IMG__9401.JPG,ff1f1f1f1f1b0000,29
33470.5,1278.2468149662018,0.71484375,0.2574202013256065,0.851439182915506,22.648237367802587,14.448833905924165,119.56980023501762,75.23503754307666,76.50431844888367,54.9000446718429,917.5959419219276,333.97817221840666,0.3810584705033997,0.2660100630653074,A,grading/data_processed/banana/A/Banana_Good_IMG__8858.JPG,e38383232b8b83c3,200
35193.5,1335.6782742738724,1.0,0.2478954752463852,0.8253635084427767,29.75709497206704,19.705440999093295,105.5072625698324,77.44810014074982,79.62851955307262,57.650561365359984,1401.0793606077789,221.04874387254904,0.5466191001334264,0.4515222990255493,A,grading/data_processed/banana/A/Banana_Good_IMG__8680.JPG,fef8f0f0e4e4c800,47
37689.0,1551.317883014679,1.0,0.1967989970068999,0.771280351168002,24.123795384695526,26.88011959255284,110.2081054331406,66.30902609484441,84.18190342240975,59.95309925421983,1285.8924744387623,197.65393688725487,0.5422135858449252,0.4128930734525651,A,grading/data_processed/banana/A/Banana_Good_IMG__8864.JPG,7f3f3f2721330100,98
37824.5,1705.2417632341385,1.0,0.1634598661417777,0.7595967507104056,24.39613401394035,27.70848630067439,109.74705257430104,67.04903080577203,84.91793848625399,60.71788789542051,1246.7437601496931,222.12291666666675,0.5408976079565919,0.4087237330593383,A,grading/data_processed/banana/A/Banana_Good_IMG__8870.JPG,7f3f3f2731310100,98
32633.0,1200.1808007955551,0.80859375,0.2846908537175899,0.8484588484588484,26.973567618071673,20.06874755668299,89.36125259953585,71.05271042437352,70.67422164622201,49.07831704354754,760.2613457527491,145.6084079186893,0.514161594488479,0.3722988127349299,A,grading/data_processed/banana/A/Banana_Good_IMG__8643.JPG,7f1f3f0f0b090101,145
39404.5,1939.148395895958,0.9375,0.1316841772188852,0.697048495944667,70.16899274858449,48.35894887130823,97.18433992251911,55.03730835113911,83.82206715009437,53.28812317486192,1415.3834635247124,284.95235682531387,0.4587324347679624,0.3391217698156301,A,grading/data_processed/banana/A/Banana_Good_IMG__9207.JPG,011f131d03011f7f,156
35529.5,2370.309867143631,0.93359375,0.079467346372118,0.6347954261211364,73.03652268999453,49.39966143793698,99.45125751776928,57.46915593970425,74.72258064516129,45.919930774433304,1425.8723120457405,304.5459887079832,0.5067392708188145,0.3957597495108272,A,grading/data_processed/banana/A/Banana_Good_IMG__9213.JPG,011f131d03011f7f,156
25859.5,1737.2905323505402,1.4628571428571429,0.1076676122160696,0.7146074557161411,92.86213373403456,48.08129152483683,81.8168294515402,68.56213129343577,57.00837716003005,36.00986650622426,2382.731871898418,324.38816806722696,0.5059549115599025,0.3985757773812,A,grading/data_processed/banana/A/Banana_Good_IMG__8482.JPG,ff9f1f0100003e3f,120
28042.0,1651.2001328468325,0.984375,0.1292466868944997,0.5914910670969648,41.2577552367388,53.430544919970075,41.515163094452355,67.48697573058499,61.565672004724355,38.58044736282734,3330.877318121078,268.4087400398406,0.6239459823121609,0.551272512077276,A,grading/data_processed/banana/A/Banana_Good_IMG__8496.JPG,7f0b1f1f1f1f0f00,292
39603.5,1861.7169386148453,1.0578512396694215,0.1435873341923689,0.7776675961198601,55.79359228104899,49.76664320966033,105.53755566551212,64.37368677109495,86.86472043542801,59.01477860920505,803.2555843259736,235.98246637497977,0.523175067868809,0.3430164081590462,A,grading/data_processed/banana/A/Banana_Good_IMG__9005.JPG,7101047c0519e7ff,451
30677.5,2374.5007708072662,1.0534979423868314,0.0683730886613122,0.6233807138575334,69.78021700731769,54.6269332309611,98.57194675750694,72.52734217975295,63.96044663133989,37.78036016816005,1171.5470113148465,285.93623819898323,0.5782562703842931,0.482058249470032,A,grading/data_processed/banana/A/Banana_Good_IMG__9010.JPG,030341283f4b77ff,347
39854.0,1839.6753081083295,1.062240663900415,0.147978772947905,0.7796242138518569,55.80623662789268,49.992652323503485,105.20032953790916,64.91907987634886,87.70289944175295,59.72945499515305,752.637759817605,239.19010658205195,0.5153626171514082,0.3364963216379771,A,grading/data_processed/banana/A/Banana_Good_IMG__9004.JPG,7101067c0519e7ff,451
36694.5,2368.0154893398285,1.0040650406504066,0.0822321718745044,0.7150345392012627,66.59797449561229,50.90644142079673,95.72446247249395,61.44619139740072,82.3673215090538,55.32028264242154,1625.4412519303346,371.19107343512457,0.4882027623191871,0.371456025542657,A,grading/data_processed/banana/A/Banana_Good_IMG__9038.JPG,1161030a350be7ff,116
27848.5,1931.148396730423,0.9759036144578314,0.0938383528632044,0.5897544498681717,94.8506339696252,44.55345747088115,41.01550090567089,62.70822082779527,61.74122195903581,38.394751965217985,3442.7328586137132,343.87188423113935,0.5943856669861942,0.5201007258469795,A,grading/data_processed/banana/A/Banana_Good_IMG__8497.JPG,7f0b0f0f0f0f0f01,12
24419.0,1510.5382244586945,1.4628571428571429,0.1344851400529257,0.6829629836803759,90.4798245614035,46.797445962514246,91.2066985645933,65.99888008167315,54.1183014354067,34.595825360324596,2542.8121062216005,258.2609075630252,0.540684568913125,0.4345864617602962,A,grading/data_processed/banana/A/Banana_Good_IMG__8483.JPG,ff1f0301001c7f3f,454
38871.5,1936.8052508831024,0.9296875,0.1302174708853389,0.6976345591270482,69.91883321168801,48.601202082457704,97.2270153273098,56.35769847570413,82.7791256638059,52.70428460242852,1346.5138135863838,276.59325553797476,0.4632794202737767,0.3425777039219271,A,grading/data_processed/banana/A/Banana_Good_IMG__9212.JPG,011f131d03011f7f,156
39955.0,1951.0478937625885,0.93359375,0.131900104037892,0.6977028454681183,69.90439213188644,48.69151242237168,96.23192807975896,57.68463349585406,85.37591553780956,54.37100097261608,1311.9726733079162,283.1877790178572,0.4490690282779181,0.3278141999281581,A,grading/data_processed/banana/A/Banana_Good_IMG__9206.JPG,011f133d03011f3f,156
32798.5,1144.1391696929932,0.8125,0.3148517694289977,0.8499663107701876,26.05486194477791,16.48893706062021,88.82265906362545,70.59183164821832,70.9140456182473,49.246498777642365,746.1134019599865,138.17145984299518,0.5147050790288951,0.373326544279898,A,grading/data_processed/banana/A/Banana_Good_IMG__8642.JPG,7f1f3f0f0b090301,145
37553.5,1679.0996288061142,1.0,0.1673814602719078,0.7705811138014528,24.31262561666362,27.33930732504535,109.82127848398632,66.37921776123233,84.7819947273629,61.02693923390853,1253.98641750752,218.554518995098,0.5450162731555317,0.4133622291099721,A,grading/data_processed/banana/A/Banana_Good_IMG__8871.JPG,7f3f3f2731310100,98
37895.5,1598.8742312192917,1.0,0.186281145283197,0.7665257494235204,23.786184040184352,26.154442207403548,108.6314276837036,65.85932693522113,84.55600434985242,60.085947789043615,1230.6220655532088,208.52060355392155,0.5377604212139588,0.409081128714724,A,grading/data_processed/banana/A/Banana_Good_IMG__8865.JPG,7f3f3f2721310100,98
35168.5,1418.1046808958054,1.0,0.2197592317575734,0.8253482122950916,29.903769896676906,20.28812867337636,104.49480592013404,77.21522153422607,79.68422228427814,57.73585364418821,1362.3049571476877,233.4891544117647,0.5470775889154089,0.4508938444039916,A,grading/data_processed/banana/A/Banana_Good_IMG__8681.JPG,fef8f0f0e4e4c800,47
33598.0,1212.548330426216,0.66796875,0.2871608127466958,0.8814439751292075,22.953835788980346,15.90812659953203,118.50815782536102,75.38917929003203,76.55508362869446,54.798584719249654,839.4082542595029,346.83380055147063,0.3358816759311355,0.2130829823851977,A,grading/data_processed/banana/A/Banana_Good_IMG__8859.JPG,e38383232b8b83c3,200
21021.0,962.3574253320694,1.037837837837838,0.2852268679955627,0.808951145831329,48.90420724036714,67.26596475866333,70.91837115035177,61.1527734140764,57.93998974980199,33.92135436580895,895.6197029461895,160.52822980048114,0.5323446562397611,0.3960912511487012,A,grading/data_processed/banana/A/Banana_Good_IMG__9366.JPG,ff1f0f0f0f0f0000,29
23777.0,1270.548330783844,0.7868852459016393,0.185090676124744,0.6528376486093188,107.976136690352,64.41941521160398,64.78625703372079,61.42300702631675,68.26188031379635,40.94785908392363,705.2001968320455,198.3396704145567,0.587437655794982,0.4766651574793367,A,grading/data_processed/banana/A/Banana_Good_IMG__9400.JPG,ff9f1f1b1f0f0020,29
23283.0,1441.317882657051,0.75,0.1408410493381115,0.6312065389776748,35.77491329962813,58.06405607051596,73.43224836000502,54.92207224408558,62.9547904566916,36.44500941884171,289.29682558733555,194.36812827225137,0.6965033609903742,0.5106654503925071,A,grading/data_processed/banana/A/Banana_Good_IMG__9414.JPG,dfdf1f0f0f0e0c00,38
22518.5,1072.8843375444412,0.8648648648648649,0.2458348851355046,0.7385899601489087,49.49163443570466,65.13399110424506,61.912346269175615,59.77630071867784,62.25122767372126,36.4318581139931,1155.579855874997,193.3905947832649,0.5642297160473098,0.4588247941831229,A,grading/data_processed/banana/A/Banana_Good_IMG__9372.JPG,ff9f1f1f0f070000,29
30117.0,1782.9057565927503,1.2648648648648648,0.1190597040117072,0.7623013060645946,78.34931883635893,48.01454738862361,83.78406627188299,40.82586821122395,62.314338413746235,37.61893973289009,910.3581272727496,221.51038162626148,0.4803873090623616,0.2807463741980903,A,grading/data_processed/banana/A/Banana_Good_IMG__8736.JPG,ffee80e080819eb8,28
38168.0,2098.1017141342163,0.96875,0.1089572642922018,0.7031881868511474,55.16828644501279,50.809059011424985,107.2577493606138,71.48667008645508,91.58184143222506,68.33796994160355,872.2471973010329,229.0031471406883,0.5046748492416083,0.3798742305659849,A,grading/data_processed/banana/A/Banana_Good_IMG__8905.JPG,8f1f4f4763371907,90
36415.5,1729.5849083662033,0.91015625,0.1529721487382052,0.7452113944255719,47.14114041454956,46.72453494228309,122.6555636207221,71.75630015818169,80.45656907815146,55.698799758363464,450.0045312032194,253.3912984913793,0.5244053111273553,0.3702547293058819,A,grading/data_processed/banana/A/Banana_Good_IMG__8911.JPG,03010107076fffef,192
24361.5,1247.5361386537552,0.8067226890756303,0.1967014761811231,0.6794355119856089,109.4208858220332,65.58381599723258,63.91089625290861,63.13267155210738,68.08729840327369,41.16547980846859,774.8264164562116,214.8556249725021,0.5603180336706806,0.4513832914630697,A,grading/data_processed/banana/A/Banana_Good_IMG__9399.JPG,ff1f1f1f1f0f0020,29
35763.0,1305.494508743286,1.0,0.2636900289567299,0.838572014772261,95.6567106710671,78.92121495541215,85.98817381738174,60.921240096578266,73.70134763476348,45.19830463477883,712.8678894406185,114.71193321078434,0.5873595800276052,0.4464761372823622,A,grading/data_processed/banana/A/Banana_Good_IMG__8939.JPG,000001030f7fffff,153
27289.0,2104.4103717803955,1.2307692307692308,0.0774348779496269,0.6116621277835681,89.19767441860465,46.73372111687193,66.38354367555303,62.895327562460494,59.18143788996029,36.71180909658408,2294.4713158886107,298.60682503770744,0.5545760647855236,0.4647415026386551,A,grading/data_processed/banana/A/Banana_Good_IMG__8508.JPG,ff0f19200f1f0f03,247
26487.5,1791.4082835912704,1.0161290322580645,0.1037198016482066,0.4910912933847523,28.76562213670515,33.309285894380665,44.660546087593914,64.92120087313324,57.985156679494224,36.87945038463403,3830.434034413891,276.9491389281582,0.6244588666880954,0.5595355250432182,A,grading/data_processed/banana/A/Banana_Good_IMG__8536.JPG,770f0f1f1f1f1f01,40
37635.0,2190.6702563762665,0.95703125,0.0985479877842627,0.7129798903107861,55.80367828001554,48.747448852824,103.34259810905324,71.0732876765064,89.54226136510815,66.68009217459496,863.3939876522396,245.496349897541,0.5032566646279076,0.379006349369221,A,grading/data_processed/banana/A/Banana_Good_IMG__8907.JPG,8f9f4f4763370b07,380
30259.5,1914.3443549871445,1.2473118279569892,0.1037603642451668,0.7747622034744537,78.31428663301071,48.00499660560923,83.88353323257982,41.626984262038135,62.36608894176662,37.32199768957304,808.9604396011558,233.72201275427085,0.4765841550457048,0.2727625601395217,A,grading/data_processed/banana/A/Banana_Good_IMG__8734.JPG,ffee80a080819eb8,28
22939.5,1120.7422014474869,0.9186602870813396,0.2294998259362202,0.7220150134554554,120.1517179640208,45.96848379138627,71.85062665188848,47.4041379791268,63.05592974678148,36.99877099770036,460.0978593772803,151.40709937623694,0.5626712541939972,0.4146634478599124,A,grading/data_processed/banana/A/Banana_Good_IMG__9402.JPG,ff1f1f1f1f090800,29
20601.5,987.0853476524352,1.0158730158730158,0.2657047363798777,0.7671383355054925,37.905861119027264,57.34683277605816,66.94632848864823,61.099381997206066,57.19758715683481,33.590557387714476,1088.1196330655157,186.2594808720463,0.5382397666398492,0.4185152798808972,A,grading/data_processed/banana/A/Banana_Good_IMG__9364.JPG,ff9f0f0f0f0f0000,29
21587.5,1237.5950142145157,0.8767123287671232,0.1771149057705964,0.7042540697484748,44.83419104369808,61.96998378699528,64.36091549295774,59.51108868780124,60.8663777537017,36.12823285212394,1247.7462803956998,231.7316933228143,0.575212667138163,0.4694609417698784,A,grading/data_processed/banana/A/Banana_Good_IMG__9370.JPG,ffef0f0f0f0f0800,55
23345.5,1366.9919826984406,0.758893280632411,0.156993296557631,0.6394800997069056,37.75552866560961,60.545131542123826,72.29095385128933,55.605319939352256,63.01969456730368,36.52834834759992,280.3912623068733,189.0958549758914,0.696370925433291,0.5045184333979832,A,grading/data_processed/banana/A/Banana_Good_IMG__9416.JPG,dfdf3f0f0f0e0400,38
35169.0,1317.2934985160828,1.0,0.2546858324983218,0.8243829258573404,29.971511644161144,19.9123860045935,105.94626631999776,78.25704634743109,79.71805194442115,57.81370019335565,1354.623050780734,216.08484987745095,0.5492477698948032,0.4520599262985656,A,grading/data_processed/banana/A/Banana_Good_IMG__8683.JPG,fef8f0f0e4e4c800,47
37981.5,1667.5849083662033,1.0,0.1716350828897023,0.7567543335325763,25.164747495610865,28.147149956290615,108.35149230610348,67.47442261258897,85.18671899204791,60.92574235908634,1220.0254022991285,219.7178155637255,0.5392156773624408,0.4069736851966054,A,grading/data_processed/banana/A/Banana_Good_IMG__8873.JPG,7f3f3f2731310100,98
37705.5,1573.359512090683,1.0,0.1914073576903685,0.7632228812015465,24.0402936123692,26.96192560801823,109.6932427507939,66.49781845347627,84.61354052787756,60.47037352404726,1243.9173031290993,201.58203125,0.5433464961876485,0.4122410872439982,A,grading/data_processed/banana/A/Banana_Good_IMG__8867.JPG,7f3f3f2731310100,98
34205.0,1881.1412581205368,1.0534979423868314,0.121466534603391,0.6599396108468951,29.034169994295493,20.569658940295955,90.51525955504847,72.51843616254645,77.03873359954363,54.30111515123563,1188.8225623683809,210.34797062858067,0.5538344036555531,0.4337796371122331,A,grading/data_processed/banana/A/Banana_Good_IMG__8640.JPG,ff3f7f3903210101,502
46375.0,1274.9503524303436,0.97265625,0.3585149249142417,0.8222882219956559,63.709752305496984,47.8389606006662,92.5083381253594,52.79537385160112,96.82226907758825,59.72574529054668,1502.990418203773,227.6282919606855,0.3957179762646866,0.2611179230937812,A,grading/data_processed/banana/A/Banana_Good_IMG__9210.JPG,011f331d01011f7f,156
36871.5,2357.4814385175705,0.93359375,0.08336890662709,0.6444263842281879,74.02719168688681,48.79299791319832,100.24208777297184,56.161897603149086,77.48786791855682,47.64881005406707,1405.388640062638,319.10592830882354,0.4900439864617877,0.37380014754204,A,grading/data_processed/banana/A/Banana_Good_IMG__9204.JPG,011f131d03011f3f,156
28076.0,1682.1118195056915,0.984375,0.1246910760760549,0.593491380677074,40.40833882548822,53.23956403708582,41.77404696659614,67.84536730884504,61.57709251101321,38.570085027301694,3213.919915412409,283.20279818227107,0.6222119542514334,0.5504627151814568,A,grading/data_processed/banana/A/Banana_Good_IMG__8495.JPG,7f0b1f1f1f1f0f00,292
25906.5,1805.515928149223,1.5058823529411764,0.0998656099870612,0.7315327271700457,44.83628053349318,53.399507847972664,67.12217143713472,80.34089071995392,56.863704480743294,36.221086567457625,1892.462155837749,363.7466666666668,0.490595988460457,0.3786136583509765,A,grading/data_processed/banana/A/Banana_Good_IMG__8481.JPG,ffdf1f0101003e1f,120
39410.5,2048.2266043424606,1.0578512396694215,0.1180499487997802,0.7769366492198204,58.27622993524698,50.5876814567317,104.29178554593494,64.89476076845803,86.317463467884,58.41359309802578,842.3318052933471,265.12824501701505,0.5185181260046443,0.3438689265977219,A,grading/data_processed/banana/A/Banana_Good_IMG__9006.JPG,7101047c0519e7ff,451
39097.0,1882.444859623909,1.0666666666666669,0.1386464553415297,0.777972341060591,58.117854816892944,50.49096573336238,103.6463353539402,64.2858124963343,85.84682631130705,58.39993695384433,855.4586192565494,243.9287254901961,0.517990234317733,0.3454215562448972,A,grading/data_processed/banana/A/Banana_Good_IMG__9007.JPG,7101047c0519e7ff,451
25913.5,1786.40322971344,1.514792899408284,0.1020415268513976,0.7351138974780858,37.862366074773355,45.964483412818126,67.97205364501386,81.24560080004662,57.20352888289504,36.6194792442166,2627.9647952462733,401.4468035735004,0.4763047863729844,0.3746905800374526,A,grading/data_processed/banana/A/Banana_Good_IMG__8480.JPG,ffff1f0101003e1f,120
32159.0,1254.1808005571363,0.8031496062992126,0.2569165629725246,0.8469804314045669,94.68767566907002,43.090457059107166,72.72461200048882,30.956583847111485,66.17117805205915,39.715660339465416,2110.990381059398,182.086090531787,0.4982805425194045,0.3639092370976787,A,grading/data_processed/banana/A/Banana_Good_IMG__8494.JPG,ff0f8f0707070701,248
36629.0,2324.0672231912613,0.93359375,0.0852192199731737,0.6401041530140589,73.99463579148632,49.00279255957506,99.36612050880316,57.099841858956665,77.12470457019943,47.35688460692146,1348.715029660077,310.78686318277306,0.4930765053424414,0.3784864937902674,A,grading/data_processed/banana/A/Banana_Good_IMG__9205.JPG,011f133d02011f3f,156
35450.5,2326.937281727791,0.93359375,0.0822740494255809,0.6355300191821588,73.17384033336988,48.89269956546133,100.41545125562013,56.21542771599942,74.57569360675512,46.02676622312292,1357.0806714677983,291.95757287289916,0.5098298972696547,0.3974679582007085,A,grading/data_processed/banana/A/Banana_Good_IMG__9211.JPG,011f131d03011f7f,156
34032.5,1878.4133363962171,1.0,0.1212052387099403,0.6372351680038947,28.613305434533363,18.697456458000296,90.76020408163264,72.80354224365736,76.88904494382022,54.50855396251308,1233.571996129118,200.3246323529412,0.5792736479409546,0.4656878352183358,A,grading/data_processed/banana/A/Banana_Good_IMG__8641.JPG,7f3f3f3903210101,84
37924.0,1586.0874347686768,1.0,0.1894391571308182,0.7594520986863185,23.9384332703605,26.223281222242587,109.7902486995678,66.2835405658732,84.68085712067493,60.16863595962357,1243.78471153602,207.25746017156865,0.5395768692521666,0.4088394904522063,A,grading/data_processed/banana/A/Banana_Good_IMG__8866.JPG,7f3f3f2721310100,98
38075.0,1688.513839840889,1.0,0.1678187673043365,0.7671152838779869,23.82429126863558,26.268250497629865,107.70082653140048,65.98683077290782,85.29744830960166,60.772334709076134,1237.4836989492178,222.6071691176471,0.5378070208069531,0.4051514398531561,A,grading/data_processed/banana/A/Banana_Good_IMG__8872.JPG,7f3f3f2731310100,98
35204.0,1417.5188933610916,1.0,0.2201629136991457,0.8246427734832513,30.87406890779746,22.2434002192602,105.73982424326964,77.95590056385288,79.80457525456828,57.82523345810857,1385.7192816825118,232.1945772058824,0.546563142575064,0.4498542764475559,A,grading/data_processed/banana/A/Banana_Good_IMG__8682.JPG,fef8f0f0e4e4c800,47
21041.5,1051.854899764061,1.0052356020942408,0.2389873379955517,0.811473197069032,41.92955717671112,62.004089347390995,66.55016030853585,55.83772801929443,58.83193160169137,35.038110841054596,1026.9390304941544,178.40706120994494,0.547419662094647,0.4123327843432587,A,grading/data_processed/banana/A/Banana_Good_IMG__9371.JPG,ff7f1f070f0f0000,29
15976.5,658.0903993844986,0.5977653631284916,0.4635754169144909,0.9000338009126246,73.38952024080103,77.88638458044655,79.57988819952085,53.59768950136085,47.50611216905215,31.17674621223763,267.66426445346525,167.20580794771794,0.4598565919168276,0.1552543652878521,A,grading/data_processed/banana/A/Banana_Good_IMG__9417.JPG,ffff830103030101,475
23367.5,1357.5950140953064,0.8847926267281107,0.1593241634114954,0.7209854830996127,117.41430476825607,45.200753439285634,80.04026342114038,43.99167214905652,63.44644048016006,37.20642626015556,510.2725264365076,176.87420078654668,0.5720361841950984,0.4225667134639649,A,grading/data_processed/banana/A/Banana_Good_IMG__9403.JPG,ff1f1f1b1b181810,75
20298.0,975.1858525276184,1.0267379679144386,0.2682182520315688,0.7622516804987044,50.055673382820785,67.23960728812195,64.15559625951991,60.35896976940611,56.48958835438157,33.16420897765954,1015.1794724277802,174.804014894868,0.5386785809796572,0.4204863863111259,A,grading/data_processed/banana/A/Banana_Good_IMG__9365.JPG,ff9f0f0f0f0f0000,29
29839.0,1970.729131937027,1.2328042328042328,0.096547327222967,0.7500816972926774,78.45886529442419,47.7144435464089,84.65118551328817,41.63366166190363,61.816668837936426,37.17517868859816,907.6857577752488,233.42421547162928,0.4927029407912048,0.2961659477358939,A,grading/data_processed/banana/A/Banana_Good_IMG__8735.JPG,ffee80e080819eb8,28
20869.0,1129.7543942928314,0.9458128078817734,0.2054676361901835,0.735536170587717,33.42102309922379,50.81145575286117,63.12938370896848,59.873274396568995,58.3724399139624,34.50143936218523,1357.676721094081,204.92827483042325,0.5681629038388208,0.4482609659931377,A,grading/data_processed/banana/A/Banana_Good_IMG__9359.JPG,ff9f0f0f1f0f0800,55
37146.5,1503.8447943925858,0.93359375,0.2064057209642732,0.7605130619932847,49.48052772122782,48.48864237128769,122.10982735372656,72.15609406648909,82.59836607355312,57.645851771858,471.30871452633,221.68764771533608,0.5304241611934005,0.3773924408086604,A,grading/data_processed/banana/A/Banana_Good_IMG__8912.JPG,03010503076fffff,192
38364.0,2118.38598549366,0.96484375,0.1074295006555012,0.7261439454880991,56.14233372347464,48.44404031048956,103.55246552338303,68.07656976206955,89.07068342577986,64.5215051023044,850.1043493020173,233.9712588922764,0.5001105536447588,0.3741521462898606,A,grading/data_processed/banana/A/Banana_Good_IMG__8906.JPG,cf9f0f4343371907,90
24329.0,1154.2051845788956,1.0989583333333333,0.2294922800897385,0.7442906309751434,57.68522544283414,40.05136787111174,181.29778582930757,60.9155477398856,67.02012882447666,40.263455025760365,1414.6058131250757,132.42872023809525,0.5823138277213695,0.3788379408556181,A,grading/data_processed/banana/A/Banana_Good_IMG20200729190231__01.jpg,7f070301e1c1c1c5,338
40986.5,2897.0936957597733,0.75,0.0613656891267913,0.8547134202925751,28.2022530411322,12.381331964160458,139.5454158186207,61.748164048884824,123.43290576040138,76.04493750217912,10856.190373854091,1660.1407272578535,0.1864502939836541,0.1253031485027537,A,grading/data_processed/banana/A/Banana_Good__IMG20200730132039.jpg,0000b47c7cfc8202,545
26200.0,1791.1067653894424,1.0,0.1026285532497517,0.486613485879851,28.14433371614863,32.534004379422754,44.44226280887638,65.32557161341927,57.67035898195829,36.94010510210556,4330.529330692096,291.1120803212851,0.6266000204223238,0.5644936853682527,A,grading/data_processed/banana/A/Banana_Good_IMG__8537.JPG,770f0f1f1f1f1f01,40
32019.0,2069.4641939401627,1.0847457627118644,0.0939510839244132,0.6470118716847689,56.05527027437635,46.65667958125824,113.730424478138,67.98443716182378,73.5458661237884,48.83568204204608,1111.4769434294662,312.6016118311732,0.5395591438826479,0.4461720283283407,A,grading/data_processed/banana/A/Banana_Good_IMG__9188.JPG,10000f9f55a5cbff,68
12170.5,1892.2854803800583,0.7357512953367875,0.0427115144427722,0.5437871408784236,47.59011851623826,25.339916275982503,110.32291826997076,69.4218760778612,74.69932276435277,51.07200976233105,9789.329695851053,1263.1518391945028,0.5307887278009493,0.5032876518520174,A,grading/data_processed/banana/A/Banana_Good__IMG20200730132029.jpg,3e1f973783850702,452
37033.5,2296.3342489004135,0.97265625,0.0882540036642313,0.663641169460697,65.4583147101354,49.19232788883695,95.67827001446037,55.715182102953094,80.82192717234126,52.029843726158624,1473.2705846148992,360.586173765121,0.500749398561709,0.3960130090729741,A,grading/data_processed/banana/A/Banana_Good_IMG__9177.JPG,0301174f37596bef,285
39206.5,2071.172781944275,0.98046875,0.1148511313786398,0.7277241046486808,51.402078556474926,46.060856904710555,107.93019140663942,62.97788281697634,90.35646994317617,64.70086193784464,802.7964026680489,224.59178125,0.5055935930437278,0.3708956969850043,A,grading/data_processed/banana/A/Banana_Good_IMG__8902.JPG,cf9f0f4343771907,90
21298.0,1068.4995609521866,0.9504950495049505,0.2344228764719299,0.8036526234364093,38.94566564177872,58.24076236778179,59.24188885319627,61.15629279404882,59.31347804139324,34.65560092650262,972.8481514020182,184.98691099476437,0.5537028668271884,0.4365755782903445,A,grading/data_processed/banana/A/Banana_Good_IMG__9361.JPG,ff3f1f0f0f0f0000,29
24369.5,1287.3107432127,0.9230769230769232,0.1847947783249484,0.7205647545830869,110.69799302968391,48.65711138385234,86.53511196570925,47.90955354048575,65.85758923206346,38.33193771012321,294.99225250723174,180.04767418445434,0.5613510729971785,0.3702090103604109,A,grading/data_processed/banana/A/Banana_Good_IMG__9407.JPG,ff8f0f0f0f1d0800,55
22960.5,1500.0458043813703,0.7773279352226721,0.1282277920168458,0.6244441724799086,97.2860225061342,67.47324545901185,71.86813605211947,57.71881447263895,62.14607834842203,36.20132981264731,185.05357826731165,179.5555673315387,0.6865278712854539,0.4990734567255047,A,grading/data_processed/banana/A/Banana_Good_IMG__9413.JPG,7f3f3f33181c1e0c,541
22086.5,1146.2224296331406,0.8687782805429864,0.2112510899698246,0.6932904339637448,55.60680470754801,68.61461399812428,65.63277586054332,62.41562539043317,60.78515175648173,35.98075780429065,1231.8212157812673,201.756177299756,0.5687200130444169,0.4637018718052062,A,grading/data_processed/banana/A/Banana_Good_IMG__9375.JPG,ffef0f1f1f030000,4
30085.5,1851.5748020410535,1.18848167539267,0.1102769062767556,0.7672230226835146,78.69209359526198,47.80459547103824,83.75455516359753,41.63833818779323,62.23547687627431,37.37949262830372,873.6604801471009,229.9480841402956,0.48285648099786,0.2819497002184903,A,grading/data_processed/banana/A/Banana_Good_IMG__8725.JPG,ffee80a080809eb8,28
30461.0,1873.6753083467484,1.2459893048128343,0.1090348557685541,0.7724454475142325,77.97219292357849,47.97903750609923,82.54028829865439,40.3950499321559,62.851535781634546,37.63081566463968,856.7699063113315,231.86047851742575,0.4789420883193825,0.275634012435833,A,grading/data_processed/banana/A/Banana_Good_IMG__8731.JPG,fffe80a080809eb8,28
21111.0,1039.5289993286133,0.9320388349514565,0.2454965828527136,0.716307003257329,81.56840496480177,74.13842002946657,50.65644683216006,59.46239853630855,59.099157095220455,34.970820091952994,1023.7683240341736,181.32369237025364,0.5603321242655815,0.4539517514599436,A,grading/data_processed/banana/A/Banana_Good_IMG__9349.JPG,ff3f1f1f1f0f0000,29
32451.0,2176.7291312217712,1.0,0.0860655145372152,0.6288587872798093,91.46431670606542,64.33300626578455,97.9552649690296,58.10428011514053,66.3715551033843,38.71252983074168,510.6208528706338,174.52187500000002,0.6201574130762461,0.4880060863230377,A,grading/data_processed/banana/A/Banana_Good_IMG__8876.JPG,3f0f0f070f3f0f00,12
36464.5,1378.5066995620728,1.0756302521008403,0.2411361733383568,0.7972125054656756,22.94729321686617,24.944172518773975,111.30850318127898,65.67662840754143,82.72117976922247,58.39679539422142,1247.3519527803546,192.490443236118,0.5256214099348433,0.3905006058079741,A,grading/data_processed/banana/A/Banana_Good_IMG__8862.JPG,ff7f3f2333330300,199
32819.0,1487.6854133605957,1.0578512396694215,0.1863429636316445,0.7434111424461736,27.412950628714793,17.49450373404167,103.80140975478628,73.94912845435883,68.20363788417312,42.22707378906187,715.1744055304075,236.09820126397665,0.5624699708601367,0.4533133947142281,A,grading/data_processed/banana/A/Banana_Good_IMG__8692.JPG,fff7f3f1e0a00080,376
35334.5,1319.192994475365,1.0,0.2551479842198652,0.8200067300216985,29.88771080313909,19.329362461320983,107.3353648355318,78.34365598562007,80.12984916791896,58.00939724516853,1323.3290387243032,214.27737438725495,0.5471284936415074,0.4494874347704524,A,grading/data_processed/banana/A/Banana_Good_IMG__8686.JPG,fef8f0f0e4ecc800,47
38751.0,2029.616434931755,0.97265625,0.1182128904285369,0.6845801203063306,67.73356872635561,48.534157293730225,97.87324085750316,56.58192754586616,82.69571248423708,52.771763861580745,1465.729601761558,275.2266097530242,0.488402717497751,0.3728790739612871,A,grading/data_processed/banana/A/Banana_Good_IMG__9215.JPG,011f331d01211f7f,156
35174.5,1283.0508576631546,1.0,0.2685035636348906,0.8280541921207198,30.784132222160075,21.645258579869196,104.93067285642374,77.31302800564687,79.53146149113485,57.52895712536123,1396.1143737649545,208.6949142156863,0.5474284833074574,0.4525622235904693,A,grading/data_processed/banana/A/Banana_Good_IMG__8679.JPG,fef8f0f0e4e4c800,47
32568.0,1115.0681018829346,0.796875,0.3291532659473208,0.8573685041857526,26.20307776030959,16.711941804343912,87.64765993469585,70.85072551661642,70.37528721731769,48.90982783564091,731.9708673194115,135.95860914408863,0.5091356907299617,0.3655279210181825,A,grading/data_processed/banana/A/Banana_Good_IMG__8651.JPG,7f3f3f070b0d0301,145
32475.5,1256.4234400987625,0.8046875,0.2585197040826743,0.8465538814451802,26.271173106599292,16.826636619325157,89.06012284789253,70.86790375070223,70.4886683409483,49.06825642105233,803.3519885116838,153.77814405487803,0.5135692840627027,0.3718627016576674,A,grading/data_processed/banana/A/Banana_Good_IMG__8645.JPG,7f3f3f0f0b090101,145
31576.0,1556.2295702695849,0.8046875,0.1638398912536115,0.8345160224644863,95.0086751766018,43.27991017724972,74.19664766389887,30.769108483138297,64.82940884868013,38.58185546804312,1936.2409212189912,210.05230564024396,0.5129662291479512,0.3824146841951683,A,grading/data_processed/banana/A/Banana_Good_IMG__8490.JPG,bf0f8f0707070701,248
25518.0,1816.4448605775833,1.4545454545454546,0.0971878688447022,0.7055603174164293,92.06157354618016,47.61169916933135,83.54161915621437,67.44315509111235,56.68365640440897,36.02885265942977,2716.662079154952,335.3671791443851,0.5097311105238768,0.408741142616018,A,grading/data_processed/banana/A/Banana_Good_IMG__8484.JPG,ff9f0f0100003e3f,120
39661.5,1847.432668209076,1.0666666666666669,0.146029891068755,0.778699467928455,55.39770228536133,49.6971232214439,105.9764051883879,64.66550230847065,87.28323656578135,59.62734406293968,745.9074915981294,239.2165196078431,0.5164019238238887,0.3368703252664308,A,grading/data_processed/banana/A/Banana_Good_IMG__9003.JPG,7101067c0519e7ff,451
39853.5,1827.0895218849184,1.062240663900415,0.1500225965682022,0.7869498252473195,55.19775678866588,49.55951983606322,105.7167699724518,65.05822241934005,87.29538075560802,59.23785171550779,726.6258841514735,229.4180131803759,0.5181603493346172,0.3368586459452522,A,grading/data_processed/banana/A/Banana_Good_IMG__9002.JPG,7101047c0519e7ff,451
24553.5,1549.266147017479,1.4628571428571429,0.128549741996387,0.6874842503149937,90.32173430564364,47.06838839885536,86.81907894736842,67.45554358590816,54.41272986683576,34.79166402328501,2502.67989910515,274.18480672268913,0.5360877908065845,0.4312048409124401,A,grading/data_processed/banana/A/Banana_Good_IMG__8485.JPG,ff1f0701001c7f3f,454
32392.5,1151.5117534399033,0.8046875,0.3069853009806826,0.854074933424737,95.14817289875764,42.95777188499303,73.03532699492725,31.090967765939848,66.37356094893836,39.73275826627578,2077.3307155738935,168.2962271341464,0.5048440970810688,0.3724132866249587,A,grading/data_processed/banana/A/Banana_Good_IMG__8491.JPG,bf0f8f0707070701,248
32677.0,1234.6660811901093,0.80859375,0.2693723452654551,0.8477843503528435,26.886849784891243,17.94318097985521,87.6529678991546,70.20563375758319,70.6341346009206,49.09675612669694,728.3124475124578,149.25451304611653,0.5120891172126869,0.3710662581351454,A,grading/data_processed/banana/A/Banana_Good_IMG__8644.JPG,7f1f3f0f0b090101,145
31655.0,1973.0478922128675,1.0,0.1021825949926994,0.6119628047248052,92.00371918608224,63.788629542639775,96.80838507407636,55.032200087127976,65.45515460748756,37.98042193926425,461.6993916013744,153.85989583333335,0.6350549218435962,0.5020972438060042,A,grading/data_processed/banana/A/Banana_Good_IMG__8888.JPG,7f0f0f053f1f0700,18
32448.0,1148.2396758794785,0.79296875,0.309266371403257,0.8565319536467545,26.348466927486125,16.978045514990253,88.6287568616747,70.90991691411304,70.14411791465744,48.775936265978515,699.4419174692359,141.0814511138614,0.5078082173573542,0.3645357216857356,A,grading/data_processed/banana/A/Banana_Good_IMG__8650.JPG,7f3f3f070b090301,145
35164.0,1408.2051856517792,1.0,0.222831332289095,0.8228865617504242,29.85109770403888,20.822787813232228,102.69188872130049,75.78752656139548,79.51351879783252,57.316665597469026,1396.5262989401815,228.37075674019613,0.5471934285071278,0.4510470985711803,A,grading/data_processed/banana/A/Banana_Good_IMG__8678.JPG,fef8f8f0e4e4c800,47
46499.0,1208.5239465236664,0.93359375,0.4000764212024054,0.8309773576138821,62.643315621679065,47.70873864723852,93.50206163655686,54.15524547183937,97.4640170031881,60.50682637396304,1380.383404564844,229.7965631565126,0.3681846509554206,0.2284167093959368,A,grading/data_processed/banana/A/Banana_Good_IMG__9214.JPG,011f111d03211f7f,156
32460.0,1467.8864238262177,1.0121457489878545,0.1893099635705054,0.7427832633493896,28.28373848709044,18.57694820132192,104.75506568020536,73.6043703319067,67.22624188434244,41.480695933884206,643.3633693832713,237.25441035396648,0.5681211924483659,0.4583838009926271,A,grading/data_processed/banana/A/Banana_Good_IMG__8687.JPG,fff3f3f0f0e02080,376
32570.5,1489.584908246994,1.062240663900415,0.1844606617938847,0.7406257816585943,27.209286230139625,16.778579960604446,103.37533100625905,73.66120065023117,67.69348820414059,41.974486094214406,678.2997224109934,235.7407371247254,0.5631338847587102,0.4549832293257286,A,grading/data_processed/banana/A/Banana_Good_IMG__8693.JPG,fff7f3f1e0a00080,376
37592.0,1514.832601428032,1.0,0.2058619155717012,0.7758766588924894,23.980224660397074,26.071929494717423,110.69798850574712,66.13545231099518,83.83477011494253,59.78539903128174,1317.9375442927703,200.30206801470587,0.5448585028984311,0.414458217801557,A,grading/data_processed/banana/A/Banana_Good_IMG__8863.JPG,7f3f3f2f21330100,508
39993.0,1654.915862083435,1.0,0.1835025103781826,0.7599980996721935,79.57188788533281,62.41830345605065,95.68751227174552,52.3362469621109,88.74482132338504,61.11342386866553,506.977145537734,146.09428615196077,0.5356453109221989,0.3770357555264283,A,grading/data_processed/banana/A/Banana_Good_IMG__8877.JPG,3f0f1f070f3f0f00,18
30376.5,1993.8590742349625,1.2180851063829787,0.096019331583518,0.7752568110763733,78.74312953898327,48.2921276168105,82.86642991969799,40.19388630344454,62.79633362126883,37.58118467179803,879.750946934963,252.4614594998133,0.4697013437748915,0.2671586332224966,A,grading/data_processed/banana/A/Banana_Good_IMG__8730.JPG,ffee80a080809eb8,28
20727.5,1059.5117535591123,0.9696969696969696,0.2320305823971199,0.7232709889036221,88.28307402168788,74.85391979076704,48.862706270627065,57.9005260719531,58.232437529467234,34.50438211103997,1046.041687588103,164.0337934316992,0.5508197870425791,0.4397106165307453,A,grading/data_processed/banana/A/Banana_Good_IMG__9348.JPG,ff1f1f1f1f190000,29
22687.0,1081.386863231659,0.75,0.2437949785535883,0.6577371892440386,57.56056228709413,70.65917319681374,70.92863610883532,56.847110910926254,60.956189901254795,35.57958093713171,133.7013730700645,139.3506626308901,0.6870676695829998,0.5278490784840207,A,grading/data_processed/banana/A/Banana_Good_IMG__9412.JPG,ffff5f0f0f0f0000,55
20926.5,1127.7960240840912,0.927536231884058,0.2067499167700315,0.7465884157762358,36.82807033910163,54.866349904547086,61.9967815663044,59.79905120814696,58.419749055459675,34.327316346070766,1158.5032111252503,203.31003869792852,0.5676405534443255,0.4577081095446117,A,grading/data_processed/banana/A/Banana_Good_IMG__9360.JPG,ffdf0f0f0f0f0800,29
25051.0,1181.9554044008255,0.9142857142857144,0.2253371252318753,0.7717260712855426,113.4273547681369,43.18977754343782,90.35285385006055,42.75408732286837,67.54717349689416,39.406722815070985,291.26482108841077,144.12545499875347,0.565189611412602,0.3622945659987658,A,grading/data_processed/banana/A/Banana_Good_IMG__9406.JPG,ff8f1f1f1f191800,493
39050.0,2059.9595782756805,0.9765625,0.1156414438069588,0.7238988580750407,51.7059927436507,45.96320783826417,108.39276867258852,63.208931652611774,90.32993869635932,65.02258361555045,800.429764251709,218.94728915662657,0.5041942655502797,0.3708152135860212,A,grading/data_processed/banana/A/Banana_Good_IMG__8903.JPG,8f9f0f4343771907,90
36788.0,2240.0083507299423,0.9765625,0.0921333297452431,0.6647452635002665,65.57936402870078,49.11613615283889,94.54041674389048,55.556009473469096,80.23371018560195,51.595685393801176,1472.565718173584,341.26350715361446,0.5084766154272393,0.4026881746368458,A,grading/data_processed/banana/A/Banana_Good_IMG__9176.JPG,0301174f175d63ef,285
5856.0,1026.3473199605942,1.2285714285714286,0.0698589778411874,0.619060204027697,22.884938898587524,16.143989752424808,106.35740358673226,68.07676418888128,90.07094112045706,58.15650901863538,18651.338510590664,1582.0686755952383,0.5353666824645961,0.5155860621850505,A,grading/data_processed/banana/A/Banana_Good__IMG20200730132028.jpg,4000c0e43e9af6f9,394
31848.0,2074.0916122198105,1.0847457627118644,0.0930328141733932,0.6432250116131117,55.26106478511866,46.22681611065074,115.49308164574362,66.97023933438197,73.27160267570787,48.96920070143391,1099.4919966245925,306.7078431372549,0.5443279113723721,0.4489459002609913,A,grading/data_processed/banana/A/Banana_Good_IMG__9189.JPG,00002f9ff5a5cbff,68
36232.0,2051.297672152519,0.95703125,0.1082043691427142,0.6742781639356465,64.58385628484473,48.86459437752714,92.073069568262,53.245420590116,78.65059656871986,50.330628196956646,1436.4092888539992,325.320360527664,0.509528939362233,0.4017541945466734,A,grading/data_processed/banana/A/Banana_Good_IMG__9174.JPG,0301174f335563ff,285
16747.5,2524.608413338661,0.512,0.0330195994080486,0.5778985507246377,59.1443073471677,29.26981996923949,103.2864273696018,76.51168343050472,93.21783510936623,60.62333989305451,14548.290111234375,1873.6938897637797,0.4407422021329115,0.4185578297312256,A,grading/data_processed/banana/A/Banana_Good__IMG20200730132758.jpg,0ce0f0c2a092e0ff,395
39164.0,2107.557559132576,0.9765625,0.1107995552460618,0.7309853108610038,51.673317205775994,47.168830973534504,108.34623537920542,64.93336911770197,90.53831957503056,64.98960598242932,828.6119338271484,233.1441547439759,0.5027891813044596,0.3690890595133552,A,grading/data_processed/banana/A/Banana_Good_IMG__8901.JPG,cf9f0f4343773907,90
22556.0,1031.9554042816162,0.9896907216494846,0.2661644754550781,0.7649602360402218,60.953836800277934,72.66256557324223,79.53163677422157,65.27708568559379,60.569809354236334,35.39261242742646,293.6813513262445,160.32414853996872,0.5604026281503836,0.3808483383595463,A,grading/data_processed/banana/A/Banana_Good_IMG__9389.JPG,ff0f0f0f0f070040,455
22896.5,1310.5899612903595,0.8609865470852018,0.1675117556002535,0.6717076891483557,63.83775497168164,71.46382634429816,69.02452838223395,64.51630368913632,63.00549333560448,37.551329994234514,1114.1787343778062,225.67022750217168,0.5575093492908887,0.4480989468820316,A,grading/data_processed/banana/A/Banana_Good_IMG__9376.JPG,ffcf0f1b73030000,48
23567.5,1357.394003391266,0.8847926267281107,0.160735397010929,0.7281448411165866,116.97759312084006,44.967143348908905,84.66286328496425,40.74941631905731,63.9457191285295,37.39249931319265,366.175483732687,168.82850387241538,0.5826358611744676,0.4171257695832041,A,grading/data_processed/banana/A/Banana_Good_IMG__9404.JPG,ff1f1f1b1b181800,75
30589.5,1892.8885114192965,1.2340425531914894,0.1072833118055186,0.7753894120480095,79.10661320094202,47.973087488912874,84.16539367322258,40.84830279106284,63.12411686079817,37.77648501981049,888.9417341187998,234.3833701759234,0.4734655177768579,0.2734595311869298,A,grading/data_processed/banana/A/Banana_Good_IMG__8732.JPG,ffee80a080819eb8,28
21920.0,1000.0142792463304,0.9696969696969696,0.2754469774601061,0.733380173307906,125.11403038427169,53.46286367587567,62.484584450402146,55.930769827331325,60.03623771224307,35.398262385985234,518.5154208333234,156.03315881326355,0.5345436689949208,0.4110684824694829,A,grading/data_processed/banana/A/Banana_Good_IMG__9438.JPG,ff3f1f1f0f070000,29
32951.0,1634.337213754654,1.2116402116402116,0.1550226383066298,0.8432325920618267,77.2568085295952,47.320938848476,81.49229307118885,40.12604422719848,69.09987823349469,43.448005440121,775.7081110493374,230.6527429685324,0.4351501353261026,0.2164712022166169,A,grading/data_processed/banana/A/Banana_Good_IMG__8726.JPG,ffee80a080809eb8,28
32486.0,1199.6610276699066,0.640625,0.2836540592300969,0.8831437154236159,23.028773927792585,15.565984541641964,117.55100557305548,75.65623414685697,74.90640901381148,54.77847727609477,797.9711709189883,359.1799990414111,0.3317928947637285,0.2042674050404324,A,grading/data_processed/banana/A/Banana_Good_IMG__8861.JPG,e3c383a3ab8b83c3,200
38290.5,1571.0163662433624,1.0,0.1949572915196469,0.7761561616345891,24.637599035922157,29.08035470357203,107.0315632932489,66.43224597427388,86.23107099817953,61.7439562644007,1204.0562684200704,207.91377144607844,0.5326366086693436,0.4029602204976388,A,grading/data_processed/banana/A/Banana_Good_IMG__8875.JPG,7f7f3f2331310300,98
35200.0,1355.5777704715729,1.0,0.2407152753406931,0.8211348924010031,29.83830797152031,20.121670006194744,106.43621387686724,78.45320429410444,79.72665084461818,57.7385969607575,1350.9427098406013,221.43765318627453,0.5481925741404533,0.4508186302582518,A,grading/data_processed/banana/A/Banana_Good_IMG__8685.JPG,fef8f0f0e4e4c800,47
32916.5,1475.9280543327332,1.0537190082644627,0.1898860843214571,0.7470241810114948,26.950107232217324,15.610825923840853,103.21208149648515,74.02986924990273,68.28887167877994,42.28554520832594,682.6843028419164,240.0372226198998,0.5573246204426282,0.4499743334003819,A,grading/data_processed/banana/A/Banana_Good_IMG__8691.JPG,fff7f3f1e0a00080,376
32391.0,1266.9503529071808,0.796875,0.2535800169094963,0.8485650288828053,26.396723797967542,17.132975033403564,88.83179129379646,70.26816486978522,70.27750644623084,49.05882686100807,788.732613263979,156.64485837438426,0.5107805835692987,0.3672621492948222,A,grading/data_processed/banana/A/Banana_Good_IMG__8646.JPG,3f3f3f0f0b090301,145
32833.0,1143.2102375030518,0.80078125,0.3156953760186994,0.85605152005006,27.018019368572546,19.880739203408268,86.80622432764669,70.64247664632255,70.80616436302581,48.9955241257925,725.885627021676,143.39499080882354,0.508554874458242,0.3635850252990515,A,grading/data_processed/banana/A/Banana_Good_IMG__8652.JPG,7f3f3f070b0d0301,145
31376.0,1369.7199037075045,0.8589211618257261,0.2101570226567221,0.8459080921504927,92.38961120140016,44.22607152757109,72.25371921490186,31.577409269978247,64.20761970246281,38.24460271596399,1722.7534667316204,190.2494460782339,0.5001110480409519,0.3528813047572088,A,grading/data_processed/banana/A/Banana_Good_IMG__8487.JPG,bf0f8f0707070703,509
32551.0,1303.7787783145905,0.80859375,0.2406392047330771,0.84541464301483,94.66593247442898,43.19001576099814,72.30166249283408,31.94293102806205,66.88944875237607,40.008753130714254,2021.2956635656035,193.6259291565534,0.500666076859588,0.3700104583953812,A,grading/data_processed/banana/A/Banana_Good_IMG__8493.JPG,bf8f8f0707070701,248
37284.0,2183.724080681801,0.9375,0.0982509677657069,0.6793236644559435,71.40278758400669,61.60629771858834,78.12381998378703,77.96169512698508,85.30367929708952,59.43544628507317,1609.9414308418168,405.84791775627616,0.474328242494556,0.3700445283857688,A,grading/data_processed/banana/A/Banana_Good_IMG__9029.JPG,01012d1f7b3f2b6f,575
13835.5,1061.8792843818665,0.9,0.1541893670912154,0.7001416932341481,48.54962258876153,35.781380975125415,165.45967291026,82.60103044169834,47.56856304165502,42.40376278565888,2547.7016789923773,307.77233391608394,0.5384377399010932,0.361308260507251,A,grading/data_processed/banana/A/Banana_Good_IMG20200729190239__01.jpg,a0a1b1b3f393c1ff,457
27758.5,1714.3544607162476,1.2352941176470589,0.1186873995865175,0.646651835113508,97.61278788516142,39.433570914326275,80.92813825498651,42.9895083251611,59.84625092018088,36.59857745677411,2407.663112412721,209.6211624091868,0.5624557745131445,0.4409766277747634,A,grading/data_processed/banana/A/Banana_Good_IMG__8479.JPG,fffe031f01030703,14
39777.0,1681.994068980217,1.0893617021276596,0.1766822695212561,0.8128620911626766,54.03726554787759,49.21556270394469,107.61468410661402,65.51704281244932,86.09461994076999,57.446833918194656,784.0361649508668,216.7045807259073,0.511066457636328,0.3227744506542865,A,grading/data_processed/banana/A/Banana_Good_IMG__9001.JPG,01010c7c0d39e7ff,304
31617.5,1463.903669476509,0.7890625,0.1854011366791796,0.843571990768533,94.45537346262276,43.19379299961196,72.166454970724,31.324881479091324,65.07887481024815,38.833592026225624,1985.4386347114496,206.8371618470149,0.503441652790302,0.3702663285663429,A,grading/data_processed/banana/A/Banana_Good_IMG__8492.JPG,bf0f8f0707070701,248
31070.5,1334.6488358974457,0.8471074380165289,0.2191916885118057,0.8386665766920844,92.53264507166762,44.537015737718406,74.16581423249353,30.982386753325493,63.816221506598474,38.25043234341567,2017.078052591711,194.04496840058331,0.497815150624028,0.3557007395490343,A,grading/data_processed/banana/A/Banana_Good_IMG__8486.JPG,bf0f8f0707070703,509
35316.5,2281.824585914612,0.9140625,0.0852359901271487,0.6352288363476118,71.6339885475168,49.28500646309597,101.06442021803768,56.61877318282949,74.4957328488052,46.11769591986505,1367.5163587550269,290.3705907993562,0.5039751608832527,0.3871310693149966,A,grading/data_processed/banana/A/Banana_Good_IMG__9217.JPG,011f331d03211f7f,156
32668.5,1430.1290655136108,1.0666666666666669,0.2007190494288347,0.7555157261794635,27.571733125150132,17.810766841788105,103.91913884218113,73.95129962737322,67.97549843862599,42.37472529071876,689.7255976017316,232.80841503267973,0.5591669901013979,0.4517341442755005,A,grading/data_processed/banana/A/Banana_Good_IMG__8690.JPG,fff3f1f1e0a00080,376
35122.0,1419.7199045419693,1.0,0.2189695672988216,0.8199465384211325,30.054239941845836,20.337791572727426,103.55528839432996,76.93733848463658,79.50392820197389,57.51300382546127,1346.5286406241355,223.7598958333334,0.5478711464111636,0.4514622651000304,A,grading/data_processed/banana/A/Banana_Good_IMG__8684.JPG,fef8f8f0e4e4c800,47
37949.5,1568.1879394054413,1.0,0.193918705489791,0.7805327025915261,24.01652913939833,26.803686921375412,106.44610569337024,65.9303064571381,85.5516438604206,61.436124248352115,1183.1263210019097,206.48440563725495,0.5409023208354109,0.4090681204915212,A,grading/data_processed/banana/A/Banana_Good_IMG__8874.JPG,7f3f3f0731310300,98
32853.5,1153.2762525081637,0.63671875,0.310402212710674,0.8839308535683057,23.32029493750562,15.388530200833568,121.15804933609088,74.81786006250054,75.71588286425082,55.21043003907266,805.3641246321995,350.2150607638889,0.3178186508385049,0.1915185134572586,A,grading/data_processed/banana/A/Banana_Good_IMG__8860.JPG,e3c38323ab8b83c3,200
32977.5,1609.1240116357803,1.216931216931217,0.1600473774019644,0.8388339883246213,76.89013892187128,47.317183218334286,81.1540904773213,39.55055889000125,69.09721562574211,43.65371571350656,856.9610032091281,228.10676740371065,0.4350958407516971,0.2211189413272471,A,grading/data_processed/banana/A/Banana_Good_IMG__8727.JPG,fffe80a080809eb8,28
22015.5,1151.8548992872238,0.9365853658536586,0.2085176729475109,0.7425502133328836,124.1536039033045,47.599024289528046,70.55324905744068,54.49241507910168,60.13719228210246,35.09840594656478,490.0155741088876,167.49710126420635,0.548733454161836,0.4248082076118152,A,grading/data_processed/banana/A/Banana_Good_IMG__9439.JPG,ff1f1f1f0f0f0800,29
32971.5,1618.295584321022,1.2486486486486486,0.1582096140583548,0.8487309514003295,77.14067741265177,47.55187942624432,81.20916080387093,39.83247053371039,68.95909401252709,43.32456450032424,746.281878397933,229.316357226792,0.4264570237489666,0.2073633687392295,A,grading/data_processed/banana/A/Banana_Good_IMG__8733.JPG,fffe80a080809eb8,28
22169.0,931.0437172651292,0.9186602870813396,0.32137776029198,0.7758723270220138,72.35438332522016,79.31913546594409,72.61875470195159,58.4004009533782,59.400539894676285,34.43835952638801,354.9299342426951,117.70237230391544,0.5893654958619102,0.4359409698190548,A,grading/data_processed/banana/A/Banana_Good_IMG__9405.JPG,ff1f1f0f0f1f0000,29
21344.5,983.428493142128,0.9948186528497408,0.2773385723995755,0.8028171662842742,38.306386492934486,58.01640212662126,63.45893741971004,58.916921395860555,59.124885300055055,34.69482484324601,994.733997566303,173.6107207769308,0.5375936589630422,0.412057345503334,A,grading/data_processed/banana/A/Banana_Good_IMG__9363.JPG,ff1f1f0f0f0f0000,12
24942.0,951.1269773244858,0.8240343347639485,0.3464688056449089,0.7760906092476196,52.692704843731526,67.91042221297839,76.5951602096717,62.46327056514949,67.30741339218855,39.672262252231874,881.5378276906124,165.79093544255443,0.5457763843142621,0.4328982352697569,A,grading/data_processed/banana/A/Banana_Good_IMG__9377.JPG,ffff8f0f07030000,52
23189.5,1407.6193981170654,0.7710843373493976,0.1470722587713579,0.6439381317338665,40.28988122717925,58.1071716377794,61.04511688420699,52.958437169719666,62.56927015570571,36.42068384070264,289.6586321085988,199.82285161588769,0.6919073409815754,0.4999089542953286,A,grading/data_processed/banana/A/Banana_Good_IMG__9411.JPG,dfdf1f1f1d1c0c00,106
23030.5,1135.6538878679276,0.9014084507042254,0.224399170242896,0.7451186566802013,57.83294407405835,69.73866847322975,70.95205741220434,63.87601944913211,62.189901906662705,36.56273530878912,280.25235126302186,172.464960794435,0.5960768278069402,0.4223475918889619,A,grading/data_processed/banana/A/Banana_Good_IMG__9388.JPG,ff1f1f1f1f0d0000,29
38869.0,1990.9057565927503,0.96875,0.1232286886262245,0.7281566129636567,52.118187077139766,49.47752057096428,109.66005181216832,68.59611453102274,90.82786287381474,65.77403740777,808.3608846158315,207.74680541497975,0.5049296247961003,0.369643609891592,A,grading/data_processed/banana/A/Banana_Good_IMG__8900.JPG,8f1f0f4347773903,90
36641.0,2159.8662160634995,0.96875,0.098701437773298,0.6690342724633447,65.04052256279267,49.12747244086778,92.35680076628353,53.369135916947585,79.73262558535546,51.0877258248178,1463.85591678019,340.1489277580972,0.506625443983474,0.4013153583624732,A,grading/data_processed/banana/A/Banana_Good_IMG__9175.JPG,0301174f375563ef,285
34048.0,1854.2438498735428,0.96875,0.1244422273649114,0.7470516603951598,38.94399816387423,44.638264634996965,113.74641381684646,66.56515691912695,69.24406128069772,40.48699229317192,558.5351190160143,240.3311930668017,0.5676194533827,0.4469768326742436,A,grading/data_processed/banana/A/Banana_Good_IMG__8595.JPG,7f3f0f4321190703,117
42607.5,1252.7320957183838,0.9959016393442623,0.3411768128098943,0.893566822209406,30.034682482681927,14.754572332980104,122.97196673076478,66.28267007127126,97.5561244584482,68.73132180423983,783.7713636667472,242.5337691369733,0.3880007771583238,0.268343321471365,A,grading/data_processed/banana/A/Banana_Good_IMG__8581.JPG,ef5fcf8bc5410303,340
33077.0,1570.513840675354,1.0429184549356223,0.1685203843823445,0.7239122822375909,27.782119597394907,27.081759202002186,73.34813499111901,74.05106568820915,68.04544108940202,40.22235608696654,1544.355447705914,279.5980385202001,0.5058090849469236,0.400135418198017,A,grading/data_processed/banana/A/Banana_Good_IMG__8542.JPG,ff3f0f331d070101,144
31379.0,1803.9595795869827,1.0925925925925926,0.1211700699515193,0.7086334996951288,23.3109183610023,17.114677620686543,114.95824783933344,81.33185385197848,64.18762046881801,38.13019691313838,648.4700640422986,253.87214342001576,0.5064739653255151,0.3644033457233918,A,grading/data_processed/banana/A/Banana_Good_IMG__9112.JPG,f90301073f1b07ff,207
32865.0,1720.3372156620026,0.9790794979079498,0.1395456592600529,0.7420159624307147,23.529380278339477,17.849332395154825,112.53425716664684,80.82618238984752,66.63188414416558,39.11380950994545,630.9544230691889,217.94977283746655,0.5352126402840663,0.3961506239546035,A,grading/data_processed/banana/A/Banana_Good_IMG__9106.JPG,210101073d037fff,391
31676.5,1382.6488354206083,1.0448979591836736,0.20822039650966,0.7230426843186487,19.311540366518077,11.325187165935546,44.2780770183259,58.42841019738513,67.04751733531451,41.18913029652684,2429.2456763618084,177.79495798319323,0.5930274148251734,0.4858436577920965,A,grading/data_processed/banana/A/Banana_Good_IMG__0122.JPG,fefefefec0800000,303
42650.5,1240.4478281736374,1.024,0.3483188555410973,0.9358207809020196,23.796245717989073,13.123357446611651,131.37096102212757,72.74657261755765,95.66410517544672,65.21684920336563,1204.0363114990234,230.44738823529417,0.4386637963197163,0.3234520779350354,A,grading/data_processed/banana/A/Banana_Good_IMG__8797.JPG,3f1f076371240103,83
27283.5,1278.5655755996704,1.062240663900415,0.2097316297526757,0.6297766749379653,28.787159979903823,28.572679244435136,56.74291250986866,80.30902290363333,57.31346443694825,35.53361201749013,3812.0270761415086,183.06217557562445,0.6204393047090984,0.5464565422647613,A,grading/data_processed/banana/A/Banana_Good_IMG__8783.JPG,fffcfcf8f8f81000,132
29037.5,1918.8052508831024,0.8235294117647058,0.0991076755283329,0.6052190043456965,98.52462361993976,41.148775911523465,87.53425894948143,53.64951418225208,61.037571094011376,36.052336778751375,1738.9778482579088,285.81925133689833,0.5216818921739077,0.4352070066097857,A,grading/data_processed/banana/A/Banana_Good_IMG__8973.JPG,030b0f0b1b1b7dff,141
28451.5,1815.0062609910965,0.8299595141700404,0.1085322425987134,0.6189347052873163,97.88484019825673,41.99774677430331,86.448367800376,53.53444584056715,59.85301657836267,35.49585467204453,1691.9120469158895,282.0849210129397,0.5082184037004652,0.4155454742194062,A,grading/data_processed/banana/A/Banana_Good_IMG__8967.JPG,03030b0b1b1b7dff,141
34834.5,1720.9473885297775,1.0130434782608695,0.1478033433493565,0.8236664144519058,75.55488113302984,50.2472164458443,85.43275445399877,45.49052531674398,74.20058449952228,48.21237145024653,1433.836131729854,255.30273613193404,0.4614375034957066,0.3290295313233718,A,grading/data_processed/banana/A/Banana_Good_IMG__8754.JPG,ffe5c8d0830386e0,210
35255.0,2509.7240775823593,1.0,0.0703361558406368,0.6040383445699943,22.491958762886597,18.56730851921819,91.5237113402062,76.73955154355373,72.15353951890035,41.83065630682171,1685.301821233472,463.7232077205882,0.5260580029245152,0.4354063490791283,A,grading/data_processed/banana/A/Banana_Good_IMG__8998.JPG,00061f1f1d3d2f6f,113
33829.5,1201.796025514603,1.1689497716894977,0.2943363609593284,0.7515161612795734,79.09817039471771,50.20381325131592,74.33782250792635,58.292279874267315,79.1548619796969,58.70957456577408,1889.62337746078,219.45443638642675,0.5106465853139736,0.3856621051167728,A,grading/data_processed/banana/A/Banana_Good_IMG__8740.JPG,fffefcf800fc0000,33
21588.5,982.4579311609268,0.9458128078817734,0.2810634715128872,0.7832988643372882,32.813855367026584,52.42639996709101,65.97622720261319,59.05314249594774,60.39973686598312,35.5970839703417,1294.7765065061878,135.96017847471177,0.5588876146171317,0.4353049917408048,A,grading/data_processed/banana/A/Banana_Good_IMG__9338.JPG,ffff7f0f03030000,546
26889.0,1003.8721446990968,1.9692307692307691,0.3352954869105448,0.8595678025701682,76.90443461411911,72.83200792225146,71.19138668518993,69.61188714344011,54.85895514203195,32.611056438653456,771.6241346153846,132.4577978883861,0.385646381328329,0.1796502143053682,A,grading/data_processed/banana/A/Banana_Good_IMG__8768.JPG,ffffff8f00000000,123
43508.0,1780.9991219043732,1.0,0.1723659880470516,0.7349324324324324,59.83628568204897,46.66051138662962,96.5946293580052,52.93050798815245,95.42249802549928,62.511857220185256,1795.9874791763723,326.7463388480392,0.4257104338004677,0.3183307088222215,A,grading/data_processed/banana/A/Banana_Good_IMG__9304.JPG,193160110b0b6f7f,109
31849.5,1451.2661467790604,0.796875,0.1900283307213442,0.8031951782314297,64.64835740016626,54.81490112704672,94.18359555405031,64.56421860311889,66.17432802734075,41.62701561087465,435.92556838813266,217.7267741687193,0.5205566807646476,0.3711762817446682,A,grading/data_processed/banana/A/Banana_Good_IMG__8807.JPG,e787938303078387,186
33032.0,1888.3960902690887,1.0,0.1164014924515897,0.6822749382932799,81.17689765080864,48.541702542374445,94.12185692362176,73.76632550374732,68.83945224884901,39.75369384852878,886.058413045248,245.4288449754902,0.5933223045440722,0.4772733497154949,A,grading/data_processed/banana/A/Banana_Good_IMG__8813.JPG,ff1f1f1f1f0b0903,29
36792.5,942.9432125091552,0.8515625,0.5199937037945663,0.8843394344361788,71.60607118871727,54.04018787332778,89.52676964405642,48.59465974414829,79.04330423102753,52.0261246029081,377.90888455206874,106.08640552995392,0.5089477986027423,0.333558375002839,A,grading/data_processed/banana/A/Banana_Good_IMG__8620.JPG,1f1f4f63311b0303,16
34305.5,1888.2123255729675,0.9765625,0.1209127116785667,0.6685798366821929,28.739697977988225,19.16788458725908,91.13690526974376,72.16291857157867,76.83189716463328,53.697494417826846,1215.405480433594,206.75379643574297,0.5688609401201089,0.4481041130198077,A,grading/data_processed/banana/A/Banana_Good_IMG__8634.JPG,7f3f3f311b231101,84
37520.5,1537.3838967084885,1.0,0.1994866446985279,0.7783932368653078,64.5568410857786,52.5906402779964,77.84370337408058,75.27882221844412,88.15778865534121,66.06879795041313,1536.9252499192953,226.6617800245098,0.5438389393834099,0.4150934821285222,A,grading/data_processed/banana/A/Banana_Good_IMG__9072.JPG,0f04007c013f7f7f,69
37154.0,1500.714850783348,1.0,0.207309440853242,0.7664727482774271,58.31500330469267,53.623112016956625,79.06419035029742,77.48694044213708,88.61110376734963,67.43422407041822,1463.1783749153838,217.3009803921569,0.5481410391680516,0.4204859954667558,A,grading/data_processed/banana/A/Banana_Good_IMG__9073.JPG,0f04007e093f7f7f,69
27712.5,2763.7556030750275,0.75,0.0455917537269919,0.6146518359154071,49.0973830677222,21.48300498761507,113.01023265461332,68.98615866858016,90.56932969198328,54.9844457084197,6578.608062320284,1123.44441263089,0.4339583697868505,0.3983764201068286,A,grading/data_processed/banana/A/Banana_Good__IMG20200730132111.jpg,02185c1c3c380026,51
33634.5,1664.0113147497177,1.048888888888889,0.1526448969160202,0.7360329999781168,52.299793466561944,46.82845770981505,114.69595950781046,62.08907667054102,70.1286906943596,43.60531071113403,453.2784605261011,162.1688888888889,0.5432368153505296,0.347895983143739,A,grading/data_processed/banana/A/Banana_Good_IMG__9098.JPG,c11f03013f0303ff,135
34219.0,1877.1412570476532,0.99609375,0.122034680306839,0.6495202482750766,29.696795164233578,21.28280108510714,90.1212078010949,71.59020412202419,76.87254790145985,53.86567777607988,1218.3016098729963,200.0763410433071,0.5754422564387816,0.4602509447941395,A,grading/data_processed/banana/A/Banana_Good_IMG__8635.JPG,7f3f3f3903230101,502
37016.0,949.5290001630784,0.859375,0.5159206176284887,0.8819843217613,71.9447826551319,54.47721839254113,90.12490654704688,48.472369883053005,79.61136921926733,52.458896009726345,357.1478712551653,108.17041238584474,0.5081072138084861,0.3348088444420661,A,grading/data_processed/banana/A/Banana_Good_IMG__8621.JPG,1f1f4f63311b0703,16
33277.0,1981.8763185739515,1.0,0.1064635476927992,0.6942253932490507,80.11170960187354,49.41680069323366,94.74437939110072,73.39644761344536,69.26762295081967,39.9993498889581,982.3877284741028,251.23636642156868,0.5940761977390603,0.4731138910772747,A,grading/data_processed/banana/A/Banana_Good_IMG__8812.JPG,7f1f1717170b0903,309
32332.5,1280.2712001800537,0.796875,0.2478821178766797,0.8210281738423839,65.89279742178711,55.34535946286297,95.07953543522544,65.68747955905766,67.01216138153295,42.18377379038502,422.90535270539857,200.97381080665028,0.5119894160172999,0.3640420765236354,A,grading/data_processed/banana/A/Banana_Good_IMG__8806.JPG,e787938303078787,186
43700.0,1726.229570031166,1.0,0.1842867866835532,0.7607276525372095,60.582645835674946,46.38797235197217,100.19433516915814,53.68405296149559,95.77221535348994,62.69166862876287,1789.3173337576443,316.14149816176473,0.4245511914557107,0.3157628167410254,A,grading/data_processed/banana/A/Banana_Good_IMG__9305.JPG,193160110b0b6f7f,109
44395.0,1676.2884446382525,1.0,0.1985392705209141,0.7714697806971814,62.46902125775022,46.70778993753665,98.67663861824624,55.47368668864736,98.09506200177148,65.09065336452923,1778.0210011564195,332.95052083333337,0.4151915359330559,0.3057487476020775,A,grading/data_processed/banana/A/Banana_Good_IMG__9311.JPG,193960111b0b2f7f,109
31222.0,1408.489454984665,0.9780701754385964,0.1977713525447572,0.6989869591985224,94.88397790055248,42.26059078323364,92.83111501757912,42.07599727484139,64.8748744349573,39.14433123777974,3612.259318901413,206.1475817923186,0.4776783559191082,0.3702596686881658,A,grading/data_processed/banana/A/Banana_Good_IMG__8769.JPG,ffc6e0f0f0f0e0c0,218
33528.0,1185.1513636112213,1.2549019607843137,0.2999645073193669,0.775841721624436,79.46720878346642,48.49552591432663,79.69017144199155,47.31313211289886,74.36730859558479,49.60163115167333,1977.4647467997108,199.93687043444828,0.4890528308471891,0.3469212033410893,A,grading/data_processed/banana/A/Banana_Good_IMG__8741.JPG,fffffcb880b88080,33
35307.0,2440.954526782036,0.98828125,0.0744648473901224,0.6045977995633375,22.1476454750261,16.829693988206934,89.96980603329854,76.85093390813556,72.32606187153141,41.9740127390455,1705.7473230912458,462.5977492559524,0.5210846441336076,0.428934347580127,A,grading/data_processed/banana/A/Banana_Good_IMG__8999.JPG,0006171f1d3d276f,113
34446.5,1671.8346878290176,1.0347826086956522,0.1548703577044744,0.8010348235567699,74.63227016885554,50.32561523948285,85.9191824435727,45.9158800802182,73.70296776394338,48.351560719584995,1405.65848836777,239.46807925151344,0.4793852311433951,0.350787075617296,A,grading/data_processed/banana/A/Banana_Good_IMG__8755.JPG,ffe1c8d0830386e0,210
28431.5,1906.2610937356949,0.8340080971659919,0.0983206789125452,0.6156802875766041,97.59725353556055,41.07689272962893,91.5281136844982,53.13259968185778,59.96262895402063,35.554014765975765,1717.6418800661045,283.11138540535205,0.5096969074532378,0.4176492717780564,A,grading/data_processed/banana/A/Banana_Good_IMG__8966.JPG,03070f0b1b1b7dff,141
29093.0,1818.7636201381683,0.81640625,0.1105212666809372,0.6108189252459085,98.35663400113717,40.765772768676,89.89183584735275,53.77810544085563,61.251379644804175,36.221943431374086,1762.7406929746023,274.3695725661058,0.5218279183292301,0.4348249591343319,A,grading/data_processed/banana/A/Banana_Good_IMG__8972.JPG,03030b0b1b1b7dff,141
27179.5,1284.9087218046188,1.0578512396694215,0.2068744102197124,0.6264434047064789,27.871245408053017,27.91368415239572,56.84297342073039,80.69876512290234,57.0732550601455,35.41939127203324,3714.767614167258,181.96093015718688,0.6227948020329648,0.5503862681046638,A,grading/data_processed/banana/A/Banana_Good_IMG__8782.JPG,fffcfcfcf8f81000,132
42386.5,1152.2224298715591,1.0281124497991967,0.4012035530232631,0.931376965249014,23.86171774851416,14.43873496101196,132.9444353804918,71.8383399136597,94.76366390863537,64.53905001513998,1197.9660720213622,212.5551933223088,0.4415047198110207,0.3260103357445354,A,grading/data_processed/banana/A/Banana_Good_IMG__8796.JPG,3f1f076371240101,83
31636.0,1747.6753084659576,1.101382488479263,0.1301577192741325,0.7163381525467863,23.37683261829069,18.104247177787588,114.220778419087,80.82121250101459,64.66301429056452,38.291470308094105,631.6853974257759,244.15683692831976,0.5142782766902979,0.370654682381258,A,grading/data_processed/banana/A/Banana_Good_IMG__9107.JPG,710301073f1b07ff,207
30464.5,1495.4427733421326,1.391304347826087,0.1711844539731962,0.7419327342246901,20.056438919405096,14.738960652847526,43.4004368635765,56.14860608176312,63.974366387202465,38.19690415069542,2202.006264554981,301.2659633418585,0.4617820669684253,0.3377707688071519,A,grading/data_processed/banana/A/Banana_Good_IMG__0123.JPG,fffffe0000808000,540
31342.0,1751.817442893982,1.0976744186046512,0.1283390669845074,0.71125937524821,23.44317084566267,17.91806314656891,116.18237034729792,81.20788668813421,64.0396822924778,38.01141208679632,620.6451931714139,242.62470064324597,0.5068644203531334,0.3627404673509326,A,grading/data_processed/banana/A/Banana_Good_IMG__9113.JPG,f10301073f1b07ff,207
33630.5,1568.8986160755155,1.0649350649350648,0.1716933317941991,0.7388314641299691,28.670142732304107,28.96880545305261,72.57427905621905,73.37392691838573,69.20573842120594,40.91102786863274,1606.7520421047595,303.62606237300116,0.4972115199029897,0.3921427110255931,A,grading/data_processed/banana/A/Banana_Good_IMG__8543.JPG,ff3f0f330d070101,144
32521.5,1426.0701899528503,0.7773279352226721,0.2009549133796112,0.8366950526126219,73.85420814479637,48.7490815593451,83.13511312217194,40.87342999907441,69.81085972850678,46.058051143400135,989.5483877402756,221.84498802382515,0.4228761539316903,0.2940532470473386,A,grading/data_processed/banana/A/Banana_Good_IMG__8557.JPG,df83cbcbcb890103,227
32745.5,1227.300637960434,0.6953125,0.2731867114583923,0.8833899859717277,27.94396033653846,15.706365539180082,123.55931490384616,74.09468363384666,77.90501802884616,57.50156633579148,691.7868265253835,345.3334878177966,0.364925549961838,0.259147144225927,A,grading/data_processed/banana/A/Banana_Good_IMG__8580.JPG,e7838331311191d1,74
43173.0,1259.3178828954697,1.0,0.3420986424326656,0.8849011549852936,29.65272569285649,15.674755324244565,119.90471508277692,67.3236349821848,99.0489801518339,69.56455635772188,828.3434787216534,238.88014235340216,0.3995019069602675,0.2854989814821015,A,grading/data_processed/banana/A/Banana_Good_IMG__8594.JPG,ef57cfcf45610307,193
42863.0,1227.9452992677689,1.0040816326530613,0.3572188651486156,0.8936307724382362,30.27431283551828,15.867436661043527,122.72370573462663,67.31654265781478,97.97440269105822,68.9297065052191,556.133621049451,222.4326364014994,0.3982962363881661,0.2764864952377445,A,grading/data_processed/banana/A/Banana_Good_IMG__8582.JPG,ef57cfcb45610303,193
33648.5,1551.727043747902,1.0603448275862069,0.1756082497945388,0.7406180529571017,27.004484696700544,24.880806343106325,72.81251638079152,73.28818347767852,69.07781239989517,40.747293726648586,1428.7902907567254,288.257512315271,0.5018772140474459,0.3946414080298918,A,grading/data_processed/banana/A/Banana_Good_IMG__8541.JPG,ff3f0f330d070101,144
50121.0,1206.0386654138565,1.1428571428571428,0.4330191752150366,0.9319288981443604,51.72020050520998,43.52924639067394,93.64824755288916,50.081922223690675,108.59377960214714,70.25803016593181,588.2268666050264,196.44338235294117,0.3491224451984462,0.11510087070103,A,grading/data_processed/banana/A/Banana_Good_IMG__9139.JPG,01011e607ffe9dff,171
32494.5,1916.9473872184751,1.0,0.1111218175093978,0.6732169679390895,20.823836372360844,14.572333495924164,44.42034548944338,56.97134155279919,68.82902471209214,41.58256140600559,2759.785363359144,322.3548253676471,0.583034438143352,0.4896761711826152,A,grading/data_processed/banana/A/Banana_Good_IMG__0121.JPG,fcfcfcfc808040c0,467
37670.5,1813.7169398069384,1.051063829787234,0.1439037893433847,0.7762311971976097,54.16558770766711,45.9897519616347,98.45482671658478,53.922278100412576,79.89241608818865,51.158587975230574,650.149259287832,211.52603355820793,0.4862371077125141,0.3320414141975754,A,grading/data_processed/banana/A/Banana_Good_IMG__9105.JPG,0f201d130f0343ff,551
30892.0,1953.4398082494736,1.0921658986175116,0.1017315877445167,0.6917539047192521,23.810195979582833,18.98505986217325,112.49703825067742,80.6666338131838,63.44429390635831,37.80714783760363,658.0537589488903,270.5161680856049,0.5166880981722172,0.3772784207203193,A,grading/data_processed/banana/A/Banana_Good_IMG__9111.JPG,f90301073f1b07ff,207
34005.5,1211.2173771858215,0.68359375,0.291282801539045,0.903104583842354,28.08604765627262,16.04252963431206,123.78103013984192,74.051492779916,79.2229653435247,56.9644813847487,587.1614203957071,333.0378277658047,0.3331516007428176,0.2205129266796462,A,grading/data_processed/banana/A/Banana_Good_IMG__8569.JPG,e7830371511191d1,74
27479.0,1261.0092273950577,1.0448979591836736,0.2171572128922923,0.629422206951841,26.924113348779183,25.508768162271352,56.77843521653894,79.71495975367728,57.727428265906255,35.84743640745116,3690.1218179508137,187.348587434974,0.6243846219604243,0.5509141537652034,A,grading/data_processed/banana/A/Banana_Good_IMG__8780.JPG,fffcfcfcf8f81000,132
42216.5,1169.3940052986145,1.0158730158730158,0.3879451819357895,0.9219488758585296,23.70297585626053,13.525818212452162,131.74716919333707,71.99655639625229,94.3243730114168,64.27884542608217,1219.5931060389266,205.48873327108623,0.4528557155854281,0.3360415808905781,A,grading/data_processed/banana/A/Banana_Good_IMG__8794.JPG,7f1f276771200101,49
28604.0,1716.7392362356186,0.8046875,0.1219629631440429,0.6164256621339138,97.48023560655068,41.46012698004352,89.50393245037623,52.94929917248445,60.19948248272105,35.79020381215201,1753.7787662185724,257.3943597560976,0.5260362563241173,0.4370744414261213,A,grading/data_processed/banana/A/Banana_Good_IMG__8964.JPG,03030b0b1b1b7dff,141
29005.5,1778.9818774461746,0.8125,0.1151720699767849,0.6134380915118381,98.003221152233,41.285545271800494,88.02167567023454,53.4341112127868,61.02338690735832,36.117448835278495,1739.5297687011357,270.1368319746377,0.5212494603283416,0.434454391359613,A,grading/data_processed/banana/A/Banana_Good_IMG__8970.JPG,03030b0b1b1b7dff,141
33612.0,1213.4945086240768,1.147982062780269,0.2868326518693642,0.7480554164580203,79.18821532066856,49.499303105964074,75.71802827620525,56.39826971158618,78.03963352164622,57.17212455501265,1893.869980641451,209.66325507781588,0.5231520374827241,0.4007985972279027,A,grading/data_processed/banana/A/Banana_Good_IMG__8743.JPG,fffefcf800bc8000,33
25142.5,1465.8204089403152,0.75,0.1470472119073051,0.6266668328306871,114.46245932124592,41.95845697282929,81.66569812490314,41.0839269767543,68.67844413451108,40.12121968431324,884.5154699248573,207.51846776832463,0.5834110783131565,0.4700804516373739,A,grading/data_processed/banana/A/Banana_Good_IMG__9449.JPG,f72f0f1f17312000,564
30173.0,1118.2152901887894,1.4143646408839778,0.3032337271332911,0.7242244224422443,34.018048542107834,51.97220365538787,67.10405603518488,59.13690225933041,60.71591464407884,35.19480924336714,1107.652338054677,111.7929801754956,0.5135719579271228,0.3418330061603951,A,grading/data_processed/banana/A/Banana_Good_IMG__8757.JPG,fffffcf000000000,151
44390.0,1694.087434887886,1.0,0.1943673736860616,0.7710144424083997,63.839086822701006,47.13547975739973,96.37769314231306,55.70697079187536,98.270565310777,65.61799412033459,1797.249490483664,341.67078737745106,0.4159891170883589,0.3056748809992198,A,grading/data_processed/banana/A/Banana_Good_IMG__9313.JPG,113960111b0b2f7f,109
40986.5,1564.4722102880478,0.98046875,0.2104335546831164,0.7241175223490336,66.60861117774047,48.80102706368272,88.42856800191892,51.74295654312196,91.6055169105301,61.27874105143064,1463.3284901488942,270.23353125,0.4552326746781948,0.3471404903198866,A,grading/data_processed/banana/A/Banana_Good_IMG__9298.JPG,003023331d1f3f7f,39
32474.0,1321.0579974651337,0.77734375,0.2338308892455878,0.80021684757833,68.71430300096806,55.23426958392937,91.8596321393998,63.361064356883176,66.5565706679574,40.74128517448293,448.61523727872054,190.83108428030303,0.4981407769464218,0.3462007746900679,A,grading/data_processed/banana/A/Banana_Good_IMG__8810.JPG,f7c7938303070103,364
31898.0,1382.1950792074203,0.79296875,0.2098140817875014,0.8158786592150192,65.26183295377608,55.34339059155908,95.43654213085492,65.84579810544405,66.19594386655999,41.70316436948174,429.10188091803593,213.42456296410887,0.5199105039908967,0.3677862892174073,A,grading/data_processed/banana/A/Banana_Good_IMG__8804.JPG,e787939303078787,186
34279.5,1905.0407520532608,1.0,0.1186959229867501,0.651187751108916,28.916261203585147,19.667237820020343,91.1719732536634,72.71237243382602,77.01644615165742,53.95478115310416,1221.5054100619163,202.01896446078428,0.5765849343331234,0.461632040108901,A,grading/data_processed/banana/A/Banana_Good_IMG__8637.JPG,7f3f3f3903230101,502
36578.0,941.872144460678,0.85546875,0.5181385598168906,0.881493173958622,70.6175191159385,53.5620548850038,90.35502958579882,48.898348885372826,78.98192429277782,52.30787901249578,379.9132637235018,104.4728891915138,0.5134879734479811,0.3399754885111004,A,grading/data_processed/banana/A/Banana_Good_IMG__8623.JPG,1f1f4f63311b0303,16
37542.5,1246.8498466014862,0.9453125,0.3034622971895617,0.7896369678613495,69.32350085290645,47.93697126039266,92.57816559506628,52.0187826125292,80.09828106547697,50.48594949724646,1835.757012453946,151.1046583246888,0.5133318379935431,0.3824926003994978,A,grading/data_processed/banana/A/Banana_Good_IMG__9059.JPG,03012101275f3f7f,573
37371.5,1481.7859191894531,1.0,0.2138845757607226,0.7730328479232169,62.86427219183845,55.73954343254851,79.90142511569205,77.19377008921025,88.67903344551956,67.27139512179019,1428.406111430144,214.71465992647063,0.5460214643419548,0.4177575846651795,A,grading/data_processed/banana/A/Banana_Good_IMG__9071.JPG,0f04007e013f7f7f,69
37242.0,1470.371704697609,1.0,0.2164654488930223,0.7775110127560074,56.249835079293874,53.43353724128346,80.0520357811964,77.16887325694904,88.59244795102515,67.37721783780492,1492.6181233813986,221.14140625000005,0.5479476981524892,0.4197648501067083,A,grading/data_processed/banana/A/Banana_Good_IMG__9070.JPG,0f00003e013f7f7f,69
36798.5,1222.222430229187,0.94140625,0.3095561815211771,0.7857051350485748,68.46768579995717,47.5355017752059,93.84332833583208,51.897840227075704,78.49957164275006,49.52876729444506,2110.099026452793,145.43846028645837,0.5210686011107628,0.392587757403627,A,grading/data_processed/banana/A/Banana_Good_IMG__9058.JPG,03012101275f3f7f,573
33066.0,2992.733306288719,0.75,0.0463933241559772,0.7636225073034422,42.06115442802281,23.379611488859755,118.31313278249738,64.71870057859212,121.2967240777377,77.39843705545456,7560.698937250508,1286.014029777487,0.3394858427749922,0.2851114291845311,A,grading/data_processed/banana/A/Banana_Good__IMG20200730132112.jpg,02b83c9c1cdc4042,335
36901.0,957.5289987325668,0.859375,0.5057595925897465,0.8805450163457179,70.98055756407166,53.53023773901521,91.2350231648858,49.572427849242935,79.62194370798854,52.84036551768204,367.8683085515676,107.19297588470322,0.511531400009945,0.3377811493281861,A,grading/data_processed/banana/A/Banana_Good_IMG__8622.JPG,1f1f4f63311b0703,16
34217.0,1856.8569868803024,1.0,0.1247081628848872,0.6506308173529439,29.450747205110655,20.423164843618423,90.73151950718686,72.16769622333558,76.8430869267625,53.86985722941764,1188.582261318108,198.3073529411765,0.5796195449055707,0.4628119032848137,A,grading/data_processed/banana/A/Banana_Good_IMG__8636.JPG,7f3f3f3903230101,502
31408.5,1474.520980477333,0.80078125,0.181532817093314,0.8016871713716882,64.66607371344756,55.47407107395988,95.7842586524358,67.22702308615351,65.41541054208408,41.503051028943304,416.9747636962746,218.05834482230392,0.5266417202360028,0.3817719146293936,A,grading/data_processed/banana/A/Banana_Good_IMG__8805.JPG,e7c7938303878787,186
33606.5,1783.7270430326462,1.0,0.1327322190832627,0.7044427908146689,79.45758870194403,50.12046260872693,95.13218841716792,73.49118940645626,69.82457210937727,40.35702619494469,1149.52064981102,218.56351102941173,0.5893147542797236,0.4697430830316501,A,grading/data_processed/banana/A/Banana_Good_IMG__8811.JPG,7f1f171717030b03,309
41107.0,1571.5432790517807,0.98046875,0.209157265726217,0.7262143469158813,66.66668261067132,48.54095755828498,88.66273646951905,51.48566898812217,91.82469566881112,61.23236759820835,1419.654681793158,269.4501406249999,0.4547521081896246,0.3454702264568743,A,grading/data_processed/banana/A/Banana_Good_IMG__9299.JPG,003023331d1f3f7f,39
44280.5,1701.8447941541672,1.0,0.1921243800574299,0.7721098517872711,63.94455788352273,47.34901418040519,98.16645951704544,56.0267804113391,98.0060369318182,65.42169915752827,1922.4190974140072,343.85254289215686,0.4161048801929399,0.3071147000720161,A,grading/data_processed/banana/A/Banana_Good_IMG__9312.JPG,193960111b0b2f7f,109
44435.5,1668.388951063156,1.0,0.2006066498541285,0.7648501643802605,61.7170892517368,46.42650111475093,98.62389928757908,55.76417613142537,98.15952033275808,65.03157062929021,1651.830357393017,323.03936887254906,0.4148306793496416,0.3051968991215522,A,grading/data_processed/banana/A/Banana_Good_IMG__9306.JPG,193960111b0b2f7f,109
28353.0,1084.55843603611,1.299492385786802,0.3029025771124933,0.669026298092238,30.6021345160955,47.07747922844009,67.87542880903705,59.14901245764008,57.17391455005371,33.23817371530527,1433.5232181070871,78.26358116850801,0.5948573739539169,0.4323558907745953,A,grading/data_processed/banana/A/Banana_Good_IMG__8756.JPG,fffffefcf0000000,435
23242.5,1456.8742320537567,0.7559055118110236,0.1376095516208579,0.6120232248890761,48.43648004017073,61.266277041410305,65.53343376014729,60.73467890168955,63.8381036069964,37.5993323420873,1405.0918838402483,239.16364348435513,0.5948728098515954,0.5043026711994985,A,grading/data_processed/banana/A/Banana_Good_IMG__9448.JPG,ff9f1f1f37312000,2
33870.5,1170.2813048362732,1.158371040723982,0.3107784793163688,0.755919833954516,79.48705054791733,48.81171562519504,77.63971165305351,52.29102544611769,76.85480917361858,54.14632046909483,1960.966786186568,200.6726288705528,0.5185858587954731,0.3913128763060088,A,grading/data_processed/banana/A/Banana_Good_IMG__8742.JPG,fffefcf800bc8080,33
28951.0,1803.6509244441984,0.8228346456692913,0.1118326087511659,0.6091420756404187,98.8314512334476,41.9837612397513,81.11867311958056,54.3915268402625,60.80691671708006,35.97846038068456,1766.7439312398371,280.2841081162931,0.5188908286919288,0.4327579017164903,A,grading/data_processed/banana/A/Banana_Good_IMG__8971.JPG,030b0b0b1b1b7dff,141
28547.5,1698.4965952634811,0.8408163265306122,0.1243508002184989,0.6300416018362189,97.04425714870676,41.59144967687582,92.38753156350236,52.401197942030194,60.19255442571487,35.7174625757836,1691.511705779424,260.0704828272772,0.5077169188102575,0.4141858551551127,A,grading/data_processed/banana/A/Banana_Good_IMG__8965.JPG,03030b0b1b1b7dff,141
42516.0,1141.4945085048676,1.0281124497991967,0.4100290333460628,0.9342635829258912,23.921475215542284,14.167756694570604,133.0874950616997,71.43571653601386,94.75027305895748,64.32197527170258,1183.9184974080615,209.9324828726671,0.4407662925208235,0.3241056884307173,A,grading/data_processed/banana/A/Banana_Good_IMG__8795.JPG,3f1f076371240101,83
27194.5,1324.2224307060242,1.0491803278688523,0.1948808037971802,0.6235268491768698,27.53865246951329,26.300285800724584,57.270657217885535,80.36656405032845,57.20338861110112,35.45740339749067,3713.612097547696,186.08259402121507,0.6240437379745875,0.5531223170057376,A,grading/data_processed/banana/A/Banana_Good_IMG__8781.JPG,fffcfcfcf8f81000,132
30656.0,1926.469245553017,1.0825688073394495,0.1038009171710991,0.685770529942062,24.30783398431298,20.764865376335045,113.23419389666888,80.29381159526766,62.99698326505986,37.63886579240722,675.6247465862574,264.57966035526056,0.5225962288251266,0.3828020828347599,A,grading/data_processed/banana/A/Banana_Good_IMG__9110.JPG,f90301073f1b07ff,207
33978.5,1192.7909715175629,0.68359375,0.3001133954423788,0.9055138044984544,27.73809730794865,14.848955948301985,123.8481265756759,73.98230352448773,79.10168361876612,56.824463249902934,645.1211195546676,330.72207255747134,0.3378595516208248,0.2214291658279957,A,grading/data_processed/banana/A/Banana_Good_IMG__8568.JPG,e7830371511191d1,74
31699.0,1765.3077775239944,1.0,0.1278246336387533,0.6808935667490066,21.482698109722307,16.899709218643153,43.73803952958561,59.87650765968342,68.27790776430022,42.52570414226177,2963.9940655371174,417.1500153186275,0.5740746382480366,0.5008366773234794,A,grading/data_processed/banana/A/Banana_Good_IMG__0120.JPG,fcfcfcf8e08080e0,500
37968.5,1774.9473880529404,1.025,0.1514475789666213,0.7706445294660889,53.857640591529666,45.63248806389206,98.29310656308876,53.83516080020521,80.62391927116938,51.76665338671353,700.4033835392935,211.34362244897952,0.4885833271554243,0.338700082997685,A,grading/data_processed/banana/A/Banana_Good_IMG__9104.JPG,0f201d130f0343ff,551
32950.5,1404.1290652751925,0.7741935483870968,0.2100186268109976,0.8442135738259332,74.40419384624549,48.83364578056206,82.38456497780955,40.20920994238228,70.75218181276621,46.739142147795526,819.7587323986543,222.9255615605472,0.4168973058993677,0.2879557374437569,A,grading/data_processed/banana/A/Banana_Good_IMG__8554.JPG,df83cbcbcb0b0303,227
26144.5,1745.2661501169205,1.0081632653061223,0.107861603808113,0.4860204859368319,31.19393781806025,36.68587723226681,43.48423164072657,63.90588117797814,57.40243675940715,36.49786673012036,4221.733299533462,293.4170399867264,0.6160966608501873,0.5510203141119324,A,grading/data_processed/banana/A/Banana_Good_IMG__8540.JPG,77470f1f1f1f1f01,40
48590.0,1361.9209138154984,1.0,0.3291948141304925,0.8563397160808227,53.68263935458961,44.666727201633144,89.59997154991973,48.9437434298838,104.70858989209292,67.67593495882255,676.1896529810037,182.52872242647055,0.4421835372069675,0.2473579505024863,A,grading/data_processed/banana/A/Banana_Good_IMG__9138.JPG,01000c313e1dffff,211
25412.5,1547.8447951078415,1.21875,0.133291493275201,0.690819877127168,73.2097966374325,33.225272906032025,200.70950940216767,36.42191012405298,70.14679636934625,41.57462725695063,467.3638264064383,188.89961105150215,0.6590491125309835,0.4120417108412661,A,grading/data_processed/banana/A/Banana_Good__IMG20200729190229.jpg,ffff3f3b2b010101,288
42614.5,1318.4722106456757,1.037344398340249,0.3080528988446959,0.8797196589665779,30.368260215302698,16.357208228175562,125.52043060539414,71.95735169862301,97.92374117374696,69.29923185152543,730.923350767652,236.10726724324684,0.3985636040641258,0.2791817248955248,A,grading/data_processed/banana/A/Banana_Good_IMG__8583.JPG,ef5f4f4745610303,193
15698.5,900.1391702890396,1.0457516339869282,0.2434718186367833,0.7401112630239027,45.445086346129955,36.578308663733225,176.98279289352715,75.99438788024126,46.01136787178532,33.536110380392344,4041.7830568304394,251.53409791589596,0.5051084763824203,0.3289100499305703,A,grading/data_processed/banana/A/Banana_Good__IMG20200729190239.jpg,a18181a3a3c3c3fb,315
42697.5,1219.7615337371826,1.0,0.3606304920860333,0.8834849002141594,29.592335622933,14.838812717580335,120.97967113022963,67.03856106900875,98.04993177455538,69.20966937004869,818.0608789281017,234.4447808631649,0.3943088722916345,0.2769379483946478,A,grading/data_processed/banana/A/Banana_Good_IMG__8587.JPG,ef5fcfcb45610303,193
42708.5,1340.1290646791458,1.0,0.2988346343816198,0.873072008994736,29.945218134368,16.958849570437618,121.19942723850436,68.16173927762378,98.12917157440124,69.25241384312456,772.9007794809986,248.58408826945413,0.3967328068403704,0.2807876318150293,A,grading/data_processed/banana/A/Banana_Good_IMG__8593.JPG,ef57cfcb45610303,193
32715.0,1198.5727161169052,0.6953125,0.2861725767299189,0.8852538864309778,28.02250503956434,15.390410458083997,124.82766194301531,75.37572780023535,77.67879170803623,57.39425820530132,621.1406442362647,335.10237906073445,0.3679513085016071,0.2603412552665252,A,grading/data_processed/banana/A/Banana_Good_IMG__8578.JPG,e7830331311191c1,74
31061.5,1257.678273677826,1.5238095238095235,0.2467704604412418,0.7736363636363637,19.120427455815864,14.656991998899612,42.75889215593285,52.93440466324481,64.69063201492301,38.13231117395061,2035.449540877829,276.1406862745098,0.4001398536131168,0.2643008844212939,A,grading/data_processed/banana/A/Banana_Good_IMG__0124.JPG,ffffff0480800000,540
31392.0,1772.8468812704086,1.0825688073394495,0.1255123307069063,0.7087110137827496,23.087136284506343,16.924140579383028,113.2549117135041,80.37643686403071,64.17302909723949,38.09787300012925,652.2475996188326,242.55807144251415,0.5132068830689054,0.3710807362361625,A,grading/data_processed/banana/A/Banana_Good_IMG__9114.JPG,f10301073f1b07ff,207
33687.5,1611.526032447815,1.0649350649350648,0.1630061520950935,0.7386961670028945,29.15707019328586,28.86727979621936,72.37387007702368,73.4265814683569,69.276791164075,40.9519109013758,1591.4484241260311,304.80519480519484,0.4964557367094347,0.3901021621731338,A,grading/data_processed/banana/A/Banana_Good_IMG__8544.JPG,ff3f0f330d070101,144
28277.5,1636.9230009317398,1.2307692307692308,0.1326155261761947,0.6657367188143754,25.28807889927239,20.46356067222712,94.88840994517052,77.60372218949861,59.31845925721576,36.475769241256494,1128.331591989867,220.82352941176472,0.5602909506395025,0.4523593629999438,A,grading/data_processed/banana/A/Banana_Good_IMG__9128.JPG,07070301315f7fff,107
28274.0,1767.023507475853,0.8401639344262295,0.1137921919954895,0.6271265387601198,97.07246576285183,41.42516586293367,91.69709586401488,52.939998125398894,59.7238662170532,35.506384767326495,1713.4715112659453,266.07383076181304,0.505150721345707,0.4131610576946448,A,grading/data_processed/banana/A/Banana_Good_IMG__8961.JPG,03070b0b1b1b7dff,141
28622.0,2121.9007045030594,0.7578125,0.0798839860974115,0.658014828438416,31.451273551398707,31.1208864718056,52.88512667861854,71.36809460905414,63.40743496938741,40.36161570751656,3238.584626421511,505.98656088082896,0.4695450040536963,0.395127207531452,A,grading/data_processed/banana/A/Banana_Good_IMG__8785.JPG,ffeee6e6e0a08080,236
33331.0,1744.4793504476547,1.2037914691943128,0.1376342566301042,0.8266207033381281,92.49088083509264,49.884747876716936,61.42344006568145,43.32328059495135,69.35799319727892,41.37985083960891,2126.641092268764,316.1211247026207,0.4991655758335083,0.3593441574009467,A,grading/data_processed/banana/A/Banana_Good_IMG__8791.JPG,fffff0c080803c30,139
28340.5,1591.6437833309174,1.0,0.1405806727954542,0.6028546814009637,97.9208479592539,40.96298073679022,75.25273590749535,49.70672607913546,60.69770803221144,37.36256696930764,3387.1224580965936,167.2090379901961,0.6492879174163857,0.5556725828702176,A,grading/data_processed/banana/A/Banana_Good_IMG__8949.JPG,0001093d7fff3f7f,257
44054.5,1714.6732215881348,1.0,0.1882944024668396,0.7634698369235569,59.2194218931216,46.25527757101272,97.91480060665536,53.77944797417753,96.6446828441431,63.02950778697831,1719.210572711192,326.25615808823534,0.41714651341247,0.3103074271964021,A,grading/data_processed/banana/A/Banana_Good_IMG__9302.JPG,393160110b0b6f7f,109
25495.0,3662.0268030166626,0.75,0.0238903131815476,0.5512790018812032,107.19670556950804,33.4187707644246,73.96495050967647,55.535948111562384,86.599608509381,52.695176864584994,9695.401557693467,1267.0404941099478,0.4558398463520645,0.429500433997919,A,grading/data_processed/banana/A/Banana_Good__IMG20200730132248.jpg,e78000787d30beaa,312
44357.0,1720.2295699119568,1.0,0.1883645673519822,0.7625211658630086,63.77595870533242,47.05323846750906,97.68071955515188,55.883159777289464,98.3827953654268,65.67780074152492,1735.2136683089193,338.8733915441177,0.4169641292256957,0.3056451788030663,A,grading/data_processed/banana/A/Banana_Good_IMG__9316.JPG,113960111b0b2f7f,109
29252.0,1976.410370707512,0.876984126984127,0.0941046709851187,0.6436437647835415,74.65310392931876,50.31348467896284,86.96386222473178,44.42467880536455,60.65293785498389,36.32426789204535,1537.6227753154735,260.38371212121206,0.5533453920107102,0.4507651893087088,A,grading/data_processed/banana/A/Banana_Good_IMG__8752.JPG,fbd3b7b797818080,339
31436.5,1269.3838976621628,0.7890625,0.2451647808968897,0.8182646381300676,63.36432702829451,54.67497993786999,96.67959981241206,64.9375829845811,65.23751758636861,41.25451702788301,430.0307109269216,196.4823538557214,0.5250126927973798,0.374509332318742,A,grading/data_processed/banana/A/Banana_Good_IMG__8801.JPG,c7879393030787c7,186
33466.5,1677.727043390274,0.9835390946502056,0.1494092718710624,0.7609049053600864,22.27407948568089,12.117530818675876,109.67124488603156,72.94186165245434,70.12749853886616,43.60342465728144,921.2488821231432,186.13768717363487,0.5447742845896714,0.4076295807374576,A,grading/data_processed/banana/A/Banana_Good_IMG__8829.JPG,ff1f3f1f07070901,399
41020.0,1643.484402179718,1.0,0.1908421702514536,0.7238908693043448,65.56668343032305,48.702229589023645,88.85382091625357,53.49415869342299,91.82481979069378,61.347777965165186,1373.514550767606,272.56642156862733,0.4632810400995202,0.3584148802579954,A,grading/data_processed/banana/A/Banana_Good_IMG__9289.JPG,003023311d1f3f7f,39
34644.5,1821.7859189510343,1.080168776371308,0.1311745188600322,0.6726173141514745,29.31436222692037,21.498204676143185,96.88794926004228,71.649992900814,79.16862579281184,56.29164299101083,1089.4170613322071,207.18982377761233,0.541834749915457,0.4125282533259085,A,grading/data_processed/banana/A/Banana_Good_IMG__8632.JPG,ff3f7d3d01710101,502
8255.0,1691.699693441391,1.2972972972972974,0.0362476954602652,0.4836252856054836,36.198596569391846,16.31688354457873,141.0007796836712,71.43120557680751,72.53619959901982,50.09238595057827,13789.477978171588,803.0892528654311,0.6857361889031637,0.6670951346772205,A,grading/data_processed/banana/A/Banana_Good__IMG20200730132300.jpg,c3997307c74030bf,478
34035.0,1936.714851975441,1.103448275862069,0.1140260953776285,0.670363002501428,28.740006872065056,19.83233124107015,98.34337418394227,71.98584928533373,77.58965181537052,55.37894369909559,1071.381612916055,201.8062880324544,0.5386000701039907,0.4093647533522158,A,grading/data_processed/banana/A/Banana_Good_IMG__8626.JPG,ff3f7f3d01310101,502
34396.0,1438.9747376441956,0.84765625,0.2087427809804884,0.7513899053007548,76.5974774569113,48.42021928346455,81.79228969295743,50.56304910323254,74.52953429973748,49.84089983107007,1914.692265130681,219.09857855902783,0.4779269191698969,0.3659372666856427,A,grading/data_processed/banana/A/Banana_Good_IMG__9074.JPG,030717333b29137f,428
31047.0,2261.8174443244934,1.0,0.0762630916334239,0.5621146969628389,28.666334009044128,35.71326245906652,76.01269296740995,68.3521426220716,63.92633712770934,37.681151832709546,1510.1326498528942,302.0479473039216,0.5994740719907157,0.5054377949513784,A,grading/data_processed/banana/A/Banana_Good_IMG__9060.JPG,0018372f2f2f2f7f,479
6717.5,711.3452322483063,0.4705882352941176,0.1668232927718062,0.7161513859275054,62.02130681818182,24.857425278456457,121.4669034090909,65.68460744052302,52.24289772727273,36.12265768768088,9674.367546366782,429.5099032017869,0.5210484585763454,0.4714241741174422,A,grading/data_processed/banana/A/Banana_Good__IMG20200730132103.jpg,ffff1f1f0e070303,460
30896.5,2274.8885122537613,1.0,0.0750237751011366,0.5656058068118369,29.058646616541353,36.108412979419946,74.15852130325814,67.35575506718334,63.670864661654136,37.5411754329351,1698.5767290443182,306.77670036764704,0.5987241874055161,0.5078360097366045,A,grading/data_processed/banana/A/Banana_Good_IMG__9061.JPG,0018372f2f2f2f7f,479
35737.0,1573.2590081691742,0.875,0.1814376874872676,0.7449476262442024,77.30684811237928,48.06113503786171,80.80657374890255,48.52657213377593,76.73367537313433,50.19248118542825,1935.0020572701285,242.12167180493273,0.4680132949023846,0.3602106768424762,A,grading/data_processed/banana/A/Banana_Good_IMG__9075.JPG,030717333b29137f,428
12609.0,1632.586995601654,1.271523178807947,0.0594480814262281,0.5723169098790368,60.82234913955061,32.436583715453494,107.99924851581872,71.31906552545661,87.7486285413692,63.67649398766625,11731.04444804881,1057.5019590166776,0.5535578502586901,0.5245264174637934,A,grading/data_processed/banana/A/Banana_Good__IMG20200730132301.jpg,ff6169280d1c3cfe,147
34755.5,1816.6732219457624,1.0158730158730158,0.1323365399406941,0.6645156972964705,30.364785882881872,23.03102541495696,97.60006181859052,71.59527189119186,79.06993930538384,55.90509852970956,1123.8808188915373,185.42905384375976,0.5696920874254874,0.4464991428976854,A,grading/data_processed/banana/A/Banana_Good_IMG__8627.JPG,ff3f3f3901211101,84
34294.5,1919.869179368019,0.9921875,0.1169206082476533,0.6576946311620816,29.618648164472376,21.695434114566428,91.05826485057014,71.59143144954155,77.15682315807433,54.150120113414246,1121.1035252895776,202.91327507411063,0.5754665964852892,0.4568724221275402,A,grading/data_processed/banana/A/Banana_Good_IMG__8633.JPG,7f3f3f311f211101,84
33550.0,1696.454965591431,1.036885245901639,0.1464932850498495,0.7528836228176473,21.95278482119437,11.048075240699328,109.3210923610504,72.89639894617784,70.26839788988954,43.7256121457985,959.1715715236526,178.56911917772572,0.5677000207706,0.4415508552399453,A,grading/data_processed/banana/A/Banana_Good_IMG__8828.JPG,ff1f3f1f07070101,29
40490.5,1600.33007645607,1.0,0.1986752960915967,0.7185983157782648,65.23564808074926,48.04705776560749,89.61517930800214,50.78911502930741,90.25357888096278,59.76384326161951,1519.6990286028013,261.587331495098,0.4732742993570387,0.3677886760347091,A,grading/data_processed/banana/A/Banana_Good_IMG__9288.JPG,013123731d1f3f7f,39
31331.5,1201.9869297742844,0.78125,0.2725157208350516,0.8201641296807717,62.559535394757496,55.13875388429325,97.21601004551876,66.43806585863392,65.1199183801601,41.43459591781566,431.0435034118652,186.96154601130652,0.5219709862765405,0.3715231828503321,A,grading/data_processed/banana/A/Banana_Good_IMG__8800.JPG,c787931303078787,186
34858.5,1665.9768236875534,1.004366812227074,0.157826762604183,0.8413627477009968,75.74756217507377,49.898348644443146,86.58929324153435,46.80890947761586,74.03054657861459,47.89209330044895,1347.6440790822662,252.214927251578,0.4545409825387524,0.3177827363841701,A,grading/data_processed/banana/A/Banana_Good_IMG__8753.JPG,ffe5c8d0838382e0,210
18936.5,1011.4284937381744,1.0105263157894735,0.2326157986829244,0.6999907587099159,41.07488918668179,63.79482116605088,84.04757241521493,58.09394865168485,57.15977734254201,34.31262126771908,1581.8720619197434,147.4110498759989,0.5884042138872934,0.4697568173324167,A,grading/data_processed/banana/A/Banana_Good_IMG__9317.JPG,ff7f477f01010000,318
22707.5,3417.416631937027,0.7933884297520661,0.0244333676235812,0.55794439598511,101.88059392836465,38.8526746592472,70.41947224749772,61.03968030941153,84.68198362147406,51.81665109754533,10721.019849633412,1262.8802950975728,0.4845048020105318,0.4594475658640891,A,grading/data_processed/banana/A/Banana_Good__IMG20200730132249.jpg,97408018beb8dec1,422
43485.5,1865.0407528877256,1.0,0.1571005407954315,0.7377363452060837,60.15639168978819,46.801373990935005,98.45787372267714,54.26611939028524,95.45512169813448,62.67682085738836,1897.4144017824435,329.78713235294117,0.4231509082576997,0.3178694170927129,A,grading/data_processed/banana/A/Banana_Good_IMG__9303.JPG,38716011032f6f7f,109
33492.5,1781.6925537586212,1.2190476190476192,0.1325842389827927,0.8351827839010523,92.44747819491847,49.385836173703886,62.053761558881014,42.08539713010525,69.39249146757679,41.24538616586753,2074.3730095726237,325.39172735760974,0.4980221836093184,0.3574235606811848,A,grading/data_processed/banana/A/Banana_Good_IMG__8790.JPG,fffff8c080001830,139
31461.0,1781.9940699338913,0.7578125,0.1245001508961162,0.7094999154310199,29.385285545978792,26.897618769526463,51.08873318038073,70.0060534825579,67.43293855025733,41.47696515533755,2958.1496090843875,505.86026554404145,0.4221971740087924,0.3424454218750958,A,grading/data_processed/banana/A/Banana_Good_IMG__8784.JPG,ffe6e6e0e0a08080,236
29317.5,1804.437720298767,0.81640625,0.113149594961394,0.6132470140356014,98.49123622360908,40.86256631278,90.28980215110874,52.69987529934888,61.671325189217896,36.457676230272035,1766.9815447547005,275.48097581129815,0.5192131894130926,0.4311283344694298,A,grading/data_processed/banana/A/Banana_Good_IMG__8974.JPG,030b0b0b1b1b7dff,141
29164.0,1142.6072071790695,1.2780748663101604,0.2807133295151727,0.8423545722373058,59.22679022746419,51.61151615571412,94.85364785172705,60.39791484559375,69.21607413647851,49.64509477246159,464.12558788980857,165.06536197366646,0.5243077407866626,0.3334852021389492,A,grading/data_processed/banana/A/Banana_Good_IMG__9129.JPG,0101013d017f7ffb,7
31373.0,1743.9108084440231,0.9765625,0.1296335382076236,0.7079464295788155,26.353113142999316,32.92502086914991,38.616439634260125,58.33636683837429,67.22019033401754,41.479965259851475,2684.836796659912,426.99741152108425,0.561244912819114,0.4926624408480715,A,grading/data_processed/banana/A/Banana_Good_IMG__0119.JPG,fcfcfcf0e08080d0,500
33770.5,1556.129064321518,1.0695652173913044,0.1752492331613934,0.7407679568312184,29.38228553192724,29.523368357372437,71.86796831935942,73.52073085490743,69.37744059879893,40.98827711604827,1606.222047571415,301.4183673469388,0.4915116539349998,0.3872621798154004,A,grading/data_processed/banana/A/Banana_Good_IMG__8545.JPG,ff3f0f330d070101,144
28752.0,857.2203427553177,1.7902097902097902,0.4916918234197154,0.888106380021313,28.380101515879005,28.632430009541096,34.37283078400439,55.4318639515199,59.91967899032856,35.438033785313124,934.8306735759436,194.3996160702043,0.3312084238265093,0.2050535686787689,A,grading/data_processed/banana/A/Banana_Good_IMG__0131.JPG,fffe808101030101,475
31317.5,1734.604240655899,1.087962962962963,0.1307965059418669,0.7103729074989793,23.26091971940764,16.775135966165514,115.28904130943104,81.53753192827129,63.97141075604053,37.99921186517624,646.1104059117024,240.80733618233623,0.5074005943664982,0.3639822667980157,A,grading/data_processed/banana/A/Banana_Good_IMG__9115.JPG,f10301073f1b07ff,207
27599.5,1286.3056907653809,1.641025641025641,0.2096151635748509,0.8233741050119332,20.578429980836113,16.976253146799433,42.28206402157711,54.71760011623546,57.20054652565832,34.131282051704275,1272.297419018843,173.2069632981398,0.4500301732787155,0.2942550304801895,A,grading/data_processed/banana/A/Banana_Good_IMG__0125.JPG,ffff87c2c0000000,110
32771.5,1270.070189356804,0.6953125,0.2552999554888513,0.882270591877667,28.080907508552908,14.893989348494516,123.813546605846,74.47200066986497,77.71025148550507,57.26924886077038,643.0182490566135,350.817531779661,0.3665578806601912,0.2578962500213084,A,grading/data_processed/banana/A/Banana_Good_IMG__8579.JPG,e7830331111191d1,74
43094.5,1313.0163661241531,1.0040322580645162,0.3141169930616538,0.8785203910016615,29.67274933601978,15.988430259066408,120.25659401044052,67.25935747832827,99.13107885337485,69.73192170846383,857.8013767515578,251.78102237252864,0.4042661633149803,0.289160043088452,A,grading/data_processed/banana/A/Banana_Good_IMG__8592.JPG,ef57cbc745610303,193
42910.5,1338.3300757408142,0.9959514170040484,0.3010557756899758,0.8740388434549695,29.68333218398731,16.18792897592357,120.10151024067304,67.15508904172925,98.55488127255592,69.42715595947206,698.6317494545407,235.25522597703053,0.4012387125089505,0.2807458266205269,A,grading/data_processed/banana/A/Banana_Good_IMG__8586.JPG,ef57cfcf45610303,193
42790.0,1323.0579957962036,1.0081632653061223,0.3071810262609677,0.8757585370595881,29.395361169391094,14.747806825494298,120.43112074331958,67.24329859296441,98.246858644779,69.22944806901982,823.8041105108935,250.08246225319397,0.3960515694922569,0.2794106861035808,A,grading/data_processed/banana/A/Banana_Good_IMG__8590.JPG,ef57cfcb45610303,193
42925.5,1290.5310878753662,1.0122448979591836,0.3238830981653429,0.8867347676544408,30.22879738832563,17.183125100640588,119.30399797687195,66.93312623581224,98.54780789479734,69.4267978130948,774.4904364336574,244.10886557051975,0.3989712748681832,0.2806436365150921,A,grading/data_processed/banana/A/Banana_Good_IMG__8584.JPG,ef57cfcf45610303,193
30441.5,1820.143344640732,1.087557603686636,0.1154688201906081,0.6905339805825242,23.80016650123275,19.14552297250117,114.18846658768533,80.0652356185248,62.612628478114694,37.427459035712864,666.8544204529231,256.01162859103835,0.5223686399037988,0.3848599459942617,A,grading/data_processed/banana/A/Banana_Good_IMG__9117.JPG,f90301073f1b07ff,207
27107.0,1180.8670909404757,1.4463276836158192,0.2442807701701097,0.8185592849269979,21.21331162958944,21.380319736428607,37.43725809368783,54.35301385221471,56.24463736661241,33.74962900058777,1147.0978799574168,131.30074221779108,0.5365667798590352,0.3892185809856965,A,grading/data_processed/banana/A/Banana_Good_IMG__0127.JPG,ffdfcfc707020600,278
37826.0,1730.7047457695007,1.0756302521008403,0.158691736736827,0.7582032111287057,54.44721768654589,46.05862506830505,98.62947412072674,53.412788028166645,80.74571702563306,52.48039838795449,588.4192843071176,199.8098368759269,0.5123580410798162,0.3618345999352051,A,grading/data_processed/banana/A/Banana_Good_IMG__9103.JPG,0fa01c130f0143ff,551
33016.0,1477.484402537346,0.7710843373493976,0.190059030785464,0.8420408319412387,74.01095931095931,48.73499341225954,82.75304425304425,40.06909667752051,70.85928125928126,46.70618348488002,895.4148674107827,232.1541243508064,0.4168763833909821,0.2886903068613989,A,grading/data_processed/banana/A/Banana_Good_IMG__8553.JPG,cf83cbcbcb0b0303,227
34433.0,1567.1412572860718,1.0782608695652174,0.1761848001675951,0.7497414346836794,29.62426347100851,31.71635352407034,67.61415843556972,72.80545111095266,71.01078819276422,42.08389336507242,1752.6691331382815,336.20605527195914,0.4783133265041419,0.379489915165133,A,grading/data_processed/banana/A/Banana_Good_IMG__8547.JPG,ff3f0f3b0d030101,144
27980.0,1302.0630489587784,0.80078125,0.2073927381787927,0.8422256671131647,95.44943466237268,69.32939298974296,87.72300206532013,56.782165705968886,56.6141351909546,33.307474859991096,731.5121723127394,141.80991498161768,0.6147659081137379,0.4536941922973447,A,grading/data_processed/banana/A/Banana_Good_IMG__8976.JPG,0105070f0f1f3fff,333
28010.5,1731.8103042840958,0.8319672131147541,0.1173626984779482,0.6293999348365859,96.4199207893274,41.70698423474334,93.39198860478044,52.66610749130399,59.2024388549194,35.296793806651294,1724.890735416422,255.8652207433858,0.5074799382376572,0.4129826364334153,A,grading/data_processed/banana/A/Banana_Good_IMG__8962.JPG,03070b0b1b1b7dff,141
41811.0,1150.5239466428757,1.0448979591836736,0.3969255854734,0.915522564540498,23.331514421373395,12.968910970159582,130.84277041551508,73.02926539436875,93.8618099355113,64.22315213916326,1142.636324444079,198.33259703881552,0.4432724518763408,0.3236435109600217,A,grading/data_processed/banana/A/Banana_Good_IMG__8792.JPG,7f1f2f0771600101,49
28031.0,2032.645870923996,0.7529411764705882,0.0852560114668168,0.6572872334189207,31.249740789382734,30.51227978996221,52.12314232390959,72.137640859156,62.40129259694477,40.07713220277286,3215.283660180363,477.95411148752703,0.4741789546831376,0.3986010463745605,A,grading/data_processed/banana/A/Banana_Good_IMG__8786.JPG,efe6e6e6e2a080c0,236
43856.5,1784.8986163139343,1.0,0.1729882988218929,0.7372451123774942,58.4008149740283,45.85250228745127,99.83418413039584,52.30445829816792,96.08483342289092,62.410609111257706,1667.1273636592086,318.86439950980395,0.4207600167575227,0.3128387279128152,A,grading/data_processed/banana/A/Banana_Good_IMG__9301.JPG,393160110b0b6f7f,109
30375.5,2381.020541191101,1.0079681274900398,0.0673297520679804,0.5485368077940606,99.73594093122432,38.97557421401894,76.81598294134496,49.87225845407415,64.56860061742147,39.24871926999645,2551.319964364238,278.418737747423,0.5956317295715563,0.4977481344189174,A,grading/data_processed/banana/A/Banana_Good_IMG__8779.JPG,dfdedebc9c80c080,63
29035.0,1890.8712682724,0.884,0.1020487686549467,0.64898634301169,74.11792484426284,50.38150315302231,88.055462522607,45.18004045814419,60.2092906423739,36.172173306775704,1632.7366795893613,252.5858363636363,0.5546161298095138,0.4515704438790519,A,grading/data_processed/banana/A/Banana_Good_IMG__8751.JPG,ffd3b7b797838080,339
33555.5,1167.45287835598,1.2097560975609756,0.3093818684685743,0.7814508616674429,79.32179423240531,49.068666286947995,80.28485933053656,48.76122129761581,74.68087540704667,50.42054682093426,1763.3258677413785,205.69422336328628,0.4733887422402031,0.3284893495109621,A,grading/data_processed/banana/A/Banana_Good_IMG__8745.JPG,fffefc38c0b88080,446
31723.0,1235.8275482654572,0.79296875,0.2610167460379178,0.8187954108431091,63.98335245063087,54.69206637345196,94.78355085717828,63.72796204703492,65.73661530830518,41.43504050026421,430.6056787772765,194.20703124999997,0.5248648482974491,0.3728679234380405,A,grading/data_processed/banana/A/Banana_Good_IMG__8802.JPG,c787939303078787,186
33658.5,1995.4082819223404,1.0,0.1062285077631687,0.6369588872593083,77.05425661207246,50.00650147812204,109.06056484750276,60.70697801052653,68.51345563979397,40.47496428713667,1698.593772634864,204.5821231617647,0.5984002634758931,0.4672491274427715,A,grading/data_processed/banana/A/Banana_Good_IMG__8816.JPG,3f232f3f37130300,176
36374.5,945.2863581180573,0.84765625,0.5115406081264452,0.8825013647115909,71.57692412181804,53.870959375609296,89.54220435219648,48.64560313847873,78.30508842946018,51.672094218234584,400.0284312043537,105.64196325231478,0.5114409175692454,0.3381682608968709,A,grading/data_processed/banana/A/Banana_Good_IMG__8619.JPG,3f1f4f63311b0303,16
36898.0,972.3574249744416,0.85546875,0.4904116977869155,0.8731394495847038,70.91476770652028,53.49321900952355,91.02417994376758,49.24992757959649,79.70906413174454,52.90260238320192,375.4802832351818,110.69595756880734,0.5068008325584814,0.3341716713144747,A,grading/data_processed/banana/A/Banana_Good_IMG__8625.JPG,1f1f4f63311b0703,16
12480.0,1663.8763192892077,1.054945054945055,0.0566477112652208,0.5221101953729658,60.3401999394123,43.69788307223663,121.53226295062102,73.82790852343756,66.59466828233869,45.40562638762658,10295.473568371352,568.8597031241011,0.6401184671867747,0.6103457198197793,A,grading/data_processed/banana/A/Banana_Good__IMG20200730132303.jpg,bb78c51c3d8f0d01,484
22556.5,2564.868299126625,0.75,0.0430875139606494,0.5642087095725256,64.84307263277982,27.312272832078445,115.64211771665188,64.9052531044567,77.64325854565429,47.25987870493446,5965.417370239894,723.2419625327225,0.5421301017497522,0.5025521448951844,A,grading/data_processed/banana/A/Banana_Good__IMG20200730132317.jpg,6fe2f0f9b8080503,209
34577.0,1756.9158614873886,1.0893617021276596,0.1407651821382448,0.6787789556340793,29.914638627434353,21.95979704599304,96.11184601034512,71.73955489313671,78.85559230051726,56.05083266786947,1108.1763276552865,194.694167709637,0.5396533785107493,0.4097807455019894,A,grading/data_processed/banana/A/Banana_Good_IMG__8631.JPG,7f3f7d3d01310101,502
34321.0,1719.1412568092346,1.031111111111111,0.1459307019702363,0.7458006475586171,53.22983330958826,47.372886181784715,114.81940447357174,63.75076072011854,71.18780453055992,43.441747716454195,450.7779965352094,159.59059163059163,0.5247871897252856,0.3238768757350749,A,grading/data_processed/banana/A/Banana_Good_IMG__9088.JPG,c11f33013f0307ff,135
38494.5,1337.5950142145157,1.0,0.27037047525329,0.7578403386160055,29.07612058605436,35.79546348264972,102.30414993991153,67.68776752805078,93.81221713672043,73.94048172743246,1882.8451079612132,201.33108149509803,0.5272367137565379,0.4027879623773941,A,grading/data_processed/banana/A/Banana_Good_IMG__9063.JPG,001e306f5f1f3f3f,59
12303.5,1835.1727808713913,1.2151898734177216,0.0459076032061749,0.5460940967598757,65.65229336793101,35.36290401580133,101.8714798137831,72.70904988675859,69.5578111882775,48.20952321400923,12439.42434685374,954.008582411028,0.5752197146246159,0.5491700404572447,A,grading/data_processed/banana/A/Banana_Good__IMG20200730132129.jpg,de3a3cff8d0f0507,444
38403.5,1674.0113146305084,0.9919678714859438,0.172212191172652,0.7330381087813398,71.50913131209931,48.79188840242416,85.23897218461853,45.09654705476585,81.90827820489898,52.797329567184,1780.734073190399,244.04505828190804,0.4709938370175333,0.3592433164256574,A,grading/data_processed/banana/A/Banana_Good_IMG__9077.JPG,070717173b2961ff,383
14669.5,2883.8287587165833,0.546875,0.02216594434858,0.447356784532577,32.556575308021124,9.1586335447634,161.89810158410862,65.37387101305544,85.10849886849384,52.11749115960966,10665.484118748878,1282.742159397482,0.5503238084022848,0.5307413609339956,A,grading/data_processed/banana/A/Banana_Good__IMG20200730132115.jpg,a3356070b9184b19,565
19963.0,2565.797232270241,0.75,0.0381057931934646,0.5204525901400006,45.09190984578885,20.437600510348418,123.53290628707,70.15903842564263,86.24759193357058,53.147465595110155,9551.112719827228,994.038039921466,0.581907342924237,0.5562607390838938,A,grading/data_processed/banana/A/Banana_Good__IMG20200730132114.jpg,1140f1381ac4700c,543
35400.0,1486.3717052936554,0.900398406374502,0.2013530753377524,0.7641414741022957,77.4707317749494,48.01265351701974,84.52483154479661,45.47154691363807,74.89412971743893,47.44712504980443,2310.7051450275817,222.34610004426736,0.4720596731587575,0.3604093170564506,A,grading/data_processed/banana/A/Banana_Good_IMG__9076.JPG,070717173b2911ff,428
36930.5,1214.683326125145,1.0,0.3145349513696967,0.7253648380570777,27.327518604465073,34.815630417825304,103.71982609159532,65.75836748162298,90.99274492544878,73.21720505612552,1903.3398262774572,165.62285539215685,0.5658349930759269,0.428976286693816,A,grading/data_processed/banana/A/Banana_Good_IMG__9062.JPG,001c204f5f3f3f3f,59
34858.5,1850.923004031181,1.0308370044052864,0.1278621058715497,0.7408269310465746,54.240984111861465,47.737635265442826,112.71796452489704,61.36221829956775,72.47580351388461,44.329546794871874,494.4675652277511,180.08324667712847,0.5244095774965215,0.3236532912142747,A,grading/data_processed/banana/A/Banana_Good_IMG__9089.JPG,c11f33013f0307ff,135
34669.0,1810.2295696735384,1.0711297071129706,0.1329486309628354,0.6669552336430619,29.252845391029975,20.387748567606764,97.21447487040793,71.96522442200781,78.7830459770115,55.64379498321258,1119.5375461833144,201.2871113298876,0.5449880028420927,0.417850054694502,A,grading/data_processed/banana/A/Banana_Good_IMG__8630.JPG,7f3f7f3901210101,502
36603.5,998.7422018051147,0.8515625,0.4611324403473579,0.8742491371795025,70.50800032379051,53.52632133171334,90.40964895712474,48.89215868029933,78.9561533687704,52.19314342763952,372.3369627722123,111.48997335829496,0.5117033379424958,0.3361977787644923,A,grading/data_processed/banana/A/Banana_Good_IMG__8624.JPG,3f1f4f63311b0303,16
8828.5,1136.045804023743,1.9793814432989691,0.0859617209447305,0.6589908188400389,57.80040755040755,38.35566966957187,114.06091806091806,66.97680707070369,75.11786786786787,43.75911679627362,8127.354413260778,782.5896799265936,0.5174682716084359,0.4820458071084396,A,grading/data_processed/banana/A/Banana_Good__IMG20200730132302.jpg,3d3f7dcfc7000008,355
36459.5,958.943212747574,0.84375,0.498235643242034,0.8753466261719266,70.7840379403794,54.11309796369764,89.5970460704607,48.87181326895686,78.52910569105691,51.85511495403971,358.19040147234546,105.86813226744188,0.5094635047812746,0.3331734377804097,A,grading/data_processed/banana/A/Banana_Good_IMG__8618.JPG,3f1f4f63311b0303,16
33616.0,1959.8519328832624,1.0,0.1099789010973504,0.6398659966499163,76.97634782608695,50.002381015715336,109.1011884057971,61.12663115425879,68.42144927536232,40.42837865655947,1757.0637555979192,203.66579350490193,0.5981935168100085,0.4683951389558539,A,grading/data_processed/banana/A/Banana_Good_IMG__8817.JPG,3f232f3f37130300,176
31901.0,1312.7981107234957,0.79296875,0.2326045871034969,0.8139048348003571,64.91835791937422,55.50293887640778,96.50472729512488,67.34950625097552,66.33882541344585,41.997549479246494,405.0103682003527,204.53962329826732,0.5173215451857576,0.3689762549943507,A,grading/data_processed/banana/A/Banana_Good_IMG__8803.JPG,c787939303078787,186
16354.5,1359.6681693792343,1.0647058823529412,0.111168379243216,0.6621389096945283,54.84826487252125,39.88709491143423,181.2157105760151,68.00855037141648,52.88934135977337,42.62396484738595,3685.124368263641,255.6095751633987,0.560118639782728,0.4339390642900658,A,grading/data_processed/banana/A/Banana_Good_IMG20200729190233__01.jpg,ff41e1e1e1c1c1ff,397
33828.0,1203.636645436287,1.1382488479262671,0.2934238307725256,0.7674489830643058,79.08408006516932,48.657184635807745,77.2747585243803,50.50826076340915,76.35185616199232,53.05002992197948,1926.149253596234,213.46925930088793,0.4923569008591027,0.3573957775195742,A,grading/data_processed/banana/A/Banana_Good_IMG__8744.JPG,fffefcb800bc8080,33
29104.0,2029.3220573663712,0.8804780876494024,0.0888097390499254,0.6495703604508425,74.30282206951765,50.12756792714752,87.88298085262525,44.950458454674624,60.47057842417773,36.30691613530117,1682.8943126909944,273.5781781963058,0.5521680755064032,0.4508384431965574,A,grading/data_processed/banana/A/Banana_Good_IMG__8750.JPG,ffd3b7b797818080,339
32697.5,1936.545365691185,0.88671875,0.1095642983724892,0.6820504797663747,110.78552055080326,47.29259212859286,77.61518285595064,36.387324641815866,67.03818068015856,39.616227028420504,784.0992425351028,214.85733545353983,0.5704139474694812,0.4194394782198156,A,grading/data_processed/banana/A/Banana_Good_IMG__8988.JPG,010131190f077fff,437
21612.0,1275.837654352188,0.927536231884058,0.1668453056345789,0.6898731146756045,46.081414733047986,63.44964491724868,66.93719306150034,66.93979449346354,60.810633025456184,36.38561037091151,1145.5044121346018,236.9715203480284,0.5494650807781374,0.438311715302674,A,grading/data_processed/banana/A/Banana_Good_IMG__9328.JPG,ff1f1f1f1f1b1800,29
40912.5,1615.4427733421326,1.0,0.197007484909111,0.718809845915983,66.27318139244458,48.734166023992145,87.77989384951609,52.26244619868868,91.76409135666084,61.62106684867927,1443.9009910782331,268.6946691176471,0.4664543391490836,0.3606368995445575,A,grading/data_processed/banana/A/Banana_Good_IMG__9300.JPG,003023331d1f3f7f,39
30584.5,2228.653009057045,1.012,0.0773795744156745,0.5512061492435096,100.0536353556154,39.01627120205186,76.59502613654364,50.480784994906955,64.97129732298431,39.57043298540145,2567.7563816298334,266.2493174603174,0.592058651680181,0.495086913228667,A,grading/data_processed/banana/A/Banana_Good_IMG__8778.JPG,dfdedefc9c80c080,63
44404.5,1712.8742319345474,1.0,0.1901892195332881,0.770276247885858,63.558201292378506,47.044803652843626,98.02688766929272,55.69527193737934,98.10312472337787,65.38367765762511,1847.1108071655035,342.8859528186275,0.4161456651746005,0.3052181020311844,A,grading/data_processed/banana/A/Banana_Good_IMG__9314.JPG,113960111b0b2f7f,109
27934.5,2068.8296353816986,0.7559055118110236,0.0820165145004338,0.6613437818130165,32.00915077989601,33.475725230299005,49.34298093587522,70.6135122903412,61.34478336221837,38.46716461541272,2882.412079450909,472.7522364678239,0.4746746075861904,0.3974114949406037,A,grading/data_processed/banana/A/Banana_Good_IMG__8787.JPG,efe6e6e6e2a080c0,236
42329.5,1117.45288002491,1.0199203187250996,0.4259852525730792,0.93006316945894,23.671351199925297,14.608462072333422,130.06730320291345,72.7471057770456,94.63332243906994,64.36346811302626,1167.0398974389652,197.6363096633076,0.44685362281412,0.3320350648611243,A,grading/data_processed/banana/A/Banana_Good_IMG__8793.JPG,7f1f276371240103,83
28738.0,1723.9108091592789,0.8408163265306122,0.1215169383828993,0.6304958315050461,97.38750889559118,41.46658631805762,90.9252092581924,52.7064426046196,60.534819885458674,35.90641038079692,1719.9289209585238,266.90729716276746,0.5033300206983546,0.4100282401089891,A,grading/data_processed/banana/A/Banana_Good_IMG__8963.JPG,03030b0b1b1b7dff,141
28960.0,1179.352372765541,0.7421875,0.2616503085703335,0.872591409675038,95.99494846758884,68.43207247905805,85.04203959858964,56.06815719869641,58.60228505560076,34.554535364047794,561.5307192811412,143.9184027777778,0.5675857040177454,0.3928580360986203,A,grading/data_processed/banana/A/Banana_Good_IMG__8977.JPG,010505070f0f1fff,333
34438.5,1655.952439069748,1.0873362445414847,0.1578186677075252,0.7459710609539488,27.57616854315933,27.393754805725404,67.33344706016149,72.71514729168982,70.98640964403502,42.01128570347448,1625.4290987163558,339.6819798563177,0.4809735935485732,0.3787190377983604,A,grading/data_processed/banana/A/Banana_Good_IMG__8546.JPG,ff3f0f3b0d030101,144
27727.5,1322.3645668029783,1.4797687861271676,0.199259102882717,0.8214216942424197,19.99290479720428,17.44449306530914,37.17649758198313,52.463054717379094,57.68788167602104,34.58741058041706,1194.3405262648416,138.92433412671429,0.5111417820656458,0.3592837228626869,A,grading/data_processed/banana/A/Banana_Good_IMG__0126.JPG,ffdf87c706020600,278
38313.0,1755.8763169050217,1.0756302521008403,0.1561594178601588,0.7582903682299037,53.59220121280352,45.70527317030247,98.90776040733824,53.883765995516534,81.9483151242228,53.49390738181925,663.8324974592894,205.61115505025535,0.5032903067295897,0.3532189833784287,A,grading/data_processed/banana/A/Banana_Good_IMG__9102.JPG,0fa01c1b0f0143ff,551
30641.5,1888.912895679474,1.0972222222222223,0.1079185303688578,0.6902171464612336,23.40924984106802,17.941872936220854,114.57447552447552,80.36669347249632,62.992593769866495,37.57021791018893,626.1102426966711,265.3590709353422,0.5186558349852876,0.3804512696158434,A,grading/data_processed/banana/A/Banana_Good_IMG__9116.JPG,f90301073f1b07ff,207
42968.0,1336.2295686006546,1.008130081300813,0.3024077019210926,0.8748269403045851,29.71433490977547,16.504057461656156,120.54153083245328,67.58987947873857,98.87414481840304,69.66190317183049,808.3044382885639,250.95126888515847,0.3978207687404431,0.2821961565659033,A,grading/data_processed/banana/A/Banana_Good_IMG__8585.JPG,ef57cfc745610303,193
42925.5,1268.0458030700684,1.0121951219512195,0.3354712791353405,0.8838590783675823,29.69892151677513,16.48260718401266,119.83199576885046,67.54836270305287,98.82794858233495,69.63681438643187,790.7525819449377,240.0954137162339,0.4024008334613272,0.2868070552215674,A,grading/data_processed/banana/A/Banana_Good_IMG__8591.JPG,ef57cf4745610303,193
20067.5,1596.7219920158386,1.3409090909090908,0.0989109838496721,0.5951392390047154,53.09404796301647,39.164285343617266,173.72936530867764,70.48231801454244,60.463738803813925,41.775906224869416,1208.333772891294,148.00019342359766,0.6031980882980807,0.4878586036234262,A,grading/data_processed/banana/A/Banana_Good__IMG20200729190236.jpg,d0c3abab8b8383ff,241
22447.5,1834.5453670024872,1.0989583333333333,0.083814842300802,0.6380212034221072,60.150623655913975,36.60506840513188,200.5094193548387,57.85720145960996,66.73655913978494,43.25252154983021,613.2721555090106,220.3591765873016,0.6244874526093349,0.4137564170621265,A,grading/data_processed/banana/A/Banana_Good__IMG20200729190222.jpg,2b1f170501dcffbf,426
42708.5,1358.6732215881348,1.0122950819672132,0.2907328802179361,0.8714330895030555,29.81243073513114,16.243070037267124,119.50228574067232,67.20149001884103,97.96412079793129,69.12002301996327,803.5469886624176,254.515243902439,0.3944110495307923,0.2775751757248285,A,grading/data_processed/banana/A/Banana_Good_IMG__8588.JPG,ef5fcfcb45610303,193
33108.0,1202.7737276554108,0.6953125,0.2875907703930661,0.8877210387312142,28.067727070016353,15.539772091516664,124.37261780883009,74.76846317469804,78.20790842872009,57.15859318317667,674.2370733721752,342.7195003531073,0.3605699694134505,0.2520041775270794,A,grading/data_processed/banana/A/Banana_Good_IMG__8577.JPG,e7830331111191d1,74
34219.0,1613.342267036438,0.9525691699604744,0.1652053678174646,0.6423690632626243,70.22468019345791,47.0234554668614,80.46109378130097,52.577847962395715,77.25341270068397,56.15339237395457,1801.9305887976616,197.53479907773385,0.5251301408716504,0.4218787515254287,A,grading/data_processed/banana/A/Banana_Good_IMG__8563.JPG,272f0f2f2f2f0701,351
25053.0,1660.5626100301745,0.55859375,0.1141718642760839,0.7333050388561226,22.39399464639019,24.3907415722679,46.00349148465686,62.70222594615563,54.40136555844357,33.87037941929383,2375.616016304926,411.414970290493,0.3995683238277641,0.2857847489278133,A,grading/data_processed/banana/A/Banana_Good_IMG__0117.JPG,f8e0c0c0c0c0cefc,148
45971.5,1415.903669834137,0.9140625,0.2881582936497676,0.865280731803723,56.94578300328263,48.20673714515672,90.90810787616124,56.57762683110122,99.91396511403376,66.05958686455587,615.146313691472,201.47978138412017,0.4162504284553931,0.2184248863229103,A,grading/data_processed/banana/A/Banana_Good_IMG__9133.JPG,010101097f3db3ff,50
28900.0,1971.6996920108795,1.0281124497991967,0.0934170544991962,0.6281174949196379,24.756207371568728,17.186677541449832,94.23307462285388,77.76565414585367,61.41746463730135,37.41023370044113,1205.3653620562725,236.83834947633665,0.6209286388040383,0.5289867760885065,A,grading/data_processed/banana/A/Banana_Good_IMG__9127.JPG,030301205f7f7fff,137
30113.5,1740.354461312294,1.0,0.1249383244832104,0.6151261362475743,96.22511733290176,41.47377448686937,84.87509305712898,43.83149958112626,62.85272697847548,38.09238431665484,4570.353805478662,169.3764399509804,0.6310330248590198,0.5273575667314733,A,grading/data_processed/banana/A/Banana_Good_IMG__8952.JPG,0001011c3f7f7f7f,257
25236.0,1535.4600183963776,1.0,0.1345096237719575,0.5700667517535042,21.163472291851452,13.51077257979668,54.25213065442906,61.44071938044145,58.162585322586864,36.833348462965745,3168.000701732002,230.3034007352942,0.6655571648667785,0.6020626802702562,A,grading/data_processed/banana/A/Banana_Good_IMG__8946.JPG,000f1f3737171f7f,287
27954.5,1181.369618177414,1.4065934065934067,0.2517039305098435,0.6311766897345872,32.93975438596491,47.46561361373022,67.99305263157895,62.81109931651478,56.244350877192986,32.85994433609988,1439.740599015559,103.67797888386124,0.5596460783841757,0.3926778530159375,A,grading/data_processed/banana/A/Banana_Good_IMG__8761.JPG,ff7f3e7c78000000,435
20162.5,1330.8498467206955,0.8888888888888888,0.1430527222085262,0.6930599477519593,48.50079452978283,66.81355207538843,83.36952857899553,62.28384869249224,56.61771079115905,34.351465910319455,2217.845258359556,187.0353887919333,0.6033874865570037,0.4972276221285211,A,grading/data_processed/banana/A/Banana_Good_IMG__9319.JPG,7f7fdf673f000000,421
24538.0,3171.978032231331,0.75,0.0306470505241848,0.5560011782566333,81.0735578036914,54.24756652347999,68.4416171132906,65.75471960434666,83.13356243725384,52.07535700007239,10180.850161128574,1223.9544543520942,0.4797291902353404,0.4546080357088524,A,grading/data_processed/banana/A/Banana_Good__IMG20200730132247.jpg,efc180113d7896fb,158
20992.0,1164.2396748065948,1.1428571428571428,0.1946161566291968,0.7991472514085579,24.671730545876887,39.777768522957786,63.775516840882695,57.77610729037994,59.80088269454123,35.075157786702505,1046.465277224171,183.22905759162308,0.4844629797575474,0.3318597234194493,A,grading/data_processed/banana/A/Banana_Good_IMG__9331.JPG,ffff1f7f03030000,546
30614.5,1683.9280548095703,0.94140625,0.1356719196334435,0.6670843047959384,27.818129661503157,40.82237208436798,84.82482310193154,58.747781927686205,63.047810288774144,37.73464329754173,769.1119136310158,188.98717447916664,0.6153751907608852,0.4903743595034077,A,grading/data_processed/banana/A/Banana_Good_IMG__8991.JPG,010101393f7f7f7f,257
24185.0,1374.832602739334,0.7649402390438247,0.1607889913671923,0.7244922413276617,113.4703463290731,49.60623847142276,78.70560012901664,51.85229110869034,65.76442365842841,37.81220640439286,644.9692295823174,217.95757284996137,0.580570821968929,0.4796733823515494,A,grading/data_processed/banana/A/Banana_Good_IMG__9457.JPG,ffdf0f0f0b1b1000,170
30114.0,1732.7392369508743,0.99609375,0.1260410145594612,0.665458643625837,112.5362103014018,54.60604118156109,68.49522483732073,44.82795899645858,63.460552300171585,37.51004492052888,645.9060619241903,147.69423597440945,0.6646400849987051,0.5254926088802039,A,grading/data_processed/banana/A/Banana_Good_IMG__8985.JPG,0000003f6f4f7f7f,411
15853.0,622.5929265022278,0.458128078817734,0.5139406379190593,0.9408029435328328,114.97788789098792,61.08325279842088,93.52802725301952,55.263345756343305,50.03592443480954,32.97764773539294,268.0222482541156,178.64778325123154,0.3783360534108551,0.1449412553016837,A,grading/data_processed/banana/A/Banana_Good_IMG__9443.JPG,ff87030303030323,87
21652.0,1451.460018992424,0.8847926267281107,0.1291509863719472,0.7065080841205358,109.27361578121496,54.989808973258704,63.74776955839498,57.500171028482065,60.36408876933423,35.70584839677417,1108.423181368746,237.97403913431611,0.5593927625906963,0.4603250219901824,A,grading/data_processed/banana/A/Banana_Good_IMG__9325.JPG,ff1f3f3f17190800,240
40990.0,1653.3422677516935,1.0,0.1884352920326408,0.7249350052172683,65.11700292327599,48.629835214840654,88.35429146499257,54.07028226768748,91.9938659126851,61.79040975633413,1382.9556568181142,274.9549785539216,0.4664132670073567,0.3594725767268444,A,grading/data_processed/banana/A/Banana_Good_IMG__9286.JPG,003023731d1f3f7f,39
33686.0,1555.6021534204483,1.0717299578059072,0.1749291705962088,0.7575420250744926,22.1654308063625,11.960659222909849,106.71895082729942,73.543263526311,70.5936200529239,44.02333301539702,1018.2293457968318,170.43826820766833,0.5543345179141789,0.4261696241986232,A,grading/data_processed/banana/A/Banana_Good_IMG__8826.JPG,ff1f3f1f07070101,29
33481.5,1615.442771911621,0.9754098360655736,0.1612247141501107,0.7616442407215732,22.3790049111319,11.234974897028826,108.28724275023386,73.57871882171784,70.08541861552852,43.62836304981765,936.9041239491077,182.44787991976207,0.5446956126326425,0.4084496037714407,A,grading/data_processed/banana/A/Banana_Good_IMG__8832.JPG,ff1f3f1f07070101,29
41420.5,1643.24176132679,1.0,0.1927623774293992,0.7236222604624348,66.33592675174344,49.11022876274597,87.14950898999004,53.48088360492653,93.22107310593482,62.85694572554806,1351.3112112246454,277.56343443627446,0.4595169393435185,0.3525513486180587,A,grading/data_processed/banana/A/Banana_Good_IMG__9292.JPG,003023331d1f3f7f,39
33524.5,1882.3443540334704,0.98046875,0.1188978555935372,0.7303017100533711,41.65168277628974,47.26511024737353,115.27107837428672,67.28731810487709,68.46174449749621,40.25880332625806,611.4636556090983,225.345359375,0.5815029175357371,0.4619338058016351,A,grading/data_processed/banana/A/Banana_Good_IMG__8601.JPG,7f3f0f0361190703,117
34513.0,1888.1706943511963,1.024,0.1216494276180505,0.6468499030090619,30.21168089557302,23.00680141953899,97.18312885169898,71.32791649164038,78.21914400407078,55.03481969495946,1144.355783558594,194.13576470588237,0.5676677119980523,0.4450200333130866,A,grading/data_processed/banana/A/Banana_Good_IMG__8629.JPG,7f3f3f3903611101,84
31864.5,2062.4864914417267,1.0,0.0941314495805543,0.5654446080953986,24.476476690261165,26.628087353575935,71.57465828655114,78.46747399372815,65.5979985355138,38.782078153936176,1547.6688835916575,263.0386488970589,0.5924102118232385,0.4954671495081738,A,grading/data_processed/banana/A/Banana_Good_IMG__9084.JPG,01001e3f1f3e7f7f,204
35162.0,1787.910808801651,1.0042372881355932,0.1382266344087086,0.7360532540662745,54.057694981231755,47.23686399681239,112.39847073543724,61.967834163371435,73.07312665091061,44.63373089958559,520.0916845438574,167.81871229531745,0.5395116754475884,0.3527476389275369,A,grading/data_processed/banana/A/Banana_Good_IMG__9090.JPG,c11f33013f0107ff,135
15990.5,2972.7160600423813,0.9846153846153848,0.0227386694772802,0.5153986237127525,69.9911448084269,31.0612105168238,107.34853571015164,73.80413080058054,88.23046648917699,57.906044440784754,11963.949116946089,1246.526084038126,0.540358710276889,0.5170360549675781,A,grading/data_processed/banana/A/Banana_Good__IMG20200730132131.jpg,6c5ebfcf8c00781e,450
27747.5,4682.273619890213,1.3333333333333333,0.0159045045902241,0.5699042885310549,41.27274254232733,22.955802008450892,115.49160171996776,70.64623283897323,86.97708949207203,55.68583482522829,11231.346791260774,1786.140196078431,0.3966031143287984,0.3661908934652466,A,grading/data_processed/banana/A/Banana_Good__IMG20200730132119.jpg,140d99181f9b1014,480
26895.0,4438.266476750374,1.3333333333333333,0.0171575259560912,0.5706798506195893,75.88710349135837,28.978662568871023,97.03814118137016,65.93989848188535,86.06181023113764,55.113541225896846,10411.235865776738,1524.4229779411764,0.4201347009606399,0.3879593328754897,A,grading/data_processed/banana/A/Banana_Good__IMG20200730132124.jpg,85091db434b4284b,244
35485.0,1862.0529465675352,1.0169491525423728,0.1286087810563013,0.7384247216730829,53.627839110205656,47.21214429085108,113.1152713156953,63.69229405055236,73.64237535445861,44.82251381354706,508.08126824263263,174.59332671441734,0.5426501406103456,0.3549530965985519,A,grading/data_processed/banana/A/Banana_Good_IMG__9091.JPG,010f310f33034fff,519
31789.5,2171.6824474334717,1.0,0.0847034147329051,0.5647651364411598,26.731370632787687,29.125556535309048,69.72324700708526,78.48171748870915,65.59705594918152,38.76462136615574,1592.17194324336,282.00078125000005,0.5899773630846444,0.4950335394217907,A,grading/data_processed/banana/A/Banana_Good_IMG__9085.JPG,01011e3f1f3e7f7f,204
34780.5,1889.2417615652084,1.0078740157480317,0.1224533331386536,0.6611571033447073,29.605987486321933,20.90560987072735,97.0776353076513,71.61567079597806,79.02471872281923,55.669148054727614,1085.2712947415716,192.8358344912768,0.5714730865447036,0.4494669495644863,A,grading/data_processed/banana/A/Banana_Good_IMG__8628.JPG,7f3f3f3901211101,84
34237.0,1853.474297165871,0.99609375,0.1252369352238197,0.7298366037454301,43.52924393723252,50.11770241006548,115.2786305278174,66.76539009921474,70.03654778887304,41.280297284052054,676.1809741511303,223.42641178641736,0.5782293863002791,0.4593031630023619,A,grading/data_processed/banana/A/Banana_Good_IMG__8600.JPG,7f3f0f0321190703,117
41224.0,1618.1706949472427,0.984375,0.197838736528151,0.7242318300802867,66.01895113230036,48.57158337110447,88.6553516090584,53.28195518072469,92.61673420738975,62.26651010099288,1341.991861748257,273.5399651394423,0.4547537865557421,0.3459725493481411,A,grading/data_processed/banana/A/Banana_Good_IMG__9293.JPG,003023331d1f3f7f,39
40601.0,1559.4011429548264,1.0,0.2098122774726819,0.7187417019242685,65.1332348739801,48.223700690574695,89.57664092196693,52.30413804401805,90.93915696196402,60.71317950328623,1421.9713430991396,259.69257046568623,0.4728039575905043,0.3665148263557707,A,grading/data_processed/banana/A/Banana_Good_IMG__9287.JPG,003023731d1f3f7f,39
33750.0,1661.827548980713,1.0327868852459017,0.1535718912778535,0.7542067979172719,22.25660202336435,11.785620397646452,108.17175406557092,73.69229582774435,70.59495028553208,43.75237104970668,990.9230302202892,175.61370909803412,0.5675792900180493,0.4366692766501776,A,grading/data_processed/banana/A/Banana_Good_IMG__8827.JPG,ff1f3f1f07070101,29
23084.5,1244.908721923828,0.96,0.1871782217738075,0.7716052477646862,111.07403492452752,64.23904574557757,72.46399729398334,64.79591365475021,62.69506574774851,36.864058511671125,618.7190617668999,220.1123560209424,0.5007986098362706,0.3809144277117908,A,grading/data_processed/banana/A/Banana_Good_IMG__9442.JPG,9f1f1f0b0b1b1800,465
25389.5,1069.1686078310013,1.3631284916201116,0.2791075693808549,0.728651580593781,102.86578296490956,58.07965598499418,63.94527747719895,49.43145316597771,57.98326634719431,35.6780964093082,547.5180929351461,125.45368646113523,0.5918179027463155,0.4078077693408589,A,grading/data_processed/banana/A/Banana_Good_IMG__8984.JPG,010101013f7fe7df,510
21355.0,1452.1463097333908,0.8533333333333334,0.127259053475103,0.6966350780472688,106.43362108132666,60.18005979197391,60.90731485688323,59.82346015131152,60.13148568832349,35.678513980481654,1214.7431079903977,236.49298429319364,0.5795859291867288,0.4866608843433591,A,grading/data_processed/banana/A/Banana_Good_IMG__9324.JPG,ff3f3f3f17190800,240
20252.0,727.7056242227554,1.4328358208955223,0.4805806935137255,0.9102636132772997,34.45405982905983,56.90569297869861,72.69318181818181,60.92679281951147,59.94896076146076,37.81885123621206,796.2877177535441,182.76994608111275,0.3864808383971223,0.2018090914550591,A,grading/data_processed/banana/A/Banana_Good_IMG__9330.JPG,fffb830307070000,72
23618.0,1352.891478896141,0.803347280334728,0.1621537734330125,0.7145061261533807,117.6835328105654,47.06476396413399,71.00222864217912,50.268870105442794,64.65724308708214,37.26946549590854,606.3472268453692,210.508707748253,0.5786703808885304,0.4676455627787398,A,grading/data_processed/banana/A/Banana_Good_IMG__9456.JPG,bf9f0f0f1b1b3000,170
28533.0,1141.4701243638992,1.3763440860215057,0.2751871826686931,0.664423435171386,36.85560908465244,52.25506299154346,66.95037852718514,61.200495942214545,57.310426703372336,33.407198370767,1512.4503818683534,105.1143158338604,0.5545804522694759,0.3938606820105996,A,grading/data_processed/banana/A/Banana_Good_IMG__8760.JPG,ff7f3efc78000000,435
18723.0,1033.1858524084091,1.0052356020942408,0.2204085309648451,0.690223401902234,40.70307291666666,63.284824166019035,81.87770833333333,57.37331917434824,56.8378125,34.15116743072653,1689.5689276102617,152.986732819824,0.5924548560703473,0.4779508004151099,A,grading/data_processed/banana/A/Banana_Good_IMG__9318.JPG,ffff477f01000000,318
29567.0,1566.9158617258072,1.0,0.1513302576639242,0.5948615805568969,98.0753782123274,39.88984385562821,82.54773072603554,44.16123589978877,62.63741164035146,37.88267601017367,3834.3454378393944,159.45899203431372,0.6387249343296966,0.5374891739722963,A,grading/data_processed/banana/A/Banana_Good_IMG__8953.JPG,0001011c3f7f7f7f,257
29641.5,1758.520981669426,1.2190476190476192,0.1204522543003875,0.6683012614562549,24.32322966664475,15.882154039920067,101.1845288973634,77.1652461922647,62.12926556644092,37.99259876490494,1204.5468191908924,243.60242763772175,0.5448570299057884,0.4313886325270354,A,grading/data_processed/banana/A/Banana_Good_IMG__9126.JPG,070301205f6f7fff,137
29247.0,1209.3178815841677,1.5802469135802468,0.2513102718183233,0.8212219913517156,101.40190054061314,39.54611642477145,46.42825962862228,63.085516648610835,60.4975319834794,35.50893066018894,1431.786590905837,258.6016702977487,0.4182456181164682,0.2776505341882492,A,grading/data_processed/banana/A/Banana_Good_IMG__0116.JPG,c0e0c0c18080cfff,37
44331.0,1256.406195640564,1.0407239819004526,0.3529045464429948,0.9177025866084274,55.78539290805417,47.78743342371269,91.25314059158946,56.8543913923053,97.09706878118318,64.97317504181643,544.3855311140595,212.3721472465372,0.3466184554620524,0.1138304698492213,A,grading/data_processed/banana/A/Banana_Good_IMG__9132.JPG,010101497f3df3ff,50
34436.5,1652.898615717888,0.9404761904761904,0.1583931650385947,0.6562958586647862,70.3610495195861,46.559296322880265,79.40565125930979,48.42968570826385,75.49013588037978,52.88972559421048,3240.0623807585575,214.75411958568745,0.5120787897512021,0.4051936285845883,A,grading/data_processed/banana/A/Banana_Good_IMG__8562.JPG,672f0f2f2f2f0701,351
32800.5,1246.9574930667875,0.6953125,0.2650861449978604,0.8865239601070299,28.003119001919387,14.742503214189703,124.94946617082532,74.58861821809913,77.61792226487523,57.04197225007368,570.3640424576452,335.3036502471752,0.3685084991155253,0.2575533082356297,A,grading/data_processed/banana/A/Banana_Good_IMG__8576.JPG,e7830331111191d1,74
26704.5,4981.209691286087,0.75,0.01352460737355,0.5484821721984884,56.044775602148675,48.5513817649366,86.26106394039161,72.1815844000833,91.11044879570264,59.13232988849299,18643.253915468853,2173.7734170484296,0.4110827293797165,0.3869241610497852,A,grading/data_processed/banana/A/Banana_Good__IMG20200730132050.jpg,00f84df97ab0b58a,468
42872.0,1319.7442893981934,1.0081632653061223,0.309317167898396,0.8738687321646963,30.080842250604075,17.53272922864122,119.16025773788976,67.64046286383343,98.26655160510872,69.1686539784778,742.7149614420098,246.61614401858304,0.3953912585417133,0.2782511645621534,A,grading/data_processed/banana/A/Banana_Good_IMG__8589.JPG,ef57cfcf45610303,193
21320.0,1323.9452995061874,1.1555555555555554,0.1528470215560326,0.6860489437356202,71.16432353478181,36.78526183392477,190.078281906153,78.6538318638584,60.47001095490232,36.811763834408254,299.9133726205519,143.93550724637683,0.6556546919430284,0.4059097792660004,A,grading/data_processed/banana/A/Banana_Good__IMG20200729190221.jpg,ff0f0f030101e1ff,301
44149.0,919.6812385320663,1.3333333333333333,0.6559278652397771,0.946205448037892,73.4117765768998,34.0623112931294,209.9321703253582,60.958197747844935,119.80902302845485,71.33768864823598,491.66249732010897,224.4789828431373,0.5002293353741013,0.0987932012377981,A,grading/data_processed/banana/A/Banana_Good__IMG20200729190235.jpg,0000303c3e7f7f07,556
34099.0,1602.8569852113724,0.9601593625498008,0.1667869083848571,0.6454659890021485,68.641575002154,46.61536856142775,80.67804934087711,53.21765508286359,77.05474022803642,56.24965216268659,1732.065012089584,200.02533200531207,0.5232601895787685,0.4192513186581824,A,grading/data_processed/banana/A/Banana_Good_IMG__8560.JPG,272f0f2f2f2f0701,351
40774.0,2966.5079103708267,0.75,0.0582240164724187,0.837214077450618,82.76216845707766,44.894385738076906,78.25268561650347,59.80849064275208,120.85138796463542,74.61185007182989,12884.94090254936,1867.9226521596856,0.1819016747382248,0.1288338996648232,A,grading/data_processed/banana/A/Banana_Good__IMG20200730132046.jpg,00403c3cfc2e4606,522
32796.5,1533.5849080085754,0.9529914529914528,0.1752353461753563,0.7644248138263778,23.34820788530466,15.807236172914902,105.87377538829152,81.98360608020207,66.41188769414576,38.957861033946806,760.6949529551931,204.3968968968968,0.4978959057406454,0.3560762625910287,A,grading/data_processed/banana/A/Banana_Good_IMG__9118.JPG,110301073d030fff,550
33142.0,1270.5138393640518,0.69140625,0.2580059828625126,0.8883111313624058,27.72078943463422,14.1881462042826,125.31283573230448,74.4658819445583,78.12461789583024,57.133905170496355,603.7933630963541,352.9188343394887,0.3550531310003396,0.246193893575971,A,grading/data_processed/banana/A/Banana_Good_IMG__8574.JPG,e7830331111191d1,74
30320.0,1915.8174450397491,1.0578512396694215,0.1038079976212976,0.630222406983995,25.428236804107172,19.673132528445446,101.30614471362104,77.44442702467123,63.53887373656345,38.66169823143459,1301.7469645773042,239.35279533300923,0.5918723479222797,0.4940322316389835,A,grading/data_processed/banana/A/Banana_Good_IMG__9124.JPG,030301205f677fff,137
29555.0,1198.2051857709885,1.297872340425532,0.2586892835231016,0.836635905565306,59.59425684658336,50.96638445135662,95.76262961978198,61.51310722467493,70.29284099973411,50.52472956476019,495.4705061225552,176.14134051308992,0.5292314649424207,0.3413291034150839,A,grading/data_processed/banana/A/Banana_Good_IMG__9130.JPG,0101013d017f7ffb,7
22920.5,953.653888821602,1.3369565217391304,0.3167031501419222,0.8171301247771836,125.73213979784136,62.20772220965617,58.22764262463594,68.3773062994265,55.59499743018674,37.77700857523325,1629.7655980558377,162.36594942324754,0.598518047240937,0.4852925504105312,A,grading/data_processed/banana/A/Banana_Good_IMG__0114.JPG,f0f0c0c0f0f8fce3,449
34224.5,1581.3838976621628,1.0695652173913044,0.1719777851365243,0.7489031608660927,28.072718944143833,28.643008246993737,68.16702453548628,73.31268274411727,70.52560909273097,41.72169048901212,1748.0859284666674,329.9494409937888,0.4804719018832392,0.378160905082372,A,grading/data_processed/banana/A/Banana_Good_IMG__8548.JPG,ff3f0f3b0d070101,144
30447.0,1194.1219242811203,0.7836734693877551,0.2683224600329954,0.8824066426118332,95.0315636598354,71.8821811223688,85.42284976601582,61.39061080064947,61.838792964337586,36.68143095386108,548.4155391303789,168.70907148199598,0.5230841873304819,0.3400264621802749,A,grading/data_processed/banana/A/Banana_Good_IMG__8979.JPG,010507070f0f5f7f,333
25601.0,1415.234622836113,1.0,0.160623802940081,0.5761384478626324,21.444313202514763,13.581216876549844,54.513697847208995,60.89741093844941,59.44778052962469,38.367480278128426,3238.283039595932,224.21864276960784,0.6609375431083221,0.5973902340616187,A,grading/data_processed/banana/A/Banana_Good_IMG__8945.JPG,000f1f3737171f7f,287
32477.5,1818.7219916582108,1.215311004784689,0.1233842765468731,0.8224754669199114,92.22423168203804,50.62421789953874,56.811758344098294,49.60145923203161,67.71253041728002,40.395051091924174,2039.0011487804277,350.2610586833596,0.4976204280228775,0.3681857041921661,A,grading/data_processed/banana/A/Banana_Good_IMG__8789.JPG,fffff0c080801c30,139
29120.0,1872.4793516397476,1.0,0.1043679516641143,0.6010443972011806,94.63264011750177,41.98295235008144,87.71625997262743,44.21302381394787,60.90135861401342,37.01383189025728,5470.760206978535,166.80291053921573,0.6449474521502347,0.5406699207509904,A,grading/data_processed/banana/A/Banana_Good_IMG__8951.JPG,0001091c3f7f7f7f,257
33119.0,925.7644991874696,1.4301675977653632,0.4856082249070864,0.8143148680878267,24.463099246193725,27.23048259006878,58.71078270714775,63.766215114461865,65.90146887942079,38.294995284159974,1398.390736680468,146.628853105488,0.4457909049280394,0.2719124193653473,A,grading/data_processed/banana/A/Banana_Good_IMG__8762.JPG,fffef80000070600,302
30768.5,1874.4621049165728,0.8091286307053942,0.1100431107099942,0.7914421308502566,82.27827710614596,55.243033152253496,37.94059750617128,60.16362310468382,65.27704285081334,39.53252402696738,2291.3979831657484,532.7028061770116,0.4031364935904456,0.3213511358374735,A,grading/data_processed/banana/A/Banana_Good_IMG__8776.JPG,fff1f2f2d0d0c0c0,293
18754.5,2723.4612276554108,0.75,0.0317740782356769,0.5097578212062732,78.7704276249749,55.78499859151877,66.08161011845012,64.6270978758973,84.03950010038145,51.962296916265586,9904.025343632946,968.0231920811516,0.6000870231905269,0.579798770422216,A,grading/data_processed/banana/A/Banana_Good__IMG20200730132250.jpg,478010b9703ed5f9,126
21106.0,1263.636644363403,0.9186602870813396,0.1661006663291364,0.6912520879048898,110.01591328413284,55.681174115009426,66.79524907749078,60.39079074312896,58.725968634686346,34.734616560755185,849.5304258871362,184.77619679851696,0.5633835832075151,0.4576185855452078,A,grading/data_processed/banana/A/Banana_Good_IMG__9326.JPG,ff1f171f1f1b0800,29
30730.0,1595.4011433124542,0.97265625,0.1517164340211754,0.6745321846018767,114.76470588235294,51.974675508656006,65.9118918918919,43.79113994947113,63.9272813990461,37.862475054485046,681.5733024804019,137.9273405997984,0.6392390539224442,0.5063402002263527,A,grading/data_processed/banana/A/Banana_Good_IMG__8986.JPG,0000003f4f0f7f7f,411
21796.5,1162.3401803970337,0.964824120603015,0.2027356500292485,0.7431216119464048,127.31276309897,56.57273798042785,66.14733542319749,58.839350028686454,59.70935960591133,35.164093449886714,507.66112798666586,179.1554105606567,0.5448292209849654,0.4148720890258006,A,grading/data_processed/banana/A/Banana_Good_IMG__9440.JPG,ff1f1f1f0f0d0800,29
32607.0,2460.410371899605,1.0,0.0676870535146235,0.5977068382413594,22.788274388796584,18.172980316015835,98.92671492997864,76.05466910345514,67.07533230477095,39.00000370163676,1455.697155802511,378.39560355392155,0.566123336797885,0.4764180531439438,A,grading/data_processed/banana/A/Banana_Good_IMG__8992.JPG,00061b3f3b2b6f7f,533
33905.5,2059.3494077920914,1.0,0.1004661914243943,0.6337239729355912,77.97206591639872,49.34135020018534,110.7456936150666,60.02164987839075,69.22295590261828,40.91298188491123,1584.7389777170029,217.0072610294118,0.5928087133838986,0.4631274919303741,A,grading/data_processed/banana/A/Banana_Good_IMG__8819.JPG,3f233f3717130300,176
40989.5,1652.070188999176,1.0,0.1887232885212456,0.7192339074056202,66.03953895185833,48.82076338307627,88.16441015072728,53.5969212073248,92.38800891423642,62.34888080291879,1401.6563387354836,274.5043198529412,0.4652126300207291,0.3589696124310714,A,grading/data_processed/banana/A/Banana_Good_IMG__9291.JPG,003023311d1f3f7f,39
33790.0,1678.7981112003326,1.0244897959183674,0.150661092367742,0.7610617475815624,22.40636308369279,11.782646486499974,109.15270821874186,72.99014670824195,70.57464609327505,43.711303257323365,1010.0671965285704,179.8447020408163,0.5635354282482008,0.4357931525430559,A,grading/data_processed/banana/A/Banana_Good_IMG__8831.JPG,ff1f3f1f07070101,29
33640.0,1661.969684958458,1.0406504065040652,0.1530451796656375,0.7541924491077033,22.34384179147884,11.164852928676105,107.75841209829868,73.58008739260946,70.33625127235713,43.64872345181521,1007.9962715480748,177.0364578351666,0.5763039614447829,0.4517872091327514,A,grading/data_processed/banana/A/Banana_Good_IMG__8825.JPG,ff1f3f1f07070101,29
40485.5,1618.9574908018112,1.0,0.1941057854919055,0.7219240370898716,65.06291398762586,48.70814175526039,88.31968943345869,52.90285360676387,90.94327308018926,60.97238450533502,1435.9628262014594,269.0568780637255,0.4725870628972683,0.3677229772832701,A,grading/data_processed/banana/A/Banana_Good_IMG__9285.JPG,003123731d1f3f7f,39
33394.0,1826.989015221596,0.96484375,0.1257205969635277,0.7305382671756561,40.04029828922357,45.247907558697,115.21623044304722,69.19368781513278,68.22014914461178,40.11440895048062,675.1846976168055,219.62490472560975,0.576688636650919,0.455996443195536,A,grading/data_processed/banana/A/Banana_Good_IMG__8602.JPG,7f3f0f4361190703,117
21298.5,2902.632800102234,0.75,0.031766888976913,0.5168723381019985,54.313946271832606,23.25047071253809,128.69979608121287,69.54467922752973,79.81642876141503,50.20797637374252,7599.754170433928,850.0063399869109,0.5557870100850685,0.5220979622769082,A,grading/data_processed/banana/A/Banana_Good__IMG20200730132318.jpg,ff4dc4e073701206,366
34004.5,1711.1240142583847,1.0663716814159292,0.1459430051866602,0.7288969390379834,53.277570039693956,46.98489277079393,112.98697002818848,60.32201148686742,71.11226485646897,44.33697794059969,497.7925885406613,165.78796091445426,0.5481331261122129,0.3568530351807851,A,grading/data_processed/banana/A/Banana_Good_IMG__9093.JPG,c19f13013f0103ff,135
34401.0,1878.9646319150925,1.0308370044052864,0.1224457513566986,0.7312438223384242,54.897900113507376,47.17666962356467,111.705505107832,58.93267184493901,71.57224744608399,43.81269986053462,466.3699922963987,181.11790285681872,0.5318004353494815,0.3315053542451295,A,grading/data_processed/banana/A/Banana_Good_IMG__9087.JPG,c11f33013f0107ff,135
4870.0,1168.9991213083267,1.0508474576271187,0.044782718731668,0.511877233550557,85.49636939117482,40.28086248986508,102.61292124371626,76.65611874172022,70.62651275367716,49.42699176849412,12980.171808842584,961.6185751688022,0.6259162115404033,0.6068240776812116,A,grading/data_processed/banana/A/Banana_Good__IMG20200730132132.jpg,3ebedf00b1381e06,77
38420.5,1581.9280531406405,0.992,0.1929298475238882,0.7424107746710209,72.26042065986864,48.646946969980675,85.36561118352117,44.26945504421879,81.75890004855734,52.55114045901,1772.8378602286678,234.26584615384616,0.4756795985753516,0.3651627785537418,A,grading/data_processed/banana/A/Banana_Good_IMG__9078.JPG,070717173b2941fb,383
33742.0,1950.846881866455,1.007905138339921,0.1114126020894731,0.7210060151500582,74.61077238708931,51.05475610574855,82.77033548126101,67.03515181861842,75.53327361516456,52.96669723098204,1889.207414949679,254.86466340916877,0.560608258120601,0.4588562642793832,A,grading/data_processed/banana/A/Banana_Good_IMG__9044.JPG,0707031c013f7fff,100
33445.5,2130.2854804992676,0.98828125,0.0926129978227382,0.6840409866241257,73.15470512969641,52.6190676831249,77.52326392927766,74.21773428878657,76.03137722461324,54.59068965703742,1825.4416017629344,285.4557136656746,0.5591995250948378,0.4627741739560932,A,grading/data_processed/banana/A/Banana_Good_IMG__9045.JPG,0707031c013f7fff,100
38919.0,1703.0823827981949,0.9880478087649402,0.1686165595981623,0.7469197405289218,72.68298891129032,48.835861452921854,83.93429939516129,45.166073400891456,83.31393649193548,54.019374299651346,1533.1378311197298,259.4808297175669,0.46836031388251,0.3578878247503443,A,grading/data_processed/banana/A/Banana_Good_IMG__9079.JPG,070717173b2b60fb,383
21070.0,2325.2286916971207,0.8135593220338984,0.048971460141965,0.6099555632752905,64.6260081558677,31.91710709048941,89.23638423198912,67.12961574168732,108.8996375169914,65.73640111249912,14030.051974479122,1310.793526488597,0.5224071107916396,0.4973345197300383,A,grading/data_processed/banana/A/Banana_Good__IMG20200730132133.jpg,02c3709cfcdc3a0e,477
34564.0,1758.9402470588684,0.9831223628691984,0.1403885498179969,0.7385312279652144,53.99052467826333,47.38664412232297,112.98455663979637,60.98208967747499,71.63241408570217,43.59922153674376,504.0923582879828,160.68379892332317,0.5494910059894085,0.3554942792156286,A,grading/data_processed/banana/A/Banana_Good_IMG__9086.JPG,c11f33013f0307ff,135
35154.5,1864.236711382866,1.0530973451327434,0.1271126220410509,0.7400246292456504,54.9336167611426,47.88233582539608,112.1873680115594,61.081858440282595,73.08744581527176,44.69610121749005,471.290588170631,186.2934916545312,0.5240939076909508,0.3263248120736534,A,grading/data_processed/banana/A/Banana_Good_IMG__9092.JPG,c11f33053f0307ff,135
21445.0,2548.6500458717346,0.75,0.0414873314557005,0.6021762021762022,61.749112531061414,30.19382972839825,115.45695775647852,71.55510183704281,87.88809016684417,57.9655711973958,8551.13120166088,1022.4118332787956,0.5536790811713322,0.5263853823817314,A,grading/data_processed/banana/A/Banana_Good__IMG20200730132319.jpg,fbe50d00f07cb60a,554
32986.0,1744.562609553337,0.96484375,0.1361966414734812,0.7287710577188622,39.7539405072292,44.66493182820977,114.86540056885518,68.97698421638573,67.48314173974876,39.73739214429104,682.4559606301923,209.3213605182927,0.5813435518847273,0.462459043491275,A,grading/data_processed/banana/A/Banana_Good_IMG__8603.JPG,7f3f0f4361190703,117
35793.0,1017.4701249599456,0.84765625,0.4344748399005937,0.8665327071127681,71.82158420210712,54.38529536184983,88.77759391030945,48.034698911887325,76.8935407358376,50.57005422297836,384.91622520465734,109.48998119212963,0.5224975216053231,0.3478197113980145,A,grading/data_processed/banana/A/Banana_Good_IMG__8617.JPG,3f1f0f63311b0303,16
33034.0,1651.2001323699951,1.0364372469635628,0.1522550123863788,0.7513447738619176,22.715977382397348,12.819592840529948,108.46144053998046,73.55880660491317,69.10355546345363,42.90487660734024,1045.694424262351,164.73414304993253,0.5870594127133033,0.4632764405418864,A,grading/data_processed/banana/A/Banana_Good_IMG__8824.JPG,ff1f3f1f0f070101,29
40944.5,1653.9280539751053,1.0,0.1880928160147685,0.7370415372845507,65.27146249610209,49.01635157328264,87.70421454100602,54.893509276441854,91.8371512869102,61.741441893231055,1358.1748500457034,270.52732843137255,0.4688784414775034,0.3603334181713094,A,grading/data_processed/banana/A/Banana_Good_IMG__9284.JPG,003123731d1f3f7f,39
41108.5,1566.4722100496292,1.0,0.2105213298709491,0.7199828360757665,65.56384378064239,48.69140049064712,89.11089852438236,54.215631719820784,92.5748451438548,62.38375879158946,1379.3693518256769,266.08674938725494,0.4641540140588538,0.3579262639418487,A,grading/data_processed/banana/A/Banana_Good_IMG__9290.JPG,003023311d1f3f7f,39
33470.0,1676.1118198633194,0.9795081967213116,0.1497130296327365,0.7620934230449583,22.478696668614845,11.641829233333365,109.56601402688486,72.99390018675565,70.15356516656925,43.69273994070099,908.2601732960156,186.16839440694312,0.5459846943506063,0.4102274214260631,A,grading/data_processed/banana/A/Banana_Good_IMG__8830.JPG,ff1f3f1f07070101,29
34068.5,2051.9768229722977,1.0,0.1016758880417241,0.6379570244838725,78.36784040242368,49.962507920688765,106.31470789985136,59.93464433159279,69.316108380016,40.92155307881986,1567.440298221074,218.86888786764712,0.5920901017408553,0.4608906341484266,A,grading/data_processed/banana/A/Banana_Good_IMG__8818.JPG,3f232f3717130300,176
13553.5,810.2569204568863,0.3429752066115702,0.2594273897694237,0.8639130573349906,112.31132346601524,56.80021865668193,87.55122862480242,59.07166277625829,52.80507256789769,33.99952892021778,538.1343493117998,245.91236645837537,0.4455158188448424,0.2991681074359503,A,grading/data_processed/banana/A/Banana_Good_IMG__9455.JPG,dfff08010103070e,342
34272.5,2443.8834598064423,1.0,0.0721098620847715,0.598212649345889,22.566108691964033,19.40545701818139,94.34191030933664,76.92607625109873,70.20005089634112,40.69541389510315,1573.682859612396,424.31580882352944,0.5424529315383557,0.4511958108094512,A,grading/data_processed/banana/A/Banana_Good_IMG__8993.JPG,00161b1f1d3f2f6f,113
19810.5,804.7766917943954,1.238709677419355,0.3843744586722317,0.7839067724511802,44.286655438874575,63.70009424937958,65.06469189617594,60.82396127780065,58.349960372498515,37.130204642428374,1030.066289634956,144.6396216855261,0.4831027858191857,0.3242346941944404,A,grading/data_processed/banana/A/Banana_Good_IMG__9333.JPG,3fffe70707070000,208
22040.5,1468.9331073760986,0.897196261682243,0.128359278721152,0.6857440652126567,108.98775707931476,56.30518113049609,68.82727793191526,60.46721054112961,60.891355088739154,35.94172125744396,810.5009875847356,225.0278416597349,0.5520471418849476,0.4426663813774386,A,grading/data_processed/banana/A/Banana_Good_IMG__9327.JPG,ff1f171717191808,587
33234.5,2109.8834602832794,0.921875,0.0938171159546361,0.6937802039516946,109.41304411463364,45.243515253331566,79.99010567606335,34.191112739779946,68.21799713123153,40.23613359882362,830.1218244686307,221.16505984042556,0.5735545498661544,0.4303099783957176,A,grading/data_processed/banana/A/Banana_Good_IMG__8987.JPG,010171190f077f7f,437
30835.5,2433.7900936603546,1.0406504065040652,0.0654176020949092,0.5525085110195306,99.69086577644036,38.71769183990329,80.7454391574196,49.159243654100585,65.25014105698702,39.46294846749304,2338.355287867439,277.1866889845369,0.5880378084401929,0.4858312988360448,A,grading/data_processed/banana/A/Banana_Good_IMG__8777.JPG,ffdedefc98808080,63
35294.0,3337.919155716896,0.75,0.0398069696444205,0.7417744664305755,58.273657846019816,47.1074548782987,92.21455406729828,70.81845461904744,108.161194598715,70.12297938632747,8602.89297442966,1411.0744846204184,0.2791317201424408,0.23360848573901,A,grading/data_processed/banana/A/Banana_Good__IMG20200730132251.jpg,c0047860d8ed8075,282
32326.5,886.8944422006607,1.4628571428571429,0.5164457207854778,0.8425490323841793,24.826896656998933,26.962231822761723,59.85214471073119,63.04034344080687,64.27369867195848,37.3443437336439,1169.518977733877,97.69091316526612,0.4755564051072268,0.2743772009231332,A,grading/data_processed/banana/A/Banana_Good_IMG__8763.JPG,fffff80000070700,302
28969.0,1749.4255284070969,1.0,0.118946713910726,0.6047492302071917,94.98937957921623,41.866283139407365,84.7368757141897,45.53055041439803,60.92955568999126,37.317086941176434,4913.2666345720645,154.10540747549018,0.6476367618144903,0.5449655708467183,A,grading/data_processed/banana/A/Banana_Good_IMG__8950.JPG,0001091c7f7f3f7f,257
33445.0,1737.994069814682,1.2549019607843137,0.1391375922752375,0.8598681081359026,93.78010287584756,49.39384785978748,59.74383329436521,45.988246972063784,69.16515665185878,40.86586437702396,2138.596257205011,338.8153787004999,0.4783011185967814,0.3405969399953026,A,grading/data_processed/banana/A/Banana_Good_IMG__8788.JPG,fffffac080801810,139
24850.0,1621.6854139566422,1.0,0.118741638130284,0.5572123685449694,20.92466476406427,12.311787751402411,55.22518472184213,61.288208768344646,57.79717737206302,37.02305267457879,3159.1657430073246,240.36603860294116,0.6696687514014632,0.6066286000686932,A,grading/data_processed/banana/A/Banana_Good_IMG__8944.JPG,000f1f3737171f7f,287
30340.5,1124.080293893814,0.7479674796747967,0.3017435037344424,0.8920790332539472,92.9567543034979,71.0028210711812,85.02502674490226,61.122535102182326,61.65170032742244,36.72248614094942,489.4477490348715,163.33306677329074,0.5098877264150621,0.3171476736869418,A,grading/data_processed/banana/A/Banana_Good_IMG__8978.JPG,01050707070f5f7f,333
30154.5,1184.5067019462583,1.2774869109947644,0.2700765959469591,0.830702479338843,60.37269023953071,51.299631627624144,94.1032100374776,60.90580672594631,71.7993482157406,51.53975752182629,509.351534236407,179.72162971581238,0.524770518378737,0.3387667790959421,A,grading/data_processed/banana/A/Banana_Good_IMG__9131.JPG,0101013d097f7fff,7
29557.0,1333.2833923101423,1.391304347826087,0.2089417734956473,0.8191959645792048,122.8780860100876,49.07708761262556,50.32350013273162,65.21274306567703,61.74890496416246,36.1505911850289,1712.3196719193052,271.51705029838024,0.4808887438077627,0.3558033650986477,A,grading/data_processed/banana/A/Banana_Good_IMG__0115.JPG,f0e0e0808080fdff,20
5501.0,1423.6753089427948,1.24,0.0341059069506393,0.4185020350717029,77.5568666011144,32.965481999948494,95.80350704686988,73.35166415768326,89.99246148803671,58.91300083339624,18190.19020420129,1282.87812987013,0.672684066174738,0.6611057277536471,A,grading/data_processed/banana/A/Banana_Good__IMG20200730132053.jpg,7e9de3e17b181015,436
33188.5,1240.9574913978577,0.69140625,0.2708218360390462,0.8872388488631655,27.687242432328265,14.403907539812392,122.82649945151056,74.0651319360799,78.305879213733,57.23147166129454,674.8748221293445,352.02443625710237,0.3561167944755769,0.2450658440421758,A,grading/data_processed/banana/A/Banana_Good_IMG__8575.JPG,e7830331111191d1,74
26367.0,1760.2539551258087,0.84375,0.1069350127605784,0.6070729629544356,45.496888463379605,56.91512846041947,42.20480907316714,67.9335934116327,56.956217549803,35.4376344576311,1764.060352309414,314.96922238372093,0.5764807423242891,0.4997893770867656,A,grading/data_processed/banana/A/Banana_Good_IMG__0129.JPG,f7f3f1f1f1f0c080,434
33856.5,1519.8447935581207,0.9523809523809524,0.1841846544618325,0.6418841417751278,68.95463362380939,46.68431740702853,81.22367621087983,54.63928892473737,77.80761992993834,58.20244532044635,1695.6315038879327,189.37206946934975,0.5289895299706749,0.4240951243583179,A,grading/data_processed/banana/A/Banana_Good_IMG__8561.JPG,272f0f2f2f2f0700,351
28218.5,1807.089522242546,1.3264248704663213,0.1085886547261942,0.6871248554209534,24.855123918513662,17.12244657619542,103.90148564337665,77.11161865738848,60.02826514080866,37.28648813158392,1249.8068878461395,277.6686172914762,0.5277375815228219,0.4089775972089739,A,grading/data_processed/banana/A/Banana_Good_IMG__9119.JPG,07070301209fcfff,168
39550.5,3153.4612276554108,0.75,0.0499789181380655,0.8135786723715879,84.02433125687065,46.066980026230056,78.29571271528032,61.25109170811723,119.71520703554415,74.78621750468616,14199.532311594734,1978.7567899214664,0.2001147326009868,0.1511719712994562,A,grading/data_processed/banana/A/Banana_Good__IMG20200730132047.jpg,10e0383cfc0e4206,316
25072.0,1722.999122619629,1.3333333333333333,0.1061276946852349,0.660676170650083,72.34332688588007,34.664225213154516,193.1769825918762,74.10926047132902,72.64912959381044,45.671452047471064,367.7655785775019,163.71717728758165,0.722621977546989,0.4669897558720327,A,grading/data_processed/banana/A/Banana_Good__IMG20200729190220.jpg,7f7f5f5f17030000,93
17766.5,1226.957491993904,0.9209039548022598,0.1483039473340906,0.7187531605882234,50.29983606557377,40.40357190798368,166.2968306010929,75.63764119743028,54.573934426229506,41.76910443872613,3384.2860762109835,281.03885052660945,0.4849727988377921,0.3512476990931443,A,grading/data_processed/banana/A/Banana_Good__IMG20200729190224.jpg,ff8bc1c1c1c1d183,424
30138.0,1988.1017154455185,1.0534979423868314,0.0958179979805634,0.6386454900880474,25.231049492181203,18.72454071357632,100.97298081573432,77.3967323527199,63.221860390133806,38.44393460152743,1386.0736199314863,246.96378600823044,0.5939144696936169,0.4981124529220802,A,grading/data_processed/banana/A/Banana_Good_IMG__9121.JPG,030301205f677fff,137
34130.5,1590.9574917554855,0.9407114624505928,0.1694475767943367,0.642522990615499,69.52244160018367,46.63203255443544,81.21838948516329,52.32999139195667,76.72587958445733,55.376425119223725,1660.7318375173122,189.54271943429896,0.5228692160530252,0.4162884722386896,A,grading/data_processed/banana/A/Banana_Good_IMG__8559.JPG,272f2f2f2f2f0701,351
32250.0,1788.170695066452,1.0,0.1267423152881558,0.6833061423395554,103.55364326547895,76.49176104449181,35.521853543449986,53.93538415080548,66.5773570067451,38.799314588561245,2303.085485463729,218.27075674019613,0.5872044706609153,0.4934676000307977,A,grading/data_processed/banana/A/Banana_Good_IMG__0111.JPG,f8e0e0e0f0f0f8f8,392
47007.0,1380.548331975937,0.94140625,0.3099339620798677,0.8574946642587424,57.28875545851528,47.59349312002713,91.74193819281156,56.55821929339462,102.70448438024856,67.94313825041786,676.0001726606818,207.240380859375,0.4173221752733688,0.2252676052350355,A,grading/data_processed/banana/A/Banana_Good_IMG__9135.JPG,010111497f3df3ff,50
34830.0,1753.7097980976105,0.93359375,0.1423140839423642,0.6515760920400336,71.40656501839216,46.42001629970361,78.76269901440486,48.47945244815149,76.02754612079859,52.69451997913056,3769.580905128341,223.67957261029412,0.5192070501969025,0.4121975103478134,A,grading/data_processed/banana/A/Banana_Good_IMG__8565.JPG,672f2f2f2f2f0701,351
33646.5,1210.5310856103897,0.6875,0.2885345775655146,0.8995668796620592,27.82798876470244,15.305873276051877,124.00664169933876,74.82595787115716,78.76048920358124,56.97011950053746,636.2243506199072,341.70055803571427,0.3448037581877535,0.231910584670314,A,grading/data_processed/banana/A/Banana_Good_IMG__8571.JPG,e7830331111191d1,74
31298.5,1808.3443551063535,1.063063063063063,0.1202738238364996,0.698549269054793,23.508555399719494,18.74861370516235,112.32348449431198,80.6287787018154,64.13339566775753,38.0979009476447,673.4096365367168,250.5233467510063,0.5210822077465667,0.3824406337788785,A,grading/data_processed/banana/A/Banana_Good_IMG__9109.JPG,f90301073f1b07ff,207
31709.0,1305.4255284070969,0.78125,0.2338235271049127,0.8241669699017519,62.42758428358949,54.445999331652615,96.14275532969756,65.9641996543426,65.82381011403074,41.34484715747038,423.5586850582123,207.40389447236177,0.5183055210222106,0.3634964279090317,A,grading/data_processed/banana/A/Banana_Good_IMG__8798.JPG,e787939303078387,186
35461.0,1293.494507431984,1.0,0.2663370988356937,0.8353297292204045,76.08887162986797,78.68903303711676,89.01844557860868,59.527733517591045,73.53295240208588,45.47772782688831,868.0996007323265,116.14880514705884,0.587965500309387,0.4512290669638806,A,grading/data_processed/banana/A/Banana_Good_IMG__8940.JPG,000001030f7f7fff,153
29704.0,1651.8275490999222,1.0,0.1368029272346663,0.6044831550992582,98.2452210470998,39.793439257133095,87.94987847336267,43.51650471454299,63.270281810418446,38.46193953225703,4700.3372750794515,169.06292892156867,0.6352029063482565,0.5341248897085492,A,grading/data_processed/banana/A/Banana_Good_IMG__8954.JPG,0001011c3f7f7f7f,257
28666.5,1777.266147017479,0.8046875,0.1140458793900506,0.6090702417881273,97.95509012525883,41.58209992032242,87.78967378390305,54.15250124833951,60.28690722699345,35.70607170792924,1674.9341694873829,262.1428734756098,0.5235943467631325,0.4352077219103842,A,grading/data_processed/banana/A/Banana_Good_IMG__8968.JPG,03030f0b1b1b7dff,141
14934.5,696.4335465431213,0.3721973094170404,0.3869378250836103,0.9275798888233284,110.04489742413318,52.36311239261669,105.57068886412794,43.99578564614475,47.021563872320904,32.465277235238645,552.2721286460728,167.1933172919173,0.4035494885679754,0.1714690330281527,A,grading/data_processed/banana/A/Banana_Good_IMG__9445.JPG,ffc7030303030707,87
30217.0,1979.5331721305847,0.92578125,0.0969026470990608,0.7045560529751912,109.652357064763,56.855707752407206,64.86156666023538,48.85687445099312,61.89018586404271,36.669148758384374,664.527068662033,185.97333487817795,0.6299689175901303,0.4849123939546098,A,grading/data_processed/banana/A/Banana_Good_IMG__8983.JPG,0101013f7fcf3f7f,272
20804.5,1238.565575838089,0.8847926267281107,0.1704233650374183,0.6898386856110218,108.75377919221228,57.739556604542464,63.18650255066223,58.08188042724908,59.51429774886507,35.390360601912036,1191.7012209887423,188.11981566820273,0.5807549679634355,0.4846757447999138,A,grading/data_processed/banana/A/Banana_Good_IMG__9323.JPG,ff3f3f3f171b0c00,240
23272.5,1158.6244527101517,0.8648648648648649,0.2178549955124182,0.6368786174623373,38.04546218487395,55.36029916019141,80.22063025210085,61.83265993709897,63.202478991596635,37.42509115067193,1046.307244584023,169.15610112730533,0.548410078367105,0.4387912100543967,A,grading/data_processed/banana/A/Banana_Good_IMG__9451.JPG,fff3070f0f0f0800,55
34759.0,2440.126100063324,1.0,0.0733588639307252,0.5999603006792036,22.67916317991632,19.122254944626608,92.41299860529986,77.06127814767405,71.2529149232915,41.396752249458864,1735.591598293744,435.108149509804,0.5337931244018795,0.4435538953702779,A,grading/data_processed/banana/A/Banana_Good_IMG__8997.JPG,00061f1f1d3d2f6f,113
26889.5,1060.0559095144272,1.924812030075188,0.3007011215210308,0.8415855528778442,84.41719023962595,71.74523493420577,71.32415254237289,69.3557792731297,55.00467562828755,32.76635191775607,849.373378352762,141.10800530738612,0.3986095767926302,0.1963264834503565,A,grading/data_processed/banana/A/Banana_Good_IMG__8767.JPG,ffffffff02000000,490
41082.5,1604.815356850624,0.98046875,0.200454857553132,0.7242844424072001,66.24852297462148,48.61277605720231,88.37414786997392,53.281548175388174,92.4079699571842,62.20325976198963,1346.0536511666237,271.61796875,0.4554997572549145,0.3456390237180937,A,grading/data_processed/banana/A/Banana_Good_IMG__9294.JPG,003023331d1f3f7f,39
33330.5,1918.2367088794708,1.0,0.113827526134902,0.6506241642835531,77.53095843935539,50.64036800234916,99.93855108069376,57.437518942356434,69.87721915123863,40.89645720507846,1530.665348782204,206.81505821078431,0.6014978452024863,0.4727791386420382,A,grading/data_processed/banana/A/Banana_Good_IMG__8820.JPG,3f233f3717130300,176
32410.0,1229.3178825378418,0.7874015748031497,0.2695010717357728,0.8106756046924636,67.89057474054744,54.45238684264766,91.29368210232444,62.19583113026264,66.37922558718213,40.616231648013226,451.60730512586025,176.83701974439128,0.500504985709011,0.3465375687085206,A,grading/data_processed/banana/A/Banana_Good_IMG__8808.JPG,f7c7938303070103,364
34262.0,1688.3960908651352,1.0755555555555556,0.1510337128812729,0.7332926685714897,53.95053407208545,46.692282615751786,113.50214200034272,60.738186048913235,71.56817273090763,44.512556053526616,483.8569696969697,166.48923928077457,0.5417510619894492,0.3520126558466072,A,grading/data_processed/banana/A/Banana_Good_IMG__9096.JPG,c19f13013f0103ff,135
32980.5,2102.0012086629868,1.0,0.0937996410989576,0.5767687101597545,78.78497921151181,50.88985067507389,69.55046737239407,71.67681594824178,67.2689234216967,39.22446265719247,1742.0207773437724,261.4826133578432,0.5808198767822178,0.478532422662098,A,grading/data_processed/banana/A/Banana_Good_IMG__9082.JPG,01001e331f3e7f7f,204
37474.0,1188.8670916557312,0.94921875,0.3331756893382482,0.7907742303066112,68.5239898989899,47.54042950955131,93.55450336700336,52.1750896474528,79.64186132154882,49.91600608687676,2085.48789713029,142.32877066115705,0.5154245457718075,0.3868276103282166,A,grading/data_processed/banana/A/Banana_Good_IMG__9055.JPG,03012101275f3f7f,573
33411.0,1942.5037360191343,1.1130434782608696,0.1112693658467019,0.7243891334041584,70.0715765516034,50.07084398500713,92.3828601441452,57.23731802160396,74.24933617344111,51.3758071604722,1507.7300701497588,238.42893435635128,0.5324666788087643,0.4127629127777912,A,grading/data_processed/banana/A/Banana_Good_IMG__9041.JPG,0f07031c003f77ff,100
37419.5,1500.9574930667875,1.0,0.2087233601498856,0.7776773281792297,25.48214754528748,24.14775900927665,87.08041480703596,76.16654119508476,89.73011289052245,68.82028287701291,1452.5378130616157,237.5557444852941,0.5459602329179183,0.4161145107604613,A,grading/data_processed/banana/A/Banana_Good_IMG__9069.JPG,0e00403e013f7f7f,69
37075.5,2807.4957172870636,1.3333333333333333,0.0591096891940967,0.7658724010783008,56.44387009189641,32.85035169893001,97.5435463659148,67.96666659073918,108.8391812865497,69.3707736256044,9759.91499876976,1657.8008578431377,0.2569662592026096,0.2058900278154695,A,grading/data_processed/banana/A/Banana_Good__IMG20200730132123.jpg,050c1e3736b42c08,8
37494.5,1770.236709713936,1.0,0.1503539165476779,0.7528033489604771,25.68185261618035,24.487179519956783,88.25981557430579,75.93299685820092,89.47441289412502,68.35873058210512,1410.2142752967775,282.531418504902,0.5419418965823313,0.4117643461395033,A,grading/data_processed/banana/A/Banana_Good_IMG__9068.JPG,0e00403c013f7f7f,69
13664.5,2061.3393021821976,0.5432098765432098,0.0404114693458431,0.5539699592564815,96.50003433358512,35.50217407142166,88.58662363523999,66.34799061748002,64.73707340520497,47.9096851230607,14899.899220928228,953.6221216976096,0.5552097360004004,0.5283854745847305,A,grading/data_processed/banana/A/Banana_Good__IMG20200730132136.jpg,3fef3e3b5b630301,313
35929.5,2439.6723428964615,0.96875,0.0758574137195107,0.6971593224285465,67.96363783827624,50.989954978828855,93.12363134986076,58.69103588455147,80.65557327854226,54.04784138608132,1675.8201097534052,357.55041751012146,0.5186625431270712,0.4093250267231734,A,grading/data_processed/banana/A/Banana_Good_IMG__9040.JPG,1361070a150b77ff,116
32231.0,1951.047890663147,1.0,0.1064015083657231,0.5666640294663186,25.043143297380585,26.33820476004305,73.42940874346657,78.71224994237905,66.18435602284057,39.10658932773722,1559.156364645809,242.550168504902,0.5889505771550487,0.4915124699231572,A,grading/data_processed/banana/A/Banana_Good_IMG__9083.JPG,01001e331f3e7f7f,204
33553.5,1652.3544610738754,1.0582959641255605,0.1544334088981147,0.7356691040243809,52.57493219795282,47.12526119481245,114.7187308623254,60.660248017260464,69.88265142457205,43.32937472820308,487.8781939262771,159.95532869001048,0.5400209330978553,0.3437831599456185,A,grading/data_processed/banana/A/Banana_Good_IMG__9097.JPG,c11f33013f0103ff,135
32792.5,1870.202220439911,0.94140625,0.1178168086526257,0.7239681646079633,39.283113173866475,44.45944653838679,112.2577353326193,69.29745850699065,67.0522729977389,39.49176901828435,617.2201288829189,227.0735514322917,0.5732491244498439,0.4508186803741067,A,grading/data_processed/banana/A/Banana_Good_IMG__8606.JPG,7f3f0f0361190703,117
33049.0,1416.1706945896149,0.7890625,0.2070794395436419,0.8162665481130211,68.08475381600047,54.25272694278157,90.83824315495634,59.69108024812881,67.60827344538814,40.94737362461149,481.44387548996554,208.40588075248755,0.4963904202276754,0.3425595727334448,A,grading/data_processed/banana/A/Banana_Good_IMG__8809.JPG,e7c7938303078103,364
40611.0,1627.7442890405655,0.97265625,0.1926110448130417,0.7333417602658096,66.28102931217956,48.771612399547784,87.89583534874721,51.79223661422735,91.26528489890684,61.3368650650573,1434.166465126909,275.73528855846774,0.4573045558369487,0.347469190530074,A,grading/data_processed/banana/A/Banana_Good_IMG__9281.JPG,003123735d1f3f7f,39
34152.0,2093.876317858696,1.0,0.0978867604597864,0.6349607704607146,78.31372716650993,48.94364760744532,112.00019948134847,58.40988833324592,69.87674902396625,41.43150151811237,1636.5724357655272,220.4772824754902,0.5904985755814129,0.4591032108838922,A,grading/data_processed/banana/A/Banana_Good_IMG__8821.JPG,3f233f3717130300,176
33443.0,1572.4305795431137,0.9714285714285714,0.1699699437508521,0.7615913645472764,22.126222404403585,9.93009302736571,108.52755167769514,72.77015272201173,70.09026761140716,43.585250775597146,963.0864843541846,170.71364849737364,0.5469015934373669,0.4122352070534668,A,grading/data_processed/banana/A/Banana_Good_IMG__8835.JPG,ff1f3f1f07070101,29
41112.5,1582.8986159563065,1.0,0.2061947255183877,0.7192215176033239,66.4838231425907,48.768371358538744,88.71455558478203,52.5884405023025,92.1197541787226,61.736071354620464,1392.237319408916,266.7189185049019,0.464715124233533,0.3580793823797601,A,grading/data_processed/banana/A/Banana_Good_IMG__9295.JPG,003023331d1f3f7f,39
26744.5,1164.1391696929932,2.0,0.2479902136223238,0.8622807583182873,68.80847631617539,72.60558894252077,72.97261328640563,68.89201221299992,54.42161607273794,32.47500048976899,784.4135771906003,166.4189950980392,0.3771597994591733,0.1679041010537718,A,grading/data_processed/banana/A/Banana_Good_IMG__8766.JPG,ffffff8f00000000,123
34878.5,2492.996157169342,1.0,0.0705219715400153,0.5989473322686449,22.57279395421205,18.903302150165615,93.03628584129808,76.59548861854566,71.5005001111358,41.45139849486905,1780.8708511441946,445.9007506127451,0.5317552196641225,0.4417469680627467,A,grading/data_processed/banana/A/Banana_Good_IMG__8996.JPG,00061f1f1d3d2f6f,113
23531.0,1449.8620394468307,0.75,0.1406685106754863,0.588989149343579,114.97044110959528,52.83689348411061,81.81512257637769,48.666063774334646,63.73735995700525,36.89713410860496,588.957824488067,177.25873282068068,0.6134724886751015,0.5038934469582154,A,grading/data_processed/banana/A/Banana_Good_IMG__9450.JPG,fbff0f0f0f0f0808,55
14890.0,576.3086559772491,0.4009661835748792,0.5633707263256901,0.9411244193028474,117.83822462573367,55.46830013432826,94.8838620325793,49.935162393374576,45.116929367539406,29.8668037037603,222.1129322598584,141.1109932838459,0.3714740158600099,0.1177119811300718,A,grading/data_processed/banana/A/Banana_Good_IMG__9444.JPG,ff83030303030307,201
20847.0,1388.5483309030533,0.8888888888888888,0.1358724570168466,0.7016829350387075,107.46274911529149,58.36038702465623,63.02682063699013,58.3601729384244,59.30946172471596,35.1005150861301,1179.8467925847478,220.61321989528793,0.5722463324178481,0.4784373738811049,A,grading/data_processed/banana/A/Banana_Good_IMG__9322.JPG,7f3f2f3f17190800,240
28792.5,1852.1778339147568,0.8046875,0.1054687684075444,0.6136182002237732,97.54337329056222,41.17720710753756,91.50075975012662,52.61890861251966,60.67776464629411,35.96635826005548,1699.704821222453,274.9426829268293,0.5221284860321288,0.4319924972642122,A,grading/data_processed/banana/A/Banana_Good_IMG__8969.JPG,03030b0b1b1b7dff,141
31953.0,1909.449913978577,1.0,0.1101298280950674,0.7070342752196137,90.6758214960678,47.46776191984602,67.05480704749131,46.068772644703294,67.2324879595196,40.73389488466358,1747.7717571045662,231.01668862538423,0.619554376849833,0.4831550764201957,A,grading/data_processed/banana/A/Banana_Good_IMG__8955.JPG,010501014f7f7fff,153
31461.0,1307.425527095795,0.78125,0.2312855319600422,0.8204506337036458,63.997158469945354,55.60189617662355,95.8207650273224,65.99536832120782,65.16131147540983,41.03236043807393,423.71594192466733,202.91137327261305,0.5200740753303769,0.3676981084838961,A,grading/data_processed/banana/A/Banana_Good_IMG__8799.JPG,c787931307078787,186
33793.5,1247.158501982689,0.69140625,0.2730233145299814,0.8944930451699996,27.99944670937682,15.378210906660884,123.03750728013978,73.37477767696483,79.2834012813046,57.30655488622108,631.5333312074575,354.32399680397737,0.3445712733791272,0.2322797899304104,A,grading/data_processed/banana/A/Banana_Good_IMG__8570.JPG,e7830331111191d1,74
30915.5,1883.5991877317429,1.1069767441860463,0.109498747070982,0.6933203260784248,23.40522484479879,18.230466981869657,114.44130715658778,80.7533522281757,63.4220212397189,37.75693303532309,654.1286907524757,257.13884800314,0.5142367515843609,0.3751752794301455,A,grading/data_processed/banana/A/Banana_Good_IMG__9108.JPG,f90301073f1b07ff,207
33924.5,1659.3838974237442,0.9563492063492064,0.154820896057205,0.6413070190362766,69.54323872158763,46.75661860080057,80.02757586246683,52.12426564287557,76.47957770854967,55.70137574689051,1738.7540230648144,200.49492394179896,0.5258939878812385,0.4238191258654332,A,grading/data_processed/banana/A/Banana_Good_IMG__8564.JPG,272f0f2f2f2f0701,351
46752.5,1417.07524228096,0.93359375,0.2925693870443162,0.8604253126351532,57.38811166677217,47.80241906019965,91.40581545019096,55.92400600288917,101.61357641746324,66.97245233305794,665.4968358697984,206.58316373424367,0.4174497008113917,0.2224311841360242,A,grading/data_processed/banana/A/Banana_Good_IMG__9134.JPG,010111097f3df3ff,50
30899.5,1915.0895228385923,1.032258064516129,0.1058724968294033,0.6394764072847682,25.027783027783027,17.183086840341414,96.98475398475398,76.99688810646772,64.62606312606313,39.025522826037474,1250.7205531728623,235.42073055028465,0.594270919707429,0.4966288749167116,A,grading/data_processed/banana/A/Banana_Good_IMG__9120.JPG,030100205f7f7fff,137
33534.0,922.4751765727996,1.0729166666666667,0.4952059422880226,0.9310215583658398,67.04327857269034,35.66912906909623,188.66660778425484,41.70747433461555,97.68439027262556,64.83210386684418,484.38114281858105,212.56082317073165,0.4947071862626671,0.1399988100794072,A,grading/data_processed/banana/A/Banana_Good__IMG20200729190231.jpg,07070f0f05153d2d,268
34735.0,1810.3027238845823,1.0,0.1331909625390389,0.7339207234617985,44.612593593424535,51.26000879927162,115.25066148736136,67.20465668526897,70.98071834712604,41.85572885186417,624.7937727412209,218.5267003676471,0.5716678170772231,0.4547914633886291,A,grading/data_processed/banana/A/Banana_Good_IMG__8599.JPG,7f3f0f4321090703,117
25830.0,1440.430579662323,1.2864583333333333,0.1564406475215922,0.6680287591165365,69.01401322001888,38.27040405185863,192.17457979225685,42.544659906736655,95.78832861189802,80.5464424869339,7225.34638255172,869.6096925813008,0.6326236337680821,0.4339370991021311,A,grading/data_processed/banana/A/Banana_Good__IMG20200729190233.jpg,030343cffbdbd94f,280
47267.5,1400.1046797037125,0.953125,0.3030061773585182,0.8521042337055965,57.41724425887265,47.95697161451215,90.72688935281838,55.51251418404433,103.28686847599164,68.19889081623772,677.9541568256328,209.0322305812757,0.4199981928942591,0.2302512387963726,A,grading/data_processed/banana/A/Banana_Good_IMG__9136.JPG,01011d017f3df3ff,50
31355.5,1619.5016475915909,1.1179039301310043,0.150231431733829,0.7024632307640608,62.24248184736202,70.9650716384449,39.89641310106267,58.29901764324808,64.89756614416154,38.26998075471299,1550.6398539602162,197.47041698775584,0.5779794476086886,0.4503112602753832,A,grading/data_processed/banana/A/Banana_Good_IMG__0112.JPG,f8c080e0f0f0f8fa,392
29852.0,1894.9890174865725,1.080168776371308,0.1044647819997636,0.6361166455352292,25.473327467657313,19.88610637583316,101.86137452341384,76.71445992399747,62.59966761169225,38.12141030748021,1187.66694143299,237.79786547530404,0.5927678783389891,0.4910735444693093,A,grading/data_processed/banana/A/Banana_Good_IMG__9122.JPG,030301201fef7fff,137
33280.0,1232.572715997696,0.69140625,0.2752758304981548,0.895297535779619,27.875661610337385,14.600073028668612,124.87439013572252,74.0063767596873,78.32159437002868,57.01835310789012,607.5770327533869,335.36257102272725,0.3574194158573825,0.2434797573996912,A,grading/data_processed/banana/A/Banana_Good_IMG__8572.JPG,e7830331111191d1,74
34665.0,1642.1706944704056,0.96,0.1615341955934461,0.6579734077385189,72.19707369431968,46.593594261537994,78.93215264243143,48.24641313956384,76.14591983730192,53.20204448025295,2239.336738222222,205.2228953974895,0.512620332886521,0.4041604598195625,A,grading/data_processed/banana/A/Banana_Good_IMG__8566.JPG,672f2f2f2f2f0701,351
20402.5,3252.078540325165,0.75,0.0242421536392861,0.4717886460862527,26.853834158869933,12.949202876610483,143.86263988259034,66.12373313127654,85.45248578242524,53.97250134515228,12315.04924768168,1171.4089087041882,0.5597352623547969,0.5369362803882101,A,grading/data_processed/banana/A/Banana_Good__IMG20200730132040.jpg,0020503cf8fcc684,602
28697.0,2106.9890162944794,1.0,0.0812310035129766,0.5789712602515863,20.922464403805925,12.083115536074844,58.99686213644645,61.10432832582791,62.440245630609354,39.4066327813844,3093.1951787413564,343.86902573529414,0.610209813985985,0.5419522253129035,A,grading/data_processed/banana/A/Banana_Good_IMG__8943.JPG,000b2f273737377f,79
21826.5,1076.3401808738708,0.9896907216494846,0.2367526546417356,0.7318925625377238,57.115158847515346,72.39962807343238,78.26284894923153,58.92641859966145,64.06335977057849,37.895778057600054,985.951200103066,195.16000971555033,0.5086084502958331,0.3979428132747163,A,grading/data_processed/banana/A/Banana_Good_IMG__9452.JPG,ff070f1f0f0f0400,22
34768.5,2506.5108770132065,1.0,0.0695435139707951,0.6016872890888639,22.26990805238228,18.733472813166863,93.54639175257732,75.53595097804194,71.28094176650878,41.28891884375053,1687.345079746097,441.7839920343138,0.532991815270644,0.4433676393998909,A,grading/data_processed/banana/A/Banana_Good_IMG__8994.JPG,0006131f1d3f2f6f,113
23057.5,1102.0559099912643,0.8807339449541285,0.2385694479156239,0.7676621387668131,39.23840441332485,55.9761098460635,84.39919371949925,66.7770826927529,62.388457458094635,36.3737605802492,996.5438871998437,154.29314568423078,0.5605118965158421,0.4353927926618698,A,grading/data_processed/banana/A/Banana_Good_IMG__9446.JPG,ff1f1f1f1f181800,75
29139.0,1213.4945086240768,0.8791666666666667,0.2486616875765025,0.8341873980132261,91.17457056247896,74.01159417806493,80.98743684742338,57.850698742798386,58.68147524418996,34.35109606678791,597.681361838218,147.23420634920635,0.5780697864989492,0.4140129583650643,A,grading/data_processed/banana/A/Banana_Good_IMG__8980.JPG,010707070f0f1fff,333
30494.5,1084.1736599206924,1.4301675977653632,0.32601206840292,0.7379100071384497,33.423023578363384,51.046653475745025,68.53249685514305,60.77567928253151,61.29122988097926,35.51181548864516,1016.3773307191911,104.6133640048198,0.5052819735067632,0.3285394533414874,A,grading/data_processed/banana/A/Banana_Good_IMG__8758.JPG,fffffcf000000000,151
32227.5,1649.8691791296003,1.098712446351931,0.1487775702571709,0.6506728313429371,95.74946155012891,42.0662041695136,90.5578340664341,41.211384948049854,66.66452297891703,40.03415308211726,3625.917089773596,207.94457628544984,0.537552950442762,0.4437072083819803,A,grading/data_processed/banana/A/Banana_Good_IMG__8770.JPG,ffc6e0f0f0f0e0c0,218
32407.5,902.2081505060196,1.4628571428571429,0.5003131310437569,0.8340088785948658,24.666067839961027,26.720431312885356,60.734516777297365,64.22007490797414,64.49183971743498,37.507431134705925,1364.8786398751397,132.82426890756304,0.4556374532768017,0.2720128449732224,A,grading/data_processed/banana/A/Banana_Good_IMG__8764.JPG,ffff780000070700,302
33171.5,1894.2955842018127,1.0,0.1161661191576747,0.6857512016124865,78.72772961058045,50.27340377110887,100.8245113886848,57.934553046212976,70.06454077883909,40.9476288765098,1326.039696397027,206.46432291666667,0.6014190788222256,0.4752555794860961,A,grading/data_processed/banana/A/Banana_Good_IMG__8823.JPG,3f333f3717130300,176
40552.5,1663.727044224739,1.0,0.1841040509129146,0.724675881664418,66.30242863023318,48.91871146997313,87.85992396910336,52.98844874711998,90.93748032640016,61.00653725376315,1395.595358427614,264.7424325980393,0.4742358546742599,0.3661055740593013,A,grading/data_processed/banana/A/Banana_Good_IMG__9283.JPG,003123731d1f3f7f,39
41441.0,1643.4844032526016,1.0,0.1928008378124023,0.7223839489602036,66.52162264687752,48.686564797987295,88.11548674664517,53.18415129599124,93.09483617051544,62.64083845319697,1391.578007662436,277.89708946078434,0.4581843864391866,0.3524444315648166,A,grading/data_processed/banana/A/Banana_Good_IMG__9297.JPG,003023311d1f3f7f,39
34312.5,1917.8691787719729,1.0,0.1172260863530205,0.6497472021814463,29.293599363346974,21.127951221870248,91.01460891314234,73.02567817481479,77.12264097316962,54.02780740985433,1197.7998414279427,206.33342524509808,0.5754356072676923,0.460805994700618,A,grading/data_processed/banana/A/Banana_Good_IMG__8638.JPG,7f3f3f3903210101,84
32736.0,1746.4204760789871,0.9453125,0.1348769842036697,0.7285027594801495,40.163289061334126,45.13942044250471,113.37134756006566,68.9297897418346,66.88130129831369,39.46030665972129,600.141954201703,209.39299144190863,0.5785048901555264,0.456027930931771,A,grading/data_processed/banana/A/Banana_Good_IMG__8604.JPG,7f3f0f4361190703,117
33376.5,1745.9768251180649,0.95703125,0.1375858296632645,0.7345099635787459,40.165568344902326,46.091837233626855,111.59994728055533,69.11243462801929,68.28773101367777,40.42121286572666,643.1203749025369,213.70639088114757,0.5720678397874206,0.4523386941022322,A,grading/data_processed/banana/A/Banana_Good_IMG__8610.JPG,7f3f0f4321090703,117
32558.0,1942.846880555153,1.0,0.1083903039386532,0.5687831381078413,79.04497441575153,51.996044650038165,67.34890331847153,74.94131515909376,66.72348065471738,39.09182895233258,1728.926909818314,248.0361825980393,0.5847099206383446,0.4864913555862758,A,grading/data_processed/banana/A/Banana_Good_IMG__9081.JPG,01001e311f3e7f7f,204
33839.0,1695.7098001241684,1.0807174887892377,0.1478850676019248,0.7300203868100575,51.355505449079295,46.65020915394097,116.788396496401,64.92539654063395,70.80458474257797,44.44536515113205,464.1671999369206,170.2159940209268,0.5432691411463292,0.3517726036581344,A,grading/data_processed/banana/A/Banana_Good_IMG__9095.JPG,c11f33013f0103ff,135
33442.5,2075.3737931251526,1.0406504065040652,0.0975699186840664,0.6928718676514767,71.4288956787429,50.965712408530706,85.241873999709,69.50934472865254,76.14628255492507,54.95698452467963,1757.3042555456082,262.61241830065364,0.5563441777762991,0.4485191704779452,A,grading/data_processed/banana/A/Banana_Good_IMG__9042.JPG,0f07031c003f7fff,100
37470.5,1150.967597365379,0.9453125,0.3554456123808809,0.7940599934306029,68.60881694959863,48.017382047715294,93.58823529411764,52.311759154513155,79.62908277404922,49.990431421186834,1989.7807396593728,142.55486579356844,0.5146676539816898,0.3847393253500387,A,grading/data_processed/banana/A/Banana_Good_IMG__9056.JPG,03012101275f3f7f,573
33525.0,2331.498681664467,1.3333333333333333,0.0775011777094896,0.6886528901852841,48.98715463619268,23.8797546429399,108.52584984811226,68.62018689331843,93.7972804860408,55.13013169174432,6005.022329210821,1178.3776756535945,0.333182155439305,0.2863358196445091,A,grading/data_processed/banana/A/Banana_Good__IMG20200730132108.jpg,0000381c1c5c9c18,505
11379.0,1291.626538157463,0.6614583333333334,0.0857116868399701,0.5875458253730572,34.95769810688557,9.25644780117046,158.3395878706651,63.7813222719872,93.83188138716704,57.608968316744935,7575.009509307702,1184.642857142857,0.5179934151703268,0.4940752802120761,A,grading/data_processed/banana/A/Banana_Good__IMG20200730132120.jpg,19028e1e1e1e1e0c,291
20080.0,5345.7508816719055,0.7619047619047619,0.0088299072143419,0.4420327341969995,70.01296552957481,35.22290104578204,91.64523628559932,74.18791743895926,83.84901864353735,56.30494271983675,20002.264467284607,1912.805846422339,0.5234852748837093,0.506199992551319,A,grading/data_processed/banana/A/Banana_Good__IMG20200730132134.jpg,0200e3793cfd154d,255
24773.0,1704.3372144699097,1.1041666666666667,0.107171031985089,0.6350178793432706,51.4899326230022,29.763152469695633,101.9137026010655,68.49789519043557,90.578227828267,56.73242523856832,7363.067171667701,1006.1864632701426,0.4076186388928766,0.3619991275875502,A,grading/data_processed/banana/A/Banana_Good__IMG20200730132109.jpg,87e674f5f870e0c0,11
37059.0,1265.2934980392456,0.94140625,0.2908847862212898,0.7858225808161664,68.02736959583345,47.64947428326575,93.52841920654744,51.95668266840103,79.05588180586187,49.862959298229065,1947.89488084023,149.128271484375,0.5187394523125655,0.388437431507986,A,grading/data_processed/banana/A/Banana_Good_IMG__9057.JPG,03012101275f3f7f,573
33833.0,1990.6458715200424,1.0,0.1072907689079323,0.7105011707634638,74.48840558836238,49.78980796501359,83.55975802967018,64.29895133507537,75.60443612271352,52.814881139620184,1775.788096143864,245.8958639705882,0.5684641669115198,0.465062216144868,A,grading/data_processed/banana/A/Banana_Good_IMG__9043.JPG,0f070319003f7fff,100
34105.5,1683.4671586751938,1.0711111111111111,0.1512254856232613,0.7306625247710353,52.26054398347392,46.68750354560909,115.13183565731336,62.18506265049536,71.2579044012165,44.41272283284678,490.91989353276534,169.04299999999995,0.5415526452351493,0.3522045943810997,A,grading/data_processed/banana/A/Banana_Good_IMG__9094.JPG,c11f33013f0103ff,135
38231.5,1637.8691792488098,0.9919354838709676,0.1790905955012621,0.734028357764786,72.83787182711804,48.928432435145815,84.74819700741729,44.81568035839864,81.34997305135641,52.27089028306838,1655.2110550348775,245.0681533903884,0.4678455953655221,0.3570164676867425,A,grading/data_processed/banana/A/Banana_Good_IMG__9080.JPG,070717173b2941ff,383
33350.5,1780.4621068239212,0.953125,0.1322046537773508,0.7317396932663405,40.962089473530014,47.0933123125165,110.74233146808076,68.71979257008908,68.33996425746345,40.42653341789592,631.7051224679084,214.24469521604945,0.5718696963813141,0.4499456086785043,A,grading/data_processed/banana/A/Banana_Good_IMG__8611.JPG,7f3f0f4321090703,117
32679.0,1842.5037360191343,0.9453125,0.1209655955899446,0.7292710413853896,39.283406491683834,44.19667577039162,112.8091910776673,68.81559875751947,66.85505688435009,39.380464691476966,643.6625629678042,221.20226594917017,0.5774644676386403,0.4554925455646486,A,grading/data_processed/banana/A/Banana_Good_IMG__8605.JPG,7f3f0f0361190703,117
34173.0,1838.7148513793943,1.0491803278688523,0.1270176878344838,0.653197366031749,28.766029760374717,20.108707875001905,89.87676006054893,71.81320182096519,76.96549852911775,54.21484142736978,1171.603279980047,201.82513661202188,0.5576403392294161,0.4368873010886878,A,grading/data_processed/banana/A/Banana_Good_IMG__8639.JPG,ff3f3f3903210101,502
41097.0,1647.1412571668625,0.984375,0.1903523722624417,0.7217534092605439,66.37133978725947,48.40555195363,88.41606310505557,52.13487257664218,92.08313613003466,61.658210575221354,1401.579930582765,280.488016683267,0.4560495708290129,0.3475601448052359,A,grading/data_processed/banana/A/Banana_Good_IMG__9296.JPG,003023331d1f3f7f,39
33002.5,1949.893564581871,1.0,0.1090774287446361,0.6828645030467934,78.53320739122735,49.22425857981025,110.60130468150422,60.8737678767512,69.91684869236673,40.97768963667188,1381.0746511286125,205.13164828431368,0.6057573548865667,0.4773747986942899,A,grading/data_processed/banana/A/Banana_Good_IMG__8822.JPG,3f333f3717130300,176
40966.5,1659.5849077701569,1.0,0.186913113546574,0.7373114718692632,65.50840265624626,49.244127943913746,85.77997267039052,55.99880058999223,92.72682377196556,63.108308861429485,1312.31207248196,272.3701746323529,0.4678956899440556,0.3597940911447451,A,grading/data_processed/banana/A/Banana_Good_IMG__9282.JPG,003163735d1f3f7f,39
26870.5,1115.6538890600204,1.954198473282443,0.2712855391890207,0.8773038183391286,50.60802074582709,63.45681772160884,69.23879615763907,58.59134630487657,54.80649402826984,32.79490704510092,692.2182857294918,159.5395000748391,0.3846581930469021,0.1833938726787445,A,grading/data_processed/banana/A/Banana_Good_IMG__8765.JPG,ffff870200000500,298
32309.5,1673.5260337591171,1.046218487394958,0.1449690042180731,0.6524799062967002,95.83916147377336,42.35276883151177,89.2852864662109,40.589861149062536,67.14335410490652,40.32767641225394,4163.742700446727,219.01994104093248,0.5289596095986248,0.4376450040973595,A,grading/data_processed/banana/A/Banana_Good_IMG__8771.JPG,ffc6e0f0f0f0e080,218
20916.5,1393.761533617973,0.8727272727272727,0.1353075188447657,0.6871499203337769,100.1875145045254,62.92970526067552,59.83912740775122,61.792196397691114,59.623207240659085,35.520472000503226,1318.7847064304265,226.11520704426465,0.577984536460718,0.4858919881764091,A,grading/data_processed/banana/A/Banana_Good_IMG__9321.JPG,7f3f3f3f37190800,240
28672.0,1096.0731551647186,1.4065934065934067,0.2999084964625228,0.643079027935091,31.98817885900291,44.06341503077279,69.29991433955799,63.25982378888243,57.45225286962481,33.46292787605135,1530.256197264309,95.31706528765352,0.5446218377774166,0.3780038233356637,A,grading/data_processed/banana/A/Banana_Good_IMG__8759.JPG,ff7f3e7c78000000,435
23401.5,1367.075242638588,0.7619047619047619,0.1573507158732375,0.6387918327236993,42.572059129710595,56.49548984435322,65.09206745783885,59.21102172963818,64.02760774515927,37.50345154276941,1293.229942525749,232.50835203191227,0.594823616068622,0.4986317630765646,A,grading/data_processed/banana/A/Banana_Good_IMG__9447.JPG,ffbf1f1f33702000,2
35076.0,2489.2976731061935,1.0,0.0711322029833462,0.604581415791923,22.389119142351905,18.94046864917349,93.09982869142353,75.86236612533769,71.88754420866489,41.66531219226312,1803.0417630523443,459.40203737745105,0.5295974160253278,0.4386522745263312,A,grading/data_processed/banana/A/Banana_Good_IMG__8995.JPG,00061f1f1d3d2f6f,113
21325.5,1208.7665858268738,0.979591836734694,0.183410499691248,0.6911745640759707,54.90802706162004,70.62906645217437,76.0671055037484,59.544769772765505,63.13261108063632,37.70705760271263,1107.7156387040293,220.64136125654449,0.5182449652232392,0.4151421410940218,A,grading/data_processed/banana/A/Banana_Good_IMG__9453.JPG,ff070f1f1f0f0800,29
28689.0,2080.7047457695007,1.0,0.0832730284134958,0.5791779383857553,20.933189291381115,12.230068886852113,58.551770703217315,61.751359548744595,62.41227507511563,39.3788480443341,3148.079366352409,340.4713388480392,0.6113932316884271,0.5427336897867602,A,grading/data_processed/banana/A/Banana_Good_IMG__8942.JPG,000b3f2f3737377f,79
33473.0,1157.9209138154984,0.6796875,0.3137232500597668,0.8955507397597453,28.07178581935863,14.165963337784278,126.6334510150044,73.49351294514882,78.75713445130921,57.42188834497879,556.4884387845486,317.9638276734104,0.343440140112055,0.2284466376280614,A,grading/data_processed/banana/A/Banana_Good_IMG__8567.JPG,e7830371511191f1,74
33563.5,1239.1585017442703,0.6875,0.2746776891163109,0.8978999464954521,27.87450888406732,15.493883511242784,122.64103090365332,74.6217837255609,78.63918372133935,56.93276009331459,651.4989202864899,346.32281249999994,0.3459294863580264,0.2333580637765235,A,grading/data_processed/banana/A/Banana_Good_IMG__8573.JPG,e7830331111191d1,74
30127.5,1946.6875002384184,1.0578512396694215,0.0999034482728597,0.6307970938631938,25.53333978827782,19.735664052158786,102.04492641363284,77.20512216766825,63.20287890524141,38.44838733940396,1267.6708254814473,243.49039053637983,0.595644191655272,0.4958666404781678,A,grading/data_processed/banana/A/Banana_Good_IMG__9123.JPG,030301205f677fff,137
47667.5,1424.1046801805496,0.98046875,0.2953577778112406,0.8506509150285975,55.22878373902964,46.27413604570388,90.9797772810068,53.87718689430318,103.5354363305183,67.82642111055668,666.656354941746,193.17587500000005,0.4372569580257454,0.2457180892700642,A,grading/data_processed/banana/A/Banana_Good_IMG__9137.JPG,01010c217f1dfbff,211
31813.0,1652.3128296136856,1.0491803278688523,0.1464299585592201,0.6815927326484483,110.46418258892916,69.9144455488972,43.76724826442219,59.35338210721084,66.83731645880691,39.13762295259168,1488.6690690518064,213.22655094824816,0.5870949800431913,0.4762419205665983,A,grading/data_processed/banana/A/Banana_Good_IMG__0113.JPG,f8f08080e0f8fcff,567
21144.5,1084.139170408249,1.1294117647058823,0.2260670213235803,0.7352307103863138,85.69342762063228,23.643901686428407,176.08139212423737,34.532530171797276,66.82145498243668,36.00826926901023,307.0516277834472,119.09821373575608,0.6729638638895947,0.3330797402946663,A,grading/data_processed/banana/A/Banana_Good__IMG20200729190241.jpg,fff6fc8e02808080,415
36424.5,2613.353583931923,1.0893617021276596,0.0670204155638761,0.6885734000018904,59.7604771287076,46.785272688829465,107.26231428723574,64.28825933722905,79.27962085308057,51.63235245005939,1141.9867405775974,395.0138673341677,0.4668125629404953,0.3644590502155826,A,grading/data_processed/banana/A/Banana_Good_IMG__9193.JPG,00000f1f65a1c7ff,235
30353.0,1039.8132704496384,1.5238095238095235,0.3527774156905543,0.8480149749951108,58.30418423613363,51.414566519116086,105.84171261758028,61.3557874095026,65.29944858903666,39.24457336729818,341.9714413251466,131.93548085901028,0.4992244851914795,0.282086122299225,A,grading/data_processed/banana/A/Banana_Good_IMG__9187.JPG,80000000a09fffff,439
27305.0,1717.2833926677704,1.0534979423868314,0.1163504600622951,0.5706851147431342,42.40710927482547,55.27053384287064,42.07226812936316,68.5657329627118,60.08409317566605,37.79116741033703,3567.8217410910443,301.65319131767944,0.6142275846656129,0.5451544863468231,A,grading/data_processed/banana/A/Banana_Good_IMG__8500.JPG,7f0f0f0f0f0f0f01,12
36693.0,2279.606328010559,0.97265625,0.0887305916079345,0.6623643879632471,65.15638930163448,49.02335114816882,94.29651347909147,54.20563030896921,80.11971980471237,51.409384347485535,1500.8385987316483,361.9819178427419,0.504975308421679,0.4013190274271507,A,grading/data_processed/banana/A/Banana_Good_IMG__9178.JPG,0301174f375963ef,285
34468.5,1165.168607354164,1.0491803278688523,0.3190470240301119,0.8571908184327671,115.64731594434762,66.28125774734538,88.62723195154702,56.13336447595935,69.83944233351427,41.44235144336369,555.0612154475978,94.75953069752492,0.5939781767511129,0.4407226936504124,A,grading/data_processed/banana/A/Banana_Good_IMG__8931.JPG,000001030f7fffff,153
23373.0,1178.9503529071808,0.9504950495049505,0.211316441895595,0.7464431137724551,69.80353930468979,75.04274630628514,67.35656612140735,54.99401753734226,64.43007153913734,40.10093051367379,663.3449151539463,207.6109584780468,0.5311697364913059,0.3807632315336614,A,grading/data_processed/banana/A/Banana_Good_IMG__9391.JPG,ff1f3f7323000020,544
22844.0,1058.35742521286,0.9142857142857144,0.2562815213351012,0.7473785804256433,53.09059741150253,65.59532691732218,67.34314733864747,65.19613498466754,61.917930916259536,36.65269521818093,408.8523336718947,147.17636499626028,0.5763464854497248,0.4194071413908011,A,grading/data_processed/banana/A/Banana_Good_IMG__9385.JPG,ff1f1f1f1f0f0800,29
22671.5,1067.7127647399902,0.979591836734694,0.249908627500054,0.7402938775510204,52.2364319329908,64.71144324112336,85.6051120417944,71.55128442319915,61.1578947368421,35.90594262772942,442.82231458460666,178.0594080564163,0.5551328879047487,0.3813352301594138,A,grading/data_processed/banana/A/Banana_Good_IMG__9408.JPG,ff0f0f0f0f0d1800,29
23252.5,1226.6244513988495,0.9142857142857144,0.1942031553185817,0.7138252313926537,123.0909968925842,50.07756049110544,71.12404467960023,58.42872291844382,64.59376837154615,37.73863747335,702.5494439695727,204.25058588880583,0.5068398167787044,0.4066052054469222,A,grading/data_processed/banana/A/Banana_Good_IMG__9434.JPG,ff0f1f1f0b0b0800,29
22113.5,1100.5411902666092,0.8384279475982532,0.2294323990943554,0.7455789881825384,39.01697687784606,56.122035765703664,63.38029974799947,65.02838574659691,61.93249038419028,36.72728780628874,1185.0895375273712,175.41592171746035,0.5975428137980769,0.4844152988939331,A,grading/data_processed/banana/A/Banana_Good_IMG__9352.JPG,ff7f1f1f1f070000,29
20652.0,1200.950352549553,0.9552238805970148,0.1799375788092028,0.7011373281276524,48.5952437125466,59.61696102005325,60.73123201056953,65.56003079455326,58.48166847544,34.69949398275861,1806.250870171926,240.06733348961995,0.5331793365394372,0.4471396418494213,A,grading/data_processed/banana/A/Banana_Good_IMG__9346.JPG,ff9f1f1f1f170000,29
22611.5,1262.908721923828,0.768,0.1781538911071632,0.6394022084918065,77.87044464570664,77.12832425489515,75.26915944279122,61.17545951764559,63.11959287531807,38.05535220908223,410.175129999566,186.36347643979056,0.6338485498368401,0.5140370909405673,A,grading/data_processed/banana/A/Banana_Good_IMG__9420.JPG,ffcf0f0f0f0b0800,55
32899.0,2139.13115298748,1.0,0.0903478321205112,0.6453694803538851,91.33508595734624,63.58186483051142,96.90113428250724,56.8671962417848,67.26307083357949,39.24363728833596,466.1222780605312,170.044362745098,0.6172109585584125,0.4813365956519352,A,grading/data_processed/banana/A/Banana_Good_IMG__8879.JPG,7f0f1f072f1f0f00,12
32807.5,1415.9869298934937,1.0454545454545454,0.2056196010539084,0.7493889764498961,27.96934625276631,18.107863429538313,102.5055326275495,73.57907372894074,68.04447036305999,42.12893407535971,716.1471689494556,234.06408238226425,0.5539688945358909,0.448361599463928,A,grading/data_processed/banana/A/Banana_Good_IMG__8689.JPG,fff3f3f0e0a02080,376
32547.5,2157.5159294605255,0.9140625,0.0878657211658482,0.606601373577732,62.45635500910203,43.63378680377716,100.90736816974544,57.88629334427891,67.01074338237488,39.08486880930323,667.1970110083786,335.7676200375536,0.5391741165168895,0.4321778431005281,A,grading/data_processed/banana/A/Banana_Good_IMG__8662.JPG,bf2f674f47070501,213
35389.5,1319.1929928064346,1.0,0.255545136068029,0.8237012382459734,29.025118786295813,18.30869297419533,96.86284698102196,73.3022271895834,79.57234154880658,57.33219855943005,1051.0459903718438,213.2236519607843,0.5505790104613159,0.4489091864291877,A,grading/data_processed/banana/A/Banana_Good_IMG__8676.JPG,fefaf8f0e4e4c000,47
32319.5,2041.231657385826,1.0,0.0974742510786051,0.6292860063474757,92.02916303006592,63.45050334683619,97.43043308153008,55.61161476972409,66.96532940078852,38.92803774473292,440.45228948816657,163.5127144607843,0.6273305214996129,0.4908440105275302,A,grading/data_processed/banana/A/Banana_Good_IMG__8886.JPG,7f0f0f053f1f0700,18
35670.0,2327.1799231767654,0.91796875,0.0827662065043116,0.6387951181511295,72.23196620793024,48.87223736773802,101.18419403188446,56.33822781324034,75.1603488213653,46.47699470847264,1382.975270891099,305.5085470085471,0.5011465820862069,0.3830609524571762,A,grading/data_processed/banana/A/Banana_Good_IMG__9226.JPG,011f131d03211f7f,156
38211.5,2465.2459367513657,0.96484375,0.0790102520125351,0.6843340049250056,23.03273097480275,26.87919388833284,83.8691270043268,77.36820385634672,86.84764571137694,60.46043911997744,1772.0008825051923,449.5622300558944,0.4728819837477068,0.3706444247088216,A,grading/data_processed/banana/A/Banana_Good_IMG__9030.JPG,01012f1f7b3f2b6f,575
37070.5,2577.412457346916,0.94921875,0.0701246103776931,0.6651445283763658,23.595035479563247,28.910587571919983,85.0465554711843,77.55556714539773,86.18967819643372,61.33904069097453,1760.938468020276,470.19119641012406,0.479351358203268,0.3765656407793739,A,grading/data_processed/banana/A/Banana_Good_IMG__9031.JPG,01012d1f7b3f2b6f,575
32274.5,1958.5209821462631,1.0,0.1057335781843747,0.6265250856571578,93.64082531447016,63.73837308027389,97.1164670748997,57.062957250583615,66.79131851226208,38.79547300359812,440.21165039762855,150.38184742647064,0.6286452531010531,0.4929258504071415,A,grading/data_processed/banana/A/Banana_Good_IMG__8887.JPG,7f0f0f053f1f0700,18
40017.5,1407.643784880638,1.0127118644067796,0.2537898700437055,0.827722792756456,52.06328273011343,45.96578202384657,97.3208178530128,53.80668005363339,86.91304775730138,58.03285819039251,899.6875191814249,207.47648127047427,0.4222062412072273,0.2767551054688342,A,grading/data_processed/banana/A/Banana_Good_IMG__9227.JPG,0f03191179c1c3ff,154
35129.5,1365.1929922103882,1.0,0.2368610945913013,0.8251688296435492,29.91133363168494,20.1655079279283,104.45205862609085,77.83985384076585,79.26462855224882,57.10661481001033,1355.6282671166118,218.56326593137257,0.5502869735081249,0.4519830892040998,A,grading/data_processed/banana/A/Banana_Good_IMG__8677.JPG,fef8f8f0e4e4c800,47
32486.0,2213.5575585365295,0.9365079365079364,0.0833152430104097,0.6068179695526291,62.241395793499045,43.877716315518946,101.8779576959847,60.419903874578594,66.99163479923519,39.03437167288886,712.5009950895724,351.2481931779804,0.5351329829557606,0.427772781482252,A,grading/data_processed/banana/A/Banana_Good_IMG__8663.JPG,bf2f674f47070501,213
32733.5,1447.9869297742844,1.0329218106995883,0.1961882642790362,0.7494533673714698,27.33244457759137,16.11226888379416,103.49619532654285,73.4919205638321,67.90056920311564,42.054455193158326,721.1756386798781,235.5292839506173,0.5532708270220399,0.4468820486189911,A,grading/data_processed/banana/A/Banana_Good_IMG__8688.JPG,fff3f3f0e0a02080,376
32713.0,2076.6458715200424,1.0,0.095324679032546,0.6452077354713371,91.49952434746416,63.650331432689995,96.61626731672511,58.24273216876447,66.84267792377668,38.980420707231374,467.00331298983656,169.37452512254904,0.6213462237371993,0.4850109004215496,A,grading/data_processed/banana/A/Banana_Good_IMG__8878.JPG,3f0f1f072f1f0f00,12
20731.5,1221.5361392498016,0.964824120603015,0.174593451194309,0.6965995766271295,52.776253347742326,60.411219257909075,59.840952873185174,64.86989303511953,58.59108208429263,34.917842900517584,1739.3824815265564,232.95674708621644,0.53031422939839,0.4403774496941352,A,grading/data_processed/banana/A/Banana_Good_IMG__9347.JPG,ff1f1f1f1f130000,29
22551.0,1196.3818106651306,0.7741935483870968,0.1979867222881113,0.654278005048307,83.94462724045371,76.81179063776223,74.62369036280198,61.56314083798584,62.95640315178803,38.05941250643303,471.2811052660017,183.97513089005233,0.6296723893173479,0.5114735648850585,A,grading/data_processed/banana/A/Banana_Good_IMG__9421.JPG,ffcf0f0f0f0b0800,55
22915.5,1133.712764620781,0.9230769230769232,0.2240439025077452,0.7548297840802412,124.6817134567796,65.71345780482874,60.5532468640669,65.40165799634869,63.957504906561994,38.89942181157465,795.4430646626749,197.23902537253323,0.5081551551320936,0.4118845179540791,A,grading/data_processed/banana/A/Banana_Good_IMG__9435.JPG,ff1f1f1f1f190800,29
20812.5,926.8010771274568,1.0726256983240223,0.3044816014503327,0.7733970011705468,49.08027684919252,67.01981035757643,73.25617966947597,63.69264262853884,57.62328734874523,34.212218083503345,1274.0403553991368,142.39228991780982,0.516742496576399,0.3807435423999568,A,grading/data_processed/banana/A/Banana_Good_IMG__9353.JPG,ffff0f0f07070000,55
22063.0,1114.1564157009125,0.9056603773584906,0.2233480155587134,0.7306112987615074,55.44986269820179,66.75039069424625,61.22592789441049,61.974058156556154,60.1956772079015,35.5122115827585,524.4688632171849,163.43265336362742,0.5848339094766991,0.4434010146034848,A,grading/data_processed/banana/A/Banana_Good_IMG__9384.JPG,ff1f1f1f1f190800,29
33596.5,988.1147841215134,1.1962616822429906,0.4324034053902487,0.926276174852842,115.0303946904734,66.29129560377112,91.64809702807472,55.86782327523993,67.91419006225772,40.17009721701125,488.5727912235784,90.57531610775148,0.5546499386155369,0.3799660835369832,A,grading/data_processed/banana/A/Banana_Good_IMG__8930.JPG,00000103073f7fff,153
23144.5,1179.050857424736,0.897196261682243,0.2092148898594736,0.7442559691293512,61.91362561243453,71.44854624920542,65.10905558371347,57.66763850375377,63.26258658557189,38.469334519782414,496.1435528909372,179.8887312227822,0.5752893380952074,0.422143258259544,A,grading/data_processed/banana/A/Banana_Good_IMG__9390.JPG,ff1f1f3b73000000,378
49966.5,1235.9381593465805,1.1327433628318584,0.4110506233428344,0.920278110323234,51.98468267004413,43.96897572957569,92.852249114405,50.26770803207448,108.31622172527756,70.19695969346493,604.9475802098101,197.67450980392155,0.3555394801029485,0.1246008273216899,A,grading/data_processed/banana/A/Banana_Good_IMG__9145.JPG,01011e607ffe9dff,171
27372.0,1950.704746246338,1.0,0.090392690680941,0.5656248385596941,42.825418747122775,55.43834487349828,42.43815290909735,68.9078879853235,60.321364070965686,37.75871395474376,3463.583646996878,312.7261642156863,0.6331646815383617,0.5650614743979399,A,grading/data_processed/banana/A/Banana_Good_IMG__8501.JPG,7f0b1f1f1f1f0f00,292
18426.5,4085.63192307949,1.0666666666666669,0.0138718453704831,0.5427940201782163,34.7254989352746,14.2923910860076,126.78126083296192,70.51372808199447,94.6871192987669,60.11797329917424,16243.304976637515,2215.696102385108,0.4090740656074852,0.3828914650212958,A,grading/data_processed/banana/A/Banana_Good__IMG20200730132027.jpg,5ddc1c04e4b61888,374
36796.5,2292.760656118393,0.97265625,0.0879627775440803,0.6636935896973414,65.33376554644086,49.22338257681889,91.77224133368615,53.793779854393975,80.38417570785923,51.74895292715846,1477.3449870012178,362.0899540070565,0.5039515842863248,0.3992261769162688,A,grading/data_processed/banana/A/Banana_Good_IMG__9179.JPG,0301174f175963ef,285
20733.5,1901.8590731620789,1.0666666666666669,0.0720320574218576,0.7335267375422335,83.75,34.86438462502815,76.45405229970326,65.76336108963591,98.22264465875372,60.796674800063585,16520.981874175315,1831.0476439790573,0.3872865922244643,0.3624908976446951,A,grading/data_processed/banana/A/Banana_Good__IMG20200730132033.jpg,140000007d3c3c43,441
15797.0,1386.5138404369354,0.9552238805970148,0.1032609375522653,0.5684827983302145,40.618722574353974,17.49333774490787,118.86183568990737,71.96108560457442,94.18941979522184,56.36637551625402,9109.747038332616,963.2399260243288,0.5856690558624471,0.5654341239381686,A,grading/data_processed/banana/A/Banana_Good_IMG20200730132114__01.jpg,0040f1389c19c812,275
29396.0,1064.03866481781,1.4382022471910112,0.326274613310503,0.8239597494148809,60.30964653902798,52.21280891995998,103.8487749364038,60.03983725837235,62.87883250769849,37.648232210762146,433.0637702937079,132.94371006829698,0.5440133251668701,0.3428580172866952,A,grading/data_processed/banana/A/Banana_Good_IMG__9186.JPG,83000101013fffff,26
33050.0,1902.753515958786,1.1082251082251082,0.114713957217546,0.6862684025831101,54.73583512946943,45.39189714671794,113.07357760784198,63.70832269585927,78.07806548761404,53.45614085209595,1226.225887966358,305.35025889143543,0.5185996274755796,0.4183899234104195,A,grading/data_processed/banana/A/Banana_Good_IMG__9192.JPG,31000f0f55a5cbff,68
15091.0,571.2792179584503,2.10989010989011,0.5810734494888021,0.955822275707002,98.69307897649588,0.6638750973483983,253.10241552184388,2.9790367291441617,85.20118497298002,28.97489471301001,6.245165053200767,36.42454404234509,0.8097841985660449,0.1444185513366044,A,grading/data_processed/banana/A/Banana_Good__IMG20200729190240.jpg,feffffc301010000,427
31202.5,1177.7127639055252,0.8,0.2826965393431845,0.8321443334711239,71.04009827700256,34.47211399981579,197.455507607018,36.16575828249815,95.48436072699782,68.31441013316602,581.1925773714795,174.5423211169284,0.5782829119137913,0.3070161726317608,A,grading/data_processed/banana/A/Banana_Good__IMG20200729190242.jpg,fffef0f7fec28000,179
37035.0,2240.9200377464294,0.984375,0.0926764720654818,0.662842517852988,65.4562340498303,48.89317801935499,94.56639217027546,54.319551870561085,81.15514746507407,52.45962808178057,1486.3251143068894,351.18091695717135,0.5060864187525222,0.4036471593116389,A,grading/data_processed/banana/A/Banana_Good_IMG__9184.JPG,0301174f37596bef,285
31555.0,2062.6357678174973,1.0847457627118644,0.0932036584096767,0.6341948709703352,54.80159659721366,48.09688019014284,111.0507643940328,70.63616628640936,74.2363457033658,50.90495315160992,1138.1084668795909,312.58762047191766,0.5486201935248596,0.4547384939245374,A,grading/data_processed/banana/A/Banana_Good_IMG__9190.JPG,00042f9574a5cbff,266
7211.5,800.7422013282776,0.855072463768116,0.1413351019820658,0.5332766397988612,69.48071334214002,18.40105707487091,116.27186261558784,67.16318630038845,47.71347424042272,35.11018610760836,12853.122578967252,492.0366654279696,0.5601955937220915,0.5226108883068363,A,grading/data_processed/banana/A/Banana_Good__IMG20200730132025.jpg,ffffffc707070303,423
30219.0,2522.2581313848495,1.0,0.0596912798921891,0.6160416687901985,69.73180076628353,64.16168342255986,43.792752234993614,67.33933382341742,66.20913154533844,41.13165487595399,3240.0552596142516,454.159068627451,0.5831199619983393,0.5163348781041163,A,grading/data_processed/banana/A/Banana_Good_IMG__8503.JPG,7f6f0f19200f0703,310
14027.0,2165.7484637498856,0.54296875,0.037580160535452,0.5367851060980043,32.2670587449041,10.626252934936335,154.84822562320392,69.15527796768265,88.74590656953819,54.142589814893306,7108.531806664254,1020.8773777173906,0.5853199526294606,0.5620966261365054,A,grading/data_processed/banana/A/Banana_Good__IMG20200730132757.jpg,812278f8f8f8300c,431
22960.0,986.1320304870604,0.897196261682243,0.2966959493289112,0.7547914132614484,54.482175639328865,66.21598804265001,64.0131067753917,62.984408989728344,62.33727532766938,37.09891257344202,397.20598183459737,131.61603953613547,0.5815709185817277,0.4289707333715332,A,grading/data_processed/banana/A/Banana_Good_IMG__9386.JPG,ff1f1f1f1f190000,29
23923.0,1152.6660808324814,0.9504950495049505,0.2262655717321182,0.7506550149829775,63.06942398952708,73.50333565865623,71.47827687776142,57.87202597388207,65.43192603501882,39.907500090182985,670.1198304673928,208.9286714011716,0.5148269800972313,0.3664334570281961,A,grading/data_processed/banana/A/Banana_Good_IMG__9392.JPG,df0f1f3b3b030020,562
34674.5,1205.511752963066,1.0,0.299831442184964,0.8407875753203768,113.11226227646893,73.64280598014057,87.47090547828556,60.95010865029112,71.17204087425489,43.341620434480646,706.1172820848878,93.56738664215683,0.6052950187701465,0.4637157769196587,A,grading/data_processed/banana/A/Banana_Good_IMG__8932.JPG,000001030f7f7fff,153
21515.0,973.5878739356996,0.979591836734694,0.2852337437908449,0.7570905763952425,57.71417516387473,69.03639457387118,76.08703568827386,71.97254498613553,59.4614439184268,35.54057449587738,953.4073790013967,147.3891708515867,0.537210083422226,0.4157853700757257,A,grading/data_processed/banana/A/Banana_Good_IMG__9379.JPG,ff1f1f1f0f0d0000,29
22877.5,1417.5605231523514,0.7836734693877551,0.1430655956812225,0.6879726946035756,80.64541781841378,76.1813953439092,75.31826493727408,62.24236445565252,63.20025515628323,37.40032781211563,534.8991209608844,225.1656373544182,0.6039822545736941,0.4959941937834619,A,grading/data_processed/banana/A/Banana_Good_IMG__9423.JPG,ffcf0f0f0b1b1800,198
20899.5,1137.9381598234177,0.9552238805970148,0.2028189067581708,0.6820429142530798,50.12986224608919,61.45086355735075,64.50749474667289,67.3290984415043,58.80107401354191,34.965343286750304,1793.82822716522,219.7454351280248,0.5277098155283607,0.4412562189273404,A,grading/data_processed/banana/A/Banana_Good_IMG__9345.JPG,ff1f1f1f1f170000,29
22010.0,1152.0975399017334,0.8205128205128205,0.2083777805642875,0.7413645014062684,37.46372953547185,55.2486392092448,63.3706464350681,65.52009672349996,61.85256666222991,36.82187327922219,1240.6471151677242,179.7106770483734,0.6051398329725377,0.4971433520941431,A,grading/data_processed/banana/A/Banana_Good_IMG__9351.JPG,7f7f1f1f1f0f0000,29
22275.5,1008.4579306840895,0.9696969696969696,0.2752464673424279,0.7437190124033854,128.4967021370152,57.2167466845422,61.39279746724123,58.36522001053569,61.23199366810307,36.3503869147828,544.0457609847147,158.64231318419797,0.5268738886938777,0.4017701968208951,A,grading/data_processed/banana/A/Banana_Good_IMG__9437.JPG,ff1f1f1f0f070000,29
30330.0,2020.1849755048752,1.2063492063492065,0.093389919408445,0.7801126572185498,79.37756278831368,48.136916586948885,82.9563685289595,40.93375958099646,62.643996668375195,37.410319356148754,808.8048612269481,253.86450830944224,0.4734377414952461,0.2687323459065393,A,grading/data_processed/banana/A/Banana_Good_IMG__8729.JPG,fffe80a080809eb8,28
33376.5,1374.839741230011,1.0425531914893618,0.2218944817651503,0.7901633522727273,64.71810796491435,45.13306899074585,90.72431859657384,55.34905638099733,68.15982810384412,40.67840342554008,435.3983353521215,166.0513254272759,0.5935044350144727,0.4073774648497415,A,grading/data_processed/banana/A/Banana_Good_IMG__8675.JPG,fffdee808080c0f0,143
35292.0,2321.7240800857544,0.91796875,0.0822744377500309,0.6334323482693326,71.77077482240212,49.13596656207613,101.14009582025442,56.3995752418635,74.37653505148963,45.90470831849062,1360.6808040258668,290.0000166933761,0.5060926601883752,0.3892978528908898,A,grading/data_processed/banana/A/Banana_Good_IMG__9219.JPG,011f131d03211f7f,156
43248.5,1617.241764307022,0.91796875,0.2077930496120586,0.7763218122582325,64.99174493439156,48.42615735387316,95.84672412616833,54.149080878738005,91.9270006594956,58.26029732484995,1357.3744870670678,252.62944043803415,0.4012392688628551,0.2649955161843665,A,grading/data_processed/banana/A/Banana_Good_IMG__9225.JPG,011f111d03211f7f,156
32718.0,2185.699694752693,1.0,0.0860628311878552,0.6285456309374009,90.5182260745666,63.47454103473542,97.9228508667775,55.823833783001376,66.98334718594158,39.13583854066538,443.1310586964246,177.76436887254906,0.6218271680778213,0.4835867703396473,A,grading/data_processed/banana/A/Banana_Good_IMG__8885.JPG,ff0f0f053f1f0700,18
31509.5,1423.21737742424,0.8401639344262295,0.1954829571320648,0.8401525150315295,93.06102833680674,44.121668690414566,74.16588385330803,31.77829702470993,64.63973996080749,38.62115596112255,1943.5679233368628,205.16755062680815,0.4939192001906474,0.3514482422136455,A,grading/data_processed/banana/A/Banana_Good_IMG__8488.JPG,bf0f8f0707070703,509
38482.5,2017.859074831009,0.8984375,0.118765821608911,0.7696807872314892,70.81709206349207,52.758315603530264,88.67855238095238,67.54263038294651,84.60622222222223,55.95531220946406,1283.0047388202977,406.3153145469432,0.4265435104135412,0.3227609462847226,A,grading/data_processed/banana/A/Banana_Good_IMG__9033.JPG,0301150f3f17273f,329
39075.5,1644.4965952634811,0.87890625,0.1815718215709271,0.805680412371134,66.74800914412037,50.35941543775933,94.93192152134048,57.53462227870792,82.79443313990002,51.98405593694381,1224.5042777006172,331.3531494140624,0.412395106130844,0.302680571435348,A,grading/data_processed/banana/A/Banana_Good_IMG__9032.JPG,0301110f2f13273f,329
33078.5,1202.2813054323196,0.8089430894308943,0.2875699375593375,0.8808132181229946,94.91429506051684,43.214810196664416,74.1514259374907,31.949352771351467,68.02197638802153,40.766241222283426,1798.6027688728109,207.2774698201528,0.4490732062913188,0.3081034122223339,A,grading/data_processed/banana/A/Banana_Good_IMG__8489.JPG,9f8f870707070701,248
35410.0,2335.322057247162,0.91796875,0.0815909947840358,0.6331297996549166,71.54326645991712,49.19263328747993,100.6908087932596,58.793671845283,74.56549661058814,46.069254789462846,1332.1342766972027,304.4213408119658,0.503537501090393,0.3878579117747304,A,grading/data_processed/banana/A/Banana_Good_IMG__9224.JPG,011f131d03211f7f,156
32218.5,2052.1189593076706,1.0,0.0961413277249752,0.6268556530536802,92.94993360695317,64.03669520144712,97.77212095605988,57.94432755262393,66.70536576533075,38.681692994837626,441.282026915811,160.10160845588234,0.6270635848603345,0.4924797284642181,A,grading/data_processed/banana/A/Banana_Good_IMG__8884.JPG,ff0f0f053f1f0700,18
38868.5,1913.6336805820465,0.9296875,0.13337979101991,0.6943469367703672,68.16544136159928,48.58918506107729,97.46842741326353,56.40046440423802,83.11939171156655,53.178562510308595,1362.776777744933,278.13563093354423,0.465145489939364,0.3433324249039376,A,grading/data_processed/banana/A/Banana_Good_IMG__9218.JPG,011f331d03211f7f,156
33494.0,1361.6265386343002,1.0382978723404257,0.2270182989722057,0.7893477876627585,65.6764843933349,45.898512409267674,90.1701185167801,55.25587109852148,68.3850035203004,40.72698222189195,472.32163802669425,166.6251816828649,0.5873475457608015,0.4031156100001651,A,grading/data_processed/banana/A/Banana_Good_IMG__8674.JPG,ffffee808080c0f0,143
22785.5,1224.4234405755997,0.8648648648648649,0.1909875935712985,0.7160522925112347,41.57109197618129,58.40072756569394,58.02476117037227,58.70525142905043,63.1748704108298,37.21066977408928,1177.6863963567444,227.93568699589645,0.559349880254571,0.4515020965884101,A,grading/data_processed/banana/A/Banana_Good_IMG__9350.JPG,ff5f1f1f1f0b0000,29
32441.5,1504.6976059675217,1.2116402116402116,0.1800579621262987,0.8286673989118496,76.47284480154654,47.34148324661851,81.34591916873075,40.45810088317053,68.29526369842324,43.43100764962941,831.7721401915466,211.53163000092823,0.4461098580024964,0.2310827504746165,A,grading/data_processed/banana/A/Banana_Good_IMG__8728.JPG,ffee80a080809eb8,28
21877.0,1226.5239460468292,0.9230769230769232,0.1827450271021605,0.7412288874959766,120.23599411686054,46.5005751606183,72.60315550207247,53.99855746291246,59.87418104024602,34.8675102761337,548.4892259098682,172.38672976238416,0.5580948793460504,0.4364971672973443,A,grading/data_processed/banana/A/Banana_Good_IMG__9436.JPG,ff1f1f1f1f1b0800,29
22389.0,1191.5533833503723,0.7710843373493976,0.1981607111049524,0.6546491228070176,82.85157408214877,77.56858822617204,74.7192814162379,60.45153226578705,62.53649603209209,37.91131793992333,485.4951261457414,172.85777665636363,0.6339966991556163,0.5169178337403938,A,grading/data_processed/banana/A/Banana_Good_IMG__9422.JPG,ffcf0f0f0f0f0800,55
21218.0,1229.2934976816175,0.9411764705882352,0.1764424746432657,0.6764110493010504,54.442775787636634,63.83738864322454,65.30458344814917,66.50531222245252,59.74281252870396,35.516004792301175,1581.4359280781264,236.47495123703928,0.5246125202274499,0.4395937263529867,A,grading/data_processed/banana/A/Banana_Good_IMG__9344.JPG,ff1f1f1f17070000,12
21240.0,902.901581645012,1.0212765957446808,0.3274036741914086,0.760268456375839,57.08482637606206,69.76641894698643,69.66277244181751,63.57595766640358,58.56520132988548,35.09589476446676,859.4104739576211,142.48877687423416,0.5284178870107861,0.4010782525652807,A,grading/data_processed/banana/A/Banana_Good_IMG__9378.JPG,ff9f1f0f0f0f0000,29
31174.5,2655.9221230745316,1.3333333333333333,0.0555365231898756,0.723742861122719,28.00841558120108,25.826639467367983,95.6422759196807,69.5397947299743,108.05355651124655,72.41075784698641,13620.674363274957,1738.1878267973852,0.3574530877743608,0.3261703863101124,A,grading/data_processed/banana/A/Banana_Good_IMG20200730132209__01.jpg,03071f3f1d610f6f,496
23310.5,1020.198044538498,0.909952606635071,0.2814443143101284,0.7514910216319031,61.2659516298633,72.81198564045584,72.59777076761304,59.04147590685538,64.81560462670873,38.89590930550053,572.3326566473625,179.93759460063026,0.5509886001093964,0.4110632678578225,A,grading/data_processed/banana/A/Banana_Good_IMG__9393.JPG,df0f0f1f3b130020,562
34987.5,1185.3696180582049,1.0,0.3129069374721706,0.8395421660727783,102.83233431827776,78.38653364961351,88.00503728718165,60.97987361897217,72.0342479245814,43.98900028805395,753.6930614074226,94.2749693627451,0.6004913212763522,0.4599319925876234,A,grading/data_processed/banana/A/Banana_Good_IMG__8933.JPG,000001030f7f7fff,153
36397.5,1448.1879398822784,0.95703125,0.2180878975680959,0.7645971409665255,57.21785839609145,51.455916643248074,114.37147407347425,71.93741033226209,80.09045266823225,55.35453204299859,482.22260959763474,211.30385502049185,0.5472908055232153,0.4055106801817207,A,grading/data_processed/banana/A/Banana_Good_IMG__8927.JPG,030101030fbfffef,488
23669.5,1095.085347533226,0.8847926267281107,0.2480293138329497,0.7728059292150973,55.48961780277962,66.55903609570129,61.98663964262078,60.746831003985946,64.6172236929186,38.89416660289228,363.73954016409584,153.47928680000967,0.5805724207186559,0.4183422362977166,A,grading/data_processed/banana/A/Banana_Good_IMG__9387.JPG,ff1f1f1f1f090000,29
49892.5,1264.0802954435349,1.1327433628318584,0.3923700111800349,0.9150473640290144,52.422120509619766,44.58280038498706,93.42715330202698,51.75888767324394,108.51853613109036,70.50918932156313,577.9300834314594,199.054711087975,0.3568931862176069,0.1260970058744263,A,grading/data_processed/banana/A/Banana_Good_IMG__9146.JPG,01011e607ffe9dff,171
17777.5,2124.65300989151,0.964824120603015,0.0494885267848144,0.6647658221931383,56.845397198759755,28.89470231199604,115.44285256067572,77.67385331634067,95.38597241526784,61.663853587479345,10080.371402195122,1180.784314241364,0.5223978600986666,0.4967744567889705,A,grading/data_processed/banana/A/Banana_Good__IMG20200730132756.jpg,8072107c3c3c5cfa,518
27387.0,1894.7636214494703,0.9718875502008032,0.0958615065498725,0.6033442016214311,93.25829761609576,42.70003753897895,43.12840494491871,64.58884481090114,61.01625872268074,38.082260497517815,3757.983978164033,341.34458164608645,0.599415488365729,0.5262216473255535,A,grading/data_processed/banana/A/Banana_Good_IMG__8502.JPG,7f0b0f1f0f0f0f01,12
35159.0,2759.218586564064,1.0666666666666669,0.0580328854453858,0.6331817567871775,60.22232921561614,49.270601409449576,105.46449500646546,69.23783156245408,75.89341623792885,48.822629328805874,1138.763538506561,399.5447058823529,0.4951023172982515,0.3980228796740584,A,grading/data_processed/banana/A/Banana_Good_IMG__9191.JPG,00002f9564a5cbff,266
30165.5,1331.9625451564789,0.9723320158102768,0.2136664660405106,0.6982431368918106,60.47936033283495,51.755048152087696,100.70717675355912,59.41192142636513,63.311805239550154,37.26272868229858,970.1559017568812,125.83838025328711,0.6529593894211316,0.5039060883559197,A,grading/data_processed/banana/A/Banana_Good_IMG__9185.JPG,010101013fffdfff,510
26328.0,1680.454967737198,1.3333333333333333,0.1171585466262036,0.6434410704466305,79.87120121118127,28.44254085726034,194.01872161293895,36.82723310730562,73.18588678409216,43.795909511785304,634.7228795451423,149.79144199346402,0.6855193354641479,0.4447746254780155,A,grading/data_processed/banana/A/Banana_Good__IMG20200729190243.jpg,3f3f1f3f3a500000,532
36658.0,2357.145432949066,0.97265625,0.0829098011121678,0.6639017676035932,65.29747087391523,49.29557409283177,91.705395292057,52.512576853273096,80.11077200711233,51.51295934195778,1487.8029967510604,368.347892515121,0.5031986496977393,0.4008008133816084,A,grading/data_processed/banana/A/Banana_Good_IMG__9181.JPG,0301174f375963ef,285
39118.5,2228.2509903907776,0.9921259842519684,0.0990065303256869,0.7492530166634744,64.8351083730327,47.68392588707641,101.41381288504228,59.34701615836075,84.40578155787793,52.47919996578012,1476.8001993155976,357.526147378988,0.464712018493613,0.3652902260395855,A,grading/data_processed/banana/A/Banana_Good_IMG__9195.JPG,01000f192103d7ff,242
30412.0,1856.9991221427915,1.3333333333333333,0.1108233946473194,0.6692781690140845,83.68298301180536,25.192836394901185,214.66855424384937,43.82375048275795,84.3562082093611,50.20279951723379,467.3993400596082,229.85406454248363,0.6821342874089065,0.3585089329586645,A,grading/data_processed/banana/A/Banana_Good__IMG20200729190247.jpg,7f7f7fff3a000000,361
26961.5,2237.0205402374268,1.1962616822429906,0.06770394435112,0.5866615895120492,64.76330767853946,64.69595782324527,48.26959011992125,70.73203281376313,60.14744943619116,38.03607684064336,2885.507243375756,410.0131207623236,0.5581936643651357,0.4844260975729043,A,grading/data_processed/banana/A/Banana_Good_IMG__8506.JPG,ff0f19302f0f0f03,247
21333.5,3366.1374135017395,0.9365853658536586,0.0236596488351673,0.5541816575963424,75.1169452120893,39.14691719362968,84.83848752028776,72.93657318513276,94.9836381980085,59.528047960357554,17122.73122576829,2058.8374664793773,0.4220067269757322,0.3989179408478475,A,grading/data_processed/banana/A/Banana_Good__IMG20200730132034.jpg,006000fc3c3cc6e5,504
21700.5,1121.227482676506,0.9411764705882352,0.2169162740087017,0.7352986022871665,106.38545323611486,72.1516943582144,60.67814384733099,62.389152907500815,59.54329822666307,35.3524153183461,521.736729863514,171.83058720870542,0.5623914256357335,0.4315588230665197,A,grading/data_processed/banana/A/Banana_Good_IMG__9383.JPG,ff1f1f1f0f0f0c00,29
35493.0,1225.7543932199478,1.0,0.2968558803276482,0.8422938642808833,77.87317654889345,79.33830659421155,89.28293305230461,58.9407477509228,73.7180376060791,45.67301017515446,920.9924786014016,104.78397671568628,0.5886072232007431,0.4512588373755376,A,grading/data_processed/banana/A/Banana_Good_IMG__8937.JPG,000001030f7f7f7f,553
24070.5,1360.4722096920011,0.9056603773584906,0.1634239208774477,0.7380306305477625,81.26876621271076,77.52982115560245,76.23601653696498,62.23453957805674,67.5593790531777,42.43648311641938,719.592491136322,236.46065889558423,0.5216352935382611,0.390452681820614,A,grading/data_processed/banana/A/Banana_Good_IMG__9397.JPG,ff8f0f4343c73020,169
15496.5,867.5462437868118,0.375,0.2587368086431745,0.7736645032451323,89.0137106918239,78.95169887604163,84.29949685534591,65.5708066062346,50.93635220125786,34.34185849011681,602.2602061960432,290.105427631579,0.4957484762240535,0.3475814032557397,A,grading/data_processed/banana/A/Banana_Good_IMG__9426.JPG,f9fb030303070707,187
31778.5,1206.482315659523,1.0666666666666669,0.2743477083974821,0.7110715804076884,32.43569837931461,30.38696841926768,80.15136706668316,71.12492716643501,80.26354695038971,65.30132653665146,2096.7486471682123,187.7984967320262,0.5834440458865797,0.4728880276980405,A,grading/data_processed/banana/A/Banana_Good_IMG__8738.JPG,fffefefcb8fe0000,92
16601.0,932.499560713768,0.5213270142180095,0.2399091664501642,0.7774369541292997,108.73499353929284,60.935434964228605,88.58980382943733,49.72831696961541,56.63872900270175,35.737883769395005,520.5691458093601,272.29427366407236,0.4170915726589454,0.2599962372215613,A,grading/data_processed/banana/A/Banana_Good_IMG__9432.JPG,ffd9070707070301,248
21102.0,910.70057117939,1.054945054945055,0.3197291733377178,0.7666206495676815,57.88377712718992,72.0456365140967,81.25633161392258,67.4550064323185,58.06612760816023,33.89273727871735,1385.334386115869,154.48089868246933,0.5063943868021825,0.3828932074395796,A,grading/data_processed/banana/A/Banana_Good_IMG__9354.JPG,ff0f0f0f0f030000,29
26227.5,3445.0491005182266,0.8807339449541285,0.0277700030592904,0.6511295928500497,47.764996573242435,47.116454110051826,91.31367456624464,70.313091426018,84.49547307289976,54.50984137862615,8737.557977951286,1384.0212786397044,0.3512573145165649,0.3144321747928481,A,grading/data_processed/banana/A/Banana_Good__IMG20200730132222.jpg,ff8d67f8fe280000,571
33871.0,1186.264060139656,0.7109375,0.302465006892314,0.8604671840664575,22.206668023137517,12.934646410521816,120.41275470162486,74.96598166254194,76.82763131122286,54.70789104725747,882.3738324824429,315.3256215469613,0.372890634861355,0.2547265935291031,A,grading/data_processed/banana/A/Banana_Good_IMG__8857.JPG,e38383232b8b83c3,200
43295.0,2438.8367772102356,0.75,0.091470728308811,0.8889231085104199,74.39934647887324,42.897812723662085,82.71197746478873,62.96476811122769,123.587538028169,74.1552138037289,11372.869927643076,1858.8637516361257,0.1410038491715631,0.0848963051464886,A,grading/data_processed/banana/A/Banana_Good_IMG20200730132039__01.jpg,0040bc78783c0644,377
32714.5,2129.658064723015,1.0078740157480317,0.0906421905472846,0.6391048683285145,91.7078431372549,63.51097306470778,97.04055258467024,55.18850633333809,66.88710635769459,39.095743425793074,465.54739926674216,176.9414852555195,0.6167807002394405,0.4802018367131541,A,grading/data_processed/banana/A/Banana_Good_IMG__8880.JPG,7f0f0f052f1f0f00,18
35487.0,2360.3514972925186,0.9296875,0.0800434477596163,0.6335946008677177,71.55454570341372,49.024313077073,101.3476415998248,57.583845532562144,74.72197432177174,46.0608150729805,1390.3341450634316,305.1708695938819,0.5097300018005617,0.3940560700120522,A,grading/data_processed/banana/A/Banana_Good_IMG__9220.JPG,011f331d03211f7f,156
35704.5,2335.9667208194733,0.921875,0.0822241735505089,0.6391783029001075,73.16403081362114,49.0547139468115,100.59248169420476,56.02422588814882,75.01434521055067,46.09197062806498,1393.6861705829342,299.11938164893616,0.5005674616161377,0.3855143105677178,A,grading/data_processed/banana/A/Banana_Good_IMG__9208.JPG,011f131d03211f7f,156
32540.0,2222.8712681531906,0.9402390438247012,0.0827558660259185,0.6079856504923301,62.172328432103555,44.000523385842826,101.98088222136062,62.65312459930333,67.18157415968267,39.12353404814154,774.8481121164403,355.7051792828685,0.5332599056076377,0.4242252367270997,A,grading/data_processed/banana/A/Banana_Good_IMG__8664.JPG,bf2f664f47070501,213
27009.5,1597.986929655075,1.0041152263374489,0.1329168263351738,0.5834152347420376,69.11737766398615,56.73992759889147,37.75850131621651,67.25556277258872,59.97172839060978,37.83681257092523,3746.547277268142,295.5756236346085,0.6032307496757594,0.5281553185909893,A,grading/data_processed/banana/A/Banana_Good_IMG__8499.JPG,7f0f0f0f0f0f0f01,12
36279.5,2624.466281890869,1.008130081300813,0.0661895093961978,0.6997955365237352,63.9989843374138,50.734053036652355,96.88290479499652,63.15553783994158,82.24167423958946,55.9245899214774,1617.83305727245,401.7947072183272,0.4958684639029621,0.3772585492258549,A,grading/data_processed/banana/A/Banana_Good_IMG__9036.JPG,1161031a350be7ff,116
36344.5,2568.667292833328,1.016260162601626,0.0692202001803589,0.7016786848532237,64.81451914348267,50.54693769513945,97.22563678111815,60.18529090038113,81.81200939819512,55.054425165349905,1548.4410113924253,384.6887550200802,0.4995960946580242,0.3816594404984932,A,grading/data_processed/banana/A/Banana_Good_IMG__9037.JPG,1161030a150be7ff,116
25444.0,3930.9628759622574,0.75,0.0206917568432876,0.5658057127608712,66.94775239498895,30.881992993712032,98.08651436993368,72.10794609719406,88.47523949889462,56.44592640090673,10357.071711195838,1472.870071171466,0.4526225986767989,0.4265543396009044,A,grading/data_processed/banana/A/Banana_Good__IMG20200730132800.jpg,4428787078aca434,414
27657.5,1979.7758131027224,0.9718875502008032,0.0886728682835949,0.5904927622870318,86.6674258882893,48.987827297394126,39.81358189081225,64.37018664284432,61.30902656107646,38.19970580802144,3613.042432798902,355.16507523871417,0.5953387228901407,0.5210236491265424,A,grading/data_processed/banana/A/Banana_Good_IMG__8498.JPG,7f0b0f1f0f0f0f01,12
31122.0,1226.773726463318,1.091743119266055,0.2598653827144808,0.7936754861332483,61.85373172041313,45.8211731974728,92.91026815324848,60.65334357885009,63.27980796563595,37.51656980236066,403.6078529622288,146.37020477683586,0.578061887128731,0.388167066174043,A,grading/data_processed/banana/A/Banana_Good_IMG__8671.JPG,fffffe808080c0e0,143
32643.5,2032.746376872063,1.0118577075098814,0.0992750672328154,0.6399745135519287,91.2577500894241,63.68270714682749,97.45716585191369,56.42069676518538,66.64594014546321,38.92931017936363,465.3459464074387,162.44529179260633,0.6199644742297183,0.4801191529213763,A,grading/data_processed/banana/A/Banana_Good_IMG__8881.JPG,7f0f0f073f1f0700,12
35469.5,2304.854023575783,0.9140625,0.0839031142200935,0.6369325527941387,72.09040585349813,49.373980963590625,101.00424762270148,57.65306992737741,74.72289057575841,46.12426779378568,1345.9725877364876,299.35540168991423,0.5018916480086845,0.3844320067903201,A,grading/data_processed/banana/A/Banana_Good_IMG__9221.JPG,011f131d03211f7f,156
33683.0,1175.5777682065964,0.7109375,0.3062794796415496,0.8606873642519484,23.37043966323667,15.697783977043558,118.619124181478,75.29695316244171,76.4071269878391,54.55623952616228,910.8338568389972,314.97552658839777,0.3762403598739224,0.2592689922281557,A,grading/data_processed/banana/A/Banana_Good_IMG__8856.JPG,e38383232b8b83c3,200
21406.5,1250.7665876150131,0.8888888888888888,0.1719503193890824,0.7275554422635738,44.88584038584039,61.88915842345613,65.42533442533443,60.0739253893424,60.51274001274001,35.76014558457856,1141.195731113168,236.41218247042855,0.5727270180561614,0.4649131604119407,A,grading/data_processed/banana/A/Banana_Good_IMG__9369.JPG,ffdf0f0f0f0f0800,29
34766.5,1949.4570511579511,0.8421052631578947,0.1149591363844448,0.8436423198252851,53.78997164434712,49.687165249934694,92.74721356579354,69.42564598851517,109.52502877677644,69.66289071212269,9134.760483518648,1385.831220721962,0.2322023344822578,0.1749996228846629,A,grading/data_processed/banana/A/Banana_Good__IMG20200730132223.jpg,fd1f7dbf7c082000,402
15626.5,818.3157961368561,0.4863636363636364,0.293244389160171,0.7289159436514601,112.4175625,74.87325259435863,79.2664375,65.66658547966887,59.6446875,40.796380850846816,722.2067529428027,283.9795454545454,0.446941111390101,0.3188813752183616,A,grading/data_processed/banana/A/Banana_Good_IMG__9433.JPG,ff1f070707070303,248
20840.5,927.1442233324052,1.032258064516129,0.3046655889674454,0.7367388422448078,68.4353488809479,76.01754104287849,90.74821327816436,70.79514026132138,57.258275343238665,33.1285931075198,1376.01634489744,150.26104824635476,0.5219230979399024,0.4030377145788231,A,grading/data_processed/banana/A/Banana_Good_IMG__9355.JPG,ff1f1f1f0f070000,29
22399.5,911.8305143117904,0.9142857142857144,0.3385477600651319,0.8394670764156954,34.71171289601683,53.38045154147763,65.5362604618553,61.01627570493841,62.27904123395118,36.33802535188081,1363.0975673161336,135.04320618299676,0.5548032180096738,0.4344519377650651,A,grading/data_processed/banana/A/Banana_Good_IMG__9341.JPG,ff7f3f1f0b030000,29
32566.5,1276.9087227582932,1.0578512396694215,0.2509927881831035,0.7065006345521797,35.417961326133515,36.779391595546144,77.71287218317295,70.87182361551753,81.43817309722768,65.82910825335246,2144.022070255544,200.8734240803759,0.575724644858914,0.4635753534901718,A,grading/data_processed/banana/A/Banana_Good_IMG__8739.JPG,fffefefc30fe0000,92
23070.0,1226.724955677986,0.8275862068965517,0.1926473581862657,0.6858620843429013,63.93238268522828,70.93101209942313,69.93458299834977,64.83826777079149,62.37176829010282,36.65817914292597,886.5915317719357,195.7524598302943,0.5825640185830533,0.4669808954509577,A,grading/data_processed/banana/A/Banana_Good_IMG__9427.JPG,ffff1f0f0f0d0400,38
35474.0,1245.837653875351,1.0,0.2872083885182458,0.8383810930576071,75.95180622606958,78.84014857577093,89.96701070972755,59.73845241793773,73.5627878586094,45.41965089101429,843.994906825712,109.74057904411768,0.5898940083531748,0.4509467081302129,A,grading/data_processed/banana/A/Banana_Good_IMG__8936.JPG,000001030f7f7fff,153
23089.0,1051.528998851776,0.8767123287671232,0.2624052257121594,0.7235436056532231,67.25967085171361,74.18644268697427,62.55662538174415,59.502483746350904,63.61923142178487,38.77857694939669,579.6545105133887,175.94499031772216,0.5467715695758331,0.4384716005635862,A,grading/data_processed/banana/A/Banana_Good_IMG__9382.JPG,ff1f1f0f0f0f0000,12
15063.0,3902.560856819153,0.979591836734694,0.0124285931523224,0.4552405705996131,32.711153593404624,12.04882441405318,147.53049764024135,71.77006716056667,86.2161419439632,55.54691875085242,18765.042550449176,1665.1355112725714,0.5438270129427458,0.5268459147140581,A,grading/data_processed/banana/A/Banana_Good__IMG20200730132035.jpg,0300207c9f9cb6f5,341
27089.5,2274.1332384347916,1.1906976744186046,0.0658232075500923,0.5713517389745428,63.99351782597856,65.076955828238,47.34045660148876,70.37155790892989,60.554724507604085,38.41447663346164,2984.6027672778673,431.3898404012768,0.5554942106307544,0.4834861302100529,A,grading/data_processed/banana/A/Banana_Good_IMG__8507.JPG,ff0f19302f0f0f03,247
49554.0,1218.1807997226715,1.1327433628318584,0.4196286001908765,0.9145757393992524,51.919994412181445,44.10724075494128,93.8152228142649,51.50094063944429,107.82440280189188,70.17487015570626,585.8131511505102,192.614298108624,0.3641453201224512,0.1325058726881287,A,grading/data_processed/banana/A/Banana_Good_IMG__9143.JPG,01011c607f7e9dff,171
34858.0,2784.047013759613,1.0847457627118644,0.0565144102416037,0.6560703161025004,61.78628875700261,47.44249831921277,107.81158134117256,65.45216800552292,74.59179655000277,46.86313339090351,1163.1922642442898,398.6855599867066,0.4894787538706024,0.3915504079249042,A,grading/data_processed/banana/A/Banana_Good_IMG__9194.JPG,00000f1f65a5c7ff,235
36930.5,2228.3342505693436,0.98046875,0.0934618515149604,0.6628347332902578,65.68367723890442,49.258009173089185,92.61343606522772,53.70420037341062,80.72009076996147,51.97486390037903,1518.2812635389328,352.89329687500003,0.5048740004533249,0.4028575651187867,A,grading/data_processed/banana/A/Banana_Good_IMG__9180.JPG,0301174f175963ef,285
39627.0,2455.97386097908,0.9921875,0.0825569382974598,0.7448054205941227,65.53937443180422,47.76232693771021,101.61797587164304,58.805679746414754,84.43561266861593,52.67757355385872,1591.0265527479603,394.3155416254941,0.4634017833250701,0.3651614697671942,A,grading/data_processed/banana/A/Banana_Good_IMG__9196.JPG,01000f092503d7ff,242
36727.5,2274.3342512845993,0.9765625,0.0892262514160475,0.6598485460964238,65.3748342966223,49.22882800319213,91.71430086430884,53.14997716656545,80.32538840871732,51.8255279445625,1510.1902784665529,353.3575395331326,0.5062754139724117,0.4032168360505186,A,grading/data_processed/banana/A/Banana_Good_IMG__9182.JPG,0301174f175963ef,285
26146.5,1743.9524402618408,1.025,0.1080324317540988,0.497010882478734,31.00776259099688,36.37585319477441,43.366810280790375,63.45326172331,57.43381369781608,36.54540459401027,4108.148804858943,297.18823129251706,0.6059346457449176,0.5399362051886887,A,grading/data_processed/banana/A/Banana_Good_IMG__8539.JPG,77470f1f1f1f1f01,40
29982.0,2193.3220576047897,1.0,0.0783187327021698,0.6133169683952132,62.90888228069041,64.18396447799533,45.004331243131425,67.77530235756288,65.86750921197233,41.15533718790672,3015.6208796491846,401.85471813725496,0.5888403064949989,0.5235627011326253,A,grading/data_processed/banana/A/Banana_Good_IMG__8505.JPG,7f6f0f19200f0703,310
26924.0,1205.1513612270355,0.7901234567901234,0.23295189873495,0.8042656789090855,75.31088460138332,76.6582706821558,77.08809610484164,60.31530995326913,75.75453221696397,45.96991775691955,619.9907738938028,219.6703294335639,0.5303636386708791,0.4079271329584719,A,grading/data_processed/banana/A/Banana_Good_IMG__9394.JPG,ffdf0f0d0f4d0020,324
35375.0,1150.440685629845,1.0,0.3358751304082546,0.8541694334110034,115.77105614973262,68.13789782105553,86.86901180926917,58.72265666330553,72.18215240641712,43.300971968790975,592.6544923165347,90.90261948529414,0.5967329032770746,0.4534443890553531,A,grading/data_processed/banana/A/Banana_Good_IMG__8934.JPG,000001030f7fffff,153
21754.0,1094.8427067995071,0.9186602870813396,0.2280581141860558,0.7279237075455914,52.498989263734785,66.04396063201135,73.3348456942635,69.39914625763866,60.18094425227977,36.16443136159918,831.6859999202462,178.51732257822093,0.5602109847016983,0.4430112402632176,A,grading/data_processed/banana/A/Banana_Good_IMG__9380.JPG,ff1f1f1f1f190800,29
26923.5,2283.7900940179825,0.8495575221238938,0.0648677763837768,0.696777950310559,32.31348737238044,30.72442073411155,96.4703564391904,70.51321859604894,109.45516747268492,75.9460187643216,13239.45587171056,1486.0107723671408,0.384912518597148,0.3426369534326719,A,grading/data_processed/banana/A/Banana_Good__IMG20200730132209.jpg,002000ac9cdeebf7,491
20518.0,988.9848424196244,1.0434782608695652,0.2636122685712938,0.7788786394867707,28.936242250834525,47.03489494699278,62.2340486409156,58.18858939334756,57.22584644730568,33.56546666967061,1329.5835245465362,170.17200660141137,0.5369830893263287,0.4063484524772752,A,grading/data_processed/banana/A/Banana_Good_IMG__9357.JPG,ffbf0f0f0f0f0000,55
16557.0,923.8132691383362,0.5483870967741935,0.2437940605993143,0.7408053691275168,62.99028039585297,71.61697267402403,87.21542177191328,68.12541675657943,57.93367106503299,39.50084505116427,1112.1188110333132,284.9351323908459,0.4659290193409499,0.3385570161604251,A,grading/data_processed/banana/A/Banana_Good_IMG__9431.JPG,ff0b070f07070703,509
14086.0,816.3330408334732,0.328125,0.2656212392092734,0.7712017519846701,91.81405958388056,78.57309311410624,93.45932121379693,66.00105925203908,48.31402502246492,33.87489780768056,499.9419221402296,268.62914156626505,0.48341563350077,0.3216939317103943,A,grading/data_processed/banana/A/Banana_Good_IMG__9425.JPG,fbf3030307070703,187
21736.5,1086.8843381404877,0.9320388349514565,0.2312239511784169,0.7029802234763345,36.10932721712538,54.42986695455601,66.20376866342868,62.89817855432767,60.08922468069797,35.078539188445525,1282.5398665594453,184.5033040207391,0.5458283855649723,0.4353109200192729,A,grading/data_processed/banana/A/Banana_Good_IMG__9343.JPG,ff1f1f1f1f050000,29
23437.5,1436.6488355398178,0.768,0.1426986612506025,0.6559063050961297,79.17997675576954,77.52437653108491,75.15793624439648,61.14967024062757,64.33455088826166,38.12911573897782,318.1245199787326,218.8459057591624,0.6230253749155426,0.4935731000445425,A,grading/data_processed/banana/A/Banana_Good_IMG__9419.JPG,ffef0f0f0f0f0808,55
38049.0,1619.602153301239,1.0,0.182278908861313,0.7702070808283233,23.916176773927393,26.83415159260136,108.99644183168316,67.00782080022957,84.94229579207921,60.23990833970104,1279.2132239600178,209.39008884803923,0.5380916381025311,0.4065132942748199,A,grading/data_processed/banana/A/Banana_Good_IMG__8868.JPG,7f3f3f2721310100,98
35598.0,2318.067224740982,0.921875,0.0832498404310714,0.635247510617795,72.22417606422194,49.04685861518524,101.0116866450045,56.25498512482634,75.02056084973924,46.268795644487064,1328.8790162217167,298.1734042553191,0.5051359034932167,0.387424100373771,A,grading/data_processed/banana/A/Banana_Good_IMG__9223.JPG,011f131d03211f7f,156
32733.5,2213.94233417511,1.0,0.0839208161510224,0.6333023777739083,90.87148915977104,63.36873463173548,97.9020968650829,56.152864266297534,67.02669276626034,39.08998578480007,488.0949515243992,184.29857536764703,0.620892067071879,0.4827164529124889,A,grading/data_processed/banana/A/Banana_Good_IMG__8883.JPG,7f0f0f013f1f0700,18
33063.0,1387.5676621198654,1.0256410256410255,0.215796194322928,0.7935532647697681,65.29627209267785,45.601160993108614,89.49835140353483,53.98821544610234,67.45738897965246,40.18049102164196,509.0943855353752,171.59911311375748,0.5818432949725555,0.3978572544622515,A,grading/data_processed/banana/A/Banana_Good_IMG__8673.JPG,fffde6808080c0f8,143
8044.5,969.7371491193772,1.3859649122807018,0.1074981162404842,0.6539446408974515,65.10775404225186,24.598905971090694,82.65478579015696,61.88116483331426,79.74542664935679,58.981490539672286,10761.055394375471,874.7231534249636,0.5455033546935748,0.5159046308655922,A,grading/data_processed/banana/A/Banana_Good__IMG20200730132802.jpg,fe3c7cfe0e88800f,417
37972.0,1983.0134028196337,1.0128755364806867,0.1213450422337282,0.78406756212639,65.42871855609053,54.42489663523316,82.57619918123535,79.7713292914046,85.32570354540539,58.40771266573201,1799.6233150972466,442.6246004931058,0.4096862677760086,0.2865731382015093,A,grading/data_processed/banana/A/Banana_Good_IMG__9035.JPG,01010b0e370f37ff,458
36926.0,2039.9839643239975,1.0364372469635628,0.1115035314441388,0.7363037257853859,60.3684127026098,51.01636867162782,102.66670192231418,60.36791658930945,80.9597292366271,53.88025256853791,1166.171135867249,239.58140827181077,0.5110742331385153,0.3956313885982739,A,grading/data_processed/banana/A/Banana_Good_IMG__9009.JPG,030341287f4b77ff,347
39316.5,2063.1971665620804,1.0711297071129706,0.1160655271148017,0.7807399022995354,59.39815505495052,50.64127759100434,103.80461484907256,64.45318653372235,86.15396091302402,58.27288770427479,816.9144056497865,267.4198375584544,0.512562921206087,0.3373091011075766,A,grading/data_processed/banana/A/Banana_Good_IMG__9008.JPG,7101047c0519e7ff,451
38187.0,2026.444861650467,0.88671875,0.1168572932367445,0.7738934824902723,70.79459625422167,53.12959282432693,87.46295159144407,69.27401382740135,84.16582233138881,55.90902626340922,1270.6048207411,409.74656042588487,0.4246670237630707,0.3191964201289228,A,grading/data_processed/banana/A/Banana_Good_IMG__9034.JPG,0301150f3f17273f,329
26409.0,4441.722318887711,0.75,0.0168212789034825,0.5785104052573932,34.500564852079364,38.260124979113165,98.9962931582292,73.08095205233838,89.85818682482525,60.68833240229753,14003.616875130268,1593.3424001963351,0.4277771159583025,0.4002186252379557,A,grading/data_processed/banana/A/Banana_Good_IMG20200730132211__01.jpg,8080c8dcdcfe9e6d,481
31841.0,1327.4844020605087,1.052863436123348,0.2270584710607012,0.7857416067220255,63.39330660086367,45.02778768738545,90.76310919185688,56.14561592408967,64.90681677976558,38.5421844785248,445.81978081436154,155.57020693740054,0.5861474092120628,0.4002016439807489,A,grading/data_processed/banana/A/Banana_Good_IMG__8672.JPG,ffffee808080c0f0,143
35584.0,2245.439807653427,0.9296875,0.0886873736945029,0.6332743079346153,72.03953412073491,49.1878687863305,101.42123250218722,57.468251503346245,75.11195866141732,46.46261294898586,1374.5881170853745,287.1604694092826,0.5092890818533844,0.3940050118153791,A,grading/data_processed/banana/A/Banana_Good_IMG__9222.JPG,011f131d03211f7f,156
32644.0,2132.101714015007,1.0,0.0902396484230235,0.6359014317716957,91.4990623046468,63.6638142410976,97.09040573929092,57.4095555337644,66.71610156877921,38.90746271116044,460.5131274589803,172.51505821078433,0.6198509982464775,0.4850560211627862,A,grading/data_processed/banana/A/Banana_Good_IMG__8882.JPG,7f0f1f073f1f0700,18
38109.0,1696.999121785164,1.0,0.1662930817307031,0.7710860438059588,23.38737973967176,25.332280372793583,107.07524309306991,65.93713124163818,85.1795544579925,60.54229742063564,1251.0184764729347,219.7555912990196,0.5367048879293693,0.4051843005538215,A,grading/data_processed/banana/A/Banana_Good_IMG__8869.JPG,7f3f3f2731310100,98
16194.5,829.4284936189651,0.5580357142857143,0.2958145329047379,0.7789936985906007,80.28945621341059,79.03100911944766,97.71573420242622,55.4220514295908,51.73311606011226,35.17113677841628,213.5758413252551,166.09414602534562,0.5846579036704861,0.4062591544175216,A,grading/data_processed/banana/A/Banana_Good_IMG__9418.JPG,fffbc1010707060c,237
22998.5,1508.673222541809,0.768,0.1269752309262176,0.6798456945224511,76.84541960552434,76.19032864910831,75.63040081091354,62.278496839108186,63.74114119187397,37.80561068966362,535.2305833502604,236.1229319371728,0.6091477641264265,0.5023450955216491,A,grading/data_processed/banana/A/Banana_Good_IMG__9424.JPG,ffcf0f0f0b1b1800,198
22559.5,941.4873688220978,0.927536231884058,0.3198234754008206,0.7680091237148499,34.50023918243096,52.85886172465385,67.27179821700369,64.2371886544299,62.4870189171559,36.40982503088979,1281.8208642795523,158.7120671775805,0.5373589772416048,0.421022467357813,A,grading/data_processed/banana/A/Banana_Good_IMG__9342.JPG,ff3f3f1f0f030000,29
20091.5,990.54119181633,1.1098265895953756,0.2573221342494785,0.7374380620297303,29.722763119462563,49.08336101268586,67.43671502287995,59.39919033258589,55.50564696718917,32.41594422537985,1297.9030861310644,172.09690403413734,0.5221795956132348,0.3815716990783437,A,grading/data_processed/banana/A/Banana_Good_IMG__9356.JPG,ffaf0f0f0f0f0000,55
21216.5,1088.624451160431,1.032258064516129,0.2249714650293316,0.7460484906025283,63.85512920908379,71.30873065442907,85.83988207655811,72.75271949447085,58.6191441337694,35.372920395938934,997.236310391002,173.37364183977928,0.5236373448840246,0.3900193832993749,A,grading/data_processed/banana/A/Banana_Good_IMG__9430.JPG,ff0f1f0f0f070000,29
22862.5,1045.0853470563889,0.8687782805429864,0.2630450085939665,0.7102912621359223,100.61013536668952,69.64285569458494,64.86566141192597,66.90329401655303,63.44315455791638,38.61267846044588,612.5966682166356,154.82279500604108,0.5545154039496826,0.4486919377939187,A,grading/data_processed/banana/A/Banana_Good_IMG__9381.JPG,ff1f1f1f0f0f0000,29
22984.0,1133.6955201625824,0.8495575221238938,0.224720460411673,0.7366902785345684,73.33436888245808,76.77084425210047,64.65992850455358,56.539964033641475,65.57779385479616,39.169745614726864,529.9616057107089,189.50975304637907,0.5827572928988556,0.4553960878294847,A,grading/data_processed/banana/A/Banana_Good_IMG__9395.JPG,ff1f1f1f1f1b0020,29
35694.0,1203.068101644516,1.0,0.3099022000304432,0.8378283219491585,75.42189482977432,78.9179167690171,89.5673729514981,59.01218126160459,73.966561827512,45.59542059354372,848.0429407244083,104.1527879901961,0.5895286697185363,0.4484969092519168,A,grading/data_processed/banana/A/Banana_Good_IMG__8935.JPG,000001030f7f7fff,153
27015.5,2054.3098657131195,1.2307692307692308,0.0804435022630771,0.6095486287383942,88.47835746022646,46.42257881357312,69.64049734843056,61.15274631170615,58.37956858248531,36.24505631702884,2046.482198379096,276.3816930618401,0.5621463472293692,0.4702724812256305,A,grading/data_processed/banana/A/Banana_Good_IMG__8504.JPG,ff0f19000f1f0f03,247
27059.0,2132.008349776268,1.2018779342723005,0.0748072696963235,0.5917381035689293,60.88590723933395,63.90334823349286,45.64907453726863,68.48382683017691,60.2114271421425,38.229622509496814,2786.5248097110716,389.47730829420976,0.5574382406959465,0.4820440914861563,A,grading/data_processed/banana/A/Banana_Good_IMG__8510.JPG,ff0f19302f0f0f03,247
26210.5,1957.231657385826,0.953125,0.0859806465264632,0.4846750557060569,30.57962771458118,36.049963134852824,43.87313487959817,64.59332684829677,57.63883143743536,36.626737739536615,4227.9839950903415,307.03644225823035,0.6242517244216889,0.5621106863777959,A,grading/data_processed/banana/A/Banana_Good_IMG__8538.JPG,77070f1f1f1f1f01,40
27803.5,1841.2072721719744,1.3333333333333333,0.1030632825990686,0.6416241663397411,86.4124654997729,22.672935258425493,200.63089124130943,41.00769408173224,78.34336023477623,47.06152399082123,630.8623325013451,208.40498366013068,0.6651037798416679,0.4104054178087054,A,grading/data_processed/banana/A/Banana_Good__IMG20200729190245.jpg,7f5f3f7b78040000,547
36876.0,2230.719027042389,0.9765625,0.0931244942302219,0.6652895171256664,65.35146133925268,48.9774109791585,91.97159241054912,53.30238199531003,80.71745679403837,52.07069168660384,1542.1188493845216,353.9911991716867,0.5047100248748213,0.4012724562488499,A,grading/data_processed/banana/A/Banana_Good_IMG__9183.JPG,0301170f17596bef,396
33857.5,1410.7564804553986,1.0131004366812226,0.2137768351621552,0.751437068601993,37.791908352668216,42.638648532503495,77.30107308584687,65.343481533316,74.13169953596288,49.4412799878117,1583.330218727661,326.7777651751451,0.4479830544931003,0.3464889941097362,C,grading/data_processed/banana/C/Banana_Bad_IMG_20190910__175831.jpg,4107030185cbefff,584
32319.0,1496.6559767723083,1.094017094017094,0.181310856678616,0.7805673296380828,42.98696298092957,52.82312027910977,58.883727981081165,56.01307044053883,68.72243276839583,46.68370331790225,1717.8976062083836,250.28500083794205,0.5624527772942933,0.4481158009336836,C,grading/data_processed/banana/C/Banana_Bad_IMG_20190910_175317__1.jpg,07070301010f7fff,471
27521.5,2177.814478158951,1.087557603686636,0.0729189158775673,0.7300519921481246,25.170732564679415,27.62770847006744,104.38020247469066,71.86751861831898,61.237837457817776,42.74202936163768,2852.8671362324258,531.3720953034612,0.4907180048793414,0.4305710680450315,C,grading/data_processed/banana/C/Banana_Bad_IMG_20190910_175546__1.jpg,63c18101014373ff,76
31947.0,1491.1656415462494,0.9748953974895398,0.1805461238491982,0.7898289161392406,34.108268139285165,37.91727818985893,81.25540727105384,68.01370848315035,69.92047860101242,49.74652914067596,1473.5933270679318,324.16418987159136,0.5170020530412323,0.4107364686524526,C,grading/data_processed/banana/C/Banana_Bad_IMG_20190910__175819.jpg,7f03010105c1ffff,34
29456.0,1386.34732067585,1.0735930735930737,0.192592575241712,0.7998045018870998,27.25095575280077,41.63926449832482,70.17552607958513,60.51455151057933,60.50955752800771,37.57025952609354,1519.545845302382,153.5565487144435,0.6159093077170545,0.4732142946282609,C,grading/data_processed/banana/C/Banana_Bad_IMG_20190923__184125.jpg,ff1f0f0f0f0f0f01,12
23629.0,1719.4499135017395,1.361963190184049,0.1004329332917064,0.7773592354382906,28.32041661540985,38.71399984192177,62.290113585106816,65.05955977073413,49.80514208389716,31.33004271401747,1235.7987632779073,244.98603669877585,0.4873171787382638,0.3202858252449411,C,grading/data_processed/banana/C/Banana_Bad_IMG_20190910__175158.jpg,ff3f0701011b1f07,181
11437.5,552.2325364351273,0.6145251396648045,0.4712995113315344,0.8524315259921744,23.14788189987163,48.19981451170278,119.80898587933248,55.09580845437525,32.77227214377407,24.850063028798704,1241.705175638857,169.85813131054277,0.5760851039775773,0.4012605964588163,C,grading/data_processed/banana/C/Banana_Bad_IMG__7713.JPG,071f3f6363c30307,105
21948.0,647.9310195446014,1.1333333333333333,0.6569726213529393,0.9240874068460276,19.343180898421693,30.45790269626553,89.45375241692523,57.14719177827145,58.54723683618868,34.020027883766254,878.0111308242292,114.11384815900942,0.5324486202159875,0.2771538386946824,C,grading/data_processed/banana/C/Banana_Bad_IMG__7707.JPG,ff83010103070f9f,111
28010.0,1663.5920485258102,1.1641025641025642,0.1271830691460511,0.7386895578675317,69.87264249425847,72.92280151342744,74.87024149210104,60.16675366504819,61.11427378384021,41.13370542429148,1557.666720520666,283.0216473791695,0.4724142312503246,0.3473302338138665,C,grading/data_processed/banana/C/Banana_Bad_IMG_20190910__175428.jpg,0303030303c3fdff,86
21998.5,942.4823149442672,0.8670212765957447,0.311212128174115,0.8677738111674326,21.97056199821588,31.942398097279742,99.69812667261374,63.663221331330945,60.653835860838534,38.436991793013235,1886.266193407495,329.2651037562385,0.4338048274160235,0.2601425143118946,C,grading/data_processed/banana/C/Banana_Bad_IMG__7920.JPG,fffb01090103078f,184
28067.5,1773.148397564888,1.0221238938053097,0.1121820643464358,0.7133598505547013,39.31374792013311,50.99318671236736,66.92075707154743,64.78020960438242,60.79180532445923,39.28626591976743,2730.847721215526,300.49769141977686,0.5524438707551619,0.4443608024741047,C,grading/data_processed/banana/C/Banana_Bad_IMG_20190910__175414.jpg,030303010f3f7fff,26
21071.0,928.4406856298448,0.8472906403940886,0.3071755778170441,0.7598766656448909,44.22406812787938,54.63104585236276,87.4026711340686,70.07616588679181,60.124575364139794,42.019151343292464,2600.459395624306,215.2131766197102,0.5730979625212971,0.3838694409488278,C,grading/data_processed/banana/C/Banana_Bad_IMG__7908.JPG,07030303033f7fff,13
26046.5,1236.50670170784,1.1774193548387095,0.21407516537134,0.6971854548374576,47.45592602338082,52.47127870581581,73.8830583016953,65.97935122707506,56.391271661090855,40.00249881929171,1216.039116457132,283.80714215251055,0.4919188663311065,0.3433963174585492,C,grading/data_processed/banana/C/Banana_Bad_IMG_20190910_175205__1.jpg,ff23070f0f0f0f03,22
22425.5,797.2863581180573,1.0491803278688523,0.4433261328161821,0.8461973850536763,20.216360923374,25.52569843588127,102.92670938295444,63.5227012449227,62.70196611954709,42.27551452149939,1716.9751097522685,282.9111378136355,0.5076642110770604,0.3479376733205298,C,grading/data_processed/banana/C/Banana_Bad_IMG__7883.JPG,ffff830900030307,184
21830.0,714.1320301294327,0.6237623762376238,0.5379062307638847,0.9591599112458534,16.886085661416256,24.177323367410036,95.58897865234464,62.90860380405939,58.74807058717335,35.678229147672695,1327.0321551120785,165.80827722772278,0.4595270364231638,0.1301499757006693,C,grading/data_processed/banana/C/Banana_Bad_IMG__7698.JPG,ff070303030303f7,258
17463.0,970.641695857048,1.28,0.2329221720196916,0.7446431997953222,30.923708461323653,54.06678660078167,76.05512426696454,70.3630099886556,51.37525830773527,33.337559701802505,920.801900998264,149.27923211169286,0.5901090466700887,0.3749167879436749,C,grading/data_processed/banana/C/Banana_Bad_IMG__7854.JPG,fffbf30707070600,35
28047.5,2196.843915939331,1.102803738317757,0.0730307258761112,0.7386071865906487,31.227040640309113,33.51587026828653,98.046746705306,69.99101322738187,61.45073483750776,41.63905390818475,2733.875468481806,540.0994631139391,0.4751102802622239,0.4114214120947481,C,grading/data_processed/banana/C/Banana_Bad_IMG_20190910__175548.jpg,e3c18101014373ff,76
26815.0,1208.950352549553,1.181818181818182,0.2305529761776181,0.7216286767674049,32.18929093567252,41.677369968371664,66.23545321637427,63.37137165939773,58.01995614035088,41.04910281015357,1298.4461512972066,307.164316966456,0.4758111125509394,0.3365564234702386,C,grading/data_processed/banana/C/Banana_Bad_IMG_20190910__175206.jpg,ff63070f0f0f0f01,22
14705.0,926.8427076339722,1.864077669902913,0.2151110986254631,0.786973856733831,93.63815441565308,49.759124481325955,81.20723162347964,69.85156380270485,47.65078001057641,34.60075615073759,960.0052397429693,161.11645402328062,0.5271474241302158,0.2357235147086859,C,grading/data_processed/banana/C/Banana_Bad_IMG__7868.JPG,ffe1800f0f070704,483
17418.0,1454.5971018075943,0.9896907216494846,0.1034481466520001,0.5523824625386506,23.023814798404963,45.16320265111874,107.7595813026141,62.73132703862443,52.28461453256535,37.2666186028597,2387.0609781119733,242.01438441193943,0.659033817397095,0.5076251199841616,C,grading/data_processed/banana/C/Banana_Bad_IMG__8018.JPG,ffe3e7cfdf180000,243
20563.5,992.7665861845016,1.0607734806629834,0.2621878705932062,0.7351327196353562,25.036846615252784,42.86211253852828,80.15367037989147,64.76982879606373,59.29672474531086,43.43376268702862,1136.135089963422,215.35576060860257,0.5500835317437585,0.3901139530659567,C,grading/data_processed/banana/C/Banana_Bad_IMG__8030.JPG,ff9f8f8f0f021000,52
17648.5,1158.3300775289536,1.177914110429448,0.1652924421472935,0.6262552783790497,17.319596716434358,33.09029141287045,94.82023029034212,59.621413360028114,53.83604209134483,43.58288300589915,1909.8964547131409,227.90383194680885,0.5592022018435512,0.4119976140041461,C,grading/data_processed/banana/C/Banana_Bad_IMG__8024.JPG,fff7e3e3a0204460,353
26009.0,1240.1463091373444,1.0208333333333333,0.2125140600563797,0.7872092495346479,80.10290684539498,36.11850832200701,190.4836960614504,75.21738319403488,71.63946833345885,42.958115505995025,502.58102335787106,177.75408653846154,0.5869859782143353,0.2868906520990622,C,grading/data_processed/banana/C/Banana_Bad__IMG20200729190310.jpg,ffe763212101051f,559
27659.5,1552.3199702501297,0.921875,0.144241988172082,0.6236780987169948,32.51983762795623,35.47608002356933,84.74842922696787,62.13140773284883,58.77871514295799,39.351952049196335,1082.248779178248,221.09692486702124,0.6223508138391762,0.5255538335181201,C,grading/data_processed/banana/C/Banana_Bad_IMG_20190923__184045.jpg,6341c7c30301efff,119
21931.0,3276.605448961258,0.75,0.025669653157551,0.4968734423852463,44.628748928877464,40.138053383971176,87.8044558697515,73.05923737102265,86.92472150814054,58.58950656918847,9499.813719007703,1219.0262393651828,0.529689468342535,0.5055684857095516,C,grading/data_processed/banana/C/Banana_Bad__IMG20200730132836.jpg,681ef230890019bb,286
27966.0,1590.2194658517838,0.92578125,0.1389716092819436,0.6249874291844055,32.41390381796608,35.53527661381523,83.5781740769177,60.99092966526519,59.22942695609688,39.24962472004193,806.6602571200792,218.1127019332627,0.6230245126793237,0.5223720463559669,C,grading/data_processed/banana/C/Banana_Bad_IMG_20190923__184044.jpg,6343c7c30301efff,119
17532.5,1142.1879400014875,1.1925465838509317,0.1688801363895931,0.6273145249297816,18.73764490543014,35.223394311411276,97.705918242831,61.29664559177201,53.54312496533363,43.35277083347101,1945.4165719234984,217.4994309128159,0.5551497850623259,0.409408573736302,C,grading/data_processed/banana/C/Banana_Bad_IMG__8025.JPG,fff7e3e3a0204460,353
19740.5,922.6833264827728,1.0491803278688523,0.2913819646484789,0.7540297937356761,37.70424212354254,44.40412280318087,69.45169933019102,65.51024914247279,56.50538327958323,41.16441741988981,882.417880794055,193.77681457957829,0.5805772335881262,0.4214618001198278,C,grading/data_processed/banana/C/Banana_Bad_IMG__8031.JPG,ff9f8f8f0f031000,52
17091.5,1489.325023174286,0.9948186528497408,0.0968302538663485,0.5445407334246662,23.3185686108763,44.48436371891932,108.83471400394475,62.97940385117285,51.386531417300645,36.861280537639296,2349.5853874635327,242.7377587282641,0.6630903824090049,0.5134459600089506,C,grading/data_processed/banana/C/Banana_Bad_IMG__8019.JPG,ffe3e7cfdf980000,243
25714.5,1300.1046788692474,1.12,0.1911750910579701,0.7225203708906996,32.489789709852836,54.08428601599766,76.92961174278435,58.35089254901638,53.18089515914363,32.528323286978384,1212.7009149374203,179.16062780269056,0.5666420665433998,0.4109597364034594,C,grading/data_processed/banana/C/Banana_Bad_IMG_20190910__175213.jpg,fff7870707070701,23
27343.5,1406.3889511823654,1.3617021276595744,0.1737213022662494,0.770271983323239,25.040071492403932,30.49610302231894,49.12260947274352,77.84024598196913,56.77419124218052,34.867336251911794,1694.6444943083957,276.49057154776807,0.5032247448361943,0.4153977782768329,C,grading/data_processed/banana/C/Banana_Bad_IMG_20190910__175207.jpg,fff7e30307070100,72
27681.0,2218.7434096336365,1.102803738317757,0.0706606256575284,0.7321466356326704,32.98302420622446,35.18589513002744,96.77882566628244,69.00688598583793,60.31073387124943,40.514021366169366,2536.053741096652,511.0704513819845,0.4806855165456944,0.4184155477198605,C,grading/data_processed/banana/C/Banana_Bad_IMG_20190910__175549.jpg,e3c18181014373ff,76
18161.5,1061.168607354164,1.1497005988023952,0.2026715512542582,0.699043513404284,21.25702638918687,18.41024885496961,64.04993563612959,68.5240803479368,51.66064149324179,32.339846745964074,1420.5934731154816,164.99372981785123,0.6109419418509157,0.4137637186994649,C,grading/data_processed/banana/C/Banana_Bad_IMG__7855.JPG,ffff03070f0f0400,319
21823.0,682.3330411911011,0.635,0.5890219954943654,0.9602657748833936,17.97479333242987,27.114812911385727,96.46130912047704,62.47401126064437,58.66585354835795,35.6960899526087,1416.3407467279433,159.5365873015873,0.4637087878798017,0.1310847905620802,C,grading/data_processed/banana/C/Banana_Bad_IMG__7699.JPG,ff070303030303f7,258
28386.0,1420.4793519973755,0.75,0.176784511175215,0.7593595762609847,23.133944890850778,24.982534684884765,93.42994102838225,67.99712462280164,60.89767907024865,39.48671929369958,2032.848518885416,467.7815560621412,0.4478925178608162,0.3808845425756046,C,grading/data_processed/banana/C/Banana_Bad_IMG_20190910_175501__1.jpg,fd81818101073fbf,124
22801.5,800.801078081131,1.037837837837838,0.4468111310427746,0.8459883127724701,20.176732139002805,25.213403411172127,104.83574357867472,64.55195362150636,63.67273904597453,42.669586758412535,1766.529787240788,282.0671289090137,0.4978364012612111,0.3442795680262728,C,grading/data_processed/banana/C/Banana_Bad_IMG__7882.JPG,ffff830100030307,184
32702.0,1374.8326013088226,0.9918367346938776,0.2174125121617556,0.7222173144876325,111.63364345738296,56.53732178015037,68.60243097238896,40.11164581196629,66.94873949579832,40.387406087045925,4610.328150076674,148.08746837578005,0.5734831124675295,0.4404764263008162,C,grading/data_processed/banana/C/Banana_Bad_IMG_20190910__175415.jpg,03030303217f7fff,26
32572.5,1533.938159942627,1.0,0.1739583395526819,0.630919867511186,49.97797872979631,43.57360142522615,74.01772516974103,72.04790284733332,67.79471850027038,42.86396064877137,1290.6053610143715,282.0675398284314,0.5793942497378496,0.4901876640046426,C,grading/data_processed/banana/C/Banana_Bad_IMG_20190910_175745__2.jpg,07070707070f2f7f,418
32313.0,1599.2245182991028,1.0158730158730158,0.1587699345134346,0.7243199623415487,33.50436099333737,25.079507956144084,45.51390066626287,66.36871353483066,70.43470623864324,48.596629630740054,2436.2378091607898,529.3587301587302,0.5672727512715433,0.483743322384357,C,grading/data_processed/banana/C/Banana_Bad_IMG_20190910_175221__1.jpg,fff7e7c707030100,72
32699.5,1628.839742422104,1.158371040723982,0.1548796154211163,0.7072991358705645,44.829763044518906,55.291345426931976,69.38343705122068,66.56234050310476,70.32566419339396,46.285279890605615,2121.52675034147,436.7531541123236,0.4976839655561324,0.4078992412922576,C,grading/data_processed/banana/C/Banana_Bad_IMG_20190910__175429.jpg,0303030307077fff,13
23313.5,705.1442234516144,1.1294117647058823,0.5891982347285016,0.9375842030122056,18.6480744815912,29.867554573906343,96.15780787134996,56.07201121394288,62.17054591620821,35.97368007390965,730.9639781339735,120.94662765629812,0.5153275230520987,0.2736318394931788,C,grading/data_processed/banana/C/Banana_Bad_IMG__7706.JPG,ff830000030707df,111
30674.5,1485.4671592712402,0.9744680851063828,0.1746872655457228,0.7649692012269632,32.44327033584472,33.295103525363025,79.33533392925553,69.43345667084247,67.25590601455752,48.25759407143479,1500.6932708540703,323.43603956700264,0.5212406088245422,0.4133205053681745,C,grading/data_processed/banana/C/Banana_Bad_IMG_20190910__175818.jpg,7f0701010541ffff,34
27885.0,1802.3615996837616,0.9956140350877192,0.1078690020787534,0.711542632592914,37.1182132022178,48.28910956122384,66.51145517313526,65.89098080277408,60.24249398472644,38.75258977555163,2665.024503118087,306.17501164415467,0.546925716613613,0.4416954395634538,C,grading/data_processed/banana/C/Banana_Bad_IMG_20190910_175413__1.jpg,030303010d3f7fff,26
34081.5,2005.2215514183044,1.0847457627118644,0.106513299343461,0.8073793307669529,26.87593726747181,30.476646372756836,90.66298437410566,67.23966203891389,74.5002289508328,50.30478382026591,3356.508622544005,536.7047856430709,0.491326806326391,0.4138650040814236,C,grading/data_processed/banana/C/Banana_Bad_IMG_20190910_175513__1.jpg,c78703010003cfff,231
32354.0,2161.0377873182297,1.0133333333333334,0.087058889551737,0.732256020278834,38.040933389392755,43.28940155347567,82.06775181692595,65.74900883397115,70.65745690431858,47.308959981802246,1598.1396554377604,435.39919725893304,0.4448148886058355,0.3409317254923791,C,grading/data_processed/banana/C/Banana_Bad_IMG_20190910__175830.jpg,0103030185d3dfff,401
22534.5,950.0559099912643,1.0607734806629834,0.3137324655376151,0.7933007111173696,39.488069319864145,37.04375343676712,55.87973526082034,70.37975139528247,60.67451885395803,35.795647776512645,605.6115118326458,166.85213039831075,0.6132364085635245,0.3388771370938583,C,grading/data_processed/banana/C/Banana_Bad__IMG20200729190515.jpg,ffc7cf0f0f000000,4
29203.0,1252.9503523111343,1.0347826086956522,0.2337596817461413,0.8298664393293549,20.968357406785355,34.07590777244644,71.67877057440376,59.72588686159481,59.36388982196843,35.674487082571886,1318.940955368915,133.2767749036874,0.6084781415480791,0.4556976952970036,C,grading/data_processed/banana/C/Banana_Bad_IMG_20190923__184126.jpg,ff1f0f0f0f0f0701,12
29833.5,2199.672342777252,1.0950226244343892,0.0774815111286839,0.7362115341904597,33.486562896045236,36.06546404982517,95.62564585838234,68.6335158524662,64.60468592597407,42.86611086820741,2198.0095090492964,531.7430765475676,0.4753247684523322,0.4113596349550889,C,grading/data_processed/banana/C/Banana_Bad_IMG_20190910__175601.jpg,e3c18101014373ff,76
17763.0,609.4457391500473,1.4427480916030535,0.6009745620524718,0.9137815731261896,30.81409403415391,34.01459158249934,70.55078731426036,70.66652013521394,47.15530051009093,27.19477685889172,774.5250773455953,104.60735747929186,0.5550172131504376,0.2686492708400071,C,grading/data_processed/banana/C/Banana_Bad_IMG__7704.JPG,ffffe38100010307,183
22272.0,652.2741656303406,1.113095238095238,0.6578225033160321,0.927903343401729,18.482362846760612,28.311457383539494,91.5679340600904,58.59208941029683,59.39448728175131,34.51516683640729,958.7039085768808,119.41321044546852,0.5428634261297249,0.2800476631853087,C,grading/data_processed/banana/C/Banana_Bad_IMG__7710.JPG,ff830101030707df,111
31822.5,1342.3889504671097,1.0893617021276596,0.2219153899099187,0.7514611252140032,31.691043118869903,43.516268256277804,61.391678489914256,56.513608036007106,65.94346431435446,41.9443922241135,1318.3906279992602,320.4133833959115,0.5714170541416115,0.4588085577345301,C,grading/data_processed/banana/C/Banana_Bad_IMG_20190910_175141__1.jpg,ffe78f0f0f030100,4
27653.5,1323.2173781394958,1.2513368983957218,0.1984712378139717,0.7690072302558398,83.04981765393195,68.18845010538776,67.23779343554155,52.40992224471269,57.43061997663138,36.4924696813249,1560.2929236901457,223.33623281540477,0.4941055553334461,0.3540105693362674,C,grading/data_processed/banana/C/Banana_Bad_IMG_20190910__175417.jpg,0707030303c1ffff,86
22567.0,800.5584366321564,1.0434782608695652,0.4424840449768233,0.8431376211914592,20.49984736819153,25.32388319750426,103.3874667480703,63.22572237414851,63.03370982512756,42.5246869596516,1805.9134202238845,277.0520999317095,0.495523145164776,0.3469959166993541,C,grading/data_processed/banana/C/Banana_Bad_IMG__7880.JPG,fff7830900030307,184
18370.0,1031.2102377414703,1.1925465838509317,0.2170823869895343,0.7127752449316132,17.121641711797814,20.625732752789617,88.47621323139003,67.5329486457106,52.52490177338855,32.929709460643245,1173.759934807884,164.47130174628467,0.5964005164448943,0.3893912023896896,C,grading/data_processed/banana/C/Banana_Bad_IMG__7857.JPG,fffb0307070f0600,35
25276.0,1037.5533837080002,1.0706521739130437,0.2950511478725892,0.7457257077106906,30.966128029832195,48.96518676153325,72.7802983219391,56.75575080012463,55.28853325046613,40.62172048961807,1464.699871701382,325.12128438331865,0.4422051514750879,0.2883293811090706,C,grading/data_processed/banana/C/Banana_Bad_IMG_20190910__175205.jpg,ff23070f0f0f0f03,22
19273.0,1007.979790687561,1.103448275862069,0.2383721620937168,0.746465781013982,36.29051724137931,41.82469367915491,68.18240365111562,62.86393468984572,54.97145030425963,39.438434398892895,993.094052425118,214.9526990431486,0.5624902463898377,0.4040405740727628,C,grading/data_processed/banana/C/Banana_Bad_IMG__8027.JPG,ffcf8f8f07011000,52
14557.5,948.139170050621,0.624390243902439,0.2034944107696761,0.7348190399273131,19.480141512582605,36.6323445302527,123.74928242440424,60.19782060245879,48.961885054402245,40.19757230474742,2584.3553077929223,292.39661993470327,0.5598423896547884,0.4216611829336143,C,grading/data_processed/banana/C/Banana_Bad_IMG__8033.JPG,ffe7c7cf8f080008,62
27654.0,1579.6753081083298,0.91796875,0.1392618509134248,0.6246385977593061,32.49369992588148,35.51891426029673,83.56637136907493,62.37333741734542,58.759573642042845,39.41349934027209,972.543456173608,221.7043603098291,0.6211026015189962,0.5236279987998844,C,grading/data_processed/banana/C/Banana_Bad_IMG_20190923__184046.jpg,6341c7c30301efff,119
17167.0,2885.0175746679306,0.8205128205128205,0.0259183496849879,0.5343314243027888,65.312299755634,44.84020136117283,67.44990496877546,67.72641917539657,86.03980450719523,57.89711859156135,11675.552560021464,1222.462858549246,0.5889900844619183,0.5708989876882655,C,grading/data_processed/banana/C/Banana_Bad__IMG20200730132835.jpg,daf8888c82405e6f,433
30419.5,1152.2813057899475,1.034934497816594,0.2879021467216771,0.8775024519702302,20.921694729017872,34.86867494378609,65.15622273212036,59.58458699565873,61.67585560546812,36.63598176473036,1122.626460441995,132.21332617866926,0.5892758490670905,0.4296128836941009,C,grading/data_processed/banana/C/Banana_Bad_IMG_20190923_184126__1.jpg,ff3f0f0f0f070301,12
29808.5,4160.769005894661,0.75,0.0216372854750982,0.6276332550770105,42.94844284086593,35.23917564813967,91.11033042157236,70.28140076838372,95.80608304848715,62.977354645058895,9988.928065377806,1650.3911362892668,0.3639485400703977,0.3318272312439303,C,grading/data_processed/banana/C/Banana_Bad__IMG20200730132834.jpg,18d4f02882066f35,53
28098.0,1156.3229348659515,0.6776859504132231,0.2640748202635724,0.8476401647133355,47.57512229210342,50.638315293746366,94.14510831586304,70.10284407860546,61.670859538784065,43.604422765654256,1540.9028799605428,399.5417025807433,0.3879539208360436,0.2712736097828374,C,grading/data_processed/banana/C/Banana_Bad_IMG_20190910__175748.jpg,01010101d3f1f3ff,230
27144.5,1504.8641266822815,0.90234375,0.1506250247946354,0.6286505014011441,31.35286922108293,37.44370124652925,84.90656592912394,64.27107783727453,57.604353300953406,38.38652983430439,814.5356125318585,209.26839334239125,0.6246607153428976,0.5245519729174242,C,grading/data_processed/banana/C/Banana_Bad_IMG_20190923__184047.jpg,4343c3030301efff,119
17692.5,3608.0095579624176,0.803347280334728,0.017079049985199,0.4795430213175405,28.278459299303464,18.346231863673797,128.8392244516062,72.09833391748226,79.84333090757875,55.05020900935785,15350.96992707458,1191.7761834870428,0.5813064951702563,0.5575654924440281,C,grading/data_processed/banana/C/Banana_Bad__IMG20200730132808.jpg,a0e0d2c987bae83d,205
26908.0,1335.3767582178116,0.7798165137614679,0.18961978796367,0.8530982990663095,46.47404580152672,52.54396472095176,80.61744820065431,71.19405340143116,55.51773900399854,33.363625009406455,1805.9953270531091,333.93121980348513,0.3724955740841487,0.251146528550965,C,grading/data_processed/banana/C/Banana_Bad_IMG_20190910_175657__1.jpg,010103030387ffff,13
17344.0,1109.1757479906082,1.2151898734177216,0.1771570331194336,0.6327155990077339,17.725406618059452,33.00865094276456,95.97106001121703,61.37285945859761,52.74397083567022,42.67026152435206,1976.6411207301276,213.9804161972298,0.5635214454624118,0.4048665387952598,C,grading/data_processed/banana/C/Banana_Bad_IMG__8026.JPG,fff7e3e3a0204840,353
30371.5,1454.045804977417,1.028225806451613,0.1805177575933027,0.691518670309654,38.4912653903178,49.901271098497595,60.40098626958035,57.522060804579525,62.477244891381424,37.37872434352155,1075.918650815083,226.49780924561855,0.6181649657889496,0.507290317942163,C,grading/data_processed/banana/C/Banana_Bad_IMG_20190910__175204.jpg,ffefc7070f070301,4
22650.0,3315.0074694156647,0.75,0.0259005536569432,0.4899945916711736,36.42393290151138,40.75178430625735,127.7024580634446,71.59263792657185,88.6767978741073,58.58126689651988,8667.213089623385,980.1342032068064,0.5215498907502317,0.4933196943957939,C,grading/data_processed/banana/C/Banana_Bad_IMG20200730132845__01.jpg,612c321ce189f9f7,43
27195.0,2901.277461886406,0.75,0.0405994732200839,0.6317660177484551,42.95547981306441,29.952602374637323,130.18366773252748,73.60409099505225,92.70044625601744,61.872696911915945,6905.597989915146,1011.6871523232984,0.438791452629516,0.4049415056671535,C,grading/data_processed/banana/C/Banana_Bad_IMG20200730132855__01.jpg,df5fe50d11833c32,528
18247.0,1058.724956035614,1.1925465838509317,0.2045667452897127,0.7120919432574294,16.66431699241696,13.762910392743285,83.85319876108085,69.5296949614871,52.14760226423155,32.752074571378216,1183.7481954875695,157.99424408962312,0.5995395930818905,0.3926460866860279,C,grading/data_processed/banana/C/Banana_Bad_IMG__7856.JPG,fffb0307070f0400,319
22219.0,1158.5727158784866,0.5,0.2080117077325849,0.8578764478764479,39.54839135601426,45.61728041361259,107.13731789974032,77.73919306546081,53.33127943312354,42.83411269445344,3787.84330534935,594.5824003444882,0.3777480723947274,0.2935436157674075,C,grading/data_processed/banana/C/Banana_Bad_IMG_20190910_175634__1.jpg,c3c3c1c1c1c1e3f3,359
22118.0,807.185852766037,1.037837837837838,0.4265880000768375,0.8403335802891283,20.966862378791923,27.779973119571633,105.84801174272752,63.08945348759315,61.934480918067784,42.0806847234506,1706.2835657672558,270.00591481533894,0.5109133962724968,0.3630251792453009,C,grading/data_processed/banana/C/Banana_Bad_IMG__7881.JPG,fff7870900030707,184
27880.0,1623.0478912591934,0.91796875,0.1329964240401898,0.6278289458869097,31.965295270081164,33.1894035648175,83.21337111670864,61.81101845831039,59.11873775538763,39.28003004081925,1054.4758495861656,222.0048911591881,0.6170809013352179,0.5194365247459953,C,grading/data_processed/banana/C/Banana_Bad_IMG_20190923_184045__1.jpg,63c1c7c30301efff,119
28488.5,1391.7859190702438,1.320855614973262,0.1848138738644437,0.7528573882480412,86.9410390324354,62.83760134804305,71.40131940626718,51.35806249991997,58.58998763056624,35.65459794574524,1503.125704933511,196.6699491326464,0.4975385946298984,0.3671138187434412,C,grading/data_processed/banana/C/Banana_Bad_IMG_20190910__175416.jpg,0703030301e1ffff,86
30734.0,1472.4894559383392,0.90625,0.1781248713670318,0.7411498022571622,93.64117834394904,61.154049023655745,67.53656050955414,46.517497573779615,62.96257961783439,37.505613605756466,1167.0049057004,133.62941355519482,0.5922077511840154,0.471039164793216,C,grading/data_processed/banana/C/Banana_Bad_IMG_20190910__175402.jpg,07070703013f7fff,118
32666.5,1591.0508569478989,1.0,0.1621602277196711,0.6224917582941099,49.41509998802539,42.6283990345626,70.69530595138306,72.09927072073314,67.7578733085858,42.42161468388179,1330.8957679122686,285.2193780637255,0.5786567431641894,0.4881663643199592,C,grading/data_processed/banana/C/Banana_Bad_IMG_20190910_175745__1.jpg,07070707070f2f7f,418
13460.5,702.8010754585266,0.6578947368421053,0.342457137005857,0.796785745996981,20.5913611615245,44.58892196126769,118.59753176043556,50.62668085342337,37.83382940108893,25.38152383375235,1453.8179959561216,122.35144312393888,0.6075769443140504,0.4154532020992815,C,grading/data_processed/banana/C/Banana_Bad_IMG__7711.JPG,0f3f73f1f1810317,539
20987.5,761.8893887996674,1.1925465838509317,0.4543460149167505,0.8841495523959979,19.10881484605652,23.30845948998588,84.31069872065233,62.356745076752375,55.85116453442055,32.24710064781573,908.3502424825252,88.55331533933857,0.6332925085210851,0.3090193557337099,C,grading/data_processed/banana/C/Banana_Bad_IMG__7705.JPG,fffff3c180000101,365
28929.0,1175.7199045419693,0.8962264150943396,0.2629877648912501,0.8289943117504621,39.34082575037349,46.25880581040771,83.75084883878854,70.77593791328157,63.227862284394945,45.86937451513763,1727.573177750163,393.34019666566826,0.3906980560248212,0.264529707305998,C,grading/data_processed/banana/C/Banana_Bad_IMG_20190910_175738__1.jpg,070303031179ffff,221
24007.5,1543.2762522697449,0.75,0.1266687412424288,0.6130931099647582,22.93104564584008,36.25459108566978,69.89231952088055,57.24577367813211,67.6778892845581,43.103990886901826,1269.476933737182,240.52427601439788,0.6578676488456155,0.4953709145905547,C,grading/data_processed/banana/C/Banana_Bad_IMG__7739.JPG,0f1f3f3f3f010400,212
20700.5,3282.362808585167,0.7868852459016393,0.0241444620351147,0.554111569141817,45.252747252747255,37.60021018409536,93.82693438248994,75.77657009824864,90.81924659702436,65.88819345970046,13885.450528836122,1462.6008067977,0.5288103263992215,0.506206191540379,C,grading/data_processed/banana/C/Banana_Bad_IMG20200730132837__01.jpg,f4e49dba00301135,604
30058.5,2087.245936393738,1.0950226244343892,0.0867021605583717,0.7461739918328845,33.6532570763862,36.421220497085415,94.3530115031666,67.71832182797249,65.36021713842575,43.93882718534368,2352.4763371609884,540.8230600251592,0.4724850182308705,0.4083917548816515,C,grading/data_processed/banana/C/Banana_Bad_IMG_20190910__175600.jpg,e3c18101014373ff,76
30616.0,1137.210237622261,1.0394736842105263,0.2974930277631475,0.8880638143582306,21.435807663893616,30.020479825112556,67.31516397391835,59.79085799685134,61.86287861754408,36.76818444564148,1126.9283893354154,140.16417633065714,0.5799308211650042,0.4238952104376061,C,grading/data_processed/banana/C/Banana_Bad_IMG_20190923__184127.jpg,ff3f0f0f0f070301,12
23805.0,1388.940246105194,0.6610169491525424,0.1550639794886822,0.8563411694875622,31.185940764409487,43.41699241804269,92.03309983204294,76.29623215185113,53.33099832042931,37.0254475029576,2424.183523224147,450.8838436303992,0.4197788684694342,0.3264573347721064,C,grading/data_processed/banana/C/Banana_Bad_IMG_20190910_175626__1.jpg,01038181c3e3f3ff,523
33013.0,1464.8569855690002,0.91796875,0.193332293496664,0.8458257004137789,27.70859077946768,23.516605902949124,59.10803826045627,70.70180051142015,71.19293607414448,49.365093184846145,2607.534639223374,379.2175313835471,0.5384609210026929,0.4390476868478015,C,grading/data_processed/banana/C/Banana_Bad_IMG_20190910_175726__1.jpg,0f030103071f3f7f,261
33097.0,1371.803164243698,0.88671875,0.2210115108311507,0.8718570130263557,38.271187446234165,46.84695829231677,85.7342707128237,66.51808312352577,67.75542107917298,41.28073007362511,1926.0164510027384,323.6139726216814,0.5053422239052459,0.416739935473492,C,grading/data_processed/banana/C/Banana_Bad_IMG_20190910_175700__1.jpg,01030307071f9fff,354
29646.0,2297.8561074733734,1.1,0.0705554082644008,0.7342571609020322,33.22684384080446,35.81886946488046,96.06177152371936,68.50636213962366,64.11260570047993,42.41180027543512,2324.340976612928,543.0278762731045,0.4736234425907979,0.4100800185509943,C,grading/data_processed/banana/C/Banana_Bad_IMG_20190910_175600__1.jpg,e3c18101014373ff,76
30915.0,1707.4742977619171,0.8847736625514403,0.133251088303209,0.860638623646335,26.607486968883272,25.18961986926156,72.63250671299953,78.4798849242421,67.27389038066656,46.76047285733678,4125.521345317514,491.7184146763586,0.4813347704487776,0.3876297160655862,C,grading/data_processed/banana/C/Banana_Bad_IMG_20190910__175638.jpg,31010303071f3fff,130
33542.0,2037.9839633703232,1.1116504854368932,0.1014839339711299,0.7589803930442259,37.87419411047221,51.531303100055304,84.18176801998025,62.06374078239057,72.24260904919556,47.566597585922985,2305.6690338554063,399.9673820473513,0.3801630623433126,0.2622325323974196,C,grading/data_processed/banana/C/Banana_Bad_IMG_20190910_175815__1.jpg,41030103017dffff,41
19919.5,703.8893886804581,1.465648854961832,0.5052187508323137,0.9401755793647047,16.877778875605177,21.924538491179316,95.86019168066396,65.19459002739283,53.00009880446597,30.498640598265936,1128.183906479647,109.0017185564126,0.5264610815571532,0.1942607721508275,C,grading/data_processed/banana/C/Banana_Bad_IMG__7701.JPG,ffffe78100010301,183
20705.0,1437.661029458046,0.50390625,0.1258844532039106,0.6682696962850595,24.05418188629765,36.9731722789546,76.92254378570759,59.64323700235401,57.21686803409197,34.046364629228535,1037.7778105299371,228.80563354492188,0.5871135422716224,0.3456928425407334,C,grading/data_processed/banana/C/Banana_Bad_IMG__7715.JPG,071f1f2727670303,115
21247.5,1459.2762532234192,0.53125,0.1253841590277318,0.6311263589378008,22.08251939753537,34.857111210760664,84.45340027384756,65.47734143942589,61.5259698767686,42.054926334361824,978.7622067334328,306.3473668981482,0.5634408155029009,0.3636391365477385,C,grading/data_processed/banana/C/Banana_Bad_IMG__7729.JPG,071f3f2723430b03,592
27274.5,1295.5605239868164,0.8421052631578947,0.2041978893719582,0.8072961373390558,33.65286704247603,45.88287590056296,69.23062008545475,64.84301360450131,61.91878209040968,45.70484865277805,2156.3783025230514,401.2551207862589,0.47527688832239,0.363485987091994,C,grading/data_processed/banana/C/Banana_Bad_IMG_20190910__175406.jpg,07030301013f7fff,26
18206.0,899.0681015253067,1.6106870229007633,0.2830344004877653,0.9017112008122632,35.53966462431474,54.152591657718,83.78377942599161,64.11082388869872,42.85241320004299,30.83920872752192,2641.200266565664,150.98669574700108,0.5136936589812106,0.3292967676735826,C,grading/data_processed/banana/C/Banana_Bad_IMG_20190910__175412.jpg,0717030301c17d1f,466
20497.0,1182.5138396024704,1.0294117647058822,0.1841991834667277,0.8181945192902621,19.32247929163096,29.45556923807833,108.7101304389222,69.23139394839458,58.61715700276112,40.51655136866757,2272.726150030083,357.13607167004744,0.4788236919813052,0.2825822207004343,C,grading/data_processed/banana/C/Banana_Bad_IMG__7926.JPG,ff9f030323030307,87
28010.0,1393.8864245414734,0.8163265306122449,0.1811624544670565,0.7060751197378372,52.87676400726561,34.69497679518455,67.03957663825625,82.92396622763309,64.09867961436356,48.452096331202576,2576.865397469388,428.7333811916726,0.4847768748946898,0.4103941035192494,C,grading/data_processed/banana/C/Banana_Bad_IMG_20190910__175348.jpg,07070301257b7fff,118
25171.5,912.8254609107972,0.7973568281938326,0.3796150922895316,0.8110681488641855,17.943117400993003,22.22050802321651,115.34074827006528,62.12105419150974,69.89510926932249,45.402642654937985,1521.5861941990956,216.8635829662262,0.5555273016657244,0.3732551527781126,C,grading/data_processed/banana/C/Banana_Bad_IMG__7891.JPG,0703030303c19fff,86
22929.0,804.7005718946457,1.032258064516129,0.4449655191788526,0.8418328009692697,20.727901086163225,26.92217289093377,103.74215429528184,64.54300225786281,64.03121109346155,43.0724137936897,1710.401809513412,287.9125147779091,0.5004201521584717,0.3440104064009066,C,grading/data_processed/banana/C/Banana_Bad_IMG__7885.JPG,fffb0b0900030707,184
27070.0,1610.2539563179016,1.3072916666666667,0.1311926093558604,0.7050121755889208,73.90095375202448,40.43551794154406,200.2556775238438,75.56971563204314,76.21803131185892,44.77603039388239,524.3267342300095,185.45431250000004,0.6312910635173651,0.4154096084530773,C,grading/data_processed/banana/C/Banana_Bad_IMG20200729190334__01.jpg,fbfb3908889890e0,314
26882.5,1173.9625440835953,1.193069306930693,0.2451156479238749,0.7212131780866019,33.84969347540505,45.595585831954615,58.55426215151073,57.53713121205618,54.26704130783827,32.108116891675486,952.8719997248332,165.91976072607264,0.5758319189976127,0.4360865531266597,C,grading/data_processed/banana/C/Banana_Bad_IMG_20190910__175200.jpg,fff3c7070f070301,4
17510.5,889.9726513624191,1.2885906040268456,0.2778146150866327,0.7456035767511178,16.414085607455775,31.950899083962753,80.30213739606005,71.73007727702152,52.00418550142307,34.82730964451625,1049.6571080850963,141.63189149302505,0.581325796114571,0.3717858556522573,C,grading/data_processed/banana/C/Banana_Bad_IMG__7852.JPG,fff9f30707070600,35
12316.0,561.8233751058578,2.430379746835443,0.4903203692920999,0.9239309827456864,19.832154494158782,27.482313545975483,85.87292378606055,73.0879940078159,35.860208217436224,24.23464579077844,543.5998274842161,68.73636423884949,0.5591755873275398,0.1819550898938841,C,grading/data_processed/banana/C/Banana_Bad_IMG__7846.JPG,ff0f070303010000,262
22832.0,1909.474297165871,0.75,0.0786912032564961,0.606186114429842,17.383686055844212,29.48503797150152,85.32868668947746,58.08385045323331,65.92472436953491,44.80090326660167,1218.3565608424444,314.2104875654449,0.6358774894414111,0.5103429325117047,C,grading/data_processed/banana/C/Banana_Bad_IMG__8022.JPG,3f7f7f7383200060,246
19566.0,1014.7249566316603,1.0971428571428572,0.2387895019421427,0.7284166635642754,25.789891624631675,47.0394975761966,89.64620686210857,55.21106850145881,55.7986815162563,40.136600324033935,885.049174106257,173.81253552729996,0.583998585416838,0.4007825798870071,C,grading/data_processed/banana/C/Banana_Bad_IMG__8036.JPG,ffcfcf8f8f001000,123
31452.5,1171.217376947403,1.0723981900452488,0.2881310225908164,0.8255682713003307,34.336107113808424,36.7852688625782,83.80432334355253,69.45924591874106,70.31330163298504,50.8271971423467,1459.497134813593,314.9826482092185,0.4973719250486517,0.387288136846163,C,grading/data_processed/banana/C/Banana_Bad_IMG_20190910_175819__1.jpg,7f03010105c1ffff,34
27990.5,1679.1727814674375,0.9296875,0.1247468961207209,0.6154598825831703,31.23258567846197,35.62796564811428,85.44159236556143,61.01630563351181,59.309591808303146,39.3204231363361,823.1813111694155,229.462420886076,0.6239878541616024,0.5222487724904018,C,grading/data_processed/banana/C/Banana_Bad_IMG_20190923__184043.jpg,43c3c3c30301efff,119
34341.0,974.842706680298,0.8984375,0.4541023065754473,0.9343345712769864,44.678452339887315,36.80000548660104,67.44250891111878,79.14941304537098,70.8234736115902,44.69443640425624,2029.0659281578137,312.92155090065506,0.4934900485470607,0.4091973867294388,C,grading/data_processed/banana/C/Banana_Bad_IMG_20190910__175758.jpg,000103030f0f7fff,13
33275.5,968.2569205760956,0.859375,0.4460188713818092,0.9373248264108957,43.06705418310152,36.84455134968201,67.83484089089238,77.67329577738947,68.50885257569917,43.2392584803647,1952.9102381931652,297.82867793949777,0.4902267042695516,0.4013311195728958,C,grading/data_processed/banana/C/Banana_Bad_IMG_20190910__175759.jpg,00010303070f7fff,13
24112.0,1165.5777697563171,1.4228571428571428,0.2230286149262552,0.728668348921896,81.71248782072101,34.197505506485285,181.08850276063657,77.90942910554762,66.88815362130562,40.02189786242502,288.2519770360518,120.91251152073733,0.7111045946476953,0.4289601437583819,C,grading/data_processed/banana/C/Banana_Bad__IMG20200729190317.jpg,fff7f33393030101,245
32344.5,1152.506700515747,0.9234042553191488,0.3060013820573284,0.9140608441310706,41.80041997626221,53.06190550847837,87.66310599835661,64.05170642296638,66.46532152530509,40.704552114294785,1977.8516358831257,298.6651891252955,0.4535631686846973,0.3529072881299248,C,grading/data_processed/banana/C/Banana_Bad_IMG_20190910_175659__1.jpg,0101030f071f1fff,354
32273.0,2192.0083475112915,0.897196261682243,0.0844043431849636,0.8088673901601544,47.11363226000602,42.81696620244527,91.54002407463136,68.64326442607097,105.74026482094492,67.5219328229559,9493.157730351171,1501.3366932524343,0.2235373643651681,0.1769854452425125,C,grading/data_processed/banana/C/Banana_Bad__IMG20200730132831.jpg,ff8887b987280108,474
33201.0,1389.8864240646362,1.0175438596491229,0.2159744630174266,0.7506698169732187,38.96306591359375,44.31614042863761,78.11171895792057,64.77767518114577,72.72992873406866,48.82701415595289,1544.0072659867028,310.273904458115,0.4598109867386105,0.3560213858519986,C,grading/data_processed/banana/C/Banana_Bad_IMG_20190910_175831__1.jpg,0107030185cbefff,401
17669.0,1210.371707201004,1.1636363636363636,0.1515598992912037,0.6203131582642887,18.578927118830386,36.12585116179769,97.81026712102891,59.2176546968471,54.03858414862042,43.76187783857312,1958.8686205001004,233.29379660479137,0.5651330143975456,0.4177939035653943,C,grading/data_processed/banana/C/Banana_Bad_IMG__8023.JPG,fff3e3e3a1202460,353
32757.5,1519.2417621612549,0.921875,0.178347420941425,0.8455512248005989,30.005413812700027,24.133183649267448,59.329734095055784,69.63797814997879,70.62806209433793,48.94228835345139,2599.415695903836,374.1116023936171,0.5451240389640643,0.4448594876341283,C,grading/data_processed/banana/C/Banana_Bad_IMG_20190910_175724__1.jpg,0f030103071f3f7f,261
26809.5,1421.7514281272888,0.9761904761904762,0.1666676193613959,0.8659539075243463,75.8613937205995,69.37537229072777,78.08288662801299,61.243369175573456,55.15239032928564,32.754802393743475,1554.1667880926077,241.6538982259571,0.4707145140561792,0.3598034634680505,C,grading/data_processed/banana/C/Banana_Bad_IMG_20190910_175647__1.jpg,0f0703030781f1ff,177
14779.5,581.923879981041,2.1333333333333333,0.5484502605086763,0.932342922028766,49.14842608580157,55.88507555739367,67.12750697303758,75.10151326638194,42.048014344534465,26.930682759686093,455.32692578392914,63.56055846422339,0.518647642007257,0.1403987899651733,C,grading/data_processed/banana/C/Banana_Bad_IMG__7847.JPG,ff0f030301030300,262
27983.5,1185.050857782364,0.6790123456790124,0.2504020721325022,0.835390700798567,48.24012904130724,51.55625057848785,94.07135844028332,70.29152368757201,61.51521845851743,43.72897344511204,1489.8999934614076,396.4991217504768,0.3946648525041157,0.2811097895144868,C,grading/data_processed/banana/C/Banana_Bad_IMG_20190910_175747__1.jpg,01010111f1f1f3ff,230
17282.0,893.0437165498734,1.3241379310344827,0.2723067623577514,0.7590977972020293,15.535413487083828,24.103500193514503,87.84924537900628,69.68055251229563,52.00028262958566,35.071434001678384,981.6627265085692,146.82541975085752,0.5788416040966357,0.362040158859966,C,grading/data_processed/banana/C/Banana_Bad_IMG__7853.JPG,fff9f30707070400,35
28205.0,1374.087434053421,1.1830985915492958,0.1877185677618187,0.7125623697340997,28.499479455857855,36.40536932770273,54.625659355913385,56.606826756935355,57.189547473625765,34.13395215537201,989.916834834664,208.35546078596417,0.5869163372710154,0.4611867776811991,C,grading/data_processed/banana/C/Banana_Bad_IMG_20190910__175201.jpg,fff7c7070f070301,4
28786.0,1081.4112476110458,1.0,0.3093210106434185,0.8212955962281916,33.00607965024933,37.74222673070914,59.82379260878475,60.079257471220465,57.58842817132318,33.51506220714635,301.4153490622062,125.78153915594676,0.5514751486156205,0.3429158915312946,C,grading/data_processed/banana/C/Banana_Bad_IMG_20190910__175215.jpg,7f0f07070f0f0f03,12
22786.5,801.7716388702393,1.037837837837838,0.4454368137999326,0.8452279387217627,20.33035251425609,25.54405992610432,103.62951442889236,63.86805613875345,63.585104544669086,42.60920941708619,1747.620122554195,276.06769492005094,0.4967748334532108,0.3443329848700018,C,grading/data_processed/banana/C/Banana_Bad_IMG__7884.JPG,fffb8b0100030307,184
25333.0,934.8670922517776,0.7792207792207793,0.3642476359429153,0.8112660720862088,18.081948112474755,23.209578252549807,113.92904303246854,62.814253104714474,70.2077831287867,45.398170421205826,1773.2954997251427,229.5916708989334,0.5532886681129146,0.376441663012781,C,grading/data_processed/banana/C/Banana_Bad_IMG__7890.JPG,0703030303c19fff,86
28353.0,1325.6021534204483,0.8104838709677419,0.202760092218037,0.7029291814902505,51.74230330672748,34.22690991039448,65.62067654884075,83.03111164970392,64.58118240558377,48.465678189157515,2526.25364431737,418.58875000000006,0.4863842458925029,0.4151109763265944,C,grading/data_processed/banana/C/Banana_Bad_IMG_20190910__175349.jpg,07070301217b7fff,107
23761.0,1231.2590069770813,1.1497005988023952,0.1969589577114226,0.8478198815385714,17.405003909304146,23.99926266607241,103.02567795563968,68.5961421806438,66.66725649150241,42.71430544771469,2167.443337112576,354.1547794463429,0.4310181268291777,0.2339084885016666,C,grading/data_processed/banana/C/Banana_Bad_IMG__7927.JPG,ff9f070523030303,356
28823.0,1860.7047464847565,1.0614035087719298,0.1046150374383146,0.710083516050356,37.09016697588126,46.02057002064539,65.60374430764041,65.83992306494794,62.707370551526395,40.88694203112886,2652.044363300596,317.11838465458266,0.5618894056466917,0.4599774312202395,C,grading/data_processed/banana/C/Banana_Bad_IMG_20190910__175413.jpg,030303030d3f7fff,26
25781.0,1421.6854138374329,0.8773584905660378,0.1602885896083276,0.7900163941961481,31.279136690647483,43.305809268593386,71.60143884892086,69.13303243472653,57.72290798939795,40.94156410497582,3141.384181631963,498.58824579296265,0.4312234368215809,0.3264852250052936,C,grading/data_processed/banana/C/Banana_Bad_IMG_20190910__175407.jpg,030303010171ffff,26
22098.5,983.3696179389954,0.453125,0.2871700125749229,0.7954107801673715,22.3008205810601,37.27836809855451,89.92770015524506,65.5207416217803,61.7282324240408,38.73739137261847,1473.7479690104972,246.42428668478263,0.4710579499149496,0.2352907943575733,C,grading/data_processed/banana/C/Banana_Bad_IMG__7728.JPG,071f0f4763830307,105
27244.0,1600.3616007566452,0.91015625,0.1336732450118029,0.6209741754609897,31.28240558439234,35.54692575507934,85.80877035976374,63.68425909092977,58.14487202434222,39.086889802883775,1157.4862036633783,221.27185479525863,0.6239418039983964,0.5263045320479556,C,grading/data_processed/banana/C/Banana_Bad_IMG_20190923_184047__1.jpg,4343c3830301efff,119
28803.0,999.3523740768431,0.8709677419354839,0.3624184439587596,0.8211363571571115,36.77093233956717,47.612411004409736,83.04499299121338,70.76901708549876,63.78614653492427,47.25062038853,1949.9061594930631,388.8128002745368,0.404625951244344,0.2861119569501281,C,grading/data_processed/banana/C/Banana_Bad_IMG_20190910_175736__1.jpg,070703031169f9ff,221
10874.0,530.4751770496368,0.6379310344827587,0.4855892456418438,0.8619896948077685,22.094959495949595,47.04160100186145,123.62853285328534,54.79293642930578,30.99063906390639,22.8163154520338,1418.061980063426,128.70078369905957,0.5961144800816952,0.4197343822693842,C,grading/data_processed/banana/C/Banana_Bad_IMG__7714.JPG,071f3f6363c30307,105
19767.0,684.4751754999161,1.476923076923077,0.5301945054454668,0.9448401128053152,18.517280876494024,23.136555477843416,88.7195219123506,64.8481863146343,52.5734561752988,30.281283955195363,1073.2630578091612,104.68062827225133,0.5341337284488507,0.1945167719287511,C,grading/data_processed/banana/C/Banana_Bad_IMG__7700.JPG,fffff78300010301,183
28619.5,1673.3250226974487,1.292929292929293,0.1284432527081156,0.6774728071109849,33.03732334411715,38.195536369988275,55.768023156819346,57.11977902850916,62.06306827856291,41.769700624521825,2134.8014430277763,278.97098435333726,0.5376445311336879,0.4178954219212215,C,grading/data_processed/banana/C/Banana_Bad_IMG_20190923__184122.jpg,ffd70f0f0f0f0700,162
24567.0,1369.2833919525146,0.926829268292683,0.1646551460938889,0.8101103032101696,34.7310443490701,52.21348372038719,83.10852805595295,64.98186797277529,51.59597043395327,32.431991884187426,1594.1222971743834,242.57679700606536,0.4618587566366731,0.3498619422667611,C,grading/data_processed/banana/C/Banana_Bad_IMG_20190910_175655__1.jpg,0707030107c1f9ff,86
30980.0,1793.356549859047,0.897119341563786,0.1210481038506417,0.8475944241528843,23.936163512109093,22.98197382618293,69.35514754511385,76.04465236830472,67.44074575630648,47.00986158290131,4120.204593366328,503.5411427812861,0.4862168102275154,0.39398525004413,C,grading/data_processed/banana/C/Banana_Bad_IMG_20190910__175639.jpg,71010303070f3fff,130
17061.5,3130.33842420578,0.8888888888888888,0.02187985755447,0.5148931675519073,39.69831613253667,34.32864019491123,92.70678978815862,73.09274400399404,82.92346550787616,56.41120904930288,9870.072576624283,1319.3249466744232,0.5547188660407439,0.5331370946754677,C,grading/data_processed/banana/C/Banana_Bad_IMG20200730132836__01.jpg,6ebe644413016de9,513
33475.5,1378.9818762540815,0.9877049180327868,0.2212176730824241,0.7860312764158918,29.85833357790626,34.371309825297594,88.45660787133508,66.43570350293878,72.52343497784169,49.25593687209264,1849.3929920953744,368.16724726775954,0.4993936915918671,0.4156711488633148,C,grading/data_processed/banana/C/Banana_Bad_IMG_20190910__175836.jpg,47c101030383ffff,190
32379.0,1666.0529450178146,1.1490384615384617,0.1465870816059955,0.8181887097589327,60.61088800990368,71.03096596104297,80.85905371538996,55.72733383779568,66.56505329267188,39.7736794607436,1217.1324618825192,250.84013413057536,0.448569781257274,0.331315531730021,C,grading/data_processed/banana/C/Banana_Bad_IMG_20190910__175808.jpg,0f0303010303f3ff,512
32042.5,1636.780866742134,1.0078740157480317,0.1502986838883288,0.7250254553682544,37.44439357870964,24.115706521190894,47.58176158212782,66.09757446811486,70.14698162729658,48.54315814095364,2438.906686859585,533.3222633935465,0.5702269112960251,0.4911258455247206,C,grading/data_processed/banana/C/Banana_Bad_IMG_20190910_175219__1.jpg,ffe7e7c707030100,331
27900.0,2107.8905975818634,1.0976744186046512,0.0789074364103801,0.7348390070454994,32.19958340565874,35.095839519397266,94.36976219406353,67.73832573131843,61.005658739802115,41.32813895548029,2635.6175031337543,520.5652251360714,0.47992924268142,0.4184475775129857,C,grading/data_processed/banana/C/Banana_Bad_IMG_20190910_175548__1.jpg,e3c18101014373ff,76
29876.0,1201.626537322998,0.80078125,0.260011940748836,0.8033018297191563,20.936590983876275,23.995719709096186,95.91214215202368,66.9631104260506,67.18743007568278,47.05425320061367,2877.934222717466,458.9349532781863,0.4937739150381934,0.4151627806271671,C,grading/data_processed/banana/C/Banana_Bad_IMG_20190910_175448__1.jpg,cfc301010383e3fb,133
30947.0,987.0092276334764,1.0412844036697249,0.3991958272922618,0.8406312815776606,33.177499522079906,44.74629664249527,84.6637991461161,63.76516838712812,68.32148091505766,48.981563855238,1272.5104775503853,260.32721035966557,0.4905812965231623,0.3643671497282872,C,grading/data_processed/banana/C/Banana_Bad_IMG_20190910__175820.jpg,1f07030105c1ffff,34
27729.0,1225.0336128473282,1.2901554404145077,0.2321924325622338,0.8230265794043008,51.177294429708226,45.15204306403357,62.28972590627763,52.523653402713045,57.88145004420866,38.19038843836626,1327.3123304565884,184.20834029750964,0.5493453756775377,0.4085699608747059,C,grading/data_processed/banana/C/Banana_Bad_IMG_20190923__184108.jpg,ffcfc78707070301,4
34227.0,1444.631591796875,1.0893617021276596,0.2060935893151976,0.7382475060663252,100.33626745419618,60.243365399610035,77.70438971241792,48.64628040733787,68.74590704475729,40.021618805972125,1712.5250287696906,151.03262411347518,0.5700765877494676,0.4195069982439198,C,grading/data_processed/banana/C/Banana_Bad_IMG_20190910_175435__1.jpg,03030303007fffff,26
26040.5,1243.6193982362747,1.2795698924731185,0.2115846744309736,0.7593753645165053,38.250413596029475,50.56322060838896,61.710144382613926,61.126115811940686,54.36836366370883,35.43420487203126,672.9048936095219,173.70500431014926,0.5484459249967875,0.3978964800560112,C,grading/data_processed/banana/C/Banana_Bad_IMG_20190910__175149.jpg,fff7e70303030301,72
10227.5,725.060962677002,0.5471698113207547,0.2444726643007612,0.6979799358493142,21.451661774453175,5.819911794169283,33.41804753337752,10.100242389660982,78.0516996496544,18.658300106454817,1853.9802424229656,125.36968826907304,0.7344317539634133,0.5655508920070448,C,grading/data_processed/banana/C/Banana_Bad_IMG__7716.JPG,071f1f2127278303,115
20280.0,673.1614675521851,1.465648854961832,0.562392237407657,0.9485500467726848,17.841808732818496,21.677215779698,89.64432463937054,64.59905083630267,53.94006508329691,31.012939569239155,1297.3051867482857,105.11622237320653,0.5202524858349119,0.1805366819593616,C,grading/data_processed/banana/C/Banana_Bad_IMG__7702.JPG,fffff78100010303,183
24348.5,1530.094575047493,0.6408163265306123,0.1306909529750644,0.8024553019691851,38.68901147219891,55.75058039038556,80.32365991126035,57.88094914668936,52.38106087860255,33.91055505826507,1568.2857144181864,258.6944531658818,0.491830783719882,0.3435222675280306,C,grading/data_processed/banana/C/Banana_Bad_IMG_20190910_175307__1.jpg,0303030187e3f3ff,125
25519.0,1865.900702834129,0.9471153846153846,0.092107810620787,0.7117377177202304,39.23879690110892,51.67426461465757,70.9044508582713,70.10371475001146,55.59748594865563,35.210590575158584,3381.2684514633265,380.2612343014128,0.4564368909829929,0.3495456656948718,C,grading/data_processed/banana/C/Banana_Bad_IMG_20190910__175411.jpg,03030303013fffff,26
31780.5,1672.1534485816956,0.92578125,0.1428296368419364,0.7531727316893981,47.04664104534973,58.70440347022868,70.97712528823982,61.70627081579886,69.66859338970023,47.79259661394961,2154.7343095139904,292.2860169491525,0.5686432623750524,0.4625157110660233,C,grading/data_processed/banana/C/Banana_Bad_IMG_20190910__175405.jpg,03030301073f3f7f,26
21253.0,1180.5138404369354,1.08187134502924,0.1916407844702883,0.8230578576407714,18.364505307660497,24.553471689548964,110.9384219475208,69.3094409653561,60.15123385873811,40.49613348041139,2034.9701416921896,346.17407195525044,0.4872742083968406,0.302094771449803,C,grading/data_processed/banana/C/Banana_Bad_IMG__7925.JPG,ffcf830323030307,87
22871.5,800.9432133436203,1.037837837837838,0.448023774558525,0.8438422373081464,20.042396591055827,24.159829892255217,103.16653036628934,64.07988986971512,63.81014074807386,42.9697569720862,1621.6517266125925,280.08062827225126,0.5053888812379272,0.3427137640543232,C,grading/data_processed/banana/C/Banana_Bad_IMG__7886.JPG,ffff0b0900030707,184
22472.0,806.7005717754364,1.0434782608695652,0.4339371783527079,0.8394941815940378,19.90331479616412,24.472080277333657,106.11087270657266,64.46799245077302,62.92126811752857,42.69919842035096,1868.5366900098895,278.10764284088316,0.4999403042893848,0.3498174442466668,C,grading/data_processed/banana/C/Banana_Bad_IMG__7879.JPG,fff7830900030307,184
30968.5,1578.555469870567,1.3473684210526315,0.156174577373416,0.7044138887941133,85.75467289719626,71.28471329886054,69.27371179590806,58.423726188741576,66.4490717352867,43.55416689363535,1866.854173012097,308.26862745098043,0.4717828054370998,0.3473411822703093,C,grading/data_processed/banana/C/Banana_Bad_IMG_20190910_175427__1.jpg,030303030301ffff,13
30735.0,1516.8569861650467,1.053941908713693,0.1678625473052775,0.7359737554177342,34.56978224882211,45.41562383406835,61.326531261938115,59.53495810657117,63.75974150006367,39.6598896056732,1474.6167027428835,282.97426729864037,0.5962037135196862,0.4839576112239806,C,grading/data_processed/banana/C/Banana_Bad_IMG_20190910__175203.jpg,efef8f0f0f070300,162
32242.5,1941.7068331241608,0.9399141630901288,0.1074660421524766,0.8184518143395652,24.98200786211067,29.22640747167689,92.82848503175084,69.14060061916922,70.49277290595705,47.71493056172241,3202.3335263672607,505.3121234791512,0.4349052666857851,0.3413686703191666,C,grading/data_processed/banana/C/Banana_Bad_IMG_20190910_175527__1.jpg,0703018101c3f1ff,65
33230.0,1500.170695185661,1.0281124497991967,0.1855490991533564,0.7479601598109279,33.50833407086173,22.240216951957247,45.25550933710948,64.86386151651004,71.27686815942414,47.69195715841928,1931.0543824391505,470.8017009213322,0.5503296585029563,0.4645852043998439,C,grading/data_processed/banana/C/Banana_Bad_IMG_20190910__175217.jpg,ffe7c7c707030100,331
30230.5,2092.819531083107,1.1,0.0867344512095525,0.7482889639723264,33.24649041087089,36.060297694844294,95.42992065276752,68.0369017027877,65.5216036493302,43.874052670349755,2275.6523241649593,540.2981516408902,0.4651891409216786,0.4020458404941745,C,grading/data_processed/banana/C/Banana_Bad_IMG_20190910__175559.jpg,e3c18101014373ff,76
14465.5,578.8944420814514,2.1818181818181817,0.5424310651724195,0.9557016384778012,22.462211668928088,25.86066929812229,101.39837177747626,71.43352498122414,41.40047489823609,27.29951341343435,611.7962618706094,88.6811637315564,0.5277738289915768,0.1344793065288017,C,grading/data_processed/banana/C/Banana_Bad_IMG__7845.JPG,ff4f030101030302,262
15150.5,852.8010768890381,1.3061224489795915,0.2617829452830327,0.6900705989524026,93.5566924066924,63.742314778386536,63.30836550836551,66.69891641738843,45.51486486486486,30.791401345122377,825.0566647376544,102.02094240837695,0.6595213939887659,0.4480247261551893,C,grading/data_processed/banana/C/Banana_Bad_IMG__7851.JPG,7f7be307070f0600,35
20702.5,1573.325022816658,0.9504950495049505,0.1050983160379583,0.6728800338024506,19.769277502570333,35.34280991495693,94.23511543134872,62.37270957121639,58.70529956070661,38.41863206563774,1803.0466030724865,246.47369239541752,0.6010819842920602,0.4411782875728589,C,grading/data_processed/banana/C/Banana_Bad_IMG__8035.JPG,ffc7878f8f101000,317
22616.0,1824.4793508052824,0.75,0.0853783494349474,0.5710750583927783,21.57945281488753,39.02400424671023,90.78419906952922,60.360265777126585,64.68705450510052,41.52598489773103,1688.6555534067254,276.3211714659686,0.669299539510799,0.515780212715842,C,grading/data_processed/banana/C/Banana_Bad_IMG__8021.JPG,3f3f63c78f9c0c00,499
29665.5,1247.134116411209,1.2018779342723005,0.2396818879081187,0.831408873069701,45.54374007411329,59.33244593199878,61.355313658020115,55.24674944944272,60.581822392800426,35.87474333396873,1526.7208699522748,166.19464236398784,0.577848591768444,0.4455525374880752,C,grading/data_processed/banana/C/Banana_Bad_IMG_20190910_175315__1.jpg,0f070301030fffff,412
28419.5,1123.1097322702408,1.116591928251121,0.2831274096926044,0.7860788028821553,33.03214878318584,45.05994275420851,71.01973866150442,58.69063434935525,56.96353014380531,33.19025575003451,327.86953062051543,122.08153117315204,0.6450469564773162,0.4792942028741307,C,grading/data_processed/banana/C/Banana_Bad_IMG_20190910_175215__1.jpg,ffff1f0f0f030101,12
23023.0,2007.8662127256391,0.8727272727272727,0.0717632723678336,0.66023343179146,43.84005860192549,30.637064380443995,127.87764755127668,72.49172391492301,94.13407283382168,70.4634605322837,7458.390463673826,933.4147786768204,0.4615996279699778,0.4213724522152034,C,grading/data_processed/banana/C/Banana_Bad__IMG20200730132833.jpg,ffff7d131c100078,215
30365.5,2068.535260438919,0.8671875,0.0891793790418561,0.7538417616245873,24.51551702073202,27.548719248721905,103.017116713591,72.42139058497744,65.44663424622472,42.29924089389466,2681.1737127571114,507.4112874717194,0.497148158555471,0.4387483632496071,C,grading/data_processed/banana/C/Banana_Bad_IMG_20190910_175539__1.jpg,03818181818fdfef,371
26717.5,1061.6538879871368,1.5058823529411764,0.2978789216293702,0.8560694660279723,81.74465973013714,33.638605501104834,199.94694657891833,76.7573037642866,72.66568623846464,42.88016809607795,228.4147254046272,99.5038523644752,0.6866592427757923,0.3728311550188408,C,grading/data_processed/banana/C/Banana_Bad__IMG20200729190328.jpg,ffdf9f0703010000,123
14072.0,821.1269772052765,0.6188118811881188,0.2622678458878534,0.7437632135306554,19.265687768388972,37.10468116047067,127.75308214434132,58.89980759443638,47.45331763402133,39.810885920403514,1888.5952708699149,278.3499281379751,0.5700783026367016,0.4214252051748193,C,grading/data_processed/banana/C/Banana_Bad_IMG__8034.JPG,ffc7c78f8f080000,317
27088.5,2120.108855009079,0.8958333333333334,0.0757318386926262,0.6304929708593241,41.75720252757845,48.327067679592616,62.74028060404841,62.24108945292056,57.0791831780372,35.069293631527295,2298.00188266593,300.22686915887846,0.5628064606718709,0.4502516654013871,C,grading/data_processed/banana/C/Banana_Bad_IMG_20190910_175323__1.jpg,0707032313317fff,330
14807.5,930.884337067604,1.465648854961832,0.2147336762781408,0.7308375697152164,68.81482697485062,63.010413069864455,62.54547245387091,72.5869020319572,43.961783439490446,29.411122078362062,1180.125556457704,124.16102473921904,0.6250593345136538,0.3897493004833117,C,grading/data_processed/banana/C/Banana_Bad_IMG__7850.JPG,fff9e38707070600,35
13596.0,576.6518017053604,2.3703703703703702,0.5137995426605569,0.9258111742875624,22.55126171593367,16.600290676217895,83.98428262436914,75.03083652235254,39.14902667627974,26.009860259211145,677.7333850250428,74.3930579794454,0.5412375487267594,0.1192153834297353,C,grading/data_processed/banana/C/Banana_Bad_IMG__7844.JPG,ffff070301000000,298
30053.5,2052.96166574955,1.0954545454545457,0.0896072688821315,0.7483161734496968,33.75108309085031,37.47683780370576,94.16055609440672,67.85833426967896,65.22327837051407,43.75607076797257,2174.7448460620894,528.2217234848486,0.4686532282234142,0.4041185303155765,C,grading/data_processed/banana/C/Banana_Bad_IMG_20190910__175558.jpg,e3c18101014373ff,76
20104.5,1256.0802936553955,0.515625,0.1601283897560085,0.6692353783163011,20.62634811626445,30.70696491554416,77.10514097789815,66.3470358705769,55.310248101755576,32.794040409021264,598.9755002661951,173.26168893129773,0.6109813442112341,0.3844602387866583,C,grading/data_processed/banana/C/Banana_Bad_IMG__7878.JPG,0f1f1f3731330303,487
30154.0,1462.2884454727173,1.0811965811965811,0.1772101926900862,0.7440196404998951,33.196579254835775,43.661215923447806,60.44482669089965,59.33296930410555,62.3443788134493,38.59447524311652,1459.4666119400072,264.2061287477954,0.589692090590102,0.4770813360965818,C,grading/data_processed/banana/C/Banana_Bad_IMG_20190910__175202.jpg,ffef8f0f0f070300,55
22810.0,821.1858524084091,1.032258064516129,0.425061951754291,0.8377251776631104,20.18713601656529,26.10171821711329,102.26771925283636,63.92847791362801,63.83344118027695,43.11321410751222,1568.972453010402,281.75232224286435,0.519508356913189,0.347345812429474,C,grading/data_processed/banana/C/Banana_Bad_IMG__7887.JPG,fffb0b090003070f,184
23824.0,1040.6660821437836,1.0108695652173914,0.2764405474070764,0.8424030267670874,21.94277244843345,33.7288158889893,103.59281979496892,62.23536522412379,65.30820536045124,40.70641141496207,1507.1370378430483,316.15613983548764,0.4534363696827375,0.2802561759775108,C,grading/data_processed/banana/C/Banana_Bad_IMG__7930.JPG,fffbe988040181c1,15
32969.5,1698.212324976921,0.9453125,0.1436607892032447,0.7602089049782103,97.13479781809558,62.99858643173183,64.1007648523657,44.80829308049653,67.93125222340804,40.942132323015365,2946.6330852528085,193.8089179201245,0.578399806106059,0.4550982228239336,C,grading/data_processed/banana/C/Banana_Bad_IMG_20190910__175404.jpg,07030701033f7fff,26
22513.0,969.0681023597716,0.967032967032967,0.3012552596537528,0.8567079551724794,22.85179536343037,33.341327305651696,96.7232438556737,65.34305341559009,61.7096043228168,38.73537599482304,1616.4296290924597,306.0996546310832,0.4660040231148911,0.2742060111712148,C,grading/data_processed/banana/C/Banana_Bad_IMG__7918.JPG,fff3e18901818183,456
25383.5,1627.8935643434525,0.8657407407407407,0.1203675320389815,0.7588830590310477,89.33144302245383,58.05254563045037,64.90650624568933,51.19279585928258,53.95926890949498,33.84468278467491,1930.1571957407768,267.16119076065314,0.4684426020644356,0.3485480171521019,C,grading/data_processed/banana/C/Banana_Bad_IMG_20190910__175410.jpg,07030301017fffff,26
20265.5,669.7472542524338,1.465648854961832,0.5677345229449411,0.9498488434768344,17.289359840567734,22.75826189461848,93.20969231517036,64.76912524691349,53.8439702522724,31.01554587875363,1237.7365391685094,104.66404220454814,0.523154680574456,0.1819579062769529,C,grading/data_processed/banana/C/Banana_Bad_IMG__7703.JPG,fffff78100010303,183
26306.5,1526.212324500084,1.2311557788944725,0.1419198102662671,0.7434785066274765,55.765074306044546,41.34855219512639,45.16477041099952,65.49949916839967,56.05751769632732,34.74872755019946,1405.7666536614013,229.70580360820497,0.559137714252347,0.4429753272213663,C,grading/data_processed/banana/C/Banana_Bad_IMG_20190923__184135.jpg,ff8f878fcf470100,548
29105.5,1668.0356984138489,1.1320754716981132,0.1314541334155608,0.7674691488239637,40.05985655875059,51.27858454884032,68.63466050003352,66.4955494868003,60.903512299751995,38.27680921040415,1628.282824789599,336.01184179363713,0.526545770216507,0.4082214161557803,C,grading/data_processed/banana/C/Banana_Bad_IMG_20190910__175148.jpg,fff7c70707030301,4
28355.0,1655.709797859192,1.292929292929293,0.1299783675178485,0.6804573979193914,30.895699405273472,34.413953192869165,55.634776032177115,56.30511527750699,60.9379834301626,40.38648078904471,1814.8386810975296,262.7592592592593,0.5475219116270422,0.4235832713820087,C,grading/data_processed/banana/C/Banana_Bad_IMG_20190923__184121.jpg,ff070f0f0f0f0700,22
32877.5,1356.5554703474045,0.97119341563786,0.2245088867713677,0.7942672158672255,28.338751120406332,33.39245822788647,88.27618763071408,66.69132300482,70.82925007469376,47.78961749178663,1628.2360229723954,339.92144295595836,0.4995300812221726,0.4118220836521846,C,grading/data_processed/banana/C/Banana_Bad_IMG_20190910__175835.jpg,c7c101030303f7ff,190
30225.5,2155.505821585655,1.1932367149758454,0.0817494722351397,0.7387027396925483,38.76140193215008,56.40915716074012,96.80341496292968,57.26351050720142,63.531084507494306,38.83624730641437,1257.9834191414295,256.33484544990375,0.4922890598092653,0.3848228112757777,C,grading/data_processed/banana/C/Banana_Bad_IMG_20190910__175809.jpg,e38107010383f1ff,489
32124.0,1451.2245180606842,0.8765957446808511,0.1916771163582203,0.7996017423771001,34.55114937265317,34.02090134250868,81.29251762981959,67.82072045855743,66.73675855542326,41.21701833752286,1831.8117822615395,482.21415672029065,0.3916625912546335,0.3158455292601222,C,grading/data_processed/banana/C/Banana_Bad_IMG_20190910__175846.jpg,4f07010101016bff,102
25786.0,1071.8376548290253,0.6328125,0.282056311275906,0.8711486486486486,20.988693036890396,39.49398289176507,109.12601362926868,55.18404088231152,69.56157916777705,41.1668692757178,946.596348808299,253.7985248447205,0.5107828962488121,0.3617459426444405,C,grading/data_processed/banana/C/Banana_Bad_IMG__8127.JPG,9f0f4f070303030f,290
26432.5,1418.0945732593536,0.957345971563981,0.1651724895671217,0.8623277057336269,74.08441486411536,70.45639880907746,77.10109077463487,61.03148117269351,54.763764096875576,33.08343021974935,1635.186658003205,251.13222984603055,0.4708475890538374,0.3618813560970564,C,grading/data_processed/banana/C/Banana_Bad_IMG_20190910__175649.jpg,0f07030307c3f1ff,177
20282.5,1326.18794131279,0.979591836734694,0.1449176221329045,0.648936170212766,24.346653250922333,27.285941241183355,72.19242010445116,54.40673946191701,57.95994442048776,40.16838123110866,1971.1295370052237,270.62474623357195,0.5818388205696629,0.4377597696760715,C,grading/data_processed/banana/C/Banana_Bad_IMG__7994.JPG,ffe3c7cfcf8c0008,62
11585.5,1057.796023607254,0.9675324675324676,0.1301130284249806,0.6355706722988727,31.52615435629611,53.338664580309725,105.38754870264444,60.66933930449177,41.80925142999254,34.156051232887094,2492.9510156098554,159.30427342927342,0.6615618559176191,0.4728312949876996,C,grading/data_processed/banana/C/Banana_Bad_IMG__7758.JPG,3f0703033f7f1f06,138
33015.5,1505.1240121126175,0.98744769874477,0.1831399849259033,0.7897311390709467,31.505464156322383,34.153152566242525,85.25791411771694,67.17547621429563,70.76973332541426,47.19195683265805,1788.604773064646,368.86117688952186,0.4867033427514037,0.3982063555283138,C,grading/data_processed/banana/C/Banana_Bad_IMG_20190910_175839__1.jpg,47c101030383f7ff,190
25288.5,1340.2123240232468,1.0205128205128204,0.1769235802887951,0.8222298088177916,55.755217996289424,65.16015152030658,82.08677334570191,67.33312539590965,53.26341218305504,33.64057069254729,2022.8730193104225,262.9249935249936,0.4468985531660853,0.3305638904152752,C,grading/data_processed/banana/C/Banana_Bad_IMG_20190910_175651__1.jpg,0f03030703e1ffff,86
31334.0,1316.4894551038742,1.1636363636363636,0.2271909007860491,0.8369571024093168,46.736889919178,60.14490186666559,64.47970052001754,57.035449684426254,63.5973623206566,37.59988801556323,1470.2726687593697,180.79729055258463,0.5626205239399001,0.431957606780012,C,grading/data_processed/banana/C/Banana_Bad_IMG_20190910__175311.jpg,0f070103030fffff,261
30018.0,1226.038665652275,1.4143646408839778,0.2509477370595956,0.8768603852951057,26.860296281761993,34.86733941174909,63.19824062264953,67.38468991045988,62.27989796919454,38.42680094857775,984.1665261616976,171.02695265951684,0.4869858013347782,0.3388389521264274,C,grading/data_processed/banana/C/Banana_Bad_IMG_20190923_184120__1.jpg,ffff1f0303070100,160
32345.0,2091.7484629154205,1.080168776371308,0.0928962327883941,0.7831624314475611,32.370292383588016,38.168771564614055,90.82658524846588,66.8790222087438,71.33236072674768,48.28211322815899,3264.0209962371855,500.3718706047821,0.5150712030180583,0.4431813871315426,C,grading/data_processed/banana/C/Banana_Bad_IMG_20190910_175515__2.jpg,e787830000c1cfff,527
30920.5,1168.7077108621595,1.100502512562814,0.2844752928912801,0.8141472919244845,71.57558990014628,59.165542884545175,69.23573745468423,55.430194289025806,65.55221649812377,44.09857093544299,1726.6992343273978,299.2245401318519,0.4405501075271782,0.2773792326328584,C,grading/data_processed/banana/C/Banana_Bad_IMG_20190910_175620__1.jpg,07070301013fffff,26
22028.0,1575.4844037294388,0.70703125,0.111521015453072,0.6224620992695367,27.32022348334873,40.5667669335498,79.9905415511856,68.38688439244685,61.56442743390084,37.42875883407036,880.5699486024964,199.80872395833333,0.7200240443506937,0.5056736825566042,C,grading/data_processed/banana/C/Banana_Bad_IMG__7823.JPG,21032f1f0f077f07,17
31767.5,1485.2661464214325,0.8803418803418803,0.1809607293511564,0.7995243248684972,35.09912383537977,35.469788497637886,79.03137533164681,68.22774062620762,66.06771765286605,40.802364937650665,1790.5514634243038,476.2353971232019,0.3974633900875712,0.3196968412593597,C,grading/data_processed/banana/C/Banana_Bad_IMG_20190910_175848__1.jpg,4707010101016bff,102
23425.0,1002.2152894735336,0.4609375,0.2930673354447365,0.8237942009108333,18.611285528904517,24.29704788559081,89.65557369500607,72.89907366203504,64.51232784963791,38.310578044641886,826.0703124298648,220.356937767094,0.5114642433742173,0.2101817471569257,C,grading/data_processed/banana/C/Banana_Bad_IMG__7837.JPG,070f070f2f270707,172
28188.0,1461.4499138593674,0.7661290322580645,0.1658464786786967,0.7557915057915058,24.090120415032793,27.10069785916357,94.90981018149007,68.35471879483082,60.656660998716035,39.373606778014285,2077.168678142862,470.9076847584912,0.4476726623904888,0.3782816258291573,C,grading/data_processed/banana/C/Banana_Bad_IMG_20190910__175503.jpg,fd81818181073fbf,124
32446.5,2063.9911024570465,1.0893617021276596,0.0957110495885195,0.7832494478038889,24.74702229156041,28.11759215665846,95.18040262818396,67.07780786095479,71.52548678407489,48.48865798788468,3248.534752582431,497.34853566958714,0.5117176098429017,0.4367000651335131,C,grading/data_processed/banana/C/Banana_Bad_IMG_20190910__175517.jpg,c78783000043cfff,231
18037.0,792.1807985305786,0.6666666666666666,0.361181540843017,0.8853601668916431,15.818379672452256,17.2678664797262,112.05908917786604,70.47470799905956,56.73437074922466,36.98830457503911,1065.1241943439672,266.9297930110371,0.5212826222743151,0.3501463166453001,C,grading/data_processed/banana/C/Banana_Bad_IMG__8053.JPG,ffe7c7860204061e,36
23472.0,1100.28844499588,0.7741935483870968,0.2436390269268478,0.7447173043974872,42.352290283519146,46.50538904192821,73.4755522151238,64.5408379903777,63.3817278383231,38.043740110531004,978.8882473489016,241.2371009964533,0.6485246859652272,0.4927452296574802,C,grading/data_processed/banana/C/Banana_Bad_IMG__8047.JPG,3f0f0f070707070f,219
27217.5,1176.4823169708252,1.3333333333333333,0.2471082742823676,0.754271224486968,83.57778498342701,31.67853957582332,207.22730220492863,74.57112158416452,74.01668107796513,42.75233630541708,370.79908713657,98.10200163398687,0.752054497489904,0.432977231818788,C,grading/data_processed/banana/C/Banana_Bad__IMG20200729190401.jpg,ffdfdf8f83000000,123
28657.5,1118.5655760765076,0.788,0.2878228475894311,0.7829490191792798,27.367901234567903,32.51635610140971,79.38703703703703,67.88494863896562,62.35641289437586,45.55592998972488,1258.743003951042,243.89785714285708,0.5386497392588767,0.4064791672534752,C,grading/data_processed/banana/C/Banana_Bad_IMG_20190910__175729.jpg,07030301117f7fff,26
22189.0,845.4701225757599,0.845360824742268,0.3900776469565724,0.8738234946638838,20.049672102091456,30.976989520005716,100.60018610421837,58.19112243158951,62.36906238922368,42.05637425778331,1283.8893989942026,234.8512111820884,0.4905114436575351,0.2879908307882451,C,grading/data_processed/banana/C/Banana_Bad_IMG__8090.JPG,ff87830303270f07,149
33301.0,1378.9747372865677,0.890625,0.2200667953342745,0.8705916185197773,39.77399097850762,48.797799087210215,86.99979362599133,66.0135909196473,68.11088180665703,41.30849424861399,1889.70557472573,321.5692455947136,0.5024346277383385,0.4154407304504135,C,grading/data_processed/banana/C/Banana_Bad_IMG_20190910__175701.jpg,01030307071f9f7f,354
25491.5,1448.957491517067,0.706140350877193,0.1525787196468099,0.7856955724390883,48.728152739516375,50.84719719614208,77.06362871135599,82.18018522144202,55.757920110192835,38.541580788397546,1775.3463132235825,439.7864309210525,0.374747537255574,0.281682663681351,C,grading/data_processed/banana/C/Banana_Bad_IMG_20190910__175715.jpg,0303414141e1f1ff,19
24967.0,1528.4549654722214,0.6986899563318777,0.1342984285576758,0.7903700655291399,43.93951801591015,49.21628070466633,77.10501481828108,82.08922973921962,54.82272656371861,38.12045703885198,1712.677811775972,439.61769794842223,0.387100191637046,0.293189475317249,C,grading/data_processed/banana/C/Banana_Bad_IMG_20190910__175714.jpg,0703434141e1f1ff,19
30484.0,1357.6021535396576,1.1111111111111112,0.2078436595560821,0.7844166538006279,38.511740864642306,49.23158761219354,61.6388960370561,64.75266500329619,64.13465002573341,41.94830775506529,1676.30777463383,374.4971137455447,0.5124786301293844,0.3975728638390861,C,grading/data_processed/banana/C/Banana_Bad_IMG_20190910_175147__1.jpg,fff3c70707030301,23
27554.5,2883.7698830366135,0.75,0.0416371691672209,0.6633165224299178,72.02014728359039,51.90868800959369,71.45348756426289,66.70904222911695,98.70553702931775,67.02727696920084,9420.387593704792,1254.366410340314,0.4298710560257787,0.3957996542364679,C,grading/data_processed/banana/C/Banana_Bad__IMG20200730132854.jpg,676f0f6621b78d58,447
22765.0,852.7838315963745,0.8571428571428571,0.3933685212721441,0.8719215596154583,19.2795731443878,29.81045849491246,100.6715199170483,58.515877374108065,63.72582735677871,42.43887961016923,1282.7512941479174,233.9936759134791,0.4982085612869065,0.2937732193986184,C,grading/data_processed/banana/C/Banana_Bad_IMG__8091.JPG,ff87810303270707,87
18095.5,3215.132360100746,0.75,0.0219979767399456,0.4676141869629821,77.02994504083415,54.76608091868219,88.0374955056757,75.21334547967072,75.6473881555293,56.46934212668156,11535.055420904937,863.8929769306285,0.611167045334752,0.5849603429268888,C,grading/data_processed/banana/C/Banana_Bad__IMG20200730132840.jpg,a381f823837377c7,202
32458.0,1199.5777678489685,0.9201680672268908,0.2834489179575056,0.9093659821253468,38.866707076829826,50.5692037076172,90.98330050007576,64.84494189078136,66.60739505985755,40.60584984383144,1833.5178138254591,291.0764012026829,0.4599356477975965,0.3637941625718912,C,grading/data_processed/banana/C/Banana_Bad_IMG_20190910__175700.jpg,0101030f071f3fff,354
26759.0,1215.7199022769928,1.4134078212290502,0.2275163912727376,0.8013956065347928,80.68006006885942,32.68572495455927,199.3284374771079,76.24470710998813,72.86638341513442,42.38311136039497,324.341572181527,129.27223552363216,0.7088896090510224,0.3922209119480478,C,grading/data_processed/banana/C/Banana_Bad__IMG20200729190400.jpg,ffbfafa0000000c3,253
22905.0,1493.567663192749,0.7966804979253111,0.1290298984939448,0.8227666223643091,42.03718166383701,39.6366623370979,69.40853140916808,66.81195352888473,63.97398132427844,40.676393337917794,1532.0093769832813,332.225891247203,0.6448229499665926,0.4842210028288913,C,grading/data_processed/banana/C/Banana_Bad_IMG__8046.JPG,ff3f1f0f07070300,12
17809.5,1011.4528777599336,1.0909090909090908,0.2187611925060823,0.6842176034423143,20.59437113289164,30.34401228045296,69.94776323714615,58.68993498738783,48.94349230684991,29.121398203512896,1982.7086525830357,133.88791051880062,0.6726241636324704,0.456775313493623,C,grading/data_processed/banana/C/Banana_Bad_IMG__8052.JPG,ffefcf8f07070400,385
32534.0,2068.0916088819504,1.0756302521008403,0.0955889698617695,0.7846135294826962,25.970318951588773,30.369592463228535,93.519059302256,67.77036544910118,72.04173897432828,49.22130841684195,3368.340091208315,507.5718734552645,0.5158573065932742,0.4428540611535204,C,grading/data_processed/banana/C/Banana_Bad_IMG_20190910__175516.jpg,c78783000043cfff,231
28644.5,1472.7219911813736,0.7569721115537849,0.1659623463196089,0.7543783413657792,24.346948533178512,26.52929645824965,93.4786721764967,68.68996301086499,61.32983846180117,39.44197974321942,2102.094772962096,467.83275364151865,0.4441064943017448,0.3760380014781723,C,grading/data_processed/banana/C/Banana_Bad_IMG_20190910__175502.jpg,fd81818181073fbf,124
22077.5,1252.0214191675186,0.72265625,0.17698491029065,0.6144159187365199,22.74928233891269,38.17944581057504,96.79079627257872,68.98542858184457,60.88234774544009,36.34690610095304,985.8378791241752,170.1213697350543,0.7224135054499901,0.5187286356480704,C,grading/data_processed/banana/C/Banana_Bad_IMG__7836.JPG,010b0f0733337fdf,10
21838.0,1590.312829732895,0.70703125,0.1085069610735385,0.6118200792861446,25.075217314174207,38.57554719712319,88.36464431435161,70.91638565529034,61.252616640056765,37.23195080924026,860.5034481928988,195.39733072916673,0.7247159660618248,0.5097208217655892,C,grading/data_processed/banana/C/Banana_Bad_IMG__7822.JPG,21032f3f0f077f07,17
29488.0,1243.3767576217651,1.077669902912621,0.2396898767955613,0.8705201629568401,39.850852083610704,39.84179148450813,58.64788310477966,56.92962753135952,59.794401544401545,36.22603147951413,678.0199687443887,176.40401089487324,0.5257934361212405,0.3414973741421931,C,grading/data_processed/banana/C/Banana_Bad_IMG_20190923_184104__1.jpg,ff8f870707030303,21
23731.0,1611.449912428856,1.0655737704918034,0.1148397612611416,0.8102497567304573,59.34393288315941,64.95361887055462,73.64272559852671,57.01681262769135,53.970493145078784,37.14350346458737,1359.8573879438643,265.9030195481944,0.4697621275226784,0.3097399076626448,C,grading/data_processed/banana/C/Banana_Bad_IMG_20190910__175304.jpg,07030341017fffff,26
32877.0,1828.3514935970304,0.9356223175965666,0.1235898098102693,0.8303425980881183,24.276022940005348,27.96417738036258,94.37916381897602,67.98038390954837,71.73684366921225,48.231299053699715,3254.0976931994614,514.0406241965151,0.418374586927776,0.3279514254713643,C,grading/data_processed/banana/C/Banana_Bad_IMG_20190910_175531__2.jpg,0303018101c3f1ff,65
32175.5,1521.0996268987656,1.1327433628318584,0.174751072117074,0.823450376209244,44.928136604370856,57.69993713861425,66.06315821513363,56.518687928738494,66.71300298289401,41.03017896721418,1670.0422736308394,235.59748394933192,0.5542896517780997,0.4300265685558613,C,grading/data_processed/banana/C/Banana_Bad_IMG_20190910__175310.jpg,07060103030fffff,412
27909.0,1128.2640603780746,1.2525252525252526,0.2755069956707284,0.8171995783555868,53.27784034914825,46.606320575281146,65.05159791637337,52.36703843043771,57.615373785724344,36.84790761024401,1041.6365658906066,138.38561730667,0.5669695280503099,0.4197036552934561,C,grading/data_processed/banana/C/Banana_Bad_IMG_20190923_184108__1.jpg,ffcfc78707070301,4
12929.5,573.8061293363571,1.4390243902439024,0.4934705376162213,0.8347806437033929,35.15363043807791,60.31927683361957,125.02971047445808,47.224341425082045,37.29680157647415,29.63786754712838,1693.6078614886264,68.36141906873615,0.6547480755243199,0.3987804440876496,C,grading/data_processed/banana/C/Banana_Bad_IMG__7759.JPG,ff010101017f7fbf,3
20068.0,1328.0874336957932,0.9948186528497408,0.1429751699635291,0.6479923795992831,21.374322230828813,27.78421692495806,75.01592757552285,54.7542206458548,57.46853214562355,40.07714623526534,2084.6531325649576,242.5346824729404,0.5843866116657138,0.4349193514347101,C,grading/data_processed/banana/C/Banana_Bad_IMG__7995.JPG,ffe3c7cfcfc80008,62
26534.5,1391.124011039734,0.961904761904762,0.1723015082676468,0.8509693247598736,69.85307340801887,68.79488222034111,80.115234375,63.93570939589449,55.08368956367924,33.686792741311685,1719.266218044516,253.3401326699834,0.4684975590586434,0.3568880892519188,C,grading/data_processed/banana/C/Banana_Bad_IMG_20190910__175648.jpg,0f0703030783f1ff,177
23693.0,983.4356336593628,0.7737556561085973,0.307849205893275,0.8476468168076847,15.631238600563751,23.815221904007885,107.693127176256,64.95654364737527,63.87340407892555,37.69700992285588,1179.526910579406,245.80987490018632,0.5087442785968312,0.3571875299086399,C,grading/data_processed/banana/C/Banana_Bad_IMG__8126.JPG,dfcf07070303070f,87
31726.0,1457.9940687417984,0.8760683760683761,0.1875485321321524,0.8021440400490499,35.16113978428161,34.84483187693682,79.00312142658467,67.8324023463015,65.78882467472262,40.44016634208065,1800.586455677318,467.3651541813307,0.3954166702287192,0.3176837332894172,C,grading/data_processed/banana/C/Banana_Bad_IMG_20190910__175847.jpg,4707010101016bff,102
32450.5,1547.0651369094849,0.8666666666666667,0.1703782126693355,0.7871844942811745,34.064784905660375,33.68231918317742,82.97965283018868,68.6294468480677,67.65950188679246,41.881252624679306,1823.6839149032685,489.9274758454107,0.4029368406370819,0.3289115177373215,C,grading/data_processed/banana/C/Banana_Bad_IMG_20190910__175845.jpg,4f07050101016bff,102
23641.0,1058.8914773464203,0.7433628318584071,0.26495541595063,0.8351201935814332,15.930515224425454,24.02242568397383,113.85841699162036,63.7386468896662,63.53812328880777,36.84652787990813,1183.6419403418035,247.11870065179377,0.5083947523600661,0.3603889222771224,C,grading/data_processed/banana/C/Banana_Bad_IMG__8118.JPG,dfcf07070303070f,87
26513.0,1222.2051844596865,0.65625,0.2230388373811451,0.8533449202594184,18.827851282430338,35.19792202189553,111.77071476088403,55.4026184055163,71.57118042723039,41.66925345696667,966.3171186895868,300.0914811002994,0.5023079646647937,0.3656844386921925,C,grading/data_processed/banana/C/Banana_Bad_IMG__8130.JPG,9f0f0f07030103cf,591
24603.5,1070.849846124649,0.8767772511848341,0.2696184448545078,0.8507434301521438,35.00259191323072,47.323059081894144,75.32327139325305,71.24899089249263,55.54346439109977,40.25001622208639,3012.151100690346,444.3807953842982,0.455274231502504,0.3554218365827024,C,grading/data_processed/banana/C/Banana_Bad_IMG_20190910_175407__1.jpg,030303016179ffff,64
23447.0,992.6072065830232,0.7567567567567568,0.2990489621514687,0.8420239890828126,16.119248000669934,25.164978716869367,109.15148850646904,64.36954058791456,63.27835699032785,37.413372975998655,1222.0015932166482,246.10106813400228,0.5009827016170273,0.3548525273262492,C,grading/data_processed/banana/C/Banana_Bad_IMG__8124.JPG,dfcf07070303070f,87
25209.0,950.239675283432,0.9086294416243654,0.3508319708977133,0.8334655822257488,31.08995513945777,39.85524840681067,81.53637604837137,67.41018219467914,53.285157011897795,35.872211867262536,1421.690724071953,257.5818741801175,0.4340560513494426,0.2693577038311616,C,grading/data_processed/banana/C/Banana_Bad_IMG_20190910_175732__2.jpg,070303010179ffff,26
29683.5,1326.4722108840942,1.2281553398058251,0.2119964846076107,0.7397388292172353,28.527454737676756,24.09992124635787,52.430289414563234,68.66833254106291,61.047574996696184,36.61705917282484,1561.9813522271156,282.08485513946687,0.4989415044002394,0.4167951541426368,C,grading/data_processed/banana/C/Banana_Bad_IMG_20190910__175138.jpg,ffe3c387070f0701,23
33219.0,1983.3220576047895,1.094017094017094,0.1061231017015715,0.811872960785991,39.752568241855,45.35012412823998,88.21543880246551,64.2567331642928,72.32788376871147,48.325083685904666,3013.7358369408566,500.8548349254232,0.4993843097181195,0.4223620587854364,C,grading/data_processed/banana/C/Banana_Bad_IMG_20190910_175519__1.jpg,c78703000003cfff,231
28019.5,1407.6437834501266,0.8278688524590164,0.1776988886897677,0.7032300973797811,51.1123407226392,34.076187311957106,66.06755105603072,83.12356241785342,64.36495025309827,48.82853853996495,2670.2359423638973,450.0405554196232,0.4843442256436936,0.4134150331514343,C,grading/data_processed/banana/C/Banana_Bad_IMG_20190910_175348__1.jpg,07070301257b7fff,118
27387.0,1106.1219248771667,1.2216216216216216,0.2812861341347386,0.8104820810274925,90.1465155482228,62.66573133819314,66.58039525124637,48.473331417251416,55.63143359276927,32.9584856638364,660.1375572659566,158.00355555555558,0.4821128950191925,0.3324759017888596,C,grading/data_processed/banana/C/Banana_Bad_IMG_20190910_175419__1.jpg,0703030303e1ffff,41
20044.0,1289.3178828954697,0.9896907216494846,0.1515214945218254,0.6475310536432506,23.42205839557668,27.830112188579964,71.42215539819576,56.57375585514431,57.15830827432341,39.6714494997646,1897.5485442211752,242.81035785610183,0.587143434289258,0.4393105915549369,C,grading/data_processed/banana/C/Banana_Bad_IMG__7997.JPG,ffe3c7cfcf4c0008,62
24033.5,1346.7077116966248,0.75,0.166525287328365,0.7223775172828374,49.80136319376826,41.89803151944415,56.26038623823434,61.86696841054829,67.82120253164557,43.694494181683034,912.0581440093616,262.19330824607323,0.6246957722580704,0.4959438129529815,C,grading/data_processed/banana/C/Banana_Bad_IMG__7767.JPG,3f3f3f2707070703,219
23605.0,1236.867091536522,0.75,0.1938955310101822,0.7025088539031576,65.03247693517025,44.560228677534106,57.10107153200116,57.976099270673195,66.6708865996442,42.950467550597736,1175.1611610348857,257.43285749345546,0.6342062860288612,0.5055718280698946,C,grading/data_processed/banana/C/Banana_Bad_IMG__7773.JPG,3f1f1f2707070701,219
24472.5,1459.9036717414856,0.75,0.1442911848053938,0.612831332089599,20.31131625019895,30.06466468490443,90.09999204201814,66.14375381717917,71.74323571542257,49.241683146161904,1348.0482851399313,273.91299901832457,0.6068434852716887,0.4854698716588166,C,grading/data_processed/banana/C/Banana_Bad_IMG__7798.JPG,1f1f23030f1f0703,155
29837.0,1190.8569868803024,0.8046875,0.2643904720222146,0.802145363139005,20.918289347962176,24.238968060804726,94.83269085038384,65.92058895950126,67.18977957892656,47.05704922227118,2988.5689512528425,455.7868140243903,0.4964624022765181,0.4190973713828986,C,grading/data_processed/banana/C/Banana_Bad_IMG_20190910__175448.jpg,c7c3010303c3e3fb,133
24363.0,1276.2295699119568,0.6363636363636364,0.1879676117399372,0.8073500903020563,41.06897243510011,61.110500051649126,79.03338281908277,56.481354540457716,52.83761986919713,35.137496444197815,1357.212865837714,248.344082536596,0.482806455919725,0.3273576059125211,C,grading/data_processed/banana/C/Banana_Bad_IMG_20190910__175306.jpg,0303030103e3f3ff,65
30542.5,1252.7909715175629,1.1689497716894977,0.2445441154908723,0.83422102043046,49.719062469858216,62.9899721407494,62.268334244285114,55.180625292382125,62.352699096550175,36.90761925791521,1383.141203869672,166.70896230638374,0.5746066630086225,0.4448962563133395,C,grading/data_processed/banana/C/Banana_Bad_IMG_20190910__175312.jpg,0f070301030fffff,412
32588.0,2064.719025373459,1.0756302521008403,0.0960606790754519,0.7855369410630348,25.676227181739417,29.89355913027154,93.86199994024678,67.15306420246483,71.98613725314452,49.00712675050228,3431.1384794683613,511.12278793870496,0.5157290654449359,0.4418487254738698,C,grading/data_processed/banana/C/Banana_Bad_IMG_20190910_175515__1.jpg,c78703000043cfff,231
21942.0,1402.631590843201,0.71875,0.1401518525010407,0.6193231533489514,24.89477648309778,43.39180099623921,98.03132337955785,65.1358629766452,60.50587036462718,36.07525643808357,1126.711919531705,192.80970372267757,0.6959439633330555,0.5161770036621456,C,grading/data_processed/banana/C/Banana_Bad_IMG__7834.JPG,0103070727337fff,10
21827.0,1592.31283056736,0.70703125,0.1081800364156732,0.6009967509224077,24.95185908243855,38.29927939248534,85.62334723577958,70.23629526490559,61.29545656225042,37.26627554572123,891.5741758385274,195.11254340277785,0.7266992779186079,0.5101349100392281,C,grading/data_processed/banana/C/Banana_Bad_IMG__7820.JPG,61230f3f0b077f07,17
33730.5,1851.1971675157547,1.0847457627118644,0.1236879207135201,0.8175109064469219,40.34304582054104,45.89033398071543,87.64224063024967,63.013271083372175,73.32262642646121,49.05171049518613,2970.3271501862228,482.7120471917581,0.4971791304691368,0.4208572407848425,C,grading/data_processed/banana/C/Banana_Bad_IMG_20190910__175514.jpg,c78703010003cfff,231
28426.5,1442.2367094755173,0.7529880478087649,0.1717355335227286,0.7578278082137002,24.35684533030397,27.197842543743445,93.08316981651691,67.82344932403583,60.9210988330063,39.27609573326912,2100.866114802201,475.7488768330931,0.445731621765622,0.3768930576159671,C,grading/data_processed/banana/C/Banana_Bad_IMG_20190910__175500.jpg,fd81818101073fbf,124
22111.0,1163.8376549482346,0.9056603773584906,0.2051320121195454,0.7669973636742057,47.69498188885944,40.33430669953626,62.73628412403922,55.87644669742877,60.155755808817034,36.157550285709334,460.605014755607,181.63679245283015,0.6360847171720817,0.4428211942408668,C,grading/data_processed/banana/C/Banana_Bad_IMG__8044.JPG,7f1f0f0767670000,572
18029.5,1019.25186753273,1.0847457627118644,0.2180873699939312,0.6976550710056882,21.844081367669336,33.0184535913494,70.2322549231768,59.06663200418173,49.43718892014716,29.33051961503819,1826.28299553174,132.4311533114444,0.6577411228704755,0.4527466277114517,C,grading/data_processed/banana/C/Banana_Bad_IMG__8050.JPG,ffefcf8f07070400,385
24856.5,1099.2762526273727,0.8317757009345794,0.2584854775090369,0.8027418495373735,21.033308338924183,32.89879737813802,109.06152571135404,55.23404099785467,69.96329768341292,46.03270296826619,1029.3716116220348,284.452795818153,0.4925199667184505,0.3278388285183375,C,grading/data_processed/banana/C/Banana_Bad_IMG__8087.JPG,ff8f818183232707,85
24812.5,1395.300637602806,0.7030567685589519,0.1601565860800169,0.7914294371880133,43.93047854980142,49.17935366859796,78.75978136919508,83.18774120760922,54.655459871809995,38.51777121280035,1804.967160872204,424.9751364628822,0.3968775555278618,0.3043058542521071,C,grading/data_processed/banana/C/Banana_Bad_IMG_20190910__175716.jpg,0303414141e9f1ff,19
18739.5,2735.80437207222,1.0104166666666667,0.0314628300599995,0.5543328748280605,46.08018678449488,30.85010061016692,108.11980317332798,79.0981756891433,88.48332998594095,70.25331016508906,14880.25612417565,1608.561852331607,0.4712318194668322,0.4425090718969067,C,grading/data_processed/banana/C/Banana_Bad__IMG20200730132842.jpg,f76567050b2b0d3b,578
24109.0,1273.0823830366137,0.8135593220338984,0.186928725184247,0.7011079768517172,22.729588318799433,35.66341229451308,106.62092881768405,59.25588643411744,65.96771445954168,39.07308010841687,829.9793828657208,270.2974310054131,0.5782309033628467,0.4480792177666398,C,grading/data_processed/banana/C/Banana_Bad_IMG__8093.JPG,ffc78081818387ef,403
24272.0,1135.5188930034635,0.8425925925925926,0.2365520404114159,0.7623355004868243,20.218674309704504,32.39815205830059,113.79375908283546,55.05375047562129,69.11642176651057,46.43086751030747,1047.9058119086371,280.6774861878453,0.5152141022106209,0.3625330751172673,C,grading/data_processed/banana/C/Banana_Bad_IMG__8086.JPG,ff8f818183032707,85
15882.0,999.813269853592,1.1851851851851851,0.1996536538477271,0.604326401704686,65.43491033722994,41.5311907141939,154.7101413795214,51.25611670163034,64.38496848032315,39.017623770567894,152.13398610551295,89.65335143171095,0.7767707291215654,0.4752975450548426,C,grading/data_processed/banana/C/Banana_Bad__IMG20200729190403.jpg,00f0fcf0e1870ff3,443
17561.0,1015.4945075511932,1.1098265895953756,0.2139951592301609,0.6922364349488539,20.877255315605396,30.35546327136852,70.74257480708377,58.81675166980551,48.27124854271915,28.871897193370344,1731.332150802871,136.99845655660803,0.6723379385741474,0.4550258385636534,C,grading/data_processed/banana/C/Banana_Bad_IMG__8051.JPG,ffefcf8f07070400,385
28602.0,1517.3910382986069,0.7470355731225297,0.1561029954327022,0.7554276055147642,24.40384220961236,27.015095334890297,91.89327955151433,67.5010415256982,61.32248581390579,39.39135874359906,2034.6145563363016,479.53521570936016,0.4457069278195383,0.3772786930355807,C,grading/data_processed/banana/C/Banana_Bad_IMG_20190910__175501.jpg,fd81818101073fbf,124
32952.5,2106.334249138832,1.0847457627118644,0.0933348113020021,0.7911479778639424,26.312117900705868,30.453288885161506,92.6284591984406,67.84414508699508,72.46891520718273,48.858356692312135,3365.591046283725,511.0895314057826,0.5065325582423094,0.4305269598102129,C,grading/data_processed/banana/C/Banana_Bad_IMG_20190910__175515.jpg,c78703000043cfff,231
23319.0,1432.288445353508,0.73828125,0.1428429496780651,0.6390167707990793,20.49106919288874,35.85011236032377,94.72427176362574,64.6411599675791,67.2944662382105,46.5880399413809,1630.4931093062537,275.4528341090425,0.661595906824288,0.4997523624054383,C,grading/data_processed/banana/C/Banana_Bad_IMG__7809.JPG,81030f033333776f,506
22305.0,1712.881372332573,0.70703125,0.0955339024995115,0.583839388545702,23.9889457256806,36.615795747597154,90.05886942951274,69.13166308797082,62.08041442691174,37.16576022268937,888.3791692590602,217.57855902777777,0.7155141125880412,0.4979186077662367,C,grading/data_processed/banana/C/Banana_Bad_IMG__7821.JPG,21032f3f0b477f07,17
33313.5,1827.3393025398257,0.9399141630901288,0.1253694546944847,0.8349771288927877,24.53072297990908,26.84310902916356,93.65012465170848,66.80587153048444,71.71368235811703,47.37323819971479,3049.336698525877,487.47582391621063,0.4134009099807659,0.3222432223982964,C,grading/data_processed/banana/C/Banana_Bad_IMG_20190910__175529.jpg,0303010101c3f1ff,19
21926.0,1271.7199038267136,0.775,0.1703673376679423,0.6337085796037515,24.65866559985776,43.33876101277607,97.5086900475619,64.17147323470614,60.31266391074365,35.921831094072935,1173.40072407014,171.22900900900905,0.6829427676624896,0.4921777353042397,C,grading/data_processed/banana/C/Banana_Bad_IMG__7835.JPG,0103070727337fff,10
30614.5,1288.589961886406,1.158371040723982,0.2316901374256139,0.8306179203689886,44.32968900288554,57.72608168608686,62.673260660468095,55.100886573327585,62.36159025328631,36.83863758534925,1500.5953988252377,166.25003992547244,0.5778677351464759,0.448446792764665,C,grading/data_processed/banana/C/Banana_Bad_IMG_20190910_175311__1.jpg,0f070303030fffff,107
30263.5,1368.7320959568024,1.158371040723982,0.2029981661077273,0.8350048974298839,46.526508404313894,59.93014187157646,61.036434886808955,54.94487605849308,61.960682708812385,36.72055915439704,1545.8472837032332,173.94820335373973,0.5805527367100574,0.4536389803966977,C,grading/data_processed/banana/C/Banana_Bad_IMG_20190910__175313.jpg,0f070301030f7fff,107
33001.0,1857.866213440895,0.9316239316239316,0.1201456608121259,0.8316155532595821,24.20812002485722,29.023143026124515,92.7829728050188,67.41522926256134,71.88331903056846,48.256180135643234,3079.5083534153086,507.0159911772815,0.4203249160079596,0.3276783008045309,C,grading/data_processed/banana/C/Banana_Bad_IMG_20190910_175531__1.jpg,0303018101e3f1ff,19
24457.0,1420.6559760570526,0.6326530612244898,0.1522773121507018,0.8025398283811055,36.627516644739465,54.2188789558338,78.65534425706655,56.22943012327538,52.504445241797235,33.935787791553075,1548.8531462039969,258.76196660482384,0.4887079950251278,0.3337716664012179,C,grading/data_processed/banana/C/Banana_Bad_IMG_20190910__175307.jpg,0303030107e3f3ff,125
27473.0,1514.999122619629,0.9174757281553398,0.1504150136744113,0.7624082476515561,41.57167726578321,55.78717193938304,79.52197392262053,70.20233337601576,62.51454861974633,45.0589933936423,2606.9343560868374,484.62843420780814,0.3852879598226147,0.2731332674070041,C,grading/data_processed/banana/C/Banana_Bad_IMG_20190910_175431__1.jpg,010101034379ffff,41
30034.0,1186.1706944704056,0.80859375,0.2682431621948516,0.8010134684624617,20.830997904662127,24.3415983560765,94.6567247249869,66.35319427683413,67.69951545311682,47.44172701101091,2976.840791150262,469.81255688713594,0.4958134369775847,0.41773160072725,C,grading/data_processed/banana/C/Banana_Bad_IMG_20190910__175449.jpg,cfc301010383e3fb,133
23839.0,1224.523945569992,0.75,0.199785209464163,0.6996448801103513,67.3515042216575,43.459854764334445,59.279449135175014,57.43733891916651,66.91650954996311,42.389189493683226,1074.223854182495,248.00355857329845,0.6360278216299813,0.5010618405385029,C,grading/data_processed/banana/C/Banana_Bad_IMG__7772.JPG,3f1f1f2707070701,219
24082.5,1309.050857782364,0.75,0.1766031289059226,0.7178306357864616,41.134932533733135,38.157817965251816,57.76907492199846,62.85850442209805,68.23250536893715,44.34179354440341,968.5427388333612,260.8429523887434,0.6258226841604728,0.4951954363151652,C,grading/data_processed/banana/C/Banana_Bad_IMG__7766.JPG,3f3f372727070701,219
19888.5,1357.158502817154,0.9896907216494846,0.135690908352545,0.6456466692637319,26.096778916544658,28.207942115821155,68.03445583211322,54.721748640189304,56.76920448999512,39.47941965483718,1763.952107022306,266.98302477465325,0.5886023722847143,0.4413575591487834,C,grading/data_processed/banana/C/Banana_Bad_IMG__7996.JPG,ffe3c7cfcfcc0008,62
28087.5,1448.9574917554855,1.1173708920187793,0.1681170110299293,0.6344804996781007,61.436064318529866,51.67165527912834,52.361165251287765,56.83763128256915,57.15672420994014,33.79166712445665,1336.0522644273256,185.4325389750599,0.5690555322154296,0.4309185419104755,C,grading/data_processed/banana/C/Banana_Bad_IMG_20190923__184144.jpg,ff07071f0f0f0701,12
23700.5,992.3645671606064,0.7623318385650224,0.3024300030807293,0.8411143642977553,16.347681982019306,26.35747686491776,104.94941376310229,64.68557047986226,63.93648755023408,37.86726010535251,1252.1886675365256,248.35871786027016,0.5017887636866833,0.3581484557034421,C,grading/data_processed/banana/C/Banana_Bad_IMG__8125.JPG,dfcf07070303070f,87
30449.5,1724.8397415876389,0.9609375,0.1286152687285856,0.7168467641311769,38.67971302286849,48.418079208912104,62.258503619242845,59.46834483530271,62.884280315162385,37.95099690640343,1500.270618843917,280.9293526785714,0.6069810968677247,0.4997244829289458,C,grading/data_processed/banana/C/Banana_Bad_IMG_20190910_175203__1.jpg,cfef8f0f0f070301,530
24053.0,1068.9747395515442,0.8458149779735683,0.2645112999459517,0.754852578888732,15.954805025289607,23.640401276686056,111.98311306901616,63.69309834664126,64.83439386523087,38.38409014856801,1154.415684662921,245.9811103166732,0.561708574332341,0.4330964821677123,C,grading/data_processed/banana/C/Banana_Bad_IMG__8119.JPG,dfcf07070303070f,87
33451.5,1540.9230023622513,0.8448979591836735,0.1770368136108071,0.7898539603083716,31.139750915750916,32.6018065199298,84.31290842490843,66.76639253821149,69.43478388278388,42.761115509365375,1610.72192944259,506.5411333465425,0.3932916337871716,0.3191114878047535,C,grading/data_processed/banana/C/Banana_Bad_IMG_20190910__175844.jpg,4f87050101016bff,102
24121.5,1036.30569088459,0.7577092511013216,0.2822528974382474,0.830029937029008,17.274181078331637,29.63319505129381,103.02518819938962,64.77034141879973,64.85599186164802,37.64913315161595,1214.5156877090146,254.58162660689896,0.5059215029169332,0.365281949804899,C,grading/data_processed/banana/C/Banana_Bad_IMG__8121.JPG,dfcf07070303070f,87
26086.0,1568.5382252931597,0.7713004484304933,0.1332377039854163,0.7842936816945025,85.25123244696744,57.08788184313791,58.76396773229758,61.20364573880163,56.37757693456827,35.96485431759362,2510.4704226681465,364.1288385387983,0.4021274101126756,0.2957493859557802,C,grading/data_processed/banana/C/Banana_Bad_IMG_20190910_175409__1.jpg,030303010937ffff,26
33020.0,1497.3666524887085,0.9833333333333332,0.1850676964463259,0.7905668282755731,31.35998099423888,34.40925459807539,83.91604798954683,67.01195812802045,71.0135119082972,47.5188495848676,1823.52076622517,373.3583156028368,0.4866431337304304,0.400515097451149,C,grading/data_processed/banana/C/Banana_Bad_IMG_20190910__175840.jpg,47c301030383f7ff,133
19992.5,943.1686081886292,0.9491525423728814,0.2824218500443876,0.8025571032877042,22.19151645768025,31.151944257259572,99.187940830721,62.93433637605001,54.752889890282134,32.99055442849743,1549.792856606345,210.58442437159584,0.5066084486022455,0.3066571041950979,C,grading/data_processed/banana/C/Banana_Bad_IMG__8109.JPG,fffd8181c1838103,476
18048.5,1013.1097321510316,0.57847533632287,0.2209723850360813,0.7089380756918122,51.623932547832666,66.29991723309202,75.2103556372284,66.10760060408862,42.22802940222679,26.88929544425191,1923.199251346662,137.71076233183857,0.5561516627425046,0.3564604659885572,C,grading/data_processed/banana/C/Banana_Bad_IMG_20190910_175325__1.jpg,03070507077affff,192
21295.0,1406.8082166910172,0.625,0.1352127718848864,0.6129380441821976,26.478784011667653,43.031666515923625,83.0785743585069,60.53102466341667,58.58506904881273,34.66857968565131,1038.130521001816,131.29697327044028,0.7079959224897642,0.4624050668038369,C,grading/data_processed/banana/C/Banana_Bad_IMG__7762.JPG,070f1f0f01033f8f,308
33717.5,2052.250987768173,1.103448275862069,0.1006014599782093,0.8064940501106261,30.475783146457054,35.457643757267434,88.01153045890648,66.1974992026496,73.54776904404115,49.43410430124535,3211.97875441524,532.2609026369169,0.4865290081629871,0.4090160641507809,C,grading/data_processed/banana/C/Banana_Bad_IMG_20190910_175517__1.jpg,c78703000003cfff,231
20522.5,1416.8153564929962,0.9846153846153848,0.128473518275693,0.6551371885524573,24.10376778707512,28.249949100008266,70.25504656549899,55.90088928591115,59.305441308561434,41.64937373497687,1953.4294911858976,308.87627869512687,0.5708419002992535,0.4270106640479301,C,grading/data_processed/banana/C/Banana_Bad_IMG__7992.JPG,ffe3c7cfcf0c0008,62
30833.5,1813.2072724103928,1.0847457627118644,0.1178522246806906,0.7507913704100516,41.40228831505421,51.25751186256105,57.57615600998767,56.578482063764,63.34858876702803,37.9925336363358,1681.9022982136264,227.08276836158197,0.5845487178994392,0.4743505317811288,C,grading/data_processed/banana/C/Banana_Bad_IMG_20190910__175317.jpg,07070301010f7fff,471
28256.5,1481.2072732448578,0.75,0.1618439833998669,0.7494894034640991,23.011108803986712,25.154967812824932,93.53052325581396,67.72796016203795,60.72172619047619,39.376376296631456,2051.767181910894,477.1673421141507,0.451497784695394,0.3825286055476256,C,grading/data_processed/banana/C/Banana_Bad_IMG_20190910__175459.jpg,fd81818181073fbf,124
13077.0,752.6416965723038,0.6787564766839378,0.290095798150038,0.7139659314260756,29.392170022371364,44.70038676590076,101.82945563012676,62.281566371569575,41.27874720357942,35.391556481285285,4265.05437486063,359.7548824232761,0.6090994041558755,0.4630282645662997,C,grading/data_processed/banana/C/Banana_Bad_IMG__7789.JPG,1f1f3b3303070f07,229
31784.0,1461.567662715912,0.8760683760683761,0.1869737182696868,0.8007961602902458,35.27218332665083,35.028468197311085,80.65108102273078,67.68735165399995,65.91977916910835,40.50139686404395,1781.7185141728105,467.3853276353276,0.3927828838443006,0.3163421459960649,C,grading/data_processed/banana/C/Banana_Bad_IMG_20190910_175846__2.jpg,4f07010101016bff,102
29114.0,1413.5676629543304,0.7935222672064778,0.1830958658767886,0.7670157412896003,23.899962999091795,25.561765020008377,89.91449426485923,67.38273467515305,62.34182111742743,40.07765697212294,2103.4160831009463,474.7609052216339,0.444205124564432,0.376325065927523,C,grading/data_processed/banana/C/Banana_Bad_IMG_20190910__175505.jpg,fd81818101053fbf,124
22449.0,1707.5087872743609,0.6953125,0.0967566824983441,0.5950538090441605,29.84404895285702,43.23006296663149,71.84180815306387,69.72996952092275,62.93126777557528,37.96625132173506,1006.56791467598,230.7574593926553,0.7040985657633415,0.4870529275567611,C,grading/data_processed/banana/C/Banana_Bad_IMG__7819.JPG,41032f3f03073f07,17
22008.0,1258.2051861286163,0.7551867219917012,0.1746978255984554,0.6472274912876615,24.984183243985644,43.62739990308068,96.79243276771078,63.83724575560358,60.535953214301536,36.05885218834196,1190.7959485590168,187.24976502143463,0.678584182523011,0.4825512658411685,C,grading/data_processed/banana/C/Banana_Bad_IMG__7831.JPG,09030f0727337f7f,294
30326.5,2071.706832766533,0.87109375,0.0887923516211742,0.7533598310768849,23.94311156667414,25.56288325343449,101.32175918511165,71.2161642173803,65.28338511803709,42.2093534304951,2736.7125467908986,501.8145059121622,0.4997954072237089,0.4419955209292042,C,grading/data_processed/banana/C/Banana_Bad_IMG_20190910__175539.jpg,03818181818fdfef,371
24715.0,1419.2346222400663,0.75,0.1541920861720203,0.6980258141045556,18.993572808643194,25.78242898315356,84.08114821970743,65.29840298200682,68.95106659832025,41.761743578924296,1088.9092932140663,265.2118373691099,0.614925166115773,0.4809073071198661,C,grading/data_processed/banana/C/Banana_Bad_IMG__8041.JPG,7f7f7f2707040000,492
16762.5,785.3940020799637,0.6984924623115578,0.3414864645207208,0.8884795802083058,15.737864077669904,18.075068485627263,109.25312902093812,71.24130278468031,54.08632588606854,35.408789132332586,956.8592891150456,257.9270992644381,0.5520827336934706,0.3754872094202348,C,grading/data_processed/banana/C/Banana_Bad_IMG__8055.JPG,ffe7c78680840c1e,265
19107.0,794.80821621418,0.7397260273972602,0.38008232303376,0.8925585088989583,23.57458733994961,37.77674970097449,89.06823674602767,61.6954229637623,53.587031418727825,34.23936868188482,1509.7019590345278,198.81820244476583,0.6091367985307746,0.4460052346787763,C,grading/data_processed/banana/C/Banana_Bad_IMG__8069.JPG,ffe7c3838306063e,36
24338.5,1090.8498467206955,0.7017543859649122,0.2570240265363263,0.8771262793714862,27.89566128187568,42.451076017015026,83.6782822382468,83.92796570118841,53.772428795874795,39.10405964312688,1769.5976819422503,395.274440030895,0.4053065108486488,0.3147763057147626,C,grading/data_processed/banana/C/Banana_Bad_IMG_20190910__175713.jpg,030303c1c1e1f1ff,19
23375.0,1256.0630507469175,0.7566371681415929,0.1861823908653835,0.7135988277135835,74.89544258323238,37.74132912347076,176.59701741927398,83.29591581929003,65.78399264798028,39.39853155448321,525.4974285351467,124.2802706923477,0.6649434632211042,0.3757425822942457,C,grading/data_processed/banana/C/Banana_Bad__IMG20200729190349.jpg,9f010f0f0f0f0707,129
25163.5,1241.1341160535812,0.734375,0.2052785087043863,0.7089707829712901,65.07173684824448,65.79704110402494,74.44274660756639,63.685157992363315,72.99171818499941,51.85877482154226,846.8714778890649,282.1988427473261,0.5826134513043719,0.4619108576992349,C,grading/data_processed/banana/C/Banana_Bad_IMG__8082.JPG,7f7f5f0901232307,516
30182.0,1804.4793499708176,1.1179039301310043,0.1164807198376217,0.6995561427296643,40.28439567532677,49.656834283611815,69.68129740196869,60.55610713281549,62.53803453283847,37.946660638536926,1694.5131015769948,232.06882438564944,0.5730972109981577,0.4675194796772062,C,grading/data_processed/banana/C/Banana_Bad_IMG_20190910_175329__1.jpg,0f07030343387fff,182
26214.5,2770.490665078163,0.75,0.0429178601548435,0.5762695097823698,51.571032469901496,47.612901672586055,104.91415541773075,74.63348582024378,96.9534476468442,66.27818079239846,9622.314841349506,1136.4906331806285,0.4578963377402076,0.4260213927010111,C,grading/data_processed/banana/C/Banana_Bad__IMG20200730132847.jpg,fd11e085d72fc425,494
21304.0,949.4945086240768,0.8469387755102041,0.2969518961480129,0.8199364957182719,20.507296413939144,30.582883830456545,102.78345532385028,63.64449399937297,58.407678497445104,35.75811133601672,1105.5157324664042,228.104514533086,0.5064461725773144,0.3274127933645408,C,grading/data_processed/banana/C/Banana_Bad_IMG__8096.JPG,ff85030303070f4f,149
27992.5,1447.4427723884585,0.8441558441558441,0.1678992464055335,0.7612449689981508,33.03785577090973,43.85891987901759,85.98875502008032,71.69113133801046,59.283953204120834,38.48031939634917,1326.0521315336898,314.16367652965596,0.4643823197063143,0.3578634816634776,C,grading/data_processed/banana/C/Banana_Bad_IMG_20190910__175707.jpg,0301010143f3f7f7,97
17714.5,622.2325356006622,1.08,0.5749543058427442,0.8831638249077675,80.34800244485191,39.37274727267932,228.34894704673,36.45108339876656,60.35328110240596,36.041339515441955,188.96268213009537,77.78467908902691,0.6738565022912076,0.2602409100074532,C,grading/data_processed/banana/C/Banana_Bad__IMG20200729190413.jpg,ffc3010307870707,188
21642.0,996.6072062253952,0.85,0.2738162450266081,0.8158480039205338,22.42205615942029,35.78419101965972,98.31970108695651,61.37500709511342,59.33731884057971,36.18231164733282,1205.395290532872,228.51103550295855,0.5165905337369114,0.3448311355495559,C,grading/data_processed/banana/C/Banana_Bad_IMG__8097.JPG,ff878101030307cf,96
27814.0,1457.0579961538317,0.9262672811059908,0.1646340405891974,0.764078896763914,30.400505902192243,39.949269682212815,82.08069842608207,72.10106696404276,58.52234401349072,37.54251468080444,1453.1224934755444,303.4397004608295,0.4557546732146059,0.3406542907133164,C,grading/data_processed/banana/C/Banana_Bad_IMG_20190910__175706.jpg,0301010143f3f3ff,97
23837.0,1135.7199041843414,0.6916299559471366,0.2322303550982101,0.8746720484359233,33.18931799506984,45.59074655940248,86.14819227608874,83.99911287790415,52.92797863599014,38.84475598646293,1763.613853181271,405.0522421777929,0.4047907037311422,0.3114150461484205,C,grading/data_processed/banana/C/Banana_Bad_IMG_20190910__175712.jpg,070303c1c1e1f1ff,19
25631.5,1244.5655760765076,0.734375,0.2079449211570993,0.734353288352171,51.81604763904264,60.16647088970456,73.64381417719586,63.458318442626336,73.85227316104897,51.82543877310259,866.576631531342,281.7411221590909,0.5744213245765123,0.4514938258118833,C,grading/data_processed/banana/C/Banana_Bad_IMG__8083.JPG,7f7f1f0101232307,516
22765.5,1202.1635539531708,0.7614678899082569,0.1979520221544425,0.7113996437611325,73.60538963268108,37.3465076801247,184.18717816683832,80.4757367939652,65.94777720562993,38.54385548002614,461.05963386672886,126.53983875451765,0.656379890624869,0.3515073260908053,C,grading/data_processed/banana/C/Banana_Bad__IMG20200729190348.jpg,9f051f070f070707,129
19261.0,745.0681037902832,0.7045454545454546,0.4360103029396774,0.9091166544733674,23.27532679738562,37.873137746980454,89.43484477124183,60.889254976771454,53.92927900326797,34.18202148649767,1461.1208556307563,198.3332054309327,0.591447642598802,0.4210298395906333,C,grading/data_processed/banana/C/Banana_Bad_IMG__8068.JPG,ffe7c3830306063e,36
29849.0,1173.827550292015,0.80859375,0.2722269097709386,0.8080510023145955,20.64269240906695,23.84021306671112,94.80235239852398,66.73138540129891,67.42758302583026,47.458674705543686,3019.706647219158,474.0753754550972,0.5008365297366809,0.4215431589069048,C,grading/data_processed/banana/C/Banana_Bad_IMG_20190910_175450__1.jpg,cfc301010303e3fb,133
17449.5,727.7960246801376,0.6847290640394089,0.4139744072838923,0.8902579015841433,15.39015876590474,15.946937613949045,109.66456480126112,70.73485522080416,55.26303344217993,36.00133952936957,917.4549592055612,244.55911330049267,0.5341054083940648,0.3645100522057355,C,grading/data_processed/banana/C/Banana_Bad_IMG__8054.JPG,ffe7c78682040c1e,265
22070.5,1467.501648187637,0.71484375,0.1287848690536794,0.6272790575395416,24.017687434002113,38.42007782226119,94.05319429778248,67.30464275960578,61.34437697993664,37.13728938676361,684.1523436729975,180.06337997939556,0.7392417540734509,0.512907869308427,C,grading/data_processed/banana/C/Banana_Bad_IMG__7824.JPG,21032f1f0f077f07,17
30474.0,1898.8956506252289,0.76953125,0.106203083865161,0.8000315035047649,24.31800313209115,28.695683088269803,104.81063632586532,71.07515022690079,65.58940841829397,42.527843509298904,2848.017624035047,555.4965720663266,0.4318341918572415,0.3668909795091855,C,grading/data_processed/banana/C/Banana_Bad_IMG_20190910__175538.jpg,83818181818fdfff,371
24157.5,1523.1828869581225,0.71875,0.1308451859543022,0.6950898444805709,25.70096657269432,26.373181282707517,63.32565445026178,54.000790092116524,68.55352396294805,44.56340781872281,1599.4421046744674,281.2276724726776,0.6647598708794136,0.4665549909872867,C,grading/data_processed/banana/C/Banana_Bad_IMG__7818.JPG,81031f07073f7f0f,350
28310.0,1407.508787870407,0.7701612903225806,0.1795756732105105,0.7586558044806517,24.30812324929972,26.576366082436767,95.35916588857764,68.26503706314806,60.87975931113186,39.54858926333558,2104.2283796393976,468.64193548387107,0.4477362987975327,0.379177854042204,C,grading/data_processed/banana/C/Banana_Bad_IMG_20190910__175504.jpg,fd81818181073fbf,124
23100.0,1655.3077778816223,1.4580645161290322,0.1059410645207182,0.7654582808668566,35.315553130770525,45.66553910749287,65.03416149068323,71.75460747924042,50.01896927983884,33.06857946558408,1567.7010011026805,264.4886308243727,0.4666833420704028,0.3144166217002329,C,grading/data_processed/banana/C/Banana_Bad_IMG_20190910_175157__2.jpg,ff3f0301011f1f07,226
23518.0,1575.5432776212692,0.75,0.1190555308930128,0.6506570756674506,28.124989680508545,31.151827736195155,70.11962354495171,60.10226546204393,66.53867745397507,42.04213362473792,2340.22125661994,387.8096367801048,0.6286696530208942,0.5011259082929792,C,grading/data_processed/banana/C/Banana_Bad_IMG__7788.JPG,1f1f2707070f0703,155
27816.5,1356.8397413492205,0.7346938775510204,0.1898695133776096,0.7783016228315612,24.71645837000528,26.131348961478736,90.36919556416125,67.98787368349508,58.819327583171976,37.25437366674933,2034.1537726826784,447.40531296317414,0.4248402773860498,0.3462997812010464,C,grading/data_processed/banana/C/Banana_Bad_IMG_20190910__175458.jpg,fd81818101073f3f,124
30692.5,1775.8346892595291,1.094017094017094,0.1223029853326349,0.7497313009917436,43.50635404752827,52.6364651404876,56.060808234845595,56.34773138544598,63.09054517727792,37.75372837780846,1733.2210035921144,232.22141779788836,0.5792399596595452,0.4722851424871183,C,grading/data_processed/banana/C/Banana_Bad_IMG_20190910__175316.jpg,07070301010f7fff,471
20134.5,1258.2468155622482,0.9696969696969696,0.1598155498720763,0.6446650124069478,29.862665506910215,30.764811865883857,69.3348796752682,56.31350416310929,57.43553687059051,40.03421600403321,1810.9197525321772,252.3715426516474,0.5921593128179669,0.448508631951907,C,grading/data_processed/banana/C/Banana_Bad_IMG__7993.JPG,ffe3c7cfcf8c0008,62
30523.5,2130.6773949861526,0.87890625,0.0844906785918382,0.7529880478087649,24.802754190121806,27.481279204631836,102.19753204210794,73.01175529703174,65.89940527303375,42.612774814486755,2713.8160135389544,515.9830671037946,0.5003135206476051,0.4428786890893432,C,grading/data_processed/banana/C/Banana_Bad_IMG_20190910_175542__1.jpg,0381818181cfdfef,371
26757.5,1371.0752419233322,1.09,0.1788680699291464,0.6543936021912984,59.90837686771636,50.37280669905057,59.17002155408614,56.82534998029769,55.116282468125526,34.61471127554882,1427.3882070448617,192.6098617511521,0.523509975287457,0.3703846477887988,C,grading/data_processed/banana/C/Banana_Bad_IMG_20190923__184141.jpg,ff21071f0f070f03,325
27992.5,1353.785919547081,0.9425837320574164,0.1919338457793571,0.7935619215013678,37.39917450767778,49.558758442238,63.82972471929763,69.32825173410384,60.438490328448005,40.36068064948669,1999.4539785993245,356.30287569573284,0.4289432453048114,0.3036083326618458,C,grading/data_processed/banana/C/Banana_Bad_IMG_20190910_175421__1.jpg,030303030379ffff,41
33414.5,1944.3098640441897,1.094017094017094,0.1110743734073947,0.8059066132844532,40.66428237767138,46.41948969141537,86.65911479621629,64.94733936675058,72.87953988088287,48.869909971209545,3113.9837965434754,516.2004189710073,0.4962561165658377,0.4199455767652476,C,grading/data_processed/banana/C/Banana_Bad_IMG_20190910_175521__1.jpg,c78703010003cfff,231
33028.0,1478.538225531578,0.9833333333333332,0.18985717995203,0.779927976858138,32.57654500638494,35.03412176349308,84.67202209485345,67.33581876020111,70.78163513794435,47.13012641045509,1817.3060373263888,371.8549822695035,0.4883256003477936,0.4007288525677526,C,grading/data_processed/banana/C/Banana_Bad_IMG_20190910__175841.jpg,47c301030383f7ff,133
19737.0,949.2691127061844,0.96045197740113,0.2752404790515854,0.7874798013046861,21.25380609967766,28.93759543355228,100.61001735680637,63.80077983759291,54.184626828663525,32.841987810850405,1449.0008158972732,211.2495570487748,0.516278303638572,0.3230098110833289,C,grading/data_processed/banana/C/Banana_Bad_IMG__8108.JPG,fffd8181c1818101,476
24372.5,1057.9625442028046,0.7510917030567685,0.2736335585597229,0.8299281506452821,15.873167981961668,25.935230721724064,106.22737155741666,65.67489826832634,65.49408117249155,37.995585591985105,1191.7823818125817,257.76661814653085,0.5102008610457613,0.364908149211916,C,grading/data_processed/banana/C/Banana_Bad_IMG__8120.JPG,dfcf07070303070f,87
24129.0,1042.6904656887054,0.7577092511013216,0.2788934936509629,0.8361576047406175,16.418378554285482,25.727781159054334,111.96212830004475,64.36515133518073,64.9011512020502,37.61852023965606,1198.5550983063397,257.0291882422649,0.5075429482610716,0.3652115413838758,C,grading/data_processed/banana/C/Banana_Bad_IMG__8122.JPG,dfcf07070303070f,87
27531.5,1373.2173771858215,1.070754716981132,0.1834683506456849,0.6488457867386258,57.5596887657216,47.43873302473845,51.17260001421161,56.21562467926864,56.13067576209763,33.3612645223523,1758.433455149347,177.9720320587745,0.5564327178595708,0.4136929564936852,C,grading/data_processed/banana/C/Banana_Bad_IMG_20190923__184143.jpg,ff47071f0f0f0301,22
30015.5,1734.687503695488,0.899581589958159,0.1253467120126143,0.8332893768826085,35.24471819541052,38.5324496432381,73.95378014691542,77.7969920884295,66.06185399466943,46.51248864770732,4266.098489830716,501.638133969421,0.4881322243224841,0.3940382489847016,C,grading/data_processed/banana/C/Banana_Bad_IMG_20190910_175641__1.jpg,71010103070f3fff,130
27547.5,1380.531086683273,0.7509881422924901,0.1816350570986255,0.85394773551567,56.020416134071866,54.26587146127031,78.43385172560716,69.31006129085924,57.3527552904417,36.48080177927282,2567.77536450185,289.40339209904425,0.508602101223838,0.4096983176254068,C,grading/data_processed/banana/C/Banana_Bad_IMG_20190910__175658.jpg,010103030f0f3fff,13
32193.5,1594.3300758600235,0.80078125,0.1591554742682263,0.7074950278550002,86.42434830163457,62.54736362420839,69.75062283526766,54.93284888277108,66.19897308136355,39.98749421891851,1751.902627991558,325.24440870098044,0.4719590111479542,0.3691605959176874,C,grading/data_processed/banana/C/Banana_Bad_IMG_20190910_175622__1.jpg,0707070303237b7f,249
11155.0,675.1614673137665,1.3884297520661155,0.307513468600834,0.7805611923588273,39.75970344526821,64.15179133667831,133.85564762320104,47.05961562011343,31.15368512865242,20.28349707365919,1641.9403424312543,54.42440738357995,0.7049905650718811,0.440875404727695,C,grading/data_processed/banana/C/Banana_Bad_IMG__7761.JPG,ff010101277f3f9f,3
33432.5,1284.732095837593,0.92578125,0.2545385520297017,0.8708421244562528,28.57052111516292,26.473099881988016,59.21862133866604,68.65547715410695,71.97864957063875,49.78327116944458,2668.2494866044603,356.5723152807203,0.5379238687663953,0.4381262839369793,C,grading/data_processed/banana/C/Banana_Bad_IMG_20190910_175722__1.jpg,1f010103071f3f7f,261
20479.5,1510.0701897144318,0.9846153846153848,0.1128586743809566,0.654025484623,22.546052009456265,32.21174524447111,76.60354609929078,57.09245735811944,59.48018912529551,41.8103289008961,2102.5941526927413,309.254074372399,0.5715567213120161,0.4259176571254253,C,grading/data_processed/banana/C/Banana_Bad_IMG__7991.JPG,ffe3c7cfcf4c0008,62
30268.0,1359.1168723106384,1.158371040723982,0.2059112056529182,0.8403342680252089,50.54408239942994,63.15546709532332,61.586091857226144,55.298665448017424,62.04686791475027,36.81118041968908,1538.2234281011658,174.3199006299352,0.5820049696231464,0.4537117142656393,C,grading/data_processed/banana/C/Banana_Bad_IMG_20190910__175314.jpg,0f070301030f7fff,107
29917.0,1957.758568406105,1.1179039301310043,0.0980865904993032,0.6899756685386133,38.25878874520762,46.96888629782983,71.16099161738904,61.0112027602861,62.11576450711547,37.663096291265695,1738.9955224464006,246.61780974398496,0.5760387953564233,0.4708193837339332,C,grading/data_processed/banana/C/Banana_Bad_IMG_20190910__175328.jpg,0f07030343307fff,107
29538.0,1480.077329158783,0.7975708502024291,0.1694424168136545,0.767041470825002,24.12557584595499,25.115179734795973,90.86941967984622,67.79866114732735,63.29330858714745,40.8918036073294,2092.094987123066,498.2819755432538,0.4389709558043871,0.3698022526631769,C,grading/data_processed/banana/C/Banana_Bad_IMG_20190910__175506.jpg,fd81818101053fbf,124
36164.0,1906.871266245842,1.0548523206751057,0.1249808791707979,0.8327538167499482,34.13012569266117,35.39999288914246,81.44214082984188,63.97046954001915,76.37751047438843,48.772960967622225,2983.736246156848,517.4791656075779,0.4512380851818428,0.3691110670479336,C,grading/data_processed/banana/C/Banana_Bad_IMG_20190910__175512.jpg,c70703010103cfff,231
31847.0,1462.2539547681808,0.8760683760683761,0.18716850983481,0.8018682646792225,36.105577443979314,35.32843223975378,80.48371706476237,67.97770698151,66.0229315439547,40.56360733119285,1794.4966791571012,472.89909083291434,0.3914345435811387,0.3152329822224657,C,grading/data_processed/banana/C/Banana_Bad_IMG_20190910_175846__1.jpg,4707010101016bff,102
21939.5,1345.761533617973,0.756198347107438,0.1522300425349228,0.6399340800373352,24.61231369765791,43.105077567566354,95.3151614620298,62.68673090981859,60.39283179559972,35.80414244841492,1074.2209908650516,190.28968758514216,0.682756021443994,0.4867542693346355,C,grading/data_processed/banana/C/Banana_Bad_IMG__7832.JPG,09030f0727337fff,10
25427.0,1434.7392359972,1.0,0.1552240593463211,0.820715588334974,30.485932522166355,46.83535888934293,86.67285917168849,67.79418911410392,53.62902544812498,33.960096074606014,2164.572333838759,286.7145322572458,0.4500130498948641,0.3385752729555488,C,grading/data_processed/banana/C/Banana_Bad_IMG_20190910_175653__1.jpg,0f07030103e1ffff,86
24450.0,1422.7493407726288,0.75,0.1517860786992955,0.6850946383288734,18.82202478186382,24.873945710606385,83.0654607753297,65.57948801033027,68.32240328299932,41.48240634248352,1086.671817401631,272.82685700261777,0.6215038565301402,0.4861200642739508,C,grading/data_processed/banana/C/Banana_Bad_IMG__8042.JPG,7f7f7f2707000000,492
30169.5,1887.2905324697497,1.1130434782608696,0.1064389187372557,0.700728146883601,40.635639412997904,49.346729577501456,69.81190130624093,61.53844644229446,62.42983389775843,37.80284821449756,1699.9086123117834,230.64426257459516,0.5771070014781795,0.4698363451929083,C,grading/data_processed/banana/C/Banana_Bad_IMG_20190910_175329__2.jpg,0f07030341397fff,182
21300.5,1007.87928378582,0.8461538461538461,0.26350121656885,0.8174892539146453,20.33445231306907,29.99997587932661,103.6315644256415,62.73772158336701,58.463487537938015,35.7491551334785,1101.510949842698,223.37332707942468,0.497907101717683,0.3188904645589219,C,grading/data_processed/banana/C/Banana_Bad_IMG__8095.JPG,ff85030303070f47,149
25241.5,1123.7371480464935,0.6796875,0.2511860682352334,0.757843696520251,89.4802501262283,69.93554526283563,62.73460985745912,69.38419340657096,73.86402299297005,53.30000295649983,986.4839648068984,314.7551481213874,0.564353950198143,0.4181640566340402,C,grading/data_processed/banana/C/Banana_Bad_IMG__8081.JPG,3f3f1f0123230707,404
25873.0,4813.854349255562,0.75,0.0140304228744951,0.537112963328178,42.09039184111648,29.544813995062547,109.07729468599034,74.97281025448402,80.98840579710145,52.53557349208904,8153.811685878369,1303.4382976112563,0.4331230887141926,0.4040523775920467,C,grading/data_processed/banana/C/Banana_Bad__IMG20200730132850.jpg,13e4a36b6a531c0e,600
27419.5,1508.8986166715622,0.8834080717488789,0.1513384474548631,0.7425225103242841,42.27996724696501,63.578548075133206,72.22339705934708,68.74375802926285,57.02385275374702,34.90684266550524,1269.847215689604,249.72517616912236,0.4817497252119747,0.3556822474255998,C,grading/data_processed/banana/C/Banana_Bad_IMG_20190910__175710.jpg,030303012d77ffff,26
28908.0,1054.6660808324814,0.8755760368663594,0.3265862923358423,0.8150330575017268,39.83958475153165,48.22021294842707,84.01061946902655,69.78669842661505,63.60255275697754,46.56429052498107,1860.0614312556836,387.81237656352874,0.4042810951193384,0.2853374607733887,C,grading/data_processed/banana/C/Banana_Bad_IMG_20190910__175738.jpg,0707030311e9f9ff,221
20582.0,4025.8156856298447,0.75,0.0159584116130302,0.4844932500029424,52.36642316138574,43.32162345176477,104.14879218392863,77.15575734161428,79.9809976247031,54.88930200431819,10467.005150403827,1267.4771760471203,0.5435774240377317,0.5204809279987747,C,grading/data_processed/banana/C/Banana_Bad_IMG20200730132835__01.jpg,a03cf05251b9015d,507
26206.5,1282.2468148469925,1.3461538461538465,0.2002975462195136,0.7556551952826517,35.00153110762566,46.008185314005715,66.751213682874,68.63281785027499,55.113750093360224,36.777230717879135,1333.8763660112031,242.33070617906685,0.5429359193751417,0.3983047807097367,C,grading/data_processed/banana/C/Banana_Bad_IMG_20190910_175149__1.jpg,fff3f30303030301,23
21817.5,980.0214190483092,0.9792746113989638,0.2854589825059723,0.7552051783519964,19.31995325212388,26.277803802054375,88.68126039465996,66.72970646482972,61.5903717355149,42.333541536814145,1142.4285756079785,250.40783816558263,0.534269907310264,0.3852580071452482,C,grading/data_processed/banana/C/Banana_Bad_IMG__8080.JPG,ffcf898103030707,85
12086.5,643.3452340364456,0.9803921568627452,0.3669629719420754,0.7786188236809894,71.68896969696969,36.38178237021257,183.4811313131313,60.70660246930769,58.24856565656566,31.994842276312195,179.33197646868962,66.94516822388913,0.7172158232767101,0.4601180967253886,C,grading/data_processed/banana/C/Banana_Bad_IMG20200729190318__01.jpg,ffde9e0f0f060201,583
30062.0,1163.827550649643,0.8046875,0.2789012539666094,0.8081725922441024,20.968193717277487,25.1058355867141,93.99384816753928,65.95640785415918,67.4538612565445,47.06171693700984,2817.363337282434,459.64959984756103,0.4938368835279642,0.4154447362864391,C,grading/data_processed/banana/C/Banana_Bad_IMG_20190910_175450__2.jpg,c7c301010383e3fb,133
24216.5,1490.790970206261,0.75,0.1369265708299502,0.6897519154632715,18.607005141388175,24.428145492190684,83.77165006426735,65.83319461181797,67.6646850899743,41.11734668275478,1030.7124480141536,262.57785912958116,0.6305788668974978,0.490031859698632,C,grading/data_processed/banana/C/Banana_Bad_IMG__8043.JPG,7f7f7f2707000000,492
15111.0,803.2691135406494,0.7119565217391305,0.2942936782640069,0.7722893721411597,26.89751713435924,45.613339995089746,99.32859174964436,59.400431234764866,49.13293676451571,40.97967870928509,1618.600687978421,254.4936872909699,0.5865829788731611,0.3526442702632237,C,grading/data_processed/banana/C/Banana_Bad_IMG__8057.JPG,ffcf9f1e1c040c04,140
22213.5,1416.7320960760117,0.7193675889328063,0.1390757434742992,0.634789318016203,24.424970460811345,42.663929132926384,95.95181830116844,63.18648285645895,61.28615815500416,36.455721646893366,1165.0511649497485,213.0381280981809,0.686997578657879,0.4992188351088241,C,grading/data_processed/banana/C/Banana_Bad_IMG__7833.JPG,09030f0727337fff,10
34419.5,1888.2266039848328,1.0847457627118644,0.1213126798633286,0.8123554401699316,26.54824611193098,30.105355257648824,90.96412759677602,67.31517049628874,75.15387671699398,50.845765325423095,3294.06171978948,530.8487869724163,0.4857206168689294,0.4094471775143616,C,grading/data_processed/banana/C/Banana_Bad_IMG_20190910__175513.jpg,c78703010103cfff,231
27785.0,1419.3422675132751,0.8464912280701754,0.1733189274992017,0.7702757024243516,34.335668027593975,49.81080838025457,83.33538645642686,72.24548969135091,58.71536674644516,38.01595042421367,1299.046404791204,310.34697094298247,0.4563024312368325,0.3475172162629126,C,grading/data_processed/banana/C/Banana_Bad_IMG_20190910_175706__1.jpg,0301010143f7f7f7,97
22296.5,1581.4671584367752,1.5337837837837838,0.1120279022520521,0.7573410777670216,36.63381751761329,48.10578368102772,65.77755066539098,72.0324821785768,48.37657649821693,31.882401544256354,1484.1710539076262,246.9670234393686,0.4640323046488548,0.3103022956265857,C,grading/data_processed/banana/C/Banana_Bad_IMG_20190910_175157__1.jpg,ff3f0b01011f1f07,181
30325.0,1841.8763188123703,1.1179039301310043,0.1123284445878583,0.695902608057095,42.50366112145931,50.696311526551646,70.1099942192819,61.554013663131784,62.9467531633374,38.55147371411031,1750.9893889887371,243.10646459457143,0.5701031841978554,0.4648811547886935,C,grading/data_processed/banana/C/Banana_Bad_IMG_20190910__175329.jpg,0f07070343307fff,182
29996.0,1379.945298910141,1.1851851851851851,0.1979472471346565,0.8357177683360033,50.96011368090944,63.68579061402792,61.08111198222919,54.67355385509224,61.39004312034496,36.378505889424254,1510.3752881574694,175.66377995642702,0.577747018321111,0.4462998912480405,C,grading/data_processed/banana/C/Banana_Bad_IMG_20190910__175315.jpg,0f070301030fffff,412
23848.0,1684.5727163553238,0.75,0.105604470182148,0.6043129006917872,21.738146507942957,34.9073806615063,69.92516150002031,55.724419340164346,65.7860886523382,39.24149129794022,909.4648471656774,250.08100867146595,0.6601036626862057,0.4963465626734019,C,grading/data_processed/banana/C/Banana_Bad_IMG__7748.JPG,0f1f3f3f07010502,212
19332.5,1253.1341183185575,1.054945054945055,0.1547044385600275,0.6675471763263756,21.58213531718106,40.85507916109206,92.9463657384136,54.753329599706966,55.01020408163265,37.67284080048478,1167.6090850140115,205.98317127898275,0.5888981254975851,0.4234004755514435,C,grading/data_processed/banana/C/Banana_Bad_IMG__7990.JPG,ffcfcfcf86880000,561
11982.5,656.2325359582901,1.4180327868852458,0.3496566432306051,0.8006213877660108,36.01343429408891,61.16023544924341,132.36199316072302,48.11102391260052,33.49454486240026,22.28465701609171,1710.7128362193284,57.76177087304613,0.6689973621072116,0.4215888338282005,C,grading/data_processed/banana/C/Banana_Bad_IMG__7760.JPG,ff010101037f7fbf,3
23621.0,1295.979789018631,0.75,0.1767305732798699,0.7097442985487215,65.16367916735503,44.897549519919565,57.94139269783578,57.62346868459708,66.68536263010078,42.83070819364943,1161.755122779144,277.3710732984294,0.6371004501044106,0.5042871778634649,C,grading/data_processed/banana/C/Banana_Bad_IMG__7774.JPG,3f1f3f27070f0701,219
31893.0,1153.778778910637,0.913793103448276,0.3010649120933175,0.9180615725614936,41.46319037334156,52.29268099687821,88.04026535020056,65.14764624752421,65.57778463437211,40.30751677817069,1897.1694373611135,304.6055932341886,0.4461926089866572,0.3380220022528589,C,grading/data_processed/banana/C/Banana_Bad_IMG_20190910__175659.jpg,0101030f071f1fff,354
28026.0,1327.5777695178986,1.1414634146341462,0.1998255600077993,0.6440611750106287,52.26394662381668,47.9415615271901,53.49463792922765,55.3851899200267,57.26258427358787,34.71301036834373,1368.6000502815823,161.75015178477966,0.5585164553865978,0.4023938148581959,C,grading/data_processed/banana/C/Banana_Bad_IMG_20190923__184142.jpg,ff43071f0f0f0701,22
28059.0,1264.548330783844,1.123762376237624,0.2205013170255316,0.7389781406373452,41.14623069936422,48.55020064586558,69.83584852930902,64.09144829519994,59.56158736812688,39.65699803615252,1309.3662639694494,290.13767195303603,0.5020252914664916,0.3733575958810406,C,grading/data_processed/banana/C/Banana_Bad_IMG_20190910_175145__1.jpg,ffe3070707070701,23
33277.5,1982.2509895563128,1.094017094017094,0.1064249045832566,0.8030381640705124,25.390489026927245,28.70903630136536,90.65486829382635,67.68230724484867,73.07369099592722,49.48239088544163,3333.874734007003,533.4146639852523,0.4973461200100494,0.4220053303097238,C,grading/data_processed/banana/C/Banana_Bad_IMG_20190910_175521__2.jpg,c78703010003cfff,231
33277.0,1487.7097984552383,0.99581589958159,0.188937247418578,0.7837996985114001,32.12945441683615,34.903008253595516,82.79438205558995,66.59558025318604,71.33704718955404,47.5248515503378,1797.033165637228,378.3039740126759,0.4858337961447436,0.398620650785767,C,grading/data_processed/banana/C/Banana_Bad_IMG_20190910__175842.jpg,47c101030383ffff,190
23576.5,1048.790971159935,0.7623318385650224,0.2693464881483075,0.8437958555527719,17.786228416892033,31.086682757676886,103.68237986270024,65.37939946390875,63.34037861452049,36.74291932260727,1230.25421417926,250.31642210841943,0.5058805701709453,0.3606923529641599,C,grading/data_processed/banana/C/Banana_Bad_IMG__8123.JPG,dfcf07070303070f,87
19542.5,900.0559095144272,0.942528735632184,0.3031454186417741,0.8024349182885768,21.552258258559327,29.131424101942702,98.14206225875984,63.032895315081774,53.50037595869467,32.44564837710116,1516.2439381996558,195.3037514984839,0.5030347743802892,0.2952169978853252,C,grading/data_processed/banana/C/Banana_Bad_IMG__8106.JPG,ffff8381c1830103,476
28503.5,1395.3595130443573,1.1394230769230769,0.1839652605991961,0.6537125164841465,53.60778658976208,46.61575607072406,51.28962818003914,55.92503795664986,57.716517320699005,33.955025238096795,1008.8228936437044,172.5300277053455,0.5619880799341371,0.4073791964915489,C,grading/data_processed/banana/C/Banana_Bad_IMG_20190923_184144__1.jpg,ff47071f0f0f0701,22
22852.0,1015.719905257225,0.8691588785046729,0.2783467484759235,0.7797853645220181,15.803133719682336,23.655297328585196,117.59965657866496,63.95621100613474,61.69924876582958,36.598377120433405,1177.4795648183688,233.40017681232635,0.5468061258191574,0.4108075718996291,C,grading/data_processed/banana/C/Banana_Bad_IMG__8112.JPG,dfcf07070303030f,87
26261.0,1379.4255269765854,0.9665071770334928,0.1734301527380665,0.863834476406638,75.7562637280816,68.83957154879052,80.21011875953985,62.30063981629,54.10606455455866,32.24958788989299,1489.2552698498107,233.5418838820253,0.4741871137561471,0.3609263877813433,C,grading/data_processed/banana/C/Banana_Bad_IMG_20190910_175648__1.jpg,0f0703030783f1ff,177
27952.5,1129.595013976097,0.6721991701244814,0.2752865459530355,0.8500851529712304,48.155816322945576,51.099979966643374,93.27463724835752,70.01169494925726,61.40347117310192,43.56134992661246,1516.3449715402396,398.40243808149273,0.3802762578030281,0.2641666483264098,C,grading/data_processed/banana/C/Banana_Bad_IMG_20190910_175748__1.jpg,01010101d3f1f3ff,230
29776.5,1236.9919825792313,1.462962962962963,0.2445399070664801,0.8120789811001718,19.744659105894765,26.73515182604453,46.46808650929711,76.79790304448427,64.70489911644468,42.82301654650636,3391.61976090801,469.77874555346307,0.3183256181367661,0.2088694486229178,C,grading/data_processed/banana/C/Banana_Bad_IMG_20190910__175132.jpg,ff39030103472303,42
25004.0,1313.6265383958817,1.0,0.1820855687252538,0.8481826353906953,30.90267459138187,47.27914238816364,87.70157190897005,67.78038729864689,52.864510831313055,33.12169957117835,2160.0451254843747,257.0066834170854,0.4677794397511274,0.3569066579702209,C,grading/data_processed/banana/C/Banana_Bad_IMG_20190910__175654.jpg,0f07030107c1f9ff,86
30912.5,1812.0255941152573,0.9369747899159664,0.1183083338441757,0.8228741032568911,32.71124715980813,32.03251349744505,72.87051880838172,77.80435301755968,67.75864680636202,47.274137846722546,4260.925133297751,520.4411953970778,0.4868649365224964,0.3955488459594598,C,grading/data_processed/banana/C/Banana_Bad_IMG_20190910__175640.jpg,71410103070f3fff,130
19701.5,1122.0802943706512,1.0434782608695652,0.1966352098742222,0.6760053527312654,19.35269955955857,37.50664632231227,92.41643984757758,54.45227509218597,55.22343742267531,37.12312887784177,1133.7930002603127,175.53442977464147,0.5875675500855864,0.4215611623720364,C,grading/data_processed/banana/C/Banana_Bad_IMG__7989.JPG,ffcfcfcf86880000,561
23758.0,1595.8031636476517,0.75,0.1172360287083644,0.6032245778849816,22.30293252736481,35.81891876609151,70.1661493220062,56.000381481273074,66.47051135435386,41.834585745519185,945.930022855186,242.852135143979,0.6595036314165726,0.4990632305480458,C,grading/data_processed/banana/C/Banana_Bad_IMG__7745.JPG,0f1f3f3f07010580,212
30511.5,1808.1189595460892,1.1327433628318584,0.1172787754308156,0.7714469924907082,42.19414188520139,52.51103402829726,57.556105663270195,56.39211071114864,62.607915162743154,37.31086465819616,1702.9029107462388,234.27985424258196,0.5703913673895805,0.4564460095391643,C,grading/data_processed/banana/C/Banana_Bad_IMG_20190910__175318.jpg,07070301010f7fff,471
20603.0,1471.8864225149157,0.56640625,0.1195065552846075,0.6511282472662916,22.373659454374412,38.66190599333372,80.80324553151458,62.98389645314504,58.99186265286924,38.45421927278624,3257.3300286117715,369.4914279513888,0.586261337279038,0.4207310400649297,C,grading/data_processed/banana/C/Banana_Bad_IMG__7792.JPG,1f1f332307071f03,155
30615.0,1654.8468821048737,0.828125,0.140484527693604,0.7317510397246523,22.244414655942805,24.96701914438599,86.52515000638326,65.46099993023523,68.38021830716201,47.02538471628262,2756.1804459905575,466.1364040284362,0.4960476612632201,0.4167927485961178,C,grading/data_processed/banana/C/Banana_Bad_IMG_20190910__175456.jpg,c7c3010303e7f3fb,133
30106.5,1817.4915426969528,1.1130434782608696,0.1145316023476476,0.6975556070435589,40.8258168877386,49.851427985052304,69.30071174377224,61.26033248849436,62.2822387576836,37.65515503076233,1655.9866091682418,229.01843137254903,0.5787962716494847,0.4709489332655898,C,grading/data_processed/banana/C/Banana_Bad_IMG_20190910__175330.jpg,0707030341397fff,182
27043.5,2029.6824482679367,0.899581589958159,0.0824928996552637,0.6385940470146523,41.81347799620439,48.0024846155746,62.3990403552118,61.30350194111664,56.89239803774125,34.76578769611357,2203.5224192462915,286.1798576623783,0.5636567010232857,0.4514059204245015,C,grading/data_processed/banana/C/Banana_Bad_IMG_20190910__175324.jpg,0707032313317fff,330
29905.5,1596.3544590473175,1.1130434782608696,0.1474695220015232,0.7413177660444709,39.52905438510534,51.3296869263617,66.95342152539605,60.60635890028693,61.34179323860853,36.676487991244585,1509.714522213278,194.1696504688832,0.5938536811091955,0.4777912342385489,C,grading/data_processed/banana/C/Banana_Bad_IMG_20190910_175332__2.jpg,0f070301017f7fff,118
23884.0,1295.009227991104,0.75,0.1789662756101956,0.6436955086310285,18.019732810393432,23.08059693106217,75.51574947910284,61.42633572581185,67.00555623646689,41.46073533394209,1310.7203630502854,215.5025155431937,0.6460878460023932,0.4995497449733489,C,grading/data_processed/banana/C/Banana_Bad_IMG__7786.JPG,3f3f7f7b31030300,60
28248.5,1094.5411911010742,0.66015625,0.2963064023491408,0.836286395192208,50.7501304302459,40.6196358522853,70.6072484435324,76.80162420382621,61.350666063789085,44.17584981748499,1978.4383535214508,462.3427501860119,0.4342742717552592,0.3337800550426122,C,grading/data_processed/banana/C/Banana_Bad_IMG_20190910_175756__1.jpg,0101010303637fff,13
33152.0,1415.5432776212692,0.921875,0.2079090023401355,0.8574051803287168,29.303197158081705,23.662803319653555,60.27430432208407,71.54785591954142,71.34677323860272,49.3340643792795,2547.603521716899,367.2328124999999,0.5405051267283655,0.4396741230592358,C,grading/data_processed/banana/C/Banana_Bad_IMG_20190910_175727__1.jpg,0f030103071f3f7f,261
24274.5,1418.7320964336395,0.75,0.1515511963828762,0.6138837959157868,19.666720186248146,28.481165818739385,89.96267009191988,66.09461114989459,71.11644522939831,48.90432835332559,1472.9116351202956,258.9476439790576,0.6124901120867223,0.4901795340496741,C,grading/data_processed/banana/C/Banana_Bad_IMG__7802.JPG,1f1f23030f1f0703,155
24561.0,1476.312830209732,0.703125,0.1416116949659027,0.7172037201968142,29.93241849766003,35.255133533070264,52.57249940509241,55.306239798672,69.45934798128025,44.95563496649436,1735.0931502914432,351.16028718575427,0.6332483492595479,0.4466586405227473,C,grading/data_processed/banana/C/Banana_Bad_IMG__7816.JPG,81031f07073f3f0f,350
30894.0,1711.7585685253143,0.9012345679012346,0.1324948461683202,0.8412596838536632,24.01036924633283,23.27565034653779,71.59417678300456,78.23751446674676,67.35441957511381,47.07350511412841,4267.418552443743,495.2759089364594,0.4901633965882296,0.3991409212144905,C,grading/data_processed/banana/C/Banana_Bad_IMG_20190910_175639__1.jpg,71010103070f3fff,130
29212.0,1364.631591796875,0.8755364806866953,0.1971243678736016,0.7500160468310718,74.56652806652806,57.810399014360065,72.46448930319897,55.97024353077757,59.37304674401449,35.225805630258556,1026.1525140299943,184.7012410410368,0.5037200970418453,0.3705393205147172,C,grading/data_processed/banana/C/Banana_Bad_IMG_20190910__175708.jpg,03030103237b7fff,420
22072.0,849.0681034326553,0.8606965174129353,0.3847392544005623,0.8705529699455707,19.513119793290866,29.556433232210953,92.48220252149508,63.67409706856977,60.23103310019156,36.28166288766756,1271.4199274628097,190.2873423579775,0.535460557227097,0.35154569085343,C,grading/data_processed/banana/C/Banana_Bad_IMG__8099.JPG,ffcf81010307478f,96
15890.0,2543.194200873375,0.8767123287671232,0.0308727070557689,0.5239123625513115,58.27387822400188,62.86923821450329,103.80950418089742,72.7324099649627,87.12684018372394,56.84606942136656,10527.8388637594,941.1329938559376,0.6016242196340249,0.5802383433925988,C,grading/data_processed/banana/C/Banana_Bad__IMG20200730132848.jpg,1c075cc7f07a23f8,409
33524.0,1354.288445353508,0.95703125,0.2296906674485594,0.8573474502582988,29.090922409751524,24.636108616068675,61.776576418190345,69.52484222191026,72.43498007501172,50.339009457937536,2553.2945284107595,350.33099065061475,0.5527115148845002,0.4545102362819668,C,grading/data_processed/banana/C/Banana_Bad_IMG_20190910__175720.jpg,0f030103071f3fff,261
26828.0,1569.793058037758,1.0252525252525253,0.1368085857016261,0.8243355354125058,30.92210671706891,47.32368221434312,87.46132596685082,66.77441561770226,57.5414364640884,37.68896692363473,2784.528390652229,340.6700670067006,0.4277834468619552,0.311519361985953,C,grading/data_processed/banana/C/Banana_Bad_IMG_20190910_175644__1.jpg,0f0703050341ffff,86
25407.0,929.955404639244,0.9137055837563453,0.3691807145733804,0.836196682464455,32.15344407015914,40.7788354432638,81.87911875169397,67.15821839803928,53.76299996128083,36.44713156426581,1455.6271289846538,253.526614298273,0.4322103273454717,0.2679082582797913,C,grading/data_processed/banana/C/Banana_Bad_IMG_20190910__175734.jpg,070303010179ffff,26
27375.0,988.7249571084976,0.7990654205607477,0.3518949210215993,0.8616212643406826,31.96969696969697,38.28267812225435,89.53970308062834,73.59411170672414,60.78733958805133,45.89521019543207,1982.5909949421473,400.5361462341945,0.3688621311639571,0.2389928996998415,C,grading/data_processed/banana/C/Banana_Bad_IMG_20190910__175735.jpg,070703031169fbff,221
33482.5,1432.4133356809616,0.9453125,0.2050647582176704,0.860212981874703,28.60187600762128,24.32719384851793,61.25068151839367,68.83637479447516,72.3123259563242,50.16021850678973,2549.304485464086,372.58054006742736,0.5461894628034443,0.4473132446621931,C,grading/data_processed/banana/C/Banana_Bad_IMG_20190910__175721.jpg,1f030103071f3f7f,261
28099.5,1270.0458042621613,1.0251256281407035,0.2189120601222676,0.7997011739594451,32.3589421533738,47.68373570293345,83.54793803642454,67.87699690097013,58.994452585304586,37.33322560497059,1807.447606422993,295.4882788325867,0.4083628823504331,0.2888342006353576,C,grading/data_processed/banana/C/Banana_Bad_IMG_20190910__175709.jpg,0303010301f9ffff,41
28605.5,3116.681569457054,0.75,0.0370062042666182,0.6434419776413163,57.03639642046213,59.08810408709482,82.99011620141579,67.67643417048481,99.09202617870976,61.82175958178912,12207.37302794018,1603.9244723494762,0.3977898275875683,0.3726849546775129,C,grading/data_processed/banana/C/Banana_Bad__IMG20200730132849.jpg,c7b90f01267d3f7f,535
22493.0,858.3818116188049,0.8578431372549019,0.3836155770989515,0.8727011717234422,18.969743343098248,28.60808609963305,92.08298718901666,64.30570885843403,61.44221940448603,36.8966329496058,1238.5712202143602,192.2642551273383,0.5340749163468814,0.3561485952503394,C,grading/data_processed/banana/C/Banana_Bad_IMG__8098.JPG,ffc781010307470f,96
20486.0,1085.9797893762589,1.0057142857142858,0.218284825850888,0.7519039841441706,79.79629982834255,29.349520020390788,226.1334159832157,51.523526557885354,91.20360480640856,45.233877691301615,948.6104885984143,201.57110204081636,0.6621973843793462,0.312345608941825,C,grading/data_processed/banana/C/Banana_Bad__IMG20200729190347.jpg,df9fffa183810101,346
19353.0,728.9259662628174,0.7004608294930875,0.4577109667053548,0.9197538198322364,24.44387391967463,38.72929890451266,92.13289273004575,60.61469425857965,53.96070157600407,33.85272284532818,1510.7579091405212,192.1633960997345,0.5736134857646418,0.3990430046698192,C,grading/data_processed/banana/C/Banana_Bad_IMG__8067.JPG,ffe7c3830306061e,36
30410.0,1922.694639801979,0.76953125,0.1033726507914613,0.8003895351897669,24.04821668694371,29.32481734190993,101.44384324774283,69.38710361406876,65.37747326631235,42.289882870409606,2803.834711628569,556.3434709821429,0.4335985516240969,0.3678254448869183,C,grading/data_processed/banana/C/Banana_Bad_IMG_20190910__175537.jpg,83818181818fdfff,371
24089.5,1348.472210407257,0.6953125,0.1664767727476535,0.7419002155836156,30.811018837350616,34.63412012456019,52.242211869556414,56.089262612397896,67.42005266356087,41.86532875095136,1817.051723919437,252.3893891242938,0.6333103846870364,0.45281379112601,C,grading/data_processed/banana/C/Banana_Bad_IMG__7817.JPG,81030f07073f3f0f,350
32415.0,1820.018455028534,1.175257731958763,0.1229714535245868,0.7891565531764677,36.27562848110793,50.66052391619735,86.54071955441819,63.16907216162227,71.09399367755532,47.11392777436226,2280.342843085424,370.0078568509015,0.3703629299746914,0.2421445995331342,C,grading/data_processed/banana/C/Banana_Bad_IMG_20190910_175816__1.jpg,43010103017dffff,41
21022.5,1425.7026584148407,0.5390625,0.1299679612379473,0.7011239327641409,29.546302280491183,35.67124316970363,70.45078940079402,62.91934751294837,60.502262025667065,40.82465380709624,2761.998623754017,457.6513458029197,0.5441708598182766,0.3789347145015292,C,grading/data_processed/banana/C/Banana_Bad_IMG__7787.JPG,1f1f3723070f1703,155
23351.5,1733.8103033304214,0.75,0.0976161079938424,0.642982033454946,21.812443007543727,35.74897647162071,73.09292879051645,59.504767549245585,66.75433142667661,43.040753511473255,2015.1784581591685,397.39177028795814,0.6477373633387985,0.5038663388464178,C,grading/data_processed/banana/C/Banana_Bad_IMG__7793.JPG,1f1f27070f0f0703,155
30685.0,1766.0773301124573,1.1327433628318584,0.1236279192966736,0.7733797083916172,44.50967803451673,54.56338205244073,57.92645329434574,56.66730240256925,62.93236500015892,37.611415423416695,1695.512074225174,229.82283532882184,0.5681321319547525,0.4536405218209263,C,grading/data_processed/banana/C/Banana_Bad_IMG_20190910__175319.jpg,07070301010f7fff,471
24128.0,1594.832601428032,0.75,0.1192067858761896,0.6108818391270223,22.26556968136466,35.40556893791444,69.64958158995816,56.35091878810801,67.40650144834245,42.20550894242079,961.9218278920484,245.13401914267016,0.6582482653089,0.4919005164716101,C,grading/data_processed/banana/C/Banana_Bad_IMG__7744.JPG,0f1f3f3f07010500,212
20299.0,1177.092486858368,1.0212765957446808,0.1841040456714557,0.6799196114553676,23.257130509939497,44.14052844194377,93.21857293767408,54.1174173005003,56.561509651397294,37.37642830684738,1180.9922125690523,197.88827002339315,0.5849185237791834,0.4161970353004344,C,grading/data_processed/banana/C/Banana_Bad_IMG__7988.JPG,ffcfcfcf86880000,561
30536.5,1825.883458137512,0.9243697478991596,0.115102038158215,0.826427604871448,37.196449666358035,36.89056999948313,72.73315028255803,76.62063605423147,67.06235433096006,47.027361417366315,4268.21553393939,517.9413107708838,0.4861215362522594,0.3942164235813469,C,grading/data_processed/banana/C/Banana_Bad_IMG_20190910__175641.jpg,71410103070f3fff,130
28940.0,1258.690466284752,1.478527607361963,0.2295464101908566,0.8205506251949304,22.99257677445597,29.29828628941797,45.1463629584435,75.21492536582095,62.406141956477526,40.888606780278074,3001.1718336482986,443.0233895705521,0.3543722105200949,0.2474407041241015,C,grading/data_processed/banana/C/Banana_Bad_IMG_20190910__175133.jpg,ff3d030101432303,42
25159.0,1307.3422693014145,0.995,0.1849799394310432,0.8228618152085037,33.92825495530509,51.1276089444027,87.23186941313642,67.44906807787433,53.39055577147299,34.22363201280882,2193.6772936990224,273.04646464646464,0.4596108223819007,0.3504753998207322,C,grading/data_processed/banana/C/Banana_Bad_IMG_20190910__175655.jpg,0f07030107c1f9ff,86
23204.0,1122.430580854416,0.8687782805429864,0.2314481637583643,0.7576074180488442,15.443098353735753,22.366432777234824,116.0469818488814,63.55376790157786,62.295398902490504,36.13897638449442,1129.581520475792,235.1857098860486,0.5683211729804722,0.4371131967934992,C,grading/data_processed/banana/C/Banana_Bad_IMG__8113.JPG,dfcf07070303070f,87
19973.5,946.3401807546616,0.9548022598870056,0.2802653948105083,0.7996757016455138,22.358546987597432,30.381126913907107,97.82205010049512,62.75880248749498,54.73341830481886,32.96259233127454,1529.912407996361,209.95682001614207,0.5109973597161424,0.311431290969511,C,grading/data_processed/banana/C/Banana_Bad_IMG__8107.JPG,fffd8181c1818101,476
26284.5,1471.300637960434,1.4382022471910112,0.1525832065774404,0.7139035254495084,41.71322519579822,42.59470258772194,60.92353661705208,57.821924461417055,58.97019412790913,45.86570217065074,1670.051580332036,261.275413086583,0.5666388218976931,0.4058705164691022,C,grading/data_processed/banana/C/Banana_Bad_IMG_20190923_184111__1.jpg,ffdf830f0f0f0300,279
28251.5,1476.0356991291046,0.7430830039525692,0.1629512336402027,0.7504814780379604,24.373373026862364,26.399836304682733,93.02696621434504,68.247647180371,60.54804763223484,38.94738714356041,2097.192939882651,457.7678341189153,0.4515543448792671,0.3821279911485024,C,grading/data_processed/banana/C/Banana_Bad_IMG_20190910_175500__1.jpg,fd81818101073fbf,124
23880.5,1096.5310870409012,0.852017937219731,0.2495809206926876,0.7722568961614332,17.247669882980908,29.237641245190805,123.0807226442209,60.81068262485493,64.31463765140629,38.08692902642325,1247.3701910008758,239.11464635679872,0.5516866921383867,0.4209225942611362,C,grading/data_processed/banana/C/Banana_Bad_IMG__8111.JPG,df8f07070303030f,87
26921.5,1347.0752419233322,0.7798165137614679,0.1864341253362001,0.8562001081321757,44.483415077202544,51.49286545432162,80.72730245231608,71.60124292534532,55.564977293369665,33.435866484914456,1790.3811334225884,340.46153846153834,0.3736506727516564,0.2508191798458178,C,grading/data_processed/banana/C/Banana_Bad_IMG_20190910__175657.jpg,010103030387ffff,13
29824.5,1314.5899608135223,1.4814814814814814,0.2168714648332578,0.8042200350546043,26.450202216157564,22.4839109069413,48.980370236412064,75.61545746989805,64.83359089862887,43.03048861944522,3500.7231491960065,492.53631385918703,0.3249878665282877,0.2160327746451146,C,grading/data_processed/banana/C/Banana_Bad_IMG_20190910__175131.jpg,ff3d030103432303,42
24147.0,1623.6021527051926,0.75,0.1151102001868998,0.6082444363279135,21.444703423886835,34.269414042035876,69.64250120559396,56.53083298866798,67.32591223276,41.95173456419354,978.5772189162672,244.87502045157063,0.6564346288851453,0.4911216390161208,C,grading/data_processed/banana/C/Banana_Bad_IMG__7746.JPG,0f1f3f3f07010500,212
23839.5,1332.849846959114,0.75,0.1686337716695075,0.6402959819510099,18.656166905297606,24.277187649420707,75.62544487625281,61.5235557039297,66.85154428308448,41.289305144763915,1297.222251969907,214.4779941099477,0.6463785086552818,0.500145512438996,C,grading/data_processed/banana/C/Banana_Bad_IMG__7785.JPG,3f3f7f7b31030300,60
18467.5,913.0853474140168,0.5707964601769911,0.2783525630284466,0.7117667463192785,58.3547635439284,69.92268312326766,73.75221098342425,64.18405275483046,43.14732828470052,27.49261900216407,1834.319351537839,124.14840293141592,0.5513499778879871,0.3534053649855,C,grading/data_processed/banana/C/Banana_Bad_IMG_20190910__175327.jpg,03070507077affff,192
29847.5,1641.668169260025,1.1179039301310043,0.139170462225156,0.7406511327824512,38.24985283537183,50.37485850527783,67.17365426123357,60.685780414615635,61.24488194126496,36.60592302837733,1567.190202814234,201.1961983046494,0.5918893859044327,0.4758381675742193,C,grading/data_processed/banana/C/Banana_Bad_IMG_20190910_175332__1.jpg,0f070303015f7fff,107
30082.0,1609.0235059261322,1.1130434782608696,0.1460130906009249,0.7511673783304617,40.30739501802475,51.50673704572237,66.50202981390666,59.733617698963506,61.67422298723653,36.737679286623816,1529.1804330103969,197.806547314578,0.5906362572983578,0.4747728227056702,C,grading/data_processed/banana/C/Banana_Bad_IMG_20190910__175333.jpg,0f070301017f7fff,118
20181.5,1462.6143456697464,0.52734375,0.1185505706251912,0.6527532950594324,24.343509984639017,33.71257656814217,76.39996159754224,64.12821884614802,57.47825460829493,37.43636956224839,3081.299239312735,386.0229419309701,0.5618845978997508,0.388827312000788,C,grading/data_processed/banana/C/Banana_Bad_IMG__7791.JPG,1f1f3b2303070f07,229
30818.0,1305.4255298376083,0.8359375,0.2272532543607903,0.7721197088704324,21.41231955641949,24.105970172207098,89.61585035531054,64.21666547052068,70.02342181574838,49.762037154503574,2711.11032869764,462.68971904342726,0.496760361562681,0.4215294496525156,C,grading/data_processed/banana/C/Banana_Bad_IMG_20190910__175455.jpg,c7c3010303c3f3fb,133
33705.5,1240.305690407753,0.91015625,0.2753297659703103,0.8765945826452192,30.120603601762937,23.40201343222469,59.498117392954086,70.93314555877538,71.92790636583871,49.10103984373837,2569.911994186306,351.0277478448275,0.5278154630867615,0.4249421667407048,C,grading/data_processed/banana/C/Banana_Bad_IMG_20190910_175727__2.jpg,0f030103071f3f7f,261
18989.5,915.3107422590256,1.5140845070422535,0.2848303575757099,0.8914211946954583,35.83064391400732,55.07624277009939,82.23782028148683,62.87148420438936,45.12986544310976,32.18378382152608,3165.505439693057,150.79001579570885,0.5234035135640822,0.3649191879429078,C,grading/data_processed/banana/C/Banana_Bad_IMG_20190910_175412__1.jpg,0717030303e33d3f,466
23049.0,1449.141258478165,0.6875,0.1379242112706267,0.7036358640901181,34.0669959473151,36.81727879393912,55.837977034785546,58.8666007745918,64.92105707531239,40.817838373026675,1926.865608124201,286.5342857142858,0.6536083739998829,0.4681582162087714,C,grading/data_processed/banana/C/Banana_Bad_IMG__7815.JPG,81071f0707377f0f,350
24014.0,1369.6610283851624,0.68359375,0.1608600401705407,0.6277103237358358,20.27658451419059,30.525816720783745,89.93572617645864,65.21866238433361,70.69332900239554,48.9168092301722,1513.5668521683676,278.56665319683907,0.5773759781836424,0.4469718218515748,C,grading/data_processed/banana/C/Banana_Bad_IMG__7801.JPG,1f1f23030f1f0703,155
33746.5,1904.996155500412,1.094017094017094,0.1168558325133132,0.8145622631490019,40.52809118787248,45.2458571544301,86.398512989643,65.11818653805578,73.47393392350865,49.0562280531681,3060.1677198717266,515.7585218702866,0.4905951063921205,0.4151886632856414,C,grading/data_processed/banana/C/Banana_Bad_IMG_20190910__175521.jpg,c78703010003cfff,231
16658.5,816.4823162555695,0.6632653061224489,0.3140162993194195,0.7877104217892945,23.72333548804137,40.56443995383673,94.39824881001353,58.356945252174754,51.164188752424046,39.767786365107966,1739.49684794643,256.733349153615,0.5586454066563736,0.3258480024078153,C,grading/data_processed/banana/C/Banana_Bad_IMG__8059.JPG,ffef8f0e0e060606,140
25325.0,903.8721445798874,0.6769911504424779,0.3895339483331779,0.8370793944602367,38.49232681922375,60.59454168691413,97.57177823536269,53.1543863935161,72.63922452309724,48.982303824909046,1031.1439865075424,199.02165812762,0.5103761339931937,0.2524164012878852,C,grading/data_processed/banana/C/Banana_Bad_IMG__8065.JPG,07010f37730303ff,343
31265.5,1697.1727817058563,0.8975409836065574,0.1364027499459716,0.8477745088734934,30.018377297162147,36.93108481273258,67.07991623952994,74.9789583047611,68.13876734591824,47.09255537903305,4144.686449380964,491.1709843585503,0.4861095862697862,0.3950430149513484,C,grading/data_processed/banana/C/Banana_Bad_IMG_20190910_175639__2.jpg,71010303070f3fff,130
24889.5,1238.30569088459,0.7555555555555555,0.2039718799282795,0.7172146500302568,80.98514384530735,34.37139507294688,206.33088350888224,78.07933539931655,70.30238956138972,40.87573788638562,489.8620877296766,130.67613412228795,0.6848679206298535,0.3305554740715555,C,grading/data_processed/banana/C/Banana_Bad__IMG20200729190351.jpg,df851f0307070703,129
32099.0,1554.9402469396591,1.0078740157480317,0.1668299261159156,0.729846181830584,36.082225204343054,25.487031246658916,46.75728925216543,65.84413874574763,70.18833109674271,48.63990825556087,2438.164898380609,520.3580824455767,0.5721380466296929,0.491373564370886,C,grading/data_processed/banana/C/Banana_Bad_IMG_20190910_175220__1.jpg,fff7e7c707030100,72
29404.0,1040.6660826206207,0.8772727272727273,0.3411877874625879,0.8227081322309425,37.4448424788242,46.41223505957397,83.55284743379424,69.28284602531096,64.6895108641066,47.214508720650926,1814.2461070007096,388.9225142045456,0.4128781586890991,0.2946410014629035,C,grading/data_processed/banana/C/Banana_Bad_IMG_20190910__175737.jpg,0707030311e9f9ff,221
30067.5,1495.467157483101,0.953125,0.168948143605521,0.6431206887332228,32.61109302779767,36.52442162120814,89.5367489095762,60.95451314458323,62.22052600742139,39.77766186175262,204.47101833909403,185.0380979938272,0.6234412034660188,0.5044295045363488,C,grading/data_processed/banana/C/Banana_Bad_IMG_20190923__184038.jpg,c3c7c3c303016fff,596
33260.0,1325.4011427164078,0.92578125,0.2379235479714792,0.8733670321013589,30.70429901019353,26.54201374904117,60.45404047865268,68.85714329603904,71.71771310385581,49.80909842035034,2616.3569249745674,365.0658103813559,0.5411298762695764,0.4404946591588741,C,grading/data_processed/banana/C/Banana_Bad_IMG_20190910__175723.jpg,1f010103071f3f7f,261
33649.0,1351.9452987909317,0.9453125,0.2313469542804594,0.8633926051368896,30.03509386587253,25.450528560768465,60.699249656944325,68.11891165525927,72.48319757087384,50.02972258379953,2575.126177091138,359.18576568983417,0.5430683795057843,0.4456114605682428,C,grading/data_processed/banana/C/Banana_Bad_IMG_20190910__175722.jpg,1f030103071f3f7f,261
26753.5,998.8254625797272,0.7777777777777778,0.3369855355901378,0.8593431301694371,33.910491104249374,43.69523797522458,84.50988825172769,71.48839271756833,59.36446846052051,44.85836542558345,1921.9999352621703,389.4799567531604,0.3760761655534257,0.2488332622369556,C,grading/data_processed/banana/C/Banana_Bad_IMG_20190910__175736.jpg,070703031149f9ff,221
25326.5,886.1147850751877,0.6623376623376623,0.4053265710179588,0.83417871611607,33.5658932804788,56.25733242894312,95.65551280556528,52.60281380856386,74.81034549764875,52.20889039439765,1039.2941585155802,195.20907382091588,0.5164720460933364,0.2691337342106313,C,grading/data_processed/banana/C/Banana_Bad_IMG__8064.JPG,07010f27630303ff,343
15913.5,750.5411903858185,0.6595744680851063,0.3549984926938848,0.8153452030229281,25.98670278256587,43.659272286925024,97.86290322580643,58.06036525578194,49.850406303866045,39.92992853446772,1645.5307704833665,254.79743988929255,0.5427588063554943,0.2971886716945607,C,grading/data_processed/banana/C/Banana_Bad_IMG__8058.JPG,ffcf8f1e0e040c06,140
33235.0,1993.179921388626,1.098712446351931,0.1051265809376196,0.8008337248948808,34.815885958994514,39.047244910718995,87.7414718563928,66.52372433604474,72.86545625201654,49.267176509813865,3276.057056883383,516.9132710594969,0.4948057061863625,0.4201297526561385,C,grading/data_processed/banana/C/Banana_Bad_IMG_20190910__175520.jpg,c78703000003cfff,231
33495.5,1858.2509905099869,0.9240506329113924,0.1218954747437609,0.8302782425481812,24.979991249817704,29.476966175281,91.75190316464926,68.46499510382617,72.92340673764036,48.8033399169814,3356.3778992767193,546.9328959083344,0.4190510420638561,0.3298921722709587,C,grading/data_processed/banana/C/Banana_Bad_IMG_20190910__175534.jpg,0703010101c3f1ff,65
24184.5,1435.0163666009903,0.69921875,0.1475819581844244,0.7070560891110819,31.52378458935836,36.83246490621994,51.55628952350264,55.41233844551021,69.83836146131227,47.93212613367464,1731.4410132708192,328.73665730337075,0.6426339739139902,0.4532882426737867,C,grading/data_processed/banana/C/Banana_Bad_IMG__7814.JPG,81071f0707375f0f,350
27708.0,2091.003296017647,1.0930232558139534,0.0796352977526309,0.7349504648479463,25.582937062937063,28.34443820906767,105.67583916083916,71.95228889891155,61.77979020979021,43.532872041800005,2864.118665182726,528.062631683562,0.4850212130853119,0.4204597668945627,C,grading/data_processed/banana/C/Banana_Bad_IMG_20190910_175547__1.jpg,63c18101014373ff,76
30558.5,1757.5504186153412,1.0893617021276596,0.1243157950355572,0.7473617276251269,41.89877780259757,51.58997490328293,58.461371541628104,56.95182752129923,62.76028337109487,37.59872443529844,1754.2840944714806,217.6075427617855,0.5868127842073261,0.4763870676714621,C,grading/data_processed/banana/C/Banana_Bad_IMG_20190910_175316__1.jpg,07070301010f7fff,471
29763.0,1639.425528049469,1.1130434782608696,0.1391563989516203,0.7369450565776116,33.6670055422556,46.01632756953554,69.40474863083331,60.79535495594326,61.24671236021382,36.697530154954535,1524.9401321587084,199.1106905370843,0.5966810096648003,0.4797218177403728,C,grading/data_processed/banana/C/Banana_Bad_IMG_20190910__175332.jpg,07070303817f7fff,107
23092.0,1569.5432772636414,0.75,0.1177944483671223,0.6361432506887053,26.290414758162793,34.27340514313262,67.57990503004581,62.301593575351184,65.51687187460604,41.64148531194402,2356.7481160027287,379.88835487565456,0.634208159557516,0.510816686253384,C,grading/data_processed/banana/C/Banana_Bad_IMG__7790.JPG,1f1f2707070f1707,155
23625.0,1305.8376537561417,0.75,0.1741018181904424,0.6400964547461967,17.262064979564876,26.74986571314623,70.49874086611898,64.24457089296278,65.93398835817199,40.63956934257432,1275.426237258646,203.4942531086388,0.6502912554830056,0.5049459802176763,C,grading/data_processed/banana/C/Banana_Bad_IMG__7784.JPG,3f7f7f7b31030300,60
27724.0,1076.8914791345596,0.99,0.3004151793839423,0.8053449527959332,98.5743669763813,68.04155875959539,80.85321654018016,55.77403083780898,55.794949996453646,32.71935440912376,601.0374009182736,155.00779187817258,0.4535086125138481,0.2856396845234037,C,grading/data_processed/banana/C/Banana_Bad_IMG_20190910_175436__1.jpg,01010103c7e3ffff,64
24110.0,1569.4600180387497,0.75,0.1230004106361319,0.6136577668049581,21.878696317782612,35.11982306656428,69.73898154862621,55.97920088292057,67.21130448795424,41.910252798817545,950.4759817218616,247.0306773560209,0.6540223748464706,0.4922345836950196,C,grading/data_processed/banana/C/Banana_Bad_IMG__7747.JPG,0f1f3f3f07010502,212
26521.5,1338.6488366127014,0.8088235294117647,0.1859835860981371,0.8550082207679165,40.766579422715374,46.49732680611271,76.12703210823165,74.05473378488716,54.87536402845873,33.11365740887421,1791.5569081503936,352.6923122907701,0.3157889062817745,0.1869584843515032,C,grading/data_processed/banana/C/Banana_Bad_IMG_20190910__175656.jpg,0101030107c7ffff,381
32276.5,1613.9524389505386,1.1797235023041477,0.1557094008550728,0.7191893758773591,43.41907908696838,53.872584819929386,70.39543484191701,67.6774518569101,69.77483403558762,46.33014620850077,2166.025450642666,454.58053673082134,0.4964226938586791,0.404435327690797,C,grading/data_processed/banana/C/Banana_Bad_IMG_20190910_175428__1.jpg,0303030307077fff,13
31044.0,1490.3372160196304,0.8658536585365854,0.1756379848259003,0.8591235522838285,39.20453111195254,46.25420224378799,67.78019689511548,74.018012169812,67.90713744793639,47.73634337330641,3814.175907524879,482.0035664979291,0.4886800036220933,0.3904495478153518,C,grading/data_processed/banana/C/Banana_Bad_IMG_20190910__175642.jpg,71010103070f3fff,130
30830.0,1440.1950792074203,0.82421875,0.1867844609232293,0.7442455551666285,22.52137974884756,26.60060449205014,86.31161977428071,65.12062185156596,68.98238753775234,47.89642173311888,2739.0926571439427,450.1110119047619,0.4938333461897682,0.412899754122352,C,grading/data_processed/banana/C/Banana_Bad_IMG_20190910_175455__1.jpg,c783010303e7f3ff,406
30546.5,1358.4478262662888,1.103448275862069,0.2080105651168068,0.7146550312331844,34.32459321544337,47.658807707057655,61.31464424403864,55.948767795707354,62.98921659873552,39.536228121631545,1353.6752523168232,263.7512339418526,0.5932413249236898,0.4734925876715848,C,grading/data_processed/banana/C/Banana_Bad_IMG_20190910_175204__1.jpg,f7f7c70f0f070100,162
20217.0,970.7249565124512,0.9388888888888888,0.2696088754138011,0.7917678389598183,20.554232035638194,28.0656484807086,98.27193492155725,62.306585799618055,55.51394538059268,33.521372329507734,1524.0890003451573,220.09705687830692,0.5058138384844458,0.3136993663938287,C,grading/data_processed/banana/C/Banana_Bad_IMG__8110.JPG,fffdc181c1818103,476
23606.5,962.5655760765076,0.717391304347826,0.3201701307516677,0.8356874822996319,16.385002704839582,26.0685756429539,114.6407140776497,64.05639054415767,63.778827348008825,37.90746475242497,1153.0805655204736,236.9066542948038,0.5062985852093697,0.3621866510769727,C,grading/data_processed/banana/C/Banana_Bad_IMG__8114.JPG,9f8f07070303070f,290
22303.0,865.2102389335632,0.8480392156862745,0.3743948342575577,0.8697669883981671,18.351260800564276,27.62876201169629,92.73104390760008,64.10667072115467,60.93867924528302,36.666061865177,1327.3765116626332,193.38138394892843,0.5309437987825387,0.3541315441792986,C,grading/data_processed/banana/C/Banana_Bad_IMG__8100.JPG,ffcf81010307478f,96
31736.0,1469.2245169878006,0.8723404255319149,0.184750540596968,0.7982794833419276,35.27172771635061,34.881177785481846,79.60883933535116,68.30127440382911,65.9785348075854,40.68143235971249,1840.458754053196,478.053692115144,0.3968522819927739,0.3201674994332761,C,grading/data_processed/banana/C/Banana_Bad_IMG_20190910__175849.jpg,4707010101016bff,102
26249.5,1176.8498460054398,0.64453125,0.2381709504183404,0.8641526204898604,20.34215931583075,38.33449520553752,110.03189304253652,54.95239709984816,70.49202673936587,40.90226950956289,828.6683471292963,270.49911871189016,0.5039379660092173,0.3613382548274722,C,grading/data_processed/banana/C/Banana_Bad_IMG__8128.JPG,9f0f0f070301034f,290
26433.0,1485.2245169878006,0.9850746268656716,0.1505816670299965,0.8410920546027302,35.74877229258206,53.34277629898829,85.16139275560315,65.95169684951657,56.56481925931397,36.930114576294585,2562.3186860088995,326.49973482839613,0.4284575405460371,0.315215974134298,C,grading/data_processed/banana/C/Banana_Bad_IMG_20190910__175646.jpg,0f07030103c1ffff,86
32490.5,1467.9280549287796,1.0,0.1894770948490498,0.7288705932498065,25.306589825598937,27.74540479430858,41.13143443364915,65.34895479787924,70.9637921670388,49.13911786131321,2411.9720104178414,514.4605392156864,0.5723640274942057,0.4904283250139671,C,grading/data_processed/banana/C/Banana_Bad_IMG_20190910_175222__1.jpg,fff7e7c707030100,72
25277.0,1422.881371259689,1.0101522842639594,0.1568909907156434,0.8141527361741875,37.689129175516506,54.878815567949175,87.21150801312994,68.95353746577968,53.381965630430585,33.53946759245552,2223.6982952504636,282.3738142849819,0.4506395256221842,0.3360515313975802,C,grading/data_processed/banana/C/Banana_Bad_IMG_20190910__175652.jpg,0f07030303e1ffff,86
24697.0,1429.6366432905195,0.75,0.1518457788532542,0.6248450347881088,21.424193421156424,33.23246743772634,68.69894296757909,56.69957705317209,68.97104993294944,43.39692386713634,1001.2601853410404,222.08147905759165,0.6443371108752066,0.4825474401767665,C,grading/data_processed/banana/C/Banana_Bad_IMG__7743.JPG,0f1f3f3f27010500,212
13675.5,1330.3645656108856,1.2307692307692308,0.0970983254350406,0.5724601280924275,26.7220082627267,44.784776869544814,84.93585883341503,62.50000952128754,59.68811707863595,44.7820018788935,1990.3509767872183,237.05383272922535,0.6632208230161127,0.520566902369589,C,grading/data_processed/banana/C/Banana_Bad_IMG__7757.JPG,3f0703073f3f0f02,138
26768.5,2147.564699411392,0.8796680497925311,0.0729359067417539,0.638348356941861,44.41521966716003,49.26104688094373,60.72109310133208,60.106939693499385,56.33132377892495,34.37219389932567,2271.152618710211,295.64852215295673,0.5619550494547652,0.4509433871398828,C,grading/data_processed/banana/C/Banana_Bad_IMG_20190910__175322.jpg,0707032313397fff,330
19043.5,921.7716399431228,1.1925465838509317,0.281650126143962,0.7371344519924906,18.056357564860004,30.30520253319394,78.59604418186488,68.32152973550477,54.64484973028512,36.96605022950557,1531.7699543845947,248.75548762641867,0.5761113291132212,0.3686547549888098,C,grading/data_processed/banana/C/Banana_Bad_IMG__7780.JPG,fff3e30707070700,23
29888.5,1189.2417623996737,0.80859375,0.2655667386630477,0.8026990734523969,21.179183525773873,25.40239982268817,94.75614329418732,66.37740461748223,67.47409454258364,47.46151347501756,3013.0568981235197,475.6185148665048,0.4972185513295714,0.4208586159238782,C,grading/data_processed/banana/C/Banana_Bad_IMG_20190910__175450.jpg,cfc301010303e7fb,133
32784.5,1799.3393028974533,0.9310344827586208,0.1272483899299434,0.8323474154564842,24.221149260848833,28.063144677484654,94.28636146876492,67.16509062833124,71.46676800190748,48.22477601819754,3384.386419983971,505.4455693664798,0.4127933863577259,0.3207909059221421,C,grading/data_processed/banana/C/Banana_Bad_IMG_20190910__175530.jpg,0303010101c3f1ff,19
31607.5,1751.1971669197085,0.9213973799126638,0.1295179371437163,0.8335750830740017,23.795289463110063,25.991866799890257,97.41733378666584,67.19401562464454,68.33443575557135,45.79811993797724,2649.240870022679,425.98652526512785,0.4223138148474654,0.3219117161624523,C,grading/data_processed/banana/C/Banana_Bad_IMG_20190910__175524.jpg,0703010101c3f1ff,65
20393.0,1351.9209153652191,0.4453125,0.1402130412203223,0.7734289073463041,18.30870662160232,22.72941523281581,97.18884181463322,76.28610710238166,57.39534440900652,34.099082820048366,623.6326743678043,290.1011476769912,0.5648236340367974,0.2754949732599662,C,grading/data_processed/banana/C/Banana_Bad_IMG__7838.JPG,070f07072767070f,172
14841.0,972.1808006763458,0.6584158415841584,0.1973235630992566,0.6525093978764097,24.392260852484775,47.910136644525835,119.10122438289793,59.29063497278357,45.58862044130164,32.46287969953114,1932.132775433361,171.95255775577562,0.6159942117284269,0.4224217613329279,C,grading/data_processed/banana/C/Banana_Bad_IMG__7810.JPG,e807031139f9ffff,254
34328.5,2217.848969221115,1.108695652173913,0.0877002344907747,0.7960047303250939,29.356709735917487,32.96089095709455,86.63311798707923,66.89439999464281,73.42426045562733,47.50309156417899,3361.540811785783,538.4880178021225,0.4710558183714053,0.3894767696026445,C,grading/data_processed/banana/C/Banana_Bad_IMG_20190910__175518.jpg,c78703010103cfff,231
15802.0,784.9259686470032,0.6542553191489362,0.3223031323375491,0.8126510671123682,24.326748002724965,41.3924598544309,95.53842819099523,57.58661886695439,50.19111909333003,40.5470123403443,1633.4069902639922,283.5943930938263,0.5430016429649248,0.2951421569061774,C,grading/data_processed/banana/C/Banana_Bad_IMG__8060.JPG,ffcf8f1e0e040c06,140
32961.5,1491.7615345716476,1.0,0.1861307048960591,0.722895397673067,97.90401022622552,62.12934350327331,68.02199827581082,44.635770007105805,67.24034602693303,40.26228029353072,1958.9077652895355,145.51473651960785,0.6018603873660768,0.4864536304157559,C,grading/data_processed/banana/C/Banana_Bad_IMG_20190910_175402__1.jpg,07030701017f7fff,26
18039.5,1095.3940027952194,1.0726256983240223,0.1889268320562465,0.689438382603046,21.33426875337291,32.56382129911999,69.65984889368592,57.44671198740662,49.54781435509984,29.49167849966404,1740.746533445937,148.43247828248852,0.6693377580295178,0.4581383072506161,C,grading/data_processed/banana/C/Banana_Bad_IMG__8048.JPG,ffefcf8f07070404,385
28551.0,1480.621485829353,0.7630522088353414,0.1636602059902712,0.7557773248272759,23.569270298047275,26.021290355124123,91.08280232956491,67.13046688602779,61.23614251455978,39.526239119770715,2121.682671383953,489.4740443254499,0.442011448026413,0.3726836328260642,C,grading/data_processed/banana/C/Banana_Bad_IMG_20190910_175502__1.jpg,fd81818181073fbf,124
33130.0,1365.9452998638153,0.91796875,0.2231334517112815,0.8537339586661856,26.447345801594594,24.6869592897494,58.14760366341623,70.04893280527668,71.38237647825959,49.5424974357039,2667.059856578159,363.15983907585473,0.5378996735165078,0.4383292279102655,C,grading/data_processed/banana/C/Banana_Bad_IMG_20190910__175726.jpg,0f030103071f3f7f,261
33075.5,1569.3250229358673,0.91796875,0.1687681473079008,0.8482093628588647,28.580680505789335,23.096051489807326,59.29701797506589,70.7284520559009,71.3292368740561,49.42066681222859,2646.5581107638054,395.8104967948718,0.5370687266231425,0.436696229569305,C,grading/data_processed/banana/C/Banana_Bad_IMG_20190910__175727.jpg,0f030103071f3f7f,261
25449.0,982.0386646986008,0.9187817258883249,0.3316067876452784,0.8337783602260628,30.322234239802224,39.35781229727776,82.16671817058096,66.8556586705645,53.907408838071696,36.376643075269556,1459.1201919655216,265.8114213197969,0.4325130360523478,0.2694617006234241,C,grading/data_processed/banana/C/Banana_Bad_IMG_20190910__175733.jpg,070303010179ffff,26
18050.0,1048.6660815477371,1.0726256983240223,0.2062588669868006,0.6978947164923541,20.346184999190022,30.40384055672242,71.03337113235055,58.401305908452855,49.48312543873859,29.487058298345033,1844.5468819279383,149.6276287694873,0.6643098537097433,0.4574941370691261,C,grading/data_processed/banana/C/Banana_Bad_IMG__8049.JPG,ffefcf8f07070400,385
29812.5,2258.5007680654526,1.1,0.0734459369037525,0.7371576930209557,34.011338163152594,37.00622920622824,94.47906175887724,67.58338825333949,64.35275007309704,42.39395078061175,2286.70078034252,543.9918144096567,0.472753099398892,0.4072531808841814,C,grading/data_processed/banana/C/Banana_Bad_IMG_20190910_175557__1.jpg,e3c18101014373ff,76
33360.0,2055.464192032814,1.103448275862069,0.0992238502378209,0.8038360521433219,33.00294933566944,38.181604420295734,86.46187764637173,66.04827417337367,72.87309096218426,49.04400318991563,3152.0928075381607,521.4855476673429,0.4921241259309412,0.4149976739548411,C,grading/data_processed/banana/C/Banana_Bad_IMG_20190910__175519.jpg,c78703000003cfff,231
29925.5,2200.5007684230804,1.0950226244343892,0.077661939152658,0.7384180721256461,33.6831362384578,35.80384175132645,95.21882391057832,67.84401069067795,64.54239429774826,42.71089023952821,2278.055500039163,537.5877846829765,0.4726833003901102,0.4092549287978426,C,grading/data_processed/banana/C/Banana_Bad_IMG_20190910_175601__2.jpg,e3c18101014373ff,76
23546.5,1587.18288731575,0.734375,0.1174579133083095,0.6578796641660729,22.250958723351616,33.36547225165746,68.36996412519072,57.35732341427747,66.24139210754196,41.261896427129045,1600.1755689791069,264.6962525066845,0.6865132671785488,0.4909539318134742,C,grading/data_processed/banana/C/Banana_Bad_IMG__7811.JPG,81030f0f07375f0f,350
31997.5,1766.5108742713928,0.9102564102564102,0.1288526282272976,0.8267340163034351,23.746557146783108,27.02128003584411,96.24901523710648,68.5564071006897,69.89022565574521,47.499062432584005,3157.7549175421623,475.6353007579423,0.4281499690386861,0.3334977071157882,C,grading/data_processed/banana/C/Banana_Bad_IMG_20190910__175525.jpg,0703010101c3f1ff,65
31868.5,2232.868300676346,0.9234042553191488,0.0803239893687319,0.8030566475153714,24.210526315789473,29.63462303456084,94.3741504891354,68.81194935261449,68.59647091091945,43.87069122168469,3318.815394212481,511.1356973995272,0.4352531818416949,0.3451952496956132,C,grading/data_processed/banana/C/Banana_Bad_IMG_20190910__175531.jpg,0703010101c3f1ff,65
32542.5,1652.6387317180634,1.0078740157480317,0.1497286552033531,0.7239469205699476,36.821162399326845,24.500862123283536,46.15395480225989,66.50829810692399,70.69169972352447,48.301635862881966,2370.9825199374827,528.6881889763779,0.5641150468736985,0.4832687395131419,C,grading/data_processed/banana/C/Banana_Bad_IMG_20190910_175218__1.jpg,ffe7c7c707030100,331
28253.5,2029.7068341970444,1.102803738317757,0.0861817862333955,0.7448951343940732,31.793270386266094,33.91284172230695,95.26575107296138,68.25487429947974,61.840446351931334,42.26162030988714,2586.3770906916293,514.2454762378208,0.4730598728169482,0.4100253924756661,C,grading/data_processed/banana/C/Banana_Bad_IMG_20190910_175549__1.jpg,e3c18101014373ff,76
29697.5,1211.5849092006683,0.80078125,0.2542272175679042,0.799426625570346,20.791760423560557,23.275189203102475,94.5312045003309,66.26773842522985,66.68345466578425,46.549072448778254,2875.526009623875,452.40827971813735,0.4970188700378359,0.4186824574924975,C,grading/data_processed/banana/C/Banana_Bad_IMG_20190910__175451.jpg,c7c3010303c3e3fb,133
24318.0,1561.5432778596878,0.75,0.1253226783562998,0.6100623408552112,19.31044406251249,27.61978101810248,90.4175626523842,66.21590514285548,71.50965266397537,48.952944342274776,1388.5685149592657,285.5728280431937,0.6078040958596069,0.4874543957496632,C,grading/data_processed/banana/C/Banana_Bad_IMG__7795.JPG,1f1f23030f0f0703,155
17303.0,2401.512961864471,0.58984375,0.0377017406630007,0.5706417782468175,27.724600534438565,15.29275713619645,126.99296504335496,69.4655577412459,104.6209848939303,73.25502381176074,14587.477387121073,1299.080234375,0.531441657192558,0.5066905497894993,C,grading/data_processed/banana/C/Banana_Bad_IMG20200730132807__01.jpg,906c364ee0f0f6fe,297
27041.0,2086.410369038582,0.8958333333333334,0.0780608268810565,0.6337759131871609,42.65564738292011,48.530620835435016,62.99173553719008,61.87710779610572,56.978176093878574,35.10166301411879,2279.8065448256566,295.38946651090345,0.5623733849652764,0.4516862273123437,C,grading/data_processed/banana/C/Banana_Bad_IMG_20190910__175323.jpg,0707032313317fff,330
32961.0,1325.36665391922,0.875,0.2357969395853925,0.7962363513382935,26.877777446389693,30.817990686786793,83.1372244922306,60.45487195047634,71.13853678904829,46.48604922044969,2193.6999974418054,438.8192439742153,0.4837353172672194,0.4092297411117344,C,grading/data_processed/banana/C/Banana_Bad_IMG_20190910__175445.jpg,c781010303c3e7f7,486
23813.0,1490.1463092565536,0.75,0.1347615982544037,0.6394897616649883,20.17691019724752,28.8992145680108,78.39335157430473,62.54651692802342,66.80336505084331,41.2676507442166,1334.5048421223958,248.15874509162305,0.6418123743287268,0.4977324036275472,C,grading/data_processed/banana/C/Banana_Bad_IMG__7781.JPG,3f7f7f7121030300,60
32781.5,1285.3838983774183,0.87109375,0.2493291033994321,0.7974675845962975,26.49337092807007,30.923703731699383,83.97090407342972,60.70046751683668,70.93574899514068,46.67561981744324,2091.183062382439,437.3315033783784,0.4863934612962386,0.4100556493586647,C,grading/data_processed/banana/C/Banana_Bad_IMG_20190910_175445__1.jpg,c781010303c3e7f7,486
23871.0,1539.3767578601835,0.75,0.126587442748053,0.6028030303030303,22.776358087487285,36.2578540207671,68.62734486266531,56.101441773307165,66.76337741607324,42.011135005890935,1109.7833202613724,226.24049001963357,0.6601831757034746,0.4987807710569269,C,grading/data_processed/banana/C/Banana_Bad_IMG__7742.JPG,0f1f3f3f27010500,212
30247.0,1315.86203956604,1.1689497716894977,0.2195186653080562,0.8347684495225479,47.86296128153577,61.50829755791487,60.221706984888776,53.95860997606254,61.84486672287438,36.69117106242623,1482.9741992336012,165.56699794072875,0.5816102358596537,0.4501044492526386,C,grading/data_processed/banana/C/Banana_Bad_IMG_20190910_175314__1.jpg,0f070301030fffff,412
26028.5,2125.800199151039,1.2768361581920904,0.0723792565716808,0.7014350198746884,25.74805339265851,26.295557090214697,49.66110493140526,71.23645692806512,56.61583240637746,36.79145783539688,2367.956449775131,408.79093534212177,0.4325907905301879,0.3193861378595601,C,grading/data_processed/banana/C/Banana_Bad_IMG_20190910__175135.jpg,ff330103033f1f03,307
25419.0,1451.22451710701,1.0,0.1516697991256756,0.817817672892235,36.70938891447874,53.008892492004755,86.13008598188239,68.30099132543727,53.40588054659911,33.333549565032946,2187.5211481236274,272.54664737830564,0.4503453768959511,0.3387802089643784,C,grading/data_processed/banana/C/Banana_Bad_IMG_20190910__175653.jpg,0f07030103e1ffff,86
26205.5,1347.6681673526764,1.0097560975609756,0.1813161020661148,0.8551034392742936,51.98674829220949,64.98820054324047,79.78711411400202,64.81912884058674,55.4393221098212,35.07979024778777,2157.0726773427027,267.80812218801793,0.4711350460659172,0.3658110549357609,C,grading/data_processed/banana/C/Banana_Bad_IMG_20190910__175647.jpg,0f0703010781f9ff,177
26686.0,1229.3767573833466,0.65625,0.2218826527677684,0.8557868069140236,22.151716541215347,42.1314068991483,110.31334679640167,55.390168690230624,71.92733614833854,41.81488276579732,935.4693096770724,296.70890250748505,0.5016733947348443,0.3619528520754796,C,grading/data_processed/banana/C/Banana_Bad_IMG__8129.JPG,9f0f0f07030103cf,591
21064.0,947.4356334209442,0.8620689655172413,0.2948840487413826,0.8147446187170015,19.574428458350795,30.32120442411657,97.10038645993389,62.87471331369402,58.115705172975744,35.601354148690966,1201.3296117295558,215.71131306268052,0.552116057006056,0.3912161026907835,C,grading/data_processed/banana/C/Banana_Bad_IMG__8101.JPG,ffc78101030747cf,96
31455.0,1422.0529441833496,0.8760683760683761,0.1954645580458296,0.7972070508027828,33.945842297259375,34.92513603846873,79.41848283603031,68.1804355603744,65.56368284850186,40.65140948125551,1820.9076738666793,463.38042567454346,0.4006750717120769,0.3239611292480321,C,grading/data_processed/banana/C/Banana_Bad_IMG_20190910__175848.jpg,4f07050101016bff,102
23862.0,977.2934980392456,0.7292576419213974,0.3139544814009671,0.8396052145458384,15.7525522805862,23.17380012018833,113.9859624567759,63.46079843600985,64.38646467972995,38.1924287212104,1133.043915846236,248.99247645604248,0.5073205883071313,0.3604170531304626,C,grading/data_processed/banana/C/Banana_Bad_IMG__8115.JPG,9fcf07070303070f,290
23657.5,1019.1929948329926,0.757847533632287,0.2861975112230578,0.8365452616690241,16.3744140706019,25.17026644600563,114.08288049114364,64.32186740130906,63.57493674036587,36.82745882961475,1184.05791045884,245.628309844117,0.5012415121316814,0.3553274870837927,C,grading/data_processed/banana/C/Banana_Bad_IMG__8117.JPG,dfcf07070303070f,87
26670.0,1193.1168721914291,1.0362694300518134,0.2354327661447934,0.8643515742736303,69.70282793365939,65.94591076676733,76.92483359688156,61.81373851663387,55.1328283014011,34.31110638889001,1526.6366055672636,234.4613742286562,0.4208146248939612,0.2929937175129009,C,grading/data_processed/banana/C/Banana_Bad_IMG_20190910__175651.jpg,0f07030503c1ffff,86
25952.5,1396.5554703474045,0.98,0.167214018170321,0.8367320619670175,29.227931488801055,45.20203923102659,91.25017880670056,67.97239874271956,55.89749670619235,36.707680234521895,2587.3822475114534,317.25176923076924,0.4326209077944047,0.3181765075250345,C,grading/data_processed/banana/C/Banana_Bad_IMG_20190910_175646__1.jpg,0f07030103c1ffff,86
26471.0,1292.9158608913422,1.02020202020202,0.1989938642498036,0.8333123465340301,30.960430457453494,47.266615815981325,90.51743648533709,66.77223980078519,57.775230205983505,38.55587915043155,2824.3457182120605,322.4134881149805,0.4360364965882771,0.3218350586280906,C,grading/data_processed/banana/C/Banana_Bad_IMG_20190910__175645.jpg,0f0703050341ffff,86
24404.0,1482.0630501508713,0.75,0.1396167488264124,0.619430166888762,21.388899964116263,33.1958212450624,68.86926358598141,56.48851676603265,68.66265300426618,43.614140392515864,1244.130633983347,234.64215886780104,0.6474639225940471,0.4878870885077772,C,grading/data_processed/banana/C/Banana_Bad_IMG__7740.JPG,0f1f3f3f3f010400,212
23995.5,1301.796023726463,0.75,0.1779318878118433,0.7116314244194668,38.159991868265905,36.085670595987814,56.59337263671478,61.51039173266342,67.96592803415328,44.072104260699255,1001.0320380292832,256.57587532722505,0.6334755618929182,0.4980364363173913,C,grading/data_processed/banana/C/Banana_Bad_IMG__7768.JPG,3f3f1f2707070701,219
30415.0,1388.8813716173172,0.80859375,0.1981378193135471,0.7674354057327413,20.765411400567448,23.20595368043225,90.95931132318805,66.06788376155617,67.97443255094144,46.87447797835472,2956.2421778505936,476.5122686589806,0.4881136938550667,0.4096545767639943,C,grading/data_processed/banana/C/Banana_Bad_IMG_20190910__175453.jpg,c7c3010303c7f3fb,133
23707.5,1274.423440694809,0.75,0.1834290519446418,0.6390678491522226,17.57151090983944,25.644000279427253,70.69135446685878,62.824187325829705,66.19419514203376,40.947380597919974,1259.8648399706517,204.87690199607337,0.6477339280296408,0.5034098338918698,C,grading/data_processed/banana/C/Banana_Bad_IMG__7783.JPG,3f3f7f7b71030300,60
30163.5,1206.2123260498047,0.80859375,0.2605218016732379,0.7996050155077804,20.89504563233377,24.308571550233555,95.41662320730116,66.06790260754411,67.81597131681877,47.40235794683314,2651.1690391275765,446.57063486043694,0.4933879653583359,0.4155909133321159,C,grading/data_processed/banana/C/Banana_Bad_IMG_20190910__175447.jpg,c7c301030383e3fb,133
26887.5,2055.1382927894592,0.8713692946058091,0.0799978259494443,0.6430262591476539,44.45838732901368,49.56619767150755,60.53574514038877,60.451102846150505,56.57508999280058,34.80523220302895,2271.6248911807857,293.0855089439934,0.5545204463321659,0.4449906575036468,C,grading/data_processed/banana/C/Banana_Bad_IMG_20190910__175321.jpg,0707032313397fff,330
25885.0,1380.4549672603607,0.6791666666666667,0.1706921488362235,0.8188475712952564,42.95337511325883,57.9791681605296,77.4562443370583,58.935539478491854,54.528427967381454,34.15958061533577,1507.8074447344388,252.61661522633747,0.4658370473634406,0.3180635267099838,C,grading/data_processed/banana/C/Banana_Bad_IMG_20190910__175309.jpg,01010101c3e3f3ff,64
31902.0,1174.3229355812073,0.9646017699115044,0.2907051251442933,0.9036497797668788,37.40054882372892,47.07760978842875,78.33166836247032,68.45324580338577,65.76641075447846,40.95560280700281,2076.5914577496055,332.3247624485134,0.4470994069320179,0.3384530661625129,C,grading/data_processed/banana/C/Banana_Bad_IMG_20190910_175658__1.jpg,01010307070fdfff,13
31894.5,1926.5352590084076,0.9444444444444444,0.1079870652832185,0.8000025082773151,24.533135660573453,29.144231217703897,94.65714984410344,69.05524088965461,70.03139328727762,47.800896246234885,3269.5637152368163,496.9547591297593,0.4482814593616246,0.3569512956741146,C,grading/data_processed/banana/C/Banana_Bad_IMG_20190910__175527.jpg,0701018101c3f1ff,65
32842.5,1863.706830739975,0.919831223628692,0.1188203640540796,0.818392494486737,25.147245101245876,28.76026685253972,91.83027563854776,67.17707890510933,71.71240819482026,48.217985990675025,3354.7615265437007,525.381224600906,0.4306403655280001,0.3392068469305174,C,grading/data_processed/banana/C/Banana_Bad_IMG_20190910__175533.jpg,0701018101c3f1ff,65
29513.0,1024.499561071396,0.69140625,0.3533455844051706,0.8663095325456813,41.265541622198505,38.05900750433342,67.88467182497332,78.49780924587107,63.31763607257203,44.55665665362791,1990.3082273827197,434.97560813210225,0.4368873348408087,0.3375566158617162,C,grading/data_processed/banana/C/Banana_Bad_IMG_20190910_175754__1.jpg,0101010303377fff,13
22980.5,1415.0752427577972,0.734375,0.1442149460665923,0.655107044100459,19.295367939707003,32.13895880546224,90.90541112710643,65.39610953800829,67.12401558133627,47.37059368254051,1770.2988890561112,302.5067680481284,0.6649158803429385,0.5046957909268058,C,grading/data_processed/banana/C/Banana_Bad_IMG__7807.JPG,81030f072737776f,294
24169.5,1537.099626660347,0.7109375,0.1285504188462781,0.6923374391291893,32.85564853556485,35.8022791040812,49.66438686836177,53.936793342051935,69.40762793691664,46.46254254149191,1690.191887355602,336.3317075276244,0.6525499647841266,0.4609441462795365,C,grading/data_processed/banana/C/Banana_Bad_IMG__7813.JPG,81071f0f07377f0f,350
25196.5,880.1147857904434,0.6710526315789473,0.4087628774531837,0.8342797543168385,38.40452379092117,60.72324024182972,97.57574810532071,53.891721324627056,74.9573794827721,52.53175515507467,1179.0717049365085,205.0699734533702,0.5126170665393056,0.2624714614903389,C,grading/data_processed/banana/C/Banana_Bad_IMG__8063.JPG,03010f27630303ff,343
33031.5,1363.84479367733,0.921875,0.2231558414484497,0.853703607980978,27.63113145846959,24.74336021559884,56.835929603424695,68.70247499198781,71.1023842083358,49.23540653651966,2710.437093328724,370.3660239361701,0.5399768471038033,0.4420460679849901,C,grading/data_processed/banana/C/Banana_Bad_IMG_20190910__175725.jpg,0f030103071f3f7f,261
25532.0,1077.3523728847504,0.8411214953271028,0.2764261688831632,0.7803059244204703,30.919091363339355,37.68130668589383,81.15951108890341,67.52726093458233,53.67448206941615,35.586727825397254,1337.9925206039882,236.17331488539645,0.4702943881904945,0.3206213326126105,C,grading/data_processed/banana/C/Banana_Bad_IMG_20190910__175731.jpg,070303010179ffff,26
18677.0,2897.218584537506,0.9142857142857144,0.0279611132212902,0.5536304486371922,46.329687970302,41.903900249956685,101.11176883716264,71.59921315995365,82.30335105849302,55.48937976755931,6588.979551671942,959.8826227873348,0.5139912616856472,0.4863697893220531,C,grading/data_processed/banana/C/Banana_Bad__IMG20200730132859.jpg,af1d12612714c164,514
27091.0,1504.1706948280334,1.3478260869565215,0.1504667892491151,0.704211073563816,88.85900576368876,28.209592859006335,230.73130403458217,57.478129782928214,74.36865994236311,42.61513609877647,592.0395469921332,121.27812004928712,0.7282691341243936,0.3865928852447884,C,grading/data_processed/banana/C/Banana_Bad__IMG20200729190356.jpg,fed840c0d0b1b1f9,180
30645.5,2607.0104360580444,1.3333333333333333,0.0566618873294751,0.7174159867966711,51.37290322580645,43.05816623606094,103.9745397324941,72.50289457368295,105.58388670338316,70.87736689301106,6809.188757697328,1020.418995098039,0.3819965516481595,0.3384985142156325,C,grading/data_processed/banana/C/Banana_Bad__IMG20200730132858.jpg,61e64cc6f1dc2ba2,263
26066.0,1197.7787790298462,0.801762114537445,0.2283132026063813,0.7715943401811616,31.153016350310093,35.43881973751167,83.90520578838564,70.63198772153032,55.25393722984401,37.10705895745324,1473.2377187838383,256.19977121717335,0.4910767142588403,0.3519773290459874,C,grading/data_processed/banana/C/Banana_Bad_IMG_20190910__175730.jpg,03030101317dffff,41
33221.0,1325.945300102234,0.921875,0.2374495488086672,0.8664614903106336,29.7703933747412,24.79707322832887,59.41354628808045,69.28783369488738,71.31700680272108,49.00233421366507,2646.887657603598,360.5239694148936,0.5382359108707472,0.4390100196616033,C,grading/data_processed/banana/C/Banana_Bad_IMG_20190910__175724.jpg,0f030103071f3f7f,261
15559.5,691.4284920692444,0.648936170212766,0.4089883688964627,0.814484256811579,23.476898833911125,40.258862803770434,94.1912385754806,57.30496419186856,49.777056413488815,40.41727081244504,1702.4616799978685,271.39260594337964,0.5466783784861969,0.3030454310541682,C,grading/data_processed/banana/C/Banana_Bad_IMG__8062.JPG,ffcf8f1e0e040406,140
30151.5,2013.020540714264,1.09009009009009,0.0935023172000387,0.7470083987810618,33.15977170863831,35.39134768227647,94.3836455679876,67.76827747086574,65.64047334988553,44.29591389224093,2368.789109928848,535.2784755710068,0.4734118348195988,0.4101376786589561,C,grading/data_processed/banana/C/Banana_Bad_IMG_20190910_175601__1.jpg,e3c18101014373ff,76
22573.5,1397.075241804123,0.734375,0.1453346511397049,0.645076942860817,20.52361865356435,34.75642184476286,93.977889837083,67.61854568665413,66.41617101973968,47.5305288238127,1953.3285391061972,300.5457887700535,0.678737295043678,0.5126715187384738,C,grading/data_processed/banana/C/Banana_Bad_IMG__7806.JPG,81030f072737776f,294
31852.5,2137.814476966858,0.9319148936170212,0.0875816980175687,0.7996711186985338,24.484477548154704,29.031199096512896,94.3682346835984,69.16855976814198,68.61030556488294,44.04428169800054,3385.5014156086468,506.38559437829394,0.4399352583335527,0.3520349098545145,C,grading/data_processed/banana/C/Banana_Bad_IMG_20190910__175532.jpg,0701018101c3f1ff,65
30781.5,2038.5697511434555,1.1875,0.0930783105691634,0.7513913977444711,33.15148070973038,45.54361966039489,90.80267727473638,64.54380220936912,68.04031697922586,45.88088024345647,2102.771470310155,385.3056167400882,0.3840922287552535,0.2672254090881759,C,grading/data_processed/banana/C/Banana_Bad_IMG_20190910_175814__1.jpg,c1030103016dffff,568
32397.0,1869.1210463047028,0.9316239316239316,0.1165305522363061,0.8204056825951531,24.17828733277088,27.759672832285258,94.01289622755212,69.0808349666157,70.82086898879113,47.98792963284135,3234.054910520806,505.96453188388665,0.4323988657560311,0.3389525426691946,C,grading/data_processed/banana/C/Banana_Bad_IMG_20190910__175526.jpg,0703018101c3f1ff,65
30431.5,1730.9230008125303,1.1377777777777778,0.1276373344299543,0.7685207399457037,44.95509615384616,54.46160200194695,58.348814102564106,56.57676735518737,62.47073717948718,37.4253065019412,1736.7084417426213,225.5098562091503,0.569633684468056,0.4556718491153065,C,grading/data_processed/banana/C/Banana_Bad_IMG_20190910_175318__2.jpg,0707030101077fff,13
25099.0,1469.2833921909332,0.6224899598393574,0.1461016576119451,0.7981619283851682,40.94414666355939,56.0892824033006,81.29853181076672,59.64246365640204,53.62615551930397,35.021591561631006,1480.7596335563114,265.39107077661293,0.4804071433049359,0.326256326195779,C,grading/data_processed/banana/C/Banana_Bad_IMG_20190910__175308.jpg,0303030187e3f7f7,125
31563.0,1441.7097977399826,0.9789915966386554,0.1908237558684848,0.7847295600611613,31.22851817334576,35.463130778598625,83.0847468157813,68.01088367725445,69.4793724759242,50.0108828800357,1526.3677287794935,314.46059113300487,0.5196941877523693,0.4158456756407773,C,grading/data_processed/banana/C/Banana_Bad_IMG_20190910_175818__1.jpg,7f03010105c1ffff,34
32012.5,1305.6681674718857,0.859375,0.2359738202090923,0.7978391984846974,26.46050652340752,31.98454295799172,85.27097467382963,62.43197891298909,69.55376822716808,46.269166636891526,1851.4580605234191,416.3326376997717,0.4953982989186714,0.4161946485533326,C,grading/data_processed/banana/C/Banana_Bad_IMG_20190910__175446.jpg,c781010303c3e7f7,486
23805.0,1343.4356336593628,0.75,0.1657464834173931,0.6374176618647245,18.334452817824378,23.38582703385051,76.74582241153342,62.003606920977774,66.65301441677589,41.17535759197228,1238.220433022827,209.2390993128272,0.6485094206657354,0.5007371826863922,C,grading/data_processed/banana/C/Banana_Bad_IMG__7782.JPG,3f7f7f7b31030300,60
26791.0,2085.866213798523,0.871900826446281,0.0773794946670092,0.6331623850825987,42.276925298768816,47.38474519000203,63.72935697006896,62.89087765871608,56.518323284110195,34.931334161849506,2285.866613289618,301.5590909090909,0.5579299858121175,0.4501497546924136,C,grading/data_processed/banana/C/Banana_Bad_IMG_20190910__175320.jpg,0707032313397fff,330
29804.5,1593.4671581983566,1.1130434782608696,0.1475045682037357,0.7468582812323807,40.32027664874787,51.851452701619394,66.34866264586339,59.46796706605921,61.12311524845942,36.52242449675596,1560.618954286341,193.61986359761295,0.5953598149173227,0.4797307937670955,C,grading/data_processed/banana/C/Banana_Bad_IMG_20190910__175334.jpg,0f070301017f7fff,118
30413.5,1429.9524385929108,0.80859375,0.1869102336731499,0.7532941992371328,22.65644132242057,26.507342406142698,91.33037958368242,66.28514335814535,67.8696913063092,46.6780836715878,2949.804789502667,473.7589312803399,0.4878823548860305,0.4085985187011605,C,grading/data_processed/banana/C/Banana_Bad_IMG_20190910__175452.jpg,c783010303c7f3fb,133
24107.0,1286.3818100690842,0.75,0.1830683432313664,0.7172140902058789,49.90805295760962,38.59392438144325,54.0440503664116,57.34186498772386,67.57577229847362,42.921423918661624,866.0236350629065,234.7202634162304,0.6241537157215133,0.4945570957047701,C,grading/data_processed/banana/C/Banana_Bad_IMG__7769.JPG,3f3f0f2707070703,219
23975.0,1568.8326017856598,0.75,0.1224095406669352,0.6068544814842939,22.82689347914135,36.20515893522545,69.44151478331308,56.736260381662014,67.21227217496963,42.502840770153526,1148.8210724290047,256.10340314136124,0.6581690202357878,0.4964494519445906,C,grading/data_processed/banana/C/Banana_Bad_IMG__7741.JPG,0f1f3f3f37010400,212
25666.0,1104.4995621442797,0.75,0.26438508903144,0.6709188341393282,16.608816900332354,22.532256305318835,82.32387210146311,53.95175977757114,70.89731443633724,43.83301356214066,1670.795153770182,264.8488424410995,0.6193866053358278,0.4675711478633914,C,grading/data_processed/banana/C/Banana_Bad_IMG__7999.JPG,ff7f3f0f0f0c0000,569
26252.5,1415.0407507419586,1.0256410256410255,0.1647565302595655,0.8577566490230674,61.32102854165891,65.61924767487942,80.13865217876679,63.59411346299993,54.784951438246566,34.41471452710163,2002.960255965812,255.02605334364128,0.4304080709581653,0.3073481640231622,C,grading/data_processed/banana/C/Banana_Bad_IMG_20190910__175644.jpg,0f07030503c1ffff,86
26237.0,1367.7686730623243,0.957345971563981,0.1762376666367726,0.8660790915692876,73.9234496124031,69.55037437238767,79.04830053667263,62.512913812708085,54.289542337507456,32.5935580261711,1551.582810688777,237.0386220555988,0.4782234462477409,0.3678415551669657,C,grading/data_processed/banana/C/Banana_Bad_IMG_20190910__175650.jpg,0f07030307c3f1ff,177
23706.5,962.9087227582932,0.7466666666666667,0.3212972898010607,0.8382779349363508,15.705992043759323,22.988744835056146,113.89801922758164,63.083366979836114,64.02316426321896,37.967260213693045,1199.1010665819826,244.00886227544905,0.5022316269028456,0.3576180493586439,C,grading/data_processed/banana/C/Banana_Bad_IMG__8116.JPG,dfcf07070303070f,87
34245.0,1774.7047449350357,1.161904761904762,0.1366327513254762,0.7906584780199483,52.124257651895846,65.85888242799045,85.56504111466423,58.7747250335862,71.85589881224303,44.94555476252106,1054.7156799883576,250.2943758573388,0.4371131228078447,0.3129587454718948,C,grading/data_processed/banana/C/Banana_Bad_IMG_20190910__175810.jpg,67e1030103c3f1ff,462
32599.0,1413.2245168685913,0.97119341563786,0.2051123525782267,0.8008991966194138,29.891157077048145,33.53938341339155,89.12760063830427,66.7052084781998,70.53397765935026,47.72450298257667,1819.5969966251791,359.8164784169512,0.5001591770416418,0.4153911337147504,C,grading/data_processed/banana/C/Banana_Bad_IMG_20190910__175838.jpg,47c101030383f7ff,190
32470.0,1369.1168724298475,1.1327433628318584,0.2176762803093148,0.8319774517968099,38.516943260481845,52.59539225557446,68.07971343067017,58.35945947792355,66.49324385598985,40.15927704056011,1635.2566611966415,216.43753253513793,0.5515314753429601,0.4270188916162767,C,grading/data_processed/banana/C/Banana_Bad_IMG_20190910_175310__1.jpg,0f070103030fffff,261
28722.5,1098.9087227582932,1.050251256281407,0.2988882627593354,0.8918369247966218,40.103812979189485,43.20692594152979,60.679285323110626,56.9747027003356,57.76266429353779,34.011071055573616,843.7493148329168,161.34388287591804,0.4799691019601267,0.2968081178607253,C,grading/data_processed/banana/C/Banana_Bad_IMG_20190923__184104.jpg,df87c70707030303,21
21184.0,954.4406861066818,1.864,0.2922267333001789,0.8407850608243536,39.71653944020356,43.91269503723838,58.1853342586167,65.3171899419951,57.46782327087671,34.85438156762387,1396.196720101678,166.47200000000004,0.5642291602776326,0.2577695984284406,C,grading/data_processed/banana/C/Banana_Bad__IMG20200729190523.jpg,ffefc2809030e0e0,537
26464.5,1346.673220038414,1.443181818181818,0.1833787928657137,0.7563122472600489,42.54873993052989,38.72290282842952,60.62877836080112,59.14202191727785,55.30197324661888,36.21465183951223,1328.0513224901065,202.26500179662236,0.5711360557765799,0.3910991328427927,C,grading/data_processed/banana/C/Banana_Bad_IMG_20190923__184110.jpg,ffc7870f0f0f0300,162
31587.0,1397.8275520801544,0.922077922077922,0.2031472985864603,0.916574778016366,41.18250419228619,31.975682498616575,73.70716104589778,76.9502157882105,68.2281535308366,47.07478742733496,3890.76759362047,493.4062321326473,0.4422961438269105,0.3404434888361967,C,grading/data_processed/banana/C/Banana_Bad_IMG_20190910__175637.jpg,01010303070f3fff,13
26134.5,1565.04075217247,1.2737430167597763,0.1340827036196811,0.7600331530273948,35.77346254193068,44.09946450340063,59.27301528140141,67.4111580173157,55.01222512113306,35.25355787584689,1622.019047542954,279.1316171584673,0.4848269788499756,0.3388303594905742,C,grading/data_processed/banana/C/Banana_Bad_IMG_20190910__175151.jpg,fffbf30303030301,23
28009.5,1319.2173780202866,1.1182266009852218,0.2022471884859855,0.737489961689859,40.72143931181593,46.56623308694952,70.54554673567158,64.99397244100606,59.55603734657482,39.7163137848999,1313.8973982690309,303.31751602075065,0.5062415037541097,0.3770557074539657,C,grading/data_processed/banana/C/Banana_Bad_IMG_20190910__175145.jpg,ffe3070707070701,23
11937.5,948.1391705274582,0.6101694915254238,0.1668703091959205,0.7307704080071011,22.326834398511448,39.90824723635904,114.6705768141736,65.76213014653584,38.51152819351185,31.631786322188212,2092.30838511847,333.31522255662924,0.5173255534827397,0.3441006151779464,C,grading/data_processed/banana/C/Banana_Bad_IMG__7732.JPG,0f1f2763e3c30313,206
22779.0,1359.8275492191317,0.8223350253807107,0.1548020999360857,0.8640846673241788,39.12757219251337,49.37388410098313,72.94459893048128,72.64584232189225,51.76350802139037,37.65290661233052,2221.2334474385984,437.0533783144686,0.3771156161996909,0.2619271374419247,C,grading/data_processed/banana/C/Banana_Bad_IMG_20190910__175409.jpg,03030301c1f5ffff,326
22111.0,961.754394173622,0.9558011049723756,0.3003930566883754,0.8480582989740147,22.77067068843151,32.25289747126357,96.44339957416608,64.85035449737946,60.73354329311569,38.584806309870885,1640.2832765544877,295.17107799049217,0.4632082508802128,0.2700031520428205,C,grading/data_processed/banana/C/Banana_Bad_IMG__7915.JPG,fff3e18901018183,456
19235.5,839.77163875103,0.9606741573033708,0.3427606336903256,0.7872754062129088,64.74714518760196,61.37135987755548,79.65767740619903,65.4637507815109,55.09629893964111,38.67926442022998,2215.762779464456,191.59348975545277,0.5714861584901096,0.3542255400512356,C,grading/data_processed/banana/C/Banana_Bad_IMG__7901.JPG,0e07030303137fff,107
30418.0,1314.4894556999209,1.2537313432835822,0.2212209770628559,0.7326990244489944,95.61061119174327,69.60978432768827,72.19390420899855,53.36356069147249,62.29501693275278,37.883935874282415,1154.6366420910265,193.1793423321639,0.5290240843962798,0.3875153439312656,C,grading/data_processed/banana/C/Banana_Bad_IMG_20190910__175435.jpg,030303030371ffff,41
23967.5,1046.4234410524368,1.0108108108108107,0.2750538197675249,0.8383762417797678,21.721067277786872,32.402430947201395,101.82509412342444,62.878823606902934,65.71451956130299,40.97627088045558,1531.3363520251196,320.41644870677135,0.4550566335101301,0.2838582003185793,C,grading/data_processed/banana/C/Banana_Bad_IMG__7929.JPG,fffbe988040181c1,15
31938.0,1558.2539545297625,0.8828125,0.1652879164414026,0.7093077486841228,42.6966622735771,26.96236794400779,64.53933858460783,83.34745639623588,71.82042480154473,51.57090978135209,2879.953532629187,461.93619791666674,0.4971507249999661,0.4314031197975678,C,grading/data_processed/banana/C/Banana_Bad_IMG_20190910__175347.jpg,0f07030121393f7f,182
29910.0,1206.3128306865692,0.80078125,0.2582892806816739,0.8024898380800344,21.21559090311555,24.43184269919569,94.06227816484817,66.49165782834932,67.06980412777705,46.78427333093867,2911.3948763524313,462.0449601715686,0.4927216754081586,0.4147242511024469,C,grading/data_processed/banana/C/Banana_Bad_IMG_20190910_175453__1.jpg,c7c3010303c3e3fb,133
30051.5,1453.560523271561,1.0897435897435896,0.1787350718310684,0.7383116723583029,32.9971667697919,44.36371722972066,61.311134269059174,59.82921150977129,62.192789917608366,38.529806923321615,1397.8847509548425,260.29877515310585,0.5937997468084033,0.4829617763066588,C,grading/data_processed/banana/C/Banana_Bad_IMG_20190910_175202__1.jpg,ffef8f0f0f070300,55
17801.0,1069.5533839464188,1.2075471698113207,0.1955461780022374,0.6793237673637612,17.877276456111566,22.571931151970436,92.5327864369702,68.08424288165786,51.36395952966913,32.810274747872455,1067.6366450460966,162.2563798610425,0.6169896417147076,0.4001515151754068,C,grading/data_processed/banana/C/Banana_Bad_IMG__7861.JPG,ffff0303070f0e00,319
30246.0,2011.037786245346,0.875,0.0939804132156885,0.7482096253509629,24.07183030692592,27.139434074168015,100.5214526755584,71.24577158566328,65.22712518078097,42.3695926922351,2695.501414043258,495.3032686378925,0.5032115566677997,0.4463010032352039,C,grading/data_processed/banana/C/Banana_Bad_IMG_20190910__175541.jpg,0381818181cfdfef,371
17408.0,745.8477593660355,1.8285714285714283,0.3932406119555243,0.9306353746224372,18.027147282455648,14.521538233125458,86.67012109264996,68.53322454660385,49.85846240495635,31.644814313541243,745.9969802074476,121.24233358264776,0.4490092261852186,0.1246376299783252,C,grading/data_processed/banana/C/Banana_Bad_IMG__7849.JPG,ffc3010707070706,188
18732.5,734.1980454921722,1.1666666666666667,0.4366959429726419,0.8975587551807576,18.38191455862286,25.510044090909428,97.37514432665056,63.9255712859579,51.07200587803086,31.681638375188417,1205.9383399560998,139.64954022988505,0.5316052754817504,0.2720534540656065,C,grading/data_processed/banana/C/Banana_Bad_IMG__7691.JPG,ff87038180c1c387,31
25056.5,1146.624451637268,1.0052083333333333,0.2394902697471112,0.7913870157762583,76.06181093126906,35.31342150742534,222.50656814449917,48.143738002133134,74.96207678473688,55.99557331400384,501.75634299979345,192.3495822482639,0.6427364856458384,0.3050098513265093,C,grading/data_processed/banana/C/Banana_Bad__IMG20200729190331.jpg,0707070f0f0f0705,299
31904.0,2191.1698157787323,0.9316239316239316,0.0835031631694182,0.8016583956278661,24.273239522417153,27.483471113773927,95.7108918128655,68.48743717260456,68.60873538011695,43.828623940521645,3350.831193039227,508.1885659143723,0.4341524346646513,0.3448155914923718,C,grading/data_processed/banana/C/Banana_Bad_IMG_20190910_175530__1.jpg,0303018101c3f1ff,65
28204.0,1054.984842658043,0.66015625,0.3184403774323844,0.836913946587537,50.19815957335564,40.05578322236544,71.03342744605946,76.8114749368276,61.1293527135836,43.81161007925202,1992.7387715736977,453.6471586681548,0.4356280307046223,0.3357993281661813,C,grading/data_processed/banana/C/Banana_Bad_IMG_20190910__175757.jpg,0101010303637fff,13
29760.0,1551.4255279302597,1.1179039301310043,0.155374922263528,0.748359192295119,43.80976154503055,55.04001940186073,66.95707153649083,60.16584867509312,61.08063456611706,36.52099208460432,1500.997429066443,188.40789451151645,0.5939172808772241,0.4785772870604465,C,grading/data_processed/banana/C/Banana_Bad_IMG_20190910_175334__1.jpg,0f070301017f7fff,118
28519.5,1147.1097320318222,0.66015625,0.272359070052931,0.8403040704783512,51.3676652892562,40.24796396374832,70.19211432506887,76.04689840732901,61.70123966942149,43.972335074529774,1877.9633558414955,461.16975911458337,0.4253248781902098,0.3258826500342832,C,grading/data_processed/banana/C/Banana_Bad_IMG_20190910__175756.jpg,0101010303637fff,13
23180.5,1030.5655754804611,1.23121387283237,0.2742719540195746,0.7494867193688669,83.63902872371928,32.3496844945147,178.60789373492958,78.79964149947484,62.98680147214349,37.020512903699725,226.82358378132855,111.35189224561024,0.6532245232476872,0.3542075891265077,C,grading/data_processed/banana/C/Banana_Bad__IMG20200729190318.jpg,fff9999809010303,521
27711.5,1470.7564816474917,0.776,0.1609860914727716,0.7006611800103665,47.930228458609506,35.67833548495513,64.42895924411225,83.75441647697961,62.82308560146664,47.20829431234382,2358.4092361968324,425.2388393782384,0.4906071490780889,0.4118783933326101,C,grading/data_processed/banana/C/Banana_Bad_IMG_20190910_175349__1.jpg,07070301217b7dff,118
34145.5,1807.741322517395,1.1082251082251082,0.1313018271295027,0.8209236909169592,39.686882570225926,44.77810757745196,86.7270566675257,64.41212825429263,73.97984136528935,49.44711348495316,2995.932938311505,503.2281130634072,0.4810717624545491,0.402235169780392,C,grading/data_processed/banana/C/Banana_Bad_IMG_20190910_175518__1.jpg,c78703010103cfff,231
18068.5,1242.3300758600235,1.0847457627118644,0.1471153419289993,0.6425840638725394,21.96303658733143,36.960504598649386,96.22204910546392,62.83399268048172,49.52629882340299,30.202625566848525,1246.289225615422,166.9057591623037,0.6189374656356397,0.4450820554098744,C,grading/data_processed/banana/C/Banana_Bad_IMG__8038.JPG,fff3e3e7c7040040,442
18753.0,769.4112488031387,1.174496644295302,0.3980737635534867,0.9017599538372764,17.22892765467023,22.500863000722813,98.22410812509824,64.96263801495003,51.25119178584525,31.853958269178968,1293.526025300938,146.45865154670986,0.5319864768318031,0.2655694414444171,C,grading/data_processed/banana/C/Banana_Bad_IMG__7690.JPG,ff878381c0c1c383,31
17472.5,706.6345564126968,1.864077669902913,0.4397189370829232,0.943057617055728,17.95714205470988,15.823466347621665,91.42532157501545,66.3982533617269,49.27416727517834,30.798693164151405,670.0943811357716,102.07695826767652,0.4478349594116032,0.1099587414224462,C,grading/data_processed/banana/C/Banana_Bad_IMG__7848.JPG,ffc3010707070707,87
29764.0,1882.268234372139,0.765625,0.1055694195798879,0.7869181857839703,23.460456597108653,25.611947630974058,105.10577614966964,71.49130805645206,64.38529469483875,42.10555986953495,2976.1920826191804,554.2296274038463,0.4418121837023596,0.3782581118159194,C,grading/data_processed/banana/C/Banana_Bad_IMG_20190910__175540.jpg,03818181818fdfef,371
17922.5,1008.6833260059356,1.2075471698113207,0.2213598080177485,0.6854121651337552,16.884330794341675,21.396640344299584,95.16735582154516,68.03823463163829,51.825788900979326,33.11461792549492,1113.997216931645,143.33145641937506,0.6180676465769385,0.3971410910519191,C,grading/data_processed/banana/C/Banana_Bad_IMG__7860.JPG,ffff0303070f0e00,319
26851.5,1409.8691790103912,1.1216931216931216,0.1697542993742735,0.7801019741142633,88.11536641304744,60.55618758606251,70.27576540827842,50.96173328116318,55.26469838727293,33.19916324009124,1256.4535761421566,238.710699867098,0.4420322744507479,0.3089725902347099,C,grading/data_processed/banana/C/Banana_Bad_IMG_20190910__175420.jpg,0303030303f1ffff,86
18405.5,977.3696184158324,0.5707964601769911,0.2421251006422564,0.7031306706396959,59.204838452968325,70.0086941686831,76.41445169505013,64.87165072772208,43.048702848957504,27.53302657112756,1788.0231264848628,130.91306001106196,0.55616878342762,0.3553080839052909,C,grading/data_processed/banana/C/Banana_Bad_IMG_20190910_175326__1.jpg,03070507077affff,192
23717.5,1041.1097325086594,1.0441988950276244,0.2749702829305906,0.8395278043255106,22.508827785817655,34.074279709792364,103.60401075046516,61.64835241452259,65.05871407897457,40.79348019856975,1463.3430664832638,313.15028799811915,0.4637873798554535,0.2831295974400494,C,grading/data_processed/banana/C/Banana_Bad_IMG__7928.JPG,fffbe988040081c1,15
29594.0,1028.38181078434,1.2473684210526317,0.3516452540244495,0.799827029364468,100.6254117177363,63.846259575487686,71.65628638919387,48.20556773490319,59.716106065142895,34.867259792029024,741.6180540261139,168.1508697591436,0.4882277348359647,0.3310458898101171,C,grading/data_processed/banana/C/Banana_Bad_IMG_20190910__175434.jpg,0303030383e1fbff,86
21722.5,932.198045372963,0.9438202247191012,0.3141255731237398,0.8635631795503786,23.678092399403877,33.967623702474945,96.27092083276882,64.79587928532207,59.79076909181231,38.46989803514769,1677.4806902676671,290.43833680952696,0.4512884512933688,0.2507589000206711,C,grading/data_processed/banana/C/Banana_Bad_IMG__7914.JPG,fff3e18901010303,456
17965.0,1406.5483313798904,0.42578125,0.1141110668911315,0.6766988097031792,32.47040799870989,36.71942990837545,80.80943933774122,71.02501445024177,50.41041767456862,31.86999159215419,1494.640268764234,296.90711805555554,0.5278220990363326,0.3250785469067889,C,grading/data_processed/banana/C/Banana_Bad_IMG__7733.JPG,0f1f2363e3430313,206
31803.0,1421.057997226715,0.96875,0.1979038974821473,0.6766955689132401,41.489162941267146,48.84446169194717,70.33143209495915,60.3566638604185,67.49144442731617,45.49009157502233,1330.3109455366662,320.2734691295547,0.5917349180448834,0.486335401509675,C,grading/data_processed/banana/C/Banana_Bad_IMG_20190910__175144.jpg,f7e78f0f0f070301,4
32022.5,1504.3889507055285,0.86328125,0.1778053516369548,0.7016861503401882,79.68525823318961,61.081167394495395,68.35908020670887,57.6117271095512,67.36553221416996,43.86401500790726,1532.918720503965,289.42070312500005,0.5398899677948567,0.4201774953451203,C,grading/data_processed/banana/C/Banana_Bad_IMG_20190910__175622.jpg,0f030301017f7f7f,118
22269.0,1466.1362046003342,0.6307053941908713,0.1301852983456292,0.8111386318933489,43.07069251593747,47.013974472345,104.00349314470353,82.3943256172417,51.82944720985067,38.97619782721138,3254.8815899019573,516.6823115605507,0.4419728789519113,0.3609588388665953,C,grading/data_processed/banana/C/Banana_Bad_IMG_20190910__175636.jpg,c383c181c1c3e3ff,359
26396.5,1352.6732209920883,1.3444444444444446,0.181288570917744,0.7593165245156558,37.21320887506019,45.39389687617807,63.4294921657962,67.80041945925383,55.34551987257843,36.21851497718018,1355.2152298825133,255.1790456431536,0.5167334463273374,0.3782212197601997,C,grading/data_processed/banana/C/Banana_Bad_IMG_20190910__175150.jpg,fff3f30303030301,23
26641.5,1610.1534490585327,1.4628571428571429,0.1291320376417991,0.7518838371010076,40.69179309084262,37.93769459852737,62.56344361177115,60.44269470812202,56.50575763114604,38.64816757619653,961.5083484355072,226.99825210084032,0.5788656128437547,0.3851300471046652,C,grading/data_processed/banana/C/Banana_Bad_IMG_20190923__184111.jpg,ffc783070f0f0300,131
30147.5,1251.6193996667862,1.052132701421801,0.2418335749580132,0.8823572452951679,41.89950174227375,40.97600975606852,54.672322271794705,53.746704754316816,63.426515126844045,43.44303239394048,803.4657054688785,210.07765220561427,0.523176718790369,0.3427550740139172,C,grading/data_processed/banana/C/Banana_Bad_IMG_20190923__184105.jpg,ffcf870707070303,21
33235.0,1417.7686731815338,0.975,0.2077757196047059,0.7862736284274527,31.130409097622213,33.94067871962822,84.62941958351794,66.55809843016841,71.38150937823069,47.87572168408693,1789.7445291355057,369.33385193133057,0.4786710318851313,0.3925832033558098,C,grading/data_processed/banana/C/Banana_Bad_IMG_20190910__175839.jpg,47c101030383f7ff,190
33809.5,2011.020541071892,1.080168776371308,0.1050547271014974,0.8045858023369268,29.57816556100375,36.384837613654966,90.91900778771272,67.31681969065247,74.22561292183444,50.312551026182305,3243.151403539489,526.2787788533135,0.4961287329310059,0.4201750306714732,C,grading/data_processed/banana/C/Banana_Bad_IMG_20190910_175514__1.jpg,c78703000003cfff,231
32173.0,1657.2245168685913,0.96875,0.1472104783096431,0.6715509773839715,104.13397550821963,58.08686701747304,65.64170895499711,37.10305235800533,66.37691816828223,40.429383026616605,5070.5505093483725,176.82045483299598,0.6041889737277871,0.4805416818679487,C,grading/data_processed/banana/C/Banana_Bad_IMG_20190910_175414__1.jpg,03030301397f7fff,463
29400.5,1302.2468163967133,1.2190476190476192,0.2178602369067985,0.8337492555936817,40.22643586151691,40.39172381040193,57.4950637048896,56.255844060643895,59.36732039223534,35.15056653048196,735.4275564886599,158.14502334267038,0.5930376617221321,0.4415482270692267,C,grading/data_processed/banana/C/Banana_Bad_IMG_20190923__184107.jpg,ff9f8f0707070301,248
32035.0,1230.5483312606812,1.155,0.2658503526428318,0.8074659407413008,71.63259168328986,59.856555395405685,70.68427190425042,53.25432674581982,67.7486266687126,45.14261308756792,1678.619084807256,287.9416086956522,0.4617230705856001,0.2931662491986196,C,grading/data_processed/banana/C/Banana_Bad_IMG_20190910__175620.jpg,07070301013fffff,26
28086.0,1315.3178828954697,1.0561224489795915,0.2040038229456652,0.7931209759403592,34.82432950859694,47.84017620189698,88.53883444355317,67.43134736814879,59.29979423150699,38.034185589943526,1570.0305183397868,294.15526550426,0.4077999500427411,0.2888300540441413,C,grading/data_processed/banana/C/Banana_Bad_IMG_20190910_175709__1.jpg,0303010301f9ffff,41
28149.0,1224.4061963558197,1.1336633663366336,0.2359509865475999,0.7376958960113214,40.87176806746115,47.903203627532065,67.97728064673497,62.98084891198543,59.73496410899714,39.73662514045369,1283.9714526564146,288.1791080423832,0.5050974520358162,0.3770544310739265,C,grading/data_processed/banana/C/Banana_Bad_IMG_20190910__175146.jpg,ffe3870707070701,4
26533.5,1271.1341171264648,1.2881355932203389,0.2063581636070601,0.7825952307215857,35.77401859504132,43.66063941218426,61.104080578512395,68.69344496546647,55.74564639905549,36.92419825800702,1392.46172777711,260.01294208417335,0.4764041574674448,0.3256808526570969,C,grading/data_processed/banana/C/Banana_Bad_IMG_20190910__175152.jpg,fffbf30303030301,23
22445.0,1221.5432786941528,0.5137254901960784,0.1890217401083981,0.8519643196052382,27.568680362116993,36.367033021781815,110.87578342618384,80.34128854303316,53.9210045264624,43.11118255045941,3659.0634704814374,580.1020814479638,0.3799821597688695,0.2977568627304287,C,grading/data_processed/banana/C/Banana_Bad_IMG_20190910__175634.jpg,c3c3c1c1c1c1e3f3,359
22755.0,1170.832601070404,1.3058823529411765,0.2085917322462546,0.7960886525443001,21.662842164066863,38.770000201567704,86.93236216750462,63.866356565298325,47.09647200378153,28.814296692492945,923.6334695848004,154.8885813148789,0.5392237440439727,0.3806871608055567,C,grading/data_processed/banana/C/Banana_Bad_IMG_20190910_175158__1.jpg,ff3f0f03010b1f0f,181
13080.0,1196.6904691457748,0.6600985221674877,0.1147767554158345,0.5836940514971664,20.685842333406804,40.24382985002014,128.27823084270076,55.83000751537424,42.32650062449489,32.25685002845668,1730.6813686274977,260.99922219341454,0.6267563693815527,0.4919085808662094,C,grading/data_processed/banana/C/Banana_Bad_IMG__7719.JPG,071f2143c7dfc701,375
23917.0,1054.156415104866,0.53125,0.2704621247441982,0.6948172680262623,21.411482665355297,33.32947521063702,78.62457995246291,62.72526775959576,65.00795016801902,38.41759257762233,995.0697353554432,233.01712962962964,0.5240506401858838,0.2965845316713402,C,grading/data_processed/banana/C/Banana_Bad_IMG__7725.JPG,071f1f1f0f070707,164
12587.5,858.0559101104736,0.6114285714285714,0.2148414988608283,0.7800880019831433,23.76559007168735,38.81793461860436,104.98142295536884,66.83899005411345,40.21120789331689,32.05242094295452,1759.2399907337062,326.58743935309974,0.4840942803552212,0.2997540882500178,C,grading/data_processed/banana/C/Banana_Bad_IMG__7731.JPG,0f1f2763e3030313,206
19176.5,830.2569199800491,0.8936170212765957,0.3495861358835045,0.7736359051941503,60.406935706613474,59.69598203876319,80.28796480998415,68.22047030827342,55.64794639660376,40.471732330703155,2573.1480597411337,219.55427442986377,0.586838452728012,0.3799053214494109,C,grading/data_processed/banana/C/Banana_Bad_IMG__7902.JPG,0c070303033fffff,107
22416.5,972.4823166131972,0.9617486338797814,0.297861411420568,0.8457620404082326,23.060779766332647,32.92065341008829,96.5280707128167,64.76749081843664,61.56867807290071,38.80121186135566,1555.5780642994837,295.72711943793917,0.4668971960256118,0.2806002874967987,C,grading/data_processed/banana/C/Banana_Bad_IMG__7916.JPG,fff3e18901018183,456
28345.5,1240.3889515399933,1.1009615384615383,0.2315145059667309,0.7318556195295758,38.21135875960407,46.972874797139134,65.63258808057036,62.22656794979761,59.9256593064304,39.943475288388385,1348.4543824183113,281.5281713900135,0.5161217327495674,0.3912080759022928,C,grading/data_processed/banana/C/Banana_Bad_IMG_20190910_175146__1.jpg,ffe3870707070701,4
27076.0,1483.2245172262192,0.8862559241706162,0.1546609160760382,0.7979605970853042,41.41828674481515,52.12301054490668,66.68634806131651,71.47018887889935,58.47787195671776,39.01269436852091,1501.8215362683434,329.8314732711615,0.4239568820906708,0.2918424937515156,C,grading/data_processed/banana/C/Banana_Bad_IMG_20190910__175422.jpg,0101010103f9ffff,41
28602.0,955.3279883861542,1.5060240963855422,0.3938231696964875,0.8905702676194479,95.29953853571185,72.39191520327016,91.57693367311798,62.91333072848405,57.37003237137544,33.439365475109845,519.832146125127,132.47261334494604,0.4816644929654167,0.299481986505395,C,grading/data_processed/banana/C/Banana_Bad_IMG_20190910__175436.jpg,0303030303c1ffff,41
28030.0,1383.401143670082,0.7862903225806451,0.1840503726158075,0.7195574323890693,38.22004608294931,31.224560682767947,61.65088674766094,83.8028760746519,63.134478424801,46.75042779772857,2512.7736441723605,438.26411290322585,0.479231710595099,0.4041398792887175,C,grading/data_processed/banana/C/Banana_Bad_IMG_20190910__175350.jpg,0f070301213b7f7f,118
17879.5,1072.2813056707382,1.2,0.1954104409009948,0.6823585535731324,16.339541469258837,17.78948026105171,92.30120350705222,69.20599347950919,51.66525077601699,32.85994572634577,1135.710297440423,161.32742146596863,0.6159907075727175,0.4013298825127974,C,grading/data_processed/banana/C/Banana_Bad_IMG__7862.JPG,fffb0307070f0600,35
32813.5,1713.5504179000854,1.0118577075098814,0.1404328293296337,0.7445176806924796,34.050104259755734,22.551383570466474,46.81185582365207,65.84792910255419,71.23139708072684,48.51924446988442,2409.880428273505,551.2877625358444,0.5559465625557458,0.4765448600948613,C,grading/data_processed/banana/C/Banana_Bad_IMG_20190910__175218.jpg,ffe7c7c707030100,331
29947.0,2045.263181209564,1.1004566210045663,0.0899631774534901,0.7487311548366128,32.49179211004412,35.31112867880761,95.27011419672982,67.5742699299532,64.78049571762263,43.19812517035137,2174.429589144082,524.269710806697,0.4688511511728916,0.4031297339082044,C,grading/data_processed/banana/C/Banana_Bad_IMG_20190910__175556.jpg,e3c18101014373ff,76
18725.0,737.8132692575455,1.152317880794702,0.432253747613497,0.8993108085392503,18.613353629730724,26.673569136411615,97.8085664794499,64.51510419226373,51.22812450789985,31.92267520619217,1262.9351481508347,136.0812310990315,0.5326481690201915,0.2713413613887105,C,grading/data_processed/banana/C/Banana_Bad_IMG__7692.JPG,ff870381c0c18387,31
30459.0,2081.807337284088,0.87890625,0.0883170258088008,0.7527152759758312,24.19634543019325,26.95842037322084,102.03386695580076,72.44081490289317,65.69392180623764,42.56762037516164,2746.4423649929468,508.458984375,0.5029725168216629,0.4442577306067741,C,grading/data_processed/banana/C/Banana_Bad_IMG_20190910__175542.jpg,0381818181cfdfef,371
19336.0,1500.822495341301,0.7312775330396476,0.1078742626608925,0.6724980436483784,65.71818090854512,47.82103916400183,78.8281969181509,64.29987702882816,102.74649789873924,70.7416995701795,6066.040344502872,741.886156721399,0.4932545096535082,0.4572222195068663,C,grading/data_processed/banana/C/Banana_Bad__IMG20200730132828.jpg,fff135d62616c08a,45
23417.5,928.2569212913512,1.170731707317073,0.3415183162994261,0.8035928760166089,70.7419151881213,37.846352799270264,192.08112075835743,68.38849314934616,63.24256532863554,37.181166868392744,439.14579756912815,91.5065125782148,0.6196819079838353,0.2436478479743311,C,grading/data_processed/banana/C/Banana_Bad__IMG20200729190332.jpg,fffd908081030301,337
24813.5,1340.1879394054413,0.65234375,0.1736066993208956,0.6541229503875151,82.12798614664095,32.51775841149289,212.63564091463655,71.73240598053621,68.20843008382856,39.662576856820856,284.917143693176,110.5543580572289,0.6918363654910696,0.3996476507971414,C,grading/data_processed/banana/C/Banana_Bad__IMG20200729190326.jpg,8f819f8383c78303,382
29116.5,979.1442227363586,0.6875,0.3816415940087764,0.8715688328793366,49.11227595536016,39.79349350404641,66.97730808251606,77.9930617375167,62.19614474129185,43.40788386324099,1807.794815077269,406.2871428571429,0.4422581009538197,0.3431924415647087,C,grading/data_processed/banana/C/Banana_Bad_IMG_20190910__175754.jpg,0101010303377f7f,13
27898.0,2201.665205478668,1.4628571428571429,0.0723236566849827,0.6787421689678244,29.38376243113067,42.07067395246799,97.08011365605184,61.415926536503974,59.394331057902214,37.04719836510812,1494.0429393290617,270.52329411764714,0.462044856836536,0.3491973915376724,C,grading/data_processed/banana/C/Banana_Bad_IMG_20190910_175810__1.jpg,73e107010163f9ff,579
25199.5,1370.3544594049454,0.9850746268656716,0.1686304321321138,0.8452520712440882,59.64816250581485,66.7061377991883,83.98329198325322,67.00487845648779,52.761590944332454,32.9047831654876,1919.406567440791,249.55799681794076,0.4615050900658112,0.3487499338225281,C,grading/data_processed/banana/C/Banana_Bad_IMG_20190910_175650__1.jpg,0f0703030781f1ff,177
28438.0,976.3818113803864,0.8714285714285714,0.3748603901465304,0.8434070822705974,36.91051082251082,44.05087997213045,85.10219913419914,71.41511145466194,61.91989610389611,44.90604013391417,1644.8458061539686,353.416823652538,0.3756561993620233,0.2465992592091285,C,grading/data_processed/banana/C/Banana_Bad_IMG_20190910__175741.jpg,0703030301f9ffff,86
28610.0,1169.210237979889,0.66796875,0.2629919787868091,0.8355602283845154,51.92251998764712,40.99595835425497,72.61836461585973,75.92258382656938,62.07796040215489,44.407466587268665,1953.88472199961,470.0360294117646,0.429220542791727,0.3317142010164162,C,grading/data_processed/banana/C/Banana_Bad_IMG_20190910__175755.jpg,0101010303637fff,13
32203.5,1466.295585513115,0.8697478991596639,0.1882217837885289,0.7917368375763685,35.31129921139969,35.805163333049386,77.9357245075054,66.32287482787692,66.97070913132174,41.324839316734504,1837.6578519489472,482.00717957085755,0.3993240477832877,0.3257813096431366,C,grading/data_processed/banana/C/Banana_Bad_IMG_20190910_175845__1.jpg,4f07050101016bff,102
25234.5,3067.0835897922516,0.8170212765957446,0.0337095801408594,0.6037539477461958,47.5452217787484,31.075043075680508,122.5167557798027,73.535598351099,85.95379923186987,60.76898596762552,5819.669543148923,877.8663473320707,0.4307621468563706,0.3913486580272864,C,grading/data_processed/banana/C/Banana_Bad__IMG20200730132829.jpg,ffb1ea77a3289101,603
33644.0,1800.5281196832657,1.103448275862069,0.1304120349354704,0.8103375603646568,27.307138084309,31.08261881715848,89.429534295924,67.41769622132257,73.66662793062375,50.037469924924125,3312.3820065780146,512.4718221771468,0.4919784016919567,0.4133085593397737,C,grading/data_processed/banana/C/Banana_Bad_IMG_20190910_175518__2.jpg,c78703000003cfff,231
30075.0,1498.3717058897018,0.8548387096774194,0.168335755675466,0.6493506493506493,30.18123861566485,35.69978660727473,63.23962399167317,81.65785405662048,66.36813687223523,47.49539928240483,2179.9418302992112,415.672852010396,0.49362842595944,0.412709041054354,C,grading/data_processed/banana/C/Banana_Bad_IMG_20190910_175349__2.jpg,0107070321757dff,372
32741.5,1372.15344953537,0.97119341563786,0.2185259779985369,0.7994896588772495,30.07649388048956,33.92831970121765,87.54460643148548,66.06867188429686,70.78851691864651,47.91678421880488,1811.13549781604,364.3643288678749,0.4964283367359828,0.4133214887317025,C,grading/data_processed/banana/C/Banana_Bad_IMG_20190910_175838__1.jpg,47c101030383f7ff,190
30228.5,2086.049978852272,0.8828125,0.0872925223031022,0.7472960779223989,23.990491181856147,27.055328241528603,99.96479167335924,71.54651067890279,65.27906453789072,42.37373234737481,2715.814259250308,505.1615451388888,0.5075309353087686,0.4506811273191424,C,grading/data_processed/banana/C/Banana_Bad_IMG_20190910__175543.jpg,0381818181cfdfef,371
19120.0,769.4112482070923,1.1241830065359475,0.4058641481861617,0.90695633612409,17.45518092105263,22.71546245778793,96.02862870065788,63.98557843954216,52.16647820723684,32.27163233158982,1284.0709785745944,152.60891335091546,0.5169588720875571,0.2570982854877631,C,grading/data_processed/banana/C/Banana_Bad_IMG__7693.JPG,ff8f038181c18387,31
29635.5,2280.5007696151733,1.090497737556561,0.0716080218510377,0.7354087051466573,31.84403070390331,33.943101291983254,95.4407643312102,68.08786014078088,63.89612934835865,42.05693383028796,2203.1118360930095,532.5117081447966,0.4734715459143048,0.4106772407130693,C,grading/data_processed/banana/C/Banana_Bad_IMG_20190910__175557.jpg,e3c18101014373ff,76
18228.0,1083.6955181360245,1.1925465838509317,0.1950447789622338,0.6712575952863192,14.4913180531068,15.719549236476556,88.39391996580649,61.36617799648358,52.07196666132393,32.45720594102095,923.092501940952,150.78160059835454,0.6148919892029968,0.3942998906568905,C,grading/data_processed/banana/C/Banana_Bad_IMG__7863.JPG,ff4303070f0f0f00,131
32410.5,1611.4671581983566,1.003921568627451,0.1568384989041073,0.7236021031245465,35.73199891314192,24.95771139063955,46.006581529450834,65.92450997743923,70.58174078434925,48.560159651297965,2316.3275410815177,522.8913033448672,0.570063842956341,0.4879105499123735,C,grading/data_processed/banana/C/Banana_Bad_IMG_20190910__175219.jpg,ffe7e7c707030100,331
21098.0,1289.4356342554092,0.51171875,0.1594600206522622,0.6919645785503443,20.751176090766535,30.87222985007613,73.1284936813947,64.87098234895143,58.45747624757864,34.94131842776084,643.706453541096,216.69753605769233,0.5779881900313076,0.3497100312522875,C,grading/data_processed/banana/C/Banana_Bad_IMG__7877.JPG,071f1f3731230303,487
28373.5,1518.4722100496292,1.102803738317757,0.1546354558481003,0.636105817733438,44.19529152612377,45.35018435044432,48.12328767123287,53.21365101635206,57.82219315756866,34.37535381263207,1283.264257814573,183.3865579638099,0.5711806012949475,0.4216673618761619,C,grading/data_processed/banana/C/Banana_Bad_IMG_20190923_184142__1.jpg,ff43071f0f0f0701,22
18343.0,987.1269773244858,0.5752212389380531,0.2365561199417968,0.7006894971064042,56.52266922094508,69.03246005955526,75.76410174542359,64.67448260846109,42.86068539804172,27.274058546586172,1835.0484619265592,131.59391507168826,0.5570332075651702,0.3620469723483291,C,grading/data_processed/banana/C/Banana_Bad_IMG_20190910_175326__2.jpg,03070507077affff,192
28232.5,1383.6437829732895,0.765625,0.1853150148463833,0.7028867339698505,40.53626152672814,30.643992451997256,62.34573251057339,84.02215353220537,63.370241974623866,46.6643496394496,2308.700515967913,413.0364783653846,0.4965903575335601,0.4217943266593854,C,grading/data_processed/banana/C/Banana_Bad_IMG_20190910__175351.jpg,07070301213b7f7f,118
33510.0,1325.5188937187197,1.0848214285714286,0.2396693217834621,0.777882238239493,96.57894736842104,58.059960130561485,69.0185016859698,44.05460730423884,67.38223134437766,39.29836670065593,1411.0743128471345,173.47022579693035,0.5180397778156326,0.3744412380913027,C,grading/data_processed/banana/C/Banana_Bad_IMG_20190910__175423.jpg,070303070361ffff,86
22645.0,978.8670918941498,0.9619565217391304,0.2969851487680683,0.8534172492415535,22.80266008144875,32.35213449509797,95.32657482020622,64.81852997578319,62.09085001299714,39.17991228563494,1565.0716402912642,310.6129570158103,0.4657016759427441,0.2814051731997912,C,grading/data_processed/banana/C/Banana_Bad_IMG__7917.JPG,fff3e18901818183,456
19284.0,1359.778779387474,0.421875,0.1310600919120754,0.7386524686865592,30.097166398713828,36.500046855137775,80.46669011254019,70.74019818210651,53.54622186495177,33.156628469269585,1404.5633321573707,306.7424065420561,0.4955465931368234,0.2720083259845245,C,grading/data_processed/banana/C/Banana_Bad_IMG__7730.JPG,0f1f074363830313,206
21077.0,1353.0924867391586,0.5078125,0.1446650743010263,0.6768138978533468,22.644246726903926,34.759905699750206,77.41559100129079,59.88865461697537,58.20099575880509,34.36238824249573,1255.4604409519172,250.3641593992249,0.5654003016524992,0.3405936100311161,C,grading/data_processed/banana/C/Banana_Bad_IMG__7724.JPG,030f1f2767670303,251
14183.0,1194.5483301877975,0.6699507389162561,0.1249023230389454,0.625214899713467,20.736595310907237,39.218783980159586,122.75256540944616,58.612703433490395,48.51063540604825,37.23125797692399,1821.722946192623,261.6193030468893,0.595211498727936,0.4584886254106437,C,grading/data_processed/banana/C/Banana_Bad_IMG__7718.JPG,071f2143c7df4701,375
22185.5,1357.6092933416369,0.640495867768595,0.1512618753635027,0.810370018628776,29.269401379068032,40.879294994842915,97.64302340902104,82.25150751015107,51.237735517589705,38.641327444093015,2874.765700909332,483.37541590640774,0.4577719911381767,0.3812852468493038,C,grading/data_processed/banana/C/Banana_Bad_IMG_20190910__175635.jpg,83838381c1c3e3ff,359
33348.5,1582.4965958595276,1.3264248704663213,0.1673403216452245,0.7876079024125268,73.03644747275985,63.53904738591756,71.03025052130752,57.901081117974776,72.01762166289758,49.06759312147011,1550.446562610571,335.4239764299502,0.4475529003013979,0.30722218593585,C,grading/data_processed/banana/C/Banana_Bad_IMG_20190910__175621.jpg,0f0703030d00ffff,345
28391.5,1346.4722108840942,1.0857142857142856,0.1967901753801976,0.7294741845556969,38.02239011936797,47.41902730532901,67.6961981646312,65.35803888145723,59.19402470158008,37.786816079635464,1221.6281537137015,270.5016362492133,0.5182966619155459,0.3910874139172432,C,grading/data_processed/banana/C/Banana_Bad_IMG_20190910__175147.jpg,fff3c70707070701,23
29944.5,1222.849846959114,1.1414634146341462,0.2516405714621469,0.8850416740556837,39.986915887850465,39.63161476210728,55.97088047220856,55.83781768343497,60.66289555664863,36.39341994723459,606.7351698908996,168.90329739348897,0.5546642762598246,0.3620235881497107,C,grading/data_processed/banana/C/Banana_Bad_IMG_20190923__184106.jpg,ffcf870707070301,248
25047.5,1590.6976050138474,1.5120481927710845,0.1243938744720045,0.7025552563671043,43.23898272180159,41.56779964165756,61.279790331974375,58.19298983922715,54.42286934575811,39.32820919438628,1432.2992030630614,212.64016867469883,0.5562082970807514,0.378057144528389,C,grading/data_processed/banana/C/Banana_Bad_IMG_20190923__184112.jpg,fff783070f0f0300,162
32663.5,2135.304811477661,1.094017094017094,0.0900228640290168,0.7875277268781946,24.881901018402715,28.829192082072243,94.96632124352332,67.90821457126509,71.75406467750581,48.3257734236377,3347.470910979603,508.32662979721806,0.5056704832712999,0.4304348335385436,C,grading/data_processed/banana/C/Banana_Bad_IMG_20190910_175514__2.jpg,c78703000003cfff,231
34703.0,1562.1706941127777,0.984375,0.1786980904316755,0.7064080120506453,77.31044320781899,62.09851841058522,65.65811700234457,55.83855593562713,73.56583147368718,48.459652531750216,1608.8055985984886,301.88209661354585,0.5630158516423408,0.4486801131215923,C,grading/data_processed/banana/C/Banana_Bad_IMG_20190910_175621__1.jpg,07030301007fffff,26
33047.5,1330.1879397630692,1.0364372469635628,0.2347050657953977,0.7939911585219355,30.18220464950354,23.755704574744215,68.03213627445152,73.1380917062377,69.26211427552172,45.33135495471963,1942.1628254218576,299.93374613003095,0.5609493076002265,0.4668070557792703,C,grading/data_processed/banana/C/Banana_Bad_IMG_20190910__175802.jpg,3f700001030f7fff,336
30949.0,1220.2640597820282,1.094017094017094,0.2611853686282582,0.7171424599128742,35.33554511397549,45.82530753672782,71.40313670709251,60.28455682255627,65.19404406628992,43.666048505348506,1296.8244756578365,287.7530584883527,0.5825384086321426,0.4724284482420168,C,grading/data_processed/banana/C/Banana_Bad_IMG_20190910__175143.jpg,f7e78f0f0f070100,162
24421.0,1527.7686737775805,0.6929460580912863,0.1314795188504821,0.7495587851629042,85.49892413133567,57.77643491718662,69.17544628626077,44.80756880735571,52.06542875358623,31.86518921878699,1495.1999928406906,209.5305454181873,0.4814381945280055,0.3701263565313959,C,grading/data_processed/banana/C/Banana_Bad_IMG_20190910__175631.jpg,010181c1e1f3fb3f,189
22301.0,1408.856986641884,1.5337837837837838,0.1411888437611781,0.7886482185483158,35.9839033327517,46.34986733045031,66.0860233816088,71.82909189102502,48.30653463618915,32.25679371476541,1611.613761037722,245.9686378856733,0.4663086211910889,0.3129452694271668,C,grading/data_processed/banana/C/Banana_Bad_IMG_20190910__175157.jpg,ff3f0b01011f1f0f,181
29488.5,1539.52603328228,0.9557522123893806,0.1563466108349728,0.7366140011240867,69.92313556513092,59.04100381065654,63.12323500165728,66.39870177463366,60.81455087835598,36.76580578536077,1449.839425801941,272.4628524387735,0.4902403527567036,0.3776217225761235,C,grading/data_processed/banana/C/Banana_Bad_IMG_20190910_175707__1.jpg,0303030303777fff,13
20893.5,1694.0701907873154,0.51953125,0.0914867627266455,0.6449805519540656,23.582332840783156,36.06170649472241,80.87481529368304,60.67975507257565,61.13012560029553,42.46476913140515,1792.4136665530132,371.159031723485,0.556316938663474,0.3521943848903706,C,grading/data_processed/banana/C/Banana_Bad_IMG__7720.JPG,071f3f2367674301,334
30340.5,1395.124014377594,0.80859375,0.1958876106302793,0.7668035635306755,21.44767967942089,23.659406008544263,91.78212254395036,66.42190801199588,67.63285289555326,46.56833410725579,2937.250280030419,472.0572853458737,0.4899440849993266,0.4103026085407503,C,grading/data_processed/banana/C/Banana_Bad_IMG_20190910_175451__2.jpg,c783010303c7f3fb,133
21931.0,642.4751762151718,1.1144578313253013,0.6676603635206351,0.9269034889372584,19.232461863834764,30.05878467306727,89.35782747603834,57.58775775085921,58.48787292444764,33.97761549809615,937.0302588653786,112.37031822943952,0.544550730342418,0.2755353411917866,C,grading/data_processed/banana/C/Banana_Bad_IMG__7708.JPG,ff830101030707df,111
31572.5,1753.8103040456772,1.3617021276595744,0.1289892748592087,0.6981591022168169,79.06038878758847,73.64107048878716,73.23429242513213,56.80703679802144,71.66402942176344,53.92309446167226,2155.5045225036365,345.3774301209846,0.4697972875966893,0.3264262388234724,C,grading/data_processed/banana/C/Banana_Bad_IMG_20190910__175427.jpg,03030303e350ffff,580
29836.0,1132.8082166910172,0.9299065420560748,0.2921713865513129,0.9009134143579678,41.483934750370736,56.668429818991854,64.9304003954523,58.25524967363172,60.25595650024716,35.26812721182647,1398.9570046703684,219.5190219956575,0.4521396343475958,0.2872793695721982,C,grading/data_processed/banana/C/Banana_Bad_IMG_20190910__175341.jpg,07010303070fffff,412
29046.5,1682.981877326965,0.9107142857142856,0.1288679126621708,0.6962498651677314,77.72774869109948,68.04465909143667,76.57897033158814,60.53247780603922,63.55114780507451,42.71946056234616,1920.08607376008,391.59891801548207,0.4504085375911689,0.3438687677875567,C,grading/data_processed/banana/C/Banana_Bad_IMG_20190910__175433.jpg,0101010161f9ffff,64
20217.5,878.3990558385849,0.9153439153439152,0.3292710853573911,0.762363543807387,45.46710973125061,51.89811779682268,87.54196177355196,71.00974424798211,57.89332492480838,41.2644242997858,2628.304781108315,209.21600836717113,0.5721281233649173,0.3687432173186875,C,grading/data_processed/banana/C/Banana_Bad_IMG__7907.JPG,07030303033b7fff,107
27944.0,1977.9494726657867,1.0833333333333333,0.089756942491458,0.7384973175823886,32.28434471499531,36.737770383709766,95.1837854736184,69.09078907785577,61.58327833547536,42.50781122839789,2651.718147801915,505.565867906533,0.4811478244530389,0.4178021994415312,C,grading/data_processed/banana/C/Banana_Bad_IMG_20190910__175553.jpg,e3c18101014373ff,76
21416.5,698.7178163528442,0.6188118811881188,0.5512577738400631,0.9562218154217084,16.39814133235186,23.602403455632597,96.85043246227455,63.536886873344464,57.69704637467795,35.282960279525554,1346.1341485564162,161.79124081763015,0.4751291300247252,0.139812639111956,C,grading/data_processed/banana/C/Banana_Bad_IMG__7697.JPG,ff070303030303f7,258
32468.0,1601.2245173454285,1.0118577075098814,0.1591332523153097,0.7257040679481448,35.40532312515071,24.38262078128919,45.87322160598023,66.6586828304283,70.56290692066554,48.4204295805108,2432.0560461803957,525.8099356738744,0.5655102190696597,0.4832730216702781,C,grading/data_processed/banana/C/Banana_Bad_IMG_20190910__175221.jpg,fff7e7c707030100,72
27796.5,2026.476383447647,1.0930232558139534,0.0850583366103105,0.7374739662788692,25.012944419245663,28.267471329591828,104.13680611283624,71.42901269672161,61.97268064617425,43.669283272773455,2885.0608887516314,526.5765454184061,0.4842162081880694,0.4193458074830591,C,grading/data_processed/banana/C/Banana_Bad_IMG_20190910__175547.jpg,e3c18101014373ff,76
14829.0,863.3868629932404,1.7142857142857142,0.2499832192940659,0.7790795418724388,89.25899894902786,50.56402563935134,83.48857067787704,71.70372972330956,46.03593011035208,31.46181796458596,678.828030123462,117.0567501869858,0.5922332762656508,0.2922127635336075,C,grading/data_processed/banana/C/Banana_Bad_IMG__7867.JPG,7fe1800f0f0f0704,483
17953.5,1440.8986159563065,0.9746192893401016,0.1086656148479424,0.57072240324247,23.0136101995804,44.27546776017879,109.18075205766851,62.54379440327753,53.105761471838186,37.08410204094843,2119.0853602979396,226.3633826773327,0.6641708669542022,0.5019612141574997,C,grading/data_processed/banana/C/Banana_Bad_IMG__8017.JPG,ffe7e7cfdf180000,243
26634.0,1012.4995608329772,0.6475409836065574,0.3264799929627833,0.865625558607017,45.626222369829144,39.308813406273934,72.6727554522307,76.74347059395234,57.441270895605,41.27862004218191,1872.3075245385064,429.0718387804113,0.4138877339731797,0.295766638711397,C,grading/data_processed/banana/C/Banana_Bad_IMG_20190910__175751.jpg,0103031313037fff,13
21305.5,3215.4511218070984,1.3333333333333333,0.0258951106003062,0.5540804119421616,76.74678300722722,63.74588224247506,72.25176273576591,66.46741376965295,95.46787414066632,72.72800770727814,14144.86219711726,1008.436825980392,0.5563008456470158,0.5218639988820792,C,grading/data_processed/banana/C/Banana_Bad__IMG20200730132839.jpg,df237b0160f9acf8,498
19022.0,3368.7475830316544,1.3229166666666667,0.0210634302774897,0.4828102592738302,29.297094017094015,26.333682732502684,112.98813186813187,74.25027542070758,82.52927960927961,61.42984411766855,11960.199106590057,953.1430953557316,0.5876609032226213,0.5623179919459644,C,grading/data_processed/banana/C/Banana_Bad__IMG20200730132838.jpg,0fe181df6713c1d9,264
26860.5,1039.5117535591123,0.61328125,0.312367001241548,0.8583411890648218,52.9379138769985,45.453724921902264,70.26085683971756,74.25622419990731,57.63403212234296,40.682020913058814,1714.524452021593,399.359124599359,0.4355860783282739,0.3193819023343952,C,grading/data_processed/banana/C/Banana_Bad_IMG_20190910__175750.jpg,0103030313077fff,13
33249.5,1404.1290640830994,0.9296875,0.2119243818457777,0.8618995774684397,29.913763580538497,24.730053622655053,60.4413970240907,69.12525036728952,71.64814596126594,49.60256863007694,2617.112363558723,370.295292721519,0.5403222040376892,0.4427987232755561,C,grading/data_processed/banana/C/Banana_Bad_IMG_20190910_175723__1.jpg,0f030103071f3f7f,261
18139.5,892.4579309225082,1.2467532467532467,0.2861934363871837,0.6950665772583581,16.013855941341383,25.81546196157826,94.7710804399396,64.5337485485106,50.52447703256416,30.64676441394679,531.4034246788311,116.06078738015914,0.6027585860251222,0.3726185452977726,C,grading/data_processed/banana/C/Banana_Bad_IMG__7866.JPG,ff0303070f0f0f07,131
26424.0,1267.6122587919235,0.75,0.2066500733171315,0.6643368950345695,19.821819931882125,28.085794272163454,71.58847919443211,67.42111886068005,73.27335998815342,44.27338299138455,891.5029190364812,220.5974108311518,0.5925888732157928,0.4494898775156216,C,grading/data_processed/banana/C/Banana_Bad_IMG__7872.JPG,0f3f0f07270f0600,557
27101.5,1427.099627137184,1.3457446808510638,0.1672224597327494,0.7722215098801841,26.52706162333682,24.76534153087444,54.9975119893268,80.95284357442203,56.82757004290917,35.89246803840867,2124.58391612023,315.5858029381966,0.4955749688984446,0.4128406152127433,C,grading/data_processed/banana/C/Banana_Bad_IMG_20190910__175208.jpg,fff3e38303070301,72
31973.0,1560.1706955432892,1.0118577075098814,0.165062728209494,0.7299605031848588,37.83553719008265,25.137173312325075,47.886531986531985,66.49860505498698,70.09543924089378,48.64400406346859,2489.317139020632,526.9790436332637,0.572367873458882,0.4912376067066384,C,grading/data_processed/banana/C/Banana_Bad_IMG_20190910__175220.jpg,ffe7e7c707030100,331
27569.0,2226.4002633094788,1.0688073394495412,0.0698915042975053,0.7280577819444628,25.447931276297336,27.567531946110087,105.2733870967742,72.0714395954309,60.9757713884993,42.01310498897339,2738.948116395012,519.9085930085416,0.4878173550938858,0.4237073817087916,C,grading/data_processed/banana/C/Banana_Bad_IMG_20190910__175546.jpg,63c18101014373ff,76
22422.0,790.4163007736206,0.6865671641791045,0.4509957361865448,0.9274870734229576,17.916385023921343,27.030553519550978,93.21630162840717,61.599563064658405,60.5558530483255,36.8154346880331,1461.0994817661303,180.782510803646,0.4826141581411227,0.1791456049702663,C,grading/data_processed/banana/C/Banana_Bad_IMG__7696.JPG,ff870301010101f3,267
27850.5,2230.15762424469,1.0833333333333333,0.0703674384055568,0.7295768006601439,32.5582210804055,36.42277451126409,95.92348284960424,69.6971525661538,60.89598666851826,41.08097009415036,2621.3798496945665,527.2299515180415,0.4798293182653822,0.4153605312363069,C,grading/data_processed/banana/C/Banana_Bad_IMG_20190910__175552.jpg,e3c18101014373ff,76
19468.5,879.5706290006638,0.8947368421052632,0.3162284344101444,0.7510705605493615,51.02360817477096,54.48708323439892,86.33242726265982,71.46965749556068,56.00961441659116,40.29088531700216,2605.826996440108,206.41532232949237,0.5872628801898371,0.3829530286989049,C,grading/data_processed/banana/C/Banana_Bad_IMG__7906.JPG,07030303073b7fff,26
29510.5,1589.668167591095,0.9777777777777776,0.1467484343084192,0.664157270497153,80.06768161509184,64.64656404094555,69.87830547741189,50.00853990589655,61.59804732748635,37.99773863203174,1242.2896771937558,292.8751090816844,0.4924771250589218,0.3864038300619623,C,grading/data_processed/banana/C/Banana_Bad_IMG_20190910__175432.jpg,030103036179ffff,64
33797.5,1291.879284143448,1.1531531531531531,0.2544781930572665,0.7979012229094858,42.74896030245747,53.57881104531985,67.028878871601,59.64016872753003,76.93555329358732,58.68779662187896,1500.064735008248,333.4535771065183,0.5291152332692493,0.3953174260573839,C,grading/data_processed/banana/C/Banana_Bad_IMG_20190910__175426.jpg,03030321790f7fff,463
22076.0,646.7594470977783,1.1197604790419162,0.663200259117158,0.931083930830873,18.880264687472057,29.552198561388412,90.2159974961996,57.613293445964395,58.83300545470804,34.158715082998626,959.8351136167288,116.93532290258192,0.5468745850547524,0.2828214547826153,C,grading/data_processed/banana/C/Banana_Bad_IMG__7709.JPG,ff830101030707df,111
31975.5,1379.678273677826,1.0711297071129706,0.2110918944916088,0.743348327928305,92.88571954361429,67.78987752246674,64.77232854864434,47.835729890848185,65.60176665439823,39.66466964725644,2250.991008190424,152.10018869472475,0.5889187624169286,0.4680637793445368,C,grading/data_processed/banana/C/Banana_Bad_IMG_20190910_175404__2.jpg,07030701033f7fff,26
11716.5,1012.4234397411346,0.5957446808510638,0.1436426398702726,0.6746609852301846,21.495808678500985,42.22439136744804,120.6086456278764,63.97514411064474,39.882725180802105,36.08044199578928,2519.568960750688,357.68669733563337,0.5639235723931256,0.4148466862184142,C,grading/data_processed/banana/C/Banana_Bad_IMG__7735.JPG,071f2363f3c30333,206
20335.5,1871.349408864975,0.5234375,0.0729717817372466,0.6250057627587479,24.226568405139833,37.87845023931887,84.51299130763417,62.83853456348293,60.297808012093725,43.05655361561288,1868.4642603163147,417.824453712406,0.5625407986516036,0.3694932159799431,C,grading/data_processed/banana/C/Banana_Bad_IMG__7721.JPG,071f3f2367674301,334
32085.5,1415.668169260025,0.8760683760683761,0.2011850665444142,0.8072636240124792,35.26939424517629,34.65245897605907,80.92119988991836,68.79889188833235,66.46965110234535,40.719374310418885,1795.8846056962934,464.5928649237472,0.3906341666641552,0.3114035135383563,C,grading/data_processed/banana/C/Banana_Bad_IMG_20190910_175847__1.jpg,4707010101016bff,102
24045.0,1882.3616001605988,1.3694267515923566,0.0852763367607161,0.7586848830972139,34.19182377296298,43.220439331977765,59.058728946416366,70.93228207233557,51.26458174217149,33.164674996199125,1756.3735172903826,333.2657003393059,0.4011957556639962,0.2564325655006307,C,grading/data_processed/banana/C/Banana_Bad_IMG_20190910__175156.jpg,ff0f0301031f1f03,226
25422.0,1360.7981114387512,1.0255102040816326,0.1725171133381212,0.8177300287887804,34.500192189421895,50.342606191160534,86.43354089790898,68.60801482027449,53.82718327183272,34.37622245170076,2215.060513192681,273.3313775510204,0.4505311425738051,0.3362511031630736,C,grading/data_processed/banana/C/Banana_Bad_IMG_20190910_175652__1.jpg,0f07030103e1ffff,86
30873.0,1350.773727297783,1.0893617021276596,0.2126294848540038,0.708486322746466,38.30174111965432,48.587859103401485,73.3199783948656,61.08889611037921,65.18615365063226,43.855079992011014,1300.1912690689965,289.1711806424697,0.5863491532567934,0.4738724996095351,C,grading/data_processed/banana/C/Banana_Bad_IMG_20190910__175142.jpg,f7e7af0f0f070300,162
32907.0,1449.4844028949738,1.003921568627451,0.1968208314917855,0.787060511839273,31.47658508957582,24.484100970498744,66.66608042447909,73.1301127929676,69.01442751959937,45.10779906780952,1915.26382633196,302.03300269127254,0.5761073982105592,0.4848946805142016,C,grading/data_processed/banana/C/Banana_Bad_IMG_20190910__175803.jpg,3f600001031f7fff,336
33584.5,2130.6530097723007,1.105263157894737,0.0929658180545709,0.7505587091583605,38.789575848881675,53.247148810566095,83.5844825588133,62.268779306905714,72.37536215088655,47.52020595048693,2315.4791087765716,399.1344913667568,0.3903361754024601,0.2769965067299458,C,grading/data_processed/banana/C/Banana_Bad_IMG_20190910__175815.jpg,41030103017dffff,41
33039.5,1516.212324976921,1.0,0.1806023034628537,0.7848980852378011,30.72041766782356,24.725290213982344,66.67942214707365,72.67926848564476,69.34955949096734,45.19850869165115,1901.0974659323692,308.1843596813726,0.5750897087070412,0.483845722215358,C,grading/data_processed/banana/C/Banana_Bad_IMG_20190910__175801.jpg,3f600001030f7fff,336
29810.0,1278.5483310222626,0.971563981042654,0.2291593283850092,0.7838548514330792,25.45820168509742,29.12936732377663,57.28120063191153,59.94184841667658,61.68127962085308,38.5390931474389,887.2100818525693,221.65005575689992,0.4522722282103434,0.2955768896696886,C,grading/data_processed/banana/C/Banana_Bad_IMG_20190923__184129.jpg,ff3f010107070f07,400
31903.5,1423.7026587724686,1.0578512396694215,0.1977924008938348,0.7493042099700546,36.89253887284125,49.034310730354456,62.289226230717226,57.15996200406492,66.14313809845738,42.01662330521847,1362.1881543152906,307.0462485820774,0.5796799426421001,0.4712376858885526,C,grading/data_processed/banana/C/Banana_Bad_IMG_20190910__175140.jpg,ffe7af0f0f030100,4
29244.5,1523.099626660347,0.9952380952380953,0.1584154156608969,0.7343343921455385,79.16424943189413,65.39266241628331,71.4730650982489,60.95669937191588,63.73810319476006,42.04858891242411,2085.760631328316,406.2417811355312,0.4254770707389398,0.3156850656332762,C,grading/data_processed/banana/C/Banana_Bad_IMG_20190910_175432__1.jpg,01010101617dffff,41
29871.0,1286.9402457475662,0.80078125,0.2266432873577114,0.7675171510059354,21.23374745283639,23.618411100965325,93.37964241109576,65.99182111869766,66.89811345559718,46.44394934690172,2958.391519315358,455.85221354166663,0.4936701565065558,0.4148963386288064,C,grading/data_processed/banana/C/Banana_Bad_IMG_20190910_175451__1.jpg,c783010303c7f3fb,133
27632.5,1264.2468148469925,1.2019230769230769,0.2172532622243494,0.7192872854112166,32.1815570136549,39.2835480675201,57.90955843234616,56.313247274059066,56.02532363894308,33.25156224713696,959.7303933713018,177.77469493358046,0.5896082582756743,0.4568304078097314,C,grading/data_processed/banana/C/Banana_Bad_IMG_20190910_175200__1.jpg,fff3c7070f070301,4
18829.0,1694.2539528608322,0.515625,0.0824290138866134,0.5983063503916366,23.489788624527723,36.79903144503596,82.00183804758501,62.71853326636129,53.87741243745533,32.34900487452432,1536.0716236760795,247.7268905057252,0.6210639407957824,0.4099080607605913,C,grading/data_processed/banana/C/Banana_Bad_IMG__7723.JPG,070f1f336763c301,334
30604.5,1361.3595134019852,1.0327102803738315,0.2075149984297147,0.8319831453037924,41.8256063567332,56.37289618502053,73.21578930505271,62.29442424497987,69.09419755855308,51.22751671184435,2366.242355912954,424.0894859813084,0.4693434732585878,0.3374881302014211,C,grading/data_processed/banana/C/Banana_Bad_IMG_20190910__175424.jpg,03030141017fffff,26
19905.5,914.683326125145,0.8398058252427184,0.2989795130979544,0.7326278984173721,55.547794841504235,57.41816839454464,82.1104055916519,71.4127153149645,57.77598936798582,41.40143156364868,2378.775463481753,211.096664032513,0.6172462197066756,0.4278272158359926,C,grading/data_processed/banana/C/Banana_Bad_IMG__7904.JPG,0c070303033fffff,107
34034.5,1405.2762526273727,0.9755102040816328,0.2165737538602185,0.8028140774637921,99.8216036919527,59.04387393042788,64.18598211710412,42.33427444549932,68.70686472454571,40.29684555808834,2312.9237976482273,176.75465614817352,0.5440083405868248,0.4073658188967137,C,grading/data_processed/banana/C/Banana_Bad_IMG_20190910__175418.jpg,07030301013fffff,26
18183.5,1046.8254619836807,1.2,0.2085157142303542,0.7100572075677998,16.00171508200236,13.685109982769944,87.77671776181799,68.86121679109586,52.35507557080073,33.082764738990726,1217.0560139804415,169.10039267015705,0.5996222701713103,0.3908174853320055,C,grading/data_processed/banana/C/Banana_Bad_IMG__7858.JPG,fffb0307070f0600,35
32397.5,1619.3250230550766,1.0118577075098814,0.1552577573395846,0.725547281787134,25.836514071747796,29.075709350507644,42.02913999275275,66.24581084871292,70.70579176229013,48.83324963953266,2450.39070198407,544.9379989149812,0.5664213965908982,0.4840025767974387,C,grading/data_processed/banana/C/Banana_Bad_IMG_20190910__175222.jpg,fff7e7c707030100,72
28260.0,2034.5768872499464,1.102803738317757,0.0857894351359705,0.7443208006847962,32.287298317885345,34.38887514828041,94.15825609337452,67.77844159606235,61.877445932028834,42.23607109339974,2588.5263077373797,520.6958639888646,0.4728768753658809,0.4098271854665807,C,grading/data_processed/banana/C/Banana_Bad_IMG_20190910__175550.jpg,e3c18101014373ff,76
21102.5,689.2619740962982,0.6510416666666666,0.5581811085480598,0.9592917537957996,17.075720087764342,24.96519511979473,98.68428177956211,62.87427788050055,56.878810513047945,34.94097365000351,1383.9867048888889,164.6053427419355,0.4435861593636453,0.1098029603469265,C,grading/data_processed/banana/C/Banana_Bad_IMG__7694.JPG,ff070303030303f3,258
18142.0,1077.2691127061844,1.1851851851851851,0.1964475471781283,0.6335050196420777,14.431684018460878,17.04036135439311,89.55302135880649,61.372987225312194,51.55060641837501,31.96968885661951,979.533596790336,138.64724322926767,0.6173961534000794,0.4010685122148811,C,grading/data_processed/banana/C/Banana_Bad_IMG__7864.JPG,ff4303070f0f0f00,131
33421.5,1879.540312409401,1.094017094017094,0.1188864918489007,0.808640108394527,31.94242229492872,36.93216794404606,88.37803809301239,66.61111709797271,73.28026408039261,49.70639995155859,3204.440155416925,511.1011396011395,0.4972287220052502,0.4208486773617702,C,grading/data_processed/banana/C/Banana_Bad_IMG_20190910_175520__1.jpg,c78703010003cfff,231
27119.0,1334.9158623218536,1.1041666666666667,0.1912386845929356,0.7774831209415003,89.04070732587513,60.97513857069488,69.35016239624684,51.03694976055653,55.78722482858174,33.763513796123725,1311.324581409547,246.82930983412325,0.4474728692088054,0.3151579512202567,C,grading/data_processed/banana/C/Banana_Bad_IMG_20190910_175420__1.jpg,0303030303f1ffff,86
14409.0,836.2741657495499,1.8823529411764703,0.2589085210472969,0.8284129128697502,18.822575194322408,27.344778077907183,91.02244001351808,75.75295868972918,46.025819533626226,32.93713341323826,1496.7122230528155,207.36680012319064,0.5415616721024208,0.2510801204123479,C,grading/data_processed/banana/C/Banana_Bad_IMG__7870.JPG,7ff9e1e707030000,360
30422.5,2099.2215509414673,0.87890625,0.0867537409500035,0.7502836144816021,24.334439834024895,26.762591703640513,99.30446856048516,71.36953475205485,65.6555059048835,42.58309271714424,2719.801388560655,513.8933105468751,0.5030486398464856,0.4449868474597483,C,grading/data_processed/banana/C/Banana_Bad_IMG_20190910_175543__1.jpg,0381818181cfdfef,371
30448.0,1277.8620388507843,1.1636363636363636,0.2343153268596946,0.8397595013514259,47.04848484848485,60.0246003401621,61.16044487427466,55.32983347875936,62.11254029658285,36.75764376698557,1518.0705628749754,162.85450980392156,0.5769790485345133,0.4492678716697623,C,grading/data_processed/banana/C/Banana_Bad_IMG_20190910_175312__1.jpg,0f0703010307ffff,471
19371.5,918.9675985574722,1.1098265895953756,0.2882522571910338,0.7512409834794074,35.183316481294234,42.781547820231765,70.36638018200202,63.666414440788294,55.22972699696663,39.709146114756656,979.7214619222308,202.2856580818933,0.5518336325799784,0.3999565270452662,C,grading/data_processed/banana/C/Banana_Bad_IMG__8028.JPG,ffcfcf8f07011000,52
17436.0,3874.501978993416,0.75,0.0145957007380686,0.4283555872200862,54.48075210810244,37.91083559246231,115.36322212329128,87.06130046695564,69.91153826009533,48.96318701766439,14912.776844872373,1171.8028877617796,0.6109142149762683,0.5862483615413201,C,grading/data_processed/banana/C/Banana_Bad__IMG20200730132806.jpg,f1e1d4ead4a12515,178
28153.0,1147.6366451978683,0.6507936507936508,0.2686121975191397,0.8363684976679243,47.13858174334647,52.15697536280336,95.8001325473508,69.9614287476852,62.195646865952774,44.21143126613373,1504.3282055355453,371.3122261174408,0.4091173792584849,0.3001633208406097,C,grading/data_processed/banana/C/Banana_Bad_IMG_20190910__175746.jpg,01010101d1f1f3fb,230
27360.5,1076.198045015335,0.625,0.2968585050749783,0.8529897742860706,44.67569023085485,41.60473347272319,70.35310379492334,77.5085043158025,58.9689081966036,41.96274420926807,1743.7158134365084,421.74216293239,0.4328173922665388,0.3189541204651018,C,grading/data_processed/banana/C/Banana_Bad_IMG_20190910__175752.jpg,0103031313037fff,13
34324.5,1692.4478257894516,1.3333333333333333,0.1505856212893228,0.7047428395441946,83.61844804010939,37.93201676378714,225.92297174111212,49.413084966628574,94.41362807657246,56.35055635657725,775.6993627742762,219.3956290849673,0.6056531614059714,0.2838840871630516,C,grading/data_processed/banana/C/Banana_Bad__IMG20200729190334.jpg,70f0f8f8f0600000,357
15233.0,916.4650710821152,0.9464285714285714,0.2279100472240057,0.7470452650679221,53.02437152178085,41.95515459876721,150.46069212563168,81.1773982083075,58.866116548327255,43.43346916062885,655.9973888378414,192.10122814948764,0.5622011190649949,0.40571753953722,C,grading/data_processed/banana/C/Banana_Bad__IMG20200729190335.jpg,31008088c8d9fbff,88
24996.0,1037.4701237678528,1.695364238410596,0.291829493794628,0.7325049818309695,80.47049585803462,32.06551338777573,229.40610890817007,50.97946664080482,71.05716304817243,46.011874194215615,541.2504278209501,150.09697441890663,0.6603662548635821,0.3405256117901537,C,grading/data_processed/banana/C/Banana_Bad__IMG20200729190321.jpg,ff80a02000f4ff7f,593
27818.0,946.2152897119522,0.64453125,0.3904413843226735,0.8647455624980571,51.93222198626743,39.574474051201186,65.71993346074892,75.9564233059577,59.77224463792737,42.64497979232869,1799.7032463842977,421.5154582698169,0.4397823003381902,0.3304135148692313,C,grading/data_processed/banana/C/Banana_Bad_IMG_20190910__175753.jpg,0101011303377f7f,407
16356.5,3662.980120539665,0.736,0.0153190247773941,0.4577101201886079,53.96385340547777,34.393088086366326,123.57282311597032,87.36490600921023,76.45757795503988,52.238958337898325,17498.74545388989,1348.1687650273225,0.604726517094559,0.5845248343511037,C,grading/data_processed/banana/C/Banana_Bad__IMG20200730132807.jpg,62c1a48ad862f33e,108
27277.5,1644.7463760375977,0.9140625,0.1267116517320689,0.6218369580084804,34.607367443189936,37.406540371582665,82.92779048163499,62.812804781321326,58.07628269258254,38.715743863966416,1199.3510616273788,234.32857765557935,0.6212563164073679,0.526908420738456,C,grading/data_processed/banana/C/Banana_Bad_IMG_20190923__184048.jpg,6341c3c30301efff,119
27941.0,1224.063049197197,0.6666666666666666,0.2343388170094949,0.8438585364380418,49.320579872933415,53.42987908934268,92.9911193794096,69.30504040505946,61.761100775738,44.09716950610213,1511.7883965274211,393.10546660681337,0.3991488848169676,0.2860140992855915,C,grading/data_processed/banana/C/Banana_Bad_IMG_20190910__175747.jpg,01010101d1f1f3fb,230
32489.5,2053.0205409526825,1.080168776371308,0.0968648705883483,0.7806691896437796,26.462407479548112,31.631656185141317,93.84567438794164,67.82410068653178,71.88028527763628,48.97829596018631,3332.4597394311936,503.6494250020684,0.5152152839323829,0.4412673277666218,C,grading/data_processed/banana/C/Banana_Bad_IMG_20190910_175516__1.jpg,c787830000c1cfff,231
19311.5,937.1097331047058,1.103448275862069,0.2763407775432763,0.7457473306172887,30.78420438992244,40.48425653291975,71.85638971967354,63.18686030542269,55.338774268768695,40.27985878138343,943.7881710449914,199.1793344165614,0.5580248148211576,0.4045680706350513,C,grading/data_processed/banana/C/Banana_Bad_IMG__8029.JPG,ffcfcf8f0f011000,52
28866.0,1269.661029100418,1.3225806451612905,0.2250198817571137,0.7677740245232333,91.98882131086268,65.4844906984988,65.66671197037138,47.1249750054503,58.43780367639564,34.4858476421232,1053.9781662776431,165.63335527759497,0.4983855873605646,0.3568317714723187,C,grading/data_processed/banana/C/Banana_Bad_IMG_20190910_175416__1.jpg,0707030303c1ffff,86
13730.0,638.5929263830185,1.8823529411764703,0.4230894480440834,0.8217620301651903,19.20263720598717,30.373977991333753,88.52651461154669,75.61384888849662,46.10548823948682,34.1183361380238,1746.7357865888875,156.03664921465972,0.5538334719183298,0.2946619408501915,C,grading/data_processed/banana/C/Banana_Bad_IMG__7871.JPG,7f7cf1e307000000,161
18318.0,1141.210237979889,1.1851851851851851,0.1767488514924949,0.6441267999367055,14.839889579020014,16.03801011946683,91.81212507299465,62.13429061402811,52.35292243987896,32.71950004279321,934.4045326173346,163.52646887725427,0.6127349567923086,0.3916153590557868,C,grading/data_processed/banana/C/Banana_Bad_IMG__7865.JPG,ff4303070f0f0f00,131
22057.0,763.3036024570465,0.6683417085427136,0.4757312528872856,0.9386756319686782,16.712704716854834,23.328324767194164,95.09942433843544,62.64589326092633,59.53911374894016,36.278045245871304,1407.9910652571944,180.13590680676108,0.4707930884709089,0.1538252366496452,C,grading/data_processed/banana/C/Banana_Bad_IMG__7695.JPG,ff870301010101f3,267
29630.5,1720.0844676494598,1.0976744186046512,0.1258488628476917,0.7768470452519532,31.62390910587848,33.31540367332152,95.99229375926232,67.409764947176,66.29319940721226,47.561458120591944,2566.500634983793,539.1225136071254,0.4548068580023555,0.3904693330961545,C,grading/data_processed/banana/C/Banana_Bad_IMG_20190910__175551.jpg,e3c18101014373ff,76
18109.5,1025.9970335960388,1.2,0.2161842813607677,0.7021635454228219,16.150640680521157,16.523211006291174,88.02729622052331,67.84107768062772,52.09001830515775,33.01022408956836,1112.4486640665266,155.00006544502617,0.6072347496717047,0.3930664741666202,C,grading/data_processed/banana/C/Banana_Bad_IMG__7859.JPG,fffb0307070f0600,35
27220.5,2031.3393030166624,0.9004149377593361,0.0828974209669012,0.6369901481290806,44.10895246228295,48.51366835445296,62.665350128095646,60.59441939096301,57.32290777113578,35.057200123920815,2297.6743999135824,285.84095973566923,0.5680800815392218,0.455965361169014,C,grading/data_processed/banana/C/Banana_Bad_IMG_20190910_175324__1.jpg,0707032313197fff,330
9543.5,1011.5605244636536,2.0425531914893615,0.117201668934228,0.681873392397828,47.11365003006615,16.515258713729935,155.05411906193626,68.75121294923485,65.98226097414312,55.75982544730495,6195.221346491604,622.5860532471872,0.5029126221063025,0.4325855307283824,C,grading/data_processed/banana/C/Banana_Bad_IMG20200730132804__01.jpg,f77ff381098a0e0e,362
29253.0,1227.5777688026428,1.4709302325581397,0.2439395652592733,0.8273960204211509,95.51187760032212,63.70335675537081,68.71869547711717,46.78502032909068,59.259126291772915,34.759626565353614,875.8883857918092,184.70717977113324,0.4690473409387209,0.3148436837316391,C,grading/data_processed/banana/C/Banana_Bad_IMG_20190910__175419.jpg,0707030303c1ffff,86
19485.0,836.4995601177216,0.9886363636363636,0.3499281174204688,0.7841204048371194,51.692528446279326,55.07866202745927,81.75108246903635,72.3021884323409,56.51787332594905,41.417609109222234,2799.1316946580696,240.41618497109823,0.5617365440871745,0.3500467438644586,C,grading/data_processed/banana/C/Banana_Bad_IMG__7905.JPG,0f03030303137fff,13
26468.0,1486.3717057704926,0.94,0.1505483953282547,0.7658675617413446,46.241937267332574,59.52408464995224,78.73502635361763,69.09020814354909,60.29317017433931,43.466610331608216,2304.0277590963105,467.8871657754012,0.3872201879053294,0.2723786450048585,C,grading/data_processed/banana/C/Banana_Bad_IMG_20190910__175431.jpg,010101034379ffff,41
32722.0,1568.7148518562317,0.9609375,0.1670943202033402,0.7437832431695232,94.19789391809016,65.20603426332936,63.11012056122296,46.74391529730802,67.18589762766626,40.44869309424026,2848.8609282910697,176.68762755102046,0.5896739414492921,0.4696621679123121,C,grading/data_processed/banana/C/Banana_Bad_IMG_20190910_175404__1.jpg,07030701033f7fff,26
28262.0,1423.793058872223,0.7710843373493976,0.1751939132057935,0.7542466740502529,23.85855297336612,26.443614019585727,92.91078169916533,66.87314765570866,60.829806393516435,39.51062889412124,2062.0083873797707,478.22119893185294,0.4514029379297898,0.3846298106197756,C,grading/data_processed/banana/C/Banana_Bad_IMG_20190910_175504__1.jpg,fd81818181073fbf,124
19419.5,1982.6042405366895,0.5234375,0.0620834505017442,0.6030245159687612,22.299049307915865,34.898631218793184,84.83754494852471,62.44711756088027,56.50716713462391,38.22448799587474,1831.018527929383,372.5358317669173,0.592364799963092,0.3948800744592453,C,grading/data_processed/banana/C/Banana_Bad_IMG__7722.JPG,071f1f67e767c101,536
31174.5,1368.1046798229218,1.1130434782608696,0.2093007110435391,0.7611054822446564,36.75577993771822,45.896164593853925,64.88477871095593,59.6489249015063,64.4877795602529,40.78160704913566,1272.4254768345622,302.8614833759591,0.5767687886358539,0.4572694922007339,C,grading/data_processed/banana/C/Banana_Bad_IMG_20190910__175141.jpg,ffe78f0f0f030100,4
25108.5,1287.8447941541672,0.9504504504504504,0.1902407629170266,0.7961726887891808,34.59839545118199,50.380485034789665,98.02593760953384,72.76115475884848,59.60244576858667,37.81281532574388,2103.1908338931667,373.38642213642214,0.5258076418963267,0.4445832040081394,C,grading/data_processed/banana/C/Banana_Bad_IMG_20190910__175633.jpg,0101c1c3c3e7e77f,61
33922.0,972.3574253320694,0.90234375,0.4508576508236401,0.93873145893292,43.156303645727256,37.20200982802308,62.38211760598214,69.72439199529099,69.57339462888068,43.642983106739386,1812.3445425259652,261.7207370923913,0.5121406571148308,0.4181792389258084,C,grading/data_processed/banana/C/Banana_Bad_IMG_20190910__175800.jpg,000103030f0f7fff,13
34393.0,1179.435634016991,0.9012345679012346,0.3106929752302602,0.7581395348837209,27.561479869423287,35.02031387992329,86.0023480900292,64.65308377670536,75.41022850924918,53.11315403999774,2219.5391142649787,407.5252387963908,0.4454179167805638,0.3411241129147247,C,grading/data_processed/banana/C/Banana_Bad_IMG_20190910__175814.jpg,01010103017dffff,41
16322.0,2411.7972326278687,0.9230769230769232,0.0352615706047139,0.5029117239254353,25.801809068387396,18.071931299150595,133.70392348908223,68.67969977841267,81.9063778302702,51.44837557839603,9591.594327977422,982.6454893274268,0.5736244257584683,0.5507444699593883,A,grading/data_processed/banana/A/Banana_Good_IMG20200730132250__01.jpg,61c0117a70f8a6a1,173
8394.5,1176.2468149662018,1.2377049180327868,0.0762443693529125,0.6247069767441861,76.31167956916863,21.548476249953396,112.5049927072815,65.61153012564559,52.65612027375743,38.82770690323494,14398.89559507844,698.2389617486341,0.5410251620136433,0.4995241218334401,A,grading/data_processed/banana/A/Banana_Good_IMG20200730132102__01.jpg,bfff373d391b0f1a,289
38597.0,1812.6904672384264,1.3333333333333333,0.147610112842939,0.7924648393388769,77.98055076579774,32.61179251616963,202.2225377827366,73.26051894768446,106.36086317070696,63.381410156037205,376.43851425208976,298.458149509804,0.4943542129099442,0.1930445838089922,A,grading/data_processed/banana/A/Banana_Good_IMG20200729190236__01.jpg,5c78faea1a00001a,277
24708.0,1503.0579969882965,1.28,0.1374345673167225,0.8681963526476686,95.37362594066428,41.94637388838956,75.0447972893109,55.080663746486294,127.43410425121154,66.92409288321242,12638.485070021943,1883.6305061082023,0.1573315806459587,0.1082356223408069,A,grading/data_processed/banana/A/Banana_Good_IMG20200730132053__01.jpg,0002060893787c3c,586
32343.0,2850.47341799736,0.75,0.0500214381765946,0.7240916112566325,83.32981829014001,52.80275803063319,79.37473935061067,66.47479264475561,110.55638963360144,75.18180561132013,12134.661342296336,1445.9430628272255,0.3468021632647909,0.2993553411336331,A,grading/data_processed/banana/A/Banana_Good_IMG20200730132208__01.jpg,0010d23af8c5ffff,419
31687.5,2216.642904758454,0.9361702127659576,0.0810412946901099,0.7863293463695469,24.8763828026844,28.89645792820074,96.0588974351117,69.70017802174907,68.1093678178531,43.668818738025855,3216.6418695400853,487.7732828135625,0.449662106598892,0.3572944079431138,C,grading/data_processed/banana/C/Banana_Bad_IMG_20190910_175525__1.jpg,0703010101c3f1ff,65
33011.5,1746.628624677658,0.9304347826086956,0.1359796678221091,0.8460907564748248,23.628913307466753,26.628612612195788,94.85247164055326,67.0829078294739,71.54180611912449,47.81105004341853,3264.767752450623,496.68950806286995,0.4021424873335149,0.3046943078341754,C,grading/data_processed/banana/C/Banana_Bad_IMG_20190910_175529__1.jpg,0303010101c3f1ff,19
30038.0,1664.5382256507874,1.1130434782608696,0.1362364539054864,0.7373459669105012,37.60128021835196,49.003391177999305,67.11944372238108,60.95874327784338,61.67604626982064,36.725812354910104,1529.27548685027,208.5296163682864,0.5896778536294758,0.4745861868477645,C,grading/data_processed/banana/C/Banana_Bad_IMG_20190910_175333__1.jpg,0f070301017f7fff,118
26764.5,2083.9667180776596,0.8833333333333333,0.0774439402052898,0.6416114300782702,43.52173755917748,48.67611970907526,60.74417259947237,60.63680234739305,56.471901991254384,34.82985687169125,2224.036343893079,293.6834123222749,0.5606106784696769,0.4498556258752864,C,grading/data_processed/banana/C/Banana_Bad_IMG_20190910_175321__1.jpg,0707032313397fff,330
26762.5,1556.5798542499542,0.995049504950495,0.1388013638822558,0.837584501752629,30.65896585650257,46.23182375358511,87.58940349087199,65.23148340400098,57.44226214335168,37.520336534944754,2636.595570497324,334.1094306930694,0.4304114778365404,0.3195879802532332,C,grading/data_processed/banana/C/Banana_Bad_IMG_20190910_175645__2.jpg,0f07030103c1ffff,86
21479.0,1156.3229359388351,0.8808290155440415,0.201867145487783,0.7250295358649789,76.44316167446934,33.65165316748495,222.6602881687196,57.954865756699,72.53593018499159,39.8817486698955,831.0488669712784,150.07612594659227,0.6609704458972384,0.3242849830742083,C,grading/data_processed/banana/C/Banana_Bad_IMG20200729190347__01.jpg,9f9fbf0307070303,416
31087.5,2227.2114449739456,0.9276595744680852,0.0787540256964625,0.788712562316855,25.046643771464257,29.537736445296932,95.00746175460506,69.1860873334069,67.1166406493912,43.194852981436014,3220.737709072034,480.2371605059319,0.4525563345016124,0.3627769799713757,C,grading/data_processed/banana/C/Banana_Bad_IMG_20190910_175525__2.jpg,0703018101c3f1ff,65
33225.5,1476.295584321022,0.99163179916318,0.1915731973815959,0.7912246234446627,32.2955713020372,35.4006717360699,83.06034839090641,67.06757971942093,71.12341304989667,47.21487737160365,1748.78108290297,375.3247642011204,0.485665726350834,0.3972276391834387,C,grading/data_processed/banana/C/Banana_Bad_IMG_20190910_175842__1.jpg,47c301030383ffff,190
29714.5,1674.094573378563,1.1130434782608696,0.1332349961278577,0.7442113831319266,39.845542603841736,51.43785134244584,67.9337383024134,60.99687983275434,61.03575767525858,36.3356812115169,1537.7930534951222,202.2472975277067,0.5948146760777936,0.4798538542051194,C,grading/data_processed/banana/C/Banana_Bad_IMG_20190910_175333__2.jpg,0f070301017f7fff,118
26204.0,1415.2833921909332,1.0304568527918785,0.1643957682009482,0.8173297359679356,30.46969132120489,45.54660460599963,89.2649492991351,67.12629982683562,57.08902475395168,37.52120257986611,2712.968588415752,323.8079609991455,0.4373649638874781,0.3255108151510364,C,grading/data_processed/banana/C/Banana_Bad_IMG_20190910_175645__1.jpg,0f07030503c1ffff,86
30879.5,1650.202220082283,0.9194915254237288,0.1424970224250869,0.8612687743177095,23.94988761910792,22.5465309849262,70.84906138212669,77.11844049556152,67.11516667194276,46.89427538790618,4177.265594535519,490.5155563402387,0.4737056707410504,0.376567976396726,C,grading/data_processed/banana/C/Banana_Bad_IMG_20190910_175638__1.jpg,71010303071f3fff,130
30736.0,1761.935193657875,1.1277533039647578,0.1244163197373515,0.7689094024791424,43.83600939265089,53.66490904607134,58.13743098305515,56.154369828377455,62.91289585581011,37.47373512699042,1662.5619618935282,227.9923123434396,0.5707361515852187,0.4556332262162756,C,grading/data_processed/banana/C/Banana_Bad_IMG_20190910_175319__2.jpg,0f07030101077fff,107
28235.0,1772.6214854717257,1.469135802469136,0.1129186398248643,0.7691259993734763,22.834011026878017,25.47673729194895,48.25947622329428,77.04275803706669,62.17605099931082,41.41735502032383,3334.8410105340986,488.0967338646665,0.3487932413951611,0.24164829200863,C,grading/data_processed/banana/C/Banana_Bad_IMG_20190910_175132__1.jpg,ff19030103472303,42
31734.0,1281.1757477521896,1.0666666666666669,0.2429502013877991,0.7174200549357388,38.13369033616046,48.51905788710964,68.03438989661363,58.507607388743686,66.69925091314308,44.22155262587571,1340.5940445261533,303.64199346405235,0.5801978516411419,0.4716259403343116,C,grading/data_processed/banana/C/Banana_Bad_IMG_20190910_175143__1.jpg,f7e78f0f0f070100,162
33053.0,1475.5676636695862,0.98744769874477,0.1907666657131482,0.7775987201957347,31.962491468589572,35.0083890652117,84.38128727855425,67.08311642968538,70.92658535861598,47.35065870747045,1831.043197389356,371.4848215080566,0.4867751312223199,0.3979760690686655,C,grading/data_processed/banana/C/Banana_Bad_IMG_20190910_175840__1.jpg,47c101030383f7ff,190
32151.5,1391.5016490221024,1.1327433628318584,0.2086621378831253,0.8103921964006654,44.47975344054194,54.574578216262495,59.078880717707726,56.05956834906044,68.23996826462421,46.44382613087939,1698.038767629787,242.0775637688704,0.5512764280120248,0.4325337699056376,C,grading/data_processed/banana/C/Banana_Bad_IMG_20190910_175319__1.jpg,0707030101077fff,13
30557.5,1680.4032295942309,0.828125,0.1359880259230246,0.7299405202684949,21.540035160620107,24.48950035194762,86.3082307815247,66.01245341669653,68.29170529007511,47.02514328449919,2823.502630916173,465.3264958530807,0.4964710709533072,0.4172941383097227,C,grading/data_processed/banana/C/Banana_Bad_IMG_20190910_175456__1.jpg,47c3010303e7f3fb,133
29775.0,1173.0924872159958,0.9045454545454544,0.2718924369301993,0.8954483256394449,46.31607260726073,59.6178833262157,64.92122112211221,58.88688237630582,60.1696699669967,35.15723321147129,1478.240852133816,219.6325298438935,0.464980363202545,0.3073503126401254,C,grading/data_processed/banana/C/Banana_Bad_IMG_20190910_175340__1.jpg,070103030707ffff,13
28198.5,1450.035699248314,0.7670682730923695,0.1685304893983525,0.7583809587843744,23.23246131427382,25.02819484918415,93.27555339671083,67.73661821182164,60.662271875650546,39.52637094679141,2085.971651415622,469.08890298034254,0.4510303548308684,0.383359690090711,C,grading/data_processed/banana/C/Banana_Bad_IMG_20190910_175503__1.jpg,fd81818181073fbf,124
29345.5,1676.981875896454,1.1130434782608696,0.1311277591799293,0.7252159300127272,37.993885418051306,51.81636767364124,70.73590987637911,60.7911201654261,60.55669280871992,36.57804467784948,1540.7258364643178,197.32312020460355,0.5988912082355353,0.4863385374700942,C,grading/data_processed/banana/C/Banana_Bad_IMG_20190910_175331__1.jpg,07070303817f7fff,107
27794.5,1586.8052525520325,0.921875,0.1387143755342143,0.6220722686630633,32.21796987465328,34.45258194213486,84.35851971489765,61.69743065002325,58.7288367683719,38.91215286804229,755.3707765786341,215.2757978723404,0.6245719501929979,0.5230660406038307,C,grading/data_processed/banana/C/Banana_Bad_IMG_20190923_184043__1.jpg,4343c3c30301efff,119
26933.0,992.5584361553192,0.609375,0.3435440452541971,0.850668014276239,45.703026320592855,37.4278395844783,71.557697221918,75.74368389245791,57.80381849377578,41.16033849199019,1612.7601096750795,396.48951612903227,0.4282341557846959,0.3140885337119141,C,grading/data_processed/banana/C/Banana_Bad_IMG_20190910_175751__1.jpg,0103031313237fff,194
33055.5,1525.4082819223404,0.8547717842323651,0.1785177460257375,0.7922798523560711,32.743772241992886,33.57410501628195,85.30062277580072,67.52835825965603,68.61438315539739,42.31941146470658,1624.6561761172738,483.9344803157574,0.3879976386225391,0.3131024466671231,C,grading/data_processed/banana/C/Banana_Bad_IMG_20190910_175844__1.jpg,4f87050101016bff,102
29062.0,1046.1808005571363,0.903846153846154,0.3336736186329376,0.8504250369438308,38.98625173546443,45.158469187355514,83.27503301615252,71.0132255425137,63.835968981748,46.80181320999856,1896.5839614625177,409.1960612916495,0.3702203005237433,0.2422643105382385,C,grading/data_processed/banana/C/Banana_Bad_IMG_20190910_175743__1.jpg,070303010179ffff,26
32884.5,1431.9280545711515,1.0,0.2015388198142593,0.8011230754238939,32.443254370785844,25.57744684354105,65.83116534399427,72.88875835871384,68.79593054478191,44.61684984755684,1981.8243099616377,302.30986519607836,0.57910603163963,0.4868331820941779,C,grading/data_processed/banana/C/Banana_Bad_IMG_20190910_175803__1.jpg,3f200001031f7fff,336
17841.0,917.8132688999176,0.6026785714285714,0.2661462756338766,0.6894672772592894,63.00931149696007,71.69310893460208,73.81283891110259,62.73276379464088,42.9386536670866,27.86519801962668,2148.5242635590757,129.22897787846483,0.5870720454365613,0.3987611374499992,C,grading/data_processed/banana/C/Banana_Bad_IMG_20190910_175327__1.jpg,07050507077bffff,192
30214.5,2043.907843708992,0.875,0.0908871855701093,0.7507454156934851,24.27141754566504,27.080859466496975,102.74787754051968,72.3210106036516,65.13114226910214,42.213041433321095,2728.129502509322,497.39430353139016,0.5046048923444519,0.4465655503964529,C,grading/data_processed/banana/C/Banana_Bad_IMG_20190910_175540__1.jpg,0381818181cfdfef,371
26999.0,1347.40114402771,1.2192513368983957,0.1868803846735107,0.7626297577854672,86.18825874252582,68.7439039767709,67.29019749954702,52.2861113287708,55.52716071752129,33.93291314374289,1412.4436405066676,193.13281820537583,0.496279660844207,0.3515127154647756,C,grading/data_processed/banana/C/Banana_Bad_IMG_20190910_175417__1.jpg,0703030303e1ffff,41
29809.5,1527.8346892595291,0.7943548387096774,0.1604766400560234,0.7675837828790668,24.300994453378845,25.596429741786487,88.41022022383406,66.86484380606004,63.59289769930093,40.50329204176117,2158.250622140251,509.06149193548384,0.4367764274140779,0.3661521296055735,C,grading/data_processed/banana/C/Banana_Bad_IMG_20190910_175505__1.jpg,fd81818101053fbf,124
29887.5,1457.300637125969,1.1294642857142858,0.1768484035106461,0.7267212138159095,35.08167141500475,43.71222968295761,56.4125159642401,55.934445247306535,61.14543013393588,37.29332636369097,1106.3070962185798,263.79115291950114,0.5802524987721519,0.457963187555901,C,grading/data_processed/banana/C/Banana_Bad_IMG_20190910_175201__1.jpg,fff7c70707070301,21
32991.5,1850.2509888410568,0.9282700421940928,0.1211018104436748,0.8219415274611657,24.55958196405838,27.72135615006364,93.50608402167155,68.93397031912879,72.22133404387601,48.80481449805696,3385.167180304009,533.4977361616862,0.4307149133779846,0.3419834501676946,C,grading/data_processed/banana/C/Banana_Bad_IMG_20190910_175533__1.jpg,0701018101c3f1ff,65
30405.0,1342.4305812120438,1.061611374407583,0.2120172502789893,0.7251803708783018,88.60617399438728,70.72223657780015,73.61707686848811,50.85848574291544,62.96258185219832,38.90920227373302,1279.5770428349615,240.7100078634731,0.4747971826970826,0.3431683335863348,C,grading/data_processed/banana/C/Banana_Bad_IMG_20190910_175433__1.jpg,0303010301f9ffff,41
30263.5,1304.7320964336395,1.1636363636363636,0.2234016234599181,0.8382892677589574,47.5012481763657,61.12696984106363,62.099140865618416,55.16334071436466,62.049311071486464,36.74826809837681,1489.1421119119314,169.67196078431377,0.5794393588623314,0.4515729667779681,C,grading/data_processed/banana/C/Banana_Bad_IMG_20190910_175313__1.jpg,0f070301030f7fff,107
30760.5,1120.6244510412216,0.991150442477876,0.3078102418856878,0.7445448934393494,39.977709552592025,60.78831316685509,81.82903194857526,55.926550747153655,66.84326329591609,48.87379486792233,964.08697433862,254.32628278899952,0.5266222706337229,0.3831170877370424,C,grading/data_processed/banana/C/Banana_Bad_IMG_20190910_175213__1.jpg,fff7f70707070701,4
32958.5,1884.0499798059464,0.9279661016949152,0.1166789367633937,0.8220819874536996,24.227531251851413,27.321261140010165,92.15679246400852,68.23804166675346,72.08190651104923,48.5162124702638,3243.2619698209833,531.6072733633962,0.4266672518584205,0.3364744349802652,C,grading/data_processed/banana/C/Banana_Bad_IMG_20190910_175533__2.jpg,0701018101c3f1ff,65
30237.0,1267.5188938379288,1.1636363636363636,0.2365046481154376,0.8374276456088847,47.869136123104894,61.49927805618933,61.34129792552673,54.34452174740185,61.8692010518456,36.73156149698429,1543.982045252461,163.8569696969697,0.5794258259899715,0.4527055773050734,C,grading/data_processed/banana/C/Banana_Bad_IMG_20190910_175313__2.jpg,0f070301030fffff,412
25041.0,1507.2833927869797,0.7043478260869566,0.1385069940168411,0.798323078394491,45.85334733730112,50.19702075166451,78.70751157272338,83.2047744762513,55.05753296767418,38.4679508961493,1716.8214663630745,436.5384823116391,0.3903035466377133,0.3027756906098202,C,grading/data_processed/banana/C/Banana_Bad_IMG_20190910_175714__1.jpg,0303414141e9f1ff,19
30446.5,1635.8346889019012,0.7901234567901234,0.1429777348298661,0.7978433479206519,54.73071245186136,44.43380337268563,92.96848523748396,69.69395067256657,102.80503851091144,63.46619454555931,9045.63854983386,1103.375756792278,0.3611064307227608,0.3215629984625017,C,grading/data_processed/banana/C/Banana_Bad_IMG20200730132830__01.jpg,ffe1e0ce80402024,121
26701.0,1013.4112495183944,1.0689655172413792,0.3267126489967359,0.8514213740214601,98.50042343237968,70.2429960301855,66.57472660996355,51.99577757484052,53.689458374756065,31.703026419589104,203.27247167326013,147.51683087027916,0.5680982143692884,0.3794063146912129,C,grading/data_processed/banana/C/Banana_Bad_IMG_20190910_175351__1.jpg,0181c1c1e3f1f1ff,66
34627.0,1866.6702556610107,1.080168776371308,0.1248790299160657,0.8131171408108394,33.77375476224072,38.08733741542295,88.99873006914068,66.36868749155934,75.13210103005503,50.28306627682965,2948.613283230934,510.7759576404401,0.4861449208081246,0.408481299399648,C,grading/data_processed/banana/C/Banana_Bad_IMG_20190910_175512__1.jpg,c78703000103cfff,231
24456.5,1277.1341178417206,1.335195530726257,0.1884218028304026,0.697173562907111,76.80211745904914,37.45780467344379,174.54562524970035,85.58605685557032,67.42796644027167,40.20165093195129,414.4081679049109,121.49446035397398,0.7057891739563015,0.410254172775324,C,grading/data_processed/banana/C/Banana_Bad_IMG20200729190349__01.jpg,ffbfbfbe80000080,542
29662.5,2201.8144783973694,1.0995475113122173,0.0768875759273986,0.7387828296036164,33.82794679912421,36.70952733385508,95.77062841083624,68.36368083841208,64.18698735335447,42.50739773351496,2372.8130707160954,530.5517370330205,0.4798851390806645,0.4166675061393893,C,grading/data_processed/banana/C/Banana_Bad_IMG_20190910_175559__1.jpg,e3c18101014373ff,76
28334.5,1447.0651372671127,0.7430830039525692,0.1700392795207002,0.7550128568954262,23.59556614523982,26.51068538293347,92.7850754515004,67.8851989147375,60.95783694188335,39.39139258032099,2138.265409835383,463.18266365115926,0.4501635822661242,0.3814039986773782,C,grading/data_processed/banana/C/Banana_Bad_IMG_20190910_175459__1.jpg,fd81818101073fbf,124
25542.0,1301.0579968690872,0.6680672268907563,0.1896144592158226,0.8312017963487259,46.29600980317071,59.485432908853035,80.1456689898139,60.57275826644741,53.80049015853565,34.00423712595829,1450.681342454404,244.71518987341776,0.462021641450892,0.3049725178462801,C,grading/data_processed/banana/C/Banana_Bad_IMG_20190910_175308__1.jpg,01010101c3e3f3ff,64
27058.0,2084.1260999441147,0.8838174273858921,0.0782812175202772,0.6350301579478514,43.893389582067144,49.114537047331254,61.26284365950449,61.06248607614701,57.00743627328304,35.130174351262866,2198.286846589242,299.21150082204656,0.561376591547304,0.4489315994925508,C,grading/data_processed/banana/C/Banana_Bad_IMG_20190910_175322__1.jpg,0707032313397fff,330
25168.5,1418.7564805746078,0.9086294416243654,0.1571272394539326,0.8207164169370486,86.50327582864897,61.30289922594384,67.63527815468115,56.54902094291098,53.35863539445629,33.39544458011976,1636.4698073973125,276.62402327040434,0.3984019471790769,0.264333363903735,C,grading/data_processed/banana/C/Banana_Bad_IMG_20190910_175410__1.jpg,07070301017fffff,26
25557.0,1332.312830209732,0.995,0.1809286391311658,0.8174839266864984,33.14224500726911,49.68302508503161,85.06289693167037,67.59280909504504,53.93515188614278,34.010449193057646,2174.873133728315,284.52618686868686,0.4505744993013052,0.3395560434068594,C,grading/data_processed/banana/C/Banana_Bad_IMG_20190910_175654__2.jpg,0f07030103e1fbff,86
29183.5,1032.9087225198746,0.8603603603603603,0.3437346792971795,0.8257689369287796,35.908143300499255,45.17561307315379,84.75256375657806,69.75130708892632,64.44224800971529,47.423698963036145,1822.252622268964,387.92119487908974,0.4145641897888215,0.2980995950862254,C,grading/data_processed/banana/C/Banana_Bad_IMG_20190910_175737__2.jpg,0707030311e9f9ff,221
26715.0,1219.4356331825256,1.1702127659574468,0.2257601472743798,0.7260990691037575,30.76206719483568,41.3004624161269,64.89172535211267,63.03344019131363,58.216439260563384,41.5415441416009,1386.677558124703,317.01411153210927,0.4724823853478847,0.3389974922856567,C,grading/data_processed/banana/C/Banana_Bad_IMG_20190910_175206__1.jpg,ff63070f0f0f0701,22
33178.0,1912.7779000997543,0.9243697478991596,0.1139543678030841,0.8185429156489774,24.641482789055605,29.05142244199688,92.65716387172698,68.51468682262856,72.76422477199176,49.20339067520798,3426.005477065401,544.2020643873989,0.4303793330186566,0.3399779681523828,C,grading/data_processed/banana/C/Banana_Bad_IMG_20190910_175534__1.jpg,0701018101c3f1ff,65
29923.0,1229.9108105897903,0.80859375,0.2485809016093066,0.8045980102178005,20.656452195618616,24.05230891671984,94.41839918546984,66.68120124660697,67.44950241403095,47.270968794315806,3021.2806314679688,481.15012515169906,0.4968154875067024,0.4196427559075349,C,grading/data_processed/banana/C/Banana_Bad_IMG_20190910_175449__1.jpg,cfc301010303e7fb,133
30088.5,1838.3687390089035,0.76171875,0.1118781171382999,0.8016118289596377,24.42703542975581,29.51001015299826,101.80792149750631,69.49455861991868,65.06460910680744,42.604181337068354,2949.6993748394866,551.4498429445877,0.4337875846766573,0.3690582483571565,C,grading/data_processed/banana/C/Banana_Bad_IMG_20190910_175538__1.jpg,83818181818fdfff,371
25170.0,1495.283392906189,0.683982683982684,0.141464040976813,0.7909870840011314,43.50352303523035,49.43600499624361,77.51866047231901,82.83472214374024,55.34773519163763,38.647099780305695,1804.424368616341,451.16739735848023,0.3780988032264584,0.2858911069653538,C,grading/data_processed/banana/C/Banana_Bad_IMG_20190910_175713__2.jpg,070343c141e1f1ff,19
27111.5,2009.055032372475,0.8879668049792531,0.0844072486450637,0.6402829275204874,43.84314706302701,48.930640380916714,62.36033299985708,60.86706611206553,57.22295269401172,35.40562277413176,2330.9103062144204,287.2830148247715,0.5632371015340608,0.4512078835590398,C,grading/data_processed/banana/C/Banana_Bad_IMG_20190910_175322__2.jpg,0707032313317fff,330
25990.5,1837.917948961258,1.0147783251231528,0.0966879295213639,0.7587691768724364,40.82730054481678,52.509416079706135,73.16038510336593,74.18444523785722,56.70729158892455,35.63428229392977,3246.1638681687036,356.6542112219152,0.4572254259996713,0.3516407354372003,C,grading/data_processed/banana/C/Banana_Bad_IMG_20190910_175410__2.jpg,03030301053fffff,26
32823.5,1402.4722100496292,0.91796875,0.2097037629020304,0.8499643943807859,25.98923638103211,23.555539165448067,58.309454045326795,70.14817335240733,70.95165341146924,49.47252138358655,2636.405596997324,368.9048310630343,0.5429338954960669,0.442923444495391,C,grading/data_processed/banana/C/Banana_Bad_IMG_20190910_175725__1.jpg,0f030103071f3f7f,261
25674.0,1328.1118193864822,0.9900497512437813,0.1829085965981721,0.8184904758109508,31.899809523809523,48.32448989666805,86.16594285714285,68.07097113004156,54.28049523809524,34.522287466869976,2150.570085107649,280.7630785466606,0.4517436364408199,0.3403063848128193,C,grading/data_processed/banana/C/Banana_Bad_IMG_20190910_175654__1.jpg,0f07030103e1fbff,86
33106.0,1584.3372148275375,0.9875,0.1657377076028389,0.7727734270141572,32.34782994585959,34.39566699928848,83.72986006331173,66.44385038106361,70.99505931777166,47.13265387998605,1814.0281289946413,378.1544138418079,0.489389300660963,0.4010245095420768,C,grading/data_processed/banana/C/Banana_Bad_IMG_20190910_175841__1.jpg,47c301030383ffff,190
29437.0,1067.151361823082,0.8565022421524664,0.3248264352163943,0.8301232339753533,35.81911479574781,45.18192454675226,81.27064250852443,67.94785432380557,64.93437855184864,47.483059894772275,1876.3595779037685,399.7761623790418,0.4112239449881641,0.2947964278666207,C,grading/data_processed/banana/C/Banana_Bad_IMG_20190910_175737__1.jpg,0707030311e9f9ff,221
29721.5,1884.167729496956,0.7677165354330708,0.1052062317203787,0.7885883336207697,24.20520127083947,28.324890364668015,104.99593855425633,71.72089870560121,63.97461596410206,41.41137776612739,2860.2050401804427,542.9455515869795,0.4357742023519315,0.3706103345126714,C,grading/data_processed/banana/C/Banana_Bad_IMG_20190910_175538__2.jpg,83818181818fdfff,371
24337.0,1093.920913696289,0.6896551724137931,0.2555671650904464,0.8758097020296531,37.66984932720973,45.837348326680086,83.44315526549029,83.69360394554376,54.214970590605105,39.43010495670407,1791.3375990235538,399.7909347213186,0.4155161292422437,0.325439403708719,C,grading/data_processed/banana/C/Banana_Bad_IMG_20190910_175713__1.jpg,030343c1c1e1f1ff,19
30453.0,2082.5768884420395,0.875,0.0882343839055503,0.7545435399348357,24.5972182345998,27.525008118988545,101.6414648929722,72.24132511424109,65.5219638242894,42.23624577391164,2733.157284248849,511.7894653867713,0.5001044993731234,0.4418359640073512,C,grading/data_processed/banana/C/Banana_Bad_IMG_20190910_175541__1.jpg,03818181818fdfef,371
24839.5,1307.70265853405,0.8598130841121495,0.1825301876604617,0.7739608649591824,40.75491738788356,51.54183299227281,72.54901652242329,71.77345246382106,54.744217151848936,38.27272361527984,1489.4781322111066,276.9259996935805,0.4820531426602911,0.3514504210598218,C,grading/data_processed/banana/C/Banana_Bad_IMG_20190910_175422__1.jpg,01010101c3f9ffff,64
28140.0,2135.003296136856,1.0787037037037035,0.0775776924613533,0.7420103364623984,32.05937220348317,35.48540691866658,95.67498451159908,69.68041046145578,61.81458663178908,42.32085701315743,2594.7301163306083,528.6890166028096,0.473766879019832,0.4085334632545193,C,grading/data_processed/banana/C/Banana_Bad_IMG_20190910_175553__1.jpg,e3c18101014373ff,76
31344.5,1444.638730287552,0.8723404255319149,0.1887351117236337,0.7915177838663653,35.302401951585665,35.36643247563991,79.8262963657972,68.18022334322956,65.3479389503972,40.53049659252828,1877.9874255037464,461.02717980809354,0.4033803750190217,0.3289615793555491,C,grading/data_processed/banana/C/Banana_Bad_IMG_20190910_175849__2.jpg,4747050101016bff,102
33435.5,1316.8742308616638,0.9453125,0.2422864281647284,0.8571007433991285,29.03415537462156,25.230033844307943,60.98836013050763,68.95834315340404,72.22177478616149,50.25911335599832,2568.640248574501,355.27491247406635,0.5466700386598105,0.4493079408568896,C,grading/data_processed/banana/C/Banana_Bad_IMG_20190910_175721__2.jpg,1f030103071f3f7f,261
32417.0,1356.0874351263046,1.0,0.2215171223450416,0.7792173453199366,29.43144855992005,23.212233083785268,68.00093885338744,72.923928999085,68.04006783972864,44.70877121590659,1951.8995028471109,287.5196844362745,0.5871642433660832,0.4948289150208521,C,grading/data_processed/banana/C/Banana_Bad_IMG_20190910_175802__1.jpg,3f600001030f7fff,336
17928.5,2409.7556034326553,1.1428571428571428,0.0387978644987156,0.618362736475417,44.176051882315726,29.5918340163218,123.8510492460192,76.5977426822756,82.0773489402088,63.370643226340746,8521.037431665498,1172.7571989528797,0.4307271636039767,0.3909616759225806,C,grading/data_processed/banana/C/Banana_Bad_IMG20200730132833__01.jpg,fd7baa8568010f3e,563
31383.0,1445.7097985744476,0.8723404255319149,0.1886870400633245,0.7925900670530742,34.878389353992254,35.50120400419889,79.81253904785706,68.10986772254745,65.39169686367612,40.59565995188984,1785.4053727837208,460.6035669586984,0.4052000109227144,0.32817266865406,C,grading/data_processed/banana/C/Banana_Bad_IMG_20190910_175849__1.jpg,4f07050101016bff,102
33476.0,1483.2833923101423,0.9453125,0.191203199347142,0.8565580062432834,28.601757984178143,24.22262280287554,61.1408145326692,68.66013643126794,72.35660709053619,50.163020132176456,2584.358650367236,383.3740599066389,0.5464145917467645,0.4473163511296859,C,grading/data_processed/banana/C/Banana_Bad_IMG_20190910_175721__1.jpg,1f030103071f3f7f,261
23365.5,1677.266147017479,1.4640522875816993,0.104371272862935,0.7841692816270367,34.09021901443504,43.0015023089962,64.0323544051767,71.66691846825968,49.80649576903932,31.54102749455731,1613.2345498239804,272.87769278114826,0.4482436678312239,0.2902314399731001,C,grading/data_processed/banana/C/Banana_Bad_IMG_20190910_175156__1.jpg,ff3f0b01011f1f07,181
28234.5,2020.878405570984,1.087962962962963,0.0868779568640176,0.7399753642939512,32.2525943234142,35.85054297338893,95.42656862071335,68.98995876643937,62.09033743385334,42.90341029615244,2642.04131828826,517.1798433048433,0.4758609796944503,0.4131894510985589,C,grading/data_processed/banana/C/Banana_Bad_IMG_20190910_175551__2.jpg,e3c18101014373ff,76
25209.5,1488.6976058483124,0.7136563876651982,0.1429424153368642,0.788486800950832,47.30758524704245,50.8169594430485,78.1271166782649,83.10949851573832,55.54813268383206,38.75458661920794,1847.1764983584487,449.3453908665555,0.381061497869679,0.2891255822666209,C,grading/data_processed/banana/C/Banana_Bad_IMG_20190910_175715__1.jpg,0303414141e9f1ff,19
28532.0,1319.1168715953827,1.1057692307692308,0.2060513808597951,0.732726408916396,41.03932275568377,48.47784067299082,69.10570780960231,63.69873981209501,60.53430867504636,40.27140189197901,1281.111213639511,297.91759741350353,0.5171689467469607,0.3891902665780773,C,grading/data_processed/banana/C/Banana_Bad_IMG_20190910_175144__1.jpg,ffe3870f07070701,23
33168.0,1335.2001321315763,1.0611353711790392,0.2337956441065826,0.7783448907036502,30.077618130647313,34.42680291594634,87.96655310324397,66.11461866126356,72.54276403495778,49.561706007943855,1901.718876265491,367.46290014074856,0.4745348538441559,0.3892832781666922,C,grading/data_processed/banana/C/Banana_Bad_IMG_20190910_175836__1.jpg,c7e101030303f3ff,190
28220.0,961.0681027173996,0.8840579710144928,0.3839357440630345,0.8455430711610487,38.23259223063767,45.06374281764707,82.81246727862901,70.72702065789848,61.40410456877595,44.3876085319671,1747.6474341754624,357.839491426448,0.3717177275429424,0.2420325271479181,C,grading/data_processed/banana/C/Banana_Bad_IMG_20190910_175740__1.jpg,070303010179ffff,26
25224.0,963.2102370262146,0.904040404040404,0.34165017105385,0.810331534309946,31.33137132610899,40.43753358274983,82.73356981367428,67.37041271320614,53.204490527792935,35.65505528369727,1353.1470733603196,246.99809896720015,0.4315211072060134,0.2721789322502102,C,grading/data_processed/banana/C/Banana_Bad_IMG_20190910_175731__1.jpg,070303010179ffff,26
26413.0,936.7005715370178,0.6015625,0.3782910138694669,0.8646675614626641,50.688410386320456,40.129537235840566,69.9126401668964,74.91445036801088,56.36933278694632,39.64798184657803,1688.797294368348,379.2629187091504,0.4383504867765393,0.3187769954919504,C,grading/data_processed/banana/C/Banana_Bad_IMG_20190910_175752__1.jpg,0103030303077fff,13
29612.0,1708.7291293144226,1.087962962962963,0.1274474523994324,0.7757213773953135,31.80264285243525,35.20262642200497,95.3339484610822,67.52392941888928,66.77127133724379,48.481676861593186,2698.5017337168497,540.6666270971826,0.4562080537257006,0.3913317625077647,C,grading/data_processed/banana/C/Banana_Bad_IMG_20190910_175551__1.jpg,e3c18101014373ff,76
31527.5,3544.3283171653748,0.75,0.0315378083240492,0.6701135011052543,65.6449446360501,55.276294376349874,83.69280571186543,70.856873906592,101.12688328190234,64.43431742887904,12867.60852486847,1888.7001186191096,0.3343032375627479,0.3063965980608796,C,grading/data_processed/banana/C/Banana_Bad_IMG20200730132849__01.jpg,87c32d7a450b1a1d,358
28825.5,2285.2459355592728,0.8170212765957446,0.0693618747264799,0.7452686281607115,54.784396592205006,52.39834514052245,105.69219158784465,71.99206104773624,98.83122023210572,65.74257951480202,8061.589315723476,1152.887378857079,0.3652680178982211,0.3246491154832714,C,grading/data_processed/banana/C/Banana_Bad_IMG20200730132859__01.jpg,df1a0521c5005095,588
25547.5,982.943212032318,0.58203125,0.3322778686391264,0.8521798592347977,50.19523076923077,39.16514198219043,73.28,74.63707461906614,54.72311538461538,38.96554874188202,1681.6261225722244,389.5501741976352,0.4304023380796566,0.3173729742910689,C,grading/data_processed/banana/C/Banana_Bad_IMG_20190910_175752__2.jpg,0103031303337fff,13
