area,perimeter,aspect_ratio,circularity,solidity,hue_mean,hue_std,sat_mean,sat_std,val_mean,val_std,laplacian_var,glcm_contrast,glcm_homogeneity,glcm_energy,grade,path,ahash,cluster_id
7286.5,322.634556889534,0.97,0.8796442515685302,0.9869294324800216,24.648215488215488,47.38938371338765,158.33468013468013,54.173912888882825,96.20646464646464,54.29691471996656,2532.9263102455097,404.4234375,0.3672895430235299,0.21757764967283,A,grading/data_processed/onion/A/Onion_Red_2_r2_112__100.jpg,f7e1e1c08081c1e7,7
5302.0,334.39191710948944,1.2658227848101269,0.5958515111212199,0.9179362880886428,29.405177161740408,46.465755316266176,97.74958692858456,52.349660492281814,70.06554066458601,40.115130809242345,5515.117428296747,447.2284874057027,0.4694527689317077,0.2966062976272214,A,grading/data_processed/onion/A/Onion_2_r1_50__100.jpg,ffe1c08000c0e1ff,5
5164.5,314.49242091178894,1.1904761904761905,0.6561721270993859,0.9115700291236432,34.04716091303528,48.55571892153497,83.5365025466893,49.92630710983518,68.12922090171666,39.08740244547351,4941.069499773243,370.71007696007695,0.4875050204668704,0.357303943829027,A,grading/data_processed/onion/A/Onion_2_r2_101__100.jpg,ffe1c08080e0e1f7,5
7514.0,328.048770070076,1.0,0.877413327996014,0.9846678023850084,74.7106466361855,82.19625562779089,120.64114957544088,40.87205704885441,98.55545395166558,56.388058051008336,3310.4780006399997,509.0155555555556,0.3449425532184005,0.2214306839650837,A,grading/data_processed/onion/A/Onion_Red_1_r2_30__100.jpg,ff8f1f01018181c3,11
4507.0,305.70562422275543,1.139240506329114,0.6060250340241279,0.920077574767786,51.788826574633305,75.73402134474257,116.7739430543572,50.427707103610835,59.853753235547885,34.935355204867655,15019.648963821484,404.70829185037695,0.4630837771608852,0.3323780309029851,A,grading/data_processed/onion/A/Onion_Red_1_r_153__100.jpg,ffc381018181c3f7,0
4709.0,291.7056245803833,1.1294117647058823,0.6954228366863539,0.922700107769178,142.62388739391432,53.03505010577018,93.05692403229143,45.60618039144215,62.09045746222314,35.977998377205445,9306.537522692595,356.6422291021672,0.5675474989527057,0.3932318252524062,A,grading/data_processed/onion/A/Onion_Red_3_r_52__100.jpg,ffc3c1818081c3ef,0
6720.5,320.49242174625397,0.88,0.8221970606661415,0.9727871462690888,24.749854227405248,40.53398449937587,100.62755102040816,51.29059921147247,88.0430029154519,50.49413890032914,2423.469617975207,584.6826436781608,0.3652180100236867,0.2054641185939638,A,grading/data_processed/onion/A/Onion_2_r2_313__100.jpg,ff819f81818183e7,28
6714.0,312.5340517759323,0.93,0.8637668178627824,0.9802175341265784,19.29798422436459,8.656374753057174,131.89278410750802,50.35908931512162,88.30908559742916,51.184771198476106,4537.688841195514,410.4215217391306,0.4347152334880452,0.249770274887528,A,grading/data_processed/onion/A/Onion_White_1_r_46__100.jpg,efdf9f81010183c7,16
3554.0,294.73506236076355,1.694915254237288,0.514119030979636,0.8804657500309674,29.213315217391305,47.53768398641169,81.3288043478261,54.319180861275726,47.59130434782609,28.74022197492984,14210.803762596955,314.15168635507615,0.5312527138145055,0.3626216307001384,A,grading/data_processed/onion/A/Onion_2_r1_100__100.jpg,ffe1c10080e0e3ff,51
6522.5,329.32084834575653,1.162790697674419,0.755762781611332,0.9542096408455856,28.959945994599455,52.645110851880005,91.58430843084308,53.50681419890243,85.81878187818782,49.04802885121629,2533.8431045970797,477.8394409208363,0.3738632910979008,0.2120105258173536,A,grading/data_processed/onion/A/Onion_2_r1_334__100.jpg,ffe180000001c1ff,54
3651.5,298.8355664014816,1.694915254237288,0.5138266198434869,0.8912618989504516,37.46125363660407,58.591827651674265,87.57577360486644,55.044545786639915,48.7006083046813,28.665039655297935,10795.28614064924,297.14877589453863,0.5081780867071095,0.3465507497946063,A,grading/data_processed/onion/A/Onion_2_r1_286__100.jpg,ffc783000081c7ff,53
6515.0,344.5340527296066,1.0101010101010102,0.6896996070746246,0.9263472202474052,78.18205012757016,84.82079720316273,114.83265796187904,44.50904225219106,85.85457001350743,49.67670971662695,5131.665241046831,444.1633506785022,0.442087422994687,0.3150818183789723,A,grading/data_processed/onion/A/Onion_Red_1_37__100.jpg,ffe78306000081e3,12
6555.0,352.1909055709839,0.89,0.6640889984075362,0.957353585511903,22.379212645392187,42.67559584936059,86.79943334327469,50.32111800887168,86.3273188189681,49.720774964262816,2344.655729465977,542.556931818182,0.3591395349585199,0.2294333659725359,A,grading/data_processed/onion/A/Onion_2_r2_138__100.jpg,ffd9c1c1c1c181c7,39
3846.5,303.52185797691345,0.56,0.5246813855266003,0.8681864349396231,44.7572864321608,62.359199267950835,85.94020100502513,53.22471034129174,51.561557788944725,30.72585017424373,12661.74385255102,470.7376363636364,0.4088228042424652,0.2668753384653436,A,grading/data_processed/onion/A/Onion_2_r0_286__100.jpg,e7e3c383818183c7,26
6896.0,321.2203425168991,1.0,0.839848662929208,0.97594112652137,26.24338925220358,51.01504697773458,178.36735854421383,48.82219652083852,91.03170315609894,51.631169282553195,3045.877144873683,390.4101159793814,0.383685135511038,0.2355202665910418,A,grading/data_processed/onion/A/Onion_Red_2_r2_276__100.jpg,ffc381808081c1e7,7
7327.5,346.7766914367676,1.020408163265306,0.7657127765017165,0.972139303482587,82.17750133761369,85.46134944695373,123.1954253611557,37.56713178461531,96.9153290529695,56.293139219442914,2190.7018862036653,376.82962275819426,0.3965169897072385,0.2217149146351155,A,grading/data_processed/onion/A/Onion_Red_1_r_84__100.jpg,ffdf9b01008081c3,16
4110.5,321.1198365688324,0.65,0.5009221642967575,0.8637318764446312,43.4596185542736,60.527309325148934,73.86461031316223,48.83070023419131,54.598304685660466,31.98557740894471,11427.627334698223,498.03906249999983,0.4675079462383094,0.326257146413588,A,grading/data_processed/onion/A/Onion_2_r0_149__100.jpg,e3e383818181c1e3,50
6631.5,314.2914116382599,1.098901098901099,0.8436389272575993,0.9780252193791018,17.824242424242424,18.15497881067416,141.15535846267554,52.33630195503894,87.16230598669623,50.615171717442784,5724.837616906171,527.4927294927295,0.3902115542449901,0.2439913990052642,A,grading/data_processed/onion/A/Onion_White_1_155__100.jpg,ffc38f0c000081ef,2
5518.0,312.04877042770386,1.0898876404494382,0.7121092200504746,0.9405949032642972,137.84303663068482,54.212767900318454,83.78658644487702,45.77050038211972,72.70111484692974,42.27255687096781,7320.281454300102,456.7095037453184,0.4744096999758427,0.3325154868421187,A,grading/data_processed/onion/A/Onion_Red_3_r_166__100.jpg,ff870301030387ef,86
5894.5,318.14927566051483,1.075268817204301,0.7318043024057034,0.9295119451233936,26.45573607427056,42.79206901609648,82.97480106100795,49.81295945835968,77.51243368700266,44.49015081052738,3507.194818406753,429.53415879222337,0.4731768979755723,0.3403371438311086,A,grading/data_processed/onion/A/Onion_2_r2_112__100.jpg,ffe1c080c0c0e1f3,5
6365.5,323.4629830121994,1.0,0.7645276764632958,0.9494369453352226,22.309963099630995,37.678637888532414,83.20679581795818,49.7086450646288,83.57749077490774,48.01155390979338,2740.403272636818,512.4116347569956,0.4380772364832117,0.3092434529346836,A,grading/data_processed/onion/A/Onion_2_r2_118__100.jpg,ffc1c0e080c0c1e3,5
4492.0,332.048770070076,0.75,0.5119715873029551,0.8519677572309151,46.40992448759439,62.466427908409024,72.61208198489751,54.24303955846572,59.50658036677454,34.2605617989345,9096.59309616,483.57621621621627,0.4769457473315928,0.3629956373355146,A,grading/data_processed/onion/A/Onion_2_r0_222__100.jpg,f3c3c3c181c1c1e3,50
6753.0,321.5634890794754,1.1111111111111112,0.8206786761391058,0.974247998268773,20.486506094022054,8.03228888258978,123.95008705745792,51.73948766239941,89.03438769587927,52.01308885077496,5590.696334802468,461.76958473625143,0.4135070140365221,0.2223930858051591,A,grading/data_processed/onion/A/Onion_White_1_42__100.jpg,ff8f8f0d000081f7,13
3878.5,312.49242186546326,1.6129032258064515,0.4991081711838486,0.9004062681369704,37.053811659192824,57.846855478579585,86.68211260587942,56.29490374150967,51.77204783258595,30.181977647764366,8691.491677003121,316.91544477028344,0.500040720143769,0.3377832800071228,A,grading/data_processed/onion/A/Onion_2_r1_297__100.jpg,ff8703000083c7ff,0
7027.0,320.0487713813782,1.0416666666666667,0.8620798395386023,0.9810820244328098,80.41596873255165,85.47882868051595,114.37674483528755,42.02832684789997,92.25795644891122,53.19048512180864,3185.309583333333,339.81944444444446,0.3835940207883054,0.2408953692369568,A,grading/data_processed/onion/A/Onion_Red_1_r2_143__100.jpg,ffc38703808181c7,84
6260.0,318.3919166326523,1.1363636363636365,0.7759971578950834,0.9595340282035562,29.60200093793966,52.420028782900296,93.88525871502269,51.40814954456344,82.08441456932937,46.769706128083115,3303.941239346591,555.0537190082645,0.4055720885870801,0.2607565460466504,A,grading/data_processed/onion/A/Onion_2_r2_184__100.jpg,ffe38100010183ff,0
4245.0,273.42135310173035,1.5151515151515151,0.7135471933002432,0.9371895352687934,18.73062815222375,39.692619076953775,147.49679046309032,65.6472700560409,56.18454837230628,32.184255887665145,13286.925375941231,280.1371288644017,0.4426480290689478,0.3254935036987003,A,grading/data_processed/onion/A/Onion_Red_2_r2_20__100.jpg,ffe1c10000c0e1ff,59
6592.5,363.9482653141022,0.88,0.6254328597544214,0.9610758801661928,24.34548148148148,46.041431160278805,89.91688888888889,51.88214903836887,86.86340740740741,50.173403108626005,1970.3269632102272,543.2309195402299,0.3474851999961125,0.2177288060938164,A,grading/data_processed/onion/A/Onion_2_r2_144__100.jpg,ffd9c1c1c18181c7,39
7173.5,321.9482647180557,1.020408163265306,0.8696986369875963,0.9813940762022026,24.17154582763338,42.39919223595609,161.70027359781122,52.495367914282525,95.2280437756498,53.35965630321272,3425.9808952936273,465.09255823541537,0.3722273481930494,0.2392202097446931,A,grading/data_processed/onion/A/Onion_Red_2_r1_120__100.jpg,ffe181808081c1e7,7
4334.5,291.3208501338959,0.67,0.6418088982765232,0.9276618512573568,41.1325409284593,67.61717408368467,150.85422740524783,55.168426994335135,57.46176272706885,32.49211000384049,14443.724345622632,391.26606060606053,0.4875086053642607,0.3131785745532868,A,grading/data_processed/onion/A/Onion_Red_2_r0_244__100.jpg,f3e7c3818181c1e7,26
4577.0,285.42135310173035,1.4142857142857144,0.7060213838719538,0.9335100958596776,18.50468085106383,40.74665603567517,158.26531914893616,63.12638142077431,60.617446808510635,34.126274177323964,9659.854116593684,298.4151603498542,0.4390500025884409,0.3062175508252112,A,grading/data_processed/onion/A/Onion_Red_2_r2_305__100.jpg,ffe1800080e0e1fb,59
7064.5,335.1198385953903,0.97,0.7904802381383143,0.9639104925637876,16.75332963374029,15.694818684222884,139.83310210876803,54.568926953194634,92.98251942286348,53.60111571263419,3657.427125890106,452.1985416666667,0.3879029887146779,0.2410904476532672,A,grading/data_processed/onion/A/Onion_White_1_r2_67__100.jpg,ffdf9f80818181e3,109
5784.0,390.8183218240738,0.93,0.4758699896412127,0.8666466886424933,34.96420769618552,12.571525334740508,51.31019996639221,31.81169751232562,76.76508149890775,44.54659195309364,3205.7678480286736,525.3145652173913,0.5720425976161952,0.3435315468435885,A,grading/data_processed/onion/A/Onion_White_2_r1_158__100.jpg,ff9f9f01010183c7,16
6949.5,321.462984085083,0.95,0.8450871139329862,0.9819145178382196,149.58035840270918,45.56579692363476,107.02441089318472,42.19964840509541,91.3581205023282,52.44985791802366,2688.522053584487,411.4498936170213,0.407747548306946,0.2398986412645545,A,grading/data_processed/onion/A/Onion_Red_3_r2_52__100.jpg,ff8f9b08010183c7,21
6732.0,359.5046133995056,1.0,0.654553328286892,0.9364306579496452,15.380973129992736,12.658440784345483,141.59840232389251,49.5230565236047,89.1514887436456,51.744047748988535,3637.027502640595,414.2825583841785,0.3983864493922374,0.2676822420449449,A,grading/data_processed/onion/A/Onion_White_1_r2_84__100.jpg,ff9f9b01010181e3,11
3743.0,311.07820749282837,1.6129032258064515,0.4860607084708548,0.8732065787938877,29.30582774626096,50.72309340235952,74.03223310985044,51.177846656149185,49.95513151108819,29.2740522888754,11773.6402289282,308.8300749429782,0.5197233918942579,0.3602204880573361,A,grading/data_processed/onion/A/Onion_2_r1_117__100.jpg,ffe1810080e0e3ff,51
6320.5,323.32084822654724,1.162790697674419,0.759790537836883,0.9545420222004076,14.195325800959605,34.8282306340797,172.20213589227674,49.569519736214296,84.29360780065005,46.1980923879787,3993.4288395754465,424.34954193093733,0.3627025008308395,0.2338288172709771,A,grading/data_processed/onion/A/Onion_Red_2_r1_274__100.jpg,ff01818080c1c1ff,71
5081.5,343.806129693985,1.065934065934066,0.5402248568504895,0.8735602544266804,33.77690690116612,14.967016884103495,63.227681131714775,46.7044908856914,67.58860638501243,39.421850951342286,1708.4403244168466,285.9040750915751,0.6023744722108739,0.3947086961497631,A,grading/data_processed/onion/A/Onion_White_2_r1_4__100.jpg,ff9f0f0f010181c7,16
4518.5,280.1492749452591,0.7,0.723477692954529,0.9481691323051096,15.467759327151176,29.01088278255297,155.8969161095536,52.75662343988847,59.87405650204874,33.64596546102431,12443.154223489795,373.97318840579715,0.4686474758511122,0.3179890803793358,A,grading/data_processed/onion/A/Onion_Red_2_r0_205__100.jpg,f7e3c1818181c1e7,7
5950.5,317.46298336982727,0.95,0.7419542674662062,0.9283151326053042,146.9858692080184,46.66164062702762,93.87019388761092,40.547666826941395,78.18862964180086,45.03898237253296,4445.843019113574,383.09851063829785,0.5134564597999046,0.3451433149821496,A,grading/data_processed/onion/A/Onion_Red_3_173__100.jpg,ffe781010081c1e3,12
7349.5,322.2914116382599,1.020408163265306,0.889140091118516,0.9881016402258672,27.66087885668492,54.14944269246968,144.99065046079872,54.88098436594935,96.59823694403632,55.12369312348851,2912.5567392648895,378.06060606060606,0.3588646748040595,0.2220320967776108,A,grading/data_processed/onion/A/Onion_Red_2_r1_82__100.jpg,f7e1c1e0808181c7,55
7363.0,321.7056237459183,1.020408163265306,0.8940202558462591,0.9883221476510068,28.724666666666668,51.88735033598086,150.46893333333333,55.48858112136356,97.05066666666669,55.00458010828638,2960.7886650458145,402.0867862296435,0.3485340715257214,0.2205536907464223,A,grading/data_processed/onion/A/Onion_Red_2_r1_93__100.jpg,ffe1e0c0808181e7,5
4740.5,340.1492748260498,1.36986301369863,0.5148668330267052,0.8741471510234188,31.69237062794027,46.76896761365908,93.16056453262426,50.3876666219542,63.10840662712211,36.52726461753292,7155.614701519984,436.8848761588486,0.4843323396381587,0.3159664665859157,A,grading/data_processed/onion/A/Onion_2_r1_60__100.jpg,ffe1c00000e0e1ff,59
4629.5,276.49242198467255,0.7,0.7609874364946778,0.9614745586708204,12.571308194649252,15.5538885476334,153.90667790183272,57.28318895401374,61.14156309247946,34.711434550614435,11242.458340489797,407.88289855072463,0.4456449211057192,0.301983222770237,A,grading/data_processed/onion/A/Onion_Red_2_r0_169__100.jpg,e7e3c1818181c3e7,26
4352.5,329.80612897872925,1.4285714285714286,0.5028415999337786,0.8602628718252792,30.669632925472747,47.32386324291966,90.66896551724138,49.67517944485642,58.08031145717464,33.98281319047941,8579.133369714285,417.44415584415594,0.4981657844276834,0.3437139778539695,A,grading/data_processed/onion/A/Onion_2_r1_66__100.jpg,ffe1c00000e1f1ff,59
5801.5,302.9777032136917,1.1666666666666667,0.7941980613168027,0.9661920226496794,24.075366717248357,48.356853871165214,173.36705445961894,53.386812341546054,76.50784016186141,42.84602142658931,5869.48166881288,382.57682866961215,0.4031425712689104,0.2630942021318336,A,grading/data_processed/onion/A/Onion_Red_2_r2_284__100.jpg,ffc1010080c1c1f7,51
6785.0,340.2497807741165,0.88,0.7364851728366003,0.9587395789176204,24.222494592645997,37.61321327228901,104.9436193222783,50.69511758216744,89.05277577505407,51.00663214304849,3082.421249883781,615.0751724137931,0.3699906776630027,0.1942712022911151,A,grading/data_processed/onion/A/Onion_2_r2_324__100.jpg,ff81bf81818181e7,28
4806.0,325.8477603197098,1.120481927710843,0.5688059752437142,0.8909074056909816,61.392069593364354,80.91551325348873,110.67206150111268,47.3539865568559,63.96864252478253,37.14073202342632,11891.250887917437,368.8098480880042,0.4804646111875223,0.3431032667670383,A,grading/data_processed/onion/A/Onion_Red_1_r_131__100.jpg,ffc3830181c1c3f7,88
7014.0,318.1909066438675,1.0526315789473684,0.8705627839646191,0.9869143098353736,25.787213206491327,51.462795564024816,148.29854504756574,51.03903465857434,91.88724118634585,52.154688341547256,3569.299306138505,400.34396597554496,0.3843896058783536,0.2333594774123103,A,grading/data_processed/onion/A/Onion_Red_2_r1_66__100.jpg,ffe1e1c0008183e7,7
5919.0,337.3624794483185,0.96,0.6535286694325794,0.9223936418887332,56.91918192314036,78.8049077883433,118.3963384463137,41.785485736013,77.80735609434274,44.88229147149091,6436.285541493055,428.0353684210528,0.5002570161550366,0.3542369427859678,A,grading/data_processed/onion/A/Onion_Red_1_7__100.jpg,ffef8301010181c3,4
5941.5,334.77669191360474,0.95,0.6661860561926438,0.9266942213210636,59.66042077580539,80.01514529275043,120.44444444444444,42.32133467347282,78.17570677186062,44.94670883778482,6349.7199988919665,473.920744680851,0.4874423265464599,0.3441746841629275,A,grading/data_processed/onion/A/Onion_Red_1_9__100.jpg,ffe7c381010181c3,4
7238.0,324.3919155597687,1.0309278350515465,0.8643475359690526,0.9824228028503564,72.17958796421794,81.75556385298735,122.91040932502032,42.06853890235143,94.96150718351856,54.46160627838958,4049.884160739717,507.56201187129034,0.3408145197276527,0.2257535360479808,A,grading/data_processed/onion/A/Onion_Red_1_r2_34__100.jpg,ff9f0701018181e3,11
7078.5,319.8061304092407,1.0526315789473684,0.8697161432936891,0.9825109306683324,72.7530487804878,81.84854829297423,123.33827605321508,44.75650937457118,92.8079268292683,53.07908089368073,4027.595851523545,504.5836257309942,0.3350354849615681,0.2266658875966002,A,grading/data_processed/onion/A/Onion_Red_1_r2_39__100.jpg,ff870701018181e7,11
3891.0,321.42135322093964,0.58,0.4732838056235654,0.8433943860409667,39.29786706349206,56.39091973699212,74.94097222222223,50.607044021660776,51.861607142857146,30.72571621784647,12771.11541450654,469.8303508771929,0.4445762234291334,0.2819620556036685,A,grading/data_processed/onion/A/Onion_2_r0_106__100.jpg,e7c3c3c1818183c3,3
6850.0,314.04877066612244,0.93,0.8727829227954123,0.9823605334863044,18.797823596792668,8.32068220895916,133.71463344788086,49.086763461702645,89.93184421534937,52.134193803056334,4201.363119250781,359.5725000000001,0.4304807284881949,0.2362545945783008,A,grading/data_processed/onion/A/Onion_White_1_r_50__100.jpg,ffdf8d81010183c7,11
4413.5,282.35028553009033,1.4705882352941178,0.6956912361272098,0.9307254323070434,20.87279541446208,44.545924826415835,153.6221340388007,63.32137929816346,58.40321869488536,33.374047598876416,12508.39454738322,309.85398098633397,0.4466474580364141,0.3176504605134684,A,grading/data_processed/onion/A/Onion_Red_2_r2_309__100.jpg,ffe1810000e0e1ff,59
5933.0,360.81832134723663,0.95,0.5726734499212073,0.8994163571590995,56.29153656532457,78.53211121605777,114.78718159408382,41.928626995599586,77.90287592440427,44.82249039237712,6354.148921207757,416.8508510638298,0.4978639799256727,0.344414470549317,A,grading/data_processed/onion/A/Onion_Red_1_195__100.jpg,dfef8301000081c7,4
5894.0,308.04876959323883,1.1494252873563218,0.7805146132399412,0.9604041062408344,101.98721991701244,85.02435093317251,118.4982572614108,45.91691618547139,77.4004979253112,44.3922287664836,5631.14541635619,345.684198304888,0.4267788649260918,0.2945239076429191,A,grading/data_processed/onion/A/Onion_Red_1_r2_131__100.jpg,ff838101018183ff,0
4827.0,300.04876947402954,1.0975609756097562,0.6737572675607604,0.9390137146192004,53.0853855470327,76.11521142423598,115.95337101332257,49.42520280102565,63.788655631812674,36.80771902390769,11858.839369184276,408.2288298163881,0.4455431257093558,0.3130057973548326,A,grading/data_processed/onion/A/Onion_Red_1_r_158__100.jpg,ffc381018181c3ff,0
5557.5,294.8355669975281,1.0602409638554218,0.803395860903494,0.9667739410280944,130.49445910290237,63.5312969715875,95.511345646438,47.146513749155964,72.95866314863676,41.905978620277075,6376.084903589265,396.8811798919816,0.3631298151126085,0.2050543513071155,A,grading/data_processed/onion/A/Onion_Red_3_r_7__100.jpg,ffc18380808181ef,22
4466.0,277.07820785045624,0.69,0.7310108834331828,0.9504149819110448,17.797120418848166,34.566769373729926,153.26396160558463,53.82692880830153,59.14877835951135,33.10524669733693,12728.8466447385,349.71264705882356,0.473378237877732,0.316304214959877,A,grading/data_processed/onion/A/Onion_Red_2_r0_204__100.jpg,f7e3c1818181c1e7,7
6280.5,312.9777023792267,1.1494252873563218,0.8057072804190526,0.9662307692307692,28.967108339828528,53.77231242717921,79.68339828526891,51.6422944447013,82.3485580670304,47.13641936196342,2910.491595864711,505.2478811099502,0.4089323323843656,0.2483764343830566,A,grading/data_processed/onion/A/Onion_2_r1_158__100.jpg,ffc381808080c3ff,6
5127.5,300.6345565319061,1.1325301204819278,0.7129149705622886,0.9403080872913993,79.23824928639391,82.95810701139553,108.38230256898191,45.3383494238104,67.47059942911513,38.97490765553797,8868.046028940056,378.7359761627154,0.4454109438808263,0.3117434040281986,A,grading/data_processed/onion/A/Onion_Red_1_r2_16__100.jpg,ffc381818181c1e7,7
4572.0,343.3624781370163,0.75,0.4873157144872279,0.8583497606308083,49.146217418944694,62.97808898916762,73.03899131171859,53.41161244972387,61.11337147700784,36.68689749803487,9647.56773518222,548.7971621621622,0.4708000483856611,0.3522082585831441,A,grading/data_processed/onion/A/Onion_2_r0_214__100.jpg,f3c383c181c1c1e3,50
6096.5,315.3208478689194,1.1363636363636365,0.7705220489310385,0.957289785663814,27.96695010428365,41.488495196995544,95.9977538905824,51.55598479511598,80.13460612866999,46.151106220761186,3800.809601446281,528.4424931129475,0.4716157357449512,0.2796551161928696,A,grading/data_processed/onion/A/Onion_2_r2_10__100.jpg,ffe181800080c1f7,7
5599.0,385.36247849464417,0.97,0.4737851872082116,0.7795335885833623,17.186232009710423,16.30149860412669,140.88347494364487,50.364204494441665,74.8923183631004,43.82545365841008,2633.5130097885008,286.989375,0.5200832924719577,0.3927438091845342,A,grading/data_processed/onion/A/Onion_White_1_r2_117__100.jpg,ef8f9f0f010181c3,23
5190.0,330.87719762325287,1.091954022988506,0.5957218701684296,0.912367056341742,34.19073518379595,9.418890357071252,69.503375843961,35.52222907273825,69.11871717929482,40.19882565014424,2088.08573006457,361.14208853020295,0.5231848945487271,0.3402168157243525,A,grading/data_processed/onion/A/Onion_White_2_r1_90__100.jpg,ffbf0303030181e3,52
6957.5,358.4335460662842,1.0309278350515465,0.6805276593404166,0.9472430224642614,84.0326255097736,84.86205142812072,125.20165940092814,37.669952052551814,92.3515679932499,53.92350071282734,2432.15837300457,367.10319691762993,0.4086371422557693,0.2515741123362768,A,grading/data_processed/onion/A/Onion_Red_1_r_93__100.jpg,ff9f8705008081c7,16
4723.5,301.9482640028,1.1904761904761905,0.6510415546895477,0.9050584403142364,144.89030927835051,50.163714747056055,93.84247422680411,45.08923031928369,62.13134020618557,35.634118182104885,8415.033633205783,330.6689514189514,0.5788753973987918,0.4094486752601206,A,grading/data_processed/onion/A/Onion_Red_3_r_55__100.jpg,ffc3c1818081c3ef,0
7152.0,425.78888487815857,1.0,0.4957340268696252,0.9528377298161472,85.60935369511863,84.21992244451862,118.3890100899918,37.796685931985266,94.95473138805563,54.93472211513398,2322.800909468696,492.6025561739848,0.3792128864993169,0.234363483383007,A,grading/data_processed/onion/A/Onion_Red_1_r_103__100.jpg,ffaf8703008181c3,4
6787.5,318.4924212694168,0.91,0.8408557564044623,0.9749353634013216,14.944556742708636,5.742862206967296,142.9897487727404,52.69301287237095,89.32962749061507,51.66377179671657,5662.062019985508,633.3186666666668,0.3787779090184794,0.224535308889875,A,grading/data_processed/onion/A/Onion_White_1_r_139__100.jpg,ef8b8d09018181c3,11
6507.0,310.3919150829315,1.1235955056179776,0.8487306183119762,0.9768070254447196,16.092469879518074,12.43415927158975,141.74352409638556,53.316903530105435,85.7387048192771,49.81266358812991,5717.635759866178,526.3702190443763,0.3833082462245923,0.2414030854386592,A,grading/data_processed/onion/A/Onion_White_1_164__100.jpg,ffc38f08000081ef,63
7386.0,321.7056255340576,1.020408163265306,0.8968129208576451,0.9891522699879468,27.32101555230626,50.887800343229856,147.39040276485446,56.52180929374116,97.0029243652798,55.36868793674608,2931.418710693461,399.4824778396207,0.3465723187517212,0.2187154222083937,A,grading/data_processed/onion/A/Onion_Red_2_r1_89__100.jpg,ffe1e0e0808181e7,7
6733.0,349.0193327665329,1.0208333333333333,0.6945755806252487,0.9444522373404404,15.571490845684394,12.792110408773349,141.67640220866028,49.24435148728091,89.06175530369079,51.51786573863351,3264.686278720672,410.4202104810997,0.3880242019120797,0.2543914520485573,A,grading/data_processed/onion/A/Onion_White_1_r2_83__100.jpg,ff8f9b09010081e3,18
3707.0,265.42135298252106,0.63,0.6612424597475816,0.9212226640159046,44.79057591623037,67.86007404510076,159.18089005235603,58.46921149118986,49.2520942408377,28.459258255107613,18165.65109324767,344.4766129032258,0.5223806522307012,0.3704350839280571,A,grading/data_processed/onion/A/Onion_Red_2_r0_25__100.jpg,f7e7c381818183c7,26
6726.0,315.90663492679596,0.88,0.8469333453523518,0.9786119598428634,21.74180387585604,39.36788620559501,97.17266501529944,50.03339463547683,88.14250327844965,50.554294084818906,2460.774540289256,512.4708045977011,0.3585931365865896,0.2054407755869028,A,grading/data_processed/onion/A/Onion_2_r2_306__100.jpg,dfc18f81818183e7,28
6946.5,316.1492758989334,0.91,0.8733564282339604,0.9861584327086882,146.6862911195821,49.13429423910761,100.32712127629536,40.6931074429663,91.2009035719328,52.53706612465862,2380.2384124018836,392.65666666666664,0.4015188740030926,0.2066681003534501,A,grading/data_processed/onion/A/Onion_Red_3_r2_101__100.jpg,e7c78785818183c7,3
6170.5,320.9777035713196,1.021978021978022,0.7526282048222506,0.96936611420941,89.94056110318593,84.4392810688086,120.96481217308607,46.37317565063128,81.47566967823744,46.62698794647224,5587.242263209697,419.5764452938365,0.3770764553273888,0.2393894119227904,A,grading/data_processed/onion/A/Onion_Red_1_r_20__100.jpg,ffe3c180808181e7,7
6964.0,330.39191567897797,0.93,0.8016961579931081,0.9670207595639796,15.264105811172085,10.834605179484202,145.3761080624736,49.98800146333282,91.59096665259604,52.96365203383162,4851.655979882067,539.3052173913044,0.3814869576609753,0.220124851795684,A,grading/data_processed/onion/A/Onion_White_1_r_132__100.jpg,ef87858d018181e3,47
5719.0,353.8477588891983,0.92,0.5739803991266837,0.8728632478632479,34.577001703577515,8.004648300667213,55.773764906303235,31.792335012592385,75.62095400340715,43.91936940542998,3011.3974090264646,458.56021978021965,0.5794655615398832,0.3452393641701887,A,grading/data_processed/onion/A/Onion_White_2_r1_141__100.jpg,ffcf8f01818181c3,16
6064.5,343.1198388338089,0.95,0.6473113260028345,0.9088797302360436,146.0201223438506,48.358030482588774,91.10318737926592,41.23089394769415,79.76915647134578,45.82325744062074,4464.6647033241,357.1737234042553,0.5062513952403909,0.3303971881638555,A,grading/data_processed/onion/A/Onion_Red_3_133__100.jpg,ffe78301008181c7,4
3840.5,268.49242210388184,1.5873015873015872,0.669473773059592,0.921646268298536,28.2749114820435,56.79931253729076,156.1105209914011,56.64077788443816,50.96611026808296,29.676784655520112,18895.440430813804,259.1224947891614,0.5260133173017123,0.358198912018035,A,grading/data_processed/onion/A/Onion_Red_2_r1_314__100.jpg,ffe10180c0c1e1ff,97
3834.0,306.24978053569794,0.57,0.5137009871282523,0.8577181208053691,42.87648096798589,60.76345528588224,85.60549533652635,53.72242282738731,51.073103100579786,29.907515624413065,13738.76998768852,444.6358928571429,0.4231193766508705,0.2797434707705892,A,grading/data_processed/onion/A/Onion_2_r0_285__100.jpg,e7e3c383818183c7,26
5579.5,324.6345559358597,1.0674157303370786,0.6652971339201926,0.935137853012654,89.42157719881098,86.01086128929383,113.99457947193564,44.84580805082423,74.02238153523344,42.63318236253254,9038.67622951158,313.1359072436051,0.4435937452611171,0.3080703943118635,A,grading/data_processed/onion/A/Onion_Red_1_r_121__100.jpg,ffc381018181c1f7,8
5045.0,293.7644990682602,1.3157894736842106,0.7346363487695365,0.9426382660687592,29.527740189445197,41.374684781236965,93.88285327662864,54.279714957292285,66.65996520394356,38.74470182294944,6192.376699722991,353.4768740031898,0.4998107329193934,0.3107118656971662,A,grading/data_processed/onion/A/Onion_2_r2_24__100.jpg,ffe1c18000c0e1ff,59
3939.5,270.00713896751404,1.5873015873015872,0.6790480005732158,0.929894960462646,38.11270036991369,65.42599380094376,148.62466091245375,55.83645913431592,52.27398273736128,30.14675410434861,15402.888183900226,245.5432098765432,0.5202957662498314,0.3436346270486141,A,grading/data_processed/onion/A/Onion_Red_2_r1_16__100.jpg,ffe1010080c1e3ff,51
6647.0,315.7056246995926,1.098901098901099,0.8380518784206049,0.9784352690071392,17.367497419259696,15.432085714279792,139.99203657277687,52.62653807681641,87.31573514230939,50.55332966680991,5592.950731505856,442.82706182706187,0.3861750686505188,0.2420124833278763,A,grading/data_processed/onion/A/Onion_White_1_151__100.jpg,ffc3850c000181ef,12
5832.0,426.8183218240738,1.1111111111111112,0.4022918844645079,0.8705776981639051,35.40518530829317,11.051965716055372,50.11351171680239,31.96266589660167,77.58650490277547,45.004849376211304,3390.593660444444,458.3654320987655,0.585707242741183,0.31822773754799,A,grading/data_processed/onion/A/Onion_White_2_r0_156__100.jpg,ffdf8f09000183e7,82
4224.0,334.04877066612244,0.67,0.4756790427126532,0.8589730554143366,49.56204212454213,62.94554231472642,77.54235347985347,51.969511888122426,56.02953296703296,32.23854110479825,10390.6552159501,449.6021212121212,0.4596069212407822,0.3308692672229529,A,grading/data_processed/onion/A/Onion_2_r0_160__100.jpg,f3c383c181c1c1e3,50
4838.5,309.4629852771759,1.072289156626506,0.6348968728746156,0.9418921549542536,83.4486921529175,84.2368862275166,108.24245472837022,46.18766470210689,64.82173038229377,37.87394652762228,11628.00300921227,426.645399780942,0.4725728993447571,0.3097090249967693,A,grading/data_processed/onion/A/Onion_Red_1_r2_196__100.jpg,ffc381810080c3e7,0
5893.5,292.49242103099823,0.9666666666666668,0.8656730899036198,0.9840540991818334,137.19421830868916,58.642178735937506,92.11646452899151,41.972814084523634,77.60259179265658,44.5332131955002,5904.84348334418,397.40891472868213,0.3740271842857298,0.2164150371111719,A,grading/data_processed/onion/A/Onion_Red_3_r2_158__100.jpg,ff831901018181e7,2
6714.0,316.87719762325287,0.94,0.8402513592256161,0.9735373015297616,22.48138414367061,20.1600106538463,122.76215505913272,48.15888974223472,88.7894583150825,52.465339285875146,5353.666980251245,556.51376344086,0.431823603746807,0.2566003153107009,A,grading/data_processed/onion/A/Onion_White_1_r2_161__100.jpg,ffcf9d81008181c3,16
4668.0,278.73506104946136,1.408450704225352,0.7550183563326431,0.9527502806408816,15.04157960718763,30.70235335945859,153.02423735896363,63.8431221954605,61.56205599665691,35.431045400017496,11213.701628149178,310.6887181675914,0.4363019756036028,0.313149265759331,A,grading/data_processed/onion/A/Onion_Red_2_r2_38__100.jpg,ffc3c18000c1e1ff,59
5861.5,373.94826447963715,1.098901098901099,0.5267391388554968,0.8850218934017817,35.27324037184595,9.607367054390338,47.98190571049137,29.90296121783521,77.65371845949535,44.99872666175887,3220.2621365897835,422.7111777111778,0.5841549609911728,0.3254682917376314,A,grading/data_processed/onion/A/Onion_White_2_r0_121__100.jpg,ffcf8f07000081e7,13
6099.0,295.9066345691681,0.989010989010989,0.8753043606504808,0.9852192876181244,148.825248955991,47.24190174936719,107.2741728236428,45.266251963410696,79.86749116607774,45.80793728786797,4416.206741432493,376.3990616125448,0.4062034484416665,0.2235083746863632,A,grading/data_processed/onion/A/Onion_Red_3_r_115__100.jpg,ff838501018183f7,8
6751.0,317.5634890794754,0.88,0.8412340484869206,0.976707175925926,24.11178861788618,41.643480057454674,98.8482868757259,51.17269453580464,88.45078397212544,50.75867117777826,2437.686374367252,508.13045977011495,0.3615542468604652,0.202371819389777,A,grading/data_processed/onion/A/Onion_2_r2_309__100.jpg,ffc18f81818183e7,28
5648.0,330.048770070076,1.2048192771084338,0.6515508484941985,0.9228004248018952,26.73488773747841,44.24055777341733,102.54317789291882,51.91351367908893,74.55146804835924,42.47366381511462,4610.587074989113,442.0720457587928,0.4651173734355532,0.2907154312903119,A,grading/data_processed/onion/A/Onion_2_r1_45__100.jpg,ffe1c0800080e1ff,59
4398.0,280.73506259918213,1.4705882352941178,0.7012482233955591,0.9366414652326696,53.22559220721718,74.341979635596,149.2909010405136,62.59315794675456,58.234890413991586,33.39301720123243,14084.096146864184,302.38428401663685,0.4961156800735283,0.3222519358685362,A,grading/data_processed/onion/A/Onion_Red_2_r2_164__100.jpg,ffc70301000187ff,0
5683.5,399.7472541332245,0.96875,0.4469456860967232,0.8029810680983329,17.610143442622952,12.195743551410676,145.53449453551912,49.14829418256495,76.27373633879782,44.7723297324771,3195.54609083691,411.8742074275362,0.4787241807884005,0.3301886015143255,A,grading/data_processed/onion/A/Onion_White_1_r_66__100.jpg,ffff9f87010181c3,23
7534.0,328.048770070076,0.99,0.8797487374397085,0.985351817944023,77.47843648208469,82.70789632688769,118.3256026058632,40.06707620130142,98.86214983713354,56.72704420788984,3172.863615661667,521.0173469387755,0.335314560089305,0.2105550369226797,A,grading/data_processed/onion/A/Onion_Red_1_r2_28__100.jpg,ff8f1f01010181c3,18
3897.5,330.49242079257965,0.61,0.4484076151188379,0.8142692990703019,47.42602671944582,65.14468801478374,79.1833250865908,54.093092270622016,52.32756061355765,31.119513558754456,11019.58261768342,508.0056666666667,0.4374379900210473,0.313800272643462,A,grading/data_processed/onion/A/Onion_2_r0_261__100.jpg,e3c3c3c18181c1e3,50
5596.0,392.19090580940247,1.0526315789473684,0.4571855884145047,0.8189667788672618,34.47650424830935,11.16273500247602,51.80162996358592,28.30043636108033,74.3665684064505,43.21216239369616,2527.989324,375.7687400318979,0.6153109415837529,0.380648464949385,A,grading/data_processed/onion/A/Onion_White_2_r0_77__100.jpg,ffdf8f0f000181e3,13
5296.5,297.4629831314087,1.0561797752808988,0.7521994000167042,0.94193491019029,150.06860936923644,44.35307035722932,100.02840280339358,44.02329877168981,69.58963482109922,39.91186328602297,6770.408297799187,347.72465869276317,0.536230146554449,0.3383365334808579,A,grading/data_processed/onion/A/Onion_Red_3_r_60__100.jpg,efc38181808183ef,0
4871.5,326.4924205541611,0.77,0.5742835330513174,0.8932795452461721,42.70821699242122,52.52643477821898,78.9744714798564,49.86250087278691,65.07080175508575,39.12101611856942,7854.006120357566,609.3769736842106,0.4789116226542054,0.3303659412298032,A,grading/data_processed/onion/A/Onion_2_r0_22__100.jpg,efc3c181818183c7,8
7082.0,341.36247861385345,1.0309278350515465,0.7637200985792496,0.9637340953936178,36.35210293303818,58.89998945108088,86.45752628666298,52.209247008923505,92.96250691754288,53.46417949545395,1937.2146697311084,460.7569509528272,0.3745002859307704,0.2424794120241694,A,grading/data_processed/onion/A/Onion_2_r1_205__100.jpg,ffb78705008081ef,1
5905.0,376.5340514183045,1.1111111111111112,0.5233849755779612,0.8797675804529201,35.213709013016974,11.530953845666495,49.50107101664195,30.06397101917542,78.29362333168561,45.58370947666297,3537.1884503209876,447.9556677890011,0.5958841052737172,0.3132473365941683,A,grading/data_processed/onion/A/Onion_White_2_r0_165__100.jpg,ff8f0f00000183e7,14
5438.0,363.7056237459183,0.9789473684210528,0.5165936156614239,0.8380335953151488,35.41708363116512,10.289123861460038,57.74571122230165,29.33371114528328,72.32648320228735,42.07877605661437,2592.9136746278127,426.8537757437071,0.5434554059474267,0.3502127316680661,A,grading/data_processed/onion/A/Onion_White_2_r1_64__100.jpg,ff9f9f01018181c3,16
7198.0,317.5634891986847,1.075268817204301,0.8969341840412921,0.988872097815634,70.78077709611452,81.58018248598839,126.59250170415817,45.42812324324415,94.4655760054533,53.842856328703974,4031.9434035264194,499.7947214076247,0.3143102189697601,0.1970699969751158,A,grading/data_processed/onion/A/Onion_Red_1_r_192__100.jpg,ffcf8700000181e7,13
5469.5,312.6345578432083,1.1904761904761905,0.703207552367196,0.945952957454168,121.06228805996788,79.58237555914744,118.93057290737106,44.65382342656578,72.39835802248795,41.844746889047194,8577.84690157313,327.86387686387684,0.4600807121902635,0.3194368113110766,A,grading/data_processed/onion/A/Onion_Red_1_r2_122__100.jpg,ff878301018383ef,28
7266.0,339.70562517642975,0.979591836734694,0.7912245986874352,0.9756949107022962,84.33418780356179,85.64057159791174,118.14193200215868,38.101631297706625,96.03683216405828,56.03634207492568,2884.246459797115,372.0577873254565,0.3988867111587514,0.1960188189397619,A,grading/data_processed/onion/A/Onion_Red_1_r_76__100.jpg,ff9f9d01010181c7,11
6222.0,370.19090616703033,0.94,0.5705429966275846,0.8968648648648648,47.58570980883736,74.119271080208,118.80554685051708,43.51878835010478,81.98558445628329,46.91772984854814,5174.768591840199,438.9649462365592,0.4257129432574397,0.3058133421028528,A,grading/data_processed/onion/A/Onion_Red_1_75__100.jpg,ffe78381010181c3,4
5620.0,330.877197265625,1.0561797752808988,0.6450784041587357,0.93721337446844,95.13779937521694,85.62210082176159,113.48247136410968,44.33318034874937,74.80614370010413,43.303343194825466,8384.98863958423,363.10341911320535,0.4337940727647167,0.2952209545014914,A,grading/data_processed/onion/A/Onion_Red_1_r_120__100.jpg,ffc381018181c1f7,8
6794.0,320.5340527296066,1.0526315789473684,0.8309732761764036,0.975798922800718,30.825685425685425,56.2281471779405,157.95656565656566,51.486514473412285,90.4021645021645,49.63013876190157,3217.801278271468,441.5122807017544,0.408722573601968,0.2545929838813545,A,grading/data_processed/onion/A/Onion_Red_2_r2_132__100.jpg,ffc38181808183e7,8
5707.5,320.29141080379486,1.162790697674419,0.6991416889411839,0.9588408231835364,41.70773442847365,62.32501144601626,87.51060917180014,48.55332233633288,75.06160164271047,42.83731905796664,4551.648303934559,464.4304674653512,0.4574798333829802,0.3063209292717468,A,grading/data_processed/onion/A/Onion_2_r1_226__100.jpg,ff8301000101c7ff,25
5353.0,322.87719798088074,1.021505376344086,0.6452564524694782,0.8958246171868463,33.02130759424513,13.02412556920294,58.70988890912402,41.4218316751535,71.1808413767984,41.87722910293608,2116.924964652535,323.45344314802105,0.5552565173352836,0.3647289098496877,A,grading/data_processed/onion/A/Onion_White_2_r1_186__100.jpg,ffbf1f01010181c7,23
3615.5,296.4924211502075,1.639344262295082,0.5168339533070845,0.8785080792127323,31.260753406358535,51.01269795425065,90.17419182473952,54.999051377266674,48.44830349986642,29.03563430519477,12490.963533996235,337.70127504553733,0.5210419678990638,0.3723588432418536,A,grading/data_processed/onion/A/Onion_2_r1_265__100.jpg,ff87830000078fff,53
6523.0,310.3919155597687,1.0888888888888888,0.8508175512892144,0.9746731415763916,21.301682692307693,12.090232053639596,120.09405048076924,48.92125848658127,85.68584735576923,50.06201098571071,6205.504135571085,502.61603665521193,0.41742409914012,0.2333443126560935,A,grading/data_processed/onion/A/Onion_White_1_58__100.jpg,ff839d05000181e7,2
7117.0,316.87719810009,1.0526315789473684,0.8906864619617338,0.9892966360856268,25.340871483728627,51.20862362643432,148.89285714285714,54.03241268204407,93.453805846663,53.024281199394345,2831.7017415623263,379.7588516746411,0.3719719869769473,0.2222539652600524,A,grading/data_processed/onion/A/Onion_Red_2_r1_72__100.jpg,ffe1c1c0808181e7,7
6841.5,314.634556889534,0.93,0.8684570694694015,0.9817751309464016,19.06995412844037,10.03505797342527,134.71158256880733,49.537591867650555,89.79400802752293,51.993522705395314,4264.228835368251,383.1240217391304,0.4327217848461601,0.2374527611960364,A,grading/data_processed/onion/A/Onion_White_1_r_51__100.jpg,ffdf8d81010183c7,11
6958.5,324.1492758989334,0.9489795918367347,0.8322147023715672,0.9763575136803704,14.48443442738414,9.571441106626386,147.50838146217777,49.05318824483359,91.6951683335681,53.1004469381723,3938.965836873091,380.1428571428571,0.3654230305175031,0.208456396359359,A,grading/data_processed/onion/A/Onion_White_1_r_114__100.jpg,ffc38d85018181c3,3
4345.0,333.70562410354614,0.74,0.4903120792875294,0.8334931901016689,45.51091800356506,62.14059131802099,71.15552584670232,54.3542783635004,57.938279857397504,34.26783174098232,9993.221219576331,538.1401369863013,0.4861383944425821,0.3731615471232993,A,grading/data_processed/onion/A/Onion_2_r0_233__100.jpg,f3c3c3c1c1c1c1e3,50
4236.5,283.32084798812866,1.4492753623188406,0.6632236567173168,0.9145169994603346,33.16020197383521,46.435663768704686,89.06518246499886,57.58428074631545,56.49437686481524,34.4014997999496,8876.466748246166,383.5049041135998,0.5295971651793937,0.3582091412343338,A,grading/data_processed/onion/A/Onion_2_r2_44__100.jpg,ffe3c10000c0e1ff,59
5795.5,351.46298360824585,1.1235955056179776,0.5895784367046132,0.8896991096100706,34.90551445864156,11.975070068615238,52.17098184263618,30.89268447675881,76.71603900470747,44.721208028463025,3291.3447890291627,400.4670298490523,0.6043989497096292,0.3203759440220177,A,grading/data_processed/onion/A/Onion_White_2_r0_182__100.jpg,ffdf8f01000181e7,2
4430.5,285.3208488225937,1.4558823529411764,0.6839047028919956,0.9473965572543568,24.599297012302284,50.69453282708886,156.70254833040423,58.61644646913926,58.296792618629176,33.642439203296476,13976.646600988566,298.8984093637454,0.4579922150867935,0.3091297683516595,A,grading/data_processed/onion/A/Onion_Red_2_r1_209__100.jpg,ff858001038387ff,61
4327.0,277.76449859142303,1.5151515151515151,0.7047633069114484,0.931138368840112,20.31684281538116,40.3589710119729,145.36519001574095,63.40986944420468,57.381380706094,32.86411015871418,14081.81451053719,282.2411998775634,0.4314915568079244,0.3127015779614023,A,grading/data_processed/onion/A/Onion_Red_2_r2_2__100.jpg,ffe1810000e0e1ff,59
6457.0,313.5634882450104,0.9387755102040816,0.8252578729463711,0.9698107539801742,146.7442354368932,49.636547317817886,98.71404733009707,40.70022344649772,84.85983009708738,49.02009210587255,4180.531462736758,394.4858712715856,0.4549035305506243,0.2545216912481014,A,grading/data_processed/onion/A/Onion_Red_3_r2_106__100.jpg,ffc38701818183e7,8
6688.0,314.8771984577179,1.098901098901099,0.8476639292690639,0.977920748647463,20.89724420990912,13.215957458455463,121.48856640281444,50.27051216044029,87.94605687481678,51.185131056755765,5763.966246818018,477.8027528027528,0.4007364834330226,0.2390176501491407,A,grading/data_processed/onion/A/Onion_White_1_68__100.jpg,ffc39d0c000081e7,2
6584.0,311.56348943710327,1.1235955056179776,0.8523276311837757,0.9808566108007448,35.50580529919619,9.8550168235895,49.336260791902355,29.971990960995303,86.40503125930337,50.09194123460679,3213.4765997222576,423.51265463625015,0.5110270303817284,0.2343347209174794,A,grading/data_processed/onion/A/Onion_White_2_r0_21__100.jpg,ffcf8f0c000081e7,13
4897.5,317.80612993240356,1.36986301369863,0.6093401136025163,0.9309951525520388,36.09336511720302,58.53900987439923,78.78367103694875,53.13312905906552,64.60011918951132,37.23339086488989,5749.822856520924,387.2198699321987,0.4628330575350464,0.2970356304154795,A,grading/data_processed/onion/A/Onion_2_r1_142__100.jpg,ffc3810080c0c3ff,6
5562.5,380.5756813287735,1.0,0.4826116717374644,0.7853310744035014,15.943755458515284,16.219164303379788,144.3949344978166,49.07071815710703,74.55668122270743,44.051543563146176,2983.2771193120975,317.69692825583843,0.5066685975916364,0.3920915657766181,A,grading/data_processed/onion/A/Onion_White_1_r2_106__100.jpg,ff8f8f0f010181e3,18
6757.0,320.3919153213501,1.1111111111111112,0.8271812576442807,0.9748953974895398,20.806671501087745,10.198247322799665,124.9477882523568,51.80480629813006,89.06845540246556,52.12465909175301,5335.731633469136,467.81245791245794,0.407758962624922,0.2209389422588493,A,grading/data_processed/onion/A/Onion_White_1_41__100.jpg,ff8f8f0d000081f7,13
5521.0,283.9066342115402,1.0,0.8607490044132636,0.9807265298872012,148.05494505494505,48.66731750168496,106.89968096419707,46.6880732318556,72.41049273307338,41.56030562558445,5245.102863703691,384.91205560010695,0.4166590311194267,0.2380038288709357,A,grading/data_processed/onion/A/Onion_Red_3_r_116__100.jpg,ff838181018183f7,8
4641.5,277.6639940738678,0.7,0.75653510621708,0.9603765776950136,13.227941176470589,23.36562549098077,152.75042016806722,57.06695812733929,61.08844537815126,35.27183084792548,10953.78800797959,417.1866666666667,0.4496538516753188,0.2996335365887592,A,grading/data_processed/onion/A/Onion_Red_2_r0_166__100.jpg,e7e3c1818181c3e7,26
5760.0,347.36247849464417,0.9591836734693876,0.5998829764632965,0.8857450407504229,35.23523438822136,10.382358602326084,50.74665764088678,29.248770309966684,76.19614147909968,44.23698405755457,3294.100614011553,472.6646916831248,0.5798557661978405,0.3417568203832477,A,grading/data_processed/onion/A/Onion_White_2_r1_148__100.jpg,ffcf8f01018183c3,11
6667.0,315.0193327665329,0.93,0.8442399599813073,0.9782831988261188,20.694219738196793,15.686727980865095,129.03471098690983,51.23337702744732,87.66671569348433,51.05066823969098,5101.971728743208,493.38152173913056,0.4440446669912455,0.2553002420887729,A,grading/data_processed/onion/A/Onion_White_1_r_44__100.jpg,ffcf9f81018183c7,11
6915.0,326.73506212234497,1.075268817204301,0.8139740616506039,0.9738750792197732,31.60223891171886,56.38623471720641,82.77327476264702,51.70440235733155,90.6380898398753,51.95897118239422,2061.0052199676265,456.0911263169328,0.3717564541023092,0.2283290934198152,A,grading/data_processed/onion/A/Onion_2_r1_192__100.jpg,ff938300008081ef,1
4630.0,303.4213534593582,0.74,0.63197307036232,0.9069539666993144,42.7414951700966,53.33343243047589,84.14489710205795,52.89201161907201,61.351322973540526,35.97771965777534,8196.479786997808,549.0665753424657,0.483011093773118,0.3381661881402042,A,grading/data_processed/onion/A/Onion_2_r0_1__100.jpg,cfc3c183810183c7,26
5476.0,444.7594466209411,1.043010752688172,0.3478747771110405,0.7788365808562082,15.728684907325684,11.90401438442956,145.95904677846426,44.44791769323236,74.2586054721977,44.02312668116734,3166.2541045975554,446.3362455197133,0.4644192231396051,0.3549953366510788,A,grading/data_processed/onion/A/Onion_White_1_r_87__100.jpg,ffffbd00008181c3,43
5422.5,312.1492751836777,1.2048192771084338,0.6993341930802623,0.9529039627449256,30.57926938995861,52.3598420159524,86.61022134245096,48.48779594748025,71.45150260932158,41.0575077843961,5646.54069391784,452.9344042838019,0.458185414086265,0.316513065765964,A,grading/data_processed/onion/A/Onion_2_r1_228__100.jpg,ff8301000101c7ff,25
6593.0,312.39191603660583,1.1111111111111112,0.8489719982504561,0.9771750407588558,35.9900401367623,10.899123466031885,50.817154749516874,31.426481984679576,86.6151330459343,50.07394944658458,3058.5603695802465,422.7627384960719,0.518139881032745,0.2406935535942781,A,grading/data_processed/onion/A/Onion_White_2_r0_44__100.jpg,ffcf8f04000081ef,13
7439.5,325.11983823776245,1.0,0.8844365295065714,0.9873913332006106,28.38888888888889,49.03599991840165,160.00844550013196,57.83921418676046,98.4300607020322,55.47967302343764,3078.23134864,430.27222222222224,0.3664905875051886,0.2281717460138575,A,grading/data_processed/onion/A/Onion_Red_2_r1_101__100.jpg,f7f1c0c0808181e7,55
6332.5,321.948264837265,1.0101010101010102,0.7677377311835892,0.9431081986745103,146.8576286906786,48.18468084606204,94.94172205905086,41.75392034103453,83.31952388313495,48.365353099614445,4472.625614774003,373.01805938169576,0.4859033826815636,0.3344687792794468,A,grading/data_processed/onion/A/Onion_Red_3_97__100.jpg,ffe78301000183e7,4
6080.0,480.7594470977783,0.9587628865979382,0.3305657005331861,0.8335046953183906,20.175759503737872,18.607328349961055,133.76141243836489,50.2356149191772,81.73500874821059,48.10081422412816,3793.821506853394,554.4536082474227,0.4399855142083485,0.2844829407278305,A,grading/data_processed/onion/A/Onion_White_1_r2_173__100.jpg,ff9f9f11010181c3,16
6843.5,326.14927554130554,1.0869565217391304,0.8084539722685455,0.9713981547196592,26.932856120257696,51.49775833710292,78.8234788833214,50.02646593679184,89.74688618468146,51.49808496592281,2049.77096805293,480.9311594202899,0.3666325241834685,0.2275068065289038,A,grading/data_processed/onion/A/Onion_2_r1_180__100.jpg,ff9b9100008081ef,65
5728.0,301.56348943710327,1.2345679012345678,0.7915080813710946,0.9608320053677766,31.93836435035001,55.217867879537096,80.08212395424279,51.60505164580213,75.139320471231,43.148797575367325,4245.325697241275,432.8538471131063,0.4300691635779002,0.2647507799765539,A,grading/data_processed/onion/A/Onion_2_r1_150__100.jpg,ffc381008080c3ff,0
4124.5,280.83556711673737,1.4705882352941178,0.6571688256594254,0.9145232815964524,31.78751472320377,45.77737478272108,87.76136631330978,56.73292308368769,54.917078916372205,32.893205544193634,10006.151851124569,369.9249851455734,0.5232112782607059,0.365822096873526,A,grading/data_processed/onion/A/Onion_2_r2_68__100.jpg,ffe1c10080c0e1ff,51
5534.0,387.50461399555206,1.0,0.4631218408648729,0.7759394279304543,16.197333801087527,15.430062436042768,143.41168216102437,49.13465309440574,74.1631292755657,43.48136051766188,2936.6684304779124,305.15253524090053,0.5136972110098713,0.3944085901477405,A,grading/data_processed/onion/A/Onion_White_1_r2_109__100.jpg,ef8f9f0f010181c3,23
6578.0,332.7350615262985,1.010204081632653,0.7466320011983212,0.943894389438944,23.15097426744013,46.08139356432659,84.92354603599584,52.057721345899,86.38866577420794,49.53332326814572,2486.9857281199493,473.5678883798416,0.4337781693345591,0.2954370468796739,A,grading/data_processed/onion/A/Onion_2_r2_293__100.jpg,df838301010383c7,46
6638.5,412.374671459198,0.979591836734694,0.4905642080000452,0.9319154909805571,147.9410038156736,49.018024220620674,120.23275609040212,39.689932007932754,88.1130026416202,50.69412957824818,1809.8886230559135,476.44124597207303,0.4287316420782339,0.2591879244860493,A,grading/data_processed/onion/A/Onion_Red_3_r2_68__100.jpg,ff8f8701010181c7,18
4571.0,319.56348967552185,1.4285714285714286,0.5624795988287943,0.9115564861900488,34.80420471437672,55.16032247711878,81.43087704395838,55.34829725877102,60.37481418560204,35.02070331752628,8079.341013693877,368.08831168831176,0.4765292708318635,0.3140795154111779,A,grading/data_processed/onion/A/Onion_2_r1_137__100.jpg,ffc3810080c0e3ff,59
6053.0,341.3624782562256,0.95,0.6527531440816622,0.9091318714328628,146.54702371350217,48.37848515479951,91.02161638974027,39.945633935335415,79.7977093079529,45.99752815951438,4404.528736132965,340.98595744680836,0.5064991697595976,0.3326197592677247,A,grading/data_processed/onion/A/Onion_Red_3_130__100.jpg,ffe78301000181c7,4
4158.0,319.2203425168991,0.67,0.5127589275412142,0.8698744769874477,48.89522700814901,62.69266249452815,77.33224679860302,50.67240280479397,55.10197904540163,31.92057712583105,10954.338604054356,451.0857575757575,0.4662140298180071,0.3367957571018919,A,grading/data_processed/onion/A/Onion_2_r0_156__100.jpg,e3e383c18181c1e3,50
6638.0,337.36247861385345,0.91,0.7329149060912536,0.964405055934912,16.126069006192864,12.604486400117583,142.27543497493366,54.51788303437247,87.42140961368328,50.54953337651418,4688.818165004226,560.8338888888889,0.3664154129840337,0.238866174630725,A,grading/data_processed/onion/A/Onion_White_1_r_158__100.jpg,ef878909818181c3,3
7097.0,321.22034430503845,0.93,0.8643280009351696,0.9828278631768452,18.114996544574986,8.620448863856375,136.03648928818245,48.771835776473445,93.58327574291638,54.473364307578635,3634.8326088449535,316.81217391304347,0.4011289591319222,0.2098033893739961,A,grading/data_processed/onion/A/Onion_White_1_r_60__100.jpg,ffff8f83018181c3,16
6515.5,375.2619733810425,0.89,0.5814180323506255,0.9580208792824584,21.93994308821327,40.73385698119799,85.53197543807099,49.72423944621391,85.76905796016175,49.32744295351496,2425.408134566343,587.5207954545455,0.3554007691143376,0.2333641769878994,A,grading/data_processed/onion/A/Onion_2_r2_130__100.jpg,ffc9c1c1c0c1c1e7,39
5397.0,349.22034323215485,0.9381443298969072,0.5561132111366964,0.8491189427312775,35.63939448549288,15.566235903133816,52.93674535952424,35.79264585775783,71.41539016038926,41.35498654114631,2332.366766852,347.1632302405498,0.5843436564554298,0.3568325027840778,A,grading/data_processed/onion/A/Onion_White_2_r1_22__100.jpg,ff9f8f07018181c7,16
4727.5,307.80612885951996,1.2048192771084338,0.6270279145293455,0.8873768183951196,143.46182342045688,52.024278508015406,91.26301708170404,44.77522436632649,62.41243054126363,35.89999340509637,9247.718918914212,350.335767311671,0.572845578206812,0.4022374735388899,A,grading/data_processed/onion/A/Onion_Red_3_r_49__100.jpg,ffe3c18180c1c3e7,7
6609.0,310.87719810009,1.1111111111111112,0.8593456399495761,0.979982206405694,19.821688176828363,9.319763079513548,124.56475300400534,49.48394566923948,86.88740542946151,50.61895421231335,5393.09614902469,444.443771043771,0.3764848487199652,0.2391540273969125,A,grading/data_processed/onion/A/Onion_White_1_80__100.jpg,ffc39f0c000181ef,2
5810.0,465.24472749233246,1.1111111111111112,0.3373052309160106,0.85592221567472,35.11534620505992,11.558490929322542,51.39830226364847,31.744627083161447,77.45672436750999,45.13887939989163,3209.0461546172837,613.1289562289562,0.5745506838234111,0.3165721451568801,A,grading/data_processed/onion/A/Onion_White_2_r0_16__100.jpg,ffcf8f06000081e7,2
4789.0,310.24977946281433,0.76,0.6252183819328682,0.9086424437909116,41.66450040617384,51.93594472738501,85.03452477660439,54.85191668641131,63.467506092607636,37.30657617238128,7795.393679778393,484.6033333333334,0.4784455316012612,0.3346278596358117,A,grading/data_processed/onion/A/Onion_2_r0_10__100.jpg,cfc3c183810383c7,68
5997.0,319.220343708992,0.95,0.7395419108941933,0.9286156704862186,145.8537658950114,48.09537013036178,94.70313009455494,41.404606520672914,78.8549070753179,45.42366385738902,4169.097971900277,363.63691489361696,0.5103768120964466,0.3408959183704193,A,grading/data_processed/onion/A/Onion_Red_3_176__100.jpg,ffe781010081c1e3,12
4499.5,305.3208478689194,0.71,0.6065424493405385,0.902155388471178,41.95854027207947,53.62400599090583,85.61390628374001,55.075307514590186,59.84301446771756,35.379946763958245,9637.43366020631,560.0717142857142,0.4728371057116827,0.3290960718237091,A,grading/data_processed/onion/A/Onion_2_r0_332__100.jpg,cfc3c183810383c7,68
4221.5,278.00713992118835,1.5151515151515151,0.6863802174313046,0.9338568742395752,48.12255240727943,71.39270878114093,150.11310757889888,61.993838381542865,56.30891499654457,32.28254647568151,14244.502102272729,300.64830119375586,0.5120750506936057,0.3284075599457314,A,grading/data_processed/onion/A/Onion_Red_2_r2_168__100.jpg,ffc70301000187ff,0
6631.0,312.5340518951416,0.91,0.8530887347153329,0.9796129413502732,15.607718468135444,10.207330788120936,144.876681945882,53.86463550390749,87.26511903001627,50.40159531725958,5150.953428462745,637.2167777777777,0.3829034788201556,0.2422384933372914,A,grading/data_processed/onion/A/Onion_White_1_r_149__100.jpg,ef838901018181c3,103
6077.5,337.1198388338089,0.94,0.6719952608324546,0.9154929577464788,147.35888781742204,47.65021014730089,91.97589199614272,39.93463073834801,79.98955319832851,46.19715189936116,4557.855830285197,339.9474193548387,0.5036307039918586,0.3247067479947362,A,grading/data_processed/onion/A/Onion_Red_3_127__100.jpg,ffe78301000181c7,4
6935.0,316.73506247997284,0.9393939393939394,0.8686884452092007,0.9843162302178696,19.18042986425339,9.474839952363812,127.86213235294116,50.30960504872733,91.99703054298642,54.388271950832646,4376.38331087874,385.90118577075106,0.4147179686583359,0.2170845114533827,A,grading/data_processed/onion/A/Onion_White_1_r2_133__100.jpg,ffcf8f0f818181c3,67
5731.5,395.7472540140152,0.9690721649484536,0.4598776893497408,0.806288246465499,17.476448661470688,10.310646197128648,145.83209081667232,49.16585565805645,76.96882412741444,45.23419285518219,3486.100916400077,392.33433100543175,0.4852158893110436,0.3388803346917348,A,grading/data_processed/onion/A/Onion_White_1_r_64__100.jpg,ffff9f83010181c3,21
5201.0,349.3624778985977,1.065934065934066,0.5354811647468386,0.8991269772668338,33.18239581386657,14.55328709068952,63.63670341992151,44.14003503878615,69.07026723976827,40.11490592477278,1750.2210468670662,333.94299450549454,0.5766335610697778,0.38052975882527,A,grading/data_processed/onion/A/Onion_White_2_r1_193__100.jpg,ff9f1f03010181c7,13
6158.5,323.94826447963715,0.99,0.7374515530760504,0.9314830220071088,148.13611817026683,46.23890083985639,99.44377382465058,42.14156742693792,80.94901524777637,46.48891916499419,4401.638036720743,416.6258163265307,0.4969406131016057,0.3509081972403357,A,grading/data_processed/onion/A/Onion_Red_3_196__100.jpg,ffe78108000181e7,12
4596.0,275.07820785045624,0.69,0.763268802489732,0.9628155441499948,11.511775938892423,15.847402460446055,152.08147676639084,56.51604909219009,60.54211754720985,34.687100904563174,11133.0722189456,398.34529411764703,0.4350147250829233,0.295896057161292,A,grading/data_processed/onion/A/Onion_Red_2_r0_164__100.jpg,e7e3c1818181c3e7,26
6586.0,313.0782079696655,1.1235955056179776,0.8443566182237878,0.9749814951887492,16.16364177328176,14.08895525677898,144.0980362987206,51.28964659630346,86.77521570961024,50.29730613959297,5507.962133202878,554.7313585291113,0.3812610072680299,0.2320413210376645,A,grading/data_processed/onion/A/Onion_White_1_171__100.jpg,ffc38d19000181ef,2
3843.5,310.0071403980255,0.57,0.5025662908032118,0.8713443663568352,33.23900477506911,51.313532223069686,76.9907011812013,52.447823869885426,51.41894948479518,30.87224325622422,12711.802735734072,460.015,0.4424918082280336,0.2784431366673327,A,grading/data_processed/onion/A/Onion_2_r0_118__100.jpg,e3c3c3818181c1e3,50
6910.0,332.8771975040436,1.0309278350515465,0.7836458147009536,0.9636034025937804,34.41117255068765,56.33177025140708,87.56727633631078,49.87042806659045,90.69743371614916,52.18370565246629,1901.1494111063876,436.9939602207645,0.4000559932537219,0.2601744999522791,A,grading/data_processed/onion/A/Onion_2_r1_213__100.jpg,ffa78501008083ef,74
6201.5,306.6345567703247,0.9894736842105264,0.8288280075175645,0.966793982383662,148.11023373341757,47.57637915581247,101.23341756159192,41.22153109150739,81.2885344283007,46.70399430406799,3947.133784919162,370.4208262591963,0.4861507887190082,0.2764977301298877,A,grading/data_processed/onion/A/Onion_Red_3_r_65__100.jpg,ffc79181000183c7,21
6591.0,360.1909055709839,0.88,0.6384041321048239,0.961137440758294,23.164838422769048,44.67982865451469,91.04550844945152,53.03856512565066,86.87503705899792,50.08904560687302,2115.902554119318,578.0931034482759,0.3426493040689802,0.2177149857841927,A,grading/data_processed/onion/A/Onion_2_r2_145__100.jpg,ffd981c1c18181c7,39
3656.5,302.8355669975281,1.5625,0.5010276356834032,0.8720486525160983,33.99841605068638,55.15827756150806,88.47386483632523,55.206835840321425,48.97544878563886,29.0240438356671,11666.790989038083,314.11000631313135,0.5356640959140896,0.3940019575153834,A,grading/data_processed/onion/A/Onion_2_r1_261__100.jpg,ff8703000087cfff,53
6942.0,316.8771983385086,0.94,0.8687853603532322,0.9846808510638296,18.444821251942912,7.546883304037482,135.0146954924403,48.492804999652144,91.29080118694364,52.90942018721005,4154.086129470349,336.4805376344086,0.4308097640520912,0.233520488838485,A,grading/data_processed/onion/A/Onion_White_1_r_55__100.jpg,ffdf8f81018181c3,11
5671.5,397.7472535371781,0.9690721649484536,0.4504985748497175,0.7956649831649831,17.753722402875237,11.92179294844326,145.17114495978095,49.22042068697856,76.18090022248845,44.71518207350422,3179.6567133429985,392.2043010752688,0.490422509557157,0.3452034009707592,A,grading/data_processed/onion/A/Onion_White_1_r_65__100.jpg,ffff9f83010181c3,21
6328.0,353.7056246995926,1.1764705882352942,0.6356124602015973,0.945041816009558,26.158000308594353,49.90795447956111,95.09998457028236,53.905088417710246,83.61132541274495,47.64741202155907,2307.6905228373703,538.1190730837789,0.3745938657986484,0.2239401884285037,A,grading/data_processed/onion/A/Onion_2_r1_1__100.jpg,ffe180000001c1ff,54
4956.5,297.806129693985,1.0348837209302326,0.7022919809518606,0.9257564437803512,146.68148731064332,49.08898424874361,97.06216801101712,43.6429189938288,65.32461144993114,37.69725324274345,9026.053165012612,343.72225158562367,0.5117708941594565,0.3195668007941433,A,grading/data_processed/onion/A/Onion_Red_3_r2_112__100.jpg,ffc381018181c3ef,8
6647.5,316.3502857685089,0.85,0.8347025645082907,0.973849985350132,25.284809194047444,46.63884999165344,94.28569323707087,52.19963582608808,87.34787092971858,50.18686413272968,2556.418162643599,558.7390476190476,0.3456107019661051,0.1853391166265973,A,grading/data_processed/onion/A/Onion_2_r2_165__100.jpg,fff9c181818183c7,39
6401.0,349.0193316936493,1.0,0.6603264991706587,0.9220021606049694,79.7557251908397,84.90389282500684,115.12625954198474,44.83825143058643,84.32793893129771,48.5144813308913,4906.656664,419.7215151515153,0.4514671945625126,0.3318996563719315,A,grading/data_processed/onion/A/Onion_Red_1_32__100.jpg,ffe78303000081e3,4
3750.5,269.66399443149567,0.63,0.6481165436422964,0.917329093799682,28.01992238033635,51.61639145664579,153.3130659767141,58.12279277656082,49.78809831824062,28.5781806079788,15887.639637188207,324.0883870967742,0.4978662362919377,0.3640273807325445,A,grading/data_processed/onion/A/Onion_Red_2_r0_45__100.jpg,efe7c381818183c7,3
5107.0,339.7056245803833,1.0212765957446808,0.5561222185076556,0.849962553049846,33.64820102798401,10.394593217220216,70.35712925947078,40.40132770960001,68.00856653340948,39.72481156428569,1814.0106359400936,293.9768197088465,0.5893532691019151,0.404790447154265,A,grading/data_processed/onion/A/Onion_White_2_r1_116__100.jpg,ff9f1f0f010181c3,23
7030.0,422.13203048706055,1.0101010101010102,0.4957566808934582,0.93889816360601,86.72028844820413,84.54749958952073,121.84440438219389,36.42583440321115,93.6222437942033,54.47563605250364,2220.899831639628,466.6568717477808,0.3985218161599606,0.2552247602204003,A,grading/data_processed/onion/A/Onion_Red_1_r_99__100.jpg,ff9f8701008081c3,16
7061.5,326.6345565319061,0.96,0.8317303874776901,0.9710533553355336,15.987503471257984,12.38627172326284,142.03401832824215,55.39710555377786,92.8074146070536,53.36303685429865,4018.4020433919272,460.4733684210527,0.3849084122622797,0.2346804510977082,A,grading/data_processed/onion/A/Onion_White_1_r2_62__100.jpg,ff8f8f00018181c3,3
5893.0,353.5046136379242,0.95,0.5925924755257845,0.9103267166138874,58.291246069832866,79.17676231092653,116.70726460367368,42.03126648599438,77.47079265265596,44.564752248378205,6263.719027711911,394.43361702127646,0.5068110794354448,0.3506898152739747,A,grading/data_processed/onion/A/Onion_Red_1_199__100.jpg,dfef8301000181c7,4
4303.0,281.07820773124695,1.4705882352941178,0.6844265667987017,0.9305795847750864,35.1774813475017,56.75777567844115,91.32330997060818,56.2562522799358,57.07483608410581,33.42572096302931,8537.744199286333,381.2009803921569,0.4732440018305796,0.3371301708021051,A,grading/data_processed/onion/A/Onion_2_r2_212__100.jpg,ffc78300000387ff,0
5465.0,344.1909053325653,0.9175257731958762,0.5796972618567875,0.874749899959984,34.86083392729864,13.058863330808377,50.796507483962934,32.78433277236337,72.3399857448325,42.03541787021597,2653.902706674473,396.6608481724461,0.5623700270820626,0.3353303907959662,A,grading/data_processed/onion/A/Onion_White_2_r1_25__100.jpg,ff9f8f05018181c7,16
7178.5,321.80613029003143,1.0416666666666667,0.8710737828459725,0.9840976077866886,80.57878912122455,82.92799149676443,118.70739374060408,46.94919823282699,94.19721197211972,53.85967272895796,3924.835972645399,478.9701178451179,0.3325835515597315,0.2233466936502789,A,grading/data_processed/onion/A/Onion_Red_1_r2_48__100.jpg,ef8f0701018181c7,16
6528.0,312.3919161558151,1.1123595505617978,0.840602032511639,0.9731663685152058,20.571900330231163,9.448807063842722,120.4393575502852,49.43859699140235,85.88952266586611,50.02206161241123,5895.916866872837,530.855308415501,0.4159151624664126,0.231399828949258,A,grading/data_processed/onion/A/Onion_White_1_56__100.jpg,ff8b9d05000181e7,2
6108.0,322.5340518951416,0.97,0.737832442708966,0.9354468182862392,146.15164131305045,49.21625193848194,97.41313050440353,41.64515956482736,80.2240192153723,45.91595621967687,4545.537179838453,374.86979166666674,0.5025313366439146,0.3429322976388909,A,grading/data_processed/onion/A/Onion_Red_3_189__100.jpg,ffe78100000081e7,1
3913.0,303.07820773124695,0.57,0.5353160826370186,0.8835948966918822,41.46439169139466,59.63798194361976,74.12660731948566,46.80475677153189,52.15677546983185,31.130141475694707,12424.520083102492,434.7808928571429,0.4256368127566748,0.2691491459304712,A,grading/data_processed/onion/A/Onion_2_r0_126__100.jpg,e3c3c3818181c1e3,50
6586.0,319.5634890794754,1.098901098901099,0.8104333081832407,0.971099970510174,18.564991076740036,12.677898856198922,125.22932778108267,57.15215294841591,86.87284354550863,50.76502523602903,5321.502763857023,445.7352647352647,0.4293611273901507,0.2497197845283373,A,grading/data_processed/onion/A/Onion_White_1_11__100.jpg,ff878f0d000183ef,14
6437.5,371.11983728408813,0.95,0.5873524273215961,0.9135741148087704,57.438399757539024,79.37700168595069,117.17563267161692,42.478311486801765,85.04864373389907,48.76598961879833,4694.429233506925,445.1476595744679,0.4114198055179424,0.2914937004646807,A,grading/data_processed/onion/A/Onion_Red_1_60__100.jpg,f7e78189000181e3,4
5180.0,288.0487698316574,1.3157894736842106,0.7845264208721136,0.9636312901125476,12.875306545934729,24.455274991999676,157.96340313148465,61.15585542794312,68.12525938502169,39.05533449567439,8903.816102216066,390.7832270069112,0.4213427210997022,0.2884640375760189,A,grading/data_processed/onion/A/Onion_Red_2_r2_50__100.jpg,ffc381800081c3ff,0
4337.0,340.87719690799713,0.74,0.4690329855709613,0.8189972618260788,45.31244424620874,62.68761184098043,70.38983050847457,53.25784437593768,57.701382694023195,33.57918049835287,10382.74296331264,509.037808219178,0.4871877855979192,0.3739792011059218,A,grading/data_processed/onion/A/Onion_2_r0_234__100.jpg,f3c3c3c1c1c1c1e3,50
7070.0,336.87719655036926,0.95,0.7828635074544241,0.967234420959026,15.086070686070686,9.776671500450094,146.77823977823977,48.83772212518102,92.96299376299376,53.749398126282294,4272.223739601109,459.3396808510638,0.3845747098848692,0.2254270380398111,A,grading/data_processed/onion/A/Onion_White_1_r_128__100.jpg,ef87878f018181e3,47
3717.0,265.76450061798096,0.62,0.6613151706160436,0.9231342356885632,38.77342730357609,63.29865926635069,153.5956669276951,55.35144988104624,49.4489689376142,29.41203065460071,15557.88119573361,391.5826229508197,0.5001855192795801,0.3610809155483476,A,grading/data_processed/onion/A/Onion_Red_2_r0_34__100.jpg,efe7c381818183c7,3
6722.0,310.53405117988586,1.098901098901099,0.8759713739329167,0.986426003375156,26.003502115861668,51.22901020270512,150.7449292280753,52.66022036356634,88.1911571574493,49.85361847529282,3750.551291100108,410.5462315462316,0.3848853756252731,0.2322706697072923,A,grading/data_processed/onion/A/Onion_Red_2_r1_62__100.jpg,ffc3c180008183e7,7
6665.5,315.9482651948929,0.94,0.8390940598115239,0.9744883040935672,21.24488895425798,14.886032013070324,121.490366230328,48.33113571051994,88.42109133696131,52.76335262683708,5453.060025531914,576.2712903225805,0.4436522678819838,0.2619855898718423,A,grading/data_processed/onion/A/Onion_White_1_r2_157__100.jpg,ffcf9d81008181c3,16
5820.5,346.1492758989334,1.2658227848101269,0.6104404483774365,0.92860561582642,37.588914936369726,60.75202937656205,85.04102478231748,52.77572470406155,76.73693904889484,43.7981191338096,3944.7581068899217,496.0195627157652,0.4063773265899933,0.2290150008464393,A,grading/data_processed/onion/A/Onion_2_r1_324__100.jpg,ffc381000001c3ef,0
6749.0,318.39191591739655,1.098901098901099,0.8366141920390248,0.9740222254293548,17.222189950624454,8.45970827839902,145.55358698809178,51.91207423527674,88.69924484461225,51.38594143972075,4889.359141408043,505.8460428460429,0.3710305920403237,0.2293742294330853,A,grading/data_processed/onion/A/Onion_White_1_125__100.jpg,ffcf8303000181e7,4
7139.0,318.3919162750244,0.93,0.884959061127485,0.9892607219566272,26.7350192413414,50.8209826850521,160.0268004398021,52.85220060805525,95.80552501374382,51.86813509673569,2381.9080541103017,436.5757608695654,0.3612751993615413,0.2035457054473249,A,grading/data_processed/onion/A/Onion_Red_2_r2_126__100.jpg,ffe181808081c1e7,7
4708.0,295.220342874527,1.1666666666666667,0.6788186373305428,0.9131994956842208,143.53693358162633,52.851935206876746,92.65694185805916,44.62605788476165,62.10821435961101,35.81361504414904,10064.765583061457,340.2794550810015,0.5799800621914423,0.3998885944318729,A,grading/data_processed/onion/A/Onion_Red_3_r_53__100.jpg,ffc3c1818081c3e7,7
7488.0,326.04876959323883,0.97,0.8851371491523764,0.98897180215281,17.721158888306242,34.97515393659874,156.26127425275303,54.11953437625897,98.25891452543262,56.38578308689694,2736.916774747582,436.7603125,0.3319618171333216,0.1983817042074095,A,grading/data_processed/onion/A/Onion_Red_2_r2_76__100.jpg,f7f1e580808181e3,55
4542.5,332.49242186546326,0.74,0.5163465710322965,0.8683808067291149,45.4018771331058,60.65184675875598,72.07359215017065,52.846717156598814,60.59577645051195,35.6988344698105,9927.464059532504,497.89506849315075,0.4625601539175277,0.3471745861696125,A,grading/data_processed/onion/A/Onion_2_r0_212__100.jpg,f3c383c181c1c1f3,50
5218.5,326.4335448741913,1.0674157303370786,0.6154120411159593,0.9231381567309394,34.513256161314416,11.390548559760472,69.75093353248693,35.39162565905948,69.30955937266617,40.334710400125736,1980.8461185229064,344.55092039206306,0.5353975393904921,0.3525220091533722,A,grading/data_processed/onion/A/Onion_White_2_r1_93__100.jpg,ff9f0707030181e3,24
4865.0,330.391916513443,0.75,0.560059131093463,0.8887468030690537,45.40135782747604,54.836311149824674,78.30051916932908,50.03404735077073,65.0569089456869,39.308303548049274,7814.050823448889,520.6654054054054,0.4605496089587538,0.3148587315259264,A,grading/data_processed/onion/A/Onion_2_r0_40__100.jpg,efc3c181818183c7,8
5955.0,394.67618691921234,0.93,0.4804075039268574,0.8452203534170747,18.446294482533464,12.76128699567384,137.35847208619,49.55709614052228,79.05664381325498,45.869506714112475,3372.719315192508,405.4706521739131,0.4805017046905778,0.3257910432704317,A,grading/data_processed/onion/A/Onion_White_1_r2_129__100.jpg,ff8f8f0f018181c3,11
6454.5,372.77669167518616,0.96,0.5836802115254549,0.9124902806248676,62.225967351874246,81.15219178420261,116.81136638452236,41.60312391122684,85.28793833131802,48.983238868681624,5171.239469173176,469.6906315789475,0.4171522823523704,0.2957873571754209,A,grading/data_processed/onion/A/Onion_Red_1_58__100.jpg,f7e78181000181e3,4
5986.0,327.70562517642975,0.95,0.7004526521540522,0.93073155562466,63.254815540319946,81.2596303672037,120.0071825008162,42.81580957375923,78.6682990532158,45.14188099171854,5725.830226304709,401.7578723404256,0.4768675252298277,0.3418152567690221,A,grading/data_processed/onion/A/Onion_Red_1_14__100.jpg,ffe7c181000181c3,4
3772.0,298.5929263830185,1.5873015873015872,0.531645959743898,0.8956428825834026,33.304202972834446,53.94823512933714,87.58559712967708,53.26568733334302,50.303434136340336,29.582767219212748,11144.567565507685,296.73240339907005,0.5162484271717424,0.3679007049205741,A,grading/data_processed/onion/A/Onion_2_r1_256__100.jpg,ff8783000087cfff,53
5177.5,346.57568180561066,1.0434782608695652,0.5416687725332529,0.90428783512357,33.93368401277475,10.187050072992337,72.00469659966184,39.1011224894286,68.87845200075145,40.0292030314186,1835.6377496557109,362.14713958810063,0.5561604195942464,0.3825768996209796,A,grading/data_processed/onion/A/Onion_White_2_r1_97__100.jpg,ff9f8707070181e3,76
3898.5,318.97770273685455,0.62,0.4814894222990134,0.8263035184400169,45.62661050545094,64.47422157943025,78.02700693756194,53.77398756290276,52.13280475718533,30.813189229421617,11653.527171670134,462.5627868852459,0.4486053180462426,0.3279560130047988,A,grading/data_processed/onion/A/Onion_2_r0_260__100.jpg,e3c3c3c18181c1e3,50
7296.5,324.9777023792267,1.0638297872340423,0.8681950854544034,0.9843507588532884,23.820626596746,51.86872362516965,152.91017883555196,53.40843005207016,96.01223611671372,54.60492388346121,2319.3663196016296,297.8597678916828,0.335740638038534,0.1960074539824175,A,grading/data_processed/onion/A/Onion_Red_2_r1_242__100.jpg,fff1f1008081c1e7,15
3834.5,309.17871248722076,0.56,0.504079966210492,0.8507876636343465,44.780100755667505,62.71695850100761,83.60201511335012,55.57011860327116,51.226952141057936,30.279248266712404,12166.751025382651,524.5943636363636,0.4027830650687863,0.268456685026723,A,grading/data_processed/onion/A/Onion_2_r0_273__100.jpg,e7c3c383818183c7,26
4456.5,323.462984085083,0.72,0.5352474381520334,0.8894321923959685,53.411751904243744,63.67764124593271,77.59978237214364,54.43829102641327,59.29967355821545,34.99390386677123,9829.377883950618,520.0071830985916,0.4514179912206532,0.3414456500210102,A,grading/data_processed/onion/A/Onion_2_r0_194__100.jpg,f3c383c18181c1e3,50
4833.5,282.977703332901,1.36986301369863,0.7585202018605298,0.9491408934707904,49.92570159499294,71.71051718839004,152.5689481122552,60.273695535908296,64.02503533212194,36.058242182881926,10362.588426702949,332.6961394769614,0.4664139928450869,0.3078009190480777,A,grading/data_processed/onion/A/Onion_Red_2_r2_153__100.jpg,ffc78301000087ff,0
6432.5,331.6639941930771,1.1764705882352942,0.7348403675444137,0.9483966089200148,34.976740650653696,58.53689582560415,88.8006993006993,53.38530542791125,84.57692307692308,48.22323113205173,2779.391481467128,483.4326797385621,0.3917690716710805,0.2120635008564307,A,grading/data_processed/onion/A/Onion_2_r1_330__100.jpg,ffe181000001c1ef,54
4839.5,282.4924213886261,1.36986301369863,0.7620733172892412,0.9547247977904912,69.05362903225806,81.42774569572902,157.82298387096773,55.842954799812695,63.990725806451614,35.91085954616205,10790.679999549631,286.8916562889165,0.4847965580176471,0.3068001659464283,A,grading/data_processed/onion/A/Onion_Red_2_r2_214__100.jpg,ff838100000387ff,0
5076.5,318.97770178318024,1.054945054945055,0.6269798812150018,0.8758626639061422,34.407364787111625,16.090537601502238,61.63463751438435,45.06795147535639,67.29574223245109,39.08180900943862,1787.0104774651477,257.672064777328,0.5982814838940114,0.3900782864732297,A,grading/data_processed/onion/A/Onion_White_2_r1_8__100.jpg,ff9f0f07010181c7,13
4691.5,289.6639941930771,1.408450704225352,0.7026394906036338,0.932982002585264,22.694144518272424,47.29168886966526,157.7394102990033,64.95004143219845,62.06644518272425,35.30513270997464,10236.45461249752,320.07725138711055,0.4394975308151691,0.3072721037317276,A,grading/data_processed/onion/A/Onion_Red_2_r2_304__100.jpg,ffe1800080e0e1ff,59
5964.0,306.0487712621689,1.2048192771084338,0.8001404357203451,0.9666909798200828,28.852806038726616,53.00503868992653,80.49031834591402,52.946364499824895,78.27371184771907,44.81036410603825,3634.157791769488,477.332603139832,0.4199685340449277,0.2520774727083854,A,grading/data_processed/onion/A/Onion_2_r1_153__100.jpg,ffc381008080c3ff,0
5384.5,304.0071402788162,1.2345679012345678,0.7321291134786463,0.9445662661170072,28.424506072140655,40.11669087166217,94.7926409280406,53.33831335711782,70.93130324451695,40.93469062850599,5255.090758283799,397.0214490584861,0.4971621909081521,0.3061391744277798,A,grading/data_processed/onion/A/Onion_2_r2_17__100.jpg,ffe1c18000c0e1ff,59
6228.5,333.94826447963715,0.98,0.7018348850330302,0.9293494479259924,145.95228378590488,49.16225748979424,91.81274525192278,40.289373950038886,81.82200596452677,47.128114737127376,3950.154096459809,363.2817525773197,0.5077796984694114,0.336324141497299,A,grading/data_processed/onion/A/Onion_Red_3_115__100.jpg,ffe78105000181c7,4
4536.5,302.35028541088104,0.71,0.6236056099243941,0.9032354405176704,43.44827586206897,54.7691014914394,84.99935746412508,53.90740138604594,60.21503533947312,35.27995342133675,9898.702409125171,497.1815714285715,0.4677111633343302,0.3239769927583357,A,grading/data_processed/onion/A/Onion_2_r0_334__100.jpg,cfc3c183810183c7,26
4538.0,318.8771983385086,1.2820512820512822,0.560825076511112,0.8926920428838399,29.55498502353445,52.83910061576548,76.68741976893453,52.40642642107281,60.21245186136072,35.14032032887486,8613.180828139382,367.71017871017887,0.5161868575232561,0.388791913414043,A,grading/data_processed/onion/A/Onion_2_r2_262__100.jpg,ff878703000187ff,90
6206.5,352.29141187667847,0.95,0.6284236364718527,0.9104444770426874,72.01855637678881,83.74797616428256,111.4733448655449,43.12684077987362,81.95518163233213,47.2344435797334,5304.994233795014,361.9091489361702,0.4692191719671329,0.3172750126946627,A,grading/data_processed/onion/A/Onion_Red_1_138__100.jpg,f7e78381010181c7,4
4969.0,314.39191699028015,1.160493827160494,0.6317367141044099,0.91316732518607,132.07954545454547,61.93223889736641,91.01763322884013,48.68455822378814,65.64047805642633,37.85631471394574,9187.256066962624,375.7594583831142,0.4595929052051699,0.3143952892350944,A,grading/data_processed/onion/A/Onion_Red_3_r_16__100.jpg,ffe1c0c0c0c1c1f7,5
7286.0,320.048770904541,0.96,0.8938542378816823,0.9891392886234048,23.76060891822713,46.383705629510246,158.3377340697831,54.13684854167137,97.39795231038664,53.4031313950411,2366.3352756510417,443.5484210526316,0.352775770049452,0.2104053863207826,A,grading/data_processed/onion/A/Onion_Red_2_r2_120__100.jpg,f7e1c180808181e7,7
6307.0,373.0193319320678,0.9895833333333334,0.569600045251043,0.8936592277718739,88.37631416202845,85.66995250622999,127.180426716141,35.515486622693864,84.08457019171306,48.9503818107944,1937.578041308383,340.82258421985813,0.4574509353720234,0.2762769772375489,A,grading/data_processed/onion/A/Onion_Red_1_r_79__100.jpg,ffdf9d01018181c3,23
5241.0,337.8477586507797,1.1235955056179776,0.5770081395672635,0.905103186253346,142.0724368499257,53.721444865992126,88.49312778603269,41.449748809832734,69.3824294205052,40.31905992463586,8649.798804431259,424.39132902054246,0.5224521039823077,0.3822083809651052,A,grading/data_processed/onion/A/Onion_Red_3_r2_140__100.jpg,ff878301018383ef,28
4519.5,278.83556735515594,0.7,0.7304725735126021,0.9471864193649796,17.46820435438672,34.194021367044805,153.54968743263635,51.153182193407005,59.759862039232594,33.49559428423907,10863.73074610204,322.0673913043478,0.4766397917442188,0.3188642777754382,A,grading/data_processed/onion/A/Onion_Red_2_r0_201__100.jpg,f7e3c1818181c1e7,7
5495.0,295.7056255340576,1.2195121951219512,0.7896931801820798,0.9586531751570132,38.26481580352376,65.1275583208505,158.24773091297385,55.73098051126448,72.90621106958534,40.36803805920185,8370.721170121951,399.71409214092137,0.4547179616478532,0.29941353947824,A,grading/data_processed/onion/A/Onion_Red_2_r2_142__100.jpg,ffc38101008083ef,6
7003.0,316.39191579818726,0.9693877551020408,0.8791100277442302,0.987241841122154,145.53452864546855,52.012126225569865,109.12354671522624,40.25401735037816,92.2840733996358,53.32590663206928,2053.789076619737,353.4497394702562,0.4159190576264244,0.219034966175948,A,grading/data_processed/onion/A/Onion_Red_3_r2_82__100.jpg,ffc78f83018181c7,11
4364.5,285.80613112449646,0.67,0.6714308314291808,0.9363870414074232,35.73534002229654,62.689930539071405,146.4129319955407,54.1749534865682,57.77636566332219,32.6608691466359,13554.674814791715,365.1733333333334,0.4831670467657243,0.3095454545454545,A,grading/data_processed/onion/A/Onion_Red_2_r0_236__100.jpg,f3e7c3818181c1e7,26
4399.5,288.1492748260498,0.68,0.6658526371964123,0.939261315115286,23.402919062361786,48.9901647366715,156.42127377266695,56.597081631048134,58.20654577620522,32.7495255096439,12492.33953070934,358.4159701492537,0.484691014173537,0.3138966362357879,A,grading/data_processed/onion/A/Onion_Red_2_r0_226__100.jpg,f3e7c3818181c1e7,26
6116.5,324.776692032814,0.99,0.7286905475852895,0.9311867245185356,147.61224816117684,47.39596808274528,99.21698113207547,42.62892849589355,80.42133034857692,46.37737267547048,4347.99336500357,447.2622448979592,0.5041339015349763,0.3543761199662477,A,grading/data_processed/onion/A/Onion_Red_3_197__100.jpg,ffe78108000181e7,12
4395.5,335.4629831314087,0.75,0.4908275585230716,0.8369192688499619,45.58590308370045,61.63759633091804,71.59052863436123,53.3271793748081,58.45837004405286,33.970378168898165,8089.382365493333,474.1082432432432,0.4857459462186417,0.3770255739582577,A,grading/data_processed/onion/A/Onion_2_r0_230__100.jpg,f3c3c3c1c1c1e1e3,50
6014.5,306.29140996932983,0.9791666666666666,0.8056376595322026,0.9607060138966536,150.85367838541666,43.61154329388802,101.28597005208331,41.28004853833415,78.8662109375,45.292510004038434,4304.280964008802,371.81261200716847,0.5039984452805947,0.30399788604685,A,grading/data_processed/onion/A/Onion_Red_3_r_64__100.jpg,ffc38181008183c7,7
6291.5,363.94826436042786,0.93,0.5968768839994969,0.9086510687463892,50.58179562722903,76.09244190535414,117.47929911614204,42.69317283518149,83.10683826949915,47.59275311029192,5986.027631067175,451.6610869565218,0.4107627343280569,0.2934766103013166,A,grading/data_processed/onion/A/Onion_Red_1_67__100.jpg,fff78181010183e3,93
4006.0,267.2792180776596,1.6129032258064515,0.7046775322080215,0.936309454247984,51.02571567200389,73.74635785567192,147.963852498787,57.3429116225226,53.08806404657933,30.09714593266875,13253.79780894901,225.5254154447703,0.5211968363454652,0.3222998570597538,A,grading/data_processed/onion/A/Onion_Red_2_r2_194__100.jpg,ffc78300008387ff,0
6927.0,328.39191591739655,1.075268817204301,0.8071795244453209,0.970507880910683,32.434007638987126,55.55549346328221,84.76050360729948,51.709778503679495,90.83731786674213,52.12230971314168,2023.5910132500867,444.5497990659281,0.3593880313349049,0.2266839816128285,A,grading/data_processed/onion/A/Onion_2_r1_197__100.jpg,ffb3a301008081ef,1
5984.5,318.97770261764526,1.1904761904761905,0.7391236244458615,0.9477393301132314,12.423391048676905,30.418051418109147,173.5855929434825,51.73486115842552,79.53871283894152,43.79957792012665,5356.62998361678,425.75553150553145,0.3827467684262235,0.2562934767309645,A,grading/data_processed/onion/A/Onion_Red_2_r1_277__100.jpg,ff018180c0c1c1ff,71
5228.5,324.1492749452591,1.065934065934066,0.6253121501693084,0.9010771219302024,32.22164276401565,11.770973997627726,63.901471409945984,44.80254246365919,69.39951573849879,40.371044115418535,1630.2648962319374,297.4521520146521,0.5730345494784069,0.3791554048421464,A,grading/data_processed/onion/A/Onion_White_2_r1_194__100.jpg,ff9f1f03030181c7,24
4243.0,373.22034335136414,0.73,0.3827826807682208,0.7688683519072211,44.72566371681416,56.05148393436374,75.63058770138416,52.21297999065803,56.51191286589517,33.11992197767454,9594.034326496529,442.0211111111111,0.5211975183430707,0.3788178849647093,A,grading/data_processed/onion/A/Onion_2_r0_78__100.jpg,cf83c3c3838383cf,68
5423.0,316.534050822258,1.1363636363636365,0.6801560996436234,0.926533401674355,88.05182652510348,85.91500656079376,112.29260392298002,46.03702460736141,72.33201367644412,41.981796004305906,9125.75987556818,357.54189623507807,0.4859662896189465,0.3533979957485562,A,grading/data_processed/onion/A/Onion_Red_1_r_126__100.jpg,ffc3810181c1c3f7,8
7023.5,316.97770297527313,0.9693877551020408,0.878427701567004,0.986100386100386,146.6090782122905,50.55526431528472,108.84245810055866,40.04926137863853,92.406843575419,53.40416920392076,1930.9676985466583,341.9199956578376,0.4127477703281159,0.2164538556852329,A,grading/data_processed/onion/A/Onion_Red_3_r2_83__100.jpg,ffc78f83018181c7,11
5940.0,303.9066342115402,1.021978021978022,0.8081946059329919,0.9608540925266904,137.68588370943831,55.55747924704262,85.81732828199638,43.70194570971415,78.09421841541756,44.983692037713254,5962.495703765398,442.44517439082654,0.4192614619004665,0.2680289924335397,A,grading/data_processed/onion/A/Onion_Red_3_r_172__100.jpg,ff870101010183ef,8
4597.0,293.4213535785675,1.408450704225352,0.6709666515687186,0.9339699309223892,29.74767146486029,51.29769259051944,91.5977984758679,57.063896434356906,60.74132091447925,34.825207343279956,8432.246278020233,385.7712334613743,0.4591696084922366,0.3227673173642851,A,grading/data_processed/onion/A/Onion_2_r2_205__100.jpg,ffc78300000387ff,0
4674.0,277.4213536977768,0.7,0.7631656224881547,0.9613327848621966,11.82933444606718,19.960091601608593,152.16085958689757,56.83758761598087,61.55038597955352,35.20139690111883,9882.086945122448,395.06217391304347,0.4392305649549489,0.2946540233710764,A,grading/data_processed/onion/A/Onion_Red_2_r0_158__100.jpg,e7e3c1818181c3e7,26
5168.0,325.56348848342896,1.162790697674419,0.612718484344604,0.8941949995674366,142.28592955358823,53.55688370886158,93.92729327556978,44.66298306182899,68.22546618948955,39.23303872201584,8009.498124269874,393.3833685694151,0.535807024907084,0.3693031440769925,A,grading/data_processed/onion/A/Onion_Red_3_r_31__100.jpg,ffe1c180c0c1c1ff,5
5984.5,307.1198379993439,1.0,0.7973004244332796,0.9634548820735732,148.11808963035656,47.777460799344624,105.5960091593065,43.502657551432115,78.56444226365718,45.14157047892682,4619.857829077351,382.89041409288495,0.4580906533916148,0.2936562419446413,A,grading/data_processed/onion/A/Onion_Red_3_r2_47__100.jpg,ffc38380018183e7,0
7387.5,324.6345571279526,0.98989898989899,0.8808822548148528,0.9865126527341924,24.829148399096585,43.748132165850265,162.23953766440812,51.917591537861234,98.52557459811348,54.25386844135251,2406.586891935863,473.35103613454135,0.3561689974860207,0.2110721390173377,A,grading/data_processed/onion/A/Onion_Red_2_r1_117__100.jpg,f7e18180808181e7,7
4588.0,307.56348848342896,1.4285714285714286,0.6094859756780456,0.940935192780968,33.373728813559325,55.51800506228539,77.77902542372881,52.86703925630949,60.599364406779664,35.07461597846378,8062.951175836733,371.6535353535354,0.4759838471672015,0.3120406791824162,A,grading/data_processed/onion/A/Onion_2_r1_138__100.jpg,ffc3810080c0e3ff,59
7216.0,325.0782071352005,1.0315789473684212,0.8580857242868035,0.9821027560394692,65.29953791791247,80.50305768482515,124.83460179396576,43.92814209165687,95.225740690405,54.51873759240968,4581.535643435734,565.880629408573,0.3113049024343551,0.1949448109376637,A,grading/data_processed/onion/A/Onion_Red_1_r_183__100.jpg,ff9f8301010181c3,4
5201.5,342.2914103269577,1.043010752688172,0.5578872873611618,0.8253074176913923,33.6255374836418,12.465791302994983,59.991400261731165,45.01858033232248,68.90166386240419,40.0079592828833,1883.8860314613305,299.74339157706095,0.6094007167856091,0.3917485183517715,A,grading/data_processed/onion/A/Onion_White_2_r1_10__100.jpg,ff9f0f07018181c7,13
5119.0,329.22034418582916,1.1904761904761905,0.5935012860242651,0.8882526461912198,139.86523474624596,54.382248037593456,95.04751948298802,48.4946831506821,67.55065576886524,38.787044884007216,8203.957212570862,393.9294131794132,0.5046585290393447,0.3597689271335074,A,grading/data_processed/onion/A/Onion_Red_3_r_23__100.jpg,ffe1c0c0c0c1c1ff,5
7048.0,363.8477597236634,1.0309278350515465,0.6690157606054848,0.951596570579896,79.94461410327595,84.4770739748365,124.95155469183788,37.64391612882597,93.32357023875625,54.411643782804305,2355.663097927516,400.5716963448923,0.4004946459168738,0.2414051375950119,A,grading/data_processed/onion/A/Onion_Red_1_r_91__100.jpg,ffdf8701008081c3,13
5626.5,394.9188265800476,0.98,0.4533488426633716,0.7818383936635864,17.060203553562186,16.99209848415603,141.5183715715025,51.02106857202658,75.33931343798517,44.209511016530826,2913.359960339442,307.39556701030926,0.5201536005964047,0.394882249091109,A,grading/data_processed/onion/A/Onion_White_1_r2_115__100.jpg,ef8f9f0f010181c3,23
7377.5,322.291411280632,1.020408163265306,0.8925275238838732,0.988344832205774,28.69354624085163,52.98000882969384,145.9748502994012,54.44509921535999,97.1061876247505,55.26102008608647,3023.9358346938775,400.2480931766646,0.345686092297405,0.219283151420656,A,grading/data_processed/onion/A/Onion_Red_2_r1_92__100.jpg,ffe1e0c0808181e7,5
5475.0,297.0782072544098,1.2375,0.7795651187843115,0.9552473174561632,22.72371943601642,47.454340036581286,168.9441370694271,56.02830917207471,72.12189898268785,40.523360358983034,6329.853244550938,348.45714285714286,0.4211012399542445,0.2766320667070095,A,grading/data_processed/onion/A/Onion_Red_2_r2_288__100.jpg,ffc10000c0c1e1ff,51
6835.5,323.1198377609253,0.96,0.8227216149508599,0.9688873139617292,17.985802380610927,17.519821780840687,144.46507959271474,56.22822155562915,89.71217553420335,51.567675945252226,4019.911260839843,555.0345263157897,0.4018174626233782,0.258631396868175,A,grading/data_processed/onion/A/Onion_White_1_r2_54__100.jpg,ff8f8780818181e7,16
5554.0,389.78888392448425,1.0,0.4593638764983518,0.8245249406175772,35.81986708639384,11.545176128263767,52.189751661420075,26.51982277944403,73.91413081497026,42.95254472061685,2947.2137219047113,485.9942141805176,0.5886088532565525,0.3870724419548546,A,grading/data_processed/onion/A/Onion_White_2_r1_54__100.jpg,ff9f9f08018181c7,16
4539.0,307.56348848342896,0.72,0.6029766442028441,0.8989008812753738,43.274031256690215,54.39044923211298,83.85035324341683,53.94341254494037,60.15671162491971,35.3934404920334,9988.880763888888,530.2545070422534,0.4737897887501279,0.333605560662795,A,grading/data_processed/onion/A/Onion_2_r0_333__100.jpg,cfc3c183810183c7,26
4146.5,371.1198382377625,0.72,0.3783233906597452,0.7715136291748069,41.96959145775302,54.03469821390696,75.56963788300835,53.50160340153849,55.33751160631383,32.6254569409311,10830.42123263889,433.2718309859155,0.521915750992202,0.3820350684078027,A,grading/data_processed/onion/A/Onion_2_r0_81__100.jpg,cfc3c3c3838383c7,26
5814.0,411.16146743297577,1.1111111111111112,0.4321754338911313,0.865049843773248,34.96895861148197,10.063319444793189,51.83811748998665,32.30312396789202,77.25267022696929,45.050775124650634,3040.431013222222,497.338832772166,0.597404035741357,0.3208601007817711,A,grading/data_processed/onion/A/Onion_White_2_r0_5__100.jpg,ffdf8f01000181e7,2
5650.0,354.6761871576309,1.020408163265306,0.5644094150537649,0.84777552704629,36.100499913807965,12.791732109802185,48.967764178589896,24.13054541832981,74.98655404240648,43.648221087919275,3071.69667455227,460.6071943929087,0.5966806163889103,0.3919355403322035,A,grading/data_processed/onion/A/Onion_White_2_r1_48__100.jpg,ff9f8f84018181c7,16
4720.0,306.2497808933258,0.76,0.6324122727132141,0.9083910700538876,39.9585823202143,50.164396285175904,84.82382031732949,55.3204745781925,62.915104059344735,37.72961442189104,8075.102957825486,559.7424,0.4816479480464748,0.3426148080084494,A,grading/data_processed/onion/A/Onion_2_r0_6__100.jpg,cfc3c183818383c7,3
6203.0,352.1909062862396,0.95,0.6284277712265752,0.9137511968770716,69.50723953415172,83.09569910901263,111.56389675794776,43.55557262282759,81.94963802329241,47.39997815948436,5858.707463091413,402.46638297872335,0.4683751146104273,0.3178030931580495,A,grading/data_processed/onion/A/Onion_Red_1_139__100.jpg,f7e78381010181c7,4
4064.5,309.1787129640579,0.6,0.5343155603971407,0.8957575757575758,36.805952380952384,55.42462674915783,87.00119047619047,56.2705517885044,54.026666666666664,31.67240429223512,13238.285082638888,519.0310169491524,0.4294860011400211,0.2767166264485374,A,grading/data_processed/onion/A/Onion_2_r0_306__100.jpg,e7e3c181818183c7,26
6720.0,315.56348848342896,0.9,0.8480191120580381,0.9802348479323172,20.87456242707118,15.300624809387832,124.55528004667444,49.03835009040397,89.09276546091016,52.94811395569643,4773.3807750000005,482.744606741573,0.4248764554826201,0.2243686593332469,A,grading/data_processed/onion/A/Onion_White_1_r2_142__100.jpg,ffcf8f0d818181c3,58
3935.5,315.3208487033844,1.5151515151515151,0.4973984265592179,0.8691475265017667,36.48551080550098,57.56891988412792,78.90225933202358,54.38927104057995,52.43320235756385,30.500095941108324,11411.759155555555,299.44291398836856,0.5253105294875171,0.3692817672780191,A,grading/data_processed/onion/A/Onion_2_r1_124__100.jpg,ffe3810080c1e3ff,51
5192.0,289.563489317894,1.2820512820512822,0.7781385746253598,0.9549383851388632,40.08033866415804,66.49026084674085,154.05023518344308,57.67899227614668,68.70893697083726,38.52433404171005,8257.216439694279,368.35612535612546,0.460255683400634,0.3042216452377301,A,grading/data_processed/onion/A/Onion_Red_2_r2_146__100.jpg,ffc38301008083ef,0
7409.0,326.0487701892853,1.0101010101010102,0.8757987598948717,0.98471557682084,73.51198834282687,81.98178216111715,121.62750033116968,41.6128675999568,97.30851768446152,55.981757221881985,3938.828416488114,527.7520661157025,0.3440231335251397,0.2257967211970704,A,grading/data_processed/onion/A/Onion_Red_1_r2_32__100.jpg,ff9f1f03010181c3,23
6096.0,320.5340509414673,0.97,0.7456009932425185,0.9337520104158687,147.85702824133506,47.08620793354984,98.3066431322208,40.996369882531205,80.07156611039795,45.961675587777826,4171.548662599638,371.9044791666666,0.4984560876753787,0.3450097812119888,A,grading/data_processed/onion/A/Onion_Red_3_188__100.jpg,ffe78100008081e7,1
6051.0,365.8477594852447,1.098901098901099,0.5681149495538521,0.9050254262638348,36.23759664948454,9.6879846481863,47.67735180412371,30.195851082992093,80.16011597938144,46.52108289915736,3177.7902501992507,436.60184260184263,0.5687213258371956,0.3043088135580621,A,grading/data_processed/onion/A/Onion_White_2_r0_117__100.jpg,ffcf8f03000081e7,13
7110.5,327.8061293363571,1.0,0.8315260613281827,0.978060522696011,146.67305570877,50.25376559323333,113.15554329840045,38.531504697702495,94.06425813568671,54.71041708314392,1383.565303326026,387.0675472508592,0.4252568859915372,0.2156003186355277,A,grading/data_processed/onion/A/Onion_Red_3_r_91__100.jpg,ff9f8f01008181e3,13
5148.0,393.5046135187149,1.1851851851851851,0.417781057934605,0.8278523759749136,14.930424971793908,9.614321315553154,147.55095900714554,45.19572097920994,70.04738623542686,41.849638753024934,3082.6830592859055,387.5454191033138,0.4203846800610422,0.30045766527965,A,grading/data_processed/onion/A/Onion_White_1_r_91__100.jpg,ffff1d01018181c3,23
4020.0,272.2497806549072,1.5873015873015872,0.68155489305087,0.932822833275322,59.72364603481625,77.6880123003438,151.4821083172147,60.49839079820227,53.80923597678917,31.46141632865025,16358.325232426305,273.4080487413821,0.5307990839117628,0.3311490266151101,A,grading/data_processed/onion/A/Onion_Red_2_r2_186__100.jpg,ffc78300008387ff,0
6791.5,318.63455629348755,1.075268817204301,0.8406008436008405,0.9762811758786746,17.374711316397228,11.419939521779266,146.43172632794457,51.25111628727575,89.4083429561201,51.87788473541895,4766.675036697884,497.5001629195176,0.3834994950855082,0.2407324408778917,A,grading/data_processed/onion/A/Onion_White_1_127__100.jpg,ffc78707000181e7,12
7197.0,317.56348872184753,1.075268817204301,0.8968095779287142,0.9890064587055104,69.09667302972457,81.08308826082101,125.95759476411236,44.95594882328797,94.42432506135806,53.8376311110038,4103.351546433114,465.4071901813837,0.3140387505938716,0.1975074537467113,A,grading/data_processed/onion/A/Onion_Red_1_r_194__100.jpg,ffcf8700000181c7,2
6590.0,362.1909068822861,0.98,0.631277329341316,0.9235512577955294,72.12333234509339,84.02683647544575,114.76578713311592,40.2197380196189,86.89178772605989,50.07009170319404,4313.121565847563,431.4586597938145,0.4132815110992763,0.297722820204155,A,grading/data_processed/onion/A/Onion_Red_1_50__100.jpg,f7e78504000181e3,12
3886.5,304.83556735515594,0.57,0.5255780996747917,0.8931402964495002,40.70589698930082,59.8020504471322,89.31798954963921,57.86734753092754,51.74720079621797,30.117176634640582,12734.688714404432,457.53928571428565,0.4163223244073736,0.2713682087485337,A,grading/data_processed/onion/A/Onion_2_r0_297__100.jpg,e7e3c383818183c7,26
6550.5,354.7766922712326,0.89,0.6539945879765909,0.9569758948137328,23.3413396986424,43.15059552880385,86.72624198120245,50.7501281926195,86.28673728181411,49.72868787304664,2320.5451010099737,559.2057954545454,0.3539686366250112,0.2304371883592698,A,grading/data_processed/onion/A/Onion_2_r2_137__100.jpg,ffd9c1c1c1c1c1c7,78
4184.5,326.14927554130554,0.67,0.4943341341357096,0.8668047643707923,49.951225150254274,62.75704922987805,76.67845584835877,51.03942646730273,55.54230235783634,31.99203755055737,10187.6393631321,440.34242424242433,0.4633141403366673,0.3326865971163048,A,grading/data_processed/onion/A/Onion_2_r0_157__100.jpg,f3c383c18181c1e3,50
6454.5,378.7766913175583,0.96,0.5653351346477682,0.9106235891647856,56.99652515485723,79.18671141774794,116.78788336606738,42.038910651916325,85.19398700710077,48.90552065203581,4993.167499468316,446.45105263157905,0.4140867465903072,0.2957826183884379,A,grading/data_processed/onion/A/Onion_Red_1_59__100.jpg,f7e78189000181e3,4
5901.0,355.3624793291092,1.1111111111111112,0.5872085036358651,0.8906497622820919,35.488602576808724,9.697921008272289,50.04459861248761,33.786631940969365,78.1399074991741,45.49868035265998,3331.843519209877,413.8701459034792,0.5880683572462866,0.3137753093516494,A,grading/data_processed/onion/A/Onion_White_2_r0_140__100.jpg,ffcf8f0f000181e7,13
5368.0,349.705624461174,1.2345679012345678,0.551590955739191,0.8899941971317251,28.72205109621308,46.18570490955705,98.26399710092409,51.80181328327631,70.94038775140424,40.44733867110831,5767.185483478128,482.0481356777652,0.4756676661564702,0.3044931072083809,A,grading/data_processed/onion/A/Onion_2_r1_49__100.jpg,ffe1c08000c0e1ff,5
5360.5,334.1492762565613,0.9895833333333334,0.6033010966430228,0.8504005711112874,33.65982564475118,9.498559867831055,64.5399564111878,38.01463601939623,71.1284053759535,41.23999777995295,2243.018564894968,318.1600177304965,0.5994072612382313,0.3803128767600764,A,grading/data_processed/onion/A/Onion_White_2_r1_130__100.jpg,ff8f8f0f018181c3,11
5977.0,318.0487699508667,0.95,0.7425157655258598,0.9291154982123426,145.98135121871422,48.27986307096684,94.35252740062164,40.76573078843885,78.58301979388189,45.14134357000808,4501.381290759003,374.75542553191485,0.5137591444478091,0.3432281163264897,A,grading/data_processed/onion/A/Onion_Red_3_175__100.jpg,ffe781010081c1e3,12
6960.0,316.39191567897797,0.9896907216494846,0.8737120944895826,0.9862547824854754,145.309892897407,52.37643097995811,112.71166854565952,41.78095574473069,91.82919954904172,53.2497664351883,2043.132485030216,389.9672273467173,0.4132403522370171,0.2223117146448728,A,grading/data_processed/onion/A/Onion_Red_3_r2_73__100.jpg,ffc78701018181c7,11
5792.0,367.50461399555206,0.94,0.5389057596589845,0.8756519767178169,35.028408135821145,11.699106251234117,51.118339216675075,29.887711323348867,76.65540426962515,44.40599829161749,3409.8764643617014,539.5550537634408,0.5829629271886512,0.3497328151177266,A,grading/data_processed/onion/A/Onion_White_2_r1_153__100.jpg,ff9f8f01000183c7,13
4460.5,285.3208477497101,1.4492753623188406,0.6885355942199719,0.9236902050113897,24.625491051942383,52.61647996504641,167.77455259711917,53.36641111399824,59.18769096464426,32.98964358003656,12081.780281453472,294.72156346069386,0.4787962826528218,0.3222661576122412,A,grading/data_processed/onion/A/Onion_Red_2_r1_296__100.jpg,ff610180c0c1e1ff,71
6627.5,314.2914103269577,0.94,0.8431300666599779,0.9731297261581382,22.655820144948972,20.77631089571332,122.15027362816151,48.3329173041826,87.95237390918503,52.15684460401454,5467.488637211409,556.1576344086021,0.4455686379809104,0.2657289596301568,A,grading/data_processed/onion/A/Onion_White_1_r2_156__100.jpg,ffcf9d81008181c3,16
5455.5,316.2914117574692,1.1363636363636365,0.6852824736625138,0.9299411915111224,141.8200357781753,53.62076960556987,86.3964221824687,40.8742290325581,72.03112701252236,41.55635995339333,8108.491138378101,397.44903581267215,0.495869596610397,0.3515817548277168,A,grading/data_processed/onion/A/Onion_Red_3_r2_142__100.jpg,ff878301018383ef,28
5967.0,346.19090604782104,1.0210526315789474,0.6256545267181784,0.8729427254772877,15.98266557645135,15.929075030421377,145.28765331152903,46.88710370146403,79.18577269010629,45.79410882038377,3222.32945800405,319.009649122807,0.4444489735369841,0.3218112931766862,A,grading/data_processed/onion/A/Onion_White_1_r2_97__100.jpg,ff8f8707018181e3,67
4438.5,302.1492747068405,1.36986301369863,0.6109462114920466,0.9111156727907216,33.44877408056042,56.31091372572975,79.17381786339755,52.65008567087737,58.81939579684764,34.11403689788579,8824.012162957402,340.4916286149163,0.5085841299986555,0.3611127928481592,A,grading/data_processed/onion/A/Onion_2_r2_260__100.jpg,ff878703000187ff,90
7337.5,320.29141068458557,0.97,0.8988089612658032,0.9902827451245024,31.95156542681295,61.265453361416654,166.46681830345196,47.29851323123519,96.58857372223709,55.016950539762504,1883.3320036560744,328.2328125,0.3746106927406318,0.2143975480124481,A,grading/data_processed/onion/A/Onion_Red_2_r2_257__100.jpg,e7e1c180818181c7,79
6243.5,347.948264837265,0.95,0.648050171547291,0.9216858576911722,78.49303926169247,84.38711787045496,113.66744877209447,43.01203909342974,82.30877522290005,47.43070963129883,4914.143150094183,352.8182978723404,0.4543501462451479,0.3143879637660733,A,grading/data_processed/onion/A/Onion_Red_1_129__100.jpg,f7e78305000181c3,4
6102.5,353.2619721889496,0.94,0.614502810814199,0.9062894482809832,74.0869982408444,83.38617526691542,114.6153846153846,44.7857811389701,80.29233967695507,46.03894151808828,5207.123225169759,427.93591397849457,0.4411594533850446,0.321162519024018,A,grading/data_processed/onion/A/Onion_Red_1_103__100.jpg,ffe78381000181c7,4
7212.5,319.46298348903656,0.96,0.8880851409153642,0.9866621067031464,20.291604299904748,43.24101711998696,175.76200843652197,46.94492442291006,94.94502653422236,53.91821845121073,2184.293348567709,392.3475789473685,0.3742926449549247,0.2187035839160586,A,grading/data_processed/onion/A/Onion_Red_2_r2_269__100.jpg,efc38180818181e7,77
6913.5,319.462983250618,1.0638297872340423,0.8512688569681427,0.9804992199687989,17.250212765957446,12.70351838615406,138.2208510638298,55.25258459330437,90.79943262411348,52.61454697010672,4919.454567394749,493.66548463356975,0.3917963916931398,0.2375560995072645,A,grading/data_processed/onion/A/Onion_White_1_139__100.jpg,ffc38f0f000181e7,2
5048.5,287.3208485841751,1.3157894736842106,0.7684895101389543,0.9525471698113208,43.15644942951073,67.77490762330652,152.08528331077162,58.142176964986376,66.83252755753239,37.42430242609521,9281.804178930057,344.70627325890484,0.4769722719077433,0.3057460853396027,A,grading/data_processed/onion/A/Onion_Red_2_r2_149__100.jpg,ffc38301008087ff,8
4407.0,318.5340510606766,0.72,0.5458096184489096,0.8856511254019293,48.681417877586966,62.14380138135399,75.55217965653897,54.21809833454885,58.5070453544694,34.17887284370047,9511.196081770831,494.49070422535215,0.4685506664074148,0.3508896788915691,A,grading/data_processed/onion/A/Onion_2_r0_180__100.jpg,f3c383c181c1c1f3,50
4596.5,286.634556889534,1.36986301369863,0.7030399951830495,0.9365321923390384,21.422726309094763,42.84340266043555,154.23425906296376,54.89990147964922,60.974136103455585,34.47112406090942,11615.506346612874,333.3190812231908,0.4720385290225858,0.3389430449214786,A,grading/data_processed/onion/A/Onion_Red_2_r1_140__100.jpg,ffc383008183c3ff,0
7242.5,323.4629830121994,1.0416666666666667,0.8698596648787087,0.9875911911092928,29.6316217314727,56.345018053133906,144.31608183173012,54.37965310049324,95.10662511854764,54.01452368832621,2639.6634114149306,386.6347853535354,0.3531756498224777,0.2168417271902983,A,grading/data_processed/onion/A/Onion_Red_2_r1_78__100.jpg,f7e1c1c0808181e7,7
6565.5,309.1198387145996,1.1111111111111112,0.8634235966941418,0.9809502465262214,20.404868578255677,12.127886600956728,123.39620669056151,49.55505106413694,86.32153524492234,50.23070243325424,5436.663912888888,441.3597081930415,0.3890600763997496,0.2438706874289958,A,grading/data_processed/onion/A/Onion_White_1_77__100.jpg,ffc38d0c000181ef,2
6797.0,319.563489317894,0.9393939393939394,0.8363976901764268,0.9737124847790272,20.769142033165103,14.293833764624292,122.76121124729632,48.59798234872553,90.08507570295602,53.0649094510179,4813.7906739066375,522.9402722880983,0.4082571693591998,0.2320874663889878,A,grading/data_processed/onion/A/Onion_White_1_r2_164__100.jpg,ffdf9f81010181c3,21
5138.5,322.97770285606384,1.065934065934066,0.6190149561262468,0.8870953819594303,31.937286851079953,11.966308662190093,64.42023493747632,45.317606639835134,68.12125805229253,39.52249659122066,1674.1815467283975,289.53365384615387,0.586403347655336,0.3897854183246674,A,grading/data_processed/onion/A/Onion_White_2_r1_196__100.jpg,ff9f1f03010181c7,13
7099.5,317.46298384666443,1.0526315789473684,0.8852204530799916,0.9881002087682672,27.2666205943331,53.7610890043092,145.67311679336558,52.137227786354465,93.3380787836904,53.00015654916196,2765.250173285318,382.2910154173312,0.3708911684538553,0.2234985313090443,A,grading/data_processed/onion/A/Onion_Red_2_r1_70__100.jpg,ffe1c1c0008181e7,7
5408.0,385.5046138763428,0.9583333333333334,0.4572854535389621,0.8809252321224955,34.34553283100108,13.99523538641864,56.435235019734485,39.65345514799919,71.98851811984213,42.00761388339576,2439.3541496291277,412.0381181318682,0.5576781805508135,0.3522174315282504,A,grading/data_processed/onion/A/Onion_White_2_r1_176__100.jpg,ff9f9f09008181c3,16
7316.5,323.8061294555664,0.96,0.8768859469608381,0.9873152958639768,25.38613197424893,48.40011079594522,155.6271459227468,53.96584501640783,97.06343884120172,54.0030213367386,2392.7980694010416,411.7265263157895,0.3479194125242157,0.2077253807193859,A,grading/data_processed/onion/A/Onion_Red_2_r2_114__100.jpg,f7e1e1c08081c1e7,7
5429.5,300.83556616306305,1.3157894736842106,0.7538958332594325,0.9618246235606732,24.234892086330937,51.91160727229219,155.0365107913669,54.68797953674082,71.25323741007195,40.69637850389299,7022.783644581025,348.94391281233385,0.413225698890353,0.2551646875882539,A,grading/data_processed/onion/A/Onion_Red_2_r1_220__100.jpg,ff808001018383ff,25
4694.5,286.4924203157425,1.3888888888888888,0.7187418524470097,0.9407815631262524,46.49221507162134,70.66473715685638,150.33402532696698,59.753801774445165,62.20095495121445,35.21449878921394,11720.021635802468,326.4356060606061,0.4887609719093958,0.3178954612537833,A,grading/data_processed/onion/A/Onion_Red_2_r2_156__100.jpg,ffc78301008287ff,0
7254.0,320.04877066612244,0.96,0.8899284451350798,0.9884853852967228,22.799215261804896,48.97311635738648,173.5581112163442,46.34989373595898,95.40062237856851,54.30668878363555,2105.9712083224827,353.94621052631584,0.3730736976230063,0.2146704489724886,A,grading/data_processed/onion/A/Onion_Red_2_r2_264__100.jpg,efc3c180818181c7,8
4743.5,302.2914115190506,1.1176470588235294,0.6523146796100348,0.9007785795670338,141.70170396222542,55.13091784297154,88.44857318825703,43.38321377021486,62.62266475056457,36.34463015075007,9498.951281181648,338.01251564455566,0.5656039579637826,0.3820393376644558,A,grading/data_processed/onion/A/Onion_Red_3_r2_119__100.jpg,ffc3c3018183c3e7,8
3918.5,343.46298336982727,0.65,0.4174167181736479,0.8017391304347826,38.04548807474797,53.093476828212694,77.32603884927465,53.10356030586886,52.393164494713545,31.498866504882997,13480.260078840234,431.22218749999985,0.5037666219793021,0.3555877719694797,A,grading/data_processed/onion/A/Onion_2_r0_93__100.jpg,e7c3c383818183c7,26
4514.0,293.9066345691681,1.351351351351351,0.656678260510975,0.9268993839835729,30.339439655172413,42.913742630800584,84.93577586206897,51.83895582259875,59.640086206896555,34.30563359776773,7786.790403195762,347.4619164619164,0.5135430085702731,0.361664601184145,A,grading/data_processed/onion/A/Onion_2_r2_88__100.jpg,ffe1c10080c0e1f7,5
7253.5,324.6345567703247,1.0638297872340423,0.8649041555840604,0.9844598262757872,22.10077099959421,49.01038782942528,154.23278777221697,52.98378811825837,95.57419180305696,54.62975680085594,2331.52631887732,308.95766172361914,0.3384279319086121,0.2003915999806267,A,grading/data_processed/onion/A/Onion_Red_2_r1_245__100.jpg,ffe1f1808081c1e7,7
5768.5,391.9482651948929,1.1111111111111112,0.4718622865569502,0.8677698382850696,34.486363636363635,9.697060329437608,49.88787878787879,28.73640603011084,76.46548821548822,44.38944183373416,2744.1888310000004,399.6380471380472,0.6088702655595916,0.3284678462193711,A,grading/data_processed/onion/A/Onion_White_2_r0_173__100.jpg,ffdf8f00000181e7,13
4190.0,280.2497800588608,1.5151515151515151,0.6703989510946686,0.9179537736882464,19.951276102088165,45.01259882405973,168.07354988399072,55.03101358183225,55.8245939675174,31.3223247257806,14154.98516140955,278.6971227425772,0.4930333675453607,0.3326159770232972,A,grading/data_processed/onion/A/Onion_Red_2_r1_301__100.jpg,ff610180c0c1e1ff,71
5364.5,352.2914113998413,0.9381443298969072,0.5431690335904681,0.8429446888749215,34.95142287475077,11.341175207614093,53.88816385716875,38.24670685088428,70.95849193402212,41.04713201112981,2311.061336738987,342.55864833906077,0.5812376888941548,0.3603687185393388,A,grading/data_processed/onion/A/Onion_White_2_r1_21__100.jpg,ff9f8f07018181c7,16
3870.0,300.5929266214371,0.57,0.5382243171422353,0.8887357905614881,42.604348912771805,61.282051194721475,88.82879280179955,57.96115127396142,51.464883779055235,29.747623413779532,12845.508183287166,443.5296428571429,0.421092348658257,0.2738801118898112,A,grading/data_processed/onion/A/Onion_2_r0_296__100.jpg,e7e3c383818183c7,26
6525.0,362.67618775367737,0.89,0.6233791837798565,0.9535988308366824,23.607784431137723,43.46260763870384,86.94176646706588,50.39197604355479,85.94880239520958,49.56970307191279,2257.4860311955563,542.7703409090909,0.3558413854609051,0.2329145337035252,A,grading/data_processed/onion/A/Onion_2_r2_134__100.jpg,ffd9c1c1c1c1c1c7,78
6123.5,321.9482649564743,0.99,0.7423990514680151,0.9309060504712678,145.7394568690096,50.28540914487996,98.52971246006388,42.06414824585134,80.55287539936103,46.27601849660597,4664.626582552801,414.0101020408164,0.5075169931025105,0.3535704052168835,A,grading/data_processed/onion/A/Onion_Red_3_191__100.jpg,ffe78108000181e7,12
6765.0,326.7350620031357,1.0777777777777775,0.7963173580743969,0.9667738478027867,16.55856377587954,17.61237086518406,149.4350658751991,50.18689498676392,89.19140002895612,51.540674638561136,4507.518162463311,508.886574074074,0.3591013480604081,0.1956353555845187,A,grading/data_processed/onion/A/Onion_White_1_183__100.jpg,ffc38f01010101e7,2
7137.0,412.9604568481446,0.99,0.5259066052580964,0.9525525525525526,90.15889511828252,84.27244741708239,117.0196909613018,37.57212884471576,94.71639546013948,54.91936060297203,2843.8744254259773,479.32040816326537,0.3832508489540668,0.2441186473708411,A,grading/data_processed/onion/A/Onion_Red_1_r_105__100.jpg,ff8f8703008181c3,87
3841.5,328.8355669975281,0.58,0.4464297536681027,0.8272854527834608,35.630456598093325,51.65708816118752,74.95408931259408,52.0539845753582,51.33793276467637,30.49940489728123,14708.38859307372,470.70157894736826,0.4419679840614728,0.289933685543655,A,grading/data_processed/onion/A/Onion_2_r0_102__100.jpg,e7c3c3c1818183c7,3
4361.5,314.977702498436,0.7,0.5524412752611846,0.8855837563451777,50.92661774516344,64.28971800871642,76.553480097843,54.55608426610769,57.72915276851234,33.23645285749327,10221.150617061225,461.13202898550736,0.4573527643777771,0.3392017917000787,A,grading/data_processed/onion/A/Onion_2_r0_174__100.jpg,fbc381c181c1c1e3,50
3772.5,264.4924203157425,1.6129032258064515,0.6776612474965774,0.929988906692962,37.48043254376931,65.63423347405157,148.98300720906283,57.93167981225089,50.05870236869207,29.31736486383457,19685.47279685224,254.25138481590088,0.5417961603474148,0.3605965078930064,A,grading/data_processed/onion/A/Onion_Red_2_r1_6__100.jpg,ffe10180c0c1e3f7,51
6867.0,322.39191603660583,1.0869565217391304,0.8302495037890524,0.975772646536412,29.924493291464454,54.021845975092425,80.85726520125607,50.41200401875128,90.04424778761062,51.65836229473125,2233.914765548204,474.40096618357495,0.3726747215635391,0.2264200816943974,A,grading/data_processed/onion/A/Onion_2_r1_185__100.jpg,ff9b9100008081ef,65
7158.5,322.29141199588776,1.0416666666666667,0.866032972058829,0.9835806540258312,79.60635964912281,82.72145439105999,119.61554276315788,46.975025730846966,93.8952850877193,53.760300927727066,4014.4733741210935,479.5628156565657,0.3318501861419047,0.2258659056696975,A,grading/data_processed/onion/A/Onion_Red_1_r2_47__100.jpg,ff870700018181c7,108
5313.5,296.49242091178894,1.2692307692307692,0.7595622224626734,0.9534362102996592,20.63830178276052,44.78031938075848,165.03951479507444,56.07553997493743,70.0689211541996,39.54435660643466,7159.698020942193,346.1526687598116,0.4259563572779505,0.2798166734732564,A,grading/data_processed/onion/A/Onion_Red_2_r2_290__100.jpg,ffc10000c0c1e1f3,5
5317.0,352.3330408334732,1.0319148936170213,0.5382323290939139,0.8755866611774393,33.47164288327845,8.95050937771421,71.97127698499817,39.08510629767456,70.69392608854739,41.08605850977521,1692.3765834711005,363.9015957446809,0.5605110212472003,0.3855021903824998,A,grading/data_processed/onion/A/Onion_White_2_r1_101__100.jpg,ff9f8f07070181c3,18
3635.5,303.66399371623993,1.6666666666666667,0.4954358327769952,0.8635391923990499,32.65569418635519,52.67880654723173,76.44358906291478,52.75357501482918,48.36580833554553,27.730834486930753,13033.444554555555,263.5060606060606,0.5199289426367056,0.3581032461520023,A,grading/data_processed/onion/A/Onion_2_r1_108__100.jpg,ffe1c10080e0e3ff,51
5759.0,305.22034299373627,1.1764705882352942,0.7768371574377654,0.9602334305960816,105.57412124299542,84.24433601212316,118.48802852776365,46.15681519263058,75.57021565630838,43.49717946566394,6342.697711058823,339.724301841949,0.4333273715653311,0.2943163711634544,A,grading/data_processed/onion/A/Onion_Red_1_r2_130__100.jpg,ff838301018183ef,8
5697.5,363.6051186323166,1.1235955056179776,0.5415445894485161,0.8762014609765475,33.8223436966177,9.66121757066936,52.575674752306114,31.410079507231742,75.24274000683293,43.73829691966264,2973.6252438328493,397.92078084212915,0.5985551169705313,0.3306468954664779,A,grading/data_processed/onion/A/Onion_White_2_r0_193__100.jpg,ffdf8f01000081e7,13
3897.5,274.97770273685455,1.5873015873015872,0.6477404655763978,0.9296362552176506,18.32942935459756,42.89164976234208,155.6394218788936,59.90479456209828,51.74732120608024,29.846721075507112,16183.069994331066,271.03607503607503,0.5030837443267395,0.3497867445328809,A,grading/data_processed/onion/A/Onion_Red_2_r1_194__100.jpg,ff878001018387ff,25
7072.5,351.6051187515259,1.020408163265306,0.7189065526770878,0.9631621952880294,37.155614010798836,59.615535368697294,85.89561124186626,49.62911773617073,92.93603765748304,53.49387267337393,1817.2365597251144,465.4615543186971,0.3815084844947361,0.2493717246113227,A,grading/data_processed/onion/A/Onion_2_r1_209__100.jpg,ffa78705008083ef,1
6990.5,332.291410446167,1.0638297872340423,0.795572703378238,0.9693545032240172,36.91602411327632,60.272558066796456,84.56624141315015,50.855953887758105,91.75115659610262,52.70507509559671,2077.2913645880485,454.8272082527401,0.3629276449167432,0.2284467236567378,A,grading/data_processed/onion/A/Onion_2_r1_201__100.jpg,ffb7a501008081ef,1
6700.0,343.3624792098999,0.94,0.7141328229790994,0.9546879452835566,142.6430553527092,53.57629512517791,95.64597634000292,41.76580341427414,88.33971082225793,50.77277196590432,3700.48538197148,533.9086021505375,0.4127836156235647,0.2564687895782815,A,grading/data_processed/onion/A/Onion_Red_3_r2_3__100.jpg,e7c7c5848080c1e3,45
4907.5,326.1492757797241,0.78,0.5797454318853417,0.8940608489706686,45.03703703703704,54.01605153420634,79.53812636165577,50.533044769938584,65.65379283026341,39.84539051819048,7829.206449556214,596.2700000000001,0.4757177252174641,0.3342518323074846,A,grading/data_processed/onion/A/Onion_2_r0_24__100.jpg,efc3c181818183c7,8
4433.5,302.00713992118835,0.68,0.6108325277923449,0.9024017911662936,38.6302300109529,51.28662627496241,85.45980284775466,54.41600312625996,58.70777656078861,34.354737836494365,9137.429697231832,500.1931343283581,0.4587445404038693,0.312823608340863,A,grading/data_processed/onion/A/Onion_2_r0_328__100.jpg,cfc3c183818183c7,3
7183.5,322.63455629348755,0.96,0.8672098407315095,0.9800804966232348,21.87517071838295,44.788491837721125,179.73941546025677,46.801773576742626,94.98634252936355,53.36176113844411,2237.233531206597,386.80115789473695,0.3618013463093592,0.2209857793647375,A,grading/data_processed/onion/A/Onion_Red_2_r2_273__100.jpg,ffc38180818181e7,0
6331.0,374.534050822258,0.979381443298969,0.5671521228434071,0.8952838860213533,87.81582999692023,85.5978609505131,126.73067446874038,35.5259569488361,84.40930089313213,49.186267332364714,1898.8472049246184,327.8772757183593,0.4656953019996395,0.280667859126062,A,grading/data_processed/onion/A/Onion_Red_1_r_78__100.jpg,ffdf9d01018181c3,23
4258.0,275.76449835300446,1.5151515151515151,0.7036210303974472,0.9348995498957076,18.73109435686543,39.220402906212314,149.07950651130912,65.76589481033639,56.529358007767875,33.243002384883084,13425.804150390268,287.7669115396388,0.4424333894957175,0.325495572581473,A,grading/data_processed/onion/A/Onion_Red_2_r2_16__100.jpg,ffe1c10000c0e1ff,59
4855.5,318.4335460662842,1.162790697674419,0.6017362790439194,0.892637190918283,142.19482862297053,53.8195514881425,87.34816596512327,41.49932618858726,64.10042092603729,36.94231929269747,10409.563889886424,348.7074230678882,0.5596310985830424,0.4068251194364479,A,grading/data_processed/onion/A/Onion_Red_3_r2_132__100.jpg,ffc783810183c3ef,8
4360.5,322.63455629348755,0.7,0.5264103167689493,0.8764824120603015,52.484329851078016,64.05477284529208,77.47855078906424,54.99993469282494,57.77128250722383,33.074258390167536,9503.612563265307,421.848695652174,0.460678410082165,0.3415196865223052,A,grading/data_processed/onion/A/Onion_2_r0_172__100.jpg,f3c383c181c1c1e3,50
4180.5,308.1492751836777,0.62,0.5532428255601846,0.8964297201672563,40.22072803153257,56.26741710290159,87.62114537444934,56.538931824518954,55.55552979364711,32.62170296645824,11810.282647658689,560.3375409836066,0.431047891422012,0.281378794153924,A,grading/data_processed/onion/A/Onion_2_r0_313__100.jpg,e7e3c181818183c7,26
4850.5,341.11983716487885,0.79,0.523820416505051,0.8713733944130064,45.32079247548529,55.2939581420661,75.63818290974585,49.51055588484725,64.47908745247149,38.047627864551934,8502.568333456176,496.0505128205128,0.4826179814941421,0.3485247980352278,A,grading/data_processed/onion/A/Onion_2_r0_50__100.jpg,cfc3c183838383c7,68
5107.5,293.4629831314087,1.2658227848101269,0.7452664716055425,0.9508517173973752,20.92334161728159,39.06937459634241,158.38692410628943,54.64578568961907,67.67099980883197,37.731529036593685,10102.268986941195,366.11328474619614,0.4390092679981444,0.3224810767534262,A,grading/data_processed/onion/A/Onion_Red_2_r1_133__100.jpg,ffc381008181c3ef,0
5119.0,323.01933240890503,1.1363636363636365,0.6165069304996574,0.8982277592560098,148.38858230256898,48.16322255257096,101.85328258801142,44.55749635709788,67.6987630827783,39.00793093615818,9055.144541270662,376.88590449954086,0.536844840774089,0.3887503134289895,A,grading/data_processed/onion/A/Onion_Red_3_r2_32__100.jpg,ffc383800183c3ff,0
7295.5,324.2914117574692,0.98,0.8717541652103803,0.9854123049908828,19.342749529190208,38.06343323254518,161.75760021522734,54.56277800930833,96.67070217917676,54.58544316192335,2302.6581031236988,360.6201030927835,0.3558952167630205,0.2259525131705744,A,grading/data_processed/onion/A/Onion_Red_2_r2_109__100.jpg,f7f1e1c0808181e7,55
6608.0,341.56348860263824,0.87,0.7117656370015676,0.9633355200816386,22.59997040106556,44.0826274233925,91.5885748113068,52.7426368219658,86.98150066597603,50.15499830429204,2107.986228814903,565.1224418604651,0.3488558527584207,0.2069327755754397,A,grading/data_processed/onion/A/Onion_2_r2_153__100.jpg,fff98181818181c7,39
5787.5,302.29141068458557,1.1904761904761905,0.7958830460811825,0.9661936560934892,12.209298393913778,20.456203917471004,160.64683009298395,57.8811637510045,76.02586644125105,43.56546951394347,7026.342101530612,457.9540644540645,0.4109937389682173,0.2810279527550889,A,grading/data_processed/onion/A/Onion_Red_2_r2_57__100.jpg,ffc381800081c3ff,0
6102.5,352.09039890766144,0.94,0.6185991046123508,0.904543096420366,72.87028150991682,83.18258194062409,114.17130518234164,44.394384886975445,80.12380038387715,45.8370123199268,5143.441794375282,427.0286021505376,0.4441308602379999,0.3220191618792465,A,grading/data_processed/onion/A/Onion_Red_1_102__100.jpg,ffe78381000181c7,4
4279.5,275.66399359703064,1.492537313432836,0.70768959056406,0.936023622047244,30.79258585399136,57.25130402194058,149.8951557880373,54.03817051281156,56.65408232886059,32.20135387044898,15156.717864357315,255.03859490426655,0.5033203881128029,0.3302349226291157,A,grading/data_processed/onion/A/Onion_Red_2_r1_29__100.jpg,ffe1c10080c1c3ff,51
7026.0,341.36247873306274,1.0526315789473684,0.7576810800437859,0.9659723654361724,35.6872559955382,58.556479896500065,85.14556609035137,50.18019958255688,92.21109871723368,53.02255988483008,1990.9695044432133,466.6609250398725,0.3709222593474464,0.231784954716007,A,grading/data_processed/onion/A/Onion_2_r1_206__100.jpg,ffb78705008083ef,74
6415.5,317.80612897872925,1.043956043956044,0.7982075594239038,0.9755930656934306,89.11385836385837,83.75571988710072,118.77197802197804,45.769581595030346,84.7336691086691,48.45882447820959,6183.520663214294,478.47030628945527,0.3400665158816584,0.2254777604342198,A,grading/data_processed/onion/A/Onion_Red_1_r_13__100.jpg,ffc38180808181e7,7
4339.5,276.3502850532532,1.5151515151515151,0.7140518076856474,0.9366501187135764,20.59161246916349,41.50148222360632,146.9721910742319,64.04692884398902,57.41063018614039,33.19960475035121,14061.723118365471,277.81389654116924,0.4363639108405562,0.3120936185659965,A,grading/data_processed/onion/A/Onion_Red_2_r2_5__100.jpg,ffe1810000e0e1ff,59
5646.5,316.4924212694168,1.1111111111111112,0.7083739253271318,0.921125611745514,30.790110650069156,46.88635283328334,82.20072614107883,49.63202414821988,74.46974412171508,43.21398216672826,4702.910992283951,486.4866442199775,0.4740432042102125,0.3458305489415088,A,grading/data_processed/onion/A/Onion_2_r2_108__100.jpg,ffe1c080c0c0e1f7,5
6138.5,366.9188280105591,0.94,0.5729703238613089,0.8964585615188024,53.813820492454326,77.58592950481963,113.808895949166,44.97537425534725,80.8484511517077,46.23108620394181,5301.863617372114,462.2950537634409,0.4345824960937934,0.3161243873552404,A,grading/data_processed/onion/A/Onion_Red_1_84__100.jpg,fff7c381000181c3,4
3760.0,267.9066346883774,1.6129032258064515,0.6583104830449928,0.9231524674686964,36.92873741285825,64.72515594748295,155.16395558998192,56.19334427832766,50.03175832687839,29.20708354728224,20464.089457830385,268.42668621700875,0.5453676136388967,0.3608138250833856,A,grading/data_processed/onion/A/Onion_Red_2_r1_2__100.jpg,ffe10180c0c1e1ff,97
5796.5,372.09039998054504,1.0,0.5261126856985151,0.81993068816748,16.90849563465413,19.709087786864735,144.01309603760913,48.024260327514384,77.34754869039624,45.4048732421844,2943.944226381362,355.271407532085,0.4871959441701746,0.3659394353528674,A,grading/data_processed/onion/A/Onion_White_1_r2_102__100.jpg,ff8f8f07030181e3,18
4733.0,276.7350620031357,1.3888888888888888,0.7766368515536827,0.9563548191553848,31.3880412371134,58.098256102421395,149.0562886597938,53.62523185386335,62.43113402061856,35.11803806711076,11442.702129147376,289.976290684624,0.4879815556102749,0.3132821753360786,A,grading/data_processed/onion/A/Onion_Red_2_r1_40__100.jpg,ffc3c1008081c3ff,0
6125.0,323.3624781370163,0.99,0.7360998142299863,0.9296501479851256,147.0408815075056,48.5605403945762,98.02347492813796,42.62356593006152,80.50447141488343,46.1948323073783,4346.917014784206,407.9134693877552,0.5066625091259309,0.353868539948356,A,grading/data_processed/onion/A/Onion_Red_3_194__100.jpg,ffe78108000181e7,12
6381.0,380.6761872768402,1.0,0.5533337837181659,0.8918238993710692,86.66264323911383,85.68512284816617,125.29243697478992,36.64299360360465,85.03957219251338,49.59057543535365,2262.0949314159684,380.4721864261168,0.4718008553340322,0.288017515980015,A,grading/data_processed/onion/A/Onion_Red_1_r_77__100.jpg,ff9f9d01010181c3,16
4143.0,305.56348848342896,0.61,0.5575988613757968,0.900945960639339,37.77749181094993,54.68744601112355,86.53135236312588,55.97977921157195,55.10973327094057,32.64671550831056,12796.826124455793,579.1010000000001,0.4259382841269197,0.275277133085914,A,grading/data_processed/onion/A/Onion_2_r0_310__100.jpg,e7e3c181818183c7,26
6615.5,312.977702498436,1.098901098901099,0.8486834662131777,0.9761693964881216,19.053037037037036,14.818242074679915,124.78044444444444,56.92803594749712,87.3,51.178770917173466,5639.3441118222445,383.46553446553446,0.4175377416246773,0.246054837628537,A,grading/data_processed/onion/A/Onion_White_1_13__100.jpg,ff878f0d000183ef,14
4496.5,290.8355665206909,1.351351351351351,0.6680199466769483,0.9250154289240896,32.82669839896149,45.91057236159156,86.50281263522285,53.05299201552329,59.43833838165296,34.29149968673914,8046.494362235208,349.3557193557194,0.5123791581938439,0.3624884296628886,A,grading/data_processed/onion/A/Onion_2_r2_89__100.jpg,ffe1c10080c0e1f7,5
3772.0,265.0782072544098,1.6129032258064515,0.6745800582788539,0.9259850251626366,33.83728115345005,62.949571879536755,153.9683316168898,56.35245470778898,50.01261585993821,29.0089139937631,19165.08328449532,237.0373085695667,0.5383863924954914,0.3599280249468429,A,grading/data_processed/onion/A/Onion_Red_2_r1_318__100.jpg,ffe10180c0c1e1ff,97
6272.5,321.1198385953903,1.020408163265306,0.7643922237910789,0.9452942506216564,143.8186924637229,51.333801741384015,96.69964112966142,40.7394263533462,82.60337026057107,48.10690130717655,4431.234008163266,350.71923314780463,0.4864026401872776,0.333349467748944,A,grading/data_processed/onion/A/Onion_Red_3_90__100.jpg,ffe78301000183c7,4
4946.0,281.5634903907776,1.36986301369863,0.7839913941789589,0.9611348620287602,14.318854886475814,26.839201815046092,157.63376110562686,61.77499794053455,64.99861796643633,37.645195030044775,10171.130435184836,356.71758682717575,0.4189475058475845,0.2931533476896186,A,grading/data_processed/onion/A/Onion_Red_2_r2_45__100.jpg,ffc3c18000c1c3ff,7
6856.5,321.80612885951996,0.95,0.8320007585403885,0.9724152602467736,22.27891350964975,19.876907984240543,121.75282344531809,47.535790860001285,90.81644031451036,53.41482408808258,4326.442462759002,534.8135106382979,0.4277606151055732,0.2485671023000788,A,grading/data_processed/onion/A/Onion_White_1_r2_162__100.jpg,efdf9d81010181c3,21
5163.5,375.60511910915375,1.0454545454545454,0.459929260565498,0.8399349328995527,34.45381149079985,10.209687932575369,62.620728501689825,31.926701725345943,68.9380398047315,40.042067517464105,2132.1606795528755,394.7097902097901,0.5148989471955318,0.3247834197219397,A,grading/data_processed/onion/A/Onion_White_2_r1_76__100.jpg,ffbf1d05018181e3,52
4950.0,339.07820773124695,1.3333333333333333,0.5410224728371391,0.8782045595671073,31.457148460482447,46.305408945553054,97.59403804667582,52.735850678685125,65.66267895665817,37.42780933361086,7012.249194862223,395.2853872053873,0.4793280350590684,0.3081032171570785,A,grading/data_processed/onion/A/Onion_2_r1_57__100.jpg,ffe1c00000c0e1ff,54
3579.0,316.3919153213501,1.694915254237288,0.4492838496045038,0.8644927536231884,29.777658142664873,48.302173433974126,79.34724091520862,53.97606283477726,48.09878869448183,28.912010872499756,14133.924279115196,323.14809108029453,0.5259397422953034,0.3556427318976636,A,grading/data_processed/onion/A/Onion_2_r1_102__100.jpg,ffe1c10080e0f3ff,59
6003.0,392.8183220624924,1.1111111111111112,0.4888715171782952,0.8933035714285714,35.61221844109544,9.154014828393832,49.926268027872304,32.55939178157821,79.56149732620321,46.15988821281165,3488.220552777778,515.7742985409652,0.5762513962566109,0.2998870629943963,A,grading/data_processed/onion/A/Onion_White_2_r0_141__100.jpg,ffcf8f0f000181e7,13
6566.5,307.80613017082214,1.1235955056179776,0.8709420974459213,0.9835979628520072,35.203194983577184,10.18705649244157,48.42281277993431,29.55032903344655,86.3986264556584,50.33650524649558,3293.6791809619995,352.8245375099308,0.5413141228556037,0.236264438383383,A,grading/data_processed/onion/A/Onion_White_2_r0_8__100.jpg,ffcf8f00000181e7,2
6611.0,359.50461399555206,0.9484536082474226,0.6427884787515996,0.9588802668793966,15.79745712596097,11.75318140972625,140.8582199881727,55.13165661713385,87.37004730928444,50.47495115015975,4512.299993146469,576.7511045655376,0.3534700321074142,0.2249956389717079,A,grading/data_processed/onion/A/Onion_White_1_r_161__100.jpg,ef878901018181c3,3
6152.0,335.3624783754349,0.97,0.6873805667911502,0.9230307576894224,146.57235901509134,48.47409630702731,92.35456711675933,38.948858764768886,80.83717235901509,46.43015730977704,4181.806063077905,321.21239583333346,0.5069424684147126,0.3363976499713546,A,grading/data_processed/onion/A/Onion_Red_3_119__100.jpg,ffe78101000181c7,4
3512.5,298.14927530288696,1.694915254237288,0.4965450774282042,0.865360926336536,28.70384615384615,47.26228181023902,81.56181318681318,52.82926597980614,46.77967032967033,27.14514960621994,13843.185200919275,274.9219311761685,0.5230074123722548,0.3690768590708275,A,grading/data_processed/onion/A/Onion_2_r1_92__100.jpg,ffe1c10080e0f3ff,59
6213.5,319.9482659101486,1.020408163265306,0.7627577787277114,0.945810183423396,143.79792093243032,50.73906101395403,97.67065679634588,41.25113789838613,81.69018743109152,47.142591576722786,4751.074037057476,356.95279323850764,0.4846282610741815,0.3395171636939251,A,grading/data_processed/onion/A/Onion_Red_3_85__100.jpg,ffe78101000183c7,4
4459.0,331.22034299373627,0.75,0.510755828439723,0.8476380572188955,48.92351151673186,62.971764186478026,73.94372012168623,56.03625825231725,59.27770534550196,34.49230429120264,9645.541883448886,480.09729729729736,0.4773268714673757,0.3664999897855155,A,grading/data_processed/onion/A/Onion_2_r0_226__100.jpg,f3c3c3c1c1c1c1e3,50
5799.0,391.98989510536194,0.94,0.4742564316709277,0.8655223880597015,35.166080107256576,12.596005805865314,50.83324953913189,31.501918784325916,76.83844477962126,44.485559653952635,3279.0834869963783,505.3737634408602,0.5807508951511943,0.3487696194158089,A,grading/data_processed/onion/A/Onion_White_2_r1_157__100.jpg,ff9f9f01010183c7,16
4313.0,319.5634880065918,0.7,0.5307316856460385,0.8685058397100281,53.0545944731521,64.47197648833621,74.49651763648619,51.65525399549293,57.117052347787016,33.15593630517681,9612.629713959182,441.0159420289856,0.4675843297034097,0.3468752250595803,A,grading/data_processed/onion/A/Onion_2_r0_168__100.jpg,f3c383c181c1c1e3,50
6462.5,316.97770273685455,1.1235955056179776,0.8082635480766809,0.9712203186053502,17.872556447946657,17.117033926114374,130.34899227155628,57.05782668325004,85.1613880891044,49.74142735837655,5492.142737773009,456.4988083077971,0.4188478806595141,0.2459639656408449,A,grading/data_processed/onion/A/Onion_White_1_2__100.jpg,ffc3870f000183ff,90
4747.0,308.10764503479004,0.75,0.6283825939138132,0.907214524605829,43.658816301454024,53.031047030989065,84.00102396067992,54.163077372096865,63.386647552733976,38.40680854671864,8272.978423395556,556.2747297297299,0.4728645973369226,0.3323875903616781,A,grading/data_processed/onion/A/Onion_2_r0_8__100.jpg,efc3c181818183c7,8
5892.0,343.5046133995056,1.0526315789473684,0.6274909315930848,0.9003667481662592,145.41692893821434,51.630902946967566,96.44757329799567,41.710413545495925,77.63392413450389,44.438247289389615,5938.899853916897,461.27921318447625,0.4917870690888234,0.3521447951721084,A,grading/data_processed/onion/A/Onion_Red_3_r2_17__100.jpg,ffc3c1810181c3e7,8
5383.5,331.806129693985,0.9895833333333334,0.614477198112826,0.8604651162790697,33.287859598335444,8.81661892121497,65.62384657137687,37.94050120187647,71.33399674326036,41.524981945421295,2214.450285075696,351.13863031914894,0.5979048193473621,0.3780935967199238,A,grading/data_processed/onion/A/Onion_White_2_r1_128__100.jpg,ff8f8f0f018181c3,11
5669.5,302.2914103269577,1.0444444444444445,0.7796559724291627,0.953899217632708,150.29084008970156,45.04279230301403,105.79420389856824,43.25639444902774,74.59686044505779,42.93260654788756,5277.051473210044,373.9023894862605,0.4713765850934705,0.299902230195043,A,grading/data_processed/onion/A/Onion_Red_3_r2_45__100.jpg,ffc38380818183e7,8
7297.0,322.8771985769272,0.97,0.8795883273464963,0.9874154262516914,19.942434431741763,38.95683704969945,158.26778749159382,54.19816417568076,96.6488231338265,54.1446170277998,2411.5971144648743,421.40083333333337,0.3682519271422447,0.2164542854329561,A,grading/data_processed/onion/A/Onion_Red_2_r2_113__100.jpg,f7e1e1c08081c1e7,7
4511.5,285.8061294555664,1.3888888888888888,0.6940451899116903,0.9340579710144928,20.577720207253886,40.33403814577041,153.31930051813472,55.36502116650992,59.75064766839378,33.52855290173071,14093.508503395062,313.28759820426484,0.467431189658639,0.3414962520550846,A,grading/data_processed/onion/A/Onion_Red_2_r1_141__100.jpg,ffc383008183c3ff,0
5987.0,305.56348967552185,1.1395348837209305,0.8057794730893489,0.9688486123472771,24.933638443935926,50.13609633591206,172.92170644001308,52.5458741923314,78.9127165740438,44.15195496916318,4636.075817404367,395.9912491009351,0.4006165861040455,0.2574911337996105,A,grading/data_processed/onion/A/Onion_Red_2_r2_282__100.jpg,ffc1818080c1c1f7,51
7073.5,323.8061294555664,0.9896907216494846,0.847762283308616,0.9814082552896288,148.41286565922638,48.62185063978613,110.8262858727298,38.900280851143854,93.49604880077638,54.34748499083372,1441.198909720285,375.4710797612588,0.4210853249776769,0.2109584089633593,A,grading/data_processed/onion/A/Onion_Red_3_r_89__100.jpg,ff9f8f01008181e3,13
4473.5,331.8061292171478,0.75,0.5106090375514977,0.8463721502223063,48.22612085769981,63.02040940252329,73.7056530214425,56.066560165780515,59.46285466753303,34.78813589240479,9183.405493528888,514.2443243243243,0.4773846803683965,0.3655594989338592,A,grading/data_processed/onion/A/Onion_2_r0_225__100.jpg,f3c3c3c181c1c1e3,50
4039.0,282.39191567897797,1.492537313432836,0.6364718466344351,0.9209896249002394,26.04882154882155,46.43152749851652,82.53367003367003,53.53778629505077,53.58080808080808,31.392717775199596,9876.704312229896,357.07191316146543,0.5092236670192866,0.3679444823976839,A,grading/data_processed/onion/A/Onion_2_r2_242__100.jpg,ff878301000187ff,0
6825.0,315.56348836421967,0.91,0.8612694113346624,0.9815906802818928,21.563855767849446,17.867345737066323,125.02628932624624,49.35723062012638,90.38184168941244,53.5830780439436,4203.2302890472165,506.2834444444445,0.4215388914283909,0.2204323333366657,A,grading/data_processed/onion/A/Onion_White_1_r2_140__100.jpg,ffcf8f0d818181c3,58
3858.0,274.3919161558151,0.64,0.6439163644013666,0.9135685531612596,22.706267304304053,45.63080873433928,150.5205134658948,57.9736428176947,51.19984898061918,29.51676124747592,16784.486390234375,345.38825396825405,0.4831298471286461,0.3569983305452474,A,grading/data_processed/onion/A/Onion_Red_2_r0_56__100.jpg,efe7c381818183c7,3
5851.5,355.46298336982727,1.1111111111111112,0.5819535345530239,0.8855175544794189,35.103896103896105,13.121332202933852,52.39410589410589,33.94723273868091,77.36280386280386,44.97085016281224,3004.210795444445,393.13333333333344,0.5969114311533452,0.3202919949449171,A,grading/data_processed/onion/A/Onion_White_2_r0_2__100.jpg,ffdf8f01000181e7,2
5604.5,407.0609624385834,0.9897959183673468,0.4250380665378998,0.7887551896418268,15.774009344177191,13.125486542970654,142.8693545596124,49.06959641202312,75.08807752206265,44.33515748703029,3238.153092896382,346.0514455782313,0.4927238760956388,0.3782217402883914,A,grading/data_processed/onion/A/Onion_White_1_r2_108__100.jpg,ff8f9f0f010181e3,11
4463.0,277.9066354036331,1.4492753623188406,0.7261710286685683,0.943851115575764,29.77472167648985,57.05307890025807,149.469111547697,54.95456415271237,59.026413446845666,33.620023853700026,12244.380687754672,276.5245205679989,0.4994944967673231,0.3233435728610987,A,grading/data_processed/onion/A/Onion_Red_2_r1_34__100.jpg,ffe3c10080c1c3ff,51
6014.0,351.8477591276169,1.0210526315789474,0.6104691319602416,0.8767402871929441,15.287800129785854,12.912571296868624,145.3298182998053,46.813335675283945,79.81765087605451,46.1816537106718,3084.038582661912,325.8198464912281,0.4375589706344455,0.3174263228877927,A,grading/data_processed/onion/A/Onion_White_1_r2_96__100.jpg,ffcf8707018181e3,67
4276.0,272.93607234954834,1.5384615384615383,0.7213161987731849,0.9414354909731396,18.197542102867548,38.01203165014683,149.2294037323623,64.57400894397372,56.48315885298134,32.506178306185745,12356.722736094674,269.6121212121213,0.4446702326914878,0.3122361742982059,A,grading/data_processed/onion/A/Onion_Red_2_r2_13__100.jpg,ffe1c10000c0e1ff,59
5443.0,341.36247873306274,1.0,0.5869709818784979,0.9084536426604356,33.36965467883342,13.294564499738575,57.892109500805155,40.72348033291921,72.41599570585078,42.66310163997713,2181.969560343699,354.54335392358723,0.5472305839217405,0.3529732119310545,A,grading/data_processed/onion/A/Onion_White_2_r1_184__100.jpg,ffbf9f01010181c7,16
4073.0,273.9066345691681,1.5384615384615383,0.68221171106707,0.9237922431390336,21.954404392456432,48.72140876754202,165.68345667223682,54.44575721107888,53.99498687037479,30.755075136112175,15259.297741325445,267.6321678321679,0.51135085225498,0.3430549856624863,A,grading/data_processed/onion/A/Onion_Red_2_r1_305__100.jpg,ffe10180c0c1e1f7,51
6619.5,312.977702498436,1.1111111111111112,0.8491966147076003,0.9797232294827204,20.42656203731122,8.30473493038267,121.68951732306782,50.830126836064125,87.02472608824401,50.715267213217274,5438.693685320987,467.59248035914703,0.4035787890211283,0.2382059237245539,A,grading/data_processed/onion/A/Onion_White_1_67__100.jpg,ffc39d08000181e7,2
6747.0,314.8771984577179,1.0869565217391304,0.8551418257742784,0.9767643865363737,20.75701206220026,16.934711066744242,120.81354454294434,50.42992000305071,89.21421305042871,52.76656019689813,5211.382533542061,462.91018884497146,0.4301195439886955,0.2405583026496283,A,grading/data_processed/onion/A/Onion_White_1_22__100.jpg,ff830f0e000183e7,14
4826.5,279.3208501338959,1.36986301369863,0.7773837608336049,0.95659498563076,29.271991911021235,54.89160781825982,151.72032355915067,56.23343339007161,63.75712841253792,36.00531729977003,11597.558595965473,317.02546008025456,0.482786362884342,0.3090319348506775,A,grading/data_processed/onion/A/Onion_Red_2_r1_41__100.jpg,ffc3c1008081c3ff,0
5897.0,371.8477600812912,1.1111111111111112,0.5359331885752872,0.8863004433756669,35.36948984645864,9.432056609301515,50.489846458642894,33.40064927847079,78.19514611193661,45.46584102994935,3113.8216589506173,433.41088664422,0.5877368829612167,0.3129986866591179,A,grading/data_processed/onion/A/Onion_White_2_r0_138__100.jpg,ffcf8f0f000181e7,13
5050.0,316.87719655036926,1.1666666666666667,0.6320031863007307,0.9101558979904478,137.47521697203473,54.32797834919151,84.18264223722275,45.674860386446355,66.6212150433944,38.99110515074702,8852.148777472255,406.84769268532153,0.5023615943664034,0.3562711096309571,A,grading/data_processed/onion/A/Onion_Red_3_r_160__100.jpg,df870301030387ff,46
6607.5,316.29141104221344,1.1111111111111112,0.8299888122452853,0.9707632410196136,20.60649658854939,43.32362716735308,78.89795312963513,48.90276313285462,86.6523286858499,49.66371794002265,2521.7787395061728,491.3329966329967,0.3920866064734051,0.2371880152109048,A,grading/data_processed/onion/A/Onion_2_r1_162__100.jpg,ffcb8180008083ff,0
6892.5,314.7766921520233,1.075268817204301,0.874141027732925,0.9881012113826966,27.46149466192171,53.42719239717866,149.9346619217082,52.127436249437054,90.5258362989324,51.164600140865105,3472.9283411261417,377.7745193874226,0.3832896080082086,0.2299646296916472,A,grading/data_processed/onion/A/Onion_Red_2_r1_64__100.jpg,ffc1c1c0008183e7,7
3720.0,268.5929263830185,0.63,0.6479830742339571,0.913219590033141,34.91786179921773,58.58942312685892,158.09308996088657,58.186213161330826,49.264667535853974,28.8009595416854,15806.0274659612,354.74354838709684,0.5128905094338728,0.3686196020699074,A,grading/data_processed/onion/A/Onion_Red_2_r0_37__100.jpg,efe7c381818183c7,3
5845.0,320.0487699508667,1.1494252873563218,0.7170708278279714,0.9600854139290408,36.474088933467065,57.06402974820538,86.71414242728184,48.37034837996273,76.77281845536609,44.023325669343905,4472.670414850046,485.938813421572,0.4490186125697743,0.2979350258689626,A,grading/data_processed/onion/A/Onion_2_r1_225__100.jpg,ff8301000101c7ff,25
5679.5,314.49242186546326,1.0879120879120878,0.721605106643221,0.9244730202653212,26.141678129298487,41.52650596422125,83.54418844566713,50.16244698249145,74.82307427785419,43.11885971562843,4440.957241448749,443.92487104732,0.4726935779008826,0.3439566423819973,A,grading/data_processed/onion/A/Onion_2_r2_109__100.jpg,ffe1c080c0c0e1f7,5
4740.5,292.6345567703247,1.36986301369863,0.6956371945518497,0.9262407190308716,20.473684210526315,46.97839612221858,167.11287006578948,54.05100279773159,63.15892269736842,34.99699280065952,11237.425874629384,345.11235644112355,0.4611134628065697,0.320315330990377,A,grading/data_processed/onion/A/Onion_Red_2_r1_292__100.jpg,ff618080c0c0e1ff,5
4117.5,278.00713992118835,1.492537313432836,0.6694706964996795,0.9175487465181058,34.91621430257258,48.7867173953348,90.43120132168988,58.60956204882981,54.86971914090158,32.88374357052625,9329.012847828024,324.65701794060004,0.523079857356906,0.3571319400830772,A,grading/data_processed/onion/A/Onion_2_r2_52__100.jpg,ffe3c10000c0e1ff,59
4311.5,358.63455617427826,0.74,0.4212442513988216,0.7878483325719506,42.85138764547896,52.7636308774749,77.76812891674128,54.73950638239127,57.33437779767234,33.612005063903915,9752.383153761872,458.4608219178082,0.5250775492836743,0.3773406217599353,A,grading/data_processed/onion/A/Onion_2_r0_73__100.jpg,cf83c383838383cf,68
4646.0,346.87719678878784,0.77,0.4852187422216821,0.8435003631082062,46.63782318598832,55.76009372579188,74.77752293577981,49.51006337620162,61.617389491242704,35.647901999347056,9191.903489357395,458.26460526315793,0.4924557898569529,0.3582187484556781,A,grading/data_processed/onion/A/Onion_2_r0_60__100.jpg,cfc3c383838383c7,26
5643.5,330.43354618549347,1.075268817204301,0.6495164144844457,0.9054953870838348,146.79941206985993,49.48445141351641,96.52775376102367,41.69862827629636,74.38457547985475,42.74301539096858,6553.065850433576,425.89116976213734,0.5065800301072325,0.3642817026549061,A,grading/data_processed/onion/A/Onion_Red_3_r2_19__100.jpg,ffc3c1810081c3e7,7
6608.5,313.462984085083,1.1111111111111112,0.8451625233033551,0.9797627872498148,17.197567487392465,16.435155431006706,142.56407594185703,51.928706888474025,86.99584692969445,50.511530332062115,6169.148924987654,500.25757575757575,0.3830429468301431,0.2379510905491369,A,grading/data_processed/onion/A/Onion_White_1_157__100.jpg,ffc38f0c000081ef,2
5047.5,288.1492760181427,1.3157894736842106,0.7639257093852542,0.9503859913387308,52.22263056092844,73.7987733385293,153.6117988394584,58.150927287072285,66.91353965183752,37.29757059367813,9514.352974220914,341.89845826687935,0.4735432204932659,0.3054931997767884,A,grading/data_processed/onion/A/Onion_Red_2_r2_148__100.jpg,ffc38301008083ff,0
7227.5,323.1198378801346,1.020408163265306,0.8699027821914765,0.9846059532729378,80.96415478615071,83.06831003840047,118.56048879837068,47.87665797779659,94.81466395112017,54.304217142840024,4161.610658881716,487.23325087610795,0.3387501859148858,0.2347313890599982,A,grading/data_processed/onion/A/Onion_Red_1_r2_50__100.jpg,ef8f0f01010181c7,16
5778.5,384.4335466623306,1.1111111111111112,0.4913403433944055,0.8750662527447566,34.44693019343987,11.439485029579515,51.29671993271657,30.832760820073123,76.57207737594618,44.46710800890086,2972.067170061728,421.4927048260382,0.6110193285595459,0.3279309461199186,A,grading/data_processed/onion/A/Onion_White_2_r0_176__100.jpg,ffdf8f00000181e7,13
4803.0,287.70562505722046,1.0930232558139534,0.7291648829008076,0.935710111046172,144.98476538695917,50.51302890596954,94.92362380662198,44.29916779153323,63.308348567946375,36.68378617265904,8042.090872089351,371.9484871217803,0.563000407120966,0.3781768455195737,A,grading/data_processed/onion/A/Onion_Red_3_r_56__100.jpg,ffc3c1818081c3ef,0
3899.5,311.1787121295929,0.57,0.5060565269052769,0.8894844890510949,38.96481665014866,57.63669708900009,76.19995044598612,49.40087440992675,51.8486124876115,29.9729499052608,12353.30171917513,415.63321428571425,0.43279432412724,0.2697506584414426,A,grading/data_processed/onion/A/Onion_2_r0_122__100.jpg,e7c3c381818181e3,26
7249.5,320.1492748260498,1.0638297872340423,0.8888180658154488,0.9859241126070992,66.57403898213319,80.53785466599386,127.06036816459122,45.4838111989917,95.27707092582568,54.310602636307145,4706.16898269579,522.1972920696326,0.3140915633721485,0.1997991540994111,A,grading/data_processed/onion/A/Onion_Red_1_r_190__100.jpg,ffdf8700000181c7,13
5396.0,356.87719690799713,0.9381443298969072,0.5324075516453654,0.8436522826766729,34.59124482075302,12.954373978310697,53.418663303909206,37.75764676825192,71.44352368942533,41.282484999904675,2355.781592798566,346.00492554410084,0.5764358971754008,0.3571552442198068,A,grading/data_processed/onion/A/Onion_White_2_r1_20__100.jpg,ff9f8f07018181c7,16
4440.5,286.6345558166504,0.68,0.6791796197064551,0.9400868000423416,25.913615435211575,52.725468207441224,148.1311115983337,54.04195710428606,58.617846963385226,33.00744007090609,12273.21729446367,354.0283582089553,0.4737955847189974,0.3095133757034788,A,grading/data_processed/onion/A/Onion_Red_2_r0_232__100.jpg,f3e7c3818181c1e7,26
5825.5,376.9188276529312,1.1111111111111112,0.5152848897074391,0.8830529028346218,35.621012193085015,9.047220154730509,50.399866377150495,34.56594948578547,77.14631702021046,44.75334070555762,3407.3285278888893,429.75544332211,0.5884448848416377,0.3212513338590176,A,grading/data_processed/onion/A/Onion_White_2_r0_129__100.jpg,ffcf8f07000181e7,13
5985.5,312.97770297527313,1.0337078651685394,0.7678625760018644,0.960369033293221,89.44248366013072,84.44061973065932,120.41797385620914,47.08576659142954,78.90653594771241,45.23184021290869,6801.8343998324435,424.7992344733918,0.3753404320765282,0.2362424656594925,A,grading/data_processed/onion/A/Onion_Red_1_r_21__100.jpg,ffe1c1808081c1e7,7
5607.5,302.2914113998413,1.1904761904761905,0.7711298764199929,0.9592028737598358,23.387271142109853,41.92619178084133,158.82441150828248,53.68436635883326,74.41534437663469,41.001708875640006,7586.534620181405,421.3292448292449,0.4261548332587864,0.3019329544577456,A,grading/data_processed/onion/A/Onion_Red_2_r1_129__100.jpg,ffc381008181c3ff,0
4138.5,272.8355668783188,1.5625,0.6986358298230404,0.9290605006173532,56.78918918918919,75.98408810901482,147.19717978848414,60.631036418984976,55.06509988249119,31.188268634707462,13843.757616577148,264.7092803030303,0.5051055679388154,0.321187574377928,A,grading/data_processed/onion/A/Onion_Red_2_r2_172__100.jpg,ffc70301000387ff,0
5115.5,322.776692032814,1.1363636363636365,0.6170120137142633,0.9003784211915867,148.38042650418888,48.20514976425008,101.25704493526275,43.51503270232945,67.63880426504188,38.737501514052056,8749.661285072314,344.35422405876943,0.5402727903993902,0.3895662812549609,A,grading/data_processed/onion/A/Onion_Red_3_r2_31__100.jpg,ffc383800183c3ff,0
6951.0,339.3624789714813,1.020408163265306,0.7584544526827092,0.9616768123962368,16.78565388951522,17.546399189465017,139.8718996617813,52.4715692557098,91.66220405862458,53.10548375273729,4310.096889795919,450.3769325912183,0.3984084882249507,0.2612695703472754,A,grading/data_processed/onion/A/Onion_White_1_r2_73__100.jpg,ff8f8f05010181e3,16
6899.0,317.5634888410568,0.93,0.8596761530478103,0.9826235578977354,20.73465036952814,16.803311519845206,127.23109721432633,49.750246378999016,91.85986355884025,54.78044428279086,4546.36015580992,446.7152173913043,0.4268711535223409,0.2279054816231396,A,grading/data_processed/onion/A/Onion_White_1_r2_136__100.jpg,ffcf8f0d818181c3,58
4458.5,278.4924222230911,0.69,0.7223902403948947,0.9498295696634,18.26152501638628,38.66055918474324,153.39676644090017,52.77646180563566,59.10072099628578,33.41769134364415,12915.927212770426,371.7135294117646,0.4670425367199292,0.316359386213962,A,grading/data_processed/onion/A/Onion_Red_2_r0_210__100.jpg,f3e3c3818181c3e7,26
6889.0,323.22034335136414,0.95,0.8286453053527733,0.9706918416232212,17.859846328969834,19.44180108869264,143.9311326124075,55.91194173721154,90.58836084234493,52.15409958549561,4209.628551534626,500.41382978723414,0.391490587052057,0.2456563463785754,A,grading/data_processed/onion/A/Onion_White_1_r2_56__100.jpg,ff9f8f80818181c7,11
5586.0,359.5046148300171,0.9591836734693876,0.5431275791314021,0.8872299872935197,34.897543125980135,12.818486683845649,53.65481791252832,35.556289583169956,73.99024220247429,42.92962884195465,2887.659678956671,455.74149659863934,0.569180012140806,0.3607564105480718,A,grading/data_processed/onion/A/Onion_White_2_r1_166__100.jpg,ff9f9b01010183c7,16
6492.0,314.8771973848343,0.9693877551020408,0.8228221091979407,0.9653531598513012,150.06187745246,45.35691477399415,101.61122849381223,41.311451906798766,85.21038333836403,49.09210241385441,3100.023809746862,395.5560138949198,0.4793665649081413,0.2749363293346363,A,grading/data_processed/onion/A/Onion_Red_3_r_66__100.jpg,ef8f9181000183c7,38
4131.0,275.0782071352005,1.5384615384615383,0.6860451347872528,0.9283146067415732,49.20291902071563,71.94586117791555,148.09580979284368,59.01608116055763,55.1195856873823,31.2349898055412,15978.053537017751,267.31794871794875,0.5092335981566191,0.3320317882777591,A,grading/data_processed/onion/A/Onion_Red_2_r2_170__100.jpg,ffc70301000387ff,0
6451.0,345.8477586507797,1.1235955056179776,0.6777460185345161,0.9572636889746252,16.19809033040315,14.97904009963525,146.01394361927856,54.39396151212526,84.97074871173082,49.05453373706518,5790.53214058831,448.0214504596526,0.4131683992036061,0.2437101977192339,A,grading/data_processed/onion/A/Onion_White_1_191__100.jpg,ffc38103010183ff,0
5243.5,330.9777023792267,1.1764705882352942,0.6014972730587865,0.9006355204397114,32.44941525895675,48.248742452591664,84.27139409689994,50.20148973416717,69.3437906070169,39.87429966144805,5226.586614532872,409.03600713012463,0.4900757681535915,0.3545337888862767,A,grading/data_processed/onion/A/Onion_2_r2_102__100.jpg,ffe1e080c0e0e1f7,5
3791.5,264.00714111328125,0.62,0.6835803590507205,0.9292892156862744,46.91367827868852,70.83161585554821,153.4923155737705,55.691415428457354,50.18724385245902,28.855535650729784,16713.58658103538,319.8291803278688,0.5147881337684457,0.3492265804816628,A,grading/data_processed/onion/A/Onion_Red_2_r0_5__100.jpg,f7e7c381818183c7,26
7355.0,344.5340510606766,1.0,0.778624813381241,0.97942606032359,89.07210449153672,84.20422549705896,115.36718645874984,38.34413398591371,96.86645341863256,56.010747272162504,2596.5113251100006,388.5012121212121,0.3754951479973792,0.2329005124711308,A,grading/data_processed/onion/A/Onion_Red_1_r_107__100.jpg,ffcf8f03008181c3,84
5436.0,344.73506224155426,1.3157894736842106,0.5748021693253866,0.916385704652731,35.48201181313764,57.78160579744938,86.37819939144443,56.0081622715759,71.82691963486666,41.1373990081017,4993.091731838643,507.2142477405635,0.4248929957553123,0.2487693026375828,A,grading/data_processed/onion/A/Onion_2_r1_321__100.jpg,ffc38100000183ef,0
7425.5,326.2914105653763,1.0101010101010102,0.8764442248424841,0.9840312748476012,25.91989424983477,44.737426582221886,163.38307997356245,53.0971049657928,98.83780568407138,54.985013866003285,2401.94604912764,463.09376594225085,0.3612139254215745,0.2218971079713504,A,grading/data_processed/onion/A/Onion_Red_2_r1_113__100.jpg,f7e18180808181e7,7
4545.0,322.04876935482025,0.71,0.5506814708512905,0.8896936478418322,48.66517189835575,61.599605697327505,75.47512278453982,54.052326834834254,60.78133674994662,36.28907972148408,9484.374226125768,535.6237142857143,0.4389580082580875,0.3213554361241313,A,grading/data_processed/onion/A/Onion_2_r0_206__100.jpg,f38383c18181c1f3,50
6349.5,315.80612993240356,1.054945054945055,0.8000336983378049,0.9699075842053004,88.47679259830377,84.56514896227158,114.4592135697764,41.680438774147106,83.41727062451812,47.90822771786787,4751.239899262682,381.13013302486985,0.3845181024835768,0.2412420151483757,A,grading/data_processed/onion/A/Onion_Red_1_r_114__100.jpg,ff8305018181c1e7,8
5453.5,298.0071402788162,1.3157894736842106,0.7716703997651833,0.9638564863909508,22.87497761060362,49.71414387722918,155.7508507970625,54.86134548037138,71.60200608991582,40.86566779708233,7315.108051229224,347.1095162147794,0.4023965652108757,0.2516910660119352,A,grading/data_processed/onion/A/Onion_Red_2_r1_221__100.jpg,ff808101018383ff,8
4501.5,335.9482641220093,0.75,0.5012129872212289,0.8466240361105887,48.63595263724435,63.12903967554981,72.46910656620021,55.19690327032329,59.78729817007535,34.90784993680284,9762.938770915556,512.2136486486486,0.4741268670324516,0.3613811541410232,A,grading/data_processed/onion/A/Onion_2_r0_221__100.jpg,f3c383c181c1c1e3,50
6070.5,344.2914105653763,0.94,0.6435494914887198,0.9071279139270771,147.21514712976364,46.59890700054385,91.1562952243126,40.78303375109271,79.83132336388486,45.816573365457266,4294.789685785422,367.86129032258066,0.5026762127632275,0.3239560552382335,A,grading/data_processed/onion/A/Onion_Red_3_135__100.jpg,ffe78301008181c7,4
5570.0,330.19090509414673,1.0777777777777775,0.6419997305043307,0.9212702613298048,143.52504378283712,51.074794779574574,87.7970227670753,41.14824284899544,73.53345008756567,42.41852004210852,8456.34926286757,428.6909722222223,0.4820855004641913,0.3327827584729239,A,grading/data_processed/onion/A/Onion_Red_3_r2_143__100.jpg,ff870301010383cf,46
5924.0,336.1909044981003,0.95,0.6586474195009536,0.9264935877385048,63.91824625020603,81.30950808596806,120.15427723751442,41.89569173248559,77.91494972803692,44.762225713677445,5537.076437396122,430.4565957446809,0.4888937152538398,0.3479991798172276,A,grading/data_processed/onion/A/Onion_Red_1_8__100.jpg,ffe78381000181c3,4
6670.5,313.8061295747757,1.098901098901099,0.8512270336949762,0.9795873412144798,18.25951506245408,18.917523517035495,142.0626010286554,51.66123662737348,87.65657604702425,50.91996055851005,5481.422751008333,484.64235764235775,0.3866922453116954,0.2396777463194836,A,grading/data_processed/onion/A/Onion_White_1_153__100.jpg,ffc38f0c000081e7,13
5109.5,348.29141080379486,1.351351351351351,0.5293010293215729,0.8936598163533013,38.79239543726236,60.50073891987741,84.26425855513308,54.96900730752038,67.70019011406845,39.06900933550985,5668.885748721696,446.4735189735191,0.4448249071856379,0.2752050608783845,A,grading/data_processed/onion/A/Onion_2_r1_317__100.jpg,ffc38101000387ff,0
7012.0,408.4751765727997,1.020408163265306,0.5281051869706817,0.9407660830482324,84.11353833310143,84.43946521311481,123.21163211353831,37.24111903802063,93.28495895366636,54.27017633072519,2470.7785547688463,462.8473510616368,0.3983126599330052,0.2508442190311484,A,grading/data_processed/onion/A/Onion_Red_1_r_97__100.jpg,ff9f8709008081c7,13
6968.0,349.01933240890503,1.0309278350515465,0.7188181576882645,0.9609709005654392,39.178445974427426,61.4572135133198,86.8585077982296,49.652424790036726,91.50400449627652,52.59960761062137,2062.0548496545857,441.0294699573051,0.3901428699994272,0.2523778436113242,A,grading/data_processed/onion/A/Onion_2_r1_210__100.jpg,ffa78501008083ef,74
5500.5,362.433545589447,0.9895833333333334,0.5262053480978479,0.8475346687211094,35.10431400282886,10.4781922684207,56.195544554455445,27.813189354560333,73.06913012729845,42.54857439252185,2792.961201511522,429.06305407801426,0.5601458694730911,0.3634296234941108,A,grading/data_processed/onion/A/Onion_White_2_r1_61__100.jpg,ff9f9f01010181c7,11
3896.0,329.2203423976898,0.6,0.4517056134925867,0.8213344576789291,37.09881129271917,52.67619452477833,76.35859336305101,52.42895321686426,52.034175334323926,30.908392037065926,14037.466930555554,486.2862711864407,0.4502140704313997,0.3022766482495619,A,grading/data_processed/onion/A/Onion_2_r0_98__100.jpg,e7c7c383838383c7,3
6068.0,355.0193326473236,0.93,0.6049945042538524,0.8990295577450181,69.55064308681672,82.50516406660269,113.83697749196142,45.02419266649429,79.81430868167203,45.7746586798329,5254.713585975257,394.2366304347827,0.4358799855535826,0.3186714523850817,A,grading/data_processed/onion/A/Onion_Red_1_101__100.jpg,ffe78381000181c7,4
5000.5,315.3208501338959,1.1875,0.632001222066246,0.9103404332787184,134.2061514502628,59.936061392529446,91.73895269612616,48.7973664620899,65.98403737590033,38.05395770373198,8499.942246260389,364.8097074468086,0.4574090978618656,0.3091173732762065,A,grading/data_processed/onion/A/Onion_Red_3_r_17__100.jpg,ffe1c0c0c0c1c1e7,5
4091.5,279.1787134408951,1.492537313432836,0.6596716442240775,0.9189219539584504,33.784188034188034,47.30780787939747,88.60303893637227,56.492631781991435,54.255935422602086,31.53875087334787,9275.75808284696,273.17669229609527,0.5263531191818981,0.3611861279769895,A,grading/data_processed/onion/A/Onion_2_r2_58__100.jpg,ffe3c10000c0e1ff,59
6694.0,322.04877054691315,1.098901098901099,0.8110586883582993,0.969442433019551,23.384074941451992,46.59039743133038,80.0677693208431,49.54471524752663,87.79361826697892,50.33939407934718,2300.4968446322905,490.7684537684537,0.3952517184761833,0.2343896726425512,A,grading/data_processed/onion/A/Onion_2_r1_166__100.jpg,ffcb8980008083ff,0
5740.0,382.67618680000305,1.1235955056179776,0.4925597054806159,0.8759346864031741,34.137510584250634,10.850304189288895,52.505165114309904,33.408076752315004,76.00541913632514,44.23808617792445,3146.3802264360556,416.3915560095336,0.6049562446571384,0.3242395816038209,A,grading/data_processed/onion/A/Onion_White_2_r0_202__100.jpg,ffdf8f01000181e7,2
4508.0,278.59292590618134,1.4492753623188406,0.7298835947798461,0.945469798657718,68.31222990492654,80.29393095000557,155.52268798617112,58.57758379078209,59.65687121866897,33.555836899679264,11405.70603425751,263.4044795783926,0.4944319622319749,0.3159967043306613,A,grading/data_processed/onion/A/Onion_Red_2_r2_209__100.jpg,ff878100008387ff,0
4870.5,336.2914102077484,0.79,0.5411926165295226,0.8765409880320345,44.12542372881356,53.17859093745038,77.00817547357926,50.26168939360292,64.77946161515453,38.3488372308522,8204.227746771352,498.15769230769246,0.4832576319624985,0.346612789300643,A,grading/data_processed/onion/A/Onion_2_r0_49__100.jpg,cfc3c181838383c7,68
3987.5,275.66399371623993,1.5151515151515151,0.6594023226857227,0.924959406170262,30.105724725943972,50.787839653116365,85.25822168087699,54.72899968778331,52.6762484774665,30.292511161254016,10621.603823668504,295.4233241505969,0.5142055012991074,0.3668006436547401,A,grading/data_processed/onion/A/Onion_2_r2_238__100.jpg,ff878301000387ff,0
7148.0,335.70562505722046,0.9595959595959596,0.7970345932159527,0.971789817143634,14.980252331321998,11.42305434828852,149.0209818979704,47.09818613682768,94.36752605595171,54.83708608888672,3397.7059287466,385.20975714592737,0.3586940301026481,0.2120203854603294,A,grading/data_processed/onion/A/Onion_White_1_r_111__100.jpg,ffc78d87018181c3,16
4471.5,314.00713980197906,1.4705882352941178,0.5698808363812451,0.9203457857363384,38.54024734215665,60.36896531432041,83.5398134085485,55.993101084977674,59.27337817313951,34.365316087191516,7903.536352854671,376.31595365418895,0.481022263016905,0.3092299367591439,A,grading/data_processed/onion/A/Onion_2_r1_313__100.jpg,ff8301010003c7ff,85
6528.0,317.7645000219345,1.162790697674419,0.8124174732669432,0.9689772895947752,25.75509898020396,54.06580378822979,156.05503899220156,51.76805128529267,85.63677264547091,48.76744802329471,3618.783848553272,345.4510218463706,0.3552291481394945,0.210113126094395,A,grading/data_processed/onion/A/Onion_Red_2_r1_230__100.jpg,ffc0c101018183ef,8
6212.5,335.1198385953903,0.9797979797979798,0.6951459380613317,0.9284166479862512,81.3399937067338,84.54501211711325,116.926840780365,41.645883809671815,81.89427312775331,47.21684999848454,5452.165734485699,379.81986531986536,0.4573055475017545,0.321768686840677,A,grading/data_processed/onion/A/Onion_Red_1_122__100.jpg,f7e78301000181c7,4
6123.0,369.5046147108078,0.94,0.5635525123023553,0.89760316645899,55.070689380671865,77.85264291942168,114.96051584142651,45.22075944220023,80.61582550549275,46.14851803423427,5041.438170563604,462.20741935483863,0.4403467826609781,0.3184706633549409,A,grading/data_processed/onion/A/Onion_Red_1_87__100.jpg,fff7c181000181c3,4
4331.5,286.9777021408081,0.67,0.6609245364345825,0.925534188034188,51.96182348978217,73.52716043310045,150.50415450258254,57.98751031561133,57.64069166853806,32.70458284023168,14180.108504878594,390.1136363636365,0.4857655460787939,0.3142740187501039,A,grading/data_processed/onion/A/Onion_Red_2_r0_248__100.jpg,f3e7c3818181c1e7,26
6105.0,317.70562410354614,0.95,0.7600562358916552,0.9387253017605904,145.36490384615385,50.08245143098406,96.78846153846152,40.371703979997136,80.38205128205128,45.95528273416294,4739.680893074792,382.88478723404256,0.4803031744235407,0.3288399486993185,A,grading/data_processed/onion/A/Onion_Red_3_34__100.jpg,ffe78101000183e7,1
6130.0,315.22034454345703,1.1494252873563218,0.7752501514503677,0.9598371565019964,26.50534716679968,47.96604956376286,92.7656823623304,52.08079244800696,80.44277733439745,45.885995887887134,3414.551562901308,522.4872866597004,0.4107386709709916,0.2684859718421976,A,grading/data_processed/onion/A/Onion_2_r2_185__100.jpg,ffe38100010183ff,0
6167.0,333.504612326622,0.96,0.6967550472272802,0.92778697156612,76.58886951006818,83.5034237357306,117.21880450293324,43.167271840359675,81.00396384969082,46.34788058485597,4906.036453081598,423.336210526316,0.4515615796381375,0.3281908943860185,A,grading/data_processed/onion/A/Onion_Red_1_110__100.jpg,ffe78381000181c7,4
5814.5,322.1492750644684,1.0869565217391304,0.7040571642842037,0.9235228716645488,27.46204232448774,43.22413078700103,80.60379576755123,47.90383792533854,76.55223379240846,44.080742966196695,3924.575022672495,471.38317962231014,0.4687024118088191,0.3423696028350574,A,grading/data_processed/onion/A/Onion_2_r2_110__100.jpg,ffe1c080c0c0e1f7,5
4611.0,275.07820785045624,0.69,0.7657598886597375,0.9615264310290896,12.654187817258885,23.192062051302344,152.79780033840947,56.260033316728695,60.828680203045685,34.71965689745631,11366.167290296156,396.76397058823534,0.4369593786795461,0.2938742743084975,A,grading/data_processed/onion/A/Onion_Red_2_r0_162__100.jpg,e7e3c1818181c3e7,26
6690.0,319.70562410354614,0.979591836734694,0.8224990960567388,0.9724543934878987,148.63360679753882,47.12674162240704,105.85774978025198,41.837933367685224,87.86976267213595,50.48055213654539,2893.9630213101127,397.00590762620834,0.4277545861732277,0.2618196204433335,A,grading/data_processed/onion/A/Onion_Red_3_r2_49__100.jpg,ff838b88018183c7,89
4747.0,279.56348991394043,1.3888888888888888,0.7632524184643935,0.9567671067217576,12.827338129496402,24.495312654482262,154.5858170606372,64.06494395905084,62.67112024665982,36.11564670294259,10962.155794270831,323.63888888888886,0.4351702768177814,0.3117573265366891,A,grading/data_processed/onion/A/Onion_Red_2_r2_40__100.jpg,ffc3c18000c1e1ff,59
5501.0,343.36247849464417,0.9278350515463918,0.5863350262051719,0.8857579904999597,35.15226628895184,14.158283262773116,49.865793201133144,29.119345951591377,72.83020538243626,42.41109716460653,2647.861429351199,431.11710876867846,0.5653328013531402,0.3371364346583109,A,grading/data_processed/onion/A/Onion_White_2_r1_28__100.jpg,ff9f8f85018181c7,16
5304.0,328.3919163942337,0.9789473684210528,0.618056905619291,0.8690807799442897,33.08024237972824,8.510108634327917,67.0894234300404,38.44758690975019,70.3198677928755,40.9145827676718,2199.30598134894,323.091533180778,0.5812462764828715,0.3670335029100605,A,grading/data_processed/onion/A/Onion_White_2_r1_126__100.jpg,ff8f0f0f010181c3,18
3868.0,311.7644989490509,0.57,0.5000840573806123,0.8613740118026946,33.55031210986267,51.70228109754018,76.47465667915107,51.583917491148014,51.452684144818974,29.736648022546795,13156.153082517696,406.8696428571428,0.4374859045628925,0.2748890372143135,A,grading/data_processed/onion/A/Onion_2_r0_117__100.jpg,e3c3c3818181c1e3,50
4001.0,352.5340509414673,0.71,0.4045537884463602,0.7828213656818627,37.13917649891645,50.682264382556106,78.02407897905128,54.64622026179012,53.59186130508066,32.271830350492856,12021.06279426701,455.8857142857143,0.535606809297952,0.3963290351231318,A,grading/data_processed/onion/A/Onion_2_r0_89__100.jpg,cfc3c3c3838383c7,26
7400.0,333.90663516521454,1.0638297872340423,0.8340488453518428,0.9755454485531606,30.174264510999205,58.721442176533984,152.96090644049826,53.062157525655905,97.4181023058574,55.4821311903568,2131.0161701674965,326.110681280894,0.319012358768918,0.1831290176936268,A,grading/data_processed/onion/A/Onion_Red_2_r1_237__100.jpg,fff1f9808081c1e7,15
6494.0,316.87719762325287,1.1235955056179776,0.81271854733559,0.9714285714285714,26.646100467642174,51.00586330976263,80.10785940564188,49.89942196704472,85.11434605521195,48.776203374615925,2487.175321752304,493.0242878220406,0.3998608098313662,0.2412255484891566,A,grading/data_processed/onion/A/Onion_2_r1_160__100.jpg,ff8b8180808083ff,6
6771.5,316.1492757797241,0.89,0.8513543594970351,0.9795313178070302,22.62478286045165,42.53857106841855,92.83077591198612,49.670796938213776,88.63115228720324,50.82057430255751,2123.8849043681357,525.9904545454544,0.3653557376936732,0.2101470516474492,A,grading/data_processed/onion/A/Onion_2_r2_302__100.jpg,dfc18f81818183e7,28
5873.5,343.2619733810425,0.95,0.6264053342418043,0.9193144467052748,61.2179764080412,80.58321431991814,117.59162651603256,41.65351311720559,77.19388602757934,44.42310940391386,5974.1003376731305,412.1643617021276,0.4929494228482028,0.3526758444306999,A,grading/data_processed/onion/A/Onion_Red_1_5__100.jpg,ffef8381000181c3,4
7129.0,332.3919163942337,0.9595959595959596,0.810844493822576,0.9735081250853476,14.65832531280077,10.735549337578547,147.39241028461433,47.559178273653295,94.09005912278288,54.504742433936165,3531.9066870049155,410.38845905867186,0.363132083611884,0.2135341810142406,A,grading/data_processed/onion/A/Onion_White_1_r_112__100.jpg,ffc78d85818181c3,3
4329.0,275.9066364765167,1.5151515151515151,0.7146166918905476,0.937012987012987,52.99662618083671,74.1497174667801,147.83108412055782,62.25985649705088,57.441295546558706,32.70428092137591,12535.101476561063,293.0232629323539,0.5018466678986806,0.3129223204246322,A,grading/data_processed/onion/A/Onion_Red_2_r2_165__100.jpg,ffc70301000187ff,0
4543.0,337.22034215927124,1.4492753623188406,0.5020246839601051,0.873485868102288,40.140328428236295,61.68206939436793,85.31648539134143,55.37586402026114,60.38920878652165,35.23373707380612,7165.689263516068,427.4918752744839,0.4722061328478287,0.3045896033721649,A,grading/data_processed/onion/A/Onion_2_r1_310__100.jpg,ff8381000083c7ff,53
6566.0,330.8771973848343,1.021505376344086,0.7536627755612533,0.9726686912080588,87.48151460942158,84.40514139099515,120.62865235539654,44.83059276051995,86.81335718545022,49.72555617257651,5139.907563764917,455.226149622512,0.3574453937335214,0.2255910122867938,A,grading/data_processed/onion/A/Onion_Red_1_r_18__100.jpg,ffe38380808181e7,7
5791.0,403.50461506843567,0.9393939393939394,0.446957692598564,0.8291809851088202,18.967985249748576,17.818642023189444,139.13928930606772,49.3115242599389,77.07660073751258,44.66455221818882,3255.240767820264,364.74934123847174,0.486655474652812,0.3369738453553979,A,grading/data_processed/onion/A/Onion_White_1_r2_127__100.jpg,ff8f8f0f010181c3,23
6510.5,310.1492773294449,0.9473684210526316,0.8505163370603566,0.981088004822182,88.24729078868151,84.69648390634379,119.47877784467188,44.76533907087785,85.52558699578567,48.79294778442357,5081.079090167915,480.0030751034891,0.3336950777597829,0.2055404492278963,A,grading/data_processed/onion/A/Onion_Red_1_r2_64__100.jpg,efc38381808181e3,77
4823.0,345.36247742176056,0.79,0.5081323253762624,0.8658886894075404,43.4035405351036,53.86059495524661,75.47897807282237,49.1203010341865,63.89619794809897,37.193974778655935,7690.659349847781,459.71051282051286,0.4932256416189902,0.3528898728037065,A,grading/data_processed/onion/A/Onion_2_r0_52__100.jpg,cfc3c183838383c7,68
6979.0,319.2203435897827,0.94,0.8606408204077719,0.9819895877304068,18.468381112984822,7.825473725712659,137.17537942664418,48.70632637684863,91.92847105115231,53.38635020138659,4112.050326290177,312.41666666666663,0.4110966621545686,0.2287671366720653,A,grading/data_processed/onion/A/Onion_White_1_r_57__100.jpg,ffdf8f81018181c3,11
6809.5,319.46298360824585,0.94,0.8384631906481695,0.9764123888729568,17.45551396487187,15.567287762772596,145.72919665994817,55.00526585125575,89.42384105960265,51.45923360007088,4225.377022985514,524.2781720430106,0.390706085060029,0.2461436177135271,A,grading/data_processed/onion/A/Onion_White_1_r2_49__100.jpg,ff8f8781018181c7,16
6661.5,313.80613100528717,1.1235955056179776,0.8500785298344433,0.977046054561455,20.613154796939376,12.082668357048505,123.48307828134196,49.89267624342652,88.12507357268981,52.057453556491325,5669.758506489081,467.6709794574963,0.419194824072938,0.2235260330946102,A,grading/data_processed/onion/A/Onion_White_1_30__100.jpg,ff878f0c000181ef,2
5477.5,313.4629844427109,1.1904761904761905,0.700518682126182,0.9484848484848484,121.63143824630193,79.44123368049031,118.39779005524862,44.81869480623164,72.46515772589557,42.02219105167363,8690.109137967687,348.38011063011066,0.4592183184023919,0.3186100857563551,A,grading/data_processed/onion/A/Onion_Red_1_r2_121__100.jpg,ff878301018383ef,28
6713.5,320.1492751836777,1.1235955056179776,0.8231022927816776,0.9758703394142016,21.071074138937536,11.717176875462473,123.92221249270284,51.14565116116656,88.42498540572096,51.611746665138305,5280.201305340234,476.3325388718647,0.4089402021970587,0.2170955984623979,A,grading/data_processed/onion/A/Onion_White_1_43__100.jpg,ff8f8f0d000081ff,2
5274.5,306.9777013063431,1.2658227848101269,0.7033597325560346,0.943138131426017,29.427118017018127,52.19519056351078,92.86773954864964,54.60943699839607,69.39955604883463,39.58726424923698,6130.627588831918,464.72343690065213,0.4415943874960703,0.3040455415000409,A,grading/data_processed/onion/A/Onion_2_r2_192__100.jpg,ffc38100000383ff,0
4527.5,273.32084941864014,0.7,0.7615927472071529,0.9520555146672274,16.719793237131164,30.32093554365394,152.8604350635365,50.92256680509743,59.818867111781174,33.65592413252214,12147.628234918366,340.36246376811596,0.4684092454189173,0.3172782705216032,A,grading/data_processed/onion/A/Onion_Red_2_r0_192__100.jpg,f7e3c1818181c1e7,7
3736.5,261.32084822654724,1.596774193548387,0.6875855358106362,0.9306351183063512,30.63260530421217,58.594208739333624,157.0132605304212,56.3770050537744,49.48101924076963,28.512061083868993,20979.332400540792,249.76547070441077,0.5416680218813527,0.358403325381163,A,grading/data_processed/onion/A/Onion_Red_2_r1_317__100.jpg,ffe10180c0c1e1f7,51
4115.5,284.49242067337036,1.492537313432836,0.6389855966533348,0.9193566402323244,34.04602312957281,46.77323161819032,89.93084729761624,56.33194786119786,54.665093226339394,31.98299409201652,9258.7192847182,308.56972712196585,0.5272932841205081,0.3560919933423762,A,grading/data_processed/onion/A/Onion_2_r2_60__100.jpg,ffe1c10000c0e1ff,59
6349.0,333.7056237459183,1.0,0.7164537164715368,0.9502357255107386,96.5050831792976,84.93060016363553,118.3205483672212,43.75912181791108,83.88385705483672,48.029191210034995,6157.553765002591,523.2364035087719,0.4222654579531741,0.2789260972318472,A,grading/data_processed/onion/A/Onion_Red_1_r2_78__100.jpg,ffc381810181c1e3,8
3890.5,293.5218585729599,0.58,0.5674588665764535,0.9012045401899468,41.00174172679771,59.73568093661741,88.79323214730033,56.84233721709718,51.5994028365265,29.973476865281924,12671.255564536268,451.3736842105262,0.4265450207081189,0.2825641887706636,A,grading/data_processed/onion/A/Onion_2_r0_298__100.jpg,e7c38383818183c7,3
3879.0,317.56348848342896,1.5384615384615383,0.4833575598178348,0.8556303077092754,29.038346613545816,45.30633364313011,86.511703187251,49.08739728483016,51.9375,30.805347755279524,10348.581355621302,351.1224553224553,0.5254032967624579,0.3690329996536536,A,grading/data_processed/onion/A/Onion_2_r1_77__100.jpg,ffe1c00000e0f1ff,59
5845.5,353.11983823776245,1.1111111111111112,0.5890976565898944,0.8879015721120984,35.19456485495165,9.13972111006134,49.56918972990997,33.098458680619814,77.45765255085028,45.07427596840614,3292.832053222222,416.86397306397305,0.5906157995416911,0.3212579015093789,A,grading/data_processed/onion/A/Onion_White_2_r0_137__100.jpg,ffcf8f0f000181e7,13
6512.5,368.7766926288605,0.96,0.6017701900748672,0.9196497917107956,61.12065347721823,80.82841452742024,116.45203836930456,40.84791984663462,85.89583333333333,49.28769693310787,4819.245632801649,425.9889473684213,0.4115869687075156,0.2910593413141125,A,grading/data_processed/onion/A/Onion_Red_1_56__100.jpg,f7e78181000181e3,4
6750.5,322.97770297527313,0.95,0.813206277755296,0.9673975351103468,27.505950653120465,51.82563466771717,86.17605224963715,49.659557167651606,88.64281567489115,51.051682696561,2646.739434138504,563.9884042553191,0.4065833361644989,0.2619179939149692,A,grading/data_processed/onion/A/Onion_2_r2_296__100.jpg,df838701018183e7,28
3825.5,266.00713980197906,0.63,0.6793780063655298,0.9315718982101546,53.82660573749683,75.84685564996998,151.57857324193958,55.24174394950607,50.76186849454176,28.988282917344986,13820.059674376414,339.4072580645161,0.5073107216193118,0.3514879550115626,A,grading/data_processed/onion/A/Onion_Red_2_r0_316__100.jpg,f7e7c381818183c7,26
4666.5,348.7766925096512,0.77,0.4820656919996613,0.8466074020319303,44.596345514950166,54.33935239955334,75.01058970099668,49.08150228205666,61.985672757475086,36.4136328890517,8989.462932636194,506.3259210526316,0.4983551036132399,0.3571799290711923,A,grading/data_processed/onion/A/Onion_2_r0_58__100.jpg,cfc3c383838383c7,26
6908.5,318.1492760181427,0.9494949494949496,0.857692766443933,0.9832764019356676,19.530797615668465,10.730862381631091,126.6247516321317,49.30278846877665,91.75858643201816,54.33061075271585,4083.0412715182424,396.4897360703813,0.4231838741323239,0.2284800494933185,A,grading/data_processed/onion/A/Onion_White_1_r2_135__100.jpg,ffcf8f0d818181c3,58
6478.0,383.8477591276169,0.96,0.5525006439657765,0.937481910274964,23.44235400361228,42.29317155596668,84.50346177001806,49.55515678690857,85.60912101143889,49.38277962437581,2463.1392791232643,574.5975789473687,0.416938073772959,0.2920860970478443,A,grading/data_processed/onion/A/Onion_2_r2_122__100.jpg,ffc1e0e0a0c0c1e3,70
6978.5,341.9482653141022,1.020408163265306,0.7499825125683128,0.9602999862391634,16.365052631578948,14.6756631009767,140.31705263157895,53.161269080604264,92.12673684210526,53.27925050396358,4058.26436766972,468.2042877757163,0.4030534761010217,0.2577930997915051,A,grading/data_processed/onion/A/Onion_White_1_r2_71__100.jpg,ff9f9f05010181e3,16
4089.5,307.1787122488022,0.6,0.544625342065006,0.8908615619213593,37.59067234848485,56.20621880462139,86.36979166666667,57.73794309035528,54.46638257575758,32.05508112498542,13049.053176638889,544.1545762711863,0.4168106880242984,0.2727956229151105,A,grading/data_processed/onion/A/Onion_2_r0_305__100.jpg,e7e3c181818183c7,26
5885.0,302.391917347908,0.9887640449438202,0.8087531287590165,0.9632539487683116,59.263551712670434,78.95594414494023,116.67791819088792,47.672476017720015,77.34103757898238,44.2809032473967,7675.998558058738,470.2041844246416,0.3436788436722111,0.2148641392974118,A,grading/data_processed/onion/A/Onion_Red_1_r_167__100.jpg,ff870101018181ef,8
6410.5,315.462983250618,1.098901098901099,0.8094778257863255,0.9700385866686844,39.0244461420932,64.40867192302088,161.00137509549273,53.0222735785188,85.21298701298701,46.92509040388027,4355.305507016061,426.25485625485624,0.438649796201643,0.2650611066729902,A,grading/data_processed/onion/A/Onion_Red_2_r2_134__100.jpg,ffc38101008083ef,6
3529.5,297.3208484649658,1.694915254237288,0.5017326036180995,0.8784221005475361,32.29122231337161,51.22792673973891,79.41400054689636,51.93274400310023,47.042657916324856,27.47303520700089,14483.890909393856,286.7825714774868,0.5207836820972466,0.3658612488462682,A,grading/data_processed/onion/A/Onion_2_r1_98__100.jpg,ffe1c10080e1f3ff,51
5083.0,306.0487699508667,1.3333333333333333,0.6819439754558309,0.9557205979129454,40.00633032802609,62.29392774528189,79.44446575868022,52.56597285847962,66.94878189142528,38.64751492021141,6016.402375395555,411.6068686868687,0.4602494771519527,0.2921171760358129,A,grading/data_processed/onion/A/Onion_2_r1_144__100.jpg,ffc3810080c0c3ff,6
7110.0,316.87719798088074,1.0526315789473684,0.8898104186191816,0.989423879766212,25.346031746031745,50.910524494123614,148.28626639061423,52.0272905553101,93.34189095928228,53.065203502740616,2821.3035037783934,385.45454545454544,0.3775329505910285,0.2233636226921849,A,grading/data_processed/onion/A/Onion_Red_2_r1_68__100.jpg,ffe1e1c0808181e7,7
5537.5,394.57568061351776,1.0,0.4469541505523793,0.7757231911465994,15.738566672507448,12.93415778534312,143.5593131242334,50.521820007966475,74.3047135097249,43.7474815479924,2935.8320060289157,309.8829160530192,0.5096792830157175,0.3925061108184384,A,grading/data_processed/onion/A/Onion_White_1_r2_111__100.jpg,ef8f9f0f010181c3,23
6242.0,336.04877054691315,0.9595959595959596,0.6945907679506971,0.9306000745434216,81.3400657585721,84.62991887325838,114.466885861907,43.14331720050838,82.26538280883044,47.393266198228275,5067.198375495066,396.9692671394798,0.443665097640432,0.3078915279393316,A,grading/data_processed/onion/A/Onion_Red_1_126__100.jpg,f7e78301000181c7,4
5166.5,372.5756822824478,1.0454545454545454,0.4677106799034524,0.8501727826230048,35.36582159624413,10.94832402575235,66.88713615023474,33.341294360578495,69.05934272300469,40.24357586782043,2076.0060011092187,439.3616383616383,0.5154381679610976,0.3240499024080388,A,grading/data_processed/onion/A/Onion_White_2_r1_81__100.jpg,ffbf1909018181e3,52
4317.5,323.1198378801346,1.2820512820512822,0.5196548269957384,0.8613466334164589,138.00808080808082,55.62375553097314,86.88597081930415,49.156718329664095,57.0641975308642,33.17504382812503,11530.289279273504,329.8717948717949,0.5649077486723695,0.4146115773347064,A,grading/data_processed/onion/A/Onion_Red_3_r_153__100.jpg,ff878301038387ef,46
6624.0,331.2203427553177,1.1235955056179776,0.7587455959756388,0.9579175704989152,15.178808925668688,37.12611483469641,173.13551056598197,48.93786414010536,88.37623762376238,48.64833577034738,3279.1664822497155,443.9371240494836,0.3582731405510324,0.2247446932482601,A,grading/data_processed/onion/A/Onion_Red_2_r1_272__100.jpg,ff81818080c1c1ff,0
6110.0,319.36247861385345,0.98,0.7528063847335975,0.9341793440868436,148.0408326661329,46.91989423695839,98.15836669335468,41.24619277932789,80.26421136909528,46.04651814920947,4137.2393593919205,389.5601030927836,0.5053908598519669,0.3482603471871194,A,grading/data_processed/onion/A/Onion_Red_3_190__100.jpg,ffe78100000081e7,1
7438.0,324.0487699508667,0.98989898989899,0.8901132861437294,0.9873888225142704,25.657384188993007,44.37986553912197,162.87937178302758,53.212609962507585,98.98667018608948,54.6778556341764,2287.905589632266,458.8181818181818,0.3442864653517407,0.2052993507448123,A,grading/data_processed/onion/A/Onion_Red_2_r1_116__100.jpg,f7e18180808181e7,7
6258.0,351.7056245803833,0.95,0.6357506243518136,0.9202941176470588,75.95335413416537,84.26461094217879,112.58346333853356,44.22589482803815,82.66661466458659,47.87237087527309,5199.604573639889,394.74031914893624,0.456564714355054,0.3118441964378513,A,grading/data_processed/onion/A/Onion_Red_1_132__100.jpg,f7e78385000181c3,4
6583.0,361.8477600812912,0.9587628865979382,0.631803375613332,0.9534361648200448,15.767141585040072,11.60346902834145,140.39611160581774,55.60176449732299,87.0831107153458,50.456664145220834,4363.968137335047,586.4171896010758,0.3624576246983101,0.2354133666557612,A,grading/data_processed/onion/A/Onion_White_1_r_162__100.jpg,ef878901018181c3,3
6064.5,341.1198375225067,0.94,0.6549240097379648,0.9093567251461988,146.46224440508774,48.28553425818239,91.08307840927388,40.591899728215004,79.79230397681533,45.98756608523382,4759.058625441376,347.690752688172,0.5029733838777481,0.3254512151881643,A,grading/data_processed/onion/A/Onion_Red_3_131__100.jpg,ffe78301008181c7,4
6450.0,330.87719678878784,1.021505376344086,0.7403479926719265,0.9681777244070848,88.08464805825243,84.12870900808181,121.18249393203884,45.19174604693421,85.28307038834951,48.86501212514119,5738.981496716031,482.7729352550905,0.3698931115153503,0.2382723171040862,A,grading/data_processed/onion/A/Onion_Red_1_r_19__100.jpg,ffe3c180808181e7,7
4105.5,281.17871367931366,1.4705882352941178,0.6525458632707007,0.919484882418813,33.11024367163473,46.6257330693655,86.83226874852141,54.226701447533955,54.73740241305891,32.56142860441581,9509.857809602076,311.77926322043965,0.5279809026324888,0.3673031004738978,A,grading/data_processed/onion/A/Onion_2_r2_72__100.jpg,ffe1c10080c0e1ff,51
5350.0,346.3919163942337,0.9895833333333334,0.5603097103784099,0.8247263758285802,34.05108162152336,13.952060688898609,56.66315215415379,40.956236971130906,70.88111252499546,41.11848404939257,2006.28596105292,339.6208998226951,0.6034512362360527,0.3819449329687512,A,grading/data_processed/onion/A/Onion_White_2_r1_14__100.jpg,ff9f8f07018181c7,16
7066.0,363.0193331241608,0.9595959595959596,0.6737891105463764,0.9605111126214912,15.193990584325672,9.990505179426574,141.39448906120188,44.42276489681735,93.86222653004708,54.828376922961155,3201.924749337297,462.03642811089617,0.344710146273831,0.2189224501079008,A,grading/data_processed/onion/A/Onion_White_1_r_100__100.jpg,ffd79701018181c3,84
6574.5,317.8061298131943,1.098901098901099,0.8179901132996693,0.9713378148777424,18.983459991059455,14.550643574760764,125.29175979734764,56.33376590018803,86.7928773655193,50.86337008947214,5679.998813138509,376.8867798867798,0.4285779548593444,0.2499472712347832,A,grading/data_processed/onion/A/Onion_White_1_12__100.jpg,ff878f0d000183ef,14
4628.0,351.22034227848053,0.76,0.4714589565864577,0.8344752975117201,43.990587743149966,53.770244484238034,76.29868228404099,51.3057477224696,61.32963815101443,35.69078223982492,8969.578538625346,472.1421333333334,0.4899752894344245,0.3547471212004405,A,grading/data_processed/onion/A/Onion_2_r0_62__100.jpg,cfc3c383838383cf,26
4898.5,317.3208488225937,1.1927710843373494,0.6113300748010769,0.8982304941780508,143.5037728355838,53.02907869008177,94.05976965845908,43.68310273915027,64.63880063542494,37.12373311556955,8506.400145001955,367.2953036636342,0.546347896973948,0.3735354226018236,A,grading/data_processed/onion/A/Onion_Red_3_r_34__100.jpg,ffe1c18180c1c1e7,7
3989.5,286.83556711673737,1.492537313432836,0.6093437054738631,0.9079426490669096,31.281546316557257,50.849912326419584,88.00778020909311,51.312014838359495,52.970094821298325,31.11465711051687,10364.666303653374,324.71083974069046,0.5210578815696296,0.3739813462545097,A,grading/data_processed/onion/A/Onion_2_r1_249__100.jpg,ff8703000003cfff,53
5695.0,356.67618703842163,0.93,0.5625425297739008,0.8685374409028519,34.680519924747735,10.40310510028737,54.0271934325295,29.77703093164017,75.31058662561998,43.69504606440961,2651.5935271592093,471.1729347826089,0.5814518182765501,0.3542960668386197,A,grading/data_processed/onion/A/Onion_White_2_r1_142__100.jpg,ffcf8f01818181c3,16
4666.0,280.59292685985565,1.408450704225352,0.744733963200459,0.949628574336013,73.32379360768749,82.35353093098895,154.87591393357008,55.937493639491464,61.89471485272613,34.652179441759124,10132.160770561395,270.7636932707355,0.4858982299656643,0.3123283064370074,A,grading/data_processed/onion/A/Onion_Red_2_r2_212__100.jpg,ff838100000387ff,0
5903.0,359.7056246995926,1.075268817204301,0.5733082473960832,0.8800596347372345,35.796996203994055,11.759881738627564,53.842548275292955,29.001521751693407,78.21835286350883,45.40911953030828,2688.1147087987047,386.231128489193,0.5790088213127789,0.3359184926350902,A,grading/data_processed/onion/A/Onion_White_2_r0_61__100.jpg,ffdf8f0b000081e7,13
6169.5,334.43354630470276,0.96,0.693170647966385,0.9278141213625084,74.25495167168437,83.0779299631335,118.06005387418791,44.29505270119419,81.0673427349073,46.34330085055323,5279.589463009983,393.94463157894745,0.4467231323928602,0.328187189001842,A,grading/data_processed/onion/A/Onion_Red_1_111__100.jpg,ffe78381000181c7,4
6556.5,308.9777021408081,1.1235955056179776,0.8630334953755562,0.9810713751309292,36.612797129615785,11.25510561420277,49.10539692031694,27.43244245349182,86.08999850500823,49.989449957230654,3337.984240310567,466.8618771989559,0.5098034553435147,0.2371374804350091,A,grading/data_processed/onion/A/Onion_White_2_r0_34__100.jpg,ffcf8f01000081ef,13
5680.5,327.17871284484863,1.1235955056179776,0.6668472264124892,0.9111396262731576,25.550729613733907,48.09728920720448,80.42042918454936,54.00747900668032,74.90472103004292,43.08831955916752,4589.084459777806,417.1002156395414,0.4764962307047881,0.3352686948994947,A,grading/data_processed/onion/A/Onion_2_r2_284__100.jpg,ff830303010387ef,46
6664.0,312.87719666957855,1.098901098901099,0.8554547240113394,0.9771260997067448,20.600853317640137,12.056437065605207,120.7603354421068,50.419153193447706,87.58614094453435,51.0748797823459,6063.638580111096,463.1267621267621,0.4004133227903618,0.2414554519790602,A,grading/data_processed/onion/A/Onion_White_1_70__100.jpg,ffc38d0c000181e7,2
6148.0,329.0782082080841,1.0421052631578946,0.713420319931338,0.9277199336049494,20.016211061665608,41.28538734559555,83.35219326128417,51.86804976798735,80.82453909726637,46.370560793699866,3388.8458683027707,465.71632653061226,0.4524819033019949,0.3203086131296097,A,grading/data_processed/onion/A/Onion_2_r2_290__100.jpg,ff838301010387cf,46
6187.5,319.32084810733795,1.1363636363636365,0.7625538670680552,0.9575949856844386,28.250553272209928,42.02500248131073,97.18732216250396,51.76068044710537,81.30588049320265,46.713035334160494,3405.7899987086776,505.0981404958677,0.4691013478272549,0.2690375892592463,A,grading/data_processed/onion/A/Onion_2_r2_9__100.jpg,ffe185800080c1f7,100
6283.5,340.43354630470276,0.99,0.6813131725296452,0.9235008818342152,76.77146857498444,84.3199850372715,116.86776602364657,44.27657742194668,82.6929060360921,47.486030757143105,4788.907436016733,440.4507142857143,0.4556278083855665,0.3365072515746861,A,grading/data_processed/onion/A/Onion_Red_1_28__100.jpg,ffe78301000181e3,4
5947.0,298.3919153213501,1.1904761904761905,0.8393318398676641,0.977481919789612,53.22966743496872,76.1174190145261,161.37718142904183,51.39151739488913,78.13747118867303,43.97468778979174,5252.749285657596,314.1409331409332,0.4379377664484148,0.2637331191458572,A,grading/data_processed/onion/A/Onion_Red_2_r2_228__100.jpg,ffc38100010387ff,0
4801.0,319.50461280345917,1.1494252873563218,0.5909997603557587,0.8860385715603949,143.25618159708148,52.72742772857918,86.75881637616538,40.45700373349401,63.52391568706931,37.06847014801245,10718.22263633241,374.0631603390225,0.5758947503722193,0.4206028094962709,A,grading/data_processed/onion/A/Onion_Red_3_r2_131__100.jpg,ffc783810183c3ef,8
5765.5,294.9777030944824,1.2195121951219512,0.8326614555549792,0.9750549636394386,63.667289085044985,80.02486445907645,159.40061110168054,50.696765544087185,75.9113902563232,42.6188966580952,6391.714205829863,289.0884454299089,0.4428248567274476,0.268795689593705,A,grading/data_processed/onion/A/Onion_Red_2_r2_226__100.jpg,ffc38100010387ff,0
6636.5,313.46298456192017,1.1111111111111112,0.8487434468999367,0.9754538105386932,21.21816838995569,12.745415170609505,121.09512555391431,48.69203669078251,87.18729689807977,50.74874027226725,5227.366680246913,483.2612794612795,0.4210040444316371,0.2364828210428919,A,grading/data_processed/onion/A/Onion_White_1_60__100.jpg,ffc39d04000181ef,2
5130.5,344.29141104221344,1.2820512820512822,0.5438976454883794,0.8796399485640806,30.182231483235466,45.60704751846622,97.72930479257435,51.85123812744712,67.90073877628339,38.98901392060334,6415.486049161735,430.27078477078487,0.4797299282040702,0.310359711546666,A,grading/data_processed/onion/A/Onion_2_r1_53__100.jpg,ffe1c08000c0e1ff,5
6293.5,322.776692032814,1.0101010101010102,0.7590978610713941,0.9424934481467616,146.14510108864695,48.77364102878122,93.93265940902022,41.97287475091506,82.89020217729393,48.14496396961623,5034.111050953985,345.6584022038568,0.4949403279025458,0.3379444170062405,A,grading/data_processed/onion/A/Onion_Red_3_99__100.jpg,ffe78701000183e7,12
7064.0,367.8477602005005,0.99,0.6560309405490136,0.9558863328822732,16.529216283577956,14.397198753679277,140.9711991138189,53.89117675786825,93.2338687344226,53.86204517828427,3691.969392215081,473.81653061224495,0.3954982282982757,0.2544954727448935,A,grading/data_processed/onion/A/Onion_White_1_r2_68__100.jpg,ff9f9f85010181e3,16
5537.0,317.01933348178864,1.2658227848101269,0.692329584862668,0.9517016156754898,32.93932980599647,55.8396310583175,79.7742504409171,51.56266549319066,72.7657848324515,41.99996842666465,4895.030440298029,480.6106635980055,0.4404044539606251,0.2689094268927209,A,grading/data_processed/onion/A/Onion_2_r1_148__100.jpg,ffc381008080c3ff,0
5215.5,299.3208488225937,1.0595238095238095,0.7315295557704311,0.9544331594839418,61.07747005988024,79.5070844857221,116.42252994011976,48.41115142425511,68.76384730538922,39.59182642830184,10544.15468459298,431.5228625541125,0.402996954810818,0.2693160025477483,A,grading/data_processed/onion/A/Onion_Red_1_r_162__100.jpg,ffc381018181c3e7,8
5182.0,294.93607199192047,1.3157894736842106,0.7486028717217018,0.9458793465364608,22.032385614761814,46.73668297218716,165.054791941254,60.52330796411167,68.61815100734324,38.57467042879382,8305.688524653739,333.04319510898466,0.426930305436517,0.287263538182118,A,grading/data_processed/onion/A/Onion_Red_2_r2_294__100.jpg,ffe10000c0c0e1ff,51
7076.5,343.1198378801346,1.0416666666666667,0.7553299734392667,0.9673296425398128,36.81187707641196,59.56831061646135,85.78959025470654,49.807689659559614,92.937569213732,53.42179839969243,1933.5895247287328,432.0449284511785,0.3732942560511783,0.2345257829037264,A,grading/data_processed/onion/A/Onion_2_r1_208__100.jpg,ffb78705008081ef,1
6667.5,353.9482659101486,1.0,0.6687954510535483,0.924757281553398,74.22829912023461,84.2192898842225,113.85645161290324,42.22663761954491,87.86363636363636,50.61256897349231,4529.06671484,449.5007070707072,0.4304728524120453,0.3043541453156828,A,grading/data_processed/onion/A/Onion_Red_1_43__100.jpg,ffe78506000181e3,12
6829.0,355.0193326473236,0.98,0.6808680734260971,0.9592639415648264,97.5512104283054,84.57722233598582,117.30855178341211,44.73340370652172,90.1018478727976,51.71450472981722,5050.403183506872,614.3138144329896,0.4053804432039855,0.2704980291244828,A,grading/data_processed/onion/A/Onion_Red_1_r2_76__100.jpg,f7c3c5808181c1e3,45
7406.5,324.29141104221344,1.0101010101010102,0.8850177853625095,0.9865467865467864,28.81007289595759,51.43003487268917,156.14367130550033,55.338352300150206,97.7610337972167,55.546488143903325,2952.284119365371,404.9759208244057,0.3550377114476328,0.223259744405483,A,grading/data_processed/onion/A/Onion_Red_2_r1_98__100.jpg,f7f1e0c0808181e7,7
4943.5,295.17871284484863,1.3333333333333333,0.7129750515257246,0.938579836719195,29.925473186119874,51.56420729677944,93.62874605678232,55.88344804275119,65.14846214511041,37.09653407927664,6887.005732462222,412.4344781144781,0.4589175349698705,0.3117985757967103,A,grading/data_processed/onion/A/Onion_2_r2_197__100.jpg,ffc38100000383ff,0
4083.5,271.6639940738678,1.5384615384615383,0.6953096564809724,0.9341187235502688,34.03596094308168,61.35381359734944,149.99547511312218,56.020083906679915,54.07668492498214,31.08239213137041,15101.789549136092,243.67490287490293,0.5245089006262366,0.3417931477422198,A,grading/data_processed/onion/A/Onion_Red_2_r1_21__100.jpg,ffe1c10080c1e3ff,51
7277.5,324.29140985012054,1.020408163265306,0.8696033187507893,0.9837783034809056,72.1232470334412,81.76555283258168,122.18176914778856,41.697857217685474,95.55771305285867,54.79313762999387,3898.056644897959,511.71634714491864,0.3463592420231038,0.2292232770893573,A,grading/data_processed/onion/A/Onion_Red_1_r2_33__100.jpg,ff9f0701018181e3,11
6050.5,383.2619721889496,1.1111111111111112,0.5176183561286887,0.8995688373476063,35.363256113256114,10.614984246621852,47.4980694980695,27.64978506306666,80.24662162162163,46.79939342977416,3263.9205742098766,473.40123456790127,0.5713786093513596,0.2964084022521208,A,grading/data_processed/onion/A/Onion_White_2_r0_157__100.jpg,ffdf8f08000183e7,13
4327.5,300.977703332901,1.3888888888888888,0.6003137526377063,0.9115323854660348,29.941427289048473,51.894416425388016,80.24910233393177,52.455442954983184,57.35794434470377,33.54395706203002,9293.622241493054,345.1929012345679,0.5050717105713679,0.3682019745541966,A,grading/data_processed/onion/A/Onion_2_r2_256__100.jpg,ff878703000187ff,90
5824.0,341.362478017807,1.065217391304348,0.6280578748458564,0.9168044077134986,93.84924623115576,85.0808604663229,116.15259631490788,44.862682699034934,77.0319932998325,44.19978794616237,8028.3856607158605,495.41360376512773,0.4502655018184614,0.3209487988256994,A,grading/data_processed/onion/A/Onion_Red_1_r2_84__100.jpg,ffc381010081c3e7,8
4163.0,282.2497808933258,1.4492753623188406,0.6566728305597699,0.9158508414915852,30.166199813258636,42.400929913710286,88.5546218487395,56.208500031911576,55.280812324929975,32.51450578662306,9601.00849821466,319.0478700043917,0.5326989239194156,0.368140736806252,A,grading/data_processed/onion/A/Onion_2_r2_64__100.jpg,ffe1c10080c0f1ff,59
4645.0,275.56348860263824,1.408450704225352,0.7686917745388603,0.9580282561616996,29.518378491913463,55.782193833637045,150.81747532031085,55.377000075638904,61.25225792900651,34.68793891423772,11313.167209264037,290.36776212832547,0.4879432376957757,0.3155125638603591,A,grading/data_processed/onion/A/Onion_Red_2_r1_38__100.jpg,ffc3c10080c1c3ff,0
6535.0,310.534051656723,1.1111111111111112,0.8516026347919231,0.9792462725706153,20.41839183918392,10.471355246678812,121.9030903090309,50.82914881923504,85.96549654965497,50.22161517408653,5698.819091358024,507.714253647587,0.4019643954133854,0.2461396400326895,A,grading/data_processed/onion/A/Onion_White_1_73__100.jpg,ffc38d0c000181ef,2
5290.0,344.8771971464157,1.0,0.5589031733295173,0.8256594349929764,34.06563706563706,11.636316214374643,56.64184592756021,41.2595502900744,70.11674940246368,40.843120381104896,2124.8233967019896,354.6984322508399,0.5954114200349326,0.3828039570985943,A,grading/data_processed/onion/A/Onion_White_2_r1_13__100.jpg,ff9f8f07018181c7,16
6556.0,311.22034418582916,1.1123595505617978,0.8505754656177256,0.9750148720999404,20.15592764239797,5.331026976807054,121.1294662879354,48.76807044165564,86.1305127821797,50.1008387584754,5573.658191547974,472.7265535427654,0.4075479430351795,0.2285116686721178,A,grading/data_processed/onion/A/Onion_White_1_59__100.jpg,ff939d05000181e7,2
6812.0,324.0487701892853,1.0869565217391304,0.8151992062770539,0.9716853291491334,25.615882606819163,49.79727339061871,79.16803337649259,49.69270805007556,89.31261688965617,51.36135166963014,2228.831234865312,497.5055994729907,0.3812905631935308,0.2308154490090913,A,grading/data_processed/onion/A/Onion_2_r1_172__100.jpg,ff9b8980008081ef,1
6576.5,303.6639949083328,1.010989010989011,0.8962271293291791,0.9882043576258452,67.60509838998212,81.14989489890993,121.93202146690518,45.37242200786089,86.34943351222421,49.34003462980165,5381.378370690621,547.5246950851347,0.3054066792793872,0.1849991116338616,A,grading/data_processed/onion/A/Onion_Red_1_r_180__100.jpg,ff8f8101010181e7,18
6709.0,317.90663492679596,1.0898876404494382,0.8341967083598403,0.9738713891711424,15.959982474076238,14.617058379736678,149.13115232948738,49.40226948582649,88.35037242587995,51.06179793635168,4371.168834433677,478.94089419475654,0.3574179398442941,0.1940831946586531,A,grading/data_processed/onion/A/Onion_White_1_181__100.jpg,ffc38f01010181e7,2
5085.5,368.0904014110565,1.069767441860465,0.4716659632189826,0.8654697072838666,34.29715811558268,9.934873062916193,67.2803738317757,34.08132740711367,68.08182338355903,39.8129852335137,2107.0772618495052,447.7680807564528,0.5095126683738938,0.3200637051243332,A,grading/data_processed/onion/A/Onion_White_2_r1_84__100.jpg,ffbf1109010181e3,52
5259.0,295.76449847221375,1.2987012987012987,0.755476480937425,0.948250991705734,23.27616926503341,49.055040561385454,164.86321455085374,58.374148711339885,69.43541202672606,39.26201300325541,7128.778537274413,325.9833398924308,0.4325755353476874,0.286603649843073,A,grading/data_processed/onion/A/Onion_Red_2_r2_292__100.jpg,ffc10000c0c1e1ff,51
6999.0,315.56348943710327,0.979381443298969,0.8832270430684201,0.9867474975327788,147.24260686755431,50.1761117770607,112.36524176594254,40.46811263387835,92.2811492641906,53.396542508552834,1835.913162366791,384.72274621627554,0.4141720710284154,0.2108221095363077,A,grading/data_processed/onion/A/Onion_Red_3_r2_78__100.jpg,ffc78f03018181c7,16
6652.0,312.87719905376434,1.098901098901099,0.8539142763202586,0.978091457138656,20.54900515843773,15.847820675407863,121.29285187914518,50.09512410993432,87.80840088430361,51.81262784304021,6076.565039681198,473.12975912975907,0.4271471982940816,0.241623008552162,A,grading/data_processed/onion/A/Onion_White_1_23__100.jpg,ff830f0e000183ef,14
7251.0,335.07820749282837,1.0869565217391304,0.8115502243203337,0.9713979502980776,27.29440389294404,55.825187683784094,154.8744255204109,50.16529091633792,95.28723979453906,54.43325763810266,2463.7324671077504,342.64525691699606,0.3237281540913566,0.180793754670772,A,grading/data_processed/onion/A/Onion_Red_2_r1_234__100.jpg,ffe0f1808081c1e7,15
6143.0,321.36247968673706,0.99,0.7474807964886596,0.9313926161776968,147.78738652651697,47.30467532764199,98.30227743271222,42.20696599577692,80.80060519190954,46.36832665158014,4282.975028456281,408.5396938775511,0.5024971930487904,0.3523441683254263,A,grading/data_processed/onion/A/Onion_Red_3_193__100.jpg,ffe78108000181e7,12
6852.0,322.1909056901932,1.0638297872340423,0.8294699613703962,0.978367958877704,17.15011448196909,12.921970536254982,137.40784201488265,54.66617960019132,90.06124785346307,52.29017243300737,5363.680395190131,514.5955297657426,0.4016502908743272,0.2446254878785062,A,grading/data_processed/onion/A/Onion_White_1_140__100.jpg,ffc38f0f000181e7,2
6149.0,366.6761864423752,0.93,0.5747102531872943,0.9016129032258065,48.73628290516968,74.95102581003376,115.86600063431652,44.87510201933584,80.94481446241674,46.472013948916306,5580.1659604116085,491.8707608695652,0.4396052177519048,0.3080705359231385,A,grading/data_processed/onion/A/Onion_Red_1_81__100.jpg,ffe7c381010181c3,4
4340.0,288.73506140708923,1.4492753623188406,0.654184945539407,0.9270532948841184,32.17275375308089,53.71538885198242,90.9852117409814,57.078090043193626,57.42505041451938,33.25491639356783,8703.450691031296,356.27814375640463,0.4742326324531634,0.3398471301831112,A,grading/data_processed/onion/A/Onion_2_r2_210__100.jpg,ffc78300000387ff,0
3595.0,295.42135298252106,1.7241379310344829,0.5176366204571206,0.8887515451174289,31.21273166800967,52.22617478236691,89.87805533172173,57.5866200780353,47.83078162771958,27.587320854662163,12152.895377407847,258.4609892023685,0.5165236605317715,0.3449169611754485,A,grading/data_processed/onion/A/Onion_2_r1_284__100.jpg,ffc78300008587ff,64
5758.5,339.80612897872925,1.1904761904761905,0.626695851036222,0.9092846991946943,26.345750084659667,43.63686616199782,102.08804605485946,51.79854340184235,76.10125296308838,43.32566619168068,4936.218440462018,443.48388648388664,0.462327289482735,0.2855999720909043,A,grading/data_processed/onion/A/Onion_2_r1_44__100.jpg,ffc1c0808080e1ff,5
6058.5,335.94826567173004,1.0105263157894735,0.6745748872740884,0.9384293680297398,95.07562076749436,84.94448889590183,117.27184779103516,44.488634263412386,80.06594646888101,45.8683041614988,7107.096144378558,523.3995567867036,0.4368846216447921,0.3037446028442822,A,grading/data_processed/onion/A/Onion_Red_1_r2_81__100.jpg,ffc381010181c3e7,8
4309.5,273.6639939546585,1.5151515151515151,0.7231051043764275,0.9474552050126416,14.529371893357434,31.11152439555979,151.901491188432,65.07440048374312,56.90691369182106,32.61325516120551,11408.009119352617,286.5491276400367,0.4380219387303316,0.3152876957250968,A,grading/data_processed/onion/A/Onion_Red_2_r2_28__100.jpg,ffe3c10000c0e1ff,59
6572.5,330.6345571279526,1.021505376344086,0.7555165335118321,0.9731270358306188,88.52360387192851,84.11703102364541,120.54534623976171,44.45775717527637,86.87282204020849,49.948958892241414,5379.488868788251,448.9272477693892,0.352011593264996,0.2246796133230867,A,grading/data_processed/onion/A/Onion_Red_1_r_17__100.jpg,ffc38380808181e7,73
6618.5,321.17871260643005,0.84,0.8062615168741676,0.9727366255144032,26.58165680473373,49.74953379913529,92.47884615384616,52.11660085864376,87.08639053254439,50.138496866547534,2123.7735571286844,568.0402409638552,0.3325510815080605,0.1788980357224973,A,grading/data_processed/onion/A/Onion_2_r2_158__100.jpg,fff98181818181c7,39
7214.5,319.46298348903656,1.0416666666666667,0.8883314036927411,0.9891006306553332,56.259556522922054,77.79532071882818,162.8064208951163,53.0278037569668,94.55461841926268,53.72546919376714,2370.408784331597,292.42161195286195,0.4014856330356175,0.2206217730781706,A,grading/data_processed/onion/A/Onion_Red_2_r2_237__100.jpg,fff1e180018183e7,7
4782.0,288.93607234954834,1.351351351351351,0.7198067351449307,0.9414312432326016,31.656479217603913,44.30432291003765,93.06234718826406,55.24686931606054,63.24286878565607,36.87224497024536,6541.578432268079,328.5779415779416,0.5187143629038495,0.3271471607477245,A,grading/data_processed/onion/A/Onion_2_r2_28__100.jpg,ffe1c18000c0e1ff,59
6658.0,315.7644993066788,0.85,0.8391257560960458,0.9761747672458032,28.4035603942916,51.48291193444996,94.5053700161836,51.41382166701196,87.43578049139326,50.07504919065859,2203.49212283737,534.2419047619048,0.3369167839694292,0.183207111001571,A,grading/data_processed/onion/A/Onion_2_r2_164__100.jpg,fff9c181818183c7,39
6462.5,326.6345558166504,1.043956043956044,0.761177887504764,0.9739281139326352,88.75253672573074,84.05692060209566,119.23156141147965,45.49870219077961,85.36392548841435,48.87419599578745,5509.29138920621,470.5492167407062,0.3418865012377948,0.2188520570279841,A,grading/data_processed/onion/A/Onion_Red_1_r_16__100.jpg,ffc38180808181e7,7
6180.0,341.5046136379242,1.020408163265306,0.6658941331844694,0.9169139465875372,144.44086021505376,52.10645224790771,95.91951296647692,42.26597963852114,81.44924098671727,46.85030176883899,5693.170513109121,504.56524427953013,0.4862218095114365,0.3406657887739132,A,grading/data_processed/onion/A/Onion_Red_3_r2_14__100.jpg,ffc3c1810081c1e7,7
4432.5,314.29141080379486,1.139240506329114,0.5638889489446108,0.9114743985194323,55.38414367060885,77.07498753745408,115.48050810337276,49.91810148792534,59.010731493648706,34.81354651654027,16304.097363887951,469.32584269662937,0.4767030711065264,0.3396401721277355,A,grading/data_processed/onion/A/Onion_Red_1_r_152__100.jpg,ffc3810181c1c3f7,8
5969.5,357.60511922836304,0.93,0.5865977138885278,0.8969273533168056,49.99363057324841,75.55201475232944,111.71402907071698,41.6258430060171,79.239425118406,45.84463641501467,7502.97018701584,361.30184782608706,0.4932713574533354,0.3281190486902911,A,grading/data_processed/onion/A/Onion_Red_1_153__100.jpg,ffe78381010181c7,4
4375.0,300.93607246875763,0.69,0.6070709120295954,0.8943172526573998,41.820945196361215,55.05112798506618,86.2620368315953,54.96534909941115,58.01042822276459,34.14054439607588,9628.539629405588,539.8510294117647,0.4679676535792491,0.3280538252844143,A,grading/data_processed/onion/A/Onion_2_r0_325__100.jpg,cfc3c183818183c7,3
7310.5,330.14927530288696,1.0638297872340423,0.8428227480780169,0.978713434634179,25.3391467668366,54.09256373754506,153.09954386906358,52.80960701708326,96.22001609873894,54.8533366307114,2303.892078304663,315.2954008166774,0.3280442682384841,0.1923327077067494,A,grading/data_processed/onion/A/Onion_Red_2_r1_240__100.jpg,fff1f9808081c1e7,15
6727.0,314.7350628376007,0.88,0.8533772009399226,0.9801835931808248,22.898149497304384,41.445149225945094,96.156054203701,50.45128393797811,88.13871484773422,50.517413094026494,2246.247116619318,490.3573563218391,0.350542861569431,0.206107979965526,A,grading/data_processed/onion/A/Onion_2_r2_305__100.jpg,dfc18f81818183e7,28
3931.5,312.1492750644684,0.57,0.5070414720507254,0.8756124721603563,39.49606492867683,57.58853069786235,73.25725528775209,48.89981152201483,52.31628135759961,30.632933284568956,13627.744523822712,457.18107142857144,0.4282629681411264,0.2638332275108188,A,grading/data_processed/onion/A/Onion_2_r0_128__100.jpg,e3c3c3818181c1e3,50
5476.5,316.1492747068405,1.1494252873563218,0.6885390506431991,0.9178748009720942,28.990913949759488,44.07819957756368,82.5043648672724,49.05987198521362,72.24942098699448,41.963590834779936,4476.071339344696,473.19110646696856,0.4768511947279279,0.3437222934041294,A,grading/data_processed/onion/A/Onion_2_r2_106__100.jpg,ffe1c080c0c0e1f7,5
6703.5,317.6051194667816,0.94,0.8350961651393488,0.974700109051254,20.186924089512942,10.515894841603949,129.4999268685096,51.314730701310395,88.36083077373117,51.54293454280963,4838.54944133092,473.9654838709678,0.4267640507889831,0.2580873533801971,A,grading/data_processed/onion/A/Onion_White_1_r_39__100.jpg,ffcf8d81818181c3,16
4650.0,308.87719762325287,1.3157894736842106,0.612478883625288,0.9239022451818,32.4505333612215,47.07941541271949,85.65864881823886,51.6127134014721,61.48713658230496,35.40403084838939,7907.737920706372,364.8365231259968,0.4990394701369348,0.357715259092405,A,grading/data_processed/onion/A/Onion_2_r2_92__100.jpg,ffe1c10080e0e1f7,59
6771.5,314.29141187667847,1.0638297872340423,0.8614492931097983,0.9799565846599132,26.68674873280232,45.5483787450311,164.7894279507603,53.23103610365978,89.85908761766835,49.35710346940411,3589.005971921684,449.2712228669675,0.3822266745324185,0.2499185506261037,A,grading/data_processed/onion/A/Onion_Red_2_r1_122__100.jpg,ffc181008081c1e7,15
6694.5,318.6345566511154,1.1235955056179776,0.8285949105284107,0.9738871108524876,21.345191040843215,13.295213621622434,123.24242424242424,51.50522263458101,87.99970721709852,51.32605221793223,5583.782574561293,555.9930768357734,0.4105451365222074,0.2193397773962293,A,grading/data_processed/onion/A/Onion_White_1_45__100.jpg,ff8f8f0d000081f7,13
3878.0,269.90663397312164,1.5873015873015872,0.6689452134404099,0.9219065731605848,26.930861723446895,55.2476137685,161.1758517034068,56.317545844665375,51.40856713426854,29.441633383757903,18651.79287669438,253.6944043610711,0.520600203141295,0.3527744412154559,A,grading/data_processed/onion/A/Onion_Red_2_r1_310__100.jpg,ffe10180c0c1e1ff,97
4397.0,316.04877042770386,0.71,0.5531693637428846,0.8938808700955478,49.558031774051194,61.98969915860918,77.99580759046779,54.350548382880994,58.22793468667255,33.23360555637031,9947.05809434636,436.6397142857142,0.4556147707085737,0.3437569294292295,A,grading/data_processed/onion/A/Onion_2_r0_189__100.jpg,f3c383c181c1c1e3,50
7348.5,321.46298348903656,0.97,0.8936071199029818,0.99023042716615,34.50120224418915,63.673691306727875,165.316724552498,47.80857843315205,96.62797221480096,55.29536084175208,1756.5315036241896,328.7221875,0.3833717791130127,0.2131208506031391,A,grading/data_processed/onion/A/Onion_Red_2_r2_256__100.jpg,e7e1e180818181c7,79
5938.5,325.46298336982727,1.1363636363636365,0.704503934076884,0.956896551724138,39.32230997038499,60.46978201396176,87.56021717670286,48.46942204522414,78.06910167818361,44.80713115695384,4065.4776949896695,493.86903122130394,0.4453942387339328,0.2954729843776382,A,grading/data_processed/onion/A/Onion_2_r1_224__100.jpg,ff8301000181c7ff,22
4714.5,305.46298384666443,1.1904761904761905,0.6349336212255391,0.8951865565365993,143.5119735755574,51.80304022322717,91.15503715937244,43.9284206994429,62.16763005780347,35.78586270481512,9134.74276189059,319.39826839826844,0.5799921251948125,0.4107659622013279,A,grading/data_processed/onion/A/Onion_Red_3_r_48__100.jpg,f7e3c18180c1c3ef,26
4795.0,300.2497806549072,1.351351351351351,0.6683948237373591,0.934242571846079,31.646091370558377,53.604432230678405,92.74274111675128,56.05604348114837,63.304771573604064,36.18191358445679,7285.134375456538,432.7941577941578,0.4629397502119091,0.321986838601277,A,grading/data_processed/onion/A/Onion_2_r2_200__100.jpg,ffc78100000383ff,0
5133.5,300.14927637577057,1.3157894736842106,0.7160590352664828,0.9335333697035824,18.641581147852527,44.313351625414995,168.32877232991257,53.99096033384356,68.42987457240594,37.719980962857285,9016.018659262469,328.0713716108453,0.4306595808822455,0.2941539011966733,A,grading/data_processed/onion/A/Onion_Red_2_r1_286__100.jpg,ff218080c0c0e1ff,71
4133.5,277.17871272563934,1.4705882352941178,0.676095521292974,0.9207038645728924,34.271337879144134,48.27952954877555,87.61462497060899,55.08081694712225,55.01316717611098,32.68118035160701,9693.179599913494,327.86036838978015,0.5214779951517021,0.3632901871996726,A,grading/data_processed/onion/A/Onion_2_r2_69__100.jpg,ffe1c10080c0e1ff,51
6831.0,326.0487707853317,1.0869565217391304,0.8074748693438353,0.9705192867798536,32.216898579830726,56.54911432544579,79.13369674365228,48.73623585104085,89.55443982212022,51.40357071459384,2084.8182850189037,498.4310496267018,0.3822297413589562,0.2288689545586358,A,grading/data_processed/onion/A/Onion_2_r1_170__100.jpg,ffcf8980008081ef,110
5866.0,302.3919162750244,1.2195121951219512,0.8061420368674186,0.96750783440541,25.802835696413677,48.900257544878265,79.74695579649708,52.596668429969554,77.03202668890742,44.1909116490364,4667.530957391433,459.94161123429416,0.4274079350829748,0.2556570797625634,A,grading/data_processed/onion/A/Onion_2_r1_152__100.jpg,ffc381008080c3ff,0
4620.0,279.5634890794754,1.3888888888888888,0.7428325667487383,0.9514983008958912,32.1935415787252,58.11721159278472,150.3224989447024,54.51787075502464,61.00886449978894,34.45712254602462,12267.01826388889,274.8625140291808,0.4983807153557124,0.3286156877015988,A,grading/data_processed/onion/A/Onion_Red_2_r1_37__100.jpg,ffc3c10080c1c3ff,0
6191.5,331.60511887073517,0.95,0.7075600261650633,0.9294453201230954,80.36355022109917,84.12873215197035,117.02747946936196,42.30965553823875,81.3583385975995,46.451878267585094,4649.592520952909,354.51212765957456,0.4464215722153921,0.3198910343844972,A,grading/data_processed/onion/A/Onion_Red_1_112__100.jpg,f7e78301000181c7,4
5967.0,337.84775936603546,1.0526315789473684,0.6569371406639027,0.9089108910891088,146.50016366612113,49.20602583725502,97.9052373158756,41.78351606550572,78.5873977086743,44.8821238998876,5793.453599324101,463.7016480595427,0.4878479167718815,0.3440710698137728,A,grading/data_processed/onion/A/Onion_Red_3_r2_16__100.jpg,ffc3c1810081c3e7,7
5683.0,296.391916513443,1.2195121951219512,0.8129331058962639,0.971868319794784,26.229127216388363,51.944655240644785,149.70476846273024,53.750000985501586,74.80237562403167,42.02506266623873,7174.318571073766,364.4795516136981,0.4381275384521449,0.2769556321241311,A,grading/data_processed/onion/A/Onion_Red_2_r1_52__100.jpg,ffc381808081c3f7,6
5846.5,411.4041084051132,0.979381443298969,0.434078793468698,0.8199284762639366,20.087317397078355,19.664542580541163,135.51278220451528,50.80024451964128,79.55345285524568,47.64991159554436,3995.533818466377,477.2624479052423,0.4795865263707929,0.3293623095526994,A,grading/data_processed/onion/A/Onion_White_1_r2_175__100.jpg,ff9f9f03010181c3,16
7173.5,342.77669310569763,0.9595959595959596,0.767217317927089,0.9687373396353814,15.15655737704918,9.335157305521824,142.09439890710382,45.42423550059531,94.84084699453553,55.118116569291345,3199.2230083820377,485.6376531270148,0.3397035027922626,0.2080012579694109,A,grading/data_processed/onion/A/Onion_White_1_r_103__100.jpg,ffd78703018181c3,84
4888.5,336.4335458278656,1.1494252873563218,0.5427338359334639,0.8736484675185416,142.86603061021663,53.35419185255459,88.67123832240111,41.01039090561339,64.72510435301133,37.66922545627783,10725.290569745015,362.4802043422733,0.5563679314242066,0.4094614958190025,A,grading/data_processed/onion/A/Onion_Red_3_r2_134__100.jpg,ffc783810183c3ef,8
4012.5,272.35028648376465,1.5873015873015872,0.6797813361284786,0.9298957126303592,55.15278450363196,75.71032886340427,150.9142857142857,59.74593435901452,53.535351089588374,30.660656694606867,14141.646793550011,248.95783229116563,0.5348430385284423,0.3320747609848238,A,grading/data_processed/onion/A/Onion_Red_2_r2_189__100.jpg,ffc78300008387ff,0
6915.5,326.1492758989334,1.0869565217391304,0.8169596599637883,0.9723022847100176,22.256766331302252,44.56744818722379,81.25180671673516,49.71149233137294,90.77809267394076,52.08527699373021,1839.9049973416825,464.2911725955205,0.3806312292022065,0.2206732173635352,A,grading/data_processed/onion/A/Onion_2_r1_169__100.jpg,ffcf8980008081ef,110
5134.0,287.42135322093964,1.3333333333333333,0.7809579832847379,0.9616933595579282,67.22194750855839,80.98819348097967,158.62856599467477,54.57412069782362,67.78585013313047,37.95235062650539,8986.835395893333,291.5622895622896,0.4705505964717592,0.2859511575133348,A,grading/data_processed/onion/A/Onion_Red_2_r2_218__100.jpg,ff838100000387ff,0
5736.5,365.94826447963715,1.1235955056179776,0.5382914457086873,0.8821313240043057,34.69211195928753,11.824617319782751,52.62578456318914,29.319220757199425,75.8490245971162,44.04858839306643,3210.0313950763793,383.03098399727617,0.6013460692886345,0.326133231210247,A,grading/data_processed/onion/A/Onion_White_2_r0_189__100.jpg,ffdf8f01000081e7,13
7174.5,317.8061298131943,0.94,0.8926412758184618,0.9893132928847216,24.08548762139242,47.0803153078506,157.74955546436877,52.98280863333303,96.32635754342772,52.15016158319175,2346.9974046966954,441.1289247311827,0.3661140838020073,0.2069038645292252,A,grading/data_processed/onion/A/Onion_Red_2_r2_124__100.jpg,ffe1c1808081c1e7,7
3700.0,265.76449978351593,0.63,0.6582905963532492,0.9207415702376508,48.130833770319875,70.03488851508617,157.24305191400106,56.72925258927841,48.94389092815941,28.232228552954084,17517.633469387754,303.56596774193554,0.51645781124685,0.371933035831129,A,grading/data_processed/onion/A/Onion_Red_2_r0_28__100.jpg,e7e7c381818183c7,3
5416.0,300.39191699028015,1.0786516853932584,0.7542442967048232,0.9410129441403876,148.95670995670994,46.3006939335507,99.1453823953824,42.56988317373226,71.16720779220779,40.899442902338194,6893.5046815931455,356.1102306327616,0.5338183881345325,0.3382036896702703,A,grading/data_processed/onion/A/Onion_Red_3_r_61__100.jpg,efc38181808183e7,8
6648.5,354.4335460662842,1.075268817204301,0.6650647004673955,0.9508724256292906,39.61602941176471,61.01000454698125,88.47779411764706,48.65952939575593,87.37720588235294,50.05391720422122,2685.921093259336,522.9946779624198,0.4048260982610998,0.2542390844565615,A,grading/data_processed/onion/A/Onion_2_r1_217__100.jpg,ffe38100008183ef,0
4962.5,297.66399443149567,1.351351351351351,0.7038137919905411,0.9295682307764354,20.384207424867412,46.17241668482993,168.47652720487133,54.332274576861856,66.15949715183658,36.389872793666854,9801.926912910883,312.47024297024296,0.4449998750710983,0.3003990915355572,A,grading/data_processed/onion/A/Onion_Red_2_r1_289__100.jpg,ff218080c0c0e1ff,71
4279.0,292.7350616455078,1.408450704225352,0.6274840142511792,0.9254893478966152,32.33083560399637,45.14669039996369,85.54427792915531,52.138388229819824,56.903723887375115,33.75158077815881,9096.686752628448,373.7927158913074,0.5217033952900898,0.3674202378727677,A,grading/data_processed/onion/A/Onion_2_r2_81__100.jpg,ffe1c10080e0e1f7,59
6126.5,348.0904005765915,0.95,0.63538682949072,0.9099888600074266,72.41568377430666,82.8696180086109,115.35320369780044,44.708326336741735,80.45951546063118,46.1352432068135,4972.005459324099,417.1364893617021,0.444540630100887,0.3247573963059343,A,grading/data_processed/onion/A/Onion_Red_1_105__100.jpg,ffe78381000181c7,4
7232.0,321.70562422275543,1.0309278350515465,0.8781141479170788,0.9863611565739224,13.335595060388112,24.038771644832288,160.2324603066902,53.58834563435111,94.87352422309677,54.722532722263104,3425.952463981294,523.7415391023638,0.3545813307389419,0.2243045179606759,A,grading/data_processed/onion/A/Onion_Red_2_r2_70__100.jpg,ffe18180808181e7,7
6881.5,408.7178169488907,1.0309278350515465,0.5176614663447087,0.9372148450800136,39.10643424036281,61.89248855884267,86.18636621315193,51.30539692887235,91.000141723356,52.39351445668404,1914.1448854819855,580.6004373633241,0.3799824218652641,0.2581697706797352,A,grading/data_processed/onion/A/Onion_2_r1_204__100.jpg,ffb7a705008081ef,74
6166.5,301.80612993240356,1.162790697674419,0.8507314477612249,0.9782660426747044,27.868308181096108,53.77427571571901,151.69166004765688,52.632311448801055,81.10039714058777,45.49995251593887,4573.996342874526,374.0704721634955,0.4209271854831968,0.2538749297580084,A,grading/data_processed/onion/A/Onion_Red_2_r1_56__100.jpg,ffc3c180808183ff,6
5990.5,510.17366111278534,0.979381443298969,0.2892256925877132,0.8055536878908088,19.665325177076625,18.58902983240302,134.68206696716032,50.60789364584531,80.736799742434,47.47641273507347,3553.0255935658943,576.3443737661767,0.4534944469850945,0.3048417608412689,A,grading/data_processed/onion/A/Onion_White_1_r2_176__100.jpg,ff9f9f13010181c3,23
4551.5,276.4924211502075,1.4285714285714286,0.7481659656792948,0.9504071831280017,31.652816448918397,58.07567056485832,150.3409723709574,54.552509227424224,60.155922038980506,34.44153631290251,11619.090724489795,281.92092352092345,0.495063464869973,0.3201921518449518,A,grading/data_processed/onion/A/Onion_Red_2_r1_36__100.jpg,ffc3c10080c1c3ff,0
5420.5,296.29141068458557,1.0337078651685394,0.775909535860689,0.9521341998946076,150.46311992786295,44.9417270386893,105.4741208295762,44.41342483891878,71.3736699729486,41.257452819240264,6205.504759115238,348.1076676132855,0.4833997422950601,0.3110313095517229,A,grading/data_processed/onion/A/Onion_Red_3_r2_44__100.jpg,ffc38380818183ef,0
5658.5,367.1198374032974,1.0526315789473684,0.5275886931979674,0.839913908267775,35.45273289790306,10.126710980100096,54.32433826057064,30.18942424338085,75.09556548642145,43.625151115265695,2519.701592199446,372.838596491228,0.6041564336701952,0.3749098743239029,A,grading/data_processed/onion/A/Onion_White_2_r0_73__100.jpg,ffdf8f07010181e3,23
4000.5,330.63455617427826,1.492537313432836,0.4598621391783662,0.8385034583944666,29.93555394641564,45.67132680820513,88.47936278059377,50.95441490337918,53.62008206613565,31.589671029543627,10697.489947404763,371.2124227348108,0.5236653657787544,0.3673717729063205,A,grading/data_processed/onion/A/Onion_2_r1_74__100.jpg,ffe1c00000e1f1ff,59
4772.5,289.4629831314087,1.3333333333333333,0.7157638066356823,0.9440213628721196,20.986922762566408,38.451783751780496,157.0228851655088,56.48976790160255,63.41622394769105,35.32886292743535,10703.952895359998,338.56053872053866,0.4615101057282849,0.3322820411193058,A,grading/data_processed/onion/A/Onion_Red_2_r1_137__100.jpg,ffc383008181c3ff,8
6645.5,320.8355669975281,0.84,0.8112832552102954,0.9751999413016362,25.120689655172413,47.97456123474674,92.56631299734748,51.798577592496045,87.24742116121426,50.01064664112979,2175.8401340136056,550.2849397590361,0.3283283305295415,0.1757953124264092,A,grading/data_processed/onion/A/Onion_2_r2_161__100.jpg,fff9c181818183c7,39
6976.5,397.7472540140152,1.020408163265306,0.5541573304951687,0.9400390756585596,80.311695579183,84.36423378823865,123.32680470061555,37.694462373077016,92.74944040290993,53.87048740738216,2382.694244387755,417.0603999175428,0.4065663938686509,0.254556594507887,A,grading/data_processed/onion/A/Onion_Red_1_r_96__100.jpg,ff9f8709008081c3,87
5356.5,294.9777011871338,1.2820512820512822,0.7735931219078328,0.9646137223122636,11.94308646479387,22.561716577041945,157.9277635899307,60.21563372987932,70.23166727471725,40.457394416381135,8078.005324638396,411.341750841751,0.4177292475510769,0.2837074756840803,A,grading/data_processed/onion/A/Onion_Red_2_r2_52__100.jpg,ffc381800081c3f7,0
5037.0,314.7350620031357,1.1511627906976745,0.6389863213806491,0.9012345679012346,142.45834138797602,54.19448312577565,93.68896191764934,44.7316991203209,66.41909916876088,38.37926001960506,9424.832626873484,381.1604176554343,0.5418201964407433,0.378648644233459,A,grading/data_processed/onion/A/Onion_Red_3_r_33__100.jpg,ffe1c18180c1c1f7,5
7234.5,323.1198385953903,1.0416666666666667,0.8707452991909482,0.9877799016930638,24.723955507325012,50.7994995530162,144.7810634834509,54.17711833833828,94.8773738469886,53.936581228537065,2515.2058699544273,365.9994739057239,0.3551974013305494,0.2179119325491381,A,grading/data_processed/onion/A/Onion_Red_2_r1_80__100.jpg,f7c1c1c0808181e7,7
6620.0,351.3624782562256,1.0,0.6738404693385943,0.9260684059592922,79.05745089351647,84.82572563424179,114.93531236154188,43.27613381768542,87.24472012996603,50.39126413007399,4572.71305919,482.56949494949504,0.4355695410645957,0.3098155251541936,A,grading/data_processed/onion/A/Onion_Red_1_40__100.jpg,ffe78306000081e3,12
5615.0,398.8183218240738,0.9895833333333334,0.443618267295489,0.7836706210746686,17.903733148980297,12.81371879865819,147.42084341513998,49.18282843541762,75.20463187003111,44.11067240426168,3142.7517657356107,396.332890070922,0.4903912766436484,0.3493957526593593,A,grading/data_processed/onion/A/Onion_White_1_r_67__100.jpg,ffff9f07010181c3,23
6822.0,316.3919161558151,0.92,0.8563884900347403,0.979187598679489,17.907300948548432,18.67488290910668,144.0204081632653,56.00334022554939,89.47916067835585,51.50314914353691,4206.641164650284,533.1472527472529,0.3727102682387903,0.2277456951921183,A,grading/data_processed/onion/A/Onion_White_1_r2_44__100.jpg,ef8f8b81018181c7,16
5534.0,326.5340507030487,1.098901098901099,0.6522169289023964,0.9009361009361008,146.9381279746166,49.74521597159346,96.79481755684824,42.36868051522831,72.9631588224925,41.85559627543656,6831.7793908465155,422.5089355089355,0.5086988790875977,0.3627579664405082,A,grading/data_processed/onion/A/Onion_Red_3_r2_21__100.jpg,ffc3c1810081c3e7,7
6035.5,364.09039974212646,0.94,0.5721430975345337,0.8961395694135115,63.93975125181716,81.02135786828987,113.0138911322888,45.5436565237111,79.49620416733968,45.65823554136138,5231.759165674513,457.4332258064517,0.444828326583198,0.3277092665681153,A,grading/data_processed/onion/A/Onion_Red_1_93__100.jpg,fbf7c181000181c3,4
4519.5,293.9482641220093,0.69,0.6572921643478657,0.936198860693941,14.951529513140889,25.774968628215856,151.61848341232226,57.41997659918063,59.58961654459285,34.36908805303163,14120.415569229152,372.0233823529412,0.4333960640574052,0.3065172991386951,A,grading/data_processed/onion/A/Onion_Red_2_r0_106__100.jpg,cfe7c181818181e7,79
3600.5,303.6639943122864,1.694915254237288,0.49066612815592,0.8785993167398731,28.60423365487674,47.20721366203643,79.45471596998928,53.74192864695343,48.098338692390136,27.9978032254341,14168.02483823614,280.55401472350627,0.5171976623582524,0.3527312124114235,A,grading/data_processed/onion/A/Onion_2_r1_104__100.jpg,ffe1c10080e0e3ff,51
5613.0,375.1614680290222,1.065217391304348,0.5011508289066078,0.7922371206774876,15.609734973150877,5.862943738741598,143.95288411571107,46.51384797865378,75.39615451238524,44.61491214101882,3047.8410347984336,377.3409905871806,0.4629885608110868,0.3441991389637679,A,grading/data_processed/onion/A/Onion_White_1_r_80__100.jpg,ffff3f00008181c3,43
6942.0,312.73506236076355,0.9387755102040816,0.8919516708332392,0.9893116716545532,149.3233008336866,45.983938265989174,105.3973435071358,39.96419669036064,91.10583580613256,52.43354626489458,2148.485900041944,367.2967032967033,0.4175348669004661,0.2006391414078201,A,grading/data_processed/onion/A/Onion_Red_3_r_76__100.jpg,ffcf9981018181c3,16
6142.0,352.87719643116,0.94,0.6198298501086488,0.9041660532901517,67.05702938840349,82.59359196637293,110.29070691024624,42.211879054795325,81.12295472597299,46.89910897917833,6294.838032412857,354.32655913978493,0.4729841775661927,0.3177892092264171,A,grading/data_processed/onion/A/Onion_Red_1_143__100.jpg,f7e78381000181c7,4
6625.0,332.24978017807007,0.88,0.7541649456193393,0.9659546548079028,25.665632845960715,47.86437633610737,92.23600649830158,52.82579756836301,87.07871806232463,50.21937554957935,2178.8624307722107,514.4173563218392,0.3449913343471565,0.2141735429818771,A,grading/data_processed/onion/A/Onion_2_r2_149__100.jpg,fff98181818181c7,39
4794.5,306.29141104221344,1.1764705882352942,0.6422195912489738,0.9105498053366252,143.321283509342,51.82012045659956,92.713850528026,44.93786172718171,63.380787977254265,37.001435364562504,8191.56621198616,399.64646464646466,0.5807563825064943,0.4070279086345056,A,grading/data_processed/onion/A/Onion_Red_3_r_54__100.jpg,ffc3c1818081c3ef,0
5908.5,358.7766922712326,1.1111111111111112,0.5768178091829821,0.8916471742247039,35.46264225630876,9.68813799915424,49.71647699158832,33.38407392570182,78.21622958931222,45.41359681152892,3218.0403243333335,414.82278338945,0.5878725571340667,0.3130925922098855,A,grading/data_processed/onion/A/Onion_White_2_r0_134__100.jpg,ffcf8f0f000181e7,13
6594.0,349.22034227848053,0.88,0.6794534990297596,0.9609443310988052,27.46590572190928,50.398251870745426,91.66439371479396,52.23376466113216,86.89682774977764,50.045025964564545,2203.0711780862603,529.9198850574712,0.3473995898772812,0.216241877559025,A,grading/data_processed/onion/A/Onion_2_r2_148__100.jpg,fff98181818181c7,39
6922.5,327.8061298131943,1.075268817204301,0.8095406993598101,0.9714426045467304,35.59824462061155,60.703855492577986,81.8513590033975,50.74441308802412,90.79586636466593,52.07641180942453,2014.7744744941613,471.2159226675355,0.3693381247100001,0.2281020000761329,A,grading/data_processed/onion/A/Onion_2_r1_190__100.jpg,ff939300008081ef,1
6666.0,314.5340517759323,1.098901098901099,0.8467200315816393,0.9779929577464788,20.86674510957494,12.638415997106229,121.94234446242096,50.813122686245535,87.57420208854244,51.02573448274699,5832.709796353097,500.7451437451437,0.4005168209465482,0.241119389107474,A,grading/data_processed/onion/A/Onion_White_1_69__100.jpg,ffc39d0c000081e7,2
6379.0,302.24978172779083,1.0449438202247192,0.8774663574526795,0.985706559530248,86.58294930875576,83.59044027998294,118.91321044546852,44.563215534639795,84.01397849462366,48.12695022155261,5512.818554435596,409.6914997557402,0.3075425394495051,0.1981253217933043,A,grading/data_processed/onion/A/Onion_Red_1_r_9__100.jpg,ffc38180008181e7,7
3712.0,306.2497806549072,1.694915254237288,0.4973547372810548,0.896943336957835,32.316514954486344,53.41891708513818,87.68686605981794,55.30316255412448,49.42808842652796,28.91848265156111,11484.431551019825,292.76716315699366,0.504305182656479,0.334438279796542,A,grading/data_processed/onion/A/Onion_2_r1_290__100.jpg,ff8783000085c7ff,53
6642.5,313.80613005161285,1.1235955056179776,0.8476539321093203,0.9795752838814334,20.046628301608383,12.440997033183445,126.14652501106684,50.64956769302789,87.24332300427918,50.66058792599834,5210.780100631233,463.06060606060606,0.3720971470761114,0.2269091478007473,A,grading/data_processed/onion/A/Onion_White_1_85__100.jpg,ffc39f0c000081ef,2
4839.0,296.39191603660583,1.0588235294117647,0.6922018849356698,0.9203119056675542,144.01188318227594,52.32663756414891,93.42960725075528,43.27500446710817,63.745216515609265,36.84941376524661,9544.50138124653,339.7842696629213,0.5238493977914911,0.3353728855452765,A,grading/data_processed/onion/A/Onion_Red_3_r2_114__100.jpg,f7c3c1018181c3e7,8
6759.5,317.119836807251,0.95,0.8446516169334639,0.9735003960538632,22.148534957934437,19.99922358589797,121.84624310995068,47.95668649692652,89.48404409631564,52.995563012312125,5154.351299401662,559.7394680851062,0.4380011599133389,0.2607896651214021,A,grading/data_processed/onion/A/Onion_White_1_r2_160__100.jpg,ffcf9d81010181c3,21
7359.0,330.53405237197876,0.99,0.8464401406376477,0.9839550742077818,16.4676,33.22104779965064,157.54946666666666,55.73714099576925,97.23426666666668,55.65939919841852,2546.693276849301,360.70387755102047,0.3450389624913451,0.2264862868014776,A,grading/data_processed/onion/A/Onion_Red_2_r2_98__100.jpg,f7f1f1a0808181e7,55
5967.5,432.8599525690079,1.1111111111111112,0.4002280073736503,0.8854514429853847,34.7389466840052,10.468439381196273,49.86378413524057,30.318336634213463,79.2626788036411,46.151066312954235,3238.400194950617,533.9586980920313,0.5776361954129179,0.3021685485460858,A,grading/data_processed/onion/A/Onion_White_2_r0_10__100.jpg,ffcf8f02000181e7,13
6214.0,334.19090592861176,0.9897959183673468,0.6991846058199306,0.9299610894941636,79.67589679043424,84.08033965173814,118.30506607929516,42.208190958941394,81.77092511013215,46.97002121407779,4880.657760173527,379.1498724489797,0.4518162851521551,0.3158165243622746,A,grading/data_processed/onion/A/Onion_Red_1_120__100.jpg,f7e78301000181c7,4
6466.5,310.6345579624176,0.9387755102040816,0.8421309088499259,0.9735772357723578,21.36869222609486,15.3233075370139,123.53295953932414,48.894142331277905,85.8516441885134,51.40589272533863,6488.336572690157,617.9129849742095,0.4411852743371925,0.2514999315785295,A,grading/data_processed/onion/A/Onion_White_1_r2_153__100.jpg,ffcf8d81808181c3,58
6810.5,336.49242091178894,0.88,0.7558546477121614,0.9613918690005646,23.506467375682668,36.17268635104568,102.17907444668008,50.19768175908839,89.31431445817763,51.11425803883481,2573.09778913998,608.7650574712644,0.3795376637967118,0.1929579193002704,A,grading/data_processed/onion/A/Onion_2_r2_322__100.jpg,ff81bf818181c1e7,104
6677.5,353.1198364496231,1.0,0.6729449391357804,0.9283331016265814,71.33616398243045,83.66568955498398,114.54099560761348,41.74192134116268,87.92415812591508,50.60393203709397,4292.151968789999,425.5719191919192,0.4246959307463034,0.3038400628580301,A,grading/data_processed/onion/A/Onion_Red_1_45__100.jpg,ffe78504000181e3,12
4311.0,313.07820761203766,0.69,0.5526907666988627,0.8835827013732322,49.37553406791095,63.81849835786379,75.95525073082977,54.36350036561825,57.164605351922646,33.10450335402582,9896.926167842888,433.2889705882353,0.4573108024568636,0.3378659588385141,A,grading/data_processed/onion/A/Onion_2_r0_173__100.jpg,fbc381c181c1c1e3,50
6859.5,318.2914116382599,1.0638297872340423,0.8508489823810113,0.9814006724372272,17.412580414581843,13.02489666857643,139.42258756254466,55.63561480015183,90.13666904932094,52.2925013374213,5467.174540866908,530.2010530840319,0.3903037981653102,0.2431124395679729,A,grading/data_processed/onion/A/Onion_White_1_137__100.jpg,ffc3870f000181e7,14
6302.0,313.22034311294556,1.1494252873563218,0.8072133594955967,0.9696130471574737,26.884244872591673,50.96959933443556,79.13875077688004,51.61500385234954,82.6283405842138,47.310386633898574,2925.833067763245,526.5761058864507,0.4052556315355302,0.2462864356971424,A,grading/data_processed/onion/A/Onion_2_r1_157__100.jpg,ff8381808080c3ff,6
6589.0,343.84775972366333,0.99,0.7003207160619959,0.9330878708489696,143.87126948775057,52.06687976934576,95.90185597624352,42.56704241250107,86.76391982182628,49.86829667227789,4525.880815998367,554.8922448979592,0.4549779783208958,0.304433461372375,A,grading/data_processed/onion/A/Onion_Red_3_r2_11__100.jpg,e7c7c5810081c1e3,45
5817.5,380.5756812095642,0.94,0.5047358925108435,0.8752068602377012,35.07408026755853,10.980677635953471,50.94882943143813,30.1521291665878,77.02675585284281,44.59355600646358,3075.193479221367,550.3860215053762,0.5754804140615302,0.3468214688121884,A,grading/data_processed/onion/A/Onion_White_2_r1_154__100.jpg,ff9f9f01010183c7,16
6042.5,344.29141068458557,0.94,0.6405811382304156,0.9065336433875928,145.46163786141173,47.5798772209552,88.98013245033113,41.11746424551838,79.49781941528025,45.73763026493567,4434.71764617474,369.864623655914,0.50423351826995,0.327164130622972,A,grading/data_processed/onion/A/Onion_Red_3_138__100.jpg,ffe78301008181e7,4
7048.5,323.46298372745514,0.9896907216494846,0.8465593125001573,0.9821640075245592,148.03701127034924,48.433938626556454,110.67260331153471,38.88693932100348,93.18380409071936,54.19139613853861,1514.178757631582,364.65241454150834,0.4243740368325877,0.2133283858140185,A,grading/data_processed/onion/A/Onion_Red_3_r_86__100.jpg,ff9f9f01008181e3,11
6709.0,342.1909065246582,0.95,0.719997067037281,0.954202816100128,141.9451495258935,54.12629876748614,94.52881108679796,41.4995822390023,88.39299781181619,50.95848808096094,3553.741925495845,526.8531914893616,0.413752150338748,0.2636060199823537,A,grading/data_processed/onion/A/Onion_Red_3_r2_2__100.jpg,e7c7c5848080c1e3,45
6740.5,317.1198385953903,1.0869565217391304,0.8422774110117182,0.974765003615329,20.23650909090909,15.906122028809282,120.34007272727273,51.059712508486186,88.97061818181818,52.31486500360232,5141.72435159499,433.6549187527449,0.4206736125768119,0.2405363279453346,A,grading/data_processed/onion/A/Onion_White_1_20__100.jpg,ff8b0f0e000183e7,14
6694.5,321.80613052845,1.098901098901099,0.8123428892695777,0.978585002192662,77.14312893311869,82.24115985352442,120.59300453680667,44.50464820917621,87.9146787648178,50.11550431286986,5166.981163434369,420.96947496947496,0.3387513397862055,0.2345982553571697,A,grading/data_processed/onion/A/Onion_Red_1_r_4__100.jpg,ffc38180008181e7,7
4552.0,289.07820677757263,1.4285714285714286,0.6845125474432134,0.9273708872364266,17.53293413173653,41.93352903314463,165.86911890504706,55.61794529185675,60.66830624465355,33.758832899798314,11801.203119816324,324.0430014430015,0.4621644712043111,0.3190542433409695,A,grading/data_processed/onion/A/Onion_Red_2_r1_294__100.jpg,ff610080c0c1e1ff,71
5034.0,313.7056235074997,1.1494252873563218,0.6428038471297036,0.905558553696708,147.99845171279273,49.20900156115299,100.29204567447262,44.713799259496504,66.54461002515967,38.19360160142041,9183.707796261066,358.88436084987814,0.5506035817567038,0.3935700453346185,A,grading/data_processed/onion/A/Onion_Red_3_r2_34__100.jpg,ffc383808183c3ef,22
5301.5,339.94826555252075,1.152941176470588,0.5764783083400409,0.9005435705792424,120.10115659996328,79.78269695708428,116.75417661097852,43.19608278873428,70.08555167982375,40.27807267040526,9110.098020865007,341.2013341419042,0.4679147666796557,0.3306646948667566,A,grading/data_processed/onion/A/Onion_Red_1_r2_112__100.jpg,ff870301030387cf,46
6607.0,334.53405117988586,0.95,0.7418797401098872,0.9511264665658964,144.52266666666668,51.661986930716616,95.92444444444445,42.23978371624363,87.17688888888888,50.0849601061989,4142.116824144045,525.1139361702127,0.4253034385860067,0.27412927504858,A,grading/data_processed/onion/A/Onion_Red_3_r2_6__100.jpg,f7c7c5808080c1e3,45
3874.5,322.9777019023895,0.58,0.466745832767299,0.8480901827733391,35.12805181863478,52.11109826488866,76.72695565520678,51.91565143409195,51.73168908819133,30.76317930713929,14276.45910199168,462.6880701754385,0.4379086600938277,0.2819629834537959,A,grading/data_processed/onion/A/Onion_2_r0_114__100.jpg,e7c3c3c1818183e3,26
6879.0,313.22034311294556,0.92,0.881120390347542,0.9865901756902116,149.9952944531584,44.9489702974644,102.71424497362042,40.46375846216605,90.2706402395551,51.921584093149086,2375.192112937146,392.39593406593406,0.4441152771639806,0.2235700579791033,A,grading/data_processed/onion/A/Onion_Red_3_r_71__100.jpg,ef8f9901018181c7,11
3934.0,331.56348848342896,0.58,0.4496875034330339,0.849767793498218,41.24178518881805,58.417599146953506,74.19396763119175,50.013709674160275,52.55909759686121,30.937387359083427,12525.555843489894,485.8073684210528,0.4295990588078727,0.2731870202728389,A,grading/data_processed/onion/A/Onion_2_r0_121__100.jpg,e3c3c3c18181c1e3,50
4711.5,304.291410446167,1.1176470588235294,0.6394250895727261,0.8984553775743707,141.6559917355372,55.095934788464874,89.66859504132232,43.869397705586216,62.24669421487603,36.45351802878646,10172.914411663103,350.4917396745933,0.5626979347271648,0.3867705265093444,A,grading/data_processed/onion/A/Onion_Red_3_r2_118__100.jpg,ffc3c3018183c3e7,8
7122.5,319.80612993240356,1.0526315789473684,0.8751223068562123,0.984314538419016,75.31818181818181,82.4078740988921,122.62217630853996,43.45517089320145,93.45537190082644,53.41546002061867,3829.78308968421,465.4740031897926,0.3372580330033384,0.2225319936229659,A,grading/data_processed/onion/A/Onion_Red_1_r2_38__100.jpg,ff870701018181e7,11
6648.0,314.04877054691315,0.93,0.8470453832334077,0.9759248385202584,21.373930993807136,16.200953981433855,121.65806546741376,48.63938471522959,88.20097316425833,52.60995713488285,5520.27987397387,564.1257608695653,0.4325527173196356,0.2555990799089143,A,grading/data_processed/onion/A/Onion_White_1_r2_158__100.jpg,ffcf9d81008181c3,16
6564.0,367.36247849464417,0.98,0.6112077374899626,0.9232067510548524,60.61668897813476,80.69968383960708,116.3128067826863,40.35984054406712,86.68347463929793,49.8089409797279,4580.39011077676,401.3022680412371,0.4168886849001602,0.2991682326329596,A,grading/data_processed/onion/A/Onion_Red_1_55__100.jpg,f7e78185000181e3,4
4012.5,349.806129693985,0.7,0.4120691279981422,0.7807939287799183,38.01536614645858,51.82516322206043,78.16806722689076,54.82002935929033,53.674189675870345,31.93027696604737,13114.372544,420.0621739130435,0.5299633220411567,0.38558440167213,A,grading/data_processed/onion/A/Onion_2_r0_90__100.jpg,cfc3c3c3838383c7,26
6279.0,301.9066355228424,0.978021978021978,0.8656753084114629,0.977504475753094,62.77281947261663,80.18952159453931,117.16586050865968,46.26529205813391,82.46263067561242,47.169747379868646,5835.855565009871,530.4853896103896,0.3250010090459597,0.1935963390613612,A,grading/data_processed/onion/A/Onion_Red_1_r_171__100.jpg,ff8f8101010181e7,18
4567.0,325.2203423976898,0.71,0.5426070975149753,0.8894731716817607,47.3369449755683,59.666147893368965,75.76609305289993,54.477808574083376,60.91268323773104,36.09243000810706,9590.867803927791,518.1715714285715,0.4374868293357924,0.3172267263620253,A,grading/data_processed/onion/A/Onion_2_r0_205__100.jpg,f38383c18181c1f3,50
4673.5,304.00713980197906,0.75,0.6354546239346409,0.910126582278481,42.21847690387016,53.83079986781989,83.42363712026633,52.87081255660812,62.179151061173535,37.01017942924624,9363.295171182222,566.447027027027,0.4817202411537428,0.3415674670555833,A,grading/data_processed/onion/A/Onion_2_r0_2__100.jpg,cfc3c183818183c7,3
6266.0,544.7005712985992,0.9895833333333334,0.2653900235690227,0.8507807196198235,15.363076923076925,8.759444471861269,142.56553846153847,43.98431028064314,84.822,49.7986145219695,2875.6201867882423,631.3272384751774,0.3856055138500636,0.2679926607397261,A,grading/data_processed/onion/A/Onion_White_1_r_94__100.jpg,ffff9f09018181c3,11
3915.0,271.42135417461395,1.5873015873015872,0.6678110556149249,0.9225874867444328,26.459439345075666,55.093810792853965,161.0280327462168,54.78082857564585,52.036219300421735,29.74021611342736,17145.69107208365,257.19913419913416,0.5229745413654138,0.34673014193224,A,grading/data_processed/onion/A/Onion_Red_2_r1_308__100.jpg,ffe10180c0c1e1ff,97
4262.5,339.46298336982727,0.72,0.4648249257844716,0.8171970858895705,39.58085733726469,58.837570493700525,71.2127466545702,53.5194473202896,56.982535722386025,33.403278432459636,10494.134578684416,508.6194366197183,0.4756608208573609,0.3686025148121054,A,grading/data_processed/onion/A/Onion_2_r0_238__100.jpg,f3c3c3c1c1c1e1e3,50
6868.5,326.0071407556534,1.1235955056179776,0.8121150165644538,0.9686905013750792,29.477039361095265,58.327973530695495,154.56132344552196,50.71462026226256,90.17612664004564,51.302845507428735,2948.730839590961,342.3000794461468,0.3434794213984755,0.1978204336057103,A,grading/data_processed/onion/A/Onion_Red_2_r1_232__100.jpg,ffc0f1010181c3ff,25
3987.0,328.73506212234497,0.66,0.4636220093622875,0.8122644392380565,44.29007263922518,62.810299916013776,74.42203389830509,54.57598695653362,53.41162227602906,32.04663007720575,10756.563905968778,516.5090769230769,0.4642195238193941,0.3508264966749671,A,grading/data_processed/onion/A/Onion_2_r0_252__100.jpg,f3c3c3c1c1c1c1e3,50
4098.0,272.59292685985565,1.5384615384615383,0.6930309858455846,0.932529297986119,40.018742586002375,66.2390679345569,149.92953736654803,55.98573804281561,54.28801897983393,30.979273463588218,15966.629947715976,236.3039627039627,0.5155131065875918,0.3385054871673059,A,grading/data_processed/onion/A/Onion_Red_2_r1_22__100.jpg,ffe1c10080c1e3ff,51
4756.5,315.94826579093933,1.1904761904761905,0.5987774181133669,0.8827131854876125,142.3963190184049,53.528124468822305,86.89141104294478,41.77905987968408,62.70940695296524,36.480653099534074,10076.891895904197,331.3605098605099,0.577523167596097,0.405850266285748,A,grading/data_processed/onion/A/Onion_Red_3_r2_124__100.jpg,ffc3c3010183c3e7,7
6602.0,314.39191567897797,1.098901098901099,0.8393491288606976,0.978146529372546,35.80866854683094,10.227386374599607,49.454950274602936,27.071745581840617,86.95992281430904,50.651690620133685,3842.449026095882,437.3163503163503,0.5219368766394001,0.2481214880919912,A,grading/data_processed/onion/A/Onion_White_2_r0_42__100.jpg,ffcf8f06000081e7,2
4327.0,336.1909062862396,0.73,0.4810883446765179,0.8206733048838312,44.75324384787472,63.09656820309338,72.45011185682327,54.400742639818475,57.69038031319911,33.66492172041249,10119.20399345093,493.667638888889,0.4831946197444529,0.3694735264242826,A,grading/data_processed/onion/A/Onion_2_r0_236__100.jpg,f3c3c3c1c1c1e1e3,50
4460.0,289.22034323215485,0.68,0.6700188920596539,0.9370732219770984,13.985814054997816,25.3512301630493,148.12047140986468,56.41994188951072,58.73024879965081,33.917134581610156,13873.95184409602,370.9920895522389,0.4285472213906279,0.305850231323913,A,grading/data_processed/onion/A/Onion_Red_2_r0_104__100.jpg,cfe7c181818181e7,79
4173.0,366.3919153213501,0.72,0.3906308013248044,0.7736373748609566,43.36132902630364,54.90492297886703,75.6243654822335,53.19049289252504,55.75749884633133,32.99319660850563,9891.909715972222,453.119014084507,0.5223115746520746,0.378101457495585,A,grading/data_processed/onion/A/Onion_2_r0_80__100.jpg,cfc3c383838383cf,26
6662.0,320.048770070076,1.1111111111111112,0.8173012577298976,0.9705004006118436,27.630975143403443,52.918574371870854,80.08413001912047,49.4916768161474,87.37784968377703,50.118022648245834,2244.561998765432,496.1650953984287,0.3940151341428876,0.2298207062895011,A,grading/data_processed/onion/A/Onion_2_r1_164__100.jpg,ffcb8180008083ff,0
6137.0,331.01933205127716,0.97,0.7038162200549002,0.92738949754439,67.1918113748606,82.25102825335539,118.07790345706547,43.57170016004225,80.60012744941851,46.136263118696526,4835.523480444255,404.90916666666664,0.4621307520077902,0.3393585017475374,A,grading/data_processed/onion/A/Onion_Red_1_20__100.jpg,ffe7c181000081c3,4
3754.0,264.73506247997284,1.6129032258064515,0.673102499061382,0.9225854018186288,28.056662354463132,56.445640866400055,154.42639068564037,57.59015050757521,49.74359637774903,29.448659049194365,22930.79412060354,283.8566308243728,0.5319540702157787,0.362682851845761,A,grading/data_processed/onion/A/Onion_Red_2_r1_316__100.jpg,ffe10180c0c1e1ff,97
7493.5,326.6345567703247,0.99,0.8826129929144596,0.9858571240626234,15.895467644747184,30.93337678320102,157.96423893109773,53.97970105917658,98.3487031700288,56.457991589085,2784.474438067544,458.43316326530623,0.3419966888183615,0.2129995659081286,A,grading/data_processed/onion/A/Onion_Red_2_r2_74__100.jpg,f7f1c580808181e3,55
6748.0,320.73506104946136,1.1235955056179776,0.8243128374153006,0.9769091567137168,20.796137650646145,10.54083981896517,122.90097284739365,52.193386788315486,88.76448381007695,51.850507200571926,5137.826220161595,529.6988991033936,0.3962268035332348,0.2143478237563065,A,grading/data_processed/onion/A/Onion_White_1_44__100.jpg,ff8f8f0d000081ff,2
4169.5,274.69343161582947,1.5625,0.6943801423452259,0.9328783980310996,62.70179529027745,79.33134763566608,153.78200046630917,59.84370170549137,55.37141524830963,31.49216460784984,12392.24743125,233.59327651515153,0.5127096484024698,0.3174737584414942,A,grading/data_processed/onion/A/Onion_Red_2_r2_200__100.jpg,ffc78300008387ff,0
6324.0,312.39191579818726,1.1363636363636365,0.8143332208601559,0.9723994772045822,12.209972127593682,20.60767474904055,163.06302260761845,56.425321182222866,83.11644471972747,47.412928840564454,4987.308472675621,507.1293617998164,0.3898988480091728,0.2511386612511051,A,grading/data_processed/onion/A/Onion_Red_2_r2_62__100.jpg,ffc381800081c3e7,7
7343.0,331.9066354036331,1.075268817204301,0.8376286484536749,0.9740018570102136,28.418002136752136,56.951346631911726,153.90705128205127,51.77576017119476,96.56209935897436,55.08821490525326,2366.1270945080355,334.55664168567387,0.3178549132402323,0.1806926392859169,A,grading/data_processed/onion/A/Onion_Red_2_r1_236__100.jpg,ffe1f9808081c1e7,15
5415.0,338.04877042770386,0.9895833333333334,0.5954559013031445,0.8452353078904238,33.71084337349398,8.711907203674752,63.46106815320985,37.18882599951627,71.74860636576156,41.618454625991696,2269.494281894429,351.60039893617017,0.6005351299669853,0.3739230690857871,A,grading/data_processed/onion/A/Onion_White_2_r1_132__100.jpg,ffcf8f0f818181c3,67
7042.5,318.9777032136917,0.93,0.8697933170200787,0.9842767295597484,18.40598885793872,9.50869373850526,136.9200557103064,48.54564246956052,92.88119777158776,53.94579408444168,3732.307240097121,290.8184782608696,0.401180900763634,0.2151053452295265,A,grading/data_processed/onion/A/Onion_White_1_r_59__100.jpg,ffdf8f81018181c3,11
6971.0,330.0487697124481,1.0638297872340423,0.8041715606756443,0.969406202197191,32.975959510754954,56.54273074892032,84.82623365668495,51.41251425823657,91.44510052017434,52.614573836283625,2014.023480749208,431.3381689232753,0.3674325548955447,0.2319873461932339,A,grading/data_processed/onion/A/Onion_2_r1_198__100.jpg,ffb3a300008081ef,1
7018.5,339.60511910915375,0.9696969696969696,0.7647257466234118,0.9644771196921808,14.691609660756669,7.515146098168169,148.614965796454,48.663422892163744,92.35976546139884,53.34475320982274,4014.577192101554,439.1362041467306,0.3858172422625143,0.2317592000922751,A,grading/data_processed/onion/A/Onion_White_1_r_125__100.jpg,ffc7838f018181e3,41
5806.5,370.77669274806976,1.098901098901099,0.5307615354217362,0.8819106925880923,35.16540975364505,11.013343679070486,47.51701022289257,29.42922196827804,77.00301659125189,44.477066859267886,3300.6817935515032,407.042846042846,0.5967063387970795,0.3322467979232593,A,grading/data_processed/onion/A/Onion_White_2_r0_122__100.jpg,ffcf8f07000081e7,13
5923.5,405.06096255779266,0.95,0.4536777454041574,0.8202021600664636,17.986714777759556,11.259810104299191,144.37067410201738,48.8161780060716,79.56158766606528,46.82830829990037,3487.312681041551,416.98085106382973,0.5007390549854117,0.3424710734795169,A,grading/data_processed/onion/A/Onion_White_1_r_61__100.jpg,ffff8f83010181c3,4
4386.0,338.1909062862396,0.75,0.4818974633879105,0.82606648460307,46.39823399558499,63.07200339909463,71.6456953642384,53.833846950562666,58.3046357615894,34.020723468333685,9941.687416248888,518.1360810810809,0.4898915138872246,0.3763741562308062,A,grading/data_processed/onion/A/Onion_2_r0_232__100.jpg,f3c3c3c1c1c1e1e3,50
4762.0,283.90663480758667,1.36986301369863,0.7424174500643334,0.9454978655812568,47.59492115502765,70.71082981272833,152.40180217079663,61.0808873807806,62.98914601679296,35.977005947412714,11722.337006924376,330.12674692126745,0.4898644147170345,0.3188220492081858,A,grading/data_processed/onion/A/Onion_Red_2_r2_154__100.jpg,ffc78301008287ff,0
6081.5,319.46298253536224,0.94,0.748823544779579,0.9356873605661974,144.35734963010614,50.91095533349445,96.98359601157928,40.06721260205772,80.05918301704729,45.76736492269154,4645.529637562246,381.95430107526875,0.4815023308844516,0.3241138474401233,A,grading/data_processed/onion/A/Onion_Red_3_38__100.jpg,ffe78101000183e7,1
7143.0,327.7056258916855,0.96,0.8358391701462877,0.9779572836801752,31.495949471371688,56.40461678862793,160.08636550871893,51.49218486097514,95.9725387889606,51.71333401526448,2351.623945301649,473.45905263157897,0.3862557428371801,0.2257222326572849,A,grading/data_processed/onion/A/Onion_Red_2_r2_129__100.jpg,ffd18181808181c7,39
6158.0,326.53405237197876,1.0,0.7257592712550508,0.928038580363198,146.59171033825632,48.529704017551104,97.84976973161822,42.17565354904841,81.0381133873273,46.66255940452235,4541.3964463600005,402.1128282828283,0.5069855713375765,0.3573565141369363,A,grading/data_processed/onion/A/Onion_Red_3_199__100.jpg,ffe78108000181e7,12
5620.5,326.4924212694168,1.1123595505617978,0.6625804338238006,0.9124928971507428,27.854763144195733,51.17736056483818,78.79906298802707,54.258178251356995,73.96789866389034,42.31931421452712,4683.079983245941,448.06718642513175,0.4723654318408424,0.3331886793390146,A,grading/data_processed/onion/A/Onion_2_r2_282__100.jpg,df870303010187ef,90
5440.5,322.7766926288605,1.1363636363636365,0.656212266291618,0.9240764331210192,85.33817464586696,85.77707554266965,113.05809575040344,46.07822316049403,72.47480724403802,42.13962530108687,8879.39602680785,367.80785123966945,0.4823096863973379,0.3511141064419551,A,grading/data_processed/onion/A/Onion_Red_1_r_125__100.jpg,ffc3810181c1c3f7,8
6169.5,322.77669286727905,1.0,0.7441414522388192,0.933358547655068,148.38518870916587,46.17498223668753,98.53996194100856,41.80431515851357,81.02981287662544,46.630479142153554,4078.5779132400007,413.3655555555556,0.502567491746152,0.3560439210934189,A,grading/data_processed/onion/A/Onion_Red_3_195__100.jpg,ffe78108000181e7,12
6684.5,315.1198378801346,1.098901098901099,0.8459161235829606,0.9770518161221954,19.578615429744794,9.49950487454432,124.71061894983866,49.691683689181325,87.8305954825462,51.062827384871134,5244.572916121242,479.8873348873349,0.3814657331986218,0.2390916624761076,A,grading/data_processed/onion/A/Onion_White_1_82__100.jpg,ffc39f0c000081ef,2
3615.0,311.56348979473114,1.639344262295082,0.4679775789270846,0.8483923961511383,30.45025340090691,48.82967488296004,81.90877567351293,50.48266580606903,48.3174179781275,28.44658845861119,13066.813106691749,297.5578738201689,0.5294336746390497,0.3708915658881657,A,grading/data_processed/onion/A/Onion_2_r1_86__100.jpg,ffe1c00000e0f1ff,59
6119.5,334.77669274806976,0.96,0.6861441640238282,0.923210379422192,146.54120089428298,48.51201563692887,92.7666879591185,39.33810426290374,80.49952091983391,46.32622767481211,4420.543262489149,331.7434736842105,0.5039614265224268,0.3336288514596959,A,grading/data_processed/onion/A/Onion_Red_3_122__100.jpg,ffe78301000181c7,4
6093.5,335.94826447963715,0.95,0.6784719162790386,0.9196347721098702,145.4345037678371,49.59454735099691,91.88407888407887,40.24095533130564,80.19159852493186,46.25916362861363,4772.31071834903,338.6812765957447,0.5139651649158035,0.3300911348567247,A,grading/data_processed/onion/A/Onion_Red_3_125__100.jpg,ffe78301000183c7,4
7099.0,321.2203435897827,1.0526315789473684,0.864571580381008,0.9828326180257512,75.02127953571922,82.4776149053426,123.53516650545806,43.36599689101233,93.12574271106811,53.19365780465556,3911.2969429806094,482.8604997341839,0.3388172914963957,0.2239212235203409,A,grading/data_processed/onion/A/Onion_Red_1_r2_37__100.jpg,ff870701018181e7,11
6709.0,318.6761884689331,0.94,0.8301726617618336,0.9742956723787396,20.006284712072492,11.550890978473303,129.17582578193512,50.803309409358896,88.3674364220988,51.326098157427545,5129.291539655952,434.39032258064515,0.4295799663381752,0.2573644963599059,A,grading/data_processed/onion/A/Onion_White_1_r_41__100.jpg,efcf9f81018183c7,21
5745.0,346.67618703842163,0.93,0.6006920365585103,0.8810674028065333,34.66853360488798,9.81234005391834,52.80668703326545,29.33223441284663,75.94263408010862,44.12868958074658,3072.5356912822294,451.3271739130436,0.5852862719780878,0.3499678624186769,A,grading/data_processed/onion/A/Onion_White_2_r1_144__100.jpg,ffcf8f01818181c3,16
6105.0,323.7056231498718,0.98,0.7321415341701164,0.9309240622140896,148.11116450424475,46.98283015083173,99.22184847028672,42.62497288315691,80.27695018420631,46.23093899314223,4493.629789244065,400.2782474226804,0.503728862825739,0.3499994306358577,A,grading/data_processed/onion/A/Onion_Red_3_198__100.jpg,ffe78108000181e7,12
3849.0,331.7644990682602,0.59,0.4394383459865665,0.8224358974358974,34.30955955955956,50.24114540292275,76.61886886886887,51.54044093110963,51.4502002002002,30.49506060300811,13527.489728555012,468.0765517241379,0.4489619524460818,0.2973441947551319,A,grading/data_processed/onion/A/Onion_2_r0_104__100.jpg,e7c3c3c18181c3c7,3
3828.5,272.14927661418915,0.63,0.6495672895565308,0.9186562687462508,22.44762870910474,45.05959346305353,150.28734466142532,56.82197068608145,50.685011412629976,29.346145274963067,16491.74486417234,317.2933870967742,0.4814895994460105,0.3535762181475759,A,grading/data_processed/onion/A/Onion_Red_2_r0_54__100.jpg,efe7c381818181c7,26
6739.5,315.8061294555664,0.93,0.849173498106926,0.9756786102062976,17.096,14.58445817861042,144.90443636363636,55.801680280586936,88.48945454545455,51.152622945924705,4447.322452757545,581.3366304347826,0.3911399980811471,0.2457840281956255,A,grading/data_processed/onion/A/Onion_White_1_r2_48__100.jpg,ff8f8781018181c7,16
5882.5,304.2914103269577,1.1764705882352942,0.7983483163236145,0.9668008875010272,12.066544668108468,21.16327265542943,158.02628514390284,56.43132464706039,77.22675095657961,44.14560898460039,7033.372015764707,477.05668449197856,0.4137826201422563,0.2776097241714434,A,grading/data_processed/onion/A/Onion_Red_2_r2_58__100.jpg,ffc381800081c3ff,0
7130.5,319.46298336982727,1.075268817204301,0.8779883676981641,0.9871936868337255,71.28760148617036,81.37856272396932,124.90064675932295,44.51084270841146,93.59446814366314,53.48812725719311,4235.4549376344075,485.3061800803735,0.3191985896760211,0.204010107398525,A,grading/data_processed/onion/A/Onion_Red_1_r_197__100.jpg,ffcf8500000181c7,106
4367.5,278.3502861261368,1.492537313432836,0.7083688147364963,0.928070548236294,20.3048128342246,44.17642834992862,154.10472370766487,64.85445926671088,57.77517825311943,33.10474704523523,12707.455661817778,287.3242876526459,0.4456736156339832,0.3160454591276256,A,grading/data_processed/onion/A/Onion_Red_2_r2_312__100.jpg,ffe1810000e0e1ff,59
3855.0,307.4213538169861,0.57,0.5125853443806743,0.8566666666666667,45.894710453747805,64.4955078945718,82.64853346703434,53.345864031861005,51.33767861619454,30.22895894855724,11772.760928162514,501.22232142857143,0.4158958218838425,0.2761547531803167,A,grading/data_processed/onion/A/Onion_2_r0_278__100.jpg,e7c3c383818183c7,26
6075.0,336.19090616703033,0.96,0.6754360286532223,0.920733555622916,145.4440334512705,49.65143057678323,92.2177549051142,39.759936501919285,79.86796397555484,45.91097255384741,4073.986324826389,339.58431578947375,0.5068162803981785,0.3375220029762131,A,grading/data_processed/onion/A/Onion_Red_3_123__100.jpg,ffe78301000181c7,4
6834.5,321.46298360824585,0.95,0.8311026544801392,0.9730210706150342,17.50760183591509,15.348105507555951,145.93875502008032,55.56276119395503,89.77581755593803,51.67680383244847,4248.75638466482,598.505744680851,0.3984646112575314,0.2505494640824731,A,grading/data_processed/onion/A/Onion_White_1_r2_51__100.jpg,ff8f8781018181c7,16
4337.5,272.9777010679245,1.492537313432836,0.7314674549637784,0.9489170859768103,15.222596585804132,30.85197248759702,151.19362084456424,64.98382392338371,57.23158131176999,32.850912373491035,12380.012347872578,300.23850444745966,0.4446262494867832,0.3215777474899793,A,grading/data_processed/onion/A/Onion_Red_2_r2_29__100.jpg,ffe3c10000c0e1ff,59
4360.5,282.4924204349518,1.4705882352941178,0.6866454638860003,0.9222715736040608,17.198393215800046,42.40330014892156,163.79959830395,55.73370556506733,57.78888640928364,32.49175916169855,12659.83306122405,296.0490196078431,0.4875491782779316,0.3284838895985586,A,grading/data_processed/onion/A/Onion_Red_2_r1_298__100.jpg,ff610180c0c1e1ff,71
6053.5,298.6345579624176,1.1764705882352942,0.8529749658383805,0.9811978280249616,57.41699029126214,77.75674500760958,160.64466019417475,50.766550657507054,79.45404530744337,44.743168466394856,4838.863016346021,300.5516339869281,0.4324617992788824,0.2599353461810351,A,grading/data_processed/onion/A/Onion_Red_2_r2_229__100.jpg,ffc38100010383ff,8
6901.5,326.977702498436,1.075268817204301,0.8111797124579111,0.973413258110014,31.041317620332244,55.148694713012894,82.85929291495101,51.95241813159529,90.46059917648728,51.88923180890724,2128.306596415771,458.3869881611817,0.3724473687611122,0.2299353878218575,A,grading/data_processed/onion/A/Onion_2_r1_193__100.jpg,ff938300008081ef,1
4424.5,288.1492751836777,0.68,0.6696363191186919,0.9377914370495972,33.49505168242798,59.03244614962507,150.96459203870683,55.32196046132918,58.64987904112602,32.95599096582525,13130.566307179932,355.23671641791043,0.4709501662368179,0.3104090819762085,A,grading/data_processed/onion/A/Onion_Red_2_r0_230__100.jpg,f3e7c3818181c1e7,26
6400.0,309.56348836421967,1.0217391304347827,0.8392481143727867,0.9737542791936096,78.37318230521966,82.90040773829014,115.4899739782642,42.72342178373594,83.87769784172662,47.956826725072546,4373.870290348022,447.9872604020571,0.3610048156016819,0.2273748671728203,A,grading/data_processed/onion/A/Onion_Red_1_r2_24__100.jpg,ff838101018181e7,8
6745.5,330.8355666399002,0.87,0.7744611304738318,0.9639871382636656,25.17022202873313,39.48690899084773,101.9973878972573,49.83216637123713,88.45798868088812,50.666136683509215,2468.7192558462148,544.6408139534884,0.3748554585832983,0.1932957938664128,A,grading/data_processed/onion/A/Onion_2_r2_320__100.jpg,ff819f818181c1e7,37
5028.0,310.53405129909515,1.130952380952381,0.6552192896092165,0.9200365965233304,77.94940880015507,84.92347192430786,111.19906958712927,45.74603650258334,66.90366350067842,39.048225710543235,10604.58229496046,356.4775835866263,0.4742972682014466,0.3377702668160539,A,grading/data_processed/onion/A/Onion_Red_1_r_129__100.jpg,ffc3830181c1c3e7,8
5709.0,385.7056249380112,1.0526315789473684,0.4822341499031289,0.8306416412047141,36.014971078598165,11.41841396008714,52.82936372915958,31.368811844781607,75.8724055801293,44.04030969329219,2556.9249136731305,372.97862838915466,0.597753814427761,0.3684157362721152,A,grading/data_processed/onion/A/Onion_White_2_r0_82__100.jpg,ffdf8f0f000081e3,82
5050.0,325.9066345691681,1.0777777777777775,0.597468260313526,0.8713657147787076,33.41217257318952,15.13403107280336,63.95974576271186,45.59098445326285,67.13983050847457,39.319687733026775,1750.380999030348,275.5620370370371,0.6008596603318543,0.3942315673553008,A,grading/data_processed/onion/A/Onion_White_2_r1_205__100.jpg,ff9f1f07010181c7,23
6137.5,357.4629831314087,0.94,0.603586084157077,0.8989381179055291,63.134117273160655,81.58765334276346,111.25997139679008,42.717142699831534,81.08183696170347,46.73779240094024,6152.888765550023,377.22483870967744,0.4749960045721811,0.3172585883926409,A,grading/data_processed/onion/A/Onion_Red_1_145__100.jpg,f7e78381000181c7,4
7185.5,321.46298336982727,1.0416666666666667,0.8737856657583362,0.9835740195742934,78.09845691656425,82.89614338158964,119.9883927352178,45.45932302203913,94.22012836269288,53.8706366592289,3841.233285416667,470.80260942760947,0.3295787369675049,0.2234487323154241,A,grading/data_processed/onion/A/Onion_Red_1_r2_45__100.jpg,ff870700018181c7,108
5998.5,342.634556889534,1.162790697674419,0.6420815677209214,0.9194512568976088,26.08557019684399,43.120223408996864,104.25052871319345,52.40527051461268,79.00455506751261,44.99854827016548,3916.4063095727415,480.95372327930465,0.4428296866088235,0.2716862235138015,A,grading/data_processed/onion/A/Onion_2_r1_42__100.jpg,ffc1c0800080e1ff,54
4506.0,274.7350642681122,0.7,0.750192759124609,0.9518377693282636,23.87689311986153,46.80353570623868,151.81826049329294,51.489386593816725,59.66983989614885,33.62141973392269,12245.99798920408,352.34724637681154,0.4784895208452535,0.3204895436266822,A,grading/data_processed/onion/A/Onion_Red_2_r0_206__100.jpg,f7e3c1818181c1e7,7
6761.0,316.39191567897797,0.91,0.8487309584546074,0.9749098774333091,20.42917210381325,39.25001863280427,90.90880092793968,49.68712554082522,88.56778309409889,50.84749429425763,2245.2190775993236,541.2051111111113,0.3770825737310773,0.2272005830500256,A,grading/data_processed/onion/A/Onion_2_r2_300__100.jpg,df818781818183e7,28
5798.0,368.5340509414673,1.1235955056179776,0.5364544264084725,0.8816239641146506,34.631587781134606,10.98948454618016,52.379321920107415,32.32341895022638,76.7428667338033,44.54755968802871,3213.173576619114,426.0301895358074,0.601468089662947,0.3187970479173769,A,grading/data_processed/onion/A/Onion_White_2_r0_180__100.jpg,ffdf8f00000181e7,13
6221.5,307.8061306476593,1.1235955056179776,0.8251833156889486,0.9675738724727838,97.65465134582088,85.55614148424404,120.16307256414292,44.72951933940558,81.72107665669762,46.9254992387192,4748.04450897614,374.07433889456365,0.4134501963104279,0.2745595937144918,A,grading/data_processed/onion/A/Onion_Red_1_r2_134__100.jpg,ffc38101018183ef,8
5127.0,299.2203439474106,1.0470588235294118,0.7195996539644957,0.949620300055566,56.26456033498287,77.58666981211407,116.56090597639891,48.65387414166204,67.61267605633803,38.88901760263396,10553.775117590709,388.2390374331551,0.4218479531670395,0.2897707766589295,A,grading/data_processed/onion/A/Onion_Red_1_r_161__100.jpg,ffc381018181c3e7,8
6321.5,329.11983811855316,1.0,0.7333678799689483,0.9363797955858392,147.66774992262458,46.073313093039566,93.14345403899722,42.57220279666492,83.18492726709997,48.16271555781914,4316.16012864,346.0127272727273,0.5028024804107935,0.3407225153494776,A,grading/data_processed/onion/A/Onion_Red_3_102__100.jpg,ffe78701000183e7,12
6898.5,328.97770297527313,1.0,0.8009983193571347,0.970526167698368,83.53969606589973,85.49608541537756,117.84292003976708,38.052580754564566,90.72546513279364,52.437092553713065,3044.0709394924843,371.12239641657334,0.4158703318092112,0.2046915925582048,A,grading/data_processed/onion/A/Onion_Red_1_r_73__100.jpg,ff9f8d01010181c7,16
6812.0,318.73506128787994,0.91,0.8426065390530203,0.980567151288326,17.435107913669064,16.59427063157981,144.49539568345324,55.84612383277456,89.48345323741007,51.585695408794834,3644.3090396811976,556.5101111111111,0.3674355172447412,0.221067374233778,A,grading/data_processed/onion/A/Onion_White_1_r2_42__100.jpg,ef8f8b89018181c7,3
5505.5,367.0609632730484,0.9587628865979382,0.5134879198986804,0.8845597686375322,34.88321554770318,11.690908894991528,54.442049469964665,36.36598416487922,73.00123674911661,42.25171289174815,2928.06306279571,427.5475123263111,0.5655672123247371,0.3555559267586656,A,grading/data_processed/onion/A/Onion_White_2_r1_169__100.jpg,ff9f9f01000183c7,16
7371.0,321.70562398433685,1.020408163265306,0.8949916197304407,0.9889313745220366,26.240543420351624,50.74938630420614,146.61081513052744,54.87915818813055,96.99587107085776,55.21882761114615,2937.678649521033,376.35765821480106,0.3545760470707018,0.2202818167073537,A,grading/data_processed/onion/A/Onion_Red_2_r1_88__100.jpg,f7e1e0e0808181e7,7
6101.5,335.46298480033875,0.94,0.6813296140439965,0.9217463554649142,144.0878962536023,51.22690469355252,95.31043868075568,39.75226087331629,80.18379763048351,45.923698360833555,4829.5889315980085,394.4522580645161,0.4739274276590211,0.3212114580556211,A,grading/data_processed/onion/A/Onion_Red_3_40__100.jpg,ffe78101000183e7,1
6855.0,324.39191567897797,1.098901098901099,0.8186104386174465,0.9765652824275232,30.455754110078622,55.91426738752389,80.95625446747677,50.82462891212614,89.91379556826304,51.628572607306,2119.4672490158196,461.98390498390495,0.3642021277933905,0.2187162197152321,A,grading/data_processed/onion/A/Onion_2_r1_186__100.jpg,ff9b9100008081ef,65
6631.5,414.03152537345886,0.94,0.4861326794100538,0.9390399320305862,21.5968855589834,17.684650314927133,124.5547230791832,47.13285170302786,88.85603055677979,52.94311056004199,4543.898834721594,605.857634408602,0.4315343307075776,0.2573476602669699,A,grading/data_processed/onion/A/Onion_White_1_r2_163__100.jpg,efdf9b81010181c3,21
6158.5,330.29141080379486,0.94,0.7093984736071942,0.930638458632414,145.95888888888888,49.22448795709768,98.44825396825397,41.12764514732239,81.01492063492063,46.27833082943662,4488.73118044364,404.8838709677419,0.4816686746287386,0.3169491592806901,A,grading/data_processed/onion/A/Onion_Red_3_55__100.jpg,ffe78101010183c7,8
3871.5,328.00714004039764,0.57,0.4521916437866822,0.8374432186891628,34.62151394422311,52.58969927106634,77.09287848605578,53.04286856363736,51.75946215139442,30.43630129243868,12708.791921945214,447.80250000000007,0.4369772558051147,0.2741345088712503,A,grading/data_processed/onion/A/Onion_2_r0_109__100.jpg,e7c3c3c1818183c3,3
6600.0,326.3919153213501,1.101123595505618,0.778529393287634,0.9616785662246832,15.234831627354993,10.463287387818404,147.7504821243139,51.631432508356845,87.04821243139,50.43986511406542,4994.530504033453,563.5739603845709,0.3740866322507204,0.2118556826907106,A,grading/data_processed/onion/A/Onion_White_1_186__100.jpg,ffc38303010101ef,8
6404.5,309.4629839658737,1.098901098901099,0.8403838083673152,0.974290712710124,27.016982864137088,46.101431320992496,164.57083843329252,53.532716294454026,85.05615055079559,46.644457167463685,4535.59921191885,446.25108225108227,0.3960907202586651,0.2667018310167034,A,grading/data_processed/onion/A/Onion_Red_2_r1_124__100.jpg,ffc381008181c3e7,8
5809.5,346.97770261764526,1.1235955056179776,0.6063808615016552,0.8871497289455601,34.393222613655425,12.38134955656028,52.19661130682771,31.95767513065478,76.93491024995807,45.00478966695802,3190.074547292009,379.051186017478,0.596111209398433,0.3185670806219639,A,grading/data_processed/onion/A/Onion_White_2_r0_200__100.jpg,ffdf8f01000081e7,13
7238.0,328.87719774246216,1.0,0.8409320719872206,0.9792991476119604,86.03401544924786,84.07060873636485,115.14690337444098,39.433903722628706,95.18010570538011,55.03438494393917,3204.401975,380.7717171717172,0.3916455276811785,0.2462061071526565,A,grading/data_processed/onion/A/Onion_Red_1_r_108__100.jpg,ffc78f03008181e7,2
6067.0,314.24978041648865,1.162790697674419,0.7720294959329431,0.9591336653228992,28.254835589941973,50.15494384560151,92.9308510638298,51.95279334314116,79.74484203739523,45.59034837989918,3530.897241265549,490.3706835799859,0.414955369603567,0.2669316860767931,A,grading/data_processed/onion/A/Onion_2_r2_186__100.jpg,ffe38100010183ff,0
6692.5,314.9777030944824,0.91,0.8476930461292382,0.9780781877968578,15.665641476274166,11.519320132063768,143.24502050380784,51.59409516818708,88.01186291739894,50.97617963637337,5868.541991353701,615.6402222222223,0.3852617672017258,0.2343024846666967,A,grading/data_processed/onion/A/Onion_White_1_r_142__100.jpg,ef8b8d01018181c3,3
6742.0,323.50461304187775,0.96,0.8095387770880133,0.973784935365061,19.96030245746692,10.21329998902536,128.72473462265523,50.23094247750484,88.83961029518686,51.7278311629023,5305.369550509983,410.8344210526317,0.4336911628167174,0.2687251528164655,A,grading/data_processed/onion/A/Onion_White_1_r_36__100.jpg,ffcf8d01818181c3,16
4518.5,277.3208475112915,0.7,0.7383106160439971,0.9506627393225332,14.841889559965487,27.41731276132858,151.3386540120794,49.723229479497576,59.681622088006904,33.6586172942772,11847.554171102043,335.0,0.4655722658732828,0.3185585874199401,A,grading/data_processed/onion/A/Onion_Red_2_r0_198__100.jpg,f7e3c1818181c1e7,7
5551.5,342.7766925096512,0.9278350515463918,0.5937418213263689,0.8924523752109959,35.2062127062127,11.59206816052948,50.98209898209898,30.688742355345564,73.45033345033345,42.6387324277799,2455.925780858621,424.586354685509,0.5640945811025405,0.3327479449891347,A,grading/data_processed/onion/A/Onion_White_2_r1_29__100.jpg,ff9f8f85018181c7,16
6918.0,314.39191603660583,0.9393939393939394,0.8795239715613437,0.9868055060266744,148.49482489720685,47.095477353065256,107.52970367219623,41.96319950877221,90.86303700552956,52.258873791348954,2484.879177632812,402.2348484848485,0.3903373666980775,0.2202998563277341,A,grading/data_processed/onion/A/Onion_Red_3_r2_54__100.jpg,ff8f9b18018183c7,89
5932.0,362.87719893455505,1.1111111111111112,0.56609803223896,0.8843831531867312,34.88899835796388,12.001990549806008,51.919868637110014,32.1844460998553,78.52019704433498,45.69560530436109,2865.6268295802465,394.23322109988794,0.5993641481439436,0.3123661549965918,A,grading/data_processed/onion/A/Onion_White_2_r0_0__100.jpg,ffdf8f01000181e7,2
3840.0,273.906635761261,0.63,0.643185108690096,0.9154845631183692,21.707027300303334,43.11899331606381,151.72750252780585,57.68451348487809,50.92972699696664,29.755655010135335,16289.92845462333,333.26935483870966,0.4779034130125031,0.3513313462820147,A,grading/data_processed/onion/A/Onion_Red_2_r0_53__100.jpg,efe7c381808183c7,26
4960.5,292.00714004039764,1.3333333333333333,0.7310521798868779,0.9441377997716026,29.972085708669155,41.31374163544488,93.61116571653234,55.2134640651411,65.39984273638687,38.034863214054745,6252.701351182222,348.3948821548821,0.5106550397035128,0.3116505300767138,A,grading/data_processed/onion/A/Onion_2_r2_25__100.jpg,ffe1c18000c0e1ff,59
6444.5,325.94826459884644,1.1363636363636365,0.7622575695468496,0.9673521465025516,17.241835029621754,16.186221660068412,136.70408628284977,57.27932783780862,84.83989062737353,49.45347865339966,4996.4182607308885,465.7933884297521,0.4071862902741082,0.2388970116692115,A,grading/data_processed/onion/A/Onion_White_1_198__100.jpg,ffc38307010183ef,0
3873.5,316.35028517246246,0.6,0.4863814059129759,0.8299764302549818,47.79342138051333,65.53806081188625,79.37901819087963,54.21897832951877,51.73411412908049,30.434077404689617,10587.266639972222,509.14847457627127,0.4372944486248163,0.3076273521033806,A,grading/data_processed/onion/A/Onion_2_r0_265__100.jpg,e3c3c3c18181c1e3,50
4199.5,316.1492749452591,0.64,0.5279868052250406,0.8878435517970402,42.30281365313653,58.23580510110054,87.27928966789668,54.87859542015243,55.93726937269373,33.03689001357072,12880.641928100586,578.4234920634922,0.4501564313554602,0.2983442170662788,A,grading/data_processed/onion/A/Onion_2_r0_312__100.jpg,e7e3c181818183c7,26
5889.0,343.36247873306274,1.1111111111111112,0.6276907770454608,0.8958016428354122,35.83151093439364,10.366539933949364,50.07173624917163,32.74966280565418,77.89827700463883,45.24209149259564,3252.253917024691,407.0324354657688,0.5831689004920017,0.3167879015241987,A,grading/data_processed/onion/A/Onion_White_2_r0_154__100.jpg,ffdf8f04000181e7,13
4306.0,285.9066344499588,1.3888888888888888,0.6619656026045004,0.92264838225841,33.03523035230352,46.45374992050532,86.29110207768744,52.30937295519898,56.84936766034327,32.68801680569776,9259.029555478395,311.6244388327722,0.5244261288796972,0.3719894073564045,A,grading/data_processed/onion/A/Onion_2_r2_82__100.jpg,ffe1c10080c0e1ff,51
6860.5,322.4924212694168,1.098901098901099,0.828946699614571,0.9751261459739892,34.067276103413796,58.544346893617785,80.01999714326524,49.716782797171966,89.95243536637624,51.60204645689732,1975.823343364328,478.1100011100011,0.3659575954617471,0.2177338125073338,A,grading/data_processed/onion/A/Onion_2_r1_177__100.jpg,ff9b8180008081ef,1
4386.5,279.52185797691345,1.492537313432836,0.7054990754049099,0.931909921393669,20.062555456965395,43.420465386845265,153.57852706299911,64.454655861693,57.98225377107365,33.307754613145214,13000.678192804631,281.7179255238957,0.4367318306514707,0.3148309676881473,A,grading/data_processed/onion/A/Onion_Red_2_r2_314__100.jpg,ffe1810000e0e1ff,59
4526.0,276.24978053569794,0.7,0.7452818249451227,0.951040134482034,16.934323858742463,33.06660391907427,155.06653746770027,53.00479891475505,59.96339362618432,33.640336164366765,11077.856038775508,332.3134782608695,0.4733477802324948,0.3182326054607287,A,grading/data_processed/onion/A/Onion_Red_2_r0_200__100.jpg,f7e3c1818181c1e7,7
6929.5,315.4629852771759,0.94,0.8750138868602314,0.9832564739269244,18.655577576443942,8.291451172661217,134.58805209513025,48.33009730715123,91.05719139297848,52.76275574611066,3843.150097600724,318.7612903225807,0.4297201435883471,0.2369234853043769,A,grading/data_processed/onion/A/Onion_White_1_r_53__100.jpg,ffdf8f81010183c7,11
4678.5,305.66399466991425,0.76,0.6292568164677627,0.9076535066446794,41.42527541051757,52.3658283670526,81.8116815630846,52.45948319962201,62.32280191228435,37.654247830462154,8625.105301315789,579.1162666666667,0.492878563417471,0.3495361752061978,A,grading/data_processed/onion/A/Onion_2_r0_4__100.jpg,cfc3c183818183c7,3
7082.0,332.87719798088074,0.97,0.8031519021436107,0.9672220704725484,16.717785467128028,15.535389066095076,140.75418685121107,54.85162803770958,93.12,53.57996185891468,3848.4220427675623,478.0498958333333,0.3883777002902538,0.2402452699087781,A,grading/data_processed/onion/A/Onion_White_1_r2_64__100.jpg,ff8f8f00010181c3,3
5902.0,340.53405141830444,1.065217391304348,0.6395698442008105,0.9226920972406784,93.05257936507935,85.11602266774034,116.99619708994707,44.56442803537266,77.98313492063492,44.71755178664551,7344.392146080732,476.42279246974454,0.4450732767609117,0.3128739692563538,A,grading/data_processed/onion/A/Onion_Red_1_r2_83__100.jpg,ffc381010081c3e7,8
4102.0,283.4213536977768,1.492537313432836,0.6417123300405828,0.9220049449314452,32.03622159090909,43.86275906816751,89.61931818181819,56.55465868055867,54.33948863636363,31.63839387773586,9703.046355513476,290.22448364239403,0.5248797347265585,0.3581987710741263,A,grading/data_processed/onion/A/Onion_2_r2_61__100.jpg,ffe1c10000c0e1ff,59
6836.0,325.56348967552185,1.0869565217391304,0.8104766889136849,0.972611510279576,31.173570302422245,55.81258284608123,79.3111652572739,49.84000122079981,89.62964024652429,51.53987532777689,2153.9116860940453,487.3625384277558,0.372947610583759,0.2284982097961518,A,grading/data_processed/onion/A/Onion_2_r1_181__100.jpg,ff9b9100008081ef,65
4337.0,290.39191603660583,0.67,0.6462941749699902,0.930986369002898,38.771300448430495,65.61611883352478,148.32040358744393,53.18278225223132,57.56547085201794,32.37561877626444,13515.625508999778,357.00348484848496,0.4786489898686525,0.3133434073171014,A,grading/data_processed/onion/A/Onion_Red_2_r0_240__100.jpg,f3e7c3818181c1e7,26
6689.0,311.7056237459183,1.098901098901099,0.8651308208720684,0.98548802946593,24.010848849142356,47.88204976921862,152.50329863656356,53.25180241648303,87.72804574109368,49.709598724724295,3998.2335425552474,414.32312132312126,0.3927376996751852,0.2363520935089604,A,grading/data_processed/onion/A/Onion_Red_2_r1_61__100.jpg,ffc3c180008183e7,7
4237.0,315.9066355228424,1.5151515151515151,0.5335201562171655,0.8971942826892536,36.10631001371742,58.02331013429015,77.2549154092364,52.19410583910352,56.29652491998171,33.28749388301962,9506.46381815886,354.3478726660545,0.4890503714452721,0.3228594217862429,A,grading/data_processed/onion/A/Onion_2_r1_132__100.jpg,ffc3810080c1e3f7,51
6245.5,344.2914102077484,0.96,0.6621016979561418,0.9253963550155578,78.9416640600563,84.39133418226801,114.69909289959335,42.95694219221494,82.30841413825462,47.31216223705839,5231.108306206596,354.4357894736843,0.4524329352189431,0.3195859509668748,A,grading/data_processed/onion/A/Onion_Red_1_127__100.jpg,f7e78301000181c7,4
5800.5,337.46298348903656,0.95,0.6400634257475991,0.8820041055272562,35.85536495122771,12.164858805213024,47.63740329633367,25.16186496709016,76.82088799192735,44.82131479506367,3096.4388085872574,444.0313829787233,0.5783068252045636,0.3582028873566463,A,grading/data_processed/onion/A/Onion_White_2_r1_38__100.jpg,ffcf8f810181c1e3,16
5827.0,313.2203435897827,1.0,0.7463713474229622,0.9576006573541496,91.00889112565004,85.26011251205405,113.57037409830563,44.774666924492614,77.08303975842979,44.440249003291115,8644.94376495961,373.42247191011234,0.3955799606579479,0.2457463712928789,A,grading/data_processed/onion/A/Onion_Red_1_r_117__100.jpg,ffc381818181c1f7,7
5467.0,322.0487698316574,1.1904761904761905,0.6623928695773089,0.9371732236221822,119.96378233719894,80.3446430557963,116.17805530776091,45.470689897457305,72.49759143621766,42.0169950269464,8847.410771201814,333.95021645021643,0.4523735512855806,0.3189626336058078,A,grading/data_processed/onion/A/Onion_Red_1_r2_120__100.jpg,ff870301018383ef,8
7226.0,324.73506212234497,1.0103092783505154,0.8610918050696446,0.9844686648501364,148.5519207275689,47.65384364006812,112.48242160988192,38.21301819470854,95.14198452558708,55.045358696936674,1763.474386834603,393.0002125624402,0.4214254446711352,0.210317255735918,A,grading/data_processed/onion/A/Onion_Red_3_r_96__100.jpg,ff8f8f01008181e3,13
5588.0,374.190905213356,1.0543478260869563,0.501510241268912,0.7854933933089683,17.031652173913045,12.838381580952785,145.9968695652174,47.27227322952977,74.79304347826087,43.80937704218358,2874.205622768772,357.6955389492754,0.464636807371112,0.3403216197794893,A,grading/data_processed/onion/A/Onion_White_1_r_78__100.jpg,ffff9f08008181c3,43
5571.0,387.98989486694336,1.021505376344086,0.4650527247500025,0.7863091037402964,17.387833362384523,12.281260751895127,146.05821858113998,49.35066344431376,74.72616350008715,43.88178536057631,3187.1035505553778,392.54770075497606,0.4741854693556858,0.334938118269359,A,grading/data_processed/onion/A/Onion_White_1_r_69__100.jpg,ffff9f05010181c3,16
4469.0,322.87719678878784,0.72,0.5386981332672368,0.8847752920213819,50.896461905795526,62.21085163605022,76.68222270457998,52.87935651622168,59.67375732580855,35.692232467154575,9907.028702758487,510.9802816901408,0.4533793252684091,0.3410352309720127,A,grading/data_processed/onion/A/Onion_2_r0_197__100.jpg,f3c383c181c1c1f3,50
6758.5,318.97770261764526,0.91,0.8347175229037272,0.9756748953370868,16.153277262180975,15.052253272739524,143.14472157772622,51.4919879333298,88.92691415313224,51.40917244157109,5386.136610687115,627.5432222222223,0.3785286403372987,0.2272022811135704,A,grading/data_processed/onion/A/Onion_White_1_r_140__100.jpg,ef8b8d01018181c3,3
4401.0,332.3919161558151,1.4705882352941178,0.5005648228969608,0.8737343656938654,39.88426842684268,60.92981972594077,84.91045104510451,54.644337695233965,58.502530253025306,33.86834089603399,7359.009415030277,374.9832144979203,0.4828886393840589,0.3163289996103599,A,grading/data_processed/onion/A/Onion_2_r1_309__100.jpg,ff8701010003c7ff,85
6382.0,321.70562517642975,1.1111111111111112,0.7749065899862707,0.958186322348172,28.42951372909955,51.2220252206354,91.5778493633993,51.161298699820414,83.71084522165977,47.75580548044269,3498.508295987654,571.1344556677889,0.4054716981414307,0.2631444593629448,A,grading/data_processed/onion/A/Onion_2_r2_182__100.jpg,ffe38100010183ef,0
6552.5,331.8061292171478,1.1363636363636365,0.7479078391765259,0.9533682525825696,31.536439665471924,55.2359216031807,91.15173237753883,54.07671582787578,86.14725209080048,49.1478622831244,2770.8107584710747,502.8712121212121,0.3889422427384353,0.2256394737746331,A,grading/data_processed/onion/A/Onion_2_r1_333__100.jpg,ffe180000001c1ff,54
4380.5,310.6345565319061,0.71,0.5704715812562137,0.8951670583426995,51.67671172169289,63.924786367078845,76.35275869709727,54.65575123401578,58.14380678041214,34.07511049425944,9282.15084822456,474.2395714285715,0.4620752221593295,0.3466203592828727,A,grading/data_processed/onion/A/Onion_2_r0_181__100.jpg,fbc383c181c1e1f3,50
5199.5,288.97770297527313,1.2987012987012987,0.7824251058415103,0.9636734315633398,28.000751597143932,53.78702066548596,151.3752348741075,55.134405239416616,68.3989101841413,38.5746422893173,8733.789220627425,338.99737636101275,0.4614156185854636,0.2946284524700833,A,grading/data_processed/onion/A/Onion_Red_2_r1_46__100.jpg,ffc381008081c3f7,0
4112.0,285.5634881258011,1.4705882352941178,0.6336619269045854,0.9140824719350896,31.604063312071816,52.9294722831313,79.42050555161823,52.14511521154037,54.62201748169147,32.43577028444612,9903.48999824827,387.263963161022,0.5056672193440321,0.3659564289824268,A,grading/data_processed/onion/A/Onion_2_r2_248__100.jpg,ff878301000387ff,0
6314.5,322.7766921520233,1.0,0.7616308000627211,0.943377903936655,144.7349248178577,50.31330567108588,99.30615408463804,42.78179730198316,83.33901720663464,48.44924178467627,4930.72580604,365.0379797979799,0.4874665055565583,0.3406994791429191,A,grading/data_processed/onion/A/Onion_Red_3_72__100.jpg,ffe78100000183c7,12
4789.0,322.6761863231659,1.162790697674419,0.5779907261452111,0.8819521178637201,143.10519902518277,52.92671447750016,86.32696994313567,40.927025809243474,63.21506904955321,36.50337787992079,11683.060013939968,321.07669720460416,0.5663780515067676,0.4148125809968288,A,grading/data_processed/onion/A/Onion_Red_3_r2_130__100.jpg,ffc783810183c3ef,8
4979.0,306.24978029727936,1.1625,0.6671145589186193,0.9266703889819468,131.80066510172145,62.07485428713417,91.02621283255084,47.92716355218798,65.72026604068857,37.93931501380047,8471.699418556336,367.30679347826094,0.4407099017753597,0.2984352653965767,A,grading/data_processed/onion/A/Onion_Red_3_r_14__100.jpg,ffe1c0c080c1c1f7,7
6815.0,359.84775948524475,1.0309278350515465,0.6613602948089012,0.9312017489922798,24.678720045917636,37.522797689103506,102.34854355000718,49.531448427959944,90.38169034294734,52.69565514468455,2219.922572122436,391.8142247214413,0.4640794257558251,0.2698894056319244,A,grading/data_processed/onion/A/Onion_2_r2_337__100.jpg,fff9be84000081f3,48
6441.0,330.7350617647171,1.1494252873563218,0.7399505339964296,0.949439858490566,35.448443432042524,59.350205444795435,89.68033409263478,53.57511931633312,84.76188306757783,48.54890626540626,2784.5293192099352,500.5215372111925,0.3997359218638111,0.2291807457122741,A,grading/data_processed/onion/A/Onion_2_r1_332__100.jpg,ffe181000001c1ff,54
5735.5,362.7766909599304,1.1235955056179776,0.5476491247510947,0.8805557687879021,34.49915139171758,13.285336616041016,52.456551255940255,31.155169426536197,75.85081466395113,44.11291263083367,3114.2682047595,417.90080581091814,0.5967399696659371,0.3252234228181469,A,grading/data_processed/onion/A/Onion_White_2_r0_194__100.jpg,ffdf8f01000081e7,13
6242.0,306.8771971464157,1.1111111111111112,0.8329221098794123,0.9718200217966684,23.91572504708098,41.18618205199283,164.18816698053988,53.325698882414294,82.8793157564344,45.35075374588195,5071.067245320987,438.7592592592592,0.4048393564080878,0.2767776551696893,A,grading/data_processed/onion/A/Onion_Red_2_r1_125__100.jpg,ffc381008181c3ff,0
4534.5,325.4629831314087,0.72,0.5379427622719564,0.887638249975531,50.38382541720154,62.84294089051862,75.79525032092427,53.13914903490084,60.4721865639709,35.69127502053741,9382.449647839509,564.0285915492957,0.4473163248458666,0.3296377096737576,A,grading/data_processed/onion/A/Onion_2_r0_204__100.jpg,f38383c18181c1e3,50
3911.5,276.9777023792267,0.65,0.6407130679714256,0.917438724053008,19.91906653426018,39.64688857284954,150.37810327706055,57.20150958051066,51.89175769612711,29.821917680955597,17237.150215005917,356.2992187500001,0.4810084349373327,0.3582904661102061,A,grading/data_processed/onion/A/Onion_Red_2_r0_57__100.jpg,efe7c381818183c7,3
6104.5,356.4335460662842,1.0,0.6038135010724436,0.8794208744507671,15.427521176282564,12.770452081137494,144.56001278568004,48.23532844184612,81.04091417612274,47.18693256356045,2966.6204865935824,366.2357173539518,0.4373246966707048,0.3211798728456035,A,grading/data_processed/onion/A/Onion_White_1_r2_95__100.jpg,ff8f8707018181e3,67
4869.5,332.1492749452591,0.76,0.554660982609922,0.8957049572335142,41.01794974072597,50.85879225861209,79.96868767451137,50.90146688129065,65.10450737933786,39.21505768869877,7996.5291570464,584.5806666666667,0.4646916915182024,0.3221032822627619,A,grading/data_processed/onion/A/Onion_2_r0_26__100.jpg,efc3c181818183c7,8
4538.0,276.73506212234497,0.7,0.7446393469922283,0.9529609407811844,14.542857142857144,25.834036949174035,154.9952738990333,52.30890215936797,59.906122448979595,33.52023284192145,12136.963637530613,335.38652173913044,0.4582019120577661,0.3159003097039911,A,grading/data_processed/onion/A/Onion_Red_2_r0_194__100.jpg,f7e3c1818181c1e7,7
6729.5,327.66399371623993,0.87,0.7876535247733065,0.9687612466709854,24.628546486250546,38.896832507334594,102.49658082351228,50.29093325200552,88.31951113051069,50.65405811008741,2530.4582466772363,547.9146511627907,0.3664217404932334,0.1967493745536091,A,grading/data_processed/onion/A/Onion_2_r2_317__100.jpg,ff819f81818181e7,11
3891.0,339.9066346883774,0.6,0.4232059952240068,0.7981538461538461,49.285148514851485,66.27216518602172,80.59876237623763,55.87430774331803,52.097029702970296,30.45282817165805,12065.835426222226,515.954406779661,0.428007410856708,0.3010126068552277,A,grading/data_processed/onion/A/Onion_2_r0_264__100.jpg,e3c3c3c18181c1e3,50
4145.5,269.32084822654724,1.5384615384615383,0.7182023739046131,0.9439826938403736,16.57173045315802,34.91187993355001,149.15825311105894,66.22133998427338,54.80699694764029,31.50668020078017,15556.499065822489,280.7477855477855,0.4493548114733501,0.3301928042850827,A,grading/data_processed/onion/A/Onion_Red_2_r2_21__100.jpg,ffe1c10000c0e1ff,59
6524.0,311.5634881258011,1.1235955056179776,0.8445603755543004,0.9781109445277362,17.117602883748873,16.60883942822623,141.84680084109343,53.41989752532101,85.92865725443076,50.00321874919907,5968.097072339351,515.0477811826125,0.3806490283933437,0.2394781189137401,A,grading/data_processed/onion/A/Onion_White_1_163__100.jpg,ffc38708000081ef,2
5448.5,341.26197361946106,1.1022727272727273,0.5879102378584107,0.905367231638418,95.95887716788845,84.92527877764218,115.43465045592706,46.1565336342411,72.09940997675666,41.06593479885047,8225.15429480434,470.9572679924243,0.4621311651658016,0.3287570068968869,A,grading/data_processed/onion/A/Onion_Red_1_r2_89__100.jpg,ffc383810081c3e7,8
6178.0,341.0193327665329,0.98,0.6675745433147189,0.9206467476343044,69.39300964731932,82.71763942126145,118.00901470820811,44.176461827092886,81.22030681638462,46.695486573436845,4917.288217409413,434.3139175257732,0.4658824326264528,0.3414212447431967,A,grading/data_processed/onion/A/Onion_Red_1_23__100.jpg,ffe78181000181e3,4
7243.5,373.6051188707352,1.0101010101010102,0.6521277670509372,0.9638081298649458,81.1268062120189,83.78559654810367,117.71573261309926,38.405696420043135,95.92964213369343,55.621570708638785,2416.4489737373738,417.4905621875319,0.3852658620107526,0.2362846965016595,A,grading/data_processed/onion/A/Onion_Red_1_r_102__100.jpg,ffaf8701008181c3,4
4410.0,287.9066356420517,1.4492753623188406,0.6685672586893686,0.9351145038167938,34.2642841385396,55.012216896377815,92.60291197882198,57.0098532815218,58.40172071475844,33.81221244897415,8111.776235475741,372.4240960327916,0.4636231408064896,0.3307943770762659,A,grading/data_processed/onion/A/Onion_2_r2_209__100.jpg,ffc78300000387ff,0
5462.5,341.60511922836304,0.9278350515463918,0.5882373186905668,0.878144843662085,34.7271754636234,13.06075031254718,50.980028530670474,32.64163629431996,72.2453637660485,42.041235403181794,2797.4731357683536,446.5555426850458,0.5731862753277485,0.3410640428989998,A,grading/data_processed/onion/A/Onion_White_2_r1_26__100.jpg,ff9f8f05018181c7,16
6986.0,317.56348967552185,0.979381443298969,0.8705171146005984,0.9862356179854592,147.3127895549628,49.67937506385033,115.83293556085918,40.6698737945945,92.31433384809772,53.52461440681034,1720.4515133120908,398.20486948892295,0.4015743072871625,0.2131597380837352,A,grading/data_processed/onion/A/Onion_Red_3_r2_70__100.jpg,ffc78701010181c7,21
6417.0,305.9066344499588,0.989010989010989,0.8617159097307676,0.9811926605504588,65.67155290884105,80.80473109389163,120.01160482516414,45.7945099132431,84.29943502824858,48.19962467265162,6033.186277690564,543.7558957896038,0.3116964671502921,0.1866750968170837,A,grading/data_processed/onion/A/Onion_Red_1_r_177__100.jpg,ff8f8101010181ef,8
5645.5,405.9482661485672,0.979591836734694,0.4304977580899577,0.791906298218544,17.792925824175825,10.226909368463309,139.59237637362637,51.14305764936691,75.4165521978022,43.87732149310588,3319.734946220596,355.66326530612247,0.4898980185641111,0.3654552709723921,A,grading/data_processed/onion/A/Onion_White_1_r_20__100.jpg,ffcf8f8f800101c3,67
3831.0,273.90663480758667,0.64,0.6416776480599254,0.9113833710003568,26.19153787686851,49.71279356233375,153.22523435520648,59.14493491187962,50.775779072713455,29.62614176321041,15615.745213964845,369.13952380952384,0.4913995541163527,0.3609647880767493,A,grading/data_processed/onion/A/Onion_Red_2_r0_50__100.jpg,efe7c381818183c7,3
5422.5,413.06096255779266,1.0425531914893618,0.3993752241242613,0.7573324022346368,15.620714285714286,10.051922320976177,144.99178571428573,45.65772040439053,73.07125,43.06274195712656,2870.036948009911,403.851502522483,0.4860471122487754,0.3768587378367988,A,grading/data_processed/onion/A/Onion_White_1_r_84__100.jpg,ffffbf00008181c3,43
6203.5,329.4629830121994,1.1111111111111112,0.7181801510884238,0.9564446500154178,36.70638297872341,57.01873386236335,87.71410559495666,49.54289301836058,81.52009456264776,46.69305516647085,3469.0599940617285,532.3589225589226,0.4234389472752112,0.2813906127660321,A,grading/data_processed/onion/A/Onion_2_r1_222__100.jpg,ff830100010187ff,25
5796.5,296.2914115190506,1.1904761904761905,0.8297315006517731,0.9738743279569892,26.071609525418005,51.045925187261766,152.56054720486404,54.21281499686797,76.36210099645331,42.74695017119099,6999.73818452381,365.2011784511785,0.4363482944686629,0.2806925923296521,A,grading/data_processed/onion/A/Onion_Red_2_r1_53__100.jpg,ffc381808081c3ff,0
5506.5,302.49242091178894,1.0465116279069768,0.7562345451088394,0.9567370341412562,90.18059251374844,84.34875075491817,120.92158949795991,47.64109385193923,72.57016143338656,41.67613694289663,7833.137452526892,384.4153383851582,0.4030909021562794,0.2554585711048293,A,grading/data_processed/onion/A/Onion_Red_1_r_23__100.jpg,ffe1c1808081c1e7,7
5907.5,360.7766932249069,1.1111111111111112,0.5703436978490026,0.8914290025652634,34.979383143658254,9.027843956370264,48.74682500412337,31.509456485203906,78.14365825498928,45.48592239743003,3377.3459198024693,411.6647586980921,0.5943978387367457,0.3137718167625423,A,grading/data_processed/onion/A/Onion_White_2_r0_132__100.jpg,ffcf8f0f000181e7,13
6095.0,325.3624792098999,0.95,0.7235168279809687,0.9308185705558948,145.05133964383123,50.700926221044234,96.485480506979,40.59461169853583,80.19733675597625,45.808891719087384,5012.818714448754,386.53702127659574,0.4780688448858337,0.3289361014010002,A,grading/data_processed/onion/A/Onion_Red_3_35__100.jpg,ffe78101000183e7,1
6944.5,317.8061304092407,1.0638297872340423,0.8640249936119612,0.9821794781132877,17.57661347267335,14.75283675201062,137.92176246292897,55.28337936953147,91.24191498375936,53.00935133404789,5187.266727467179,469.9210186976144,0.3875911908773937,0.2353038038731714,A,grading/data_processed/onion/A/Onion_White_1_138__100.jpg,ffc38f0f000181e7,2
6650.5,331.9482653141022,0.9,0.7584437116360676,0.9721531939774888,15.492932862190813,9.137266758332322,142.8714664310954,54.6801019010003,87.65562426383981,50.543197050959265,4752.1344829135805,577.2426966292135,0.3628948994069013,0.2303450258974294,A,grading/data_processed/onion/A/Onion_White_1_r_156__100.jpg,ef838989818181c3,3
5837.5,308.4924216270447,1.1904761904761905,0.7708107417568862,0.9547759241086032,27.428069000167476,49.21134488634248,94.01708256573438,52.10937612834588,76.72617651984592,43.846589524509454,4081.4344257936505,511.48436748436745,0.4234280286175141,0.2780714674849767,A,grading/data_processed/onion/A/Onion_2_r2_188__100.jpg,ffc38100010183ff,0
6645.5,327.94826459884644,0.89,0.7764738821630947,0.9761310223266744,16.47310243183493,14.832791160714237,143.51156963890935,54.17956898294867,87.54649963154016,50.470951653895625,4742.55480210832,554.0907954545455,0.3595160494542471,0.2240146295123092,A,grading/data_processed/onion/A/Onion_White_1_r_155__100.jpg,ef838989818181e3,3
4699.0,311.3624781370163,1.1219512195121952,0.609091808350541,0.8961571469438352,62.375983436853005,81.1657854234866,110.9503105590062,46.57768077839911,62.63229813664597,36.567742410322765,12473.688938643732,368.4616724738677,0.4807593740824216,0.3442801905063573,A,grading/data_processed/onion/A/Onion_Red_1_r_132__100.jpg,ffc3830181c1c3f7,88
6165.0,331.3624783754349,0.95,0.7055637915197512,0.9316910986852048,145.60608943862988,49.1411772416197,98.63288931176658,41.09400920537746,81.13542657786235,46.3641769970226,4987.765650481994,439.3257446808511,0.4820383110603876,0.3213384733282392,A,grading/data_processed/onion/A/Onion_Red_3_56__100.jpg,ffe78101010183c7,8
5891.5,359.4629843235016,1.1111111111111112,0.5729640782258324,0.88434404082858,34.48115079365079,10.792335819102709,49.87003968253968,30.701395781111785,78.06630291005291,45.50023332062155,3164.837656839506,381.7826038159371,0.6103719629400409,0.3175195950328762,A,grading/data_processed/onion/A/Onion_White_2_r0_169__100.jpg,ffcf8f08000181e7,2
6643.0,314.0487699508667,0.91,0.8464083186189344,0.9776306107431936,15.625202892135164,8.58707979494511,145.40740740740742,53.18721149903125,87.45078943485318,50.66802355752319,5447.443305530733,628.7234444444446,0.3866443759030246,0.2417193939924944,A,grading/data_processed/onion/A/Onion_White_1_r_147__100.jpg,ef838901018181c3,103
6484.0,307.3624789714813,1.1235955056179776,0.8624842432954875,0.9843631395172308,25.486466051716317,50.758272664363936,151.10403750189022,53.13149211852136,85.10267654619689,47.84214883968758,4473.416811463199,381.1482238111451,0.3950413717758229,0.242686901525482,A,grading/data_processed/onion/A/Onion_Red_2_r1_58__100.jpg,ffc3c180008183ff,0
5733.5,377.9482645988464,1.1235955056179776,0.5043882602846937,0.8742756938090881,34.325025432349946,12.119347771697829,52.14292980671414,29.51126857492704,75.88538487622922,43.99375036571108,3029.2747826158316,424.8396322778345,0.6126448139973524,0.3259426461920721,A,grading/data_processed/onion/A/Onion_White_2_r0_184__100.jpg,ffdf8f01000181e7,2
4176.5,281.66399455070496,1.1688311688311688,0.661545441919864,0.9154975887768524,147.6967651850128,49.132871586037176,103.76518501279963,48.89359548756505,55.04398417500582,31.65531243635973,11922.23054300998,242.01517583540056,0.5333638659188628,0.3648959900860296,A,grading/data_processed/onion/A/Onion_Red_3_r_125__100.jpg,ffc383810183c3e7,8
4234.5,274.4924216270447,1.5151515151515151,0.7062383289956546,0.9426758682101514,16.361985750402205,35.09465439752616,150.6963916341071,66.7715017672429,56.04136980004596,32.344945271039265,12815.792579522496,293.1610039791858,0.4422910428597237,0.3270299048818283,A,grading/data_processed/onion/A/Onion_Red_2_r2_24__100.jpg,ffe3c10000c0e1ff,59
4758.0,321.8477590084076,1.1764705882352942,0.5772093037628825,0.8848800446345546,141.29675045984058,55.45339405655487,85.84631105661148,41.81589486228858,62.92826486817903,36.69459525964142,11106.554167474049,333.5158645276292,0.5664124525364613,0.4122115195392399,A,grading/data_processed/onion/A/Onion_Red_3_r2_129__100.jpg,ffc383810183c3ef,8
4495.5,287.8061292171478,1.36986301369863,0.6820053615592699,0.9319995853633254,24.11457656486896,46.27357974214016,155.15053064760667,55.9967672517508,59.639592809183455,33.421677220275,15597.83518354288,305.9414694894147,0.4768630609255471,0.352830317434856,A,grading/data_processed/onion/A/Onion_Red_2_r1_142__100.jpg,ffc383008183c3ff,0
7533.0,327.70562386512756,1.0,0.881475087020381,0.9862529457973293,19.915548025544116,39.094796810331815,150.4308614622703,55.28994646037849,98.94839046005474,56.83044208874627,2774.84190224,428.8341414141414,0.3375799738759747,0.2177122237874831,A,grading/data_processed/onion/A/Onion_Red_2_r2_89__100.jpg,f7f1f980808181c7,15
6148.5,334.4335459470749,0.97,0.6908112064407822,0.9234755181736256,145.1772655007949,50.11526832286378,92.06279809220986,40.223533191122755,80.73879173290938,46.48069129996777,4490.132102412584,352.4185416666667,0.509589793555864,0.3371376494918079,A,grading/data_processed/onion/A/Onion_Red_3_121__100.jpg,ffe78301000181c7,4
5635.0,391.5046133995056,0.97,0.4619872779920651,0.7859683380988911,17.514300482425913,17.479897940855825,141.2394900068918,50.28597938206938,75.26016540317023,44.241297567410776,2832.2639034435115,310.8231249999999,0.5174469482094299,0.388582151320223,A,grading/data_processed/onion/A/Onion_White_1_r2_118__100.jpg,ef8f9f0f010181c3,23
6969.5,337.46298360824585,1.0416666666666667,0.7690581919828011,0.958138575749244,25.323120168657766,39.14294065056126,98.01152494729445,49.66608819838385,91.485031623331,52.51291599762087,2292.156354123264,506.4849537037037,0.4480198820823977,0.2483468471973623,A,grading/data_processed/onion/A/Onion_2_r2_4__100.jpg,ffd9be800080c1f3,48
5728.5,299.4629830121994,1.1764705882352942,0.8027207486335209,0.9645563226132344,25.762937660119555,45.8201193833303,161.3798462852263,53.70097366415708,76.02442356959864,41.73468210521672,6446.087530795848,416.45478312537136,0.416310851087986,0.2959191602890493,A,grading/data_processed/onion/A/Onion_Red_2_r1_128__100.jpg,ffc381008181c3ff,0
4781.0,283.0782079696655,1.0975609756097562,0.7497487190679036,0.9490818858560794,147.62892696858424,49.08190562148181,107.04263565891472,49.097879927462714,62.92778457772338,36.02712280022428,8770.597184876726,309.83433817484234,0.4882401124309831,0.3203847454784718,A,grading/data_processed/onion/A/Onion_Red_3_r_120__100.jpg,ff8381810181c3e7,8
6976.5,317.46298456192017,1.0526315789473684,0.8698838598611484,0.9820523648648648,79.22075365579303,85.21334258062431,114.30033745781778,41.32268705660262,91.56960067491563,52.76586965563484,3019.6332951911354,338.4716640085061,0.383577692727675,0.2372931096781652,A,grading/data_processed/onion/A/Onion_Red_1_r2_145__100.jpg,ffc38705808181c7,101
4697.0,274.2497808933258,1.0493827160493827,0.7847617837431763,0.9582780781393452,148.25882841711675,48.38179823503249,106.12941420855836,48.64441657164109,61.740340673036975,35.693466652345286,8001.14766993174,336.9522339800118,0.4667237014777949,0.2841061622783982,A,grading/data_processed/onion/A/Onion_Red_3_r_121__100.jpg,ffc381818181c3f7,8
5213.0,352.67618775367737,1.0434782608695652,0.5266781648592088,0.8689781630271712,33.664926347193735,8.656268538865472,72.30579899310088,39.64962735986924,69.3691963453291,40.29718750896854,1859.2749692632028,354.866590389016,0.5538671470276009,0.3777865016745136,A,grading/data_processed/onion/A/Onion_White_2_r1_98__100.jpg,ff9f0707070181e3,18
3885.0,315.7644993066788,0.59,0.4896370625462808,0.8705882352941177,40.22763419483101,57.09824092795684,75.76043737574552,50.487196627144264,51.70825049701789,30.05566193969245,13029.052714622236,418.6477586206897,0.4437647420011655,0.2951351994748923,A,grading/data_processed/onion/A/Onion_2_r0_120__100.jpg,e3c3c1c18181c1e3,50
6634.0,312.04877066612244,1.098901098901099,0.8561313081906433,0.9793327428402716,21.032510713757944,12.685058959201967,121.18013890941332,49.521238852469025,87.37342988030146,50.98657139813067,5709.087552227992,490.7526917526917,0.4117520991915473,0.2444630091154199,A,grading/data_processed/onion/A/Onion_White_1_65__100.jpg,ffc39d0c000181e7,2
6599.0,311.5634891986847,1.1111111111111112,0.8542694481758587,0.981045120047573,36.165305213129365,9.844166874912698,48.20288133075895,30.98338948368209,87.0715877023615,51.03399515060397,3194.4993430987656,395.2028058361392,0.5326135524336552,0.2403964820804972,A,grading/data_processed/onion/A/Onion_White_2_r0_142__100.jpg,ffcf8f0d000181e7,2
4215.0,273.42135417461395,1.5151515151515151,0.7085044513916015,0.9318005968829446,45.61611265004617,70.10930095343572,149.14312096029548,61.138360985397206,56.235918744229,31.84272469690185,15289.90498785583,269.9605142332415,0.5075924193470935,0.3301762749713435,A,grading/data_processed/onion/A/Onion_Red_2_r2_169__100.jpg,ffc70301000387ff,0
5264.5,332.29141068458557,1.0434782608695652,0.5991406181138041,0.8995301153353268,33.93101535047161,15.714775952275271,60.91252080636213,42.754990390809176,70.12594784538561,41.27157086185452,2062.8173246489832,319.8727688787185,0.5613074757300143,0.3734870212930883,A,grading/data_processed/onion/A/Onion_White_2_r1_188__100.jpg,ffbf1f01010181c7,23
6670.5,349.9482647180557,1.0,0.6844796863325412,0.9279404604576754,80.11889752235743,85.06545559989954,113.8639495675121,42.94430262409213,87.80384107902067,50.49271023367126,4415.310160710001,422.1917171717173,0.4287568184115924,0.305064042444956,A,grading/data_processed/onion/A/Onion_Red_1_41__100.jpg,ffe78706000181e3,12
5451.5,341.1198379993439,0.979381443298969,0.5887242524700994,0.8457838802265146,33.81493390496606,8.807458427920437,61.227938549481955,35.33875555073714,72.1632725973562,41.89148516001121,2468.190186669273,360.8886817284492,0.6041564068497149,0.3771891654569697,A,grading/data_processed/onion/A/Onion_White_2_r1_134__100.jpg,ffcf8f0f818181c3,67
4302.5,312.1492747068405,0.7,0.5548889580305275,0.8812083973374296,47.80640072120802,61.63356328418499,75.85463150777552,54.14475551490145,56.997070092404776,32.995143651759214,9935.581426530613,449.8936231884059,0.468518652195005,0.3470195661487478,A,grading/data_processed/onion/A/Onion_2_r0_176__100.jpg,f3c381c181c1c1f3,50
5874.0,363.563489317894,1.1111111111111112,0.558448694923257,0.8803297115024353,34.73334438183626,12.110363881518447,48.63142194232682,29.68569271113773,77.78090818694066,45.24908480043884,3346.989886111111,392.19539842873183,0.6036970384505903,0.3187349827483715,A,grading/data_processed/onion/A/Onion_White_2_r0_166__100.jpg,ff9f0f00000183e7,13
6739.5,319.11983823776245,1.0638297872340423,0.8316295936394037,0.9751139405338928,19.95650909090909,17.12107896437788,123.75418181818182,53.78175772816066,88.90603636363636,51.898383649016615,5469.605120144861,413.5660863958736,0.4335024882762401,0.2573063676118174,A,grading/data_processed/onion/A/Onion_White_1_16__100.jpg,ff830f1f000183e7,14
6578.0,347.2203434705734,0.88,0.6856356777608552,0.960011675423234,22.015752712141477,42.29907586489332,89.05201367216526,51.69495358703491,86.5711101203745,49.84852702215379,2356.352859904442,536.7891954022988,0.3460089001737534,0.2186359181033595,A,grading/data_processed/onion/A/Onion_2_r2_141__100.jpg,ffd9c1c1c18181c7,39
7240.5,319.46298348903656,1.0416666666666667,0.8915328197986404,0.9895448954489544,25.84072116036329,52.558287385634515,147.11983190999052,55.13092611514526,95.13148976548732,54.003816099462256,2557.396316829427,377.1993897306397,0.3622957046460744,0.217412098941208,A,grading/data_processed/onion/A/Onion_Red_2_r1_76__100.jpg,f7e1c1c0808181e7,7
6151.0,366.67618680000305,0.93,0.5748971801039888,0.8990718409705474,53.188490805326566,77.31588567032523,116.32498414711478,44.18191730942354,81.14124920735574,46.46979154408066,5560.866395317378,440.5548913043479,0.4363529990101749,0.308065463990967,A,grading/data_processed/onion/A/Onion_Red_1_80__100.jpg,fff7c381010181c3,4
3522.0,296.73506104946136,1.694915254237288,0.5026451401294185,0.8724300222937825,30.447793916141407,48.67961799567946,78.04083310496026,52.57423965941156,47.0002740476843,27.79100741428975,14626.101433467393,276.97911316555394,0.5370771942855576,0.3674237432172941,A,grading/data_processed/onion/A/Onion_2_r1_96__100.jpg,ffe1c10080e1f3ff,51
5664.5,315.46298372745514,1.0666666666666669,0.7152776117783145,0.9431401931401932,140.9349887911709,53.63968182785232,84.46714950853595,39.877570639485185,74.66356268322124,43.277834538848694,7494.1801791838125,412.76947368421054,0.4633620595291752,0.3167775963550417,A,grading/data_processed/onion/A/Onion_Red_3_r2_145__100.jpg,ff870301010383cf,46
4694.0,310.1909064054489,1.146341463414634,0.6130484879657332,0.8950328916007245,56.64158374792703,78.52950626172684,112.23984245439468,46.13969860512229,62.6643864013267,36.645730232528315,14718.961119439591,398.211775504852,0.5003602717937125,0.3586430238864135,A,grading/data_processed/onion/A/Onion_Red_1_r_138__100.jpg,ffc3810181c1c3f7,8
6970.0,317.2203435897827,0.9896907216494846,0.8704034018772926,0.9851590106007068,146.74247115113988,50.47514279042636,114.06107514776244,41.544342336299486,92.04165493948776,53.336166402501455,1927.706652577024,389.2715138361368,0.4071712879528517,0.2206609619333981,A,grading/data_processed/onion/A/Onion_Red_3_r2_72__100.jpg,ffc78701018181c7,11
4389.5,360.6345578432083,0.74,0.4241214485143862,0.8042323195309637,42.42203650758742,52.63713040884699,76.3061359137893,50.940725587488586,58.40686166703321,34.27188317308528,10376.1009623813,478.71123287671224,0.5111096684530093,0.3668031342739481,A,grading/data_processed/onion/A/Onion_2_r0_70__100.jpg,cfc3c383838383cf,26
6100.0,306.0487713813782,1.1363636363636365,0.8183864275807868,0.9645793801391525,97.15425361155698,85.59909425785627,120.19390048154094,44.85408082133893,80.13258426966293,46.07429007942642,5024.283656559917,359.9090909090908,0.4139355839592428,0.2807394885862438,A,grading/data_processed/onion/A/Onion_Red_1_r2_133__100.jpg,ffc38101018183ef,8
5936.5,321.4629842042923,0.94,0.7219022444985009,0.9228915662650602,146.65294698715837,47.44974363748003,94.18768521567335,40.44497320515502,78.05729338162661,44.87835983792612,4302.160658205071,363.754623655914,0.5090777780053138,0.3399419468506076,A,grading/data_processed/onion/A/Onion_Red_3_170__100.jpg,ffe781010081c1e3,12
5795.0,300.39191603660583,1.0454545454545454,0.8070246911294836,0.9646275488972118,74.14536552422759,82.49113330634883,112.3459395576566,43.64193664483919,76.01992233665372,43.710588044581954,7132.9812871621325,422.8467782217782,0.3887713464275161,0.2520174317688824,A,grading/data_processed/onion/A/Onion_Red_1_r2_22__100.jpg,ffc381818181c1e7,7
6570.5,310.14927554130554,1.1235955056179776,0.8583546051905407,0.9814773321383226,35.33159307875895,9.613207748399608,48.44868735083532,28.858861421150355,86.30698090692124,50.073895623028776,3191.0600968943313,419.8478038815117,0.5172857868118683,0.2360380197730004,A,grading/data_processed/onion/A/Onion_White_2_r0_22__100.jpg,ffcf8f0c000081e7,13
6830.0,320.7350616455078,0.9489795918367347,0.8343296767369555,0.9755749178688758,17.45171473669106,17.621863181573175,143.56191706127134,56.6985107989361,89.5799971301478,51.61097909172715,3827.539736810437,550.5482475598933,0.3710037697573737,0.2205940064017555,A,grading/data_processed/onion/A/Onion_White_1_r2_57__100.jpg,ff8f8f00018181c7,16
5145.0,299.5634889602661,1.3157894736842106,0.7204726231440138,0.9358799454297408,20.4420633415513,45.69698462296916,169.35539541058222,53.131484758777496,68.37075668499905,37.67658636845238,8864.761312396122,348.1671982987773,0.4307020297786996,0.2919200251649253,A,grading/data_processed/onion/A/Onion_Red_2_r1_285__100.jpg,ff218080c0c0e1ff,71
4887.0,300.3919163942337,1.0843373493975903,0.6805745739704907,0.9404406812277496,51.850049850448656,75.43526238480464,116.97567298105685,49.255374636976114,64.60937188434696,37.265108171628256,12059.611360461928,399.66116149993235,0.4449433323415291,0.3126176827404414,A,grading/data_processed/onion/A/Onion_Red_1_r_159__100.jpg,ffc381018181c3e7,8
5294.0,319.3624781370163,1.1235955056179776,0.6522679235156571,0.911972437553833,148.07773070547063,48.69133821280587,97.61392521643027,43.061998909627626,69.84914348867194,39.79783931439205,8123.334582641081,372.39938712972423,0.5203207669289748,0.376453149457132,A,grading/data_processed/onion/A/Onion_Red_3_r2_25__100.jpg,ffc3c3810183c3e7,22
3990.5,329.8061294555664,0.66,0.4610199652460535,0.8142215874311365,40.67940962980886,61.50608391860973,73.57609484635857,53.8541625561476,53.173481732397775,31.38963403726516,12032.077428833793,505.3832307692307,0.4670515490710312,0.3502230903549214,A,grading/data_processed/onion/A/Onion_2_r0_250__100.jpg,f3c3c3c181c1c1e3,50
6787.5,317.1198378801346,1.075268817204301,0.8481504269758837,0.979932144661806,17.474573822594625,15.892753219059928,136.71135509968218,53.86112688419778,89.19604160647212,51.593107475963286,5300.162749497052,507.3346366894753,0.391038182235761,0.2435608830123677,A,grading/data_processed/onion/A/Onion_White_1_144__100.jpg,ffc38d0d000181e7,2
5988.5,403.0609633922577,1.1111111111111112,0.4632190810906244,0.8916765932102442,35.8131796786236,12.394976558695731,49.37688686901477,32.838171987376406,79.40545366012012,46.0213551708046,3137.9386222222224,461.12794612794625,0.5693956042113724,0.3016767479770194,A,grading/data_processed/onion/A/Onion_White_2_r0_153__100.jpg,ffcf8f01000181e7,2
4650.5,336.8355666399002,1.3888888888888888,0.5150787433701933,0.8723504033014444,31.631381537820378,46.018774795308005,94.11023129818712,52.080672766950045,61.89185246926443,35.785621769774664,7160.671333159721,432.8243546576881,0.4910475553443273,0.3183791737756676,A,grading/data_processed/onion/A/Onion_2_r1_61__100.jpg,ffe1c00000e0f1ff,59
6918.0,315.70562517642975,0.94,0.8722194790733256,0.98281005824691,19.08252977878616,10.837020118923904,134.30005672149744,49.17343315898479,90.75340328984686,52.454507432795225,4176.659669522409,390.7031182795697,0.4260609958628,0.2378765734417582,A,grading/data_processed/onion/A/Onion_White_1_r_52__100.jpg,ffdf8f81018183c7,16
4006.5,314.1492745876312,0.58,0.5101558706412413,0.8825861879061571,40.30878802510864,58.563996492762286,74.00845002414293,49.41846926848769,53.264847899565424,31.3738784135067,12856.774618757432,492.7843859649123,0.4211675605929864,0.2645862406322701,A,grading/data_processed/onion/A/Onion_2_r0_133__100.jpg,f3e3c3818181c1e3,26
4365.5,318.776692032814,0.72,0.5398470560193179,0.8920106252554147,50.94711111111111,62.92475120234241,77.66533333333334,55.344263964550066,57.888888888888886,33.673578315100386,9656.232402604166,491.07521126760565,0.4707779364062804,0.3560814223870332,A,grading/data_processed/onion/A/Onion_2_r0_184__100.jpg,f3c383c181c1c1e3,50
4225.5,272.4924212694168,1.5151515151515151,0.7151203128178606,0.9395219566425792,16.524994240958303,35.22420549669964,150.0373185901866,66.02718397961148,55.908776779543885,32.362515094330384,12149.751206955923,281.9331190694827,0.4516109479948338,0.3287269487655283,A,grading/data_processed/onion/A/Onion_Red_2_r2_22__100.jpg,ffe1c10000c0e1ff,59
4835.5,328.14927566051483,0.76,0.5642977930180023,0.885541617068034,41.81840096424267,52.356858439436934,80.70771394134191,51.60483508719094,64.38288469264765,38.3340349636741,8079.65761468144,553.5248000000001,0.4718056931925046,0.3271707810914661,A,grading/data_processed/onion/A/Onion_2_r0_16__100.jpg,cfc3c183810383c7,68
4415.0,318.19090497493744,0.72,0.5479804293588431,0.8930919389096794,52.59903275445153,63.13642797311756,78.8903055616619,54.21809410516392,58.45856232138931,33.46908568240647,9783.274505478395,461.78,0.4646349155985908,0.3472302056434152,A,grading/data_processed/onion/A/Onion_2_r0_190__100.jpg,f3c383c181c1c1e3,50
6643.0,316.73506247997284,1.1235955056179776,0.8321120896214449,0.9720515071700322,15.788790560471975,12.90443401011162,143.91017699115045,51.44225547778072,87.56991150442478,50.90173577887008,5348.994507057189,500.3976847122915,0.3763845508858728,0.2252807129779532,A,grading/data_processed/onion/A/Onion_White_1_173__100.jpg,ffc38d19000181ef,2
5228.0,371.0193330049515,1.0454545454545454,0.4772570607460988,0.849943098683141,35.34985152190052,11.062583743061,65.0898292501856,33.26574771134554,69.80920564216778,40.576913007619794,2219.7918524976717,429.8145604395605,0.5102875829578714,0.317058200267528,A,grading/data_processed/onion/A/Onion_White_2_r1_77__100.jpg,ffbf1d05018181e3,52
6294.0,301.9066345691681,0.978021978021978,0.8677433389972914,0.9796871351856176,67.34526774595268,81.5589410481981,117.78035491905356,45.86749467074607,82.68742216687423,47.418262805870825,6066.444839200583,502.43843656343654,0.3236187017195464,0.1918108136801012,A,grading/data_processed/onion/A/Onion_Red_1_r_172__100.jpg,ff8f8101010181e7,18
3980.5,273.6639938354492,1.5625,0.667901118570133,0.9202404346318344,21.91213082743471,49.382914948105366,163.94312911886746,55.91440979410032,52.95655357578716,30.24050639665794,15492.503768652345,279.4086174242425,0.5166649753684515,0.3461945665436695,A,grading/data_processed/onion/A/Onion_Red_2_r1_306__100.jpg,ffe10180c0c1e1ff,97
4431.0,290.73506128787994,0.68,0.6587441878614779,0.938771186440678,33.76267837541164,60.65997520382461,146.95740944017564,53.185270976393035,58.69615806805708,32.88107661391359,13054.314196345154,354.20552238805976,0.4708915767908818,0.3095318722700318,A,grading/data_processed/onion/A/Onion_Red_2_r0_234__100.jpg,f3e7c3818181c1e7,26
7093.5,358.77669167518616,1.020408163265306,0.6925035360979382,0.952339397194066,78.5685706401766,84.42360889921873,125.02773178807946,37.99546022956018,93.942880794702,54.709520845747065,2475.492856632653,390.34498041640904,0.4065364144053463,0.2446205478852061,A,grading/data_processed/onion/A/Onion_Red_1_r_90__100.jpg,ffdf8701008081c3,13
5260.5,322.49242103099823,0.968421052631579,0.6356204532862242,0.8753640069889342,32.67598592853175,8.887485875070896,67.58766895019441,38.766909967335174,69.74967598592853,40.731884124857906,2321.9690638794777,295.40231347599774,0.5786542776124809,0.3672326077130875,A,grading/data_processed/onion/A/Onion_White_2_r1_124__100.jpg,ff8f0f0f010181c3,18
3622.5,298.83556711673737,1.639344262295082,0.5097458363611943,0.8768001936342733,34.831289978678036,55.283645908584575,90.29317697228144,54.72762928909016,48.52558635394456,28.82119692599187,13167.832803305564,311.53932770326213,0.5213803132651171,0.3715418788986224,A,grading/data_processed/onion/A/Onion_2_r1_264__100.jpg,ff87830000078fff,53
6022.5,329.11983704566956,0.95,0.6986803900828387,0.9253284166858724,60.05013791984423,80.10985025350763,119.59808534804478,42.57682723419369,79.19876683433392,45.32411180871689,5221.566720565097,436.5537234042552,0.471584429323419,0.3379840642764741,A,grading/data_processed/onion/A/Onion_Red_1_15__100.jpg,ffe7c181000181c3,4
5675.5,287.32084834575653,0.9886363636363636,0.8639323010858823,0.9839632454923716,135.6390134529148,60.83824800805252,90.03070024146257,42.735427378842495,74.72473266643671,43.08392596230706,6057.783825154994,423.00541754756887,0.388519202939322,0.228306084546448,A,grading/data_processed/onion/A/Onion_Red_3_r2_157__100.jpg,ff830901018183e7,28
4669.0,292.2497811317444,1.351351351351351,0.6869503494267398,0.932494507689235,32.20563086548488,54.54796178716305,92.80500521376432,55.20948196484817,61.66506777893639,35.23194735554095,7496.091244046751,378.6309036309037,0.4896609568389092,0.3402793036731271,A,grading/data_processed/onion/A/Onion_2_r2_202__100.jpg,ffc78100000383ff,0
6812.0,323.22034299373627,1.0869565217391304,0.8193833404782033,0.9733514324498108,24.848798733995107,48.025891699721875,79.30930801323551,49.41297902093292,89.31017119838872,51.32830522632751,2162.8229781545365,508.090909090909,0.3780599297494597,0.2312520134242859,A,grading/data_processed/onion/A/Onion_2_r1_173__100.jpg,ff9b8980008081ef,1
3801.0,308.2497799396515,0.55,0.5026922423724047,0.8557919621749409,44.31740787801779,63.244919453953266,82.50063532401525,55.09707212410144,50.58754764930114,29.496536052458428,12596.671168793388,474.8796296296297,0.4044584542932077,0.2614283599381914,A,grading/data_processed/onion/A/Onion_2_r0_274__100.jpg,e7c3c381818183c3,3
6708.0,363.3624778985977,0.979381443298969,0.6384439280808343,0.9275442477876106,24.28871085214858,37.82129131174898,106.21310997815004,48.85335044782952,89.31099781500365,52.057046163842784,1870.593946162821,361.23777144110545,0.4405301718902791,0.24109878163204,A,grading/data_processed/onion/A/Onion_2_r2_333__100.jpg,fff9bf84000181e3,48
6772.0,321.9066344499588,1.1,0.8212340700855337,0.9710352738743906,18.35619212962963,23.00130536432842,148.4771412037037,48.41811647450162,89.08912037037037,51.23344513257096,4919.830165427817,499.5374149659864,0.3626767118870205,0.210820705777987,A,grading/data_processed/onion/A/Onion_White_1_179__100.jpg,ffc39d01000181e7,2
6145.5,333.6051194667816,0.97,0.693907647320015,0.924900293475807,146.3626530936854,48.53025658484214,92.145379354223,39.22295011867976,80.77031970733259,46.483863193626085,4447.499913529599,338.36114583333324,0.5106146663470003,0.3370225049411471,A,grading/data_processed/onion/A/Onion_Red_3_120__100.jpg,ffe78301000181c7,4
5750.5,309.17871284484863,1.2048192771084338,0.7559556236764996,0.9553119029819752,27.708120965001697,40.41871938378974,93.80716955487598,52.05755612869816,75.7514441046551,43.614740162202466,4453.501917491653,483.8884020932213,0.4759510096345776,0.2804478595765984,A,grading/data_processed/onion/A/Onion_2_r2_13__100.jpg,ffe1c1800080c1f7,5
5950.0,360.19090592861176,1.098901098901099,0.576316883398688,0.8913190023219234,35.3998361998362,10.017715674134337,46.844717444717446,29.87571523345509,78.85667485667486,45.89093574663547,3271.041192899408,422.40237540237536,0.5741621948256138,0.3163717464353665,A,grading/data_processed/onion/A/Onion_White_2_r0_116__100.jpg,ffcf8f03000081e7,13
6226.5,321.1198377609253,1.020408163265306,0.7587864816534482,0.9457735247208932,145.31274556027032,49.04236740910716,98.011786892975,41.10945688697284,81.92330661637592,47.32645422455205,4516.198078967097,359.8465264893837,0.4909576045572998,0.337675370799694,A,grading/data_processed/onion/A/Onion_Red_3_87__100.jpg,ffe78301000183c7,4
4232.0,281.4213536977768,1.4705882352941178,0.671492903859804,0.9175067750677508,33.29588789340685,46.158316086044785,90.14955203308064,57.21147739161404,56.35860326211808,33.77285655258574,8991.090257352942,355.79471182412357,0.524295347561689,0.3496914073319935,A,grading/data_processed/onion/A/Onion_2_r2_46__100.jpg,ffe3c10000c0e1ff,59
5945.5,519.6295033693314,0.91,0.2767009465410033,0.8392857142857143,21.044098573281453,18.602234453198392,131.95509079118028,47.78567341454741,80.09889753566796,46.93193610475421,3938.543136469025,669.1590000000001,0.4643434799563479,0.3017484440006115,A,grading/data_processed/onion/A/Onion_White_1_r2_167__100.jpg,ffdf9b81000181c3,4
7084.5,333.4629842042923,0.97,0.8006151497276867,0.965519591141397,16.423630326508025,13.776071243137222,140.98491975650248,54.88327070166988,93.16643608190373,53.62264487470067,3699.605540907641,460.56291666666664,0.385800918711344,0.2393177422817484,A,grading/data_processed/onion/A/Onion_White_1_r2_65__100.jpg,ff9f8f80018181c3,11
4773.5,282.97770261764526,1.3888888888888888,0.7491044174790774,0.9591119148081172,13.769466584917229,25.188932354573005,154.99366441855713,64.98901918534689,62.94154915184958,36.30017485176673,11192.17382312886,347.1663860830527,0.427427362966716,0.3071259381569256,A,grading/data_processed/onion/A/Onion_Red_2_r2_41__100.jpg,ffc3c18000c1e1ff,59
3732.5,267.66399478912354,0.63,0.6546810491158472,0.9185431278454534,31.44903796151846,55.875696655286674,155.2714508580343,57.44843401070134,49.28523140925637,29.239734348657155,16511.865417586294,328.2524193548388,0.5104438068056186,0.3668864022473527,A,grading/data_processed/onion/A/Onion_Red_2_r0_42__100.jpg,efe7c381818183c7,3
6922.5,362.43354547023773,1.020408163265306,0.662240982565874,0.9560803811891444,17.038428934727325,18.443683890789742,139.9491381746256,51.98808970060478,91.59918055948008,53.14809725977984,3983.5844481361937,402.8789940218512,0.4011953398063215,0.2626143290341634,A,grading/data_processed/onion/A/Onion_White_1_r2_74__100.jpg,ff8f9f05010181e3,11
6729.5,315.9482650756836,0.95,0.8471507733497424,0.9734558078981628,22.059303511583856,18.2813301599191,123.11977269415708,48.28299986727455,89.09383651464374,52.82927943338026,5431.151965828255,521.3767021276594,0.4380610641568354,0.2624833629856822,A,grading/data_processed/onion/A/Onion_White_1_r2_159__100.jpg,ffcf9d81008181c3,16
4116.0,309.56348848342896,0.6,0.5397414431403021,0.8968297200130734,39.43563191339138,56.87239196719077,86.17933631442692,55.63277990945484,54.81407389974112,32.29804686213524,13721.677586222222,565.0698305084746,0.4304697463058466,0.2681294863132799,A,grading/data_processed/onion/A/Onion_2_r0_308__100.jpg,e7e3c181818183c7,26
6741.0,314.87719786167145,1.0869565217391304,0.854381364957501,0.9811512990320936,18.046545454545456,17.88717409645876,138.28843636363635,52.64349398557795,88.5808,51.31911976230867,5232.137085999528,454.2719587176109,0.3887592573546655,0.2404954050442663,A,grading/data_processed/onion/A/Onion_White_1_146__100.jpg,ffc38d0d000181e7,2
5689.5,362.91882717609406,1.0,0.5428314086516863,0.8393449878291658,37.25342231348392,15.705155084479092,50.02446954140999,26.999054096720723,75.51813826146476,43.86165536454736,3204.07981351,474.1507070707071,0.6019022150454617,0.3996434871797862,A,grading/data_processed/onion/A/Onion_White_2_r1_46__100.jpg,ff9f8f84018181c7,16
3718.5,266.0071395635605,0.63,0.6603756688534153,0.920306892711298,38.52505219206681,62.364830022574886,155.55401878914404,56.60992322595827,49.311586638830896,28.53017286055857,17008.517946686825,341.02741935483874,0.5074001883956155,0.3686154382430751,A,grading/data_processed/onion/A/Onion_Red_2_r0_36__100.jpg,efe7c381818183c7,3
5696.0,302.0487698316574,1.2195121951219512,0.7845591685770169,0.9659148719687976,12.088942307692308,22.26490397814488,158.9065934065934,57.30613398442879,74.77300824175825,42.958631384809784,7002.593453361094,446.8518107908352,0.4103974256651345,0.2753425411080034,A,grading/data_processed/onion/A/Onion_Red_2_r2_56__100.jpg,ffc381800081c3f7,0
3716.0,312.39191687107086,1.5873015873015872,0.4785044636196758,0.8471446483529009,29.974285714285713,47.0514403613133,85.69532467532467,50.860853254008106,49.84389610389611,29.65369463658103,11409.281721819098,347.5428892095559,0.5257536947848519,0.3736956716336366,A,grading/data_processed/onion/A/Onion_2_r1_82__100.jpg,ffe1c00000e0f1ff,59
3966.5,324.14927554130554,0.65,0.4743809189107767,0.8143091767604188,51.41928414901387,68.09712479846945,75.94351107864621,55.0171341364917,53.2863403944485,32.088557094320265,11648.493647786983,534.69421875,0.4608373674533455,0.3447759016568316,A,grading/data_processed/onion/A/Onion_2_r0_254__100.jpg,f3c3c3c181c1c1e3,50
6212.5,372.77669179439545,0.93,0.561796159544925,0.9010805714700124,48.85456542202699,75.07153808382203,117.2911829306558,43.521144114260544,81.99419516786946,46.92756033089893,5960.8150292981845,444.7346739130436,0.4201400243027289,0.3007549967214677,A,grading/data_processed/onion/A/Onion_Red_1_69__100.jpg,fff78181010181e3,4
5533.0,300.8771971464157,1.0232558139534884,0.7680544058980621,0.9649459365190094,57.17526501766785,77.92246320267817,117.1203180212014,48.30706234796738,72.76554770318022,41.7527762598697,8672.485925896257,439.7566158781075,0.3683046197445426,0.23541338767292,A,grading/data_processed/onion/A/Onion_Red_1_r_164__100.jpg,ff838101018181ef,0
6947.5,330.1492749452591,1.075268817204301,0.8009727180025664,0.9697117733268196,29.077845155831337,53.63916146935506,82.19785643773798,51.03795503307566,91.06642222535608,52.29496324514579,1949.8894838247195,475.40708156837184,0.3638627924987684,0.2249733250820218,A,grading/data_processed/onion/A/Onion_2_r1_188__100.jpg,ff939300008081ef,1
7253.0,350.048770070076,1.0526315789473684,0.743824415008613,0.9717960742279091,68.11222147197839,81.15376635694427,125.15138419986496,44.21176603977083,95.73261309925726,54.77069574090536,4144.277977218837,584.3498139287614,0.3163278415544963,0.2052272926574938,A,grading/data_processed/onion/A/Onion_Red_1_r_184__100.jpg,ff9f8301000181c3,4
6537.0,310.73506128787994,1.1235955056179776,0.8507615055261554,0.9784463403682084,16.487183330834956,14.016985724416587,143.02503372807675,52.519336823914934,86.1621945735272,50.133726890676954,5796.607890872364,515.9553966632618,0.3858142986349224,0.2377976337561888,A,grading/data_processed/onion/A/Onion_White_1_165__100.jpg,ffc38f08000081ef,63
4410.0,271.9066342115402,1.4705882352941178,0.7495642163583259,0.9521753211702472,15.027624309392266,31.07129405489243,151.2839779005525,64.20935042903659,58.043093922651934,33.39744455994834,11278.53179100346,292.00757575757575,0.4387363585391055,0.3205462048770807,A,grading/data_processed/onion/A/Onion_Red_2_r2_32__100.jpg,ffe3c10000c0e1ff,59
5144.0,295.4213536977768,1.2820512820512822,0.740673925657244,0.9434204493351672,27.243550834597876,38.626448440237226,95.0572837632777,53.66061346874514,68.11608497723824,40.24239660885451,5875.890203139382,375.16770266770266,0.5012735461557993,0.3145275301146713,A,grading/data_processed/onion/A/Onion_2_r2_22__100.jpg,ffe1c08000c0e1ff,5
6446.0,302.2497807741165,1.0,0.8866825796885283,0.9854009019338072,65.46525771628401,80.63039439590464,121.87882013075873,45.56835248625316,84.76919568192184,48.38272931666547,6196.237954579369,553.5105006105006,0.3115730677331949,0.1916717589655545,A,grading/data_processed/onion/A/Onion_Red_1_r_179__100.jpg,ff8f8101010181ef,8
5929.0,484.0731554031372,0.9292929292929292,0.3179576774091256,0.8502186850218685,21.734843546284225,19.24372597282327,129.78992829204694,48.315918717948435,79.49494784876141,46.508694290629,4259.754762881532,664.9398379398381,0.4710690908322166,0.3065337753573282,A,grading/data_processed/onion/A/Onion_White_1_r2_165__100.jpg,ffdf9f81000181c3,4
5624.5,384.7766922712326,0.98,0.4773932469416091,0.7792864565292691,17.366022099447513,17.793154456202426,140.98428867403314,50.12005884607855,75.17783149171271,44.094509470718805,2769.125625780924,302.809175257732,0.5212751776597305,0.3944682191196387,A,grading/data_processed/onion/A/Onion_White_1_r2_116__100.jpg,ef8f9f0f010181c3,23
6339.5,320.6345556974411,1.162790697674419,0.7748974269472633,0.9590046138718704,24.252122896402657,45.63000619534007,101.99552261849622,53.124079329087586,83.48170449282075,47.56413493934106,2133.9650091806384,497.96605590791626,0.3673464956111566,0.2349956522497127,A,grading/data_processed/onion/A/Onion_2_r1_14__100.jpg,ffc580000080c1ff,54
4982.5,276.8355680704117,1.036144578313253,0.8169837071179804,0.9689809412679892,148.48617918055282,48.09658785718265,107.18780631248777,47.178289894356666,65.5283277788669,37.63630044102737,7454.399431579852,345.08433734939763,0.4486167156388824,0.2684863300923011,A,grading/data_processed/onion/A/Onion_Red_3_r_119__100.jpg,ff8381818181c3ff,22
4174.0,330.73506128787994,1.5625,0.479514599876873,0.8721270371918094,36.573182028717,57.86481101252373,84.91083835108847,55.93285417520388,55.52431681333951,32.13712855353119,8613.737333984374,346.8631628787879,0.4833703852914261,0.3094538742959482,A,grading/data_processed/onion/A/Onion_2_r1_305__100.jpg,ff8701010083c7ff,53
5142.0,318.19090604782104,1.1162790697674418,0.6382141220297832,0.9144584741241332,81.85424564063685,85.56669553588777,112.07998483699772,47.02727388932397,68.62850644427597,40.18188337355919,10301.68920835352,399.686658506732,0.4722930594472909,0.3453894121725628,A,grading/data_processed/onion/A/Onion_Red_1_r_128__100.jpg,ffc3830181c1c3e7,8
3736.5,268.4924222230911,0.63,0.6513445517031293,0.9194143700787402,33.82493506493506,58.17643564156244,152.84753246753246,57.275500760951545,49.676623376623375,28.800542906606836,14823.33045351474,323.7696774193549,0.5041119446687404,0.3661346986914079,A,grading/data_processed/onion/A/Onion_Red_2_r0_44__100.jpg,efe7c381818183c7,3
6052.0,344.87719762325287,0.94,0.6394105851865414,0.905445840813884,146.04015481373972,47.64503655553157,90.42186744073535,41.9438701479613,79.60216094178358,45.767055533484296,4284.247328100951,353.1538709677419,0.5015191477478746,0.3263091600591224,A,grading/data_processed/onion/A/Onion_Red_3_136__100.jpg,ffe78301008181c7,4
5134.5,326.6345566511154,1.032258064516129,0.6047609815743175,0.8661437246963563,33.95412322274881,15.023563784302963,60.28587677725118,44.21170717942746,67.99355450236966,39.596796703350385,1842.9413496818636,266.60045274476516,0.6090133927801356,0.3964113143784606,A,grading/data_processed/onion/A/Onion_White_2_r1_9__100.jpg,ff9f0f07010181c7,13
6638.5,313.1198378801346,0.91,0.85086107617138,0.9798523985239852,16.44040762073549,14.20875599002506,144.20454881110618,53.278448488915224,87.26628267611873,50.433203677059,5189.844943847362,567.502888888889,0.3739590954966284,0.2414337191461473,A,grading/data_processed/onion/A/Onion_White_1_r_152__100.jpg,ef838901018181c3,103
6981.0,328.87719762325287,0.94,0.8110730586900556,0.9702571230020848,17.582841898343162,18.178224748192154,143.62103341757933,55.863495735067715,91.7292895254142,52.74367244684028,4184.634347838389,494.1903225806451,0.3754642826920883,0.2271907262278554,A,grading/data_processed/onion/A/Onion_White_1_r2_59__100.jpg,ff8f8f00818181c7,16
3873.5,335.6639940738678,0.59,0.4320200555600584,0.8262585324232082,34.77766724695349,50.60746930930942,78.61303158418303,53.77333649466037,51.85476249689132,30.915723186411807,14884.10537118644,462.8296551724139,0.4473605225780884,0.2945698611391832,A,grading/data_processed/onion/A/Onion_2_r0_101__100.jpg,e7c3c3c18181c3c7,3
5258.5,348.09039986133575,1.0674157303370786,0.5453654870819984,0.9189968542467668,34.27543470218276,10.28627306483108,70.10432852386238,35.891961756649145,70.0179430262671,40.75255192326835,2095.6111748110934,397.2929715515179,0.5310498809530688,0.3446415737372733,A,grading/data_processed/onion/A/Onion_White_2_r1_92__100.jpg,ff9f0703030181e3,24
4084.0,283.9066336154938,1.4705882352941178,0.6367141729368093,0.9190953077528976,36.657074910820455,57.790748659995145,82.56361474435197,52.780248515017306,54.06397146254459,31.64135297355067,10656.87911548443,329.5977421271538,0.5072795353724548,0.370839920093954,A,grading/data_processed/onion/A/Onion_2_r2_244__100.jpg,ff878301000387ff,0
6398.0,334.53405117988586,1.0,0.7184117719423427,0.9313632724361308,145.7703715028283,48.17424785026813,92.30362329918972,42.369926501969054,84.15884421342302,48.45105108404234,4155.694603840001,349.90606060606063,0.4971868029509587,0.3345704621502842,A,grading/data_processed/onion/A/Onion_Red_3_105__100.jpg,ffe78707000081e7,12
6292.0,333.70562386512756,1.1111111111111112,0.7100215436790338,0.9556500607533416,31.801398601398603,52.807930974444595,87.48749028749029,48.91954567633677,82.64055944055944,47.299672219502995,3303.256735802469,505.0172839506173,0.4237317137403348,0.2721199585995152,A,grading/data_processed/onion/A/Onion_2_r1_221__100.jpg,ffc30100010183ff,0
4558.0,328.87719666957855,0.73,0.5295618139162817,0.8781427608130238,50.38263460310704,62.643975938846,74.71504575441584,53.02136203596029,60.876782294105126,36.31810011592987,9713.102054494277,518.2855555555556,0.4518694207063687,0.3374195148659094,A,grading/data_processed/onion/A/Onion_2_r0_208__100.jpg,f3c383c18181c1e3,50
6470.5,312.63455736637115,1.098901098901099,0.8319050153527346,0.9722764838467318,94.07041187159298,85.66884237562553,117.74939430648092,44.6063138529824,84.9663840096911,48.68500114356856,4137.154385448617,359.973692973693,0.4062180473975761,0.2604581593785032,A,grading/data_processed/onion/A/Onion_Red_1_r2_136__100.jpg,ffc38301018183ef,8
5966.5,402.7178169488907,1.1235955056179776,0.4623041808545908,0.8932554831948499,34.610785272075596,10.747957939632371,50.158357771260995,31.73546592328935,79.11518409905507,46.195300564093166,3238.440106792072,501.76461241629784,0.5784055668761058,0.2971865663754704,A,grading/data_processed/onion/A/Onion_White_2_r0_6__100.jpg,ffcf8f01000181e7,2
6151.5,340.43354618549347,0.97,0.6670005544284711,0.9315514499886424,83.50555908513341,84.54407191613831,116.98443456162644,42.53046309869319,81.22029860228717,46.78686813788945,5734.396674460622,399.5449999999999,0.4690749321505347,0.3353086976847685,A,grading/data_processed/onion/A/Onion_Red_1_118__100.jpg,ffe78301000181c7,4
5928.5,339.9482649564743,0.95,0.6446574861791142,0.9232266604375924,62.46460322686862,80.71297668171322,118.56354955548238,42.94591549687733,77.90154757984854,44.78677601116883,5482.254731734072,464.30414893617024,0.4955726655119002,0.3473833426289747,A,grading/data_processed/onion/A/Onion_Red_1_6__100.jpg,ffef8381000181c3,4
6911.5,314.97770392894745,0.91,0.875432268551189,0.9845441595441596,149.26323258124023,46.21866805209028,100.66397048389383,40.374348548714174,90.79097488292892,52.411045691871855,2515.3913789518174,364.62766666666664,0.4243794930243236,0.2113740759885184,A,grading/data_processed/onion/A/Onion_Red_3_r2_102__100.jpg,e7c78785818183c7,3
3907.0,306.5929254293442,0.57,0.522310812640027,0.8855394378966455,42.130413264043554,60.607973664503334,74.0737441227419,48.16102975431652,52.10715169512497,30.80094148506257,12350.642287811634,424.2332142857143,0.4236358774498818,0.2696829440400755,A,grading/data_processed/onion/A/Onion_2_r0_124__100.jpg,e3c3c3818181c1e3,50
4727.5,310.2914105653763,1.1294117647058823,0.617023768881799,0.8954446443792026,140.71866639226178,56.067617897449445,87.56328462646636,42.479851984801094,62.309734513274336,36.15313195713828,8905.991031334104,297.6934984520125,0.5639310944653547,0.3906244449430059,A,grading/data_processed/onion/A/Onion_Red_3_r2_120__100.jpg,ffc3c3018183c3e7,8
5246.0,325.56348860263824,1.1764705882352942,0.6219661699918465,0.8917977050573735,142.25580100241322,53.00852526643593,95.92444774457026,45.8329673558891,69.2054947094858,39.81896455523064,7972.494734948097,387.0382650029709,0.5163953477048163,0.3537128430970052,A,grading/data_processed/onion/A/Onion_Red_3_r_28__100.jpg,ffe1c080c0c1c1f7,5
4812.0,300.39191591739655,1.3888888888888888,0.6701299079891803,0.9511761217631944,37.65404858299595,59.68596931441832,79.2168016194332,53.27963964880403,63.57105263157895,36.84603061072466,6262.021614506172,375.6393097643098,0.4651209839587636,0.3007466162011852,A,grading/data_processed/onion/A/Onion_2_r1_141__100.jpg,ffc3810080c0c3ff,6
6562.5,311.462983250618,1.1111111111111112,0.8500927305100634,0.9793314430681987,20.987752053771473,11.86422437897962,121.48469006721434,49.470951911268045,86.30336071695295,50.36975287943905,5380.707975,470.8949494949495,0.4155600625237204,0.2435039942705926,A,grading/data_processed/onion/A/Onion_White_1_64__100.jpg,ffc39d0c000181ef,2
7068.0,331.2203435897827,0.96,0.8096035394526029,0.968882796435915,16.90306476216891,16.252067456540694,141.3075856330606,55.00535112842989,92.96019969491056,53.50967648350762,3837.333507714845,484.2488421052632,0.3806495591906172,0.2343583448375881,A,grading/data_processed/onion/A/Onion_White_1_r2_63__100.jpg,ff8f8f00018181c3,3
6974.0,318.87719666957855,1.0416666666666667,0.861876184338713,0.979700779658636,25.359774964838255,43.200145360421075,164.55977496483823,52.976636964650645,92.78551336146272,50.88893328953641,3162.125374826389,447.8386994949495,0.3824273110919365,0.2437748645552797,A,grading/data_processed/onion/A/Onion_Red_2_r1_121__100.jpg,ffc181808081c1e7,7
4671.5,300.97770261764526,1.2048192771084338,0.6480336704276982,0.899576352782592,143.4202083333333,52.708742633045496,90.00375,43.485356569050715,61.598958333333336,35.43842957273367,8861.811729583393,343.15601801143976,0.5772787836728528,0.4081877281233862,A,grading/data_processed/onion/A/Onion_Red_3_r_46__100.jpg,f7e3c18180c1c3ef,26
6942.0,320.3919161558151,1.0638297872340423,0.84982866074513,0.980577724415566,17.699435028248587,14.77396739793202,140.43206214689266,54.966555473363016,91.2635593220339,52.97992397496781,4614.336103655501,506.2712228669676,0.3909443320607871,0.2346739643483542,A,grading/data_processed/onion/A/Onion_White_1_136__100.jpg,ffc7870f000181e7,12
6111.0,336.04877042770386,0.94,0.6800134870166906,0.9222062929148116,144.31441815856778,50.64260419737146,96.28772378516624,39.981005914674995,80.50367647058823,46.03515960640748,5009.994696231327,407.06774193548375,0.4751466584510472,0.3206796945987104,A,grading/data_processed/onion/A/Onion_Red_3_47__100.jpg,ffe78101000183c7,4
6651.0,314.04877042770386,1.1111111111111112,0.8474276245731601,0.9769388954171564,21.485040530582168,14.988763817221182,120.5518054532056,48.81518549199609,87.36330140014738,50.899733046236626,5494.709824395062,471.8562289562289,0.4158567932814448,0.2346663533395001,A,grading/data_processed/onion/A/Onion_White_1_62__100.jpg,ffd39d0c000081e7,2
6689.5,321.8061293363571,1.1235955056179776,0.8117361711896794,0.9739389968697678,20.6384007029877,10.100782502703035,121.97231985940246,51.403793589382055,87.99121265377856,51.32303114191995,5515.701797487691,548.7963908750423,0.4087874205100994,0.2199036613305584,A,grading/data_processed/onion/A/Onion_White_1_46__100.jpg,ff8f8f0d000081f7,13
5561.0,299.5634900331497,1.2658227848101269,0.7787265750447109,0.9621107266435986,25.92476709439269,47.64851572931657,80.42608542801898,52.744879879240955,72.96589910353313,41.84885917576362,4894.19568112482,424.4490474363893,0.438893372017382,0.2673770948863868,A,grading/data_processed/onion/A/Onion_2_r1_149__100.jpg,ffc381008080c3ff,0
4892.5,332.9188265800476,1.162790697674419,0.5547074361793758,0.8815315315315315,142.61426868044515,53.569217172918265,87.35393481717011,40.53984536747325,64.71422893481717,37.5736136538184,11562.300697674418,356.5292459478506,0.5510292825575352,0.4031923115360473,A,grading/data_processed/onion/A/Onion_Red_3_r2_135__100.jpg,ffc783810183c3ef,8
7028.5,327.80612993240356,0.95,0.8219366993589169,0.970586204515639,17.978521617852163,19.755311742070337,142.17112970711298,55.59263698054263,92.4115760111576,53.209507281679706,4140.066414670361,529.8423404255319,0.3764794629181938,0.2304837012293225,A,grading/data_processed/onion/A/Onion_White_1_r2_60__100.jpg,ff8f8f00818181c7,16
4541.5,328.29141080379486,0.73,0.5295294785148219,0.8789432939810334,49.76313541221701,63.11486839053656,74.51196070055532,52.715224370535296,60.57689021785562,35.87042637258019,10199.27211867142,507.6670833333335,0.4532955467750568,0.3400545185955981,A,grading/data_processed/onion/A/Onion_2_r0_209__100.jpg,f38383c181c1c1e3,50
4034.0,281.42135286331177,1.492537313432836,0.6400761791669716,0.9238520554219628,32.48375451263538,53.42137210157843,82.82551143200963,53.84520420458518,53.47460890493382,30.96413076125527,10288.86609692582,324.00407055630944,0.5074259981416828,0.3677924125205307,A,grading/data_processed/onion/A/Onion_2_r2_241__100.jpg,ff878301000187ff,0
6277.0,323.7056237459183,1.020408163265306,0.7527686147521153,0.9437678544579764,145.13671083398285,50.175525275260085,97.1837879968823,42.14514561767554,82.72346063912704,48.23634238096494,4811.154655518535,355.8705421562564,0.4858402451997449,0.3327296956012503,A,grading/data_processed/onion/A/Onion_Red_3_94__100.jpg,ffe78301000183c7,4
5943.5,394.2325348854065,1.0,0.4805595431283109,0.8358177471522993,16.184718586387433,16.23103228844572,144.1598494764398,48.49560221037564,78.92342931937172,45.77290032264266,3203.258210083057,387.0792525773196,0.4554373217065056,0.3358816588841734,A,grading/data_processed/onion/A/Onion_White_1_r2_99__100.jpg,ff8f8707018181e3,67
5798.0,377.3624793291092,1.1111111111111112,0.5116472471255932,0.8706359336286508,34.774572291177456,9.719541015451728,51.74639382757464,30.51363537098984,76.85642401878565,44.58568654824341,2976.4399305555557,388.5707070707072,0.6053778359428239,0.3263367741461452,A,grading/data_processed/onion/A/Onion_White_2_r0_177__100.jpg,ffdf8f00000181e7,13
5185.5,323.32084822654724,1.1764705882352942,0.6233516073021369,0.89451440400207,142.60608336462636,52.97642147444295,93.9562523469771,44.649418370181394,68.41363124295907,39.163588492465365,7367.394823792387,383.5102792632203,0.5198571796273718,0.3585630211775747,A,grading/data_processed/onion/A/Onion_Red_3_r_30__100.jpg,ffe1c080c0c1c1f7,5
5398.5,304.8355666399002,1.2345679012345678,0.7300484714805626,0.9463581383118592,28.570602061110108,41.713322789234034,93.2507683963117,52.334738184789295,71.23720846139939,41.23369328633997,4968.186557094955,442.9998752961716,0.4967364629291317,0.3045320725831831,A,grading/data_processed/onion/A/Onion_2_r2_18__100.jpg,ffe1c18000c0e1ff,59
6081.5,318.29141068458557,0.95,0.7543462522571229,0.938647939496836,143.89464371883545,51.70035912765982,96.19012385394883,39.749621063794216,80.0381212803603,45.81501848183265,4772.167562049861,388.3918085106382,0.481292061162178,0.3299064558007239,A,grading/data_processed/onion/A/Onion_Red_3_39__100.jpg,ffe78101000183e7,1
6828.0,327.56348848342896,1.098901098901099,0.7996729418277801,0.9728574481726864,28.51047345767575,53.41426541387695,79.22080344332855,48.62019109229125,89.50329985652797,51.40771065783199,2042.7971073421083,491.7514707514708,0.3666064338951056,0.2203948922894278,A,grading/data_processed/onion/A/Onion_2_r1_174__100.jpg,ff9b8981008081ef,65
7372.0,332.7350618839264,1.0638297872340423,0.8367545000003218,0.9759714039849076,28.926699481176,57.50999312948276,153.54489823067712,52.705680892134296,97.14088067048024,55.3070640391325,2169.154874377546,315.29583064689444,0.331270097917377,0.1869295273535537,A,grading/data_processed/onion/A/Onion_Red_2_r1_238__100.jpg,fff1f9808081c1e7,15
7271.0,323.22034323215485,1.0416666666666667,0.8745942835918599,0.9845633039945836,20.687989203778677,45.28172217532392,164.3029689608637,47.682999053568366,96.40823211875843,54.48277978000114,2082.879846343316,372.8453282828283,0.3435063955975888,0.2131478734453994,A,grading/data_processed/onion/A/Onion_Red_2_r1_256__100.jpg,efc1c1808081c1e7,7
4860.5,330.97770273685455,0.76,0.557562217866743,0.8874383786744569,47.48621103117506,56.31385450796867,77.25099920063948,49.17944341772205,64.52298161470823,37.954067797970346,7986.464723268698,506.7957333333334,0.4642960122958469,0.3242459011991431,A,grading/data_processed/onion/A/Onion_2_r0_45__100.jpg,cfc1c181818183c7,26
6570.5,312.14927542209625,1.1111111111111112,0.847390559449444,0.9764452370337344,35.90708426547353,12.25658515722224,48.83206562266965,25.644035188991317,86.50738255033556,50.19447323273417,3257.517419444445,426.69629629629634,0.5164484034047551,0.2441309637162916,A,grading/data_processed/onion/A/Onion_White_2_r0_45__100.jpg,ffcf8f04000081e7,13
5516.0,367.01933240890503,0.9791666666666666,0.5145839539701206,0.850316016648682,34.7167782869228,11.962282567028968,54.67765244977088,27.152026425441345,73.21871695452943,42.58506503318699,2900.6459602113036,451.2867383512545,0.5481953720788145,0.3537995395558099,A,grading/data_processed/onion/A/Onion_White_2_r1_62__100.jpg,ff9f9f01018181c3,16
4255.0,328.1909064054489,1.1282051282051282,0.4964280831559237,0.8582955118507312,56.03322712790168,78.52115027042433,110.7501137915339,47.10932970378083,56.68684569868002,33.58530162339751,16145.497227859552,380.45137046861186,0.491918316388083,0.3429754519333685,A,grading/data_processed/onion/A/Onion_Red_1_r_136__100.jpg,ffc3830181c1c3f7,88
7253.0,322.8771975040436,1.020408163265306,0.8742845252352808,0.9843919652551576,81.07969151670952,83.26830173988462,117.78744418887835,48.36227766069843,95.11500473548912,54.351143934352066,4213.6705122448975,514.760667903525,0.3406109458855029,0.2318522910776036,A,grading/data_processed/onion/A/Onion_Red_1_r2_49__100.jpg,ef8f0f01010181c7,16
6215.5,337.9482661485672,0.98,0.6838887971303544,0.9223862877494992,71.03930817610063,83.13706211057078,118.36918238993712,43.493470123188295,81.79465408805031,47.010359185952886,4716.5650440545605,408.77298969072166,0.4593510923886675,0.3380234650097919,A,grading/data_processed/onion/A/Onion_Red_1_25__100.jpg,ffe78381000181e3,4
6201.0,335.0193325281143,0.97,0.6942755278447771,0.9230425721941052,72.60949077723475,83.55718899268629,118.21314835251458,43.697799557621266,81.53539334699668,46.817947372265735,4858.67907475821,410.73541666666665,0.459410251553177,0.334569298753491,A,grading/data_processed/onion/A/Onion_Red_1_24__100.jpg,ffe78381000081e3,4
6322.5,324.776692032814,1.0,0.7532324020449593,0.9401486988847584,146.19195046439629,47.95704344202524,94.14102167182662,43.038733597403386,83.21842105263158,48.20577796370334,4733.351047640001,348.6726262626264,0.4997655816507086,0.3418251515634916,A,grading/data_processed/onion/A/Onion_Red_3_100__100.jpg,ffe78701000183e7,12
7397.5,326.6345570087433,0.99,0.8713057457200467,0.985676215856096,18.83921464579464,38.15696507284095,155.89692226054655,56.74671643388437,97.5920668612364,55.71921110606835,2604.878349668401,373.59183673469386,0.339153952655472,0.2226834445869918,A,grading/data_processed/onion/A/Onion_Red_2_r2_96__100.jpg,f7f1f1a0808181e7,55
7525.0,328.0487701892853,1.0,0.8786978025514278,0.9848187410024866,75.22932428906861,82.30732851737889,119.61531437516304,40.65777737033326,98.76402295851813,56.72488901580101,3299.8017771900004,531.2422222222223,0.3413915133547096,0.2193113997311482,A,grading/data_processed/onion/A/Onion_Red_1_r2_29__100.jpg,ff8f1f01010181c3,18
5679.0,404.1909053325653,0.979591836734694,0.4368261794288597,0.794487968662563,18.242657103825135,10.959206090363258,140.44945355191257,50.19634440379763,75.7651980874317,44.2106199753894,3086.5861592929846,379.6373791621912,0.4899631919227397,0.3605291438675228,A,grading/data_processed/onion/A/Onion_White_1_r_21__100.jpg,ffcf8f8f010101c3,58
5942.0,319.22034430503845,0.94,0.732759382711865,0.925617259911208,146.2942918243132,48.22404549833372,94.09212041454188,40.97778921774389,78.08093436420464,44.871409150519014,4558.420851505205,359.9531182795698,0.5114834330681144,0.3395130683760255,A,grading/data_processed/onion/A/Onion_Red_3_171__100.jpg,ffe781010081c1e3,12
4493.0,330.04876959323883,0.74,0.5183105472279027,0.8591643560569844,47.88435814455232,63.5853002083161,72.59288025889968,54.3832712020341,59.704422869471415,34.79875588090678,9660.52334768079,483.6057534246575,0.4675016013126569,0.3548176329278426,A,grading/data_processed/onion/A/Onion_2_r0_220__100.jpg,f3c383c181c1c1f3,50
4974.0,308.73506236076355,1.175,0.6557582100805822,0.9217939214232764,132.35304484041512,61.64339428970568,91.48306246328568,47.94035783880577,65.56726062267477,37.770191417276315,9479.92646161654,353.0248655913978,0.4478848296350584,0.3054278078322306,A,grading/data_processed/onion/A/Onion_Red_3_r_15__100.jpg,ffe1c0c0c0c0c1e7,5
6926.0,327.22034323215485,1.0638297872340423,0.8128525257377573,0.9726162055891028,29.169237300127353,53.29105771199322,84.18324607329843,51.53847567801811,90.74854959671714,52.05432524446683,2179.1871249886826,451.0812379110252,0.36977466009936,0.2359553309351063,A,grading/data_processed/onion/A/Onion_2_r1_194__100.jpg,ffb38300008081ef,1
6292.0,320.53405141830444,1.020408163265306,0.7695737262998678,0.9458098459225855,146.2971375233354,48.42539355574056,95.9621966397013,41.221116330295885,82.92532669570629,48.42237637103824,4760.284024114952,341.7991135848279,0.4897784028170105,0.3309837607640327,A,grading/data_processed/onion/A/Onion_Red_3_96__100.jpg,ffe78301000183e7,4
6139.5,357.1198374032974,0.94,0.6049436430123589,0.9003519577650682,64.5182713695583,81.81635930904451,112.5600571973308,43.19475923850001,81.1763584366063,46.77271685466061,6012.387647397012,377.9560215053762,0.4727271674380596,0.3160770658041234,A,grading/data_processed/onion/A/Onion_Red_1_144__100.jpg,f7e78381000181c7,4
6774.5,343.3208485841751,0.88,0.7222486795815007,0.958407017047464,24.619205776173285,37.62944704042,103.41617328519855,50.37842152899774,88.89400722021661,50.94989426700935,2600.909140289256,605.2865517241379,0.3748581249882366,0.196251737194762,A,grading/data_processed/onion/A/Onion_2_r2_321__100.jpg,ff819f818181c1e7,37
5026.0,334.87719774246216,1.0777777777777775,0.5631981176628538,0.877290975737476,34.18820116054159,16.18056885783069,62.287427466150874,44.16910725105262,66.89593810444875,39.04013709740513,1690.2974836149783,294.9798611111111,0.6059910259833752,0.3952865714277395,A,grading/data_processed/onion/A/Onion_White_2_r1_0__100.jpg,ff9f1f07010181c7,23
6617.5,318.00713980197906,0.84,0.8222995877026759,0.9755288567848456,25.128015391445903,47.3616759717069,94.14311084800948,51.59339243483351,86.85259730649696,49.91671202363749,2445.9223996456917,550.1118072289156,0.3319534916338817,0.1783190124436195,A,grading/data_processed/onion/A/Onion_2_r2_162__100.jpg,fff9c181818183c7,39
6598.5,353.46298360824585,0.88,0.6636929538716395,0.960550258388529,24.76525473933649,46.401974163541425,90.73504146919431,52.17036691856508,86.90165876777252,50.09835808717165,2207.4360862474177,548.5996551724138,0.3442597814803364,0.2167888920169622,A,grading/data_processed/onion/A/Onion_2_r2_146__100.jpg,ffd98181818181c7,39
5487.5,372.91882741451263,0.9484536082474226,0.495856233630373,0.8835842524756461,34.0391358243315,10.68243694944306,54.876217460598546,38.19583733510673,72.7379139366035,42.28013810742033,2698.5232368493066,439.3260450889318,0.5584757555609736,0.3502944555035154,A,grading/data_processed/onion/A/Onion_White_2_r1_172__100.jpg,ff9f9f01000181c7,16
5400.0,413.6467492580414,1.065217391304348,0.396592404612629,0.7651976760663172,15.11760487629975,8.249763420026154,144.29150233058445,45.74076174776066,72.98476156328434,43.06113480941264,3134.4861039582397,400.5380995069475,0.4778395868062668,0.3645626354313178,A,grading/data_processed/onion/A/Onion_White_1_r_86__100.jpg,ffffbd00008181c3,43
4334.0,276.10764479637146,1.5151515151515151,0.7144007603855065,0.9406402604449268,70.88527166591828,81.11626692148336,155.64077233947015,58.44852208665193,57.40884598114055,32.35216971667942,12897.688509090907,233.28849097030917,0.5075506501956503,0.3122581434197345,A,grading/data_processed/onion/A/Onion_Red_2_r2_206__100.jpg,ff878100008387ff,0
5275.0,316.5340517759323,1.127906976744186,0.6615938417851484,0.922444697035936,79.33906452209281,85.30049128353528,111.85228323165096,46.62509235651032,70.2573488630061,41.00704449666416,9234.737558731294,349.9905523255814,0.4706272637459517,0.336368270982458,A,grading/data_processed/onion/A/Onion_Red_1_r_127__100.jpg,ffc3830181c1c3e7,8
5720.0,369.5046135187149,1.0103092783505154,0.5264609490721648,0.8121539116853613,16.212657366451175,16.237247611126023,144.83514800952705,48.3472772113361,76.39265056141545,44.84993268453595,2975.221704362563,333.08491869486664,0.4885791725564783,0.3678914493682289,A,grading/data_processed/onion/A/Onion_White_1_r2_103__100.jpg,ff8f8f0f030181e3,11
3857.5,314.4924204349518,0.58,0.4901121091996328,0.853429203539823,37.22759138708062,55.48489334893047,75.8119679519279,51.10833140782341,51.45893840761142,30.2315126649615,13624.891409007136,450.2263157894737,0.4475649637569295,0.2861348918988342,A,grading/data_processed/onion/A/Onion_2_r0_113__100.jpg,e7c3c3c1818183e3,26
5107.0,286.73506295681,1.3333333333333333,0.7805740612420794,0.9634031314846256,13.224899598393574,23.430563415837796,157.86804360298336,61.23083016773864,67.20405431248805,38.67901279257106,9243.469427982223,371.89966329966336,0.4194378295768335,0.2897954898399806,A,grading/data_processed/onion/A/Onion_Red_2_r2_49__100.jpg,ffc381800081c3ff,0
6375.0,324.877197265625,1.0103092783505154,0.7590171580474552,0.9504286246738726,21.51381639545594,36.871898284488815,83.23226895916487,49.846284404541194,83.78584587043291,48.14354982841673,2802.567119025095,521.9015835901796,0.4385894667079761,0.3010946590516818,A,grading/data_processed/onion/A/Onion_2_r2_117__100.jpg,ffc1c0e080c0c1e3,5
5296.0,344.19090592861176,1.0210526315789474,0.5617706657201181,0.8572353512463581,33.05915855226897,10.136900057661212,69.6000367444424,38.61426201466843,70.27686937350725,40.76137807596639,1745.332712611753,321.3606359649123,0.5755873111114376,0.3958140303647403,A,grading/data_processed/onion/A/Onion_White_2_r1_105__100.jpg,ff9f8f0f070181c3,76
4134.0,283.9066346883774,1.4705882352941178,0.6445093954521971,0.9182585517547756,32.17626321974148,54.1196693818762,80.32220916568743,53.2282830626611,54.84888366627497,32.323314655472274,9730.542605882352,363.9695484254308,0.5167048794054604,0.3619735444406912,A,grading/data_processed/onion/A/Onion_2_r2_250__100.jpg,ff878301000187ff,0
4524.5,277.32084929943085,0.7,0.7392909901986868,0.9493285774234158,15.571520896165444,29.462851521694084,157.14196467040068,53.787767800370816,59.85200344679018,33.41818295216231,11747.254264816327,320.5076811594204,0.4753738192916157,0.3181864172042196,A,grading/data_processed/onion/A/Onion_Red_2_r0_197__100.jpg,f7e3c1818181c1e7,7
5620.5,341.9482649564743,0.9387755102040816,0.6040376471601816,0.8924261670371546,34.887289752037454,13.237507980640046,50.769724293393445,31.338097098955135,74.34177215189874,43.125806194093585,2756.370976774308,436.9467369365329,0.5713443926126388,0.3450789883361104,A,grading/data_processed/onion/A/Onion_White_2_r1_32__100.jpg,ffcf8f81018181c7,16
6264.0,335.362478017807,0.99,0.6998946488236352,0.9286190793862577,145.87123458717028,48.9721331469485,92.10394880599344,40.80483566586966,82.38863742781334,47.44264409107639,4275.513998275686,362.9841836734695,0.5039993741208341,0.3386982638758573,A,grading/data_processed/onion/A/Onion_Red_3_114__100.jpg,ffe78105000181c7,4
4355.0,283.70562386512756,1.408450704225352,0.6799267592861464,0.9255126979067048,21.362620165437068,42.29285291895215,156.73284149340486,58.939464193638635,57.93784931813101,32.27806723516501,15101.95363848443,309.64817185943946,0.4787339991904178,0.3553684030354427,A,grading/data_processed/onion/A/Onion_Red_2_r1_145__100.jpg,ffc383008183c3ff,0
4438.0,371.2203425168991,0.74,0.4047003944463446,0.7997837448188863,41.339056726798525,52.2053005764944,75.6692023473158,51.388164308401706,59.184307759182786,34.86325541823256,9142.56878568298,476.49383561643833,0.5062554351972507,0.362002520340115,A,grading/data_processed/onion/A/Onion_2_r0_69__100.jpg,cfc3c383838383cf,26
5064.0,324.3919162750244,1.0777777777777775,0.6047327856929031,0.8682383197599657,33.176787086856265,12.369855594039258,64.43101460415065,45.822314634837106,67.31879323597232,39.348245450917126,1752.90196894489,282.9537037037037,0.601138414536195,0.3923946027987076,A,grading/data_processed/onion/A/Onion_White_2_r1_1__100.jpg,ff9f1f07010181c7,23
6472.5,325.46298384666443,1.1363636363636365,0.7678541214029082,0.9658285458479444,16.84452510586812,15.463626367801224,138.2457652752571,57.09889113051583,85.13233514821536,49.38367758101337,5434.374916890495,469.31531221303953,0.401099032303835,0.2357802818538885,A,grading/data_processed/onion/A/Onion_White_1_197__100.jpg,ffc38307010103ef,8
6638.0,482.4163011312485,0.979381443298969,0.3584290186664358,0.9003119490031195,15.479766252739228,8.283282887955686,141.02658875091308,43.92701490593226,89.209057706355,52.448269882316005,3019.689298529227,621.0708488703664,0.363953698193115,0.2397326263869597,A,grading/data_processed/onion/A/Onion_White_1_r_95__100.jpg,ffff9f09018181c3,11
6790.0,318.04877042770386,1.0869565217391304,0.8435138083993682,0.9785976796137492,12.457984406583886,20.37871042292994,163.9615939936471,54.819420805843286,89.0771007796708,51.11852684611019,3762.717400744329,516.405138339921,0.3640765995949446,0.2315953191327547,A,grading/data_processed/onion/A/Onion_Red_2_r2_65__100.jpg,ffe38180008183e7,7
3923.5,297.17871272563934,0.58,0.5582749311223324,0.8968,37.97359980261535,57.78904474354002,87.14951887490747,57.091672036553774,52.0846286701209,30.150383718668735,14114.9875803805,475.22368421052624,0.4200251121937332,0.2769442588306003,A,grading/data_processed/onion/A/Onion_2_r0_300__100.jpg,e7e3c383818183c7,26
4462.0,275.0782079696655,0.69,0.7410150987287547,0.9532151249732964,16.673727888185194,31.455742851595435,155.4031447914392,52.069191025122414,59.07796462109631,33.08472571265489,11892.98134005461,340.2270588235295,0.4745871076195554,0.317226795105445,A,grading/data_processed/onion/A/Onion_Red_2_r0_202__100.jpg,f7e3c1818181c1e7,7
6537.0,309.7056237459183,1.1111111111111112,0.8564266360321034,0.9787393322353646,20.26739652069586,11.384090446648742,123.1985602879424,50.794738357804945,86.02249550089982,50.12876135820775,6122.681077333334,466.21290684624023,0.3939491719575737,0.2472454152184257,A,grading/data_processed/onion/A/Onion_White_1_74__100.jpg,ffc38d0c000181ef,2
5698.5,342.43354535102844,1.0638297872340423,0.6106857864952682,0.8910867865519937,146.92453798767968,49.355569407744674,97.09377138945928,41.63861878692659,75.21269678302532,43.22697014158245,6632.030055183341,448.43359123146354,0.5047595822442146,0.3637261386758332,A,grading/data_processed/onion/A/Onion_Red_3_r2_18__100.jpg,ffc3c1810181c3e7,8
5600.5,343.8061298131943,1.2195121951219512,0.595400828238327,0.9033793047826436,26.817739130434784,44.20658418520082,101.62678260869563,51.90146027178864,73.87808695652174,42.11455090677568,4699.384753063653,470.3027839369304,0.4589518592791545,0.2861353997712768,A,grading/data_processed/onion/A/Onion_2_r1_46__100.jpg,ffe1c0800080e1ff,59
5619.0,397.1614682674408,1.0,0.447645971988629,0.7800374817796905,16.326252158894647,16.199483507789587,141.5970639032815,49.27124345694813,75.12469775474956,44.035846538349425,2514.8673903194745,322.0970933828077,0.5150973738571613,0.3957144574222785,A,grading/data_processed/onion/A/Onion_White_1_r2_112__100.jpg,ef8f9f0f010181c3,23
5806.0,355.84775960445404,1.0638297872340423,0.5761803243920292,0.874924653405666,34.50604229607251,10.653624347062376,53.127223900637794,29.764025397035983,76.96391406512252,44.79882157477756,2655.959035762788,389.1472168493445,0.5962778541907451,0.3534956998005988,A,grading/data_processed/onion/A/Onion_White_2_r0_65__100.jpg,ffdf8f03000181e7,13
6607.0,315.2203435897827,1.1,0.8355754945555408,0.9741964022412268,20.462325719371105,6.358912285934428,120.834767131415,48.937564170837526,86.7733610204687,50.50441750409514,5547.7519283620595,491.4247165532879,0.4168260212223822,0.2304097717172664,A,grading/data_processed/onion/A/Onion_White_1_57__100.jpg,ff8b9d05000181e7,2
5953.5,333.94826424121857,1.0212765957446808,0.6708475546295819,0.9338091130107442,96.99343832020998,84.83348261870111,116.47687007874016,44.62422341509679,78.75623359580052,45.10963926167154,7485.142703074995,499.7833146696528,0.4397902619010413,0.3089816907337863,A,grading/data_processed/onion/A/Onion_Red_1_r2_82__100.jpg,ffc381010181c3e7,8
4010.5,271.5218585729599,1.5873015873015872,0.6835948610257474,0.9301867099617304,57.30838178294574,76.94563297303968,149.5343992248062,58.59796655951792,53.29118217054263,30.091052066917648,13957.596720987653,221.59724226390892,0.5337846488463148,0.3325985678325777,A,grading/data_processed/onion/A/Onion_Red_2_r2_190__100.jpg,ffc78300008387ff,0
4100.0,344.0487699508667,0.7,0.4352649550641083,0.7921939909187519,44.94186867498235,63.34989270703253,72.03859731701577,54.31914024927654,54.63920922570016,31.727355177250693,10914.25653053061,479.45231884057966,0.4844229629671209,0.3698875973841144,A,grading/data_processed/onion/A/Onion_2_r0_242__100.jpg,f3c3c3c1c1c1e1e3,50
6209.0,311.22034204006195,1.162790697674419,0.8055556953699254,0.9695502810743284,27.388678650268055,51.92329766691042,78.58104698833175,51.04329671641108,81.37306843267108,46.621670405356866,3107.3956432666305,499.7156448202959,0.4068981741795148,0.2489137879586246,A,grading/data_processed/onion/A/Onion_2_r1_156__100.jpg,ff8381808080c3ff,6
6711.0,331.07820785045624,0.87,0.7693711756367496,0.9663066954643628,26.71163943990665,42.17120207669488,104.0169194865811,51.26985205817399,88.09553675612602,50.449638727719474,2610.580859756903,567.662441860465,0.3657668406144205,0.1960401837650178,A,grading/data_processed/onion/A/Onion_2_r2_318__100.jpg,ff819f81818181e7,11
5429.5,283.3208500146866,1.011494252873563,0.849987676769048,0.9738140077123127,149.0810810810811,47.16907200471695,107.69297297297295,46.28495917807818,71.2872072072072,40.905992406037925,6088.141504204706,367.4381027876866,0.4381875540567619,0.2579340223097857,A,grading/data_processed/onion/A/Onion_Red_3_r_117__100.jpg,ff8381810181c3f7,8
5017.5,286.9777022600174,1.351351351351351,0.7655982589877541,0.9586358425678256,14.98365440747227,30.74731972324594,155.6444833625219,61.24892900263893,66.01634559252773,37.942559148024486,8822.514990339663,348.7926562926563,0.4213785318442282,0.2923466000932946,A,grading/data_processed/onion/A/Onion_Red_2_r2_46__100.jpg,ffc3c18000c1c3ff,7
5444.0,301.56348967552185,1.180722891566265,0.7522643135773087,0.9553391243309642,117.2321909205096,81.13970772855997,118.87242059931816,45.22762235207767,71.94975776063161,41.51147950373584,8169.829526880976,315.1140231027201,0.4477388535149523,0.3014223227332355,A,grading/data_processed/onion/A/Onion_Red_1_r2_124__100.jpg,ff838301018383cf,8
6956.5,328.97770380973816,0.9894736842105264,0.8077328086308581,0.9736860522079922,81.75250035216227,85.45974714391124,117.65558529370334,37.72595802636882,91.4954218904071,52.87467554926716,2578.0603052483607,335.15370684776457,0.3999982348812355,0.1901892633541078,A,grading/data_processed/onion/A/Onion_Red_1_r_74__100.jpg,ff9f8d01010181c7,16
5830.0,353.22034299373627,1.1363636363636365,0.5872012926419158,0.8913691613790995,35.050300802139034,12.495813867625072,52.4725935828877,32.487321430076996,77.0904077540107,44.9785898439741,3297.6751443052685,412.5914830119376,0.5918266665012512,0.3081946090310293,A,grading/data_processed/onion/A/Onion_White_2_r0_198__100.jpg,ffdf8f01000181e7,2
6588.5,353.1198379993439,0.99,0.6639756933852727,0.9299880019761452,70.68995697967661,83.58617983873485,115.78667853434207,40.20619094367368,86.96543539534194,50.03186485958,4604.6914398428735,425.2595918367348,0.4171171428320779,0.3038612233658476,A,grading/data_processed/onion/A/Onion_Red_1_49__100.jpg,f7e78504000181e3,12
7037.0,341.705624461174,0.96,0.7573439499412441,0.9622589908382332,14.770183741648108,5.811386437593054,146.5135022271715,49.17344746639131,92.48942093541204,53.57446890841161,4147.025788888889,469.56515789473696,0.3882384842489413,0.2371165661188138,A,grading/data_processed/onion/A/Onion_White_1_r_127__100.jpg,ef87878f018181e3,47
4641.5,290.9777022600174,1.408450704225352,0.6888882838346895,0.9199286492914478,18.406925498426023,42.96486270638496,166.96159496327388,55.07600009380949,61.79223504721931,34.31658152580716,9865.003576750649,332.60278844785876,0.4642485403499264,0.3161166788813429,A,grading/data_processed/onion/A/Onion_Red_2_r1_293__100.jpg,ff618080c0c1e1ff,71
5990.0,394.81832230091095,1.0103092783505154,0.4828831920289813,0.840701754385965,15.77496346809547,13.78280069366609,144.46225036531905,48.51121893199782,79.60513070303621,46.26618396668412,2978.4644273746253,409.4063131044745,0.4564943653505954,0.335824875959381,A,grading/data_processed/onion/A/Onion_White_1_r2_98__100.jpg,ff8f8707018181e3,67
6844.5,316.1492762565613,0.91,0.8605323629919279,0.984536823935558,17.599627560521416,17.185573242267075,145.47657928663514,55.292872381918826,89.91892279043117,51.93987922909612,3765.7480933582897,554.4992222222221,0.3654570410903161,0.2173075280067284,A,grading/data_processed/onion/A/Onion_White_1_r2_39__100.jpg,ef878d89018181c7,3
6929.0,340.87719774246216,1.0869565217391304,0.7493496751463179,0.9608930800166412,15.44968908988129,36.78735337300657,173.20901639344262,46.34385556538304,92.72540983606558,51.12844126157447,2625.380310952268,444.91908212560384,0.348088983493127,0.2154696438210359,A,grading/data_processed/onion/A/Onion_Red_2_r1_270__100.jpg,ff83818080c1c1e7,73
6200.0,361.70562505722046,0.94,0.5955127004082786,0.9035925089266196,71.75334277174768,83.72009783073102,110.99905615856537,43.98675561519854,81.87588485134498,47.31641384566953,5737.744818911272,380.9097849462365,0.4604775460851521,0.3110074392038611,A,grading/data_processed/onion/A/Onion_Red_1_140__100.jpg,f7e78381000181c7,4
4425.5,300.97770297527313,1.351351351351351,0.6139083809616713,0.921211490424646,32.88801054018445,46.22383266773077,84.18884497145366,51.72463404924611,58.89547650417216,34.78714447764016,9455.752298593865,381.4963144963146,0.5266333979935686,0.3717680264690172,A,grading/data_processed/onion/A/Onion_2_r2_84__100.jpg,ffe1c10080c0e1ff,51
4592.0,306.2497797012329,0.74,0.6152621141752764,0.9033146454214616,40.41291005291005,51.58423411268141,86.59597883597884,55.8737687715827,61.10285714285714,36.64000188139293,9700.061431701974,570.0421917808218,0.4852151515426326,0.3429534335872838,A,grading/data_processed/onion/A/Onion_2_r0_338__100.jpg,cfc3c183810383c7,68
6961.0,315.90663480758667,0.9489795918367347,0.8765243861800667,0.9852795470629866,19.127078050154974,11.178823716736854,128.05269089884476,51.08273485957,92.36489151873768,54.7296834868797,4166.261733498428,373.4168145519077,0.403562910098692,0.2064456877308145,A,grading/data_processed/onion/A/Onion_White_1_r2_131__100.jpg,ffcf8f0f818181c3,67
6746.5,331.94826459884644,1.0638297872340423,0.769391853635584,0.958513887902252,36.476190476190474,58.77943340004323,88.02206736353078,48.65355889283488,88.57883275261324,50.88980487957943,2167.2070551267543,487.0548033526755,0.3980719923583639,0.2540882895242951,A,grading/data_processed/onion/A/Onion_2_r1_216__100.jpg,ffeb8100008083ef,1
6676.5,315.8061292171478,1.0319148936170213,0.8412355321123682,0.9751697947856568,22.72254844392249,45.03759377114943,180.135349383441,49.41076348162851,88.19480328831474,49.35244574847234,2826.275238927063,377.67497783687946,0.3787064327681569,0.2360176454013374,A,grading/data_processed/onion/A/Onion_Red_2_r2_277__100.jpg,ffc181808081c1e7,7
4485.0,335.70562386512756,0.75,0.5000979541075987,0.8465458663646659,50.05184705119896,64.18252346354181,71.52430330524952,54.323464365814,59.53553683300929,34.511901961678774,9378.671491555557,502.6255405405405,0.4764084184250411,0.3643406895434214,A,grading/data_processed/onion/A/Onion_2_r0_224__100.jpg,f3c3c3c181c1c1e3,50
4970.0,312.04876923561096,1.2195121951219512,0.6413887007415234,0.9142752023546724,34.60631001371742,49.57837928075272,82.64393494023123,48.634455024371505,65.68763472467177,38.142939208124304,6039.088331335514,397.73417097807345,0.5003916435005646,0.3646653660675421,A,grading/data_processed/onion/A/Onion_2_r2_98__100.jpg,ffe1c10080e0e1f7,59
5205.5,296.4924213886261,1.0,0.744123672967279,0.9449083318206573,146.62835177198576,49.4727183212457,97.2373898368648,42.410668659412536,68.44459028689293,39.36218204910084,7090.350854980875,332.5584068430901,0.4803429682323376,0.2789855167933707,A,grading/data_processed/onion/A/Onion_Red_3_r2_110__100.jpg,ffc381018181c3e7,8
6127.0,332.5340504646301,0.95,0.6962825315829266,0.9277008100537512,145.132557026639,49.47810065661539,97.44393045142766,40.51481897967025,80.68463869835699,46.18131218991611,5185.185543479224,435.04234042553185,0.4778141425692018,0.3249286145789635,A,grading/data_processed/onion/A/Onion_Red_3_50__100.jpg,ffe78101010183c7,8
5714.0,396.19090580940247,1.1111111111111112,0.457447327898133,0.86047737369174,34.122133514523526,9.752458375684926,49.70052658399864,30.69168374423529,75.87226091387804,44.01493010012137,3234.3277362469134,413.7466891133557,0.6231227570399733,0.3347741104104787,A,grading/data_processed/onion/A/Onion_White_2_r0_170__100.jpg,ffcf8f08000181e7,2
6655.5,313.80612993240356,0.91,0.8493128715754362,0.9786780383795308,16.206480117820323,14.00138071707616,144.62665684830634,52.02199401062044,87.640058910162,50.813085972363574,5249.088002354788,611.8184444444445,0.3867311866042391,0.2394797473330804,A,grading/data_processed/onion/A/Onion_White_1_r_146__100.jpg,ef8b8901018181c3,3
5214.5,319.3208478689194,1.1764705882352942,0.6426403467901706,0.900526724807875,141.0963945451149,54.4169240022062,94.50084065010276,45.49556147166116,68.81038669904726,39.550010769387626,7923.289634602075,388.5460487225192,0.5219577246280143,0.356914086375976,A,grading/data_processed/onion/A/Onion_Red_3_r_27__100.jpg,ffe1c080c0c1c1f7,5
4353.5,333.46298360824585,0.71,0.491986458719695,0.8717460953143773,52.8816989103847,64.16991749125059,75.74227262619524,53.99670200928394,57.5921725594841,33.20796541452408,8298.75680402698,483.711857142857,0.4632343673820818,0.3453549490253853,A,grading/data_processed/onion/A/Onion_2_r0_170__100.jpg,f3c383c181c1c1e3,50
5903.5,356.63455617427826,1.1111111111111112,0.5832739596806182,0.8930489372967249,35.15514111239479,8.890321852242902,48.87951807228916,31.115515171730177,78.1917808219178,45.631501091289486,3116.7133617777777,413.03535353535347,0.5864864063209998,0.3139928370982411,A,grading/data_processed/onion/A/Onion_White_2_r0_133__100.jpg,ffcf8f0f000181e7,13
5787.5,388.09039998054504,0.93,0.4828753858691918,0.8654205607476636,35.472712006717046,12.474540424717503,51.530814441645674,32.291709587273935,76.76759026028547,44.45975424198618,3062.4158540756157,496.97326086956525,0.5669498664733454,0.3433244616453701,A,grading/data_processed/onion/A/Onion_White_2_r1_160__100.jpg,ff9f9f01000183c7,16
4474.0,279.4213534593582,1.4492753623188406,0.7200898010736853,0.9416964849505368,49.09838920330866,72.71003163292465,148.91815411406182,61.15292183470734,59.35306922072268,33.900965018646254,12693.77391774837,289.5807348850828,0.5067284577818576,0.3221717148427298,A,grading/data_processed/onion/A/Onion_Red_2_r2_162__100.jpg,ffc70301000287ff,53
5201.5,325.8061292171478,1.1647058823529413,0.6157720416813482,0.8968876627295457,140.55073006364657,54.45604149484965,95.38094346686634,46.620547360306894,68.63365780606514,39.44473755667201,7867.58699778181,385.94645858343335,0.5118467356028976,0.3528585725418974,A,grading/data_processed/onion/A/Onion_Red_3_r_26__100.jpg,ffe1c080c0c1c1f7,5
6589.5,345.9482653141022,0.96,0.6918947126597746,0.9316414534143928,145.13713268032058,50.65159761510205,95.9262392401306,42.91234471934316,86.88735529830811,49.90077941364802,4333.929867957899,528.7065263157896,0.4354411479199526,0.2825059703239882,A,grading/data_processed/onion/A/Onion_Red_3_r2_10__100.jpg,e7c7c5800081c1e3,45
5115.0,322.1909065246582,1.1494252873563218,0.6191971439627024,0.9001319841619005,147.40087602361456,49.3929616950693,100.20567510950296,44.419332543125975,67.58007998476481,38.87923544569064,8068.306596855595,396.6610936955764,0.5330162111396833,0.3842800677832899,A,grading/data_processed/onion/A/Onion_Red_3_r2_30__100.jpg,ffc383810183c3e7,8
4377.5,286.8355677127838,1.36986301369863,0.668605604618642,0.9229390681003584,34.03799155743168,47.871714688266465,86.89491224172406,52.45998103079388,57.92068429237947,33.44818182544107,8763.752940063801,331.34661685346606,0.5249394122802832,0.3706322947640197,A,grading/data_processed/onion/A/Onion_2_r2_85__100.jpg,ffe1c10080c0e1ff,51
4084.5,278.8355678319931,1.492537313432836,0.6601648891044701,0.9134518617913452,33.012844909609896,46.01332726512298,90.9000951474786,58.41801211018973,54.050666032350144,31.62775660180405,9863.723307529515,298.51801598070256,0.5304012915262942,0.3616560571802848,A,grading/data_processed/onion/A/Onion_2_r2_57__100.jpg,ffe3c10000c0e1ff,59
6383.5,385.26197254657745,1.1494252873563218,0.5404511420952702,0.9291848617176128,25.432671755725192,48.167233815866815,93.04351145038169,53.65543248356074,84.29343511450382,48.073556899118664,2419.2113234905532,585.6794380587485,0.3820169541277271,0.2332775455943338,A,grading/data_processed/onion/A/Onion_2_r1_336__100.jpg,fff180000001c1ff,54
5774.5,302.1492748260498,1.0,0.7948426034644671,0.9615352593456,60.65159214092141,79.37603500491956,115.38313008130082,47.12885841341431,75.87076558265582,43.47332062372722,8075.660308443941,449.765935214211,0.3521231508643814,0.2201799606020819,A,grading/data_processed/onion/A/Onion_Red_1_r_166__100.jpg,ff870101018181ef,8
6812.5,318.63455617427826,0.94,0.8432000664530154,0.9760028653295127,18.531875089941,20.38965010231424,145.8024176140452,55.194812845048,89.5448265937545,51.514075727509585,4047.5003279198736,543.0887096774193,0.3909416172329751,0.2448706303774692,A,grading/data_processed/onion/A/Onion_White_1_r2_50__100.jpg,ff8f8781018181c7,16
6821.0,337.3624783754349,1.0315789473684212,0.753120304536677,0.9605689339529644,16.00631730078966,14.702855947517872,138.95965541995693,51.52991682320679,89.83646805455851,51.86765246435233,3273.0410964614234,451.5147042864894,0.3746170805691335,0.2362784860071373,A,grading/data_processed/onion/A/Onion_White_1_r2_78__100.jpg,ff8f9d09010181e7,2
6574.0,310.3919161558151,1.1235955056179776,0.8574696551730392,0.9807548858719976,36.04428209333532,12.699951972864232,48.520351871179365,28.462473815193515,86.40972118681974,50.18851013233518,3385.6533206792074,403.86618998978554,0.5030244949392138,0.2367814664238933,A,grading/data_processed/onion/A/Onion_White_2_r0_24__100.jpg,ffcf8f0c000081e7,13
4332.0,288.0487701892853,0.67,0.6560942947449785,0.9267301315648732,40.59128677296205,66.59579758843643,151.8904109589041,55.996925183758634,57.497192903660455,32.21260225049066,13081.510393495211,339.7731818181817,0.4863399846648161,0.3152022285828278,A,grading/data_processed/onion/A/Onion_Red_2_r0_241__100.jpg,f3e7c3818181c1e7,26
5735.0,366.6761865615845,1.0,0.5360161489487796,0.8417730808747982,36.828071961982346,15.664771647123814,48.52291242362526,25.172716033883617,76.04938900203666,44.21099549710012,3225.60295679,477.2779797979799,0.5971557044242454,0.3950103094567077,A,grading/data_processed/onion/A/Onion_White_2_r1_45__100.jpg,ff9f8780018181c7,16
4365.5,274.6934313774109,1.5151515151515151,0.7270215893200891,0.9443002379407311,16.828985507246376,36.041267787047545,149.044370122631,65.53207350469788,57.570122630992195,32.985950850273674,13632.051374632689,267.3763391490664,0.4282209759725955,0.3094670552551487,A,grading/data_processed/onion/A/Onion_Red_2_r2_12__100.jpg,ffe1c10000c0e1ff,59
5507.5,347.26197350025177,1.1363636363636365,0.5739180870815994,0.8933495539334956,98.67798408488063,84.45443223712154,115.54641909814325,46.12554191714844,72.9658709106985,41.96052292558408,9002.71425123967,555.8122130394859,0.470702610131763,0.3405613144789786,A,grading/data_processed/onion/A/Onion_Red_1_r2_88__100.jpg,ffc383010081c3e7,8
6753.5,325.806129693985,1.0888888888888888,0.7995033108376829,0.967411545623836,16.08949811430229,15.521202076686812,148.97403539309545,50.81913347637603,89.03379750507688,51.53662728597529,4503.715608722703,546.8073310423827,0.3690815236906809,0.2034643193678154,A,grading/data_processed/onion/A/Onion_White_1_184__100.jpg,ffc38f03010101e7,2
6133.5,296.14927530288696,0.967391304347826,0.8788138347020901,0.9872837022132795,137.78226837060703,58.87769072528243,91.92507987220448,41.99694546640266,80.73418530351438,46.41002784313065,5395.419001414965,427.6464920948617,0.378604764408449,0.2199787279371716,A,grading/data_processed/onion/A/Onion_Red_3_r2_159__100.jpg,ff831901018181e7,2
4104.0,326.391916513443,1.4705882352941178,0.4841037282899099,0.8715226162667233,37.52791519434629,58.761416838309856,84.10388692579505,53.82770836180105,54.72767962308598,31.74352163076429,9253.05142136678,350.8325906120023,0.5246349905958207,0.3616946428551802,A,grading/data_processed/onion/A/Onion_2_r1_302__100.jpg,ff8301000087cfff,53
6201.5,366.776691198349,0.93,0.5792995024281428,0.901511847652275,49.93679245283019,75.80290210189975,117.5872641509434,43.34123700610686,81.92232704402515,47.000879206214734,5960.741801410569,438.15706521739145,0.4205755173829541,0.3012019675173037,A,grading/data_processed/onion/A/Onion_Red_1_70__100.jpg,ffe78381010183c3,4
7028.5,338.1492757797241,0.92,0.7724236987987433,0.9636002193583768,25.244286510590857,39.56254796483355,104.70707915273132,50.03950819311584,92.19105351170568,52.77482754824901,2287.8773996219284,574.0525274725275,0.3995352227123447,0.2036739742611449,A,grading/data_processed/onion/A/Onion_2_r2_329__100.jpg,ffc9bf81818181e3,37
6999.0,327.2203438282013,0.94,0.821419983672028,0.972285892894353,17.28627450980392,18.207360129118708,143.07450980392156,56.05309902649434,92.00280112044818,52.86100099626737,4160.213837890448,512.081505376344,0.3740440510118266,0.2260860404271611,A,grading/data_processed/onion/A/Onion_White_1_r2_58__100.jpg,ff8f8f00818181c7,16
6699.0,322.87719690799713,1.098901098901099,0.8075047643975071,0.9696750379966708,28.007898200965336,52.43977241929629,80.21164253327483,49.57567314462164,87.83603919847887,50.455713510760944,2280.307347711629,494.9127539127539,0.3931087831335091,0.2338306982327944,A,grading/data_processed/onion/A/Onion_2_r1_165__100.jpg,ffcb8981008083ff,6
5215.5,303.3208478689194,1.2987012987012987,0.7123628966124766,0.9327550746669052,16.347362514029182,39.75247475940469,168.34156378600824,52.823779888981974,69.40142162364384,38.22363787703064,9406.731150936075,344.07215007215007,0.4347173274246395,0.2910055784687245,A,grading/data_processed/onion/A/Onion_Red_2_r1_284__100.jpg,ff0180c0c0c0e1ff,71
6711.5,311.80612897872925,1.0879120879120878,0.8674813833643263,0.981859410430839,17.346968590211834,14.674898937178394,137.43681519357196,53.517381681888274,88.10109569028488,50.86536755041013,5353.390509319247,476.59161246916346,0.3764788751690082,0.2276076933609254,A,grading/data_processed/onion/A/Onion_White_1_145__100.jpg,ffc38d0c000081e7,2
6855.5,316.6345566511154,0.94,0.8592753976968521,0.980968734349288,149.87355170934055,45.319404319911726,101.86482620512086,40.87963090196816,89.91918180517808,51.6988398157533,2426.284688275238,389.52204301075267,0.4580138178959776,0.2438389635937891,A,grading/data_processed/onion/A/Onion_Red_3_r_69__100.jpg,ef8f9101000183c7,38
6722.0,320.1909064054489,0.94,0.823930130625466,0.9728634488747376,20.13271109814788,11.222680327186533,128.31588158086626,50.58784639401899,88.5767828496427,51.490608376989144,4726.5492588388415,465.0089247311828,0.428113733077379,0.2567159206945052,A,grading/data_processed/onion/A/Onion_White_1_r_40__100.jpg,ffcf8d81808181c3,58
6008.5,311.46298360824585,1.1494252873563218,0.7783287100251437,0.9632865731462926,27.998697280573197,52.930921590716295,161.37632307441783,55.17898120665651,79.93339846930468,43.95076844856481,5899.350244735104,440.7965865552073,0.4350149278727324,0.2779062566345453,A,grading/data_processed/onion/A/Onion_Red_2_r2_137__100.jpg,ffc38101008083ff,0
6536.5,319.80613005161285,0.9897959183673468,0.8031220715340315,0.9623113728376886,24.29457596643692,41.66601093737378,83.29817201078814,50.65067872471181,85.83982619118969,49.377442432010504,2612.8710483449413,522.6138392857143,0.4101899583870632,0.2842134303176744,A,grading/data_processed/onion/A/Onion_2_r2_120__100.jpg,ffc1c0e080c0c1e3,5
5460.0,361.50461435317993,0.9587628865979382,0.5250187534079745,0.88085827216262,34.29408621303883,11.035466544254325,53.81688635553972,36.199034561241206,72.40612753829711,41.977100372518336,2785.1027456276784,412.8607126848946,0.5637139153732982,0.3609158643790577,A,grading/data_processed/onion/A/Onion_White_2_r1_170__100.jpg,ff9f9f01000181c7,16
4290.5,284.49242091178894,1.4492753623188406,0.6661566511592751,0.9313001953548948,32.89029918404352,53.48069890356847,92.5623300090662,56.96873667306512,56.88621940163191,33.038546137151194,7966.730368809073,353.34563021519546,0.4752593199711524,0.3481874417739275,A,grading/data_processed/onion/A/Onion_2_r2_213__100.jpg,ffc78300000387ff,0
6180.5,478.6589413881302,0.93,0.3389855008060833,0.8406556039173014,19.736883320281912,15.43864489844895,132.39514487079092,50.433522383727215,83.14518402505873,49.218224073575975,3692.42543502139,559.9767391304349,0.4512516302956442,0.2943097520491442,A,grading/data_processed/onion/A/Onion_White_1_r2_171__100.jpg,ff9f9f11010181c3,16
6429.0,392.8183226585388,0.94,0.523564047043358,0.937650404725443,20.293618311353647,35.94605094225645,85.73578899499772,50.19336942088235,84.88964680915568,48.79175223417492,2356.2150203598917,569.2013978494624,0.4002300477330871,0.2813838073421055,A,grading/data_processed/onion/A/Onion_2_r2_125__100.jpg,ffc9c0e0a0c1c1e7,70
5013.0,330.0487701892853,1.054945054945055,0.5782975214486513,0.8729647366129735,32.984675072744906,16.151656317852275,66.30611057225994,45.83357690148447,66.57419980601358,38.729844402528634,1671.587788800647,292.20936957779065,0.603415434380485,0.3974870645316468,A,grading/data_processed/onion/A/Onion_White_2_r1_200__100.jpg,ff9f1f07010181c7,23
4108.0,271.4213538169861,1.5384615384615383,0.7007325220167299,0.9340609367894498,37.479166666666664,63.69004564653148,149.30871212121212,55.25671287760733,54.37689393939394,31.60678143653082,15051.387383100591,257.1695415695416,0.5232713349863691,0.3373029373360234,A,grading/data_processed/onion/A/Onion_Red_2_r1_24__100.jpg,ffe1c10080c1e3ff,51
4075.0,362.3919154405594,0.72,0.3899244570775733,0.760686951652044,41.07746811525744,53.81899146964982,75.84034010392064,53.844538351847746,54.589749645725085,32.67798686413164,10986.518655555554,464.6511267605634,0.5363405093570249,0.3927359033546245,A,grading/data_processed/onion/A/Onion_2_r0_84__100.jpg,cfc3c383838383c7,26
6066.5,339.9482651948929,0.94,0.6596634282567247,0.9119813589897776,147.80988409529942,46.68226448350419,91.99468770122344,39.69934258631888,79.84063103670316,46.037073557929496,4562.442612041647,351.72591397849465,0.503393927199706,0.3247128012315138,A,grading/data_processed/onion/A/Onion_Red_3_129__100.jpg,ffe78301000181c7,4
4369.0,304.87719666957855,1.2820512820512822,0.5906660695556287,0.8802256472247406,137.15518008003556,55.33515588013928,85.83392618941753,48.34239206283132,57.635615829257446,33.39612211782533,10801.916482840235,324.93900543900554,0.551929531974637,0.4100529121395352,A,grading/data_processed/onion/A/Onion_Red_3_r_156__100.jpg,ff878181038387ef,61
4871.5,296.14927566051483,1.36986301369863,0.69799324780492,0.9280815393408268,17.992396958783512,42.62243788313021,169.0842336934774,54.48192378698465,64.80452180872349,35.97024251934069,10832.261835447547,344.224297772243,0.4510433994144696,0.3018590340707728,A,grading/data_processed/onion/A/Onion_Red_2_r1_290__100.jpg,ff618080c0c0e1ff,5
4599.5,288.00713992118835,1.408450704225352,0.6968093642794034,0.9386734693877552,29.325994919559697,50.67939766781777,91.270533446232,56.45825688958995,60.75571549534293,34.95458555874671,8147.544389506051,398.0529236022193,0.4597890100822346,0.3223420333110728,A,grading/data_processed/onion/A/Onion_2_r2_204__100.jpg,ffc78300000383ff,0
5424.5,437.20309817790985,1.0319148936170213,0.3566178815893309,0.7695963680215648,15.845153243050603,14.045456433685011,146.18620812544546,44.31897842091058,73.8168210976479,43.818975140221355,3209.507589352363,430.5298093971631,0.4775872609558941,0.3689322206016893,A,grading/data_processed/onion/A/Onion_White_1_r_89__100.jpg,ffffbd04000181c3,23
6226.5,336.29141068458557,0.95,0.6918665059572905,0.9280125195618152,81.27483911473865,84.65491433778084,116.17548265578402,42.51807635450591,82.11128551247842,47.209605346867846,4697.038476443214,343.9451063829787,0.4504617921130744,0.3158668829301442,A,grading/data_processed/onion/A/Onion_Red_1_125__100.jpg,f7e78301000181c3,4
5358.5,294.14927542209625,1.0232558139534884,0.7782471397463957,0.9696010132995568,136.8329686360321,59.50376024635423,89.31655725747629,41.94288703151556,70.74434719183078,40.76646135937812,6722.971468673456,363.6829724672548,0.4171261376125618,0.2611751823378325,A,grading/data_processed/onion/A/Onion_Red_3_r2_155__100.jpg,ff830301010183e7,8
4279.5,301.3208475112915,0.64,0.5923038207970238,0.9063856825161496,38.95032887276027,54.33336721508063,87.63030165570424,55.84599849701471,56.87003855749603,33.484249273991935,10630.390780371092,572.944126984127,0.4468850652997371,0.2907152065470815,A,grading/data_processed/onion/A/Onion_2_r0_318__100.jpg,c7c3c181818183c7,3
6074.5,304.97770297527313,1.1264367816091954,0.8206996009253216,0.9723867456379062,22.852538275584205,45.86888097770657,174.75616438356164,51.58361163193947,79.97502014504433,44.87983980194492,4970.444338202655,385.32337954733975,0.4081266566332754,0.2557266720087039,A,grading/data_processed/onion/A/Onion_Red_2_r2_281__100.jpg,ffc1818080c1c1f7,51
6876.5,336.4335448741913,1.0309278350515465,0.7634467104336662,0.959199330450551,16.264140190910386,14.827479581708516,139.15329819062543,52.720021188888566,90.57258868784729,52.421869441979176,4279.583287533213,454.5927314380923,0.4005270748996375,0.261258811871424,A,grading/data_processed/onion/A/Onion_White_1_r2_75__100.jpg,ff8f8d01010181e3,11
4349.5,276.350284576416,1.492537313432836,0.7156972803886649,0.9310713903457134,22.428955023495188,45.00878483462009,147.3815171179235,64.27005236913527,57.6265383754755,33.30472451461065,14845.058629895302,287.89295944519824,0.4457633964058974,0.3209758953536214,A,grading/data_processed/onion/A/Onion_Red_2_r2_4__100.jpg,ffe1810000e0e1ff,59
7179.0,317.56348872184753,1.075268817204301,0.8945666194178463,0.9882304356803634,70.53321487151449,81.37316498959994,126.42044833242208,44.33927594805483,94.313832695462,53.67743227781301,4174.833573777315,480.81861627022914,0.3156629757031117,0.199462628703281,A,grading/data_processed/onion/A/Onion_Red_1_r_195__100.jpg,ffcf8704000181c7,12
4615.0,300.87719786167145,1.2048192771084338,0.6406237242665825,0.9027777777777778,142.58456347532686,53.32901542833385,91.6678616617461,45.035643323632186,60.79354702657107,35.12102015960902,9197.327662418347,313.4395764877693,0.5844327780052887,0.4159677435196346,A,grading/data_processed/onion/A/Onion_Red_3_r_51__100.jpg,ffc3c1818081c3ef,0
6579.0,318.7350608110428,1.075268817204301,0.8137857364968186,0.9702108833505384,88.68051213339288,84.41145178971134,114.21289266041389,40.2992593693256,86.32693166592229,49.643637093738775,3325.405809353683,384.7211903986098,0.4072999076298666,0.2625330288922359,A,grading/data_processed/onion/A/Onion_Red_1_r_110__100.jpg,ffc38701808181e7,2
5913.5,513.629504442215,0.9387755102040816,0.2816790447279834,0.84400199814458,21.449046143812165,20.63579074324223,131.3978477091146,47.4314479567415,79.75183433882276,46.63703387570765,4412.757722788394,667.2720340883607,0.4630960834033472,0.2975728947477233,A,grading/data_processed/onion/A/Onion_White_1_r2_166__100.jpg,ffdf9b01000181c3,4
5659.5,359.6051186323166,1.0526315789473684,0.5499664523031481,0.8467868631704945,35.020983832129346,11.081502482862492,53.63089095287238,29.05273159156805,75.1312349501204,43.6873230192988,2596.069366825485,357.92876129718235,0.6101257370464042,0.3753521266809124,A,grading/data_processed/onion/A/Onion_White_2_r0_68__100.jpg,ffdf8f07000181e3,18
6984.0,315.5634889602661,0.979381443298969,0.8813341459396679,0.9871378091872792,145.91095505617977,51.44185321320733,109.9620786516854,40.10583919147237,92.02275280898876,53.34093005739888,1890.8496205053864,356.44944066681285,0.4119981608650127,0.2135337119113812,A,grading/data_processed/onion/A/Onion_Red_3_r2_81__100.jpg,ffc78b83018181c7,11
6738.5,315.1198387145996,0.93,0.8527497596790319,0.9798604042460376,19.816792782305004,12.41193859752285,131.51891734575088,50.17228110365819,88.55136786961583,51.36779580948121,4598.324153959995,400.97836956521746,0.4333947379892293,0.2465207207056641,A,grading/data_processed/onion/A/Onion_White_1_r_47__100.jpg,ffdf9f81010183c7,13
5868.0,317.2203426361084,1.0674157303370786,0.732787258669433,0.9471390525381324,89.74367088607595,84.84956365600316,120.84110592938042,45.897911974587885,77.28580946035976,44.36510359373783,6486.459698721551,401.3528568013387,0.4226998106526077,0.2743263270672436,A,grading/data_processed/onion/A/Onion_Red_1_r_25__100.jpg,ffc3c181818183e7,8
4119.5,282.83556711673737,1.492537313432836,0.6471222424621498,0.9158514895509116,32.17071445413818,44.7368643515108,89.53572270690874,58.896547522505195,54.755246404149965,32.418559000076996,9348.5058339051,337.77340569877884,0.5214396094135657,0.3550269942437076,A,grading/data_processed/onion/A/Onion_2_r2_50__100.jpg,ffe3c10000c0e1ff,59
5666.0,360.6761871576309,0.9693877551020408,0.5473328245148231,0.8812504860409052,35.37577319587629,13.58657605141197,52.3286941580756,34.56546706490516,75.04604810996564,43.520780791148866,2946.333994769031,499.9984802431612,0.5748136811378781,0.358891189705875,A,grading/data_processed/onion/A/Onion_White_2_r1_164__100.jpg,ff9f9f01010183c7,16
6119.0,365.01933157444,0.94,0.5771099821283471,0.8997206293192178,58.19056724028043,79.13728589844514,114.30178457616316,45.12175021271064,80.50924155513066,46.08676465486312,5106.1991478044365,448.40043010752686,0.4449547166392541,0.3184887154309584,A,grading/data_processed/onion/A/Onion_Red_1_88__100.jpg,fff7c181000181c3,4
4349.0,277.76449954509735,1.5151515151515151,0.7083465682253504,0.9367797522886376,21.21593197583352,43.42080139351194,144.39382412172745,64.92076322543201,57.59946296710674,33.89278317809924,13873.822947658402,296.8741965105601,0.433454235694564,0.3113088925171392,A,grading/data_processed/onion/A/Onion_Red_2_r2_8__100.jpg,ffe1810000c0e1ff,51
5286.5,324.77669167518616,1.1235955056179776,0.629808319838696,0.8958651076088798,146.84587020648968,49.84200174363049,98.24797197640116,43.7049799500671,69.78613569321534,39.82311534455337,8264.109054147202,395.3264101691068,0.526013597122013,0.3764627471310825,A,grading/data_processed/onion/A/Onion_Red_3_r2_26__100.jpg,ffc3c3810183c3e7,22
6092.5,485.00208723545074,0.9489795918367347,0.3254754129155477,0.829984333492269,20.118870020631647,18.164617678329048,132.43786700523725,49.86270457207599,82.09077924139025,48.53591427481287,3570.4020409270834,545.4169254658386,0.4471919594881887,0.290563053715011,A,grading/data_processed/onion/A/Onion_White_1_r2_172__100.jpg,ff9f9f11010181c3,16
7109.0,326.7350617647171,0.9693877551020408,0.8368100675258804,0.976510989010989,14.32354158047166,7.246501744977004,146.5720590263412,47.30490875566279,93.67425182733416,54.356567279413014,3589.496048956979,407.7784411636996,0.3529845434021854,0.2082192512023515,A,grading/data_processed/onion/A/Onion_White_1_r_110__100.jpg,ffc78d87018181c3,16
3514.5,303.3208485841751,1.694915254237288,0.4800305605094733,0.8637257311378718,30.631550068587103,50.035833995303214,81.06529492455418,53.15636395347137,46.91358024691358,27.2999182369014,13008.791384630857,278.6004108885465,0.5255064526131747,0.3680794941025191,A,grading/data_processed/onion/A/Onion_2_r1_93__100.jpg,ffe1c10080e0f3ff,59
3899.0,331.2203426361084,0.6,0.4466106704164388,0.828428768724105,37.365165759524984,52.67550954780151,76.22810489856506,53.48794572863162,52.17342899554676,31.03289274354224,14034.451861222222,492.55271186440666,0.4449150525932436,0.3029401553426786,A,grading/data_processed/onion/A/Onion_2_r0_97__100.jpg,e7c3c383838383c7,3
5733.5,377.605118393898,1.1235955056179776,0.50530539594348,0.8742756938090881,33.86586399864338,9.677773559669005,51.586060708835,30.60060862897454,75.90401899270816,44.16673296677148,3193.692375849009,397.6014073317445,0.5912662300100358,0.3256581911296161,A,grading/data_processed/onion/A/Onion_White_2_r0_196__100.jpg,ffdf8f01000081e7,13
7347.5,355.94826579093933,1.0103092783505154,0.7287451812439033,0.965379056628564,14.834822023730167,36.029606736546505,173.6855085988535,45.65436641200518,98.6132515664578,55.06795627584267,2515.408473964133,478.9979806568181,0.3229215041656683,0.1941992457957074,A,grading/data_processed/onion/A/Onion_Red_2_r1_266__100.jpg,ff83818080c1c1e7,73
4694.5,300.6345566511154,1.1111111111111112,0.6527117165578735,0.9345078132775954,54.031936955620075,76.67564217133582,117.16590626296144,49.351874142056616,62.20053919535462,36.049999492611306,14672.61560415926,394.2029407684838,0.4495087482058796,0.3221023216962264,A,grading/data_processed/onion/A/Onion_Red_1_r_156__100.jpg,ffc381018181c3f7,0
5397.0,324.5340520143509,1.021505376344086,0.6439345648412027,0.9023574653068048,33.24317976513098,13.270398080986505,58.47841011743451,40.04517135526409,71.773261065944,42.32978975553313,2167.707961895904,344.07767101349805,0.5445632309209366,0.3591180572003617,A,grading/data_processed/onion/A/Onion_White_2_r1_185__100.jpg,ffbf1f01010181c7,23
5136.5,343.60511887073517,1.1411764705882352,0.5467111184527594,0.88713298791019,99.42494794624268,84.51006881094067,114.17811849328034,45.448594559093834,68.18947567669885,39.35652531134042,10839.956920786655,463.8802696078431,0.4761553698389062,0.3432791963951793,A,grading/data_processed/onion/A/Onion_Red_1_r2_93__100.jpg,ffc383810083c3e7,7
4985.5,293.32084822654724,1.3888888888888888,0.7281698956767328,0.9617091049382716,20.77519076501663,47.0470748697893,157.36959499119547,56.35950517984429,65.6354920759147,37.53799072602981,9985.767499826388,340.2375140291807,0.4329355244033926,0.2760145306416536,A,grading/data_processed/onion/A/Onion_Red_2_r1_216__100.jpg,ff808001018387ff,25
6461.5,323.3208484649658,1.1363636363636365,0.7767402188106323,0.9605321837371784,16.860799757649197,17.921836564292526,145.58724628900333,54.72760096055281,84.94971220842169,49.018774424241805,5057.472869821797,438.0398301193755,0.4041853704950006,0.2364969718486688,A,grading/data_processed/onion/A/Onion_White_1_190__100.jpg,ffc38103010183ef,0
3789.5,301.17871248722076,1.6129032258064515,0.5249805706881716,0.8938554074772969,37.177250701351696,58.74392925981551,77.35297118082121,53.26220906546643,50.54067839836776,29.806558871259337,11019.535098204997,296.1814923427827,0.5221628386917346,0.3553490370445463,A,grading/data_processed/onion/A/Onion_2_r1_120__100.jpg,ffe3810080e0e3ff,6
7248.5,319.46298372745514,1.0416666666666667,0.892517869575957,0.9889487686745344,26.874339878131348,52.962123366583995,143.96519972918077,54.52431837280523,95.12092078537576,53.998980679136544,2526.8874747287327,378.7381102693603,0.3633063294089932,0.2165747712720863,A,grading/data_processed/onion/A/Onion_Red_2_r1_81__100.jpg,f7c1c1e0808181e7,7
7229.0,321.2203439474106,0.96,0.8804039922041933,0.987973213065464,20.58992805755396,45.11136420257596,173.30120809013167,46.22959654244512,95.3688068413194,53.92575039026274,2034.8621028537327,358.2481052631579,0.3821924535086007,0.2171419490535653,A,grading/data_processed/onion/A/Onion_Red_2_r2_265__100.jpg,efc3c180818181c7,8
6659.0,356.53405153751373,0.99,0.6582893820580105,0.928666062338749,73.69367385879936,84.22457599262,114.92881256421548,40.5011401863115,87.82841626302657,50.62161143421451,4564.32913452709,463.5650000000001,0.4159435176620939,0.2983668060242452,A,grading/data_processed/onion/A/Onion_Red_1_48__100.jpg,f7e78504000181e3,12
3836.0,273.9066344499588,0.63,0.6425151303538383,0.9172644667623148,27.370951417004047,51.156756257953816,151.73633603238866,58.40564569391809,50.82641700404859,29.74986358142766,16309.043510481228,365.27790322580654,0.486618766310315,0.3523244317428379,A,grading/data_processed/onion/A/Onion_Red_2_r0_52__100.jpg,efe7c381818183c7,3
4423.0,320.0487701892853,0.71,0.5426183518832813,0.8887772530895207,51.87872807017544,62.983856774348894,75.93157894736842,52.584152798890955,58.6813596491228,34.27522766495772,9223.171970065465,471.362,0.4555261658306341,0.338914684345937,A,grading/data_processed/onion/A/Onion_2_r0_192__100.jpg,f3c383c181c1c1e3,50
6577.5,311.32084798812866,1.1235955056179776,0.8528139805637317,0.982009555091072,36.01817640047676,8.91184630371248,47.04678188319428,29.71402059696814,86.48182359952324,50.21597541520972,3550.606649715945,418.354556803995,0.5248740317002522,0.2339211861862159,A,grading/data_processed/onion/A/Onion_White_2_r0_150__100.jpg,ffcf8f01000181ef,2
6558.5,308.9777022600174,1.1235955056179776,0.8632967551365764,0.9817378938702191,35.58929905843671,9.207787456547464,46.5190554476162,28.424269039984097,86.24958900014946,50.200829951395946,3333.355851735892,409.2823743048463,0.531872168341862,0.2370997530942456,A,grading/data_processed/onion/A/Onion_White_2_r0_146__100.jpg,ffcf8f0d000181e7,2
7218.0,320.0487707853317,0.96,0.8855119261372832,0.9872794419368076,21.92807613868117,47.55021668762116,174.47777022433718,46.92226111446506,95.12277362338546,53.97304780395374,2136.8760650933164,369.86757894736854,0.3729586439578488,0.2182357108375358,A,grading/data_processed/onion/A/Onion_Red_2_r2_266__100.jpg,efc3c180818181e7,79
5274.5,291.4629843235016,1.2658227848101269,0.7802330557858634,0.9558716926422616,36.6514730405781,64.06377598254967,156.47674634055957,57.995662069775435,69.79080970909764,39.13438699342871,8161.184236035892,384.52768188211235,0.4645887114567364,0.3022785384930477,A,grading/data_processed/onion/A/Onion_Red_2_r2_145__100.jpg,ffc38301008083ef,0
3827.5,304.8355668783188,0.56,0.5175994295120772,0.8835410895660203,37.60050505050505,57.16917566494785,85.95883838383838,56.52824513144346,50.8489898989899,29.468189045924788,13643.014642857142,432.38818181818186,0.4260998971957378,0.2725181319314459,A,grading/data_processed/onion/A/Onion_2_r0_294__100.jpg,e7e3c383818183c7,26
5345.0,348.0487698316574,1.3157894736842106,0.5544691242594444,0.9047054840893703,37.31532023289665,59.290029485914054,84.45924308588064,54.55156753773869,70.72962154294032,40.640590654368665,5352.327028653047,492.37852206273266,0.43307786900166,0.2617326577480725,A,grading/data_processed/onion/A/Onion_2_r1_320__100.jpg,ffc38100000187ff,0
6149.5,366.7766923904419,0.93,0.5744420328992849,0.8968861664114344,48.90361445783133,75.18682016191674,116.20608750792644,44.17152551334669,80.94578313253012,46.344707070681,5411.60416468956,467.1538043478261,0.4386447142784879,0.3080642271555236,A,grading/data_processed/onion/A/Onion_Red_1_79__100.jpg,fff7c381010181c3,4
4850.5,325.1198374032974,1.0952380952380951,0.576646200469544,0.9130352941176472,86.41230707556625,84.31907215994892,108.03888554820604,46.92131747206194,64.77009420725597,37.70498009233578,11950.149332480316,434.92673992673986,0.492239010121348,0.33800258223165,A,grading/data_processed/onion/A/Onion_Red_1_r2_2__100.jpg,ffc3c1818081c3e7,7
5684.5,345.94826447963715,0.9489795918367347,0.5968700983516966,0.879001082418432,35.51980113149323,12.555148108933428,51.503685924909995,27.61646215186009,75.145208297617,43.537081405672794,3129.7177802789515,437.5532386867792,0.5887744744943705,0.3431836807688623,A,grading/data_processed/onion/A/Onion_White_2_r1_145__100.jpg,ffcf8f01818181c3,16
5538.5,393.4041084051132,1.0,0.4497014024705677,0.78001549186677,15.73979323637638,14.755638178721217,144.7040476607675,48.988584360740155,74.16400911161732,43.513105013893984,2812.283694875157,315.1004628655586,0.5113983110105691,0.3934607996410916,A,grading/data_processed/onion/A/Onion_White_1_r2_107__100.jpg,ef8f9f0f010181c3,23
5553.5,380.7766921520233,1.054945054945055,0.4813222372136194,0.7819628273725711,16.794719356530862,11.285211845000132,145.39902080783355,47.95499987883805,74.29725476481903,43.47284047797669,2899.946362322049,356.5597455176403,0.4600113841913988,0.3308157731027299,A,grading/data_processed/onion/A/Onion_White_1_r_75__100.jpg,ffff9f08008181c3,43
3821.0,272.24978172779083,0.63,0.6478162253288339,0.9126955690911264,26.73101346202692,50.3385292228739,153.7980695961392,58.07449357064753,50.60198120396241,29.42466392291561,16306.503516528091,329.8256451612903,0.4879559743001235,0.3553580876347836,A,grading/data_processed/onion/A/Onion_Red_2_r0_49__100.jpg,efe7c381818183c7,3
4812.0,312.59292590618134,0.76,0.6188383102286368,0.9001964269011318,41.84320064659527,52.343543050031634,82.18145079814104,53.23538935302573,63.69286724590827,37.26079404312992,7968.2627315616355,487.9674666666666,0.4733117807997537,0.3324879145673319,A,grading/data_processed/onion/A/Onion_2_r0_12__100.jpg,cfc3c183810383c7,68
5206.5,322.63455724716187,1.054945054945055,0.6285415200217308,0.8989122928176796,32.7577174929841,11.852060042473845,61.38690364826941,43.25704035606131,69.23928905519176,40.68549420366575,1979.399895916669,313.79224985540776,0.5682863158800996,0.376441725773275,A,grading/data_processed/onion/A/Onion_White_2_r1_190__100.jpg,ffbf1f03010181c7,23
4328.5,323.80612885951996,0.69,0.5187727513693022,0.8722418136020151,50.11794986571173,62.917893591763175,76.68867502238137,52.88319239855265,57.42882721575649,33.24528482481303,8656.685980655324,453.4714705882352,0.4599696348010553,0.3347897393143538,A,grading/data_processed/onion/A/Onion_2_r0_166__100.jpg,f3c383c181c1c1e3,50
6143.0,318.87719774246216,0.94,0.759177712183149,0.9430457476205096,143.96129956999522,51.55424982091333,97.79200509635292,41.78599258610972,80.72686733556299,46.12771722923012,4903.0210343933895,422.7387096774193,0.4815233612112309,0.3189897355427954,A,grading/data_processed/onion/A/Onion_Red_3_54__100.jpg,ffe78101010183c7,8
6258.5,345.1198375225067,0.95,0.6602984442085974,0.9262931991415674,73.1542063368191,83.67536662908529,112.7125019509911,43.38006026173561,82.65428437646324,47.63935591089684,5242.337418049861,367.8504255319148,0.4576250251430682,0.3135421148166446,A,grading/data_processed/onion/A/Onion_Red_1_131__100.jpg,f7e78385000181c3,4
5740.5,421.7472538948059,0.94,0.4055599476918585,0.8026426174496645,18.215901417960836,9.875019654733322,139.10162052667116,50.79831103349791,76.6358879135719,44.61481105720476,3656.107772340425,391.958064516129,0.4823247339448259,0.3540397407786897,A,grading/data_processed/onion/A/Onion_White_1_r_24__100.jpg,ffcf9f8f018101c3,58
6482.0,312.5340509414673,0.9292929292929292,0.8339196519637838,0.974370537391958,21.145600241911097,14.5218144352398,122.24296945872392,48.35719165013477,85.94209253099486,51.08324437895995,6296.193417667057,545.4864024864025,0.4407887017289278,0.2583715060801085,A,grading/data_processed/onion/A/Onion_White_1_r2_155__100.jpg,ffcf8d81008181c3,16
5028.5,293.4629830121994,1.2658227848101269,0.7337391004430965,0.946808510638298,22.28183229813665,42.34029359676324,160.40877329192546,56.07617227434821,66.60326086956522,37.13020846522523,11068.66015156225,358.62165963431784,0.4536460998103595,0.3332185600215326,A,grading/data_processed/onion/A/Onion_Red_2_r1_134__100.jpg,ffc381008181c3ff,0
7109.5,317.46298336982727,1.0526315789473684,0.8864673329217702,0.9894919972164232,24.31966873706004,49.69235325489223,149.0848861283644,54.99131595290298,93.37708764665288,52.97118218135915,2807.23214265928,383.5250398724084,0.3705883136898283,0.2228692862906437,A,grading/data_processed/onion/A/Onion_Red_2_r1_73__100.jpg,ffe1c1c0808181e7,7
7404.5,325.4629843235016,1.020408163265306,0.8784203669784338,0.9855583654998004,13.831521739130435,24.84409196645475,159.30341993637327,53.34748539783526,97.20957051961824,55.96654297699068,2856.303128269471,475.0580292723149,0.3432497939492505,0.2142921716521027,A,grading/data_processed/onion/A/Onion_Red_2_r2_72__100.jpg,ffe1c580808181e3,7
7023.0,340.04877066612244,1.0309278350515465,0.7632206532793833,0.9574642126789366,23.61729428172943,36.24879905769848,99.79177126917712,50.12673772208767,92.31227336122734,53.112204351149494,2262.501779147625,511.6832239925023,0.4454478772787503,0.2503467201491394,A,grading/data_processed/onion/A/Onion_2_r2_338__100.jpg,ffd9bf840000c1f3,48
5880.5,299.6639951467514,0.989010989010989,0.8229150172779043,0.9656786271450858,137.74292845257904,56.587937286427305,85.08935108153078,43.49943105652216,77.30232945091514,44.547791957448915,5975.296315692176,469.3391776762563,0.4023646872293656,0.2506712488751697,A,grading/data_processed/onion/A/Onion_Red_3_r_174__100.jpg,ff830101010183ef,8
7052.0,318.7350618839264,0.93,0.8722932018758289,0.9845036995672204,17.667454798331015,16.57165452142848,139.30152990264256,52.73535929574771,92.8027816411683,53.981370536532154,3511.7473756041163,520.0178260869566,0.361548743594872,0.2120388078846637,A,grading/data_processed/onion/A/Onion_White_1_r2_27__100.jpg,ef8f8f05018181c7,11
6621.0,309.70562410354614,1.1111111111111112,0.8674316573463268,0.9862952480262178,24.079235781990523,48.71526379552052,150.41558056872037,51.68072079407995,86.99392772511848,48.908850368896296,3839.32069254321,366.6518518518519,0.3973986004149028,0.2359361124622332,A,grading/data_processed/onion/A/Onion_Red_2_r1_60__100.jpg,ffc3c180008183ff,0
4852.5,303.8061306476593,1.0833333333333333,0.6606665841466882,0.9288859111791732,85.74989963869932,84.29615831873029,108.39160979526297,46.65466064987699,64.98916097952629,38.45629564802702,10334.595664086792,488.170634920635,0.4875228391422501,0.3340611542686447,A,grading/data_processed/onion/A/Onion_Red_1_r2_3__100.jpg,ffc3c1818081c3e7,7
6659.0,350.53405153751373,1.0,0.6810177850660545,0.928666062338749,79.03935389133628,85.1275948719727,114.59559471365638,42.04885674515239,87.66637298091042,50.51806789127341,4720.85855975,405.3742424242425,0.4262698570024489,0.3055621503587513,A,grading/data_processed/onion/A/Onion_Red_1_44__100.jpg,ffe78506000181e3,12
6363.5,342.77669191360474,1.0,0.6805865249302463,0.923316889146837,78.16251920122887,84.74828914049203,115.01981566820275,44.939253150210966,83.83133640552995,48.115013269255705,4687.85525511,429.1036363636365,0.4550285455706072,0.3356352261004346,A,grading/data_processed/onion/A/Onion_Red_1_31__100.jpg,ffe78383000181e3,41
4109.0,282.24978148937225,1.492537313432836,0.6481548521195898,0.9211971752045734,32.46666666666667,44.70451133088624,89.43687943262411,56.46337051263759,54.45437352245863,31.685693030306822,8528.74762432613,298.90049751243777,0.5235456998510145,0.3575811210747319,A,grading/data_processed/onion/A/Onion_2_r2_62__100.jpg,ffe1c10000c0e1ff,59
5842.0,413.8477596044541,0.92,0.4286375359953574,0.8294171931568113,19.63373734019591,13.35457535121587,137.9159887099452,49.81883748345669,77.77419890420056,45.16953676304393,3912.2444513114374,398.5213186813187,0.4711317948724303,0.3288986848345298,A,grading/data_processed/onion/A/Onion_White_1_r_27__100.jpg,ffcf8f8f818181c3,58
7254.0,320.39191687107086,0.95,0.8880232033305557,0.9881487535758072,25.442911255411257,48.648184148659,158.5487012987013,53.273058219700566,97.30059523809524,52.820980840587495,2290.011055722992,430.55478723404264,0.3725711860663578,0.2082763419859653,A,grading/data_processed/onion/A/Onion_Red_2_r2_122__100.jpg,ffe1c1808081c1e7,7
6241.5,330.29140996932983,0.95,0.7189592588117383,0.9322628827483196,145.3816387278709,49.51184915403494,99.12376625411248,42.26330300911977,82.11890960363465,46.92425212518112,4430.800147091412,418.3914893617021,0.4776063482535985,0.3148547812452181,A,grading/data_processed/onion/A/Onion_Red_3_59__100.jpg,ffe78101010183c7,8
6030.0,341.8477599620819,1.0416666666666667,0.6484279093702153,0.9054054054054054,145.25214574898786,51.04780709057,95.90704453441296,41.45465625564043,79.40178137651822,45.43391192822821,6016.300124956598,456.8660563973064,0.4900666536647873,0.343434875330718,A,grading/data_processed/onion/A/Onion_Red_3_r2_15__100.jpg,ffc3c1810181c1e7,8
4455.0,276.73506140708923,1.4492753623188406,0.731019900396357,0.9439559275346964,31.824365704286965,58.15310735035052,149.60892388451444,54.71163320084112,58.91557305336833,33.50882743412834,12877.987599243854,279.5111989459815,0.5110338244593704,0.3239494458567993,A,grading/data_processed/onion/A/Onion_Red_2_r1_33__100.jpg,ffe3c10080c1c3ff,51
6999.5,313.46298348903656,1.0315789473684212,0.8951676029899627,0.9895384180391602,26.627365764755364,52.037369077284474,150.3656245618954,53.79164758792285,91.630730407963,52.193201549077315,3638.8939430362,382.0367878459034,0.3704833220788008,0.2198258346063087,A,grading/data_processed/onion/A/Onion_Red_2_r1_69__100.jpg,ffe1c1c0008183e7,7
5867.5,402.9188264608383,0.93,0.4541798280800303,0.8165182298914556,17.715988083416086,10.05141232351503,144.506454816286,48.857107189400786,78.83101621979478,46.334928496066325,3672.378550803561,378.9702173913045,0.482870316429521,0.335890732061318,A,grading/data_processed/onion/A/Onion_White_1_r_62__100.jpg,ffff8f83010181c3,4
4231.5,286.8355675935745,1.4285714285714286,0.6463060235968995,0.921995860115481,31.797014925373137,44.90352603194928,87.50424799081516,53.57283671646428,56.266360505166475,33.54347735367952,9290.824848979591,411.85137085137086,0.5211818041588,0.3651732336589415,A,grading/data_processed/onion/A/Onion_2_r2_77__100.jpg,ffe1c10080c0e1ff,51
5164.5,302.8355669975281,1.123456790123457,0.7076595718547617,0.9415679124886052,131.15162386706947,62.1997246687931,93.9363670694864,49.122291665428655,68.05287009063444,39.23217261248101,7068.190151444166,372.086145404664,0.4149140788857279,0.2646128579393861,A,grading/data_processed/onion/A/Onion_Red_3_r_9__100.jpg,ffe1c0c080c1c1e7,5
5653.0,382.1320307254791,1.0,0.4864766110420879,0.8458143188449165,36.291537667698655,12.035657117582778,51.86652906776746,26.38523587012915,75.16133470932233,43.83610190325677,2969.707171971331,522.8055964653903,0.5820256834783516,0.3774235259012584,A,grading/data_processed/onion/A/Onion_White_2_r1_52__100.jpg,ff9f8f00018181c7,11
5565.5,326.2914115190506,1.0786516853932584,0.6569052999592201,0.9350638440860216,94.417703768624,85.76773520234029,113.07852760736196,44.09124635564309,75.23155127081507,43.82952218578678,8429.547505562197,351.583914843288,0.4537217157874977,0.3161770899769552,A,grading/data_processed/onion/A/Onion_Red_1_r_122__100.jpg,ff4381018181c3f7,0
4429.5,279.17871260643005,1.4705882352941178,0.7141673140800092,0.943953116675546,72.77120879120879,82.09773434299666,153.8942857142857,56.81874429808073,58.07164835164835,33.08468867551059,11615.618528633218,251.99806892453947,0.498138632937198,0.3177089962441479,A,grading/data_processed/onion/A/Onion_Red_2_r2_208__100.jpg,ff878100008387ff,0
6548.5,312.97770380973816,1.1235955056179776,0.8400882218920593,0.9751321569503388,16.382163698937603,14.688098226952386,144.09576537483167,51.66354959495082,86.32365704025139,50.13756764179019,6092.166944830198,557.2617183066621,0.3808778771101238,0.2363217040956934,A,grading/data_processed/onion/A/Onion_White_1_169__100.jpg,ffc38d09000181ef,2
6232.0,346.0487687587738,0.95,0.6539773271644034,0.9198523985239851,75.41099968661861,84.11612914326565,112.7770291444688,43.86319883364481,82.22939517392666,47.5400376635386,5261.417784864266,354.20212765957444,0.4606077892989774,0.3155542864481323,A,grading/data_processed/onion/A/Onion_Red_1_134__100.jpg,f7e78385000181c3,4
6906.0,315.5634888410568,0.92,0.8714910676486101,0.9827107790821772,147.16856006816246,49.12148535679546,99.02172678216417,40.02833361000217,90.71911388809995,52.36855497903561,2330.282816150756,363.7852747252747,0.4273332299659058,0.2194590097804039,A,grading/data_processed/onion/A/Onion_Red_3_r2_103__100.jpg,e7c78785818183c7,3
4812.0,314.7350616455078,0.76,0.6104431577270936,0.9024756189047262,43.03577202910267,53.794920069586816,81.29324979789814,51.710940047956555,63.95675020210186,37.90824332507878,7947.61220773892,502.9108,0.4677791664454134,0.3320775679131476,A,grading/data_processed/onion/A/Onion_2_r0_14__100.jpg,cfc3c183810383c7,68
4380.0,307.5634891986847,1.4492753623188406,0.5818545250770437,0.9287531806615776,35.473404255319146,57.89323370635235,79.24179964539007,54.83009943642358,57.9366134751773,33.63974594094259,9475.074967842893,342.75245205679994,0.4893151712544412,0.3320460812029034,A,grading/data_processed/onion/A/Onion_2_r1_134__100.jpg,ffc3810080c1e3ff,51
4075.5,360.63455724716187,0.71,0.3937822005089496,0.7768776210446054,39.95416961965509,52.70806947685432,76.77202929364518,54.03236600859464,54.58067564375147,32.27731209071625,11196.433741301327,427.3467142857143,0.5284598404724069,0.3847925362040789,A,grading/data_processed/onion/A/Onion_2_r0_85__100.jpg,cf83c383838383c7,26
4294.5,366.9777019023895,0.74,0.4007219367682603,0.781813216821409,43.20062836624776,53.52458083576831,75.6467684021544,52.64863548186768,57.28298922800718,33.78270458305593,9961.48428193937,471.07698630136974,0.5150703237375291,0.3780106270367926,A,grading/data_processed/onion/A/Onion_2_r0_74__100.jpg,cf83c383838383cf,68
6674.0,313.220343708992,1.1111111111111112,0.8548622565486825,0.9760877513711153,20.817420681551116,9.90661488572163,120.7975910693302,49.261844270135335,87.6960928319624,51.153225699095806,5023.493616987655,465.9078563411897,0.4144628393522573,0.2319872650049748,A,grading/data_processed/onion/A/Onion_White_1_61__100.jpg,ffd39d0c000181ef,2
4233.5,367.8061299324035,0.73,0.3932525089693271,0.7777165426655644,43.26120591581343,54.38130269851395,76.89032992036405,52.84162943953537,56.41069397042093,33.03478257038924,10601.831396115596,440.0522222222222,0.5191908617310134,0.3775752878484332,A,grading/data_processed/onion/A/Onion_2_r0_77__100.jpg,cf83c3c3838383cf,68
6892.5,318.9777023792267,0.93,0.8512673722297088,0.9812086269485372,20.29118065433855,13.972218692538242,125.9095305832148,49.31433773582516,91.47908961593173,54.35534579790559,4580.186405087293,478.17956521739114,0.4194143347916003,0.2297246800823572,A,grading/data_processed/onion/A/Onion_White_1_r2_137__100.jpg,ffcf8f0d818181c3,58
6571.0,311.90663492679596,1.1235955056179776,0.8487740725745095,0.9802342060117848,35.8220996122875,11.694189400628204,49.61258574410975,31.14801042122259,86.40530867879511,50.226819811968376,3448.909132685267,418.94370673022365,0.5154312242048519,0.2356133699546529,A,grading/data_processed/onion/A/Onion_White_2_r0_20__100.jpg,ffcf8f0c000181e7,2
7267.5,319.80613136291504,0.95,0.8929380566066207,0.9899203160117144,23.529777177582716,45.21114196466571,158.50587440918298,54.27679453173881,97.24469952734638,53.27563858879022,2334.120103390582,435.04808510638304,0.3609209200672305,0.2060420385230902,A,grading/data_processed/onion/A/Onion_Red_2_r2_121__100.jpg,f7e1c180808181e7,7
5092.0,287.5634889602661,1.3333333333333333,0.7738036440760956,0.962207105064248,14.279439969313389,27.01890207654065,157.8818565400844,61.46672178630871,66.91791331031837,38.581406238562565,9024.381889048887,374.17737373737384,0.4210257293329063,0.2912836938416605,A,grading/data_processed/onion/A/Onion_Red_2_r2_48__100.jpg,ffc3c1800081c3ff,0
7098.0,319.2203423976898,1.0526315789473684,0.8753157456483517,0.983034415899176,75.3411195577056,82.24915551031668,122.24699378023496,45.72140874890098,93.16986869384934,53.33965467064439,3974.0646922437672,476.8691121743754,0.3287830238574367,0.2248467102204628,A,grading/data_processed/onion/A/Onion_Red_1_r2_41__100.jpg,ff870701018181e7,11
6609.5,311.80612897872925,1.1111111111111112,0.8542975792813103,0.97983841079238,36.08171437045825,11.278287062580718,48.50081566068515,25.95420779938255,86.86875278066142,50.42564907134874,3306.5953836543213,472.0701459034794,0.5183574235657264,0.2393511311089063,A,grading/data_processed/onion/A/Onion_White_2_r0_38__100.jpg,ffcf8f08000081ef,2
5296.5,288.9777022600174,1.2820512820512822,0.7970217508614207,0.9659857742111982,30.527957187673003,56.18127429307109,152.75419819154826,55.35987814749472,69.73648274589408,39.27744631175821,8303.582157642997,340.78969178969186,0.4510050032449471,0.2909478576579094,A,grading/data_processed/onion/A/Onion_Red_2_r1_48__100.jpg,ffc381008081c3f7,0
7207.5,319.46298360824585,0.96,0.8874694833095943,0.9865854493190064,22.535675381263616,48.07265552004261,175.23066448801742,46.632479386831285,95.2227668845316,53.85030483982604,1986.571267089844,385.904105263158,0.3809093045574587,0.2189151165517074,A,grading/data_processed/onion/A/Onion_Red_2_r2_268__100.jpg,efc38180818181e7,77
7107.5,319.8061295747757,1.0526315789473684,0.8732792993880784,0.9827169028689942,76.88681849551415,82.65282492074805,122.41007591442374,45.21156259099793,93.2768806073154,53.34581709162826,3825.5910255844874,486.3923444976077,0.3357221630489509,0.2234834190174877,A,grading/data_processed/onion/A/Onion_Red_1_r2_40__100.jpg,ff870701018181e7,11
6038.0,363.8477594852447,0.94,0.573143752529777,0.8968436687708875,65.95366483693897,81.88739610730599,112.7458831126897,44.66629039422728,79.56506296415887,45.559362574370915,5174.9484567564505,436.0972043010753,0.4495018328746774,0.3284711200081141,A,grading/data_processed/onion/A/Onion_Red_1_94__100.jpg,fbe7c181000181c3,4
6522.0,352.73506140708923,0.86,0.6587086981159743,0.9593998234774934,26.03759173281414,49.57342908374452,92.87314662273477,52.5153800548737,86.0841695372173,49.687480250891966,2372.015299296917,557.3710588235294,0.3498217957009947,0.2064576667651021,A,grading/data_processed/onion/A/Onion_2_r2_154__100.jpg,fff98181818181c7,39
5759.5,311.11983728408813,1.0425531914893618,0.7477204189327716,0.9442577260431184,149.47615005941267,45.3644690624263,101.41266338482431,42.58097384727466,75.65557630283483,43.42068234287789,5076.545728209198,362.8803465672297,0.541069201522093,0.3463912133087921,A,grading/data_processed/onion/A/Onion_Red_3_r_63__100.jpg,ffc38181808183e7,8
6370.5,320.14927661418915,1.162790697674419,0.7810490964930867,0.9562443710597418,22.340912582577968,41.65680092855271,105.10431709940084,52.775406534709845,83.93747119373175,47.60773544532382,1856.0214115738236,477.1504580690628,0.3651567208135677,0.2310242263865271,A,grading/data_processed/onion/A/Onion_2_r1_17__100.jpg,ffc580000080c1f7,15
3920.5,347.46298241615295,0.66,0.4080695941697178,0.7933023067583974,38.91206091869319,53.766625719125265,78.0466715794645,53.87145725023402,52.52444116924588,31.344776957591577,14014.789712373737,438.87661538461543,0.5047261928739336,0.3608975169649679,A,grading/data_processed/onion/A/Onion_2_r0_94__100.jpg,e7c3c383818183c7,26
6092.0,367.8477596044541,0.93,0.5657616793284646,0.8956189356071743,55.63248,78.25938901531084,114.74832,44.99263425470438,80.34496,46.061208436149336,5871.770072794543,462.0254347826087,0.4402555016763559,0.3137053690983535,A,grading/data_processed/onion/A/Onion_Red_1_82__100.jpg,fff7c381000181c3,4
5962.0,346.5340521335602,1.1111111111111112,0.623892840388402,0.9032649041739262,35.75863197512682,9.41182179433668,48.75306823760432,31.85535952727739,78.85141548028146,45.803821150113585,3276.763096777778,436.53052749719416,0.584989831946,0.3086321496242332,A,grading/data_processed/onion/A/Onion_White_2_r0_124__100.jpg,ffcf8f03000181e7,13
6628.0,312.0487707853317,0.91,0.855356995229435,0.9792420772697052,15.785682591332645,10.72496003018156,144.99112557314007,52.89217831936888,87.19390622688951,50.4028245783409,4865.410787718874,621.7704444444446,0.3811202864337188,0.2425641953976078,A,grading/data_processed/onion/A/Onion_White_1_r_150__100.jpg,ef838901018181c3,103
6341.5,313.32084834575653,1.1904761904761905,0.8117518242331029,0.976742395071236,33.572487262621586,56.824097967399446,86.51783232978231,52.98203818549857,83.25382121352477,47.4411570355806,2475.361520280612,440.11544011544,0.4022696319122249,0.217830230111309,A,grading/data_processed/onion/A/Onion_2_r1_328__100.jpg,ffe381000001c3ef,0
4589.0,312.8771970272064,1.139240506329114,0.5890878930842881,0.9244560838033844,54.240364252435405,76.6699861902756,116.70182126217703,49.677584293781855,60.7575180008471,35.27740060218025,13446.415411031392,401.9130991324136,0.451068781842563,0.3184781773733406,A,grading/data_processed/onion/A/Onion_Red_1_r_154__100.jpg,ffc381018181c3e7,8
3909.0,271.0782080888748,1.5873015873015872,0.6684767735340243,0.9209565319825656,23.500497017892645,50.46765394963842,162.29796222664015,56.551265784696966,51.89935387673956,29.88738072199521,17651.94605379189,266.30030463363795,0.5222346888669683,0.3481641907269351,A,grading/data_processed/onion/A/Onion_Red_2_r1_309__100.jpg,ffe10180c0c1e1ff,97
4755.0,280.73506212234497,1.072289156626506,0.7581708307351446,0.9469282087025788,59.77636438243742,80.46281574949627,116.84858432498974,44.225413606949466,62.94829708658186,36.516658473835655,11324.419086732316,289.91922234392115,0.5086042630043273,0.3254992941992959,A,grading/data_processed/onion/A/Onion_Red_1_r_37__100.jpg,ffc381810081c3c7,8
6587.5,312.14927566051483,1.1235955056179776,0.8495830304917287,0.9809396173032536,35.90806307646534,12.68657945513821,49.723296637905385,32.15595673691807,86.61648318952693,50.331884680989354,3348.4933045196312,413.3105209397344,0.5221807001308286,0.2334895971938314,A,grading/data_processed/onion/A/Onion_White_2_r0_18__100.jpg,ffcf8f04000081e7,13
6404.5,316.0071402788162,1.1764705882352942,0.8059373862383971,0.969570812201953,22.020938407458353,49.12939141632171,155.78465535686993,52.4904823572944,83.91211982271129,47.922948225942406,4227.559805896193,329.4652406417112,0.3615050940157771,0.2175180389026131,A,grading/data_processed/onion/A/Onion_Red_2_r1_229__100.jpg,ffc0c101018183ef,8
6645.0,315.3624792098999,0.91,0.8396239284029856,0.9795828112331392,16.697845972263206,16.37769386638776,143.93095308350547,52.60032032361979,87.39583948067276,50.50159579392396,5492.94961307813,617.3905555555556,0.385814818191534,0.2409308081607407,A,grading/data_processed/onion/A/Onion_White_1_r_148__100.jpg,ef838901018181c3,103
4225.0,333.70562386512756,0.68,0.4767706646605082,0.8580422420796101,50.4532967032967,64.52971685404972,76.29510073260073,53.551476842080326,56.07394688644688,32.15825221780773,9995.285423853806,435.19611940298495,0.4657708399519146,0.3383040861584693,A,grading/data_processed/onion/A/Onion_2_r0_164__100.jpg,f3c383c181c1c1e3,50
6141.5,339.2619729042053,0.95,0.6705234233040623,0.9198681944132404,75.89355608591886,83.58989348363154,115.91089896579156,44.673560250207856,80.68862370723946,46.26892721419114,5334.539023368421,410.25914893617016,0.4441775065435551,0.3240253082822762,A,grading/data_processed/onion/A/Onion_Red_1_107__100.jpg,ffe78381000181c7,4
3551.0,299.07820749282837,1.694915254237288,0.4988741469770919,0.8733398917855386,27.4625,44.98863028165569,79.69864130434783,54.155339155281126,47.44945652173913,28.027173338687007,13620.455486814131,287.55127546652966,0.5188155053015725,0.3620940138218102,A,grading/data_processed/onion/A/Onion_2_r1_97__100.jpg,ffe1c10000e0f3ff,59
7076.0,336.04876959323883,1.0526315789473684,0.7873957548726858,0.9679228506942068,40.550754743110375,63.093201402391415,83.6082260074782,49.6000939677946,92.85043622766928,53.339711662191846,1934.689632531856,456.83880914407234,0.3628283264498425,0.2281751641059069,A,grading/data_processed/onion/A/Onion_2_r1_202__100.jpg,ffb7a705008081ef,74
7346.0,326.8771973848343,0.99,0.8639558240592232,0.9838612469028326,19.84958589366818,39.95948829098292,156.84744857066525,54.48400239520601,97.18567993588032,55.033130556435715,2495.1010166717683,362.4556122448979,0.3526836869963088,0.2275883674851973,A,grading/data_processed/onion/A/Onion_Red_2_r2_102__100.jpg,f7f1f1c0808181e7,7
6151.0,332.5340520143509,0.97,0.6990099252240385,0.9241286057692308,67.51390433815351,82.29993441317679,118.19084697282696,43.9353529405217,80.91037660893056,46.47055055998442,5357.990473546604,434.3058333333332,0.465313909386011,0.3378029841783397,A,grading/data_processed/onion/A/Onion_Red_1_21__100.jpg,ffe7c181000081e3,4
6369.5,304.149276137352,1.0449438202247192,0.8652500470381727,0.9827200493712877,84.97261538461538,83.6136767663658,119.38107692307692,44.87386608374385,84.02553846153846,48.12887468616126,5558.569598890092,420.3700537371763,0.3112746312716087,0.1994646196056781,A,grading/data_processed/onion/A/Onion_Red_1_r_10__100.jpg,ffc38180008181e7,7
6831.0,325.56348943710327,1.0869565217391304,0.8098838897130238,0.9727997721446882,30.085197934595524,55.18914874232383,80.08089500860585,49.43417996746293,89.63582903040735,51.4206415982291,2312.4104122873346,478.6123188405796,0.3739165194863216,0.2298208632514319,A,grading/data_processed/onion/A/Onion_2_r1_182__100.jpg,ff9b9100008081ef,65
5401.5,365.60511910915375,0.989247311827957,0.5078081987991022,0.8392635177128651,35.11728728188523,11.08197332979154,57.499910055765426,27.416929594946943,71.86850152905198,41.7369736917757,2405.508507750057,424.7168852652724,0.5220571383145327,0.3327171181003621,A,grading/data_processed/onion/A/Onion_White_2_r1_68__100.jpg,ffbf9d01018181e3,11
7267.0,320.04877054691315,0.96,0.8915232996435435,0.9897173987061628,30.42720151269584,59.02213431835745,168.05942733657483,44.16888089406772,95.92990275526742,54.2851220491897,1924.8406916666668,339.8156842105264,0.3811514699058658,0.2138574874320465,A,grading/data_processed/onion/A/Onion_Red_2_r2_262__100.jpg,e7c3c180818181c7,15
6560.5,353.11983823776245,0.89,0.6611539091708156,0.9567595158232464,20.078057500372413,38.52800068991597,87.74482347683599,50.4009543738004,86.42410248771041,49.7870657023432,2298.942523658629,526.7377272727273,0.3549675564190089,0.2304301274718525,A,grading/data_processed/onion/A/Onion_2_r2_136__100.jpg,ffd9c1c1c1c1c1c7,78
6025.0,364.6761864423752,0.93,0.5693143178310404,0.9101208459214502,57.19883513994499,79.15283182894605,111.5822682413849,42.099406664633506,79.92331337971203,46.27577075002268,6700.556707411261,388.4463043478262,0.4797586839549628,0.3210373515596096,A,grading/data_processed/onion/A/Onion_Red_1_148__100.jpg,ffe78381010181c7,4
6822.5,318.63455617427826,1.0638297872340423,0.8444377913212033,0.9767358625626342,17.810317574364134,13.969788698914032,144.34573933036356,51.910215953682446,89.67926426210663,51.95085682000781,4864.4805627433225,524.030303030303,0.3876087713310557,0.2452396223415507,A,grading/data_processed/onion/A/Onion_White_1_126__100.jpg,ffcf8707000181e7,13
4810.5,301.9482672214508,1.0930232558139534,0.6630327790972331,0.9078984618288196,141.60461818918373,55.24763375923467,90.66173789750862,43.49636986310175,63.34778205387887,36.72587541085761,9678.908063842153,322.1407851962991,0.5549532666949764,0.3751660658016872,A,grading/data_processed/onion/A/Onion_Red_3_r2_117__100.jpg,ffc3c3018181c3e7,8
4192.0,334.04876959323883,0.72,0.4720754166335772,0.8227674190382728,47.452721402214024,64.55237995112364,71.04935424354244,53.31467591085675,55.99123616236162,33.13196131327751,11175.903888580246,521.9657746478874,0.4848870348232738,0.3764953522262483,A,grading/data_processed/onion/A/Onion_2_r0_240__100.jpg,f3c3c3c1c1c1e1e3,50
5588.0,306.7350618839264,1.2048192771084338,0.7463446400831241,0.9503401360544218,29.14423076923077,42.09503070521061,94.2875874125874,53.07440337375548,73.50017482517482,42.15554779337637,4207.059893395268,450.9146890592674,0.4953209940259026,0.2992817007465914,A,grading/data_processed/onion/A/Onion_2_r2_16__100.jpg,ffe1c1800080e1ff,54
6704.5,362.77669191360474,0.979381443298969,0.6401732259766669,0.931698165647582,24.583005392799883,38.21821140763988,102.67657775834428,48.36534931576607,89.0243404751494,51.78769309376937,1790.0499347445084,395.0866418074139,0.4359081171758086,0.2429621236883969,A,grading/data_processed/onion/A/Onion_2_r2_0__100.jpg,ffd9bf80008081f3,48
5663.0,364.6761863231659,1.020408163265306,0.535108213109542,0.8465505643172135,36.26877470355731,14.179850573601836,49.47465200206221,25.322688065773864,75.27582058772985,43.903286803957165,3245.102708444398,489.4555761698619,0.5917516492280341,0.3904920374978392,A,grading/data_processed/onion/A/Onion_White_2_r1_50__100.jpg,ff9f8f80018181c7,16
4348.5,288.97770285606384,0.67,0.6543659150993187,0.9338559003543434,34.95526727801387,62.579407937422246,148.2663833594274,54.87951818175855,57.69022590024603,32.4122060161083,13850.043517130764,350.68772727272733,0.4807895432008215,0.3121743849970738,A,grading/data_processed/onion/A/Onion_Red_2_r0_238__100.jpg,f3e7c3818181c1e7,26
5512.0,388.6761864423752,1.0666666666666669,0.4585040826051939,0.777487834120883,17.613204225352113,14.698646637441628,145.22728873239436,49.025678759812024,73.86602112676056,43.277525316829944,3028.346122564622,372.71239766081874,0.4569454065553047,0.3269066419215173,A,grading/data_processed/onion/A/Onion_White_1_r_71__100.jpg,ffbf9f05018181c3,11
4737.0,321.0193325281143,1.152941176470588,0.5776315070765297,0.8823693769209277,141.19499178981937,55.13667664274752,86.60899014778325,41.64174983938913,62.58969622331691,36.39432596982263,11055.552814643266,334.44960582171007,0.557555281138089,0.4022795437713087,A,grading/data_processed/onion/A/Onion_Red_3_r2_128__100.jpg,ffc383810183c3ef,8
7148.5,341.4629839658737,0.9494949494949496,0.7704376947742676,0.9725188762669206,14.847724780701755,8.5906848379889,143.27261513157896,45.867543206562,94.5234375,55.08050078668189,3265.126836183557,479.04605191701967,0.339708716430449,0.2035381615763142,A,grading/data_processed/onion/A/Onion_White_1_r_104__100.jpg,ffc78703018181c3,12
5052.5,287.17871248722076,1.351351351351351,0.7698598983574726,0.960186240973014,62.71682441568476,79.47488571161736,155.80954220591076,54.79685244061986,66.93007533320456,37.12166873927591,8861.127918900656,301.89516789516796,0.4658582528286014,0.2869074902666514,A,grading/data_processed/onion/A/Onion_Red_2_r2_217__100.jpg,ff838100000387ff,0
6471.0,327.3624781370163,1.1235955056179776,0.7587932598715722,0.9624451550531716,16.22602118003026,12.3262896564808,140.8408472012103,57.14757361104835,85.09440242057488,49.23777422286675,5372.675764108068,461.0061287027579,0.4110151301230765,0.2443845903487956,A,grading/data_processed/onion/A/Onion_White_1_195__100.jpg,ffc38307010183ff,0
6258.5,336.291411280632,1.0208333333333333,0.6954222295325563,0.9397147147147148,96.2275495861315,84.89452299411691,117.53959081680462,44.46004987911586,82.61471185381852,47.32535562843018,6710.769051261555,525.7132731958762,0.4394615565677721,0.3035080416743596,A,grading/data_processed/onion/A/Onion_Red_1_r2_79__100.jpg,ffc381810181c1e3,8
4631.5,302.0071396827698,0.74,0.6381122943356371,0.9068925004895242,40.54797396598782,51.49190508927192,84.07768213310939,53.0920893072634,61.217509972706274,35.7423028178357,8271.90796711103,513.3771232876713,0.4859456558817261,0.3380415735685284,A,grading/data_processed/onion/A/Onion_2_r0_0__100.jpg,cfc3c183810183c7,26
6913.5,316.2914113998413,0.94,0.8684264306442196,0.9829387929195992,18.625283768444948,8.799711828687546,134.72403518728717,49.15315233891259,90.80845629965948,52.6440343750242,3895.4494076957903,378.41193548387093,0.4331932993203962,0.23789335378339,A,grading/data_processed/onion/A/Onion_White_1_r_54__100.jpg,ffdf8f81018183c3,16
4650.5,277.6639951467514,0.7,0.7580020433639174,0.963135549342446,12.755294611029566,20.688654610926516,152.9125602851751,55.981403124925045,61.3302579157056,34.888525842081265,10530.262687265307,384.8672463768116,0.4410491003032615,0.298582206022752,A,grading/data_processed/onion/A/Onion_Red_2_r0_165__100.jpg,e7e3c1818181c3e7,26
6787.0,317.22034335136414,0.91,0.8475506309068971,0.9786589762076424,17.525061389570997,17.68480514653091,144.14184602051134,55.68531025598533,89.10226780297559,51.42176138180809,4037.275372008211,524.1921111111111,0.3725638157708495,0.2224197039188705,A,grading/data_processed/onion/A/Onion_White_1_r2_43__100.jpg,ef8f8b81018181c7,16
5796.5,374.91882729530334,0.94,0.518204529060171,0.8732298885206388,35.30485143528622,11.953637073310796,51.16216216216216,29.84471407849788,76.64545912371999,44.34198217480913,3251.3452338614757,486.78354838709686,0.5811883642805667,0.3483588449317431,A,grading/data_processed/onion/A/Onion_White_2_r1_150__100.jpg,ffcf8f01018183c7,11
6280.0,323.4213533401489,1.1904761904761905,0.7544528919926808,0.9508668332197744,31.96496418561196,56.37962087580985,97.97150420429772,52.91710637584369,82.81438804110869,47.047089642288746,2032.976918353175,435.8078403078403,0.3625608474504708,0.2252202090848048,A,grading/data_processed/onion/A/Onion_2_r1_6__100.jpg,ffc180000081c1ff,54
4833.0,290.04876923561096,1.3157894736842106,0.7219125722956318,0.94634814959859,20.94873864783047,40.057579595763784,159.39475277497476,56.55601130246389,64.18950554994954,35.63727188187064,10839.550883933518,337.63835725677836,0.4603464044208266,0.3327130619508309,A,grading/data_processed/onion/A/Onion_Red_2_r1_136__100.jpg,ffc383008181c3ff,8
5080.0,323.0782083272934,1.2195121951219512,0.6115869990837279,0.8941300712839919,138.24229074889868,56.7775467134934,93.78509864010726,48.58603830634589,66.99578624784525,38.400389419196706,7639.851067801903,355.5768662232077,0.4987779182890097,0.3493634937725861,A,grading/data_processed/onion/A/Onion_Red_3_r_22__100.jpg,ffe1c0c0c0c0c1f7,5
6738.0,314.87719881534576,1.0869565217391304,0.8540011277573152,0.9810002183882944,17.96245634458673,17.54587498550916,138.46536670547147,52.02611638941728,88.59269499417928,51.497949925414346,5480.567920309547,503.44356609574,0.3872178454246239,0.2414757778419159,A,grading/data_processed/onion/A/Onion_White_1_148__100.jpg,ffc38d0c000081e7,2
6783.0,325.56348860263824,1.0888888888888888,0.8041930101133614,0.9679628968961826,16.057192374350088,15.235809432236415,149.04636048526862,49.02705327042121,89.31398035817446,51.59217073055313,4411.832517006802,520.8564719358534,0.3616697782761877,0.2009208047620188,A,grading/data_processed/onion/A/Onion_White_1_182__100.jpg,ffc38f01010101e7,2
4424.0,287.56348848342896,0.68,0.6722913065093653,0.9428815004262576,31.8383194016718,57.5888879788894,152.45358556973164,55.04737931787303,58.818081830180375,32.9839798789767,12532.989660121106,371.8310447761194,0.4776863031791633,0.3107693153883534,A,grading/data_processed/onion/A/Onion_Red_2_r0_228__100.jpg,f3e7c3818181c1e7,26
6753.0,340.6761871576309,0.97,0.7311779025068588,0.9570578231292516,139.84515006524575,55.84093772733317,93.99579527330724,42.40151512113246,88.82325648832825,51.08424464252452,3376.257047550218,535.6506249999999,0.4256372507388937,0.2721769954281179,A,grading/data_processed/onion/A/Onion_Red_3_r2_1__100.jpg,e7c7c5848080c1e3,45
6576.5,309.1198387145996,1.1111111111111112,0.8648701978004757,0.9813474595239872,20.141493961532728,11.443931959057563,123.0457730729089,49.60764943946038,86.50827493663337,50.30729528270476,5152.315626555555,449.9086419753085,0.3877595877835114,0.2426431936173529,A,grading/data_processed/onion/A/Onion_White_1_76__100.jpg,ffc38d0c000181ef,2
4797.5,339.9482651948929,0.79,0.5216739960540075,0.8631702051097517,46.32814080517904,55.21837499424182,76.39348573740644,50.90677589608734,63.7068581832895,37.656900134742386,7841.016054141964,510.4656410256411,0.4976994649605716,0.3567394370822445,A,grading/data_processed/onion/A/Onion_2_r0_54__100.jpg,cfc3c383838383c7,26
6456.5,317.66399359703064,0.9789473684210528,0.8040277469669186,0.9684265786710664,90.8926459438969,85.06658498327761,119.54192570128886,44.98918606067875,84.96315390447309,48.58240000301448,5287.603820530387,513.9075514874143,0.370526896645737,0.2361885182528024,A,grading/data_processed/onion/A/Onion_Red_1_r2_67__100.jpg,efc381818181c1e3,8
6534.5,308.9777034521103,1.1235955056179776,0.8601376233758151,0.9805672268907564,36.29908504574771,10.219223162095798,49.26548672566372,28.39148128336847,85.7865606719664,49.768438256621,3405.520967289483,413.4396776756328,0.5082873910782607,0.2396188133560179,A,grading/data_processed/onion/A/Onion_White_2_r0_33__100.jpg,ffcf8f01000081ef,13
6234.0,454.61731147766113,0.92,0.3790397206927685,0.8585003098533361,20.08786936236392,16.829995041486594,130.48211508553655,49.62865750667845,84.01135303265941,49.902916901487096,4075.798421550094,578.198901098901,0.4456372912219018,0.2826170565911527,A,grading/data_processed/onion/A/Onion_White_1_r2_169__100.jpg,ffdf9f11010181c3,21
6196.5,310.6345566511154,1.1494252873563218,0.8069688735397779,0.9703257124960852,12.703112656027807,22.31266758780722,164.9009322167799,56.84035139415359,81.41602148838679,46.51674420863296,5298.282044378386,490.1309648206201,0.3959126759527251,0.2573531557227915,A,grading/data_processed/onion/A/Onion_Red_2_r2_61__100.jpg,ffc381800081c3f7,0
6592.0,311.70562517642975,1.1111111111111112,0.8525851874485897,0.9780415430267062,20.633997620464008,10.500618010650028,122.64425936942295,51.722853551194056,86.5783759666865,50.36670361278006,5817.113180135803,452.17912457912456,0.3966340119728533,0.2409861034747485,A,grading/data_processed/onion/A/Onion_White_1_71__100.jpg,ffc38d08000181ef,2
4316.0,281.42135298252106,1.4492753623188406,0.6848212163966825,0.9285714285714286,32.76808654496281,45.234471311973294,91.28668018931712,58.53021222624913,57.209150326797385,33.87377938123808,9317.11471831548,323.36612501829893,0.5269397067476167,0.3468369232280356,A,grading/data_processed/onion/A/Onion_2_r2_41__100.jpg,ffe3c10000c0e1ff,59
4261.0,271.7644987106323,1.5384615384615383,0.724996570177009,0.9409296676603732,18.610552763819097,39.68776892683377,150.14732754682504,65.33982919020342,56.405893101873,32.58225605704045,13273.595621562132,265.2780108780109,0.4360357669915489,0.3146796549991301,A,grading/data_processed/onion/A/Onion_Red_2_r2_14__100.jpg,ffe1c10000c0e1ff,59
4424.0,287.078208565712,1.4492753623188406,0.6745661236697749,0.9321533923303836,33.171981526281066,53.84356849376746,92.75280404662416,56.56740755100643,58.48141631845173,33.52698554226304,8512.541698466708,363.7342995169082,0.4625428545358444,0.3284531253345849,A,grading/data_processed/onion/A/Onion_2_r2_208__100.jpg,ffc78300000387ff,0
7275.5,321.8061295747757,1.0638297872340423,0.8828442342087742,0.9859069042618064,69.16792554626383,81.12542944413066,126.81049366064202,45.12194122219447,95.67021850553007,54.52424724033503,4377.3664738682655,504.0950999355254,0.3130244708464243,0.1973286609210566,A,grading/data_processed/onion/A/Onion_Red_1_r_191__100.jpg,ffdf8700000181c7,13
7021.5,334.6345567703247,1.0638297872340423,0.7879491467620809,0.968683175829482,34.21629919062239,57.685836204497654,84.7804912084845,51.13373002950727,92.10173039352496,52.860313922290125,2051.0634764033503,444.71491510853207,0.3586979951988811,0.2259771815141737,A,grading/data_processed/onion/A/Onion_2_r1_200__100.jpg,ffb7a301008081ef,1
5785.0,367.5046135187149,0.93,0.5382544592053379,0.8781117182756527,34.61477616963985,12.0822884206186,49.12117132278694,28.188314538372826,76.61898350723662,44.506912503896345,3024.9362085212165,510.6573913043479,0.5748858589631245,0.3446236920619864,A,grading/data_processed/onion/A/Onion_White_2_r1_156__100.jpg,ff9f9f01010183c7,16
5309.5,310.4924216270447,1.162790697674419,0.6920882564033247,0.9178046672428696,30.16844232182219,45.54090485634048,83.74559147685525,49.04309281653894,70.00918442321822,40.46405944393587,5041.25458469443,421.1109936575052,0.4876741916710877,0.3554551606849686,A,grading/data_processed/onion/A/Onion_2_r2_104__100.jpg,ffe1c080c0c0e1f7,5
6156.5,355.6051194667816,1.0210526315789474,0.6117975570837108,0.890761773855169,15.361705500079252,13.059604557857371,144.37866539863683,47.73805853884251,81.65303534633064,47.32162743676604,3067.5087372760618,381.4486842105263,0.4179097633678578,0.3008823677052321,A,grading/data_processed/onion/A/Onion_White_1_r2_93__100.jpg,ff9f8703018181e3,16
6970.0,313.90663480758667,0.9387755102040816,0.8888769651887617,0.9887927365583772,149.46453701097664,46.22663422420188,104.63101604278074,39.98383173808321,91.4843793976921,52.824325262584786,1953.909007815348,359.736936532855,0.41301379762592,0.1997324256067956,A,grading/data_processed/onion/A/Onion_Red_3_r_78__100.jpg,ff8f9901018181c3,11
5329.5,327.2619721889496,1.1123595505617978,0.6253242113391466,0.9249392572023604,142.50576184379003,52.69534904830634,87.20980428022682,41.7509017908094,70.45674044265594,40.850055102167566,8265.062610589024,419.0092868608117,0.5105782037378039,0.3665233903594934,A,grading/data_processed/onion/A/Onion_Red_3_r2_141__100.jpg,ff878301018383ef,28
7268.5,323.8061295747757,1.0416666666666667,0.8711331238696008,0.983159745705397,15.897813174946004,35.71415730399984,167.46193304535635,47.94547454461901,96.53158747300216,54.3905396708587,2002.2400872287328,387.75862794612806,0.3422381520818668,0.213074533824758,A,grading/data_processed/onion/A/Onion_Red_2_r1_257__100.jpg,efc1c1808081c1e7,7
4112.0,347.56348860263824,1.4705882352941178,0.4277545862105681,0.8340770791075051,31.423311444652903,52.321076603523466,84.84287054409006,55.48883210674434,54.95684803001876,32.042076508680935,9367.757123183392,349.87908496732024,0.5139932675741181,0.3588674990428467,A,grading/data_processed/onion/A/Onion_2_r1_301__100.jpg,ff8301000087cfff,53
6083.5,365.6051188707352,0.94,0.5719246841476379,0.898663121353128,59.90450248357635,79.86173266397567,113.341932382631,45.15528285802272,80.08043582759173,45.97773581363841,4972.653838829787,437.8889247311829,0.4429551302582165,0.3227791503928272,A,grading/data_processed/onion/A/Onion_Red_1_89__100.jpg,fff7c181000181c3,4
5997.0,319.56348872184753,1.053191489361702,0.7379545338677583,0.9323694029850746,21.921760391198045,36.13009736512405,83.74099429502853,50.00187028276237,78.85281173594132,45.380025493305205,3228.950779451788,466.6086626139818,0.4561136589851432,0.3287553118360662,A,grading/data_processed/onion/A/Onion_2_r2_113__100.jpg,ffc1c080c0c0e1f3,5
7171.0,318.3919154405594,1.075268817204301,0.8889258244305284,0.988013226784238,73.74411603721948,82.0714837678958,125.66050903119869,44.82531734839157,94.08743842364532,53.61182310085117,4300.685579188346,483.0400782013686,0.3138918273731834,0.1999971256923539,A,grading/data_processed/onion/A/Onion_Red_1_r_196__100.jpg,ffcf8504000181c7,12
6667.0,333.3624789714813,0.91,0.7538880949120473,0.9677747133110756,16.322808048171538,13.730984757690804,142.2966661771185,54.85793710998194,87.7871934204729,50.665056573493366,4964.26600742664,606.9478888888889,0.3634534912464836,0.2351087218950226,A,grading/data_processed/onion/A/Onion_White_1_r_157__100.jpg,ef878909818181c3,3
6159.0,330.1909066438675,0.9896907216494846,0.7098880256840184,0.9460829493087558,80.20273059215748,84.14810169231808,117.24797586918558,42.60564815181184,81.2878234640419,46.850505487480085,5372.138758147766,421.33532284319045,0.445981158089473,0.3088702507847459,A,grading/data_processed/onion/A/Onion_Red_1_117__100.jpg,ffe78301000181c7,4
6120.5,330.2914105653763,0.94,0.7050212493271308,0.92777019857511,144.77882465665922,49.93009912997919,97.83455764931333,40.83213527108284,80.57441711913127,46.08238498541702,5109.433060559076,400.7522580645161,0.4794114277923568,0.3190919232000353,A,grading/data_processed/onion/A/Onion_Red_3_52__100.jpg,ffe78101010183c7,8
4934.0,328.04876959323883,1.25,0.576145511434346,0.8871707273217657,130.18758620689655,63.751845591646905,91.53477832512316,49.333581747173426,65.20886699507389,37.54159230644722,8224.013478609375,333.01338383838396,0.4828128708498734,0.3513433125202888,A,grading/data_processed/onion/A/Onion_Red_3_r_12__100.jpg,ffe1c0c0c0c1c1f7,5
4181.5,291.6639940738678,1.4492753623188406,0.617698188366838,0.919010989010989,31.929881588112377,45.27027629699669,87.10053401439517,54.463564756142674,55.804039934989554,33.70677794494804,8824.636229783659,384.25442834138494,0.527000136952497,0.3641893017482191,A,grading/data_processed/onion/A/Onion_2_r2_73__100.jpg,ffe1c10080c0e1ff,51
4355.0,314.0487691164017,0.71,0.5548860826696249,0.8941587106046607,54.40276230786367,64.98763150782567,76.90777456003565,55.016637793475205,57.58142125194921,33.25709571438622,10024.907550307478,462.3052857142857,0.4660438197984184,0.3493300731400032,A,grading/data_processed/onion/A/Onion_2_r0_182__100.jpg,fbc383c181c1c1f3,50
5695.0,362.1909055709839,1.0526315789473684,0.5455424000957347,0.8476594477934063,35.08853187489318,11.997522535865512,53.93539565886174,29.28060594882999,75.58126815928901,43.86998181629039,2474.458834027701,371.1097288676235,0.6055363421555537,0.3714116694531941,A,grading/data_processed/onion/A/Onion_White_2_r0_69__100.jpg,ffdf8f07000181e3,18
6496.0,310.0487701892853,1.1235955056179776,0.8491723686457665,0.9800105604586256,17.263277006638504,16.875335360101882,141.39318044659024,52.73546124979048,85.69266747133373,50.17958840887986,6004.53620911501,511.5031210986267,0.3904291587989044,0.241991796562674,A,grading/data_processed/onion/A/Onion_White_1_158__100.jpg,ffc38708000081ef,2
4763.5,294.00714004039764,1.36986301369863,0.6925007986231858,0.9381585425898572,33.466775710488655,55.059829451885214,90.71641791044776,55.13680254435644,62.80903700674709,36.16084278502061,6811.332319684743,428.7319773073199,0.4550199916915269,0.3175373267433704,A,grading/data_processed/onion/A/Onion_2_r2_201__100.jpg,ffc78100000383ff,0
5793.0,375.0193326473236,0.97,0.5176140774237679,0.80998322147651,17.852057094878255,18.229918214367675,138.7852225020991,51.1978961239597,77.28127623845508,45.39685971433329,3065.2926510362418,319.2195833333334,0.5035135720223597,0.3726612035251956,A,grading/data_processed/onion/A/Onion_White_1_r2_119__100.jpg,ef8f9f0f010181c3,23
7364.5,330.9777019023895,1.0103092783505154,0.8448034099752423,0.9783460644304218,15.277437400106551,34.67343482885687,169.7241608950453,46.634315922706534,98.16662226957912,55.40732897214966,2459.3947259283545,414.5468168774578,0.326498563260103,0.1952350576353818,A,grading/data_processed/onion/A/Onion_Red_2_r1_262__100.jpg,ff83c18080c1c1e7,73
5337.5,289.6639938354492,1.2987012987012987,0.7993900224570939,0.9656264133876076,68.81508604906628,81.65054593108296,157.07488099597217,51.95323710239729,70.39619187110948,39.60894676254376,7399.349386068476,289.68267086448895,0.4611456434140685,0.2783392405892296,A,grading/data_processed/onion/A/Onion_Red_2_r2_221__100.jpg,ff838100000387df,0
4689.0,305.07820761203766,0.75,0.6330933102037749,0.9099553658063264,41.939016801493466,52.96060393895533,83.76809790499897,53.76010680695311,62.58784484546774,37.60843148818969,8814.689440995557,576.0472972972973,0.4821061455835035,0.3388776026585967,A,grading/data_processed/onion/A/Onion_2_r0_5__100.jpg,cfc3c183810183c7,26
6878.0,336.0487687587738,1.0206185567010309,0.7653629209879227,0.9621598936839896,16.264701694432578,15.39808705464224,139.2056101381176,52.5727625102681,90.5561725758223,52.32727543828456,4215.055550551088,430.4620239848517,0.3918830878075511,0.2544702516807884,A,grading/data_processed/onion/A/Onion_White_1_r2_76__100.jpg,ff8f8d01010181e3,11
4407.0,315.3624789714813,0.72,0.5568431389114825,0.8925569620253164,51.495814977973566,62.56078439885539,79.90704845814977,55.596490663600335,58.49955947136563,34.13637136583486,9260.775328395062,474.5126760563381,0.4652648680627689,0.3507435211878149,A,grading/data_processed/onion/A/Onion_2_r0_188__100.jpg,f3c383c181c1c1e3,50
6383.5,314.1492750644684,1.054945054945055,0.8128241583307739,0.9698419933151018,91.378125479368,84.60106152097786,114.11919005982512,41.31173767939375,83.89246816996472,48.16700828628112,4984.267170277258,401.4357432041643,0.3762670041043694,0.2371826885006167,A,grading/data_processed/onion/A/Onion_Red_1_r_113__100.jpg,ff8385818181c1e7,8
4757.0,281.5634890794754,1.3888888888888888,0.7540329755048512,0.9577209583249446,13.671452009844137,27.03170011181588,155.89807219031994,62.67159928081294,62.768662838392125,36.32746045398197,11762.577043036265,332.42241863075196,0.4342127031057897,0.3096681619151242,A,grading/data_processed/onion/A/Onion_Red_2_r2_42__100.jpg,ffc3c18000c1e3ff,51
6578.5,312.2914115190506,1.1111111111111112,0.8476501862038216,0.979526503871352,18.34525406049769,20.83865631777523,142.4066458053941,52.24803193942605,86.61883474891968,50.28991938300724,6154.774844444444,558.83265993266,0.3859175571429745,0.2405400627070597,A,grading/data_processed/onion/A/Onion_White_1_156__100.jpg,ffc38708000081ef,2
5057.0,325.56348955631256,1.2195121951219512,0.5995583117083091,0.8911798396334479,135.4355521354367,59.49416102629541,91.40631011927664,48.22970693680072,66.78491727587533,38.45722262227019,9461.425219750148,372.3594481399359,0.4961032466114273,0.3540144341842949,A,grading/data_processed/onion/A/Onion_Red_3_r_19__100.jpg,ffe1c0c0c0c0c1f7,5
5624.0,373.8477599620819,1.065217391304348,0.5056681621902916,0.7902761188786622,16.996715643906654,12.849349401871692,144.95868625756268,47.30714865554688,75.35211754537598,44.4552696569223,2909.042365972275,371.60869565217394,0.4648358221378005,0.3418616202085064,A,grading/data_processed/onion/A/Onion_White_1_r_79__100.jpg,ffff3f00008181c3,43
4054.0,361.3624783754349,0.7,0.3901283366729809,0.766568970407488,39.97529691211401,52.43923172551084,77.79952494061757,53.652862397823306,54.32826603325416,32.438900492531715,11653.192438857142,448.1982608695652,0.5178963083141442,0.3794761559163536,A,grading/data_processed/onion/A/Onion_2_r0_86__100.jpg,cfc3c383818383c7,3
6041.0,308.39191710948944,1.1494252873563218,0.7982018430543203,0.9630928656835392,103.36562449376316,84.64828729872568,120.63162157783896,44.92492848442417,79.40531346184999,45.570715232308174,5510.656492786366,358.2982700568907,0.4153806337734458,0.2782899991967746,A,grading/data_processed/onion/A/Onion_Red_1_r2_132__100.jpg,ff838101018183ef,0
6435.0,320.87719762325287,1.032967032967033,0.785381565159377,0.9719809682048184,87.28149726110773,83.60298501718412,118.54214850882532,45.69903282860969,84.85377358490567,48.71043422487632,5312.952720190082,451.9097246839182,0.3309207009169213,0.2152938963134384,A,grading/data_processed/onion/A/Onion_Red_1_r_12__100.jpg,ffc38180808181ef,6
7048.5,317.8061293363571,0.9693877551020408,0.8769645343211153,0.9860800223838836,146.89324982602645,50.270280095767674,115.95866388308976,40.775476554707595,93.02115518441197,53.78353063558279,1702.2734587850628,389.76519756838906,0.3899961343845249,0.2152608395774094,A,grading/data_processed/onion/A/Onion_Red_3_r2_66__100.jpg,ff8f8701010181c7,18
5860.0,358.5340527296066,1.1111111111111112,0.5728575741229568,0.8899012908124525,35.03624272651704,9.828183971644284,49.11587697423109,32.81179418589063,77.6139650872818,45.20614577079274,3311.3246770246915,425.3143658810326,0.5829014555104095,0.319122120826094,A,grading/data_processed/onion/A/Onion_White_2_r0_152__100.jpg,ffcf8f01000181e7,2
6227.0,322.19090473651886,1.020408163265306,0.7538104903722358,0.944701509519836,144.71931478862172,50.41178335803848,96.07637906647808,41.20427616923356,82.12902718843313,47.80234112649736,4894.298035776759,354.98124098124106,0.4896958921492379,0.3372671089388716,A,grading/data_processed/onion/A/Onion_Red_3_93__100.jpg,ffe78301000183c7,4
6434.5,546.8010774850845,0.9693877551020408,0.2704368980465409,0.8724745762711864,15.156648178683856,8.915426532607551,143.00014990256332,44.448850882260444,86.88352570828961,50.78750027616549,2948.914586616149,708.4907729049066,0.3833957962463501,0.2637231465140334,A,grading/data_processed/onion/A/Onion_White_1_r_97__100.jpg,ffff9f01018181c3,16
6228.0,334.1909054517746,0.95,0.7007598547590833,0.9310808790551652,79.51868131868132,83.87358196404524,117.5706436420722,44.158140798733875,81.85729984301413,46.98473195602126,4526.0850818393355,405.57127659574456,0.4516142005719225,0.3154575886978932,A,grading/data_processed/onion/A/Onion_Red_1_115__100.jpg,f7e78301000181c7,4
5353.0,357.3624789714813,1.0,0.5267313933146511,0.8379774577332498,34.984201924822955,10.704845712576333,61.08915925186127,29.69912443417757,71.28781550753587,41.42207644481731,2315.9126673578703,387.8708791208791,0.5218446959637923,0.3342926315730499,A,grading/data_processed/onion/A/Onion_White_2_r1_72__100.jpg,ffbf1d01018181e3,52
3622.0,297.4213533401489,1.639344262295082,0.5145339303810903,0.8831992197025116,36.66115702479339,57.34097393263534,88.50759797387363,54.37588386214842,48.31831511596908,28.286730894452184,13968.917796291318,274.25484351713857,0.5200473527959225,0.3717014392702126,A,grading/data_processed/onion/A/Onion_2_r1_266__100.jpg,ff87830000078fff,53
6203.0,373.0193327665329,0.93,0.5602075574574534,0.8984646581691773,49.41766184789441,75.22965034780579,117.25628535512256,43.68252091330785,81.74450031426775,46.849972778285135,5662.197327910741,443.1785869565218,0.4251839568391978,0.3017572490957799,A,grading/data_processed/onion/A/Onion_Red_1_74__100.jpg,ffe78381010183c3,4
6363.5,308.1492750644684,0.989010989010989,0.842138673167356,0.9746515546025424,64.1576354679803,80.42903599361462,118.80711206896552,45.898899177691625,83.63300492610837,48.060840386484585,5885.866207784889,578.0793925175947,0.3148669170381932,0.1906315032458794,A,grading/data_processed/onion/A/Onion_Red_1_r_175__100.jpg,ff8f8101010181ef,8
6752.5,317.3208485841751,0.88,0.8427082446253782,0.977206946454414,23.132510885341073,40.76139643601381,98.29796806966618,50.440436458498155,88.45428156748912,50.66059707111045,2453.345966477273,495.8871264367816,0.3600053993637442,0.2026071644821198,A,grading/data_processed/onion/A/Onion_2_r2_308__100.jpg,ffc18f81818183e7,28
7250.5,319.4629839658737,1.0416666666666667,0.8927641310204079,0.9890866925857718,27.95803438472993,53.631875740008944,144.718965750643,55.407427485517736,94.97834032760254,54.14913866486774,2528.8951583224825,385.53861531986536,0.353388588344907,0.2163531864143091,A,grading/data_processed/onion/A/Onion_Red_2_r1_84__100.jpg,f7c1c0e0808181e7,7
3865.5,265.6639940738678,1.5873015873015872,0.6882562221122168,0.9308850090307044,33.09477124183007,61.09981051902267,148.815987933635,58.43470894463163,51.280040221216694,30.19863865424273,16052.006399067775,281.18983485650153,0.5257559551324368,0.3561033423984278,A,grading/data_processed/onion/A/Onion_Red_2_r1_13__100.jpg,ffe1018080c1e3f7,51
5556.0,309.56348955631256,1.25,0.7285722636785816,0.9408178816357632,15.176656705923712,38.08641094331252,169.89646686588154,52.68912401616773,73.59782035507119,40.77703224127678,7667.365699234374,364.06780303030297,0.4043133628012056,0.2753948379902098,A,grading/data_processed/onion/A/Onion_Red_2_r1_280__100.jpg,ff018180c0c0e1f7,5
6208.0,367.3624798059463,0.93,0.5780587457723322,0.9009505841375808,46.99261818752945,73.9696713167378,118.62996701743364,42.94317107450124,81.88503219726717,47.01161237797873,5652.375897837901,434.36597826086967,0.4182090526481846,0.3005454143345141,A,grading/data_processed/onion/A/Onion_Red_1_71__100.jpg,ffe78381010183c3,4
6526.5,312.2914113998413,1.1111111111111112,0.840949904154866,0.9801021174350504,17.180207238324073,17.102623699161203,142.0668268508785,53.963194119466394,86.09430845472293,50.22417200626944,6187.319390111111,550.2444444444443,0.39090293684166,0.2465666116388055,A,grading/data_processed/onion/A/Onion_White_1_162__100.jpg,ffc38708000081ef,2
6312.5,324.7766914367676,1.0101010101010102,0.7520410526470896,0.9422344951115756,145.2863565891473,49.69580972053716,95.11922480620154,42.62514691806539,83.10961240310077,48.248882389001984,4618.453847199266,364.1442709927559,0.4882308922390179,0.3354928911448175,A,grading/data_processed/onion/A/Onion_Red_3_98__100.jpg,ffe78301000183e7,4
7079.5,341.4629839658737,1.075268817204301,0.763001141519819,0.9619539370881174,15.544901065449013,35.94628039134526,174.74664452746646,46.936256681219035,94.7072090770721,52.40486244270672,2324.838612683547,467.5607689801239,0.3385151463010267,0.2066205904637077,A,grading/data_processed/onion/A/Onion_Red_2_r1_269__100.jpg,ff81818080c1c1e7,73
6824.0,363.8477598428726,1.0309278350515465,0.6477530572332977,0.9247238972830136,26.511747851002863,40.78156930451871,101.97034383954154,48.881053895836864,90.6618911174785,52.86022015051231,1983.2602433414816,401.5453504113299,0.4615600928779636,0.2675806223174979,A,grading/data_processed/onion/A/Onion_2_r2_2__100.jpg,fff9be84000081f3,48
7494.5,325.46298468112946,0.98,0.8890973632050773,0.9880034275921166,15.792114225831805,30.89135398911218,153.34411841760544,54.38217188019187,98.2353942887084,56.60030891619183,2691.0092168992087,470.15020618556696,0.333203905104832,0.20445660400861,A,grading/data_processed/onion/A/Onion_Red_2_r2_77__100.jpg,f7f1e980808181e3,15
5750.0,314.048770070076,1.0333333333333334,0.7326280036676313,0.9533283594462406,96.72076818490822,84.828272785198,111.61250849762068,46.23911950465081,75.90771583956491,43.91538061164859,8581.273120977377,391.5585748792271,0.4260326286255739,0.2810256978180794,A,grading/data_processed/onion/A/Onion_Red_1_r_119__100.jpg,ffc381018181c1f7,8
6029.5,373.1198377609253,1.098901098901099,0.5442450449372344,0.8879316692437965,34.76243540051679,9.073109088901576,48.84835271317829,30.22407863702364,79.71979974160207,46.27723524614522,2853.4845074145637,458.5370185370185,0.5922786850356286,0.3074908337912387,A,grading/data_processed/onion/A/Onion_White_2_r0_162__100.jpg,ffdf8f05000181e7,13
6151.5,364.7766923904419,0.93,0.5809472901370788,0.9002634274842676,49.129497543192265,75.18026858817996,117.10366143604377,43.80457075818752,81.07354572832462,46.405101959158706,5091.531549762979,423.3546739130435,0.4314904808253078,0.3072863478494761,A,grading/data_processed/onion/A/Onion_Red_1_77__100.jpg,ffe7c381010181c3,4
5442.5,367.9482647180557,0.968421052631579,0.5051667801620113,0.8376943204555949,35.5089253837915,11.061107519558304,58.26954659050339,29.63906699196671,72.47732952516958,42.10104898633425,2612.0153942655616,392.6024291497976,0.5398840566046316,0.3415725190869496,A,grading/data_processed/onion/A/Onion_White_2_r1_65__100.jpg,ff9f9f01018181e3,18
5859.0,377.0193320512771,1.098901098901099,0.5179718079277015,0.8825124265702666,35.48339422118897,11.134543264398475,47.26403188309532,29.015869034254532,77.67734971770176,44.99513256546141,3174.358877720082,437.1903651903653,0.5898167757026979,0.3255841870876406,A,grading/data_processed/onion/A/Onion_White_2_r0_120__100.jpg,ffcf8f07000081e7,13
4149.5,280.0071402788162,1.4705882352941178,0.6650700957941659,0.9181325367850426,29.049180327868857,40.25686166985823,89.27002341920375,56.324880760987945,55.17072599531616,32.58390193455804,9334.83671658737,346.76782531194294,0.5277425768046499,0.360941919824002,A,grading/data_processed/onion/A/Onion_2_r2_65__100.jpg,ffe1c10000c0e1ff,59
6231.0,322.8771975040436,1.020408163265306,0.7510915313306266,0.9461696150633968,143.34463809075208,51.49444529231672,96.86151672162036,41.389771468923485,82.08541372271942,47.65654313705236,4753.477087713452,356.15677179962904,0.4895003417038198,0.3369489479326927,A,grading/data_processed/onion/A/Onion_Red_3_88__100.jpg,ffe78301000183c7,4
6537.0,310.39191722869873,1.1235955056179776,0.8526436107569757,0.9777877496073591,17.48575712143928,18.43557666023991,143.89025487256373,51.27005208564349,86.17061469265367,50.08141773024238,5580.976064183815,513.6480535694019,0.3846941977413454,0.2382588865830226,A,grading/data_processed/onion/A/Onion_White_1_167__100.jpg,ffc38f08000081ef,63
6578.5,334.00713992118835,0.86,0.7410120012929577,0.9649431609827648,24.805382099316088,47.83362769975547,92.83645554564376,52.82430961927401,86.59173357121618,49.801271588750126,2372.447479597079,561.2510588235294,0.3411071536273895,0.2024547623442031,A,grading/data_processed/onion/A/Onion_2_r2_157__100.jpg,fff98181818181c7,39
5518.0,297.2203423976898,1.25,0.7849364554758183,0.9648539954537506,12.602055279943302,22.91144097601081,158.12420269312543,57.985368541580506,72.52657689581856,41.46391661240928,7515.294011,417.0303030303031,0.419404880069548,0.2803315516929992,A,grading/data_processed/onion/A/Onion_Red_2_r2_54__100.jpg,ffc381800081c3f7,0
3546.0,290.5929263830185,1.7241379310344829,0.5276895797884881,0.8908428589373194,33.620098039215684,54.45041576422218,88.06563180827887,54.91828744554575,47.25708061002179,27.661790439172417,11819.503129340072,263.2216997561825,0.5151220062506429,0.3544331297369786,A,grading/data_processed/onion/A/Onion_2_r1_278__100.jpg,ffc78300008587ff,64
5296.0,417.3036034107208,1.064516129032258,0.3821673410756687,0.7451808076544252,15.895159817351598,12.482958770966691,146.6118721461187,46.31521585594437,71.3406392694064,41.89850251301751,2723.5634676365603,402.74511740179935,0.501956259354405,0.3888702171754191,A,grading/data_processed/onion/A/Onion_White_1_r_82__100.jpg,ffff3f00008181c3,43
5704.0,355.8477591276169,1.0,0.5660579709163044,0.8581314878892734,36.42640027322405,12.75970833721171,50.146345628415304,26.893077799007852,75.57257513661202,43.985543055382166,3268.1379463152257,485.7636569779427,0.5932735936756838,0.3874079569656048,A,grading/data_processed/onion/A/Onion_White_2_r1_49__100.jpg,ff9f8f80018181c7,16
6737.0,313.0782079696655,0.88,0.863715538562657,0.9802837395416516,22.669285610359378,41.93754803091531,95.90935544885784,50.45911507606309,88.23745089480576,50.54844340076186,2394.0971776342976,490.7427586206896,0.3589650167562486,0.2051052886106039,A,grading/data_processed/onion/A/Onion_2_r2_304__100.jpg,dfc18f81818183e7,28
5947.0,318.8771973848343,0.95,0.7349552115383609,0.928855915657946,146.61071839552852,47.268350116773405,94.20927174091732,40.85244595454652,78.19201052112444,44.86437767286623,5066.193913617729,403.1794680851064,0.5105085962786803,0.345031063874659,A,grading/data_processed/onion/A/Onion_Red_3_174__100.jpg,ffe781010081c1e3,12
4917.5,319.26197254657745,1.1058823529411763,0.6062613014157742,0.9124223026254754,76.88160760245496,84.49557689382438,111.76163136012671,46.77581465985574,65.3811126509602,37.84330706420817,12159.42607171668,338.3055028462998,0.4914596081075547,0.3519363432123865,A,grading/data_processed/onion/A/Onion_Red_1_r_130__100.jpg,ffc3830181c1c3f7,88
7133.0,319.22034430503845,1.0526315789473684,0.8796318877286661,0.983929926201807,76.43713892709766,82.5443241129179,121.19986244841816,45.30597884800462,93.5801925722146,53.600494705741355,3890.650848742382,491.8402977139819,0.3313305568653772,0.2208249788792884,A,grading/data_processed/onion/A/Onion_Red_1_r2_42__100.jpg,ff870701018181e7,11
6749.5,324.63455605506897,0.96,0.8048074203954614,0.9631135844748858,26.869647263753812,50.17454067884483,88.42865437654231,50.161801179000335,88.66003774132675,50.96235693543135,2766.436005859375,551.6929473684212,0.4118483269139742,0.2684176367171708,A,grading/data_processed/onion/A/Onion_2_r2_297__100.jpg,df838701010183e7,32
6509.5,310.977702498436,1.0543478260869563,0.8458609854997527,0.9768157262905162,23.74559686888454,47.238853359317055,177.84780972452205,49.68664890366596,85.80129459581515,48.049910245334864,3506.7654396576822,379.9236865942029,0.3846040198626356,0.2388786427720143,A,grading/data_processed/onion/A/Onion_Red_2_r2_278__100.jpg,ffc181808081c1e7,7
7325.0,324.04877030849457,0.98,0.8765904553120988,0.9865319865319864,89.27960878885317,85.35724487081973,109.2706323687031,38.62256440985868,96.1477759914255,55.51785099965325,2902.951695918367,365.1874226804124,0.382911703484834,0.2236416823472581,A,grading/data_processed/onion/A/Onion_Red_1_r2_156__100.jpg,ffc78796008181c7,44
3975.5,317.4629843235016,0.58,0.4956960209377669,0.8663107430812813,41.41425443930917,58.71951462158748,74.22500608124544,48.04455705140633,52.84140111894916,31.062019996118295,12771.045291200951,524.7692982456139,0.4222353383868472,0.2674035007147837,A,grading/data_processed/onion/A/Onion_2_r0_134__100.jpg,f3e3c3818181c1e3,26
6324.0,342.8771975040436,1.1764705882352942,0.6759654786818762,0.9535585042219542,30.915018541409147,54.95288922361698,97.19097651421508,54.2079129793605,83.38427070457355,47.39695301974473,2224.6056467681665,528.597266785502,0.3653850947819776,0.2247460275898191,A,grading/data_processed/onion/A/Onion_2_r1_5__100.jpg,ffe180000001c1ff,54
6142.5,309.8061293363571,1.1764705882352942,0.8042202746805315,0.9683903515686584,30.836494023904383,55.679684712647976,79.79936254980079,52.42042787461587,80.58374501992031,46.22332200017423,3315.5592655916953,465.1196672608437,0.4089859588578363,0.2488662811042793,A,grading/data_processed/onion/A/Onion_2_r1_154__100.jpg,ff8381808080c3ff,6
5557.5,489.0020875930786,1.0319148936170213,0.2920571944947338,0.7881860728974613,15.13245492371706,9.980501139151626,143.56674757281553,44.984082371592706,75.78190013869626,44.897088424032184,2845.2183230844207,499.3686835106382,0.4578635249596391,0.3483413254771548,A,grading/data_processed/onion/A/Onion_White_1_r_90__100.jpg,ffffbd05018181c3,23
4349.0,281.22034204006195,1.4285714285714286,0.6910441700716657,0.9311636869714164,20.21356615177972,42.666275579618414,154.8285202596821,56.6518211894643,57.78665771211104,32.668641468429705,14325.82835655102,321.07113997114,0.4771045508257314,0.3470458970222653,A,grading/data_processed/onion/A/Onion_Red_2_r1_144__100.jpg,ffc383008183c3ff,0
6639.0,314.04877054691315,1.1111111111111112,0.845898661144193,0.9767544504928644,20.463310202273735,11.00428847176012,123.80894729071312,49.87789427678562,87.82459766720804,51.889215800376675,6312.38347254321,473.09304152637475,0.4259264753610595,0.2346889505563628,A,grading/data_processed/onion/A/Onion_White_1_29__100.jpg,ff878f0c000181ef,2
6662.0,344.19090592861176,0.91,0.7066684620520066,0.9635522129013596,15.64532236745484,10.06816577327259,140.91937142017915,55.63540062011158,87.90820972242621,50.79643793688109,4730.924635623716,569.597,0.365947208124805,0.2349968741583545,A,grading/data_processed/onion/A/Onion_White_1_r_159__100.jpg,ef878909018181c3,3
5213.0,346.0487711429596,1.3333333333333333,0.547044890810536,0.9020591797888908,39.52880850270371,60.602974745719,84.17919075144509,54.36765951565081,68.99235502517247,39.67799414751708,5766.712579128889,463.75043771043784,0.445038789549767,0.2698117932763437,A,grading/data_processed/onion/A/Onion_2_r1_318__100.jpg,ffc38100000187ff,0
5396.5,355.1198385953903,0.9587628865979382,0.537739793619125,0.8325362542425178,35.57459459459459,14.872797696537033,55.81567567567568,39.744178419451075,71.45567567567568,41.29608884958954,2202.9368445138925,365.881107126849,0.5906384967653451,0.3687652036861411,A,grading/data_processed/onion/A/Onion_White_2_r1_18__100.jpg,ff9f8f07018181c7,16
5482.5,382.9188268184662,1.0666666666666669,0.4698671304896591,0.7758986696858194,16.4572339295201,5.671320703196186,146.2999822914822,48.4090500907479,73.49743226491942,43.0357248872315,2751.0339688223376,368.39286549707606,0.4613514851195079,0.3311032614164315,A,grading/data_processed/onion/A/Onion_White_1_r_73__100.jpg,ffff9f09008181c3,23
4971.5,327.8061294555664,1.2222222222222223,0.5813841236040203,0.8919088625762469,131.14179542343047,62.373091491520874,92.94249951105026,48.719670731898354,65.63739487580676,37.83381504868663,9376.018692169258,358.00932224741746,0.4852388747509152,0.3484243363492669,A,grading/data_processed/onion/A/Onion_Red_3_r_11__100.jpg,ffe1c0c0c0c1c1f7,5
6215.0,364.5340523719787,0.93,0.5877258463311853,0.9028181289947704,50.573827083006435,75.95230497179338,117.94712066530676,43.84609471680452,81.99042836968461,47.00902226707772,5219.003377546536,449.4948913043479,0.4262298664143733,0.3011022402336523,A,grading/data_processed/onion/A/Onion_Red_1_72__100.jpg,ffe78381010183c3,4
6459.0,575.6711336374283,0.9896907216494846,0.2449211234949478,0.8742555495397942,15.09931404712198,7.278572018192201,142.96674619743513,44.42779923119743,87.28839844915001,51.016798455357495,3021.6946405849603,769.980792186652,0.3750937454285994,0.2583328062082708,A,grading/data_processed/onion/A/Onion_White_1_r_96__100.jpg,ffff8f01018181c3,16
6981.0,341.56348872184753,0.91,0.7519424800907369,0.961967755270773,26.402664796633943,41.27409653514271,101.864095371669,49.45934523904234,91.5273492286115,52.484148634709854,2165.126531517933,628.9506666666667,0.3981102327376599,0.1997279167786535,A,grading/data_processed/onion/A/Onion_2_r2_328__100.jpg,ffc9bf81818181e3,37
7004.5,331.119837641716,1.010204081632653,0.8028170785041033,0.9655386311944312,16.29960817240414,13.261263761614863,140.20906801007555,54.43366881483107,92.08466274839073,53.17985865178704,3697.969899596302,442.28654727197,0.3942080142303744,0.2488889717174201,A,grading/data_processed/onion/A/Onion_White_1_r2_69__100.jpg,ff9f9f81010181e3,11
7293.5,325.1198375225067,1.0101010101010102,0.8670794887208375,0.9840787964649532,81.1336114101184,83.03128854071467,118.82077502691064,47.994843630489505,95.7539020452099,54.85010016892874,4176.397698642995,514.4162840526478,0.3379221352485594,0.2359232776217097,A,grading/data_processed/onion/A/Onion_Red_1_r2_51__100.jpg,ef8f0f01010181c7,16
6583.0,310.04877030849457,1.1111111111111112,0.8605452122069664,0.97983180769517,17.4276991809382,18.10780839685073,141.5529411764706,53.726277286783095,86.74609084139985,50.6370027145595,6332.226042358025,495.1447811447812,0.3897417665104575,0.2416539076427079,A,grading/data_processed/onion/A/Onion_White_1_161__100.jpg,ffc38708000081ef,2
4248.5,272.8355665206909,1.5384615384615383,0.7172053475376082,0.94222665779552,17.512027491408936,37.27739617274289,147.03413516609393,65.8496220031061,56.312714776632305,33.043759886392,12536.133422485207,283.84786324786324,0.4421205451967913,0.3163966245441122,A,grading/data_processed/onion/A/Onion_Red_2_r2_18__100.jpg,ffe1c10000c0e1ff,59
6278.0,302.87719666957855,1.1494252873563218,0.8599991489717108,0.9822420402096534,24.362628785513586,48.52898656683816,153.095691539182,54.33078279353513,82.52013737121449,46.328943902577635,4778.323496617782,362.23998606757226,0.4086580590790574,0.2489525213314792,A,grading/data_processed/onion/A/Onion_Red_2_r1_57__100.jpg,ffc3c180008183ff,0
6542.5,310.1492749452591,1.1235955056179776,0.8546967545915839,0.9807375206116024,36.29883163571001,11.762318293971852,48.81485919712403,29.827789041368927,86.02935889754345,50.00687526975116,3617.416885494256,397.46725683804334,0.5015756462781521,0.2389302417014886,A,grading/data_processed/onion/A/Onion_White_2_r0_25__100.jpg,ffcf8f0c000081e7,13
4870.0,284.3919167518616,1.36986301369863,0.7566661895058311,0.9588501673557788,12.994589178356714,24.559121965677843,154.53587174348698,62.7825254892251,64.12905811623247,36.93179785361181,10991.752986958154,352.8040680780407,0.4370733476426402,0.3031269412783932,A,grading/data_processed/onion/A/Onion_Red_2_r2_44__100.jpg,ffc3c18000c1c3ff,7
3827.0,273.2203423976898,1.6129032258064515,0.6442319564461609,0.9280950648720748,18.087794975894443,42.19684067363854,156.0545546815529,60.52588884257398,50.808424257802585,29.390943271489,18279.388498959415,269.1966438579342,0.5050966449927042,0.3505731809544963,A,grading/data_processed/onion/A/Onion_Red_2_r1_192__100.jpg,ff878001018387ff,25
5182.5,306.4924211502075,1.2820512820512822,0.6932816335687041,0.9334474063400576,30.79153339604892,53.39479861463472,93.24703668861711,54.27874580927601,68.23386641580433,38.87208514581238,6203.777418786982,461.42437192437205,0.4438913724294339,0.3069058674674595,A,grading/data_processed/onion/A/Onion_2_r2_193__100.jpg,ffc38100000383ff,0
4430.5,302.0071392059326,0.69,0.6104192009028607,0.901882951653944,40.02893467777291,52.246570382676424,85.03857957036388,54.32803252804386,58.601709776413855,34.058101150556475,9129.152174984249,479.6295588235295,0.4708567823076241,0.3226228609082481,A,grading/data_processed/onion/A/Onion_2_r0_330__100.jpg,cfc3c183818183c7,3
5327.5,294.2914115190506,1.25,0.7729976015342414,0.9547491039426524,34.030636580443954,61.499983793068054,158.3406714364337,58.43633651478543,70.45532929737662,39.35913386471826,7936.322794437499,375.6943181818183,0.4682443188397499,0.3037860814031147,A,grading/data_processed/onion/A/Onion_Red_2_r2_144__100.jpg,ffc38301008083ef,0
6641.0,312.39191567897797,1.1111111111111112,0.8551528975110199,0.978776713338246,20.965018450184505,11.482318892100162,120.460073800738,49.55466763954102,87.36546125461254,50.9919219677789,5608.205332098765,472.8358024691358,0.4122913052229273,0.2360128463864094,A,grading/data_processed/onion/A/Onion_White_1_63__100.jpg,ffd39d0c000181e7,2
7328.5,322.29141116142273,0.97,0.8865995206535627,0.9877350225756452,24.985266541655506,48.33422401639483,156.01928743637825,53.01445756872178,97.55692472542192,53.6983073428858,2420.050780146668,423.1648958333334,0.3646365220593224,0.2140991832923664,A,grading/data_processed/onion/A/Onion_Red_2_r2_116__100.jpg,f7e1c1808081c1e7,7
7007.5,438.3746713399887,1.0101010101010102,0.4582284649543917,0.9322203006518558,81.19566425792107,84.0356310457605,120.79988882712618,37.5768322411196,93.51709282934964,54.50548429191607,2243.5576157943065,475.78655239261315,0.393453076975948,0.256540596908055,A,grading/data_processed/onion/A/Onion_Red_1_r_100__100.jpg,ffbf8701008081c3,87
5110.0,357.5046137571335,1.069767441860465,0.5024206282967275,0.8529460857953597,34.440136830102624,10.357122263700036,65.81946028126188,34.15693232283047,68.29950589129608,39.97787296277499,2096.142395151009,423.30833120368015,0.5095731601667293,0.3185363941601246,A,grading/data_processed/onion/A/Onion_White_2_r1_82__100.jpg,ffbf1909018181e3,52
6545.5,311.4629843235016,1.1111111111111112,0.8478905796905933,0.9784737274833696,17.892932015573525,19.42476307561421,141.41494459418988,53.85126876618859,86.38334830787662,50.531091707583336,5869.059588691358,485.6335578002245,0.3850572679106375,0.2447665426765683,A,grading/data_processed/onion/A/Onion_White_1_160__100.jpg,ffc38708000081ef,2
5805.0,304.04877042770386,1.032967032967033,0.7890882656981391,0.9583161370202228,149.4103471520054,45.93422233341875,105.23171553758004,43.50368964810857,76.32339063026626,43.86775868066507,4450.412456883825,372.5110480916933,0.4548623973529494,0.291745686165468,A,grading/data_processed/onion/A/Onion_Red_3_r2_46__100.jpg,ffc38380818183ef,0
3724.0,270.24978029727936,0.63,0.640750328056592,0.9157752366900282,36.027871841625426,60.23352146459924,154.49127376921072,56.9604530913948,49.59416514717374,29.50341682588657,16603.37490844041,385.5287096774194,0.5104939015288548,0.3685011969505747,A,grading/data_processed/onion/A/Onion_Red_2_r0_38__100.jpg,efe7c381818183c7,3
6907.5,312.97770273685455,0.91,0.8861433049559441,0.9881267434375224,150.35913092871343,44.41025522744567,103.10210167566032,40.42447242191367,90.60749786992332,52.05465297504382,2362.3002436782995,388.2463333333333,0.4322171664570038,0.2119835627217297,A,grading/data_processed/onion/A/Onion_Red_3_r_73__100.jpg,ff8f9981818181c3,3
5062.5,300.4335472583771,1.057471264367816,0.7048197239956857,0.940810258316298,150.68806631964526,45.850889691091474,103.3697705802969,44.891611169874494,66.6516290726817,38.43209503790005,7900.659699057892,358.56827080965013,0.5074796446581097,0.3370902756014129,A,grading/data_processed/onion/A/Onion_Red_3_r2_42__100.jpg,ffc383808181c3ef,8
5660.0,320.8771970272064,0.96875,0.6907940443382573,0.917565048228905,33.30032775573572,10.76659815871329,57.05830602035535,39.03717502247796,75.2497843712265,44.36444079916801,2361.1222969237774,365.19270833333337,0.5343268220132433,0.3369370131323975,A,grading/data_processed/onion/A/Onion_White_2_r1_180__100.jpg,ff9f9f01018181c3,16
4421.0,291.2203449010849,0.68,0.6550688604386407,0.924798661227905,13.112235915492958,20.634898178027537,149.7537411971831,56.48451005336064,58.323723591549296,33.55491610684922,15233.42926278114,361.22283582089545,0.4335975242140901,0.3118148894521036,A,grading/data_processed/onion/A/Onion_Red_2_r0_100__100.jpg,cfe7c181818181e7,79
6078.5,420.37467062473297,0.95,0.4322482114907074,0.8722824137188778,19.417066155321187,10.048201641963344,134.2914669223394,49.34871507773264,80.78523489932886,46.93866882927637,4251.2423433905815,475.563404255319,0.4725914514032143,0.324053336250646,A,grading/data_processed/onion/A/Onion_White_1_r_32__100.jpg,ffcf8f0d818181c3,58
6169.5,355.6051182746887,0.95,0.6130894264166848,0.904486145726433,71.46456817462828,83.51860234819381,112.58003796267003,43.79985973578267,81.45887377412211,47.05169202175739,6027.497775900278,355.3953191489362,0.4724002400229126,0.3204597725481917,A,grading/data_processed/onion/A/Onion_Red_1_141__100.jpg,f7e78381000181c7,4
5113.5,296.8355678319931,1.36986301369863,0.729283264626245,0.9600112644325542,19.09004196871423,43.5489425455026,157.3239221671118,56.91828647630547,67.17283479587944,38.49959594786152,8806.405844604991,340.10294728102946,0.4239310540116439,0.2683714446403384,A,grading/data_processed/onion/A/Onion_Red_2_r1_217__100.jpg,ff808001018387ff,25
6324.5,330.2914105653763,1.0,0.7285200378023754,0.9320610124530248,146.55041756882153,47.12869112054343,93.0278379214352,42.60011404742252,83.27853386947108,48.184685299237,4683.51736759,356.389090909091,0.4976093338249773,0.3411186486486364,A,grading/data_processed/onion/A/Onion_Red_3_103__100.jpg,ffe78701000183e7,12
6284.0,326.534050822258,1.0,0.7406091756830718,0.9374207503542924,145.84929160828273,48.47339428963806,92.28771602055114,42.408135921531766,82.86813015724739,48.37165607415744,4661.720075040001,358.56828282828286,0.5039080208240063,0.3453595179122629,A,grading/data_processed/onion/A/Onion_Red_3_101__100.jpg,ffe78701000183e7,12
7197.0,321.5634889602661,1.0526315789473684,0.874637114845606,0.9842724288840262,73.9848691384951,82.15292423770633,122.64299345692476,42.52254838351438,94.38672300981462,53.984760798040405,3579.241135689751,505.22945241892614,0.3304609689585433,0.2143687153758752,A,grading/data_processed/onion/A/Onion_Red_1_r2_35__100.jpg,ff9f0701018181e3,11
4096.5,279.1787129640579,1.492537313432836,0.6604777953794799,0.9144993860921978,33.66824756936211,47.934468542465616,91.1465496798672,58.21029197319739,54.36210576239033,31.960937981785804,9656.853239719316,311.55736469169307,0.5271778860798243,0.360289965202658,A,grading/data_processed/onion/A/Onion_2_r2_56__100.jpg,ffe3c10000c0e1ff,59
6281.5,323.46298372745514,1.1764705882352942,0.7544388623777736,0.9571080298643913,23.284423676012462,45.21922826332007,100.38052959501556,53.68490823017336,82.83504672897196,47.03656083533194,2281.0439826159172,481.8853238265003,0.3572627259033855,0.2329920181959321,A,grading/data_processed/onion/A/Onion_2_r1_10__100.jpg,ffc180000081c1ff,54
7416.5,324.2914115190506,1.0101010101010102,0.8862127031443272,0.9872870074547392,28.428987425546,49.49993836675727,159.98742554599602,57.51354434951374,98.16214427531436,55.46822102592294,2938.960503326191,418.4662789511275,0.3504712606818327,0.2224918676809426,A,grading/data_processed/onion/A/Onion_Red_2_r1_102__100.jpg,f7f1c0c0808181e7,55
6746.0,309.5634891986847,1.010752688172043,0.8846199607868698,0.9845300642148278,64.03750545137375,79.94995374896621,122.63715656345398,45.14115147128884,88.72234336386103,50.753350184959146,5154.403538423548,573.5635333564574,0.3181782929670083,0.1980104612388449,A,grading/data_processed/onion/A/Onion_Red_1_r_181__100.jpg,ff8f8301010181e7,11
4703.5,308.9777023792267,1.2048192771084338,0.61912270864552,0.8935220364741642,138.93196856906533,57.1751452360787,90.32630272952854,44.28716515160577,61.98014888337469,35.580748732634206,9062.740587893744,330.7932335402215,0.5682096723279709,0.4044017835184474,A,grading/data_processed/onion/A/Onion_Red_3_r_40__100.jpg,ffe3c18180c1c3e7,7
7201.0,359.36247730255127,1.0526315789473684,0.7007082293973748,0.9749526130517194,66.59040239260467,80.56487704360795,125.72824904839588,44.281469349060174,95.02243066884176,54.22398226532844,4179.970058049861,574.9591706539074,0.3230531248527967,0.2095720752440553,A,grading/data_processed/onion/A/Onion_Red_1_r_186__100.jpg,ffdf8302000181c3,4
5930.5,299.4629851579666,1.1764705882352942,0.8310265045909,0.975732148733136,26.641241538715537,51.63931982958539,151.42347696879642,53.66885665759968,78.06257223047713,43.78194517133456,6617.461634602076,377.2563279857396,0.4376069072775998,0.2731058464002243,A,grading/data_processed/onion/A/Onion_Red_2_r1_54__100.jpg,ffc381808081c3ff,0
4523.0,285.42135322093964,1.3888888888888888,0.6976916575454197,0.9276997231053226,29.512268618166164,40.93641531885959,91.90529487731382,57.21702784907296,60.01248385708136,35.75499349794288,8095.963719888117,364.9508978675646,0.5218246847204061,0.3440289942609696,A,grading/data_processed/onion/A/Onion_2_r2_34__100.jpg,ffe1c18000c0e1ff,59
6129.0,308.39191818237305,0.9473684210526316,0.8098293431618149,0.9657291420467976,146.78549752435714,49.22441256524472,98.64893786934996,40.898389024438494,80.54000958313368,46.28477096815338,3993.987566512773,340.65854523950327,0.4597097281830549,0.2534759514531197,A,grading/data_processed/onion/A/Onion_Red_3_r2_107__100.jpg,ffc38701818183e7,8
5575.0,390.33304142951965,1.0,0.4598160269560604,0.7829506354890808,15.936096117012015,13.77239393239615,143.12954901619364,50.53867519360035,74.82883510360439,44.329828373214035,3224.346139615227,310.157584683358,0.5063536730526826,0.3889444325512214,A,grading/data_processed/onion/A/Onion_White_1_r2_110__100.jpg,ef8f9f0f010181c3,23
7435.5,325.462984085083,1.0101010101010102,0.8820980009774414,0.9853564802544394,26.2596699669967,46.07151024936092,161.3469306930693,52.20377724423951,98.63445544554456,55.20143826404926,2337.5937574839304,455.1625344352617,0.3440800608061273,0.2199625392799582,A,grading/data_processed/onion/A/Onion_Red_2_r1_112__100.jpg,f7e1c180808181e7,7
5062.5,324.1492748260498,1.2195121951219512,0.6054590728814231,0.8876906891109942,135.17874303286567,59.362769920376664,92.1043628675764,48.27208093705928,66.95444935614069,38.66083345128091,7899.533502379536,395.2944074895295,0.4923478658291327,0.3522831390964355,A,grading/data_processed/onion/A/Onion_Red_3_r_20__100.jpg,ffe180c0c0c1c1ff,97
4140.0,278.93607223033905,1.4705882352941178,0.6686530697126315,0.9212283044058746,32.675193616521945,46.15081566372358,87.27387937103965,55.07792986164398,55.11757803332551,32.697277676798514,9481.06618942474,348.1684491978609,0.5200504118373349,0.3625544708884878,A,grading/data_processed/onion/A/Onion_2_r2_70__100.jpg,ffe1c10080c0e1ff,51
6307.5,319.3208478689194,1.1764705882352942,0.7773427917113819,0.958878078443296,21.794601303133728,42.05927523115602,102.61371393112007,53.91706860207722,83.03816320198572,47.20582372925874,1960.4709892871972,470.4976827094473,0.3718438865099426,0.2315855703985445,A,grading/data_processed/onion/A/Onion_2_r1_13__100.jpg,ffc580000080c1ff,54
7224.5,318.63455641269684,1.0526315789473684,0.8941943296841941,0.9883036935704514,20.407417470452383,46.02072023933383,154.48947153919303,50.60942744909507,95.37440565140606,54.25682978252444,2399.0322873241,323.2478468899522,0.3460589091931844,0.2129202067269306,A,grading/data_processed/onion/A/Onion_Red_2_r1_249__100.jpg,ffe1e1808081c1e7,7
5694.5,361.9482645988464,1.1235955056179776,0.5462261200980981,0.8753362539389747,34.397026149376174,12.027888093662808,54.27550846009229,33.853802827448256,75.42266279268502,43.75427757961529,3197.5736575684887,403.3935989104528,0.6069720447769748,0.330440846296578,A,grading/data_processed/onion/A/Onion_White_2_r0_188__100.jpg,ffdf8f01000081e7,13
5524.0,347.8477590084076,0.9591836734693876,0.5737003493781366,0.8566333255795922,34.04389985895627,8.192329190752844,59.95327926657264,33.9080796645633,73.08268688293371,42.291040732145134,2653.4752796999287,381.4299978055738,0.5966551371913575,0.3678206258152914,A,grading/data_processed/onion/A/Onion_White_2_r1_136__100.jpg,ffcf8f0f818181c3,67
6230.0,334.5340509414673,0.98,0.6995475688622012,0.9274283587644212,146.9067942884042,47.541389196924776,92.02432135571944,40.783864316744264,81.92609446100738,47.33977691481829,4182.974735526864,346.5744329896907,0.5052480907903699,0.3369443442551278,A,grading/data_processed/onion/A/Onion_Red_3_113__100.jpg,ffe78105000181c7,4
6512.0,309.9066346883774,1.0674157303370786,0.8520449522133117,0.9827208933826304,84.47818236533253,83.19588675374595,119.8051459524526,44.21673745542507,85.66099909720133,49.00692285746552,5698.204062401534,422.1607697824528,0.3059541462945241,0.197746925532713,A,grading/data_processed/onion/A/Onion_Red_1_r_5__100.jpg,ffc38180008181e7,7
7067.0,329.220343708992,0.9896907216494846,0.8193540926906254,0.9773874559159118,147.38049660147038,49.63001591150307,114.13330559023444,38.087033544184614,93.6582050215009,54.60823767804362,1400.8427524603362,374.51470428648946,0.4185879689988545,0.2128886567690659,A,grading/data_processed/onion/A/Onion_Red_3_r_92__100.jpg,ff9f8f01008181e3,13
7033.5,318.63455748558044,1.0526315789473684,0.8705537788746495,0.982606873428332,81.17977684797768,85.51825701448463,115.31506276150628,41.93834764554675,92.32649930264994,53.2068418031256,2875.793671745153,342.72174375332276,0.3830969306554364,0.2332607722554132,A,grading/data_processed/onion/A/Onion_Red_1_r2_142__100.jpg,ffc78703808181c7,84
6725.0,314.04877054691315,1.0869565217391304,0.8568562277744687,0.9774709302325582,20.05613063128736,16.187951461468842,121.61976964572096,52.190504101423414,88.90917043300773,52.41319014168156,4999.737368135634,452.1071585419412,0.4256015408496556,0.2431747044704504,A,grading/data_processed/onion/A/Onion_White_1_18__100.jpg,ff8b0f0f000183e7,14
6466.5,309.3208484649658,1.010752688172043,0.84929928875001,0.9785125217522888,90.70166666666668,84.58982099167818,114.94060606060606,40.80419006554858,84.90439393939394,48.79633101050979,4369.441814658298,382.4365822638455,0.3790807197174174,0.2278961373776113,A,grading/data_processed/onion/A/Onion_Red_1_r_112__100.jpg,ff838581808181e7,8
4364.0,312.39191567897797,0.71,0.5619465810477474,0.8825968247547781,49.89417518897287,63.002046074375016,74.55357936860827,54.52675168243405,57.911293908403735,33.69800098525549,9528.92360981948,476.61528571428573,0.4621903227125171,0.3471902965821717,A,grading/data_processed/onion/A/Onion_2_r0_178__100.jpg,fbc383c181c1c1f3,50
6721.0,325.0782071352005,0.88,0.7992231364927392,0.9692817998269396,25.826460731458543,42.29136172454482,100.74020107824566,50.11153780870847,88.1196269852834,50.48860317822336,2712.3554984374996,562.5629885057471,0.3679247481529927,0.2046568912186099,A,grading/data_processed/onion/A/Onion_2_r2_314__100.jpg,ff819f81818181e7,11
5270.0,366.53405153751373,1.0337078651685394,0.4929374616416266,0.844348313706641,34.82482961871431,10.89121692846944,61.5932952661632,30.36578741753244,70.29508196721312,40.89106346636965,2367.361332334497,378.2453389307321,0.512749896351695,0.3211521953471109,A,grading/data_processed/onion/A/Onion_White_2_r1_74__100.jpg,ffbf1d05018181e3,52
5487.5,327.462984085083,1.0,0.64307254292232,0.912985608518426,33.590085287846485,12.416053061442966,58.842039800995025,41.292860340499885,73.0952380952381,43.25329307498217,2247.3106332155726,329.03099977121946,0.5416502968883179,0.3487348648677978,A,grading/data_processed/onion/A/Onion_White_2_r1_182__100.jpg,ffbf9f09010181c7,16
4141.0,281.07820773124695,1.492537313432836,0.6586591710698173,0.9134223006507114,34.104904951889225,47.073791252943856,90.13869983571932,59.83831188468146,55.20652429007275,33.17848108761307,9940.998527155269,366.85783205186186,0.5193141545781914,0.3514273141041192,A,grading/data_processed/onion/A/Onion_2_r2_48__100.jpg,ffe3c10000c0e1ff,59
4999.0,282.391916513443,1.3333333333333333,0.7877501219414779,0.9615310636660896,31.645369284876907,58.03217859508306,150.7350527549824,55.11741123639667,66.05842125830402,37.00586524502538,9926.852640906664,313.41023569023565,0.4679495424419739,0.3039411078351345,A,grading/data_processed/onion/A/Onion_Red_2_r1_44__100.jpg,ffc381008081c3ff,0
4985.5,329.8061298131943,1.065934065934066,0.575971690702817,0.8688567445102823,33.299921996879874,16.27475146032354,65.51228549141966,45.319844490079134,66.1671216848674,38.46753847753054,1714.0124670527896,289.3110119047619,0.6090162010776718,0.4059261552961526,A,grading/data_processed/onion/A/Onion_White_2_r1_202__100.jpg,ff9f1f07010181c7,23
6606.5,317.1198365688324,1.064516129032258,0.8255330890837462,0.9740508661997788,33.877762943183505,59.308572658449606,159.93265094199674,51.27830615690484,87.99376947040498,48.18409619666603,3794.513507031339,446.4148562650866,0.4240463284691274,0.2524416075906804,A,grading/data_processed/onion/A/Onion_Red_2_r2_133__100.jpg,ffc38181808183e7,8
5738.0,365.3624778985977,1.1235955056179776,0.540160123518123,0.8801288442365212,34.23134328358209,9.328237719710348,54.10854816824966,33.186509171231535,75.87822252374491,44.08720420471453,3014.5335539830826,400.5363749858131,0.5964285132249418,0.3263414081143278,A,grading/data_processed/onion/A/Onion_White_2_r0_192__100.jpg,ffdf8f01000081e7,13
6054.0,331.36247885227203,0.97,0.6928602078778713,0.9226548807437324,63.9501210653753,81.28195586884023,119.63777239709444,42.65209817599868,79.5822437449556,45.564752896369086,5721.079705856096,393.4610416666666,0.4724435993331278,0.3473776075928677,A,grading/data_processed/onion/A/Onion_Red_1_17__100.jpg,ffe7c181010181c3,4
5445.5,296.63455629348755,1.25,0.7776857501718348,0.9632938262869272,11.884939867169267,20.593383918620084,158.91994255968407,58.18291444852997,71.49219170705439,41.1524618223991,7526.170959749999,413.45214646464655,0.4248351833262313,0.2897982950142813,A,grading/data_processed/onion/A/Onion_Red_2_r2_53__100.jpg,ffc381800081c3ff,0
4463.0,340.8771970272064,0.75,0.4826594911549676,0.8366294872996533,48.86811279826464,64.12154573509545,72.99501084598698,55.25905248765015,59.23926247288503,34.2955101426112,9522.775794915557,500.85702702702696,0.4772370083881277,0.3663647100956998,A,grading/data_processed/onion/A/Onion_2_r0_228__100.jpg,f3c3c3c1c1c1c1e3,50
5640.0,358.33304023742676,0.9591836734693876,0.5519697270878362,0.8882589180250413,35.185600828729285,11.459659903103743,53.157113259668506,34.02186143871504,74.72168508287292,43.31047044536899,2703.684866609544,479.4658766732499,0.5710937241740844,0.3549758432952832,A,grading/data_processed/onion/A/Onion_White_2_r1_165__100.jpg,ff9f9b01010183c7,16
4432.5,286.6345571279526,0.68,0.6779560042347009,0.9426839642705231,32.53964419064353,59.193642798292885,148.58664616736218,53.977665920312695,58.77707006369427,32.94874430017988,13284.21095222751,362.6398507462686,0.47294209722246,0.3096821788619032,A,grading/data_processed/onion/A/Onion_Red_2_r0_233__100.jpg,f3e7c3818181c1e7,26
4882.0,332.0487712621689,0.78,0.5564214762391898,0.8860254083484573,48.230248756218906,57.40689819729501,76.43741293532338,49.81515397393068,64.8179104477612,38.20879112216009,8400.832186045365,506.1062337662338,0.477641083136391,0.3369836836345717,A,grading/data_processed/onion/A/Onion_2_r0_46__100.jpg,cfc1c181818183c7,26
6647.5,310.97770178318024,1.1111111111111112,0.863793060446274,0.9810360094451004,36.03657277687657,11.789888225874192,50.33475888512019,32.058745704238106,87.53944845892936,50.97783652503253,3254.4633700617287,381.6818181818182,0.5200841875687324,0.236478746206546,A,grading/data_processed/onion/A/Onion_White_2_r0_17__100.jpg,ffcf8f06000181e7,13
6123.5,333.11983621120453,0.94,0.6934395337130255,0.9277327475191274,145.60181934248325,48.751752878795045,96.404085541015,39.74695506008053,80.63278008298755,46.15781506908618,5038.718194612948,449.8860215053762,0.4753396475134258,0.319299613269225,A,grading/data_processed/onion/A/Onion_Red_3_49__100.jpg,ffe78101010183c7,8
7191.5,320.6345567703247,1.0416666666666667,0.8790401149298053,0.9884544017593292,28.293628052940377,55.1975626764767,146.89698458179834,54.168313595281546,94.29471960704052,53.72000479034255,2614.7923171766492,390.0343013468014,0.3660955964076193,0.2227493353842866,A,grading/data_processed/onion/A/Onion_Red_2_r1_74__100.jpg,f7e1c1c0808181e7,7
5461.0,327.07820761203766,1.1494252873563218,0.6414736512022647,0.9032418127687728,32.08850820842255,55.76431824968007,78.28372591006423,52.91320663875613,71.90167737330478,41.23509577440984,4706.528082388691,425.32358063392553,0.4900723686454281,0.3447083346534267,A,grading/data_processed/onion/A/Onion_2_r2_280__100.jpg,ff870303010187ef,86
5772.5,423.06096255779266,1.0,0.4052918767255545,0.8005686152139241,18.527959697732996,15.068509067804474,134.91133501259446,51.8212765125793,78.34962216624685,46.69017535486861,3840.569895002577,485.5093201754387,0.4804611590444424,0.3344532994349496,A,grading/data_processed/onion/A/Onion_White_1_r2_177__100.jpg,ff9f9f13010181c3,23
6758.5,317.80613029003143,1.098901098901099,0.8408831339487725,0.9808431898991364,75.07295141406817,81.85439973763528,120.39869470630892,44.65415077865092,88.66627991298041,50.58420862727927,4972.306227206859,421.969585969586,0.3340135252925935,0.227510426468627,A,grading/data_processed/onion/A/Onion_Red_1_r_3__100.jpg,ffc38180008181e7,7
5315.0,324.048770070076,1.162790697674419,0.6360516418893694,0.9078486634213,138.50641730839752,53.095394143405535,85.45012834616794,46.44181634723997,70.24679134580124,41.05341404888765,8109.716687060572,412.1055907916373,0.4968381195533762,0.3528169469605592,A,grading/data_processed/onion/A/Onion_Red_3_r_161__100.jpg,ff870301030387ef,86
6477.0,324.5340533256531,1.0212765957446808,0.7727930596205208,0.9563676633444076,79.50763416477702,84.9136072135597,116.41889644746789,39.332349881905635,85.13877551020408,49.34600346595696,3805.95365843517,325.24255319148926,0.4599923055523639,0.2519953191178035,A,grading/data_processed/onion/A/Onion_Red_1_r_70__100.jpg,ff8f8501010183c7,21
7118.5,331.46298348903656,0.98,0.8141947227965071,0.9738030095759234,31.245420740944773,56.38316328310696,160.32282054813388,53.19033614351504,95.36413717118856,52.04898641494042,2507.053305612246,472.2978350515464,0.4198978093617265,0.2437841353420877,A,grading/data_processed/onion/A/Onion_Red_2_r2_130__100.jpg,ffd18181808181c7,39
6282.5,342.7766913175583,0.98,0.6719234474337076,0.9197716126198668,74.91273915072328,84.1559467307272,116.84756571784104,45.43146981883178,82.88069684243273,47.85359908919137,5048.42490961058,484.96474226804133,0.4517147966574193,0.3314242350740676,A,grading/data_processed/onion/A/Onion_Red_1_29__100.jpg,ffe78381000081e3,4
6820.5,341.66399371623993,0.88,0.7342224357425172,0.9607691224116072,24.50925261798881,38.845253084025195,103.27628747668912,49.607837888987696,89.47396356333381,51.27273842871819,2701.9683853176653,640.1614942528736,0.3820254012174835,0.192015166805283,A,grading/data_processed/onion/A/Onion_2_r2_326__100.jpg,ff81bf81818181e7,28
6639.0,314.04876959323883,0.9,0.845898666281687,0.9797092894562088,16.474826517053003,14.264325484674224,144.05713863871253,53.66700001121045,87.34785176435848,50.39166905588838,4682.47860591358,564.7655056179776,0.3678547311541467,0.2335015159690693,A,grading/data_processed/onion/A/Onion_White_1_r_153__100.jpg,ef838981018181c3,3
5970.0,308.5929262638092,1.2345679012345678,0.7877932615924554,0.9657068909737948,27.78968058968059,57.32710566029894,153.93873873873875,51.308683608553615,78.24553644553644,44.71401699084456,5312.022905212619,343.7659309140791,0.3732699103479399,0.2320844621081497,A,grading/data_processed/onion/A/Onion_Red_2_r1_226__100.jpg,ffc0c101018183ff,0
3867.5,315.1787129640579,0.56,0.4892450393927863,0.8572536850271528,36.97329006490265,54.13909376134061,77.42336495257115,51.64750039270909,51.47204193709436,30.47908512781998,12472.025892570153,446.576,0.4326730493952856,0.2622593190207417,A,grading/data_processed/onion/A/Onion_2_r0_112__100.jpg,e7c3c3c1818181e3,26
5104.5,280.8355675935745,1.0476190476190477,0.8133151313340065,0.9673109721432632,147.31215311004786,49.15568837064403,106.18373205741626,47.8344185851859,67.09511961722488,38.584360382595634,6949.716050741061,347.12903667214016,0.4499080905496526,0.2765299666121369,A,grading/data_processed/onion/A/Onion_Red_3_r_118__100.jpg,ff8381810181c3e7,8
7357.0,329.2203434705734,0.99,0.8529769447652138,0.9830961448520078,19.69755967462328,38.54305580774642,158.56154153887184,55.4458662031821,97.5839445259368,55.363105621445655,2413.7998871951845,352.66071428571433,0.3508698247001963,0.2267362208108176,A,grading/data_processed/onion/A/Onion_Red_2_r2_101__100.jpg,f7f1f1c0808181e7,7
6811.0,318.04877054691315,0.93,0.8461226133580779,0.9784513719293204,17.66230027349935,16.755473685842833,144.50179933784366,55.45659658697563,89.42910608895926,51.45883018570013,4184.045014730026,562.7859782608696,0.3836593399325761,0.2367813971930877,A,grading/data_processed/onion/A/Onion_White_1_r2_47__100.jpg,ff8f8381018181c7,4
4323.5,321.8061294555664,1.492537313432836,0.5246343274592185,0.8997918834547346,40.30793366203496,62.25156972696514,86.45876288659794,55.7725617542999,57.654863290004485,33.66252376723691,7937.30965335264,375.77943615257055,0.4888251394172901,0.3192464654716501,A,grading/data_processed/onion/A/Onion_2_r1_308__100.jpg,ff8701010003c7ff,85
6015.0,346.87719666957855,0.93,0.6281943040183918,0.9015963426515776,55.87834549878345,78.51226626738259,111.61265206812652,42.02823176038807,79.82319545823195,46.194042728745906,6790.169715562493,362.6544565217392,0.4873396307132346,0.3231175031489471,A,grading/data_processed/onion/A/Onion_Red_1_152__100.jpg,ffe78381010181c7,4
5601.0,391.30360305309296,1.0,0.4596716747065703,0.8311322154622347,35.70244494537888,11.764563675511477,51.00017340038148,24.967525291867368,74.46991503381308,43.34885272781134,3011.219663902969,490.2433200084157,0.5868541967893677,0.3814127555937847,A,grading/data_processed/onion/A/Onion_White_2_r1_53__100.jpg,ff9f8f08018181c7,16
6790.5,316.29141080379486,1.075268817204301,0.8529760178658246,0.9805068226120858,18.727220216606497,19.88565769099656,137.18137184115523,54.24834748946983,89.23249097472925,51.75348355289738,5535.741261463752,501.30791788856305,0.3923654258443484,0.2424854146834847,A,grading/data_processed/onion/A/Onion_White_1_143__100.jpg,ffc38f0d000181e7,2
4944.0,284.24978017807007,1.36986301369863,0.7689322056437228,0.957582800697269,66.63126727200948,81.15913511519315,158.23943939992105,56.5741507768763,65.23588630082905,36.47366570211182,9348.376827378495,286.0005534800055,0.4678290693376607,0.2919794740758424,A,grading/data_processed/onion/A/Onion_Red_2_r2_216__100.jpg,ff838100000387ff,0
6830.5,318.9777022600174,0.92,0.8436099804658849,0.9806187639078314,19.84773249138921,11.15399103901194,125.19589552238806,49.422801604118845,90.51406429391504,53.49097617720972,4401.581177882797,468.6485714285714,0.4249006668835793,0.2279887967384189,A,grading/data_processed/onion/A/Onion_White_1_r2_139__100.jpg,ffcf8f0d818181c3,58
4790.5,344.2914105653763,1.408450704225352,0.5078533628163598,0.8839376326229357,45.5416076128771,65.67110557958716,86.0813929945333,56.04331417195471,63.68090706620774,37.17237147888077,6946.7320946439195,453.3057333902404,0.4606323513073336,0.2883781989061971,A,grading/data_processed/onion/A/Onion_2_r1_314__100.jpg,ffc38100000387ff,85
4128.5,278.8355669975281,1.492537313432836,0.6672764747168164,0.9185671376126376,33.131826741996235,45.7374450913069,89.57297551789077,58.37347968313723,54.763182674199626,32.34746823140404,9129.515796368902,313.875772651892,0.5244135656870826,0.3548759539106959,A,grading/data_processed/onion/A/Onion_2_r2_49__100.jpg,ffe3c10000c0e1ff,59
6559.0,349.5046137571335,1.0,0.6747480972953344,0.9264778586058338,145.16654241836886,50.72022644395548,95.5109586998658,42.06149329151263,86.34352169375279,49.5198121717722,4508.37725831,543.3595959595962,0.4598343404123056,0.3149701061021283,A,grading/data_processed/onion/A/Onion_Red_3_r2_12__100.jpg,e7c7c1810081c1e3,45
4143.0,359.2203423976898,0.71,0.4034622929314698,0.7751894470951446,42.139767441860464,54.129158629147234,74.98418604651162,51.30591997360051,55.57441860465117,33.773621143239815,10472.252564391983,448.8301428571429,0.5164259570982739,0.3756448605058903,A,grading/data_processed/onion/A/Onion_2_r0_82__100.jpg,cf83c3c3838383cf,68
4837.5,293.32084715366364,1.408450704225352,0.7065533840346899,0.9578259578259578,22.033044529518435,48.38920258276995,153.49042917590168,57.583275592169926,63.5756598831352,36.58365151640826,11101.371965562388,324.1405605349267,0.4384364806239487,0.2875600909634604,A,grading/data_processed/onion/A/Onion_Red_2_r1_214__100.jpg,ff848001018387ff,25
4305.5,290.6345565319061,1.141025641025641,0.6405292342195532,0.9044218044323076,53.96296296296296,77.92711069508442,111.90266485998194,47.46477572033045,57.6616982836495,34.23366497369767,15034.711013056198,344.3581002331002,0.493579031266104,0.3467648914284437,A,grading/data_processed/onion/A/Onion_Red_1_r_135__100.jpg,ffc3838181c1c3f7,22
6250.5,323.9482650756836,1.020408163265306,0.7484681197596221,0.9423337856173676,144.8342204132749,50.52665874061459,97.20945522855354,41.232749089911614,82.48653725735754,48.077240742002346,4777.796906122449,389.2215007215008,0.4883109866900477,0.3347958743217557,A,grading/data_processed/onion/A/Onion_Red_3_92__100.jpg,ffe78301000183c7,4
7102.5,319.8061293363571,0.9494949494949496,0.8726649642141153,0.9857737682165164,148.7475138121547,47.02240334639296,106.6896408839779,39.238873256716445,93.4328729281768,53.93352437925127,1736.8282075063803,349.53980666883893,0.4196006011493527,0.2081761828943014,A,grading/data_processed/onion/A/Onion_Red_3_r_80__100.jpg,ff9f9b01008181e3,18
5755.0,305.76449942588806,1.2658227848101269,0.7735369627595846,0.9626965540314486,26.51825437255901,54.893147548299034,154.96451010358294,52.54059809060109,75.50840550178299,43.074009835426025,5048.108340506329,339.6308656182073,0.3875409235420553,0.240627752710565,A,grading/data_processed/onion/A/Onion_Red_2_r1_224__100.jpg,ff808101018383ff,8
6507.0,377.01933240890503,0.9,0.5752590113997911,0.956138417456469,20.062968515742128,36.48393200213406,86.43598200899551,50.34486787932577,85.71064467766116,49.26136813405574,2517.8955109135804,565.7522471910113,0.3637126160828916,0.2406247392061769,A,grading/data_processed/onion/A/Onion_2_r2_129__100.jpg,ffc9c1c180c1c1e7,7
5245.0,308.0487707853317,1.2987012987012987,0.6945705997215762,0.9607106877919224,37.777901785714285,60.266136594295105,79.19810267857143,51.818137977772736,68.83816964285714,39.490526873178176,5761.856589711587,408.1566312475403,0.4551958041771146,0.288058087267345,A,grading/data_processed/onion/A/Onion_2_r1_146__100.jpg,ffc381008080c3ff,0
6069.0,339.7056248188019,0.94,0.6608783511622092,0.9126315789473683,146.07272727272726,48.97095388678235,91.99195494770716,40.05085584028651,79.90732099758648,46.219923780628925,4531.569134268901,366.7152688172043,0.5053705036365289,0.3250373387660125,A,grading/data_processed/onion/A/Onion_Red_3_128__100.jpg,ffe78301000181c7,4
5668.5,299.46298372745514,1.0,0.7943130910173786,0.961496056314138,58.39516824849008,78.49340092475234,116.25090595340812,47.82569224932846,74.56686798964624,42.741623641185306,8077.182639382102,439.9465778474401,0.3630495706470836,0.2350082867816149,A,grading/data_processed/onion/A/Onion_Red_1_r_165__100.jpg,ff878101018181ef,8
4074.5,281.3208485841751,1.4705882352941178,0.6469643477014583,0.9173702577957896,29.58416785884597,50.23871197030547,82.37935145445876,52.661920640171225,53.983071053886505,31.78064645788488,10984.983881293252,340.781788472965,0.5091514523660434,0.3718770770667631,A,grading/data_processed/onion/A/Onion_2_r2_245__100.jpg,ff878301000387ff,0
6162.0,406.2741658687592,0.9690721649484536,0.4691299321587125,0.8947291999419196,32.07089846834044,54.92217074360393,97.77356702984368,52.90977291550315,81.82693825990842,46.96450094841936,2318.4056693549383,649.6749806008202,0.4271077139811903,0.286714813188417,A,grading/data_processed/onion/A/Onion_2_r2_173__100.jpg,fff3a181018181c7,7
6260.0,323.3624783754349,1.020408163265306,0.7523240539240297,0.9446204919269654,143.93997186181022,51.21728922770845,95.86040331405346,40.80033383342709,82.53134281694544,48.101231388780086,4731.763890503957,379.7347969490827,0.4910490252252421,0.3346988317532854,A,grading/data_processed/onion/A/Onion_Red_3_91__100.jpg,ffe78301000183c7,4
5659.0,378.3330407142639,1.0,0.4968222257719039,0.7981664315937941,16.084349768081086,17.295016795451893,146.0079024222642,48.44799604721539,75.80226765160626,44.59062182100164,2993.06668135639,321.175152535241,0.4948154132922428,0.3809508615165167,A,grading/data_processed/onion/A/Onion_White_1_r2_105__100.jpg,ff8f8f0f030181e3,11
6867.0,323.90663397312164,1.098901098901099,0.8225024978566745,0.9748722316865416,35.98544520547945,60.612614673551576,80.26726598173516,49.56105329617719,90.09417808219176,51.73192756044352,2080.825992029948,489.6575646575647,0.3656278916725345,0.2176225187786732,A,grading/data_processed/onion/A/Onion_2_r1_176__100.jpg,ff9b8900008081ef,1
4069.0,274.7350606918335,1.5384615384615383,0.6774377311027248,0.92236200838717,24.219832735961766,52.36998637436591,162.96726403823178,53.98294016810435,53.8752688172043,30.6194076027097,15937.28251654438,263.6262626262626,0.5082139846808704,0.3416437339045531,A,grading/data_processed/onion/A/Onion_Red_2_r1_304__100.jpg,ffe10180c0c1e1f7,51
5137.0,326.67618691921234,1.1363636363636365,0.6049012393818852,0.8994922080196113,148.18240424725067,48.61052391303145,101.28763746681835,43.837775924663646,67.9154342055366,38.97600528759879,8647.871406495351,364.4185032139577,0.5354973318347042,0.3868066962514026,A,grading/data_processed/onion/A/Onion_Red_3_r2_29__100.jpg,ffc383810183c3e7,8
6574.5,311.806129693985,1.1111111111111112,0.8497737210404873,0.9774754683318466,36.340638044126415,12.82186472310154,50.50253428741801,30.433366014660265,86.43977340488968,50.090372514811435,2950.973200876543,417.0105499438833,0.5197684936590936,0.2435694362600828,A,grading/data_processed/onion/A/Onion_White_2_r0_46__100.jpg,ffcf8f04000081ef,13
6619.5,360.0904004573822,0.9387755102040816,0.6415226034305317,0.9618570183086312,16.28214971209213,14.856922886997491,141.1460209655987,55.59137869929145,87.43555293075447,50.439183124624286,4474.123602098193,576.7221350078491,0.3623080867356722,0.2309924620630613,A,grading/data_processed/onion/A/Onion_White_1_r_160__100.jpg,ef878909018181c3,3
5889.5,425.8893892765045,1.098901098901099,0.4080324001617953,0.8787675320799762,35.87880783797135,12.798639413994568,52.873209287008066,29.09199558875112,78.2735056808826,45.28821420599449,3265.237644378698,527.1748251748252,0.5637949347354642,0.3186909648354666,A,grading/data_processed/onion/A/Onion_White_2_r0_49__100.jpg,ffcf8f0c000081e7,13
4090.0,363.2203422784806,0.76,0.3895765841660017,0.7628462184090273,41.03200753118381,55.18178445467885,76.49282184043304,55.28647664784985,55.14379854083314,33.5167544122878,11265.909023268698,445.2582666666667,0.5564759916606861,0.4234794183638419,A,grading/data_processed/onion/A/Onion_2_r0_88__100.jpg,e7c3e3c3818383c7,26
5522.0,322.0487710237503,0.9893617021276596,0.6690567767929453,0.9211009174311928,33.69381625441696,13.145061706727002,58.48409893992933,41.21929539096134,73.50070671378091,43.44147803234627,2243.290060733895,360.6263876040703,0.5302636229251086,0.3383138427380211,A,grading/data_processed/onion/A/Onion_White_2_r1_181__100.jpg,ff9f9f01010181c7,11
5864.0,376.6761871576309,1.1111111111111112,0.5193587994875176,0.8909146156183531,36.03733820112844,10.337072178273855,49.36027215399934,32.30669194917023,77.6929970129439,45.10299465515109,3582.469822222222,465.4215488215488,0.5833170860371358,0.3168840928034562,A,grading/data_processed/onion/A/Onion_White_2_r0_130__100.jpg,ffcf8f07000181e7,13
6811.0,316.877197265625,0.94,0.8523908282102366,0.9773982923154194,17.144255686726172,15.809883373862068,144.3065073423553,55.755704602484734,89.36323063633746,51.49342468361411,4116.591065595293,569.010752688172,0.3900194659690659,0.2449662141258028,A,grading/data_processed/onion/A/Onion_White_1_r2_46__100.jpg,ff8f8b81018181c7,16
7287.0,320.3919161558151,1.0526315789473684,0.8920630151036822,0.98759910550925,20.844579124579123,44.79282747464206,163.6102356902357,49.38673061890154,96.72094276094276,54.61687285498876,2127.3455225595567,344.9311004784689,0.3411723160670276,0.2042807851105295,A,grading/data_processed/onion/A/Onion_Red_2_r1_253__100.jpg,e7e1e1808081c1e7,15
5699.5,365.1198379993439,1.1235955056179776,0.5372491807703967,0.8778590681555641,34.3448275862069,10.36817497360788,53.63110276544896,32.23171116602973,75.37282348924548,43.7414650573516,3178.1289623027396,383.8953580751334,0.6132113194479089,0.3302512747783329,A,grading/data_processed/onion/A/Onion_White_2_r0_185__100.jpg,ffdf8f01000081e7,13
5486.0,369.9898945093155,0.9484536082474226,0.5036002563436355,0.8846246875755865,34.35991493886231,11.527483072467502,55.07194754563176,37.56646844637184,72.75066454013822,42.23418124029102,2541.6780056238636,428.38348249688465,0.559164344910406,0.3505179812333569,A,grading/data_processed/onion/A/Onion_White_2_r1_173__100.jpg,ff9f9f01000181c7,16
7190.5,323.9482649564743,1.0309278350515465,0.8610287207571378,0.9829129929601532,12.736353711790391,21.15464940640884,162.170442139738,55.05256534048791,94.545442139738,54.34407513885571,3539.0183565841216,511.41945225450377,0.3619873132943648,0.2285985977242053,A,grading/data_processed/onion/A/Onion_Red_2_r2_69__100.jpg,ffe18180808181e7,7
6488.0,305.0782079696655,1.032967032967033,0.8759883529477581,0.9845220030349012,81.53912386706949,83.041027303052,119.57885196374622,44.73981822982623,85.46087613293051,48.80260020268975,5825.174452551613,428.03178541888224,0.3173151842121102,0.2112601738738449,A,grading/data_processed/onion/A/Onion_Red_1_r_6__100.jpg,ffc38180008181ef,0
5442.5,349.60511898994446,1.162790697674419,0.5595678262086351,0.9035444509006392,117.94849785407726,80.83349464688342,116.85872675250356,44.330923261050145,72.30919170243205,42.240943208937495,8315.361864575445,473.39781536293174,0.4669313227298995,0.334997183346349,A,grading/data_processed/onion/A/Onion_Red_1_r2_113__100.jpg,ff870301030387cf,46
4628.5,340.6345567703247,1.36986301369863,0.5012711655492516,0.8672475173318344,31.387981574539364,46.05129247887139,92.72780569514238,51.184806856859126,61.69744556113903,35.94774441440271,7781.0586465565775,423.6057838660578,0.4970203979672334,0.3321114389129345,A,grading/data_processed/onion/A/Onion_2_r1_62__100.jpg,ffe1c00000e1f1ff,59
5936.5,377.26197350025177,1.1235955056179776,0.5241484087191352,0.8891634838613046,35.26873257911133,13.452426894779125,51.805377930808326,34.2419512975102,78.67470077061813,45.86893760499368,3445.508688498927,476.4001815911929,0.5859036335604368,0.3028259121280887,A,grading/data_processed/onion/A/Onion_White_2_r0_4__100.jpg,ffdf8f01000181e7,2
6802.0,315.2203427553177,0.93,0.8602368009775169,0.9811756220699605,18.99524290038922,8.039139902010238,133.3041660660228,49.48200501958581,89.27706501369468,51.7510333319218,4176.375439599954,410.4488043478261,0.4328707311722933,0.2412350933718021,A,grading/data_processed/onion/A/Onion_White_1_r_49__100.jpg,ffdf8d81010183c7,11
4291.5,284.0071396827698,1.4705882352941178,0.668590905749381,0.9337467362924282,33.89986406887177,55.527514620312765,92.09719075668328,56.96719082375506,56.75101948346171,32.499901956606216,8212.89096174308,339.10368389780155,0.4758441519249068,0.3377323519467397,A,grading/data_processed/onion/A/Onion_2_r2_214__100.jpg,ffc78300000387ff,0
6059.5,342.291411280632,0.95,0.6499121405224871,0.909425183851118,144.9790559046238,49.185004803105606,90.45738682133076,41.568735848405446,79.72724343483164,45.87158760322567,4133.353161927977,354.7893617021277,0.4969137763108104,0.3308979494041527,A,grading/data_processed/onion/A/Onion_Red_3_134__100.jpg,ffe78301008181c7,4
6572.0,334.3919155597687,0.86,0.7385771722717908,0.9670394349617422,24.784576447818967,47.60417422788067,92.3008783683192,52.294030379593174,86.43531338395117,49.72585428265208,2336.3338736614387,553.9183529411765,0.3432250302803158,0.2015137351823146,A,grading/data_processed/onion/A/Onion_2_r2_156__100.jpg,fff98181818181c7,39
6213.5,328.2914105653763,0.95,0.7244812109503128,0.932258064516129,145.48048473402582,49.424535558332785,99.02722694365754,41.99980568951469,81.78423040604343,46.674701149530286,4443.1625273241,408.62021276595743,0.4737064961386307,0.3173934877642374,A,grading/data_processed/onion/A/Onion_Red_3_58__100.jpg,ffe78101010183c7,8
4389.0,278.9360728263855,1.492537313432836,0.7088691571078728,0.934227330779055,18.817960088691795,41.103534694149474,150.4179600886918,63.79987965643671,58.07294900221729,33.40739259829923,13914.050770216088,284.21362882556906,0.4416244833776561,0.3148421936926405,A,grading/data_processed/onion/A/Onion_Red_2_r2_317__100.jpg,ffe1810000e0e1ff,59
6906.5,316.1492758989334,0.9489795918367347,0.8683273838044838,0.9834116474441122,19.173647593355103,9.50228552578012,127.51455345733352,49.70137039051599,91.86326849353968,54.61201467136946,4372.788593320345,400.15417036379773,0.406748186937047,0.2121869593155854,A,grading/data_processed/onion/A/Onion_White_1_r2_134__100.jpg,ffcf8f0d818181c3,58
6697.0,335.36247956752777,0.95,0.7482749712408259,0.9539206609215868,143.72324561403508,52.213399145092,95.90730994152048,42.08723402888561,88.26578947368421,50.68549510890862,3814.464625196677,530.8606382978724,0.4186320127998957,0.2651056679236284,A,grading/data_processed/onion/A/Onion_Red_3_r2_4__100.jpg,e7c7c5848080c1e3,45
6131.0,319.56348967552185,1.0421052631578946,0.7544437585690961,0.9420712968653964,23.056468336257776,38.9098823647502,82.35236879885149,47.87771986582765,80.61652576168449,46.3132098188157,3348.0948278611404,484.69903329752947,0.4493705188360445,0.320478226860823,A,grading/data_processed/onion/A/Onion_2_r2_116__100.jpg,ffc1c080c0c0e1e3,5
7370.0,325.7056257724762,1.0,0.8730253045310595,0.9837816191683908,87.72686110001332,83.93023629264276,116.49567186043414,47.408734520628386,96.81129311492876,55.28229904656385,4231.896921590001,537.2265656565658,0.3360551153481697,0.2331628438317298,A,grading/data_processed/onion/A/Onion_Red_1_r2_56__100.jpg,e78f870d010181c3,72
5897.0,340.3919161558151,1.1235955056179776,0.6395618005858947,0.8956561360874848,34.67493796526055,9.052409237477534,52.50306038047974,29.242544647022143,77.93267162944582,45.34476622732346,3025.5972639186975,394.7602996254681,0.5981701920684679,0.3100872027435765,A,grading/data_processed/onion/A/Onion_White_2_r0_181__100.jpg,ffdf8f00000181e7,13
5656.0,303.3624777793884,1.1904761904761905,0.7723169014415311,0.9596199524940616,33.770880166003806,60.06455604885487,158.2624935154764,54.425799512504845,74.92097527234999,41.54807145989928,6920.942641950114,422.77308802308806,0.4539809082245992,0.2953011953192954,A,grading/data_processed/onion/A/Onion_Red_2_r2_140__100.jpg,ffc38101008083ef,6
7070.5,435.203099489212,1.0101010101010102,0.4691114477539551,0.9398511232221188,84.66501309080887,84.267974042321,119.52556152680172,37.392984518670666,94.24183546920214,54.84627517789166,2275.254548474645,498.91582491582494,0.3971292853087655,0.2495229123035338,A,grading/data_processed/onion/A/Onion_Red_1_r_101__100.jpg,ffbf8701008081c3,87
6804.0,318.39191591739655,0.92,0.8434320584728884,0.9786407766990292,17.4251548768189,16.546034797942436,145.07347644431638,55.60822748723605,89.31234692407435,51.432468149836446,4192.6523458884685,560.8764835164835,0.3799539026833319,0.2301655106640419,A,grading/data_processed/onion/A/Onion_White_1_r2_45__100.jpg,ff8f8b81018181c7,16
4003.5,272.00713980197906,1.5873015873015872,0.6799689620043445,0.9274875477817676,51.32621359223301,73.58249047892194,152.23252427184465,61.466482384587806,53.30873786407767,30.34214796396595,17104.45336346687,249.8789482122816,0.5284923716973131,0.3329706890555481,A,grading/data_processed/onion/A/Onion_Red_2_r2_181__100.jpg,ffc78300000387ff,0
4675.5,278.83556723594666,0.7,0.7556863636195258,0.9632262051915944,13.392075078206464,26.92449915243728,151.37059436913452,56.26301347101542,61.68675703858186,35.12626267219944,11285.609967346938,394.6107246376812,0.4315504366165385,0.2941887981200142,A,grading/data_processed/onion/A/Onion_Red_2_r0_156__100.jpg,e7e3c1818181c3e7,26
6965.0,315.56348872184753,0.979381443298969,0.8789364741903568,0.986055071848234,146.34417687649628,50.9418112724229,115.28559357836924,41.29194545381803,92.09097310237996,53.5037323721084,1827.8157160895928,379.36510199605175,0.403051359125548,0.2143608126848184,A,grading/data_processed/onion/A/Onion_Red_3_r2_71__100.jpg,ffc78701018181c7,11
4333.5,282.0071394443512,1.5151515151515151,0.6847443513769295,0.9363656006914434,19.199551066217733,39.68278143395384,146.2114478114478,64.55876800741774,57.2307519640853,32.87413942741866,13586.842037098257,263.16727884909704,0.4426908313391222,0.3126872894779589,A,grading/data_processed/onion/A/Onion_Red_2_r2_9__100.jpg,ffe1810000c0e1ff,51
6492.5,348.77669167518616,1.0,0.6706978506984357,0.923673353250818,80.1323396567299,84.98386643337481,114.74089129780188,44.86647035021563,85.57844022884673,49.30581588181314,5028.911747509999,445.8052525252526,0.4464827818214219,0.3242346910560243,A,grading/data_processed/onion/A/Onion_Red_1_35__100.jpg,ffe78306000081e3,12
7312.5,320.6345580816269,0.96,0.8938303257800255,0.9908536585365854,36.56053691275168,65.49583438554973,165.57838926174497,46.30656630880299,96.02161073825503,54.90218455167763,1862.974965234375,327.5785263157895,0.3725541001275039,0.2098387588343518,A,grading/data_processed/onion/A/Onion_Red_2_r2_258__100.jpg,e7e1c180818181c7,79
7119.5,345.46298348903656,0.9595959595959596,0.7496461582165181,0.9667979359043998,15.07992846333746,8.62275957022867,142.44682899986242,45.22511324461799,94.38382170862567,54.98491787534864,3319.59903807656,457.7580055877928,0.3503634723674944,0.21369211986412,A,grading/data_processed/onion/A/Onion_White_1_r_102__100.jpg,ffd78703018181c3,84
6128.0,367.01933157444,0.94,0.5716770276047997,0.8974152449293402,55.67387846007,78.23290916751354,114.25357938275532,45.26241898591885,80.65097041043589,46.16278351423164,5597.9173050135805,469.4197849462364,0.441038748341222,0.3176315147544736,A,grading/data_processed/onion/A/Onion_Red_1_83__100.jpg,fff7c381000181c3,4
7243.5,369.1198382377625,1.0526315789473684,0.6680724378532246,0.959658187599364,22.698136142625607,48.451815045290616,174.48662884927066,44.274342528167345,97.360075634792,53.8588808232989,1933.1404373961216,492.12270069112174,0.3373154490527956,0.2033176390372622,A,grading/data_processed/onion/A/Onion_Red_2_r1_268__100.jpg,ff838180c0c1c3e7,73
6256.0,336.19090616703033,0.98,0.6955601309061001,0.9249648850447254,74.54649163931865,83.95232641938237,117.07704328801375,43.69515184053848,82.25847788716987,47.316612006491546,4490.59062907122,427.7179381443299,0.4542469896448089,0.3349219416262185,A,grading/data_processed/onion/A/Onion_Red_1_26__100.jpg,ffe78181000181e3,4
7186.0,325.22034323215485,0.95,0.8537715311436952,0.9792191864822511,20.591864591864592,42.97298619287189,179.46478296478296,46.83245736442578,95.06770406770408,53.31964200131148,2279.417511036011,382.6695744680851,0.3612364060376419,0.2137159244849381,A,grading/data_processed/onion/A/Onion_Red_2_r2_274__100.jpg,ffc38181818181e7,8
6686.0,315.7056248188019,1.098901098901099,0.8429689867441941,0.9775568389502156,20.41891495601173,14.292227446818629,121.17991202346042,49.71777275634419,88.3608504398827,52.31676997284042,5995.40415075474,490.8795648795649,0.4268644725632948,0.2374328569704849,A,grading/data_processed/onion/A/Onion_White_1_24__100.jpg,ff838f0e000183e7,2
3690.0,301.7644988298416,1.694915254237288,0.5092135349011655,0.8869126306934263,31.18864468864469,52.21682992949493,86.0690737833595,54.59610934446116,49.18184196755625,28.397071564257704,11333.820186727951,248.65690806368775,0.502028635600523,0.3388681823296354,A,grading/data_processed/onion/A/Onion_2_r1_289__100.jpg,ff8783000085c7ff,53
5627.5,300.4924212694168,0.956043956043956,0.7831741086224003,0.9556763182474316,147.64234844537086,48.326890843232114,97.84801111690116,42.029489985481376,73.80354351224597,42.56559541169176,4904.225415705758,346.890365448505,0.462926489163982,0.2572099553258899,A,grading/data_processed/onion/A/Onion_Red_3_r2_109__100.jpg,ffc181018181c3e7,8
6214.5,368.776691198349,0.9393939393939394,0.5742342994600235,0.904914452129596,53.50784436774396,77.37914259123778,117.84358330718544,43.11302753060768,82.02196422968309,46.999150338820435,5886.449629415164,454.75450153711023,0.4122593801590509,0.2927198674552116,A,grading/data_processed/onion/A/Onion_Red_1_68__100.jpg,fff78181010181e3,4
4192.0,279.56348848342896,1.4492753623188406,0.6740160461231586,0.92091388400703,20.139907192575407,41.17170946555647,153.55429234338746,59.04045723590342,55.50162412993039,31.242296456077685,16078.232973829028,270.8571219440785,0.4930200577925696,0.3606968302450792,A,grading/data_processed/onion/A/Onion_Red_2_r1_148__100.jpg,ffc783000183c3ff,0
4307.5,298.4924212694168,0.66,0.6075311247734201,0.902755946767264,35.462804328223626,50.03735949334547,87.33769161406673,55.34546422083886,57.08363390441839,33.172011094716005,9404.434214784204,525.7764615384615,0.4516933944920757,0.306643751823748,A,grading/data_processed/onion/A/Onion_2_r0_321__100.jpg,cfc3c183818183c7,3
3702.0,299.9066342115402,1.5625,0.5172185979888817,0.8863881240272956,32.619159488384234,52.97307362505646,89.20203602192639,54.60640501422087,49.35630383711825,28.76483034365268,12693.335285058594,295.30255681818176,0.5345863572943336,0.3875522574886185,A,grading/data_processed/onion/A/Onion_2_r1_258__100.jpg,ff8783000087cfff,53
6479.0,379.50461423397064,0.95,0.5653061661892402,0.9432918395573996,20.1323396567299,35.7426578488454,84.23381511592893,50.71531665225368,85.5252935862692,49.4021655523145,2455.2377003434904,631.4246808510638,0.4068688877206072,0.2840268343726174,A,grading/data_processed/onion/A/Onion_2_r2_124__100.jpg,ffc9c0e0a0c1c1e3,70
6482.0,330.0487697124481,1.1123595505617978,0.7477607310715143,0.9590885551527706,17.225996376811594,19.288024288445843,147.825634057971,53.33305820713804,85.45682367149759,49.4754697727532,5247.158680491432,519.3046319651455,0.3931756032815879,0.2332446937445897,A,grading/data_processed/onion/A/Onion_White_1_187__100.jpg,ffc38303010181ef,8
5667.5,312.6345571279526,1.0777777777777775,0.7286641962294682,0.9366994463267498,141.9191518703672,52.697886522730734,86.73142561627306,40.65910933675614,74.79900017238407,43.08456671099918,7085.620615722536,405.7109953703704,0.4723302936631918,0.3222678771302816,A,grading/data_processed/onion/A/Onion_Red_3_r2_144__100.jpg,ff870301010383cf,46
4262.0,323.2203426361084,0.71,0.5126558727020015,0.8565973269018189,46.648261758691206,61.296956383620845,76.48625312428993,50.6844034410306,56.484662576687114,32.56200703839576,10629.895815334256,431.7660000000001,0.4857806005306722,0.3597782622104672,A,grading/data_processed/onion/A/Onion_2_r0_158__100.jpg,f3c383c18181c3e3,50
3734.0,268.59292709827423,0.62,0.650421716748146,0.9174447174447176,32.33878929592102,56.72357622226843,154.670823590543,56.904006659342485,49.4445310470252,28.844862395482703,16711.297755437045,315.2134426229509,0.4943879892351181,0.3579368641395073,A,grading/data_processed/onion/A/Onion_Red_2_r0_41__100.jpg,efe7c381818183c7,3
6168.5,306.14927554130554,1.0333333333333334,0.8270332322577145,0.9714938184108984,72.6263492063492,81.94561148851898,114.78888888888888,43.26331563481699,80.78444444444445,46.27180785823198,5560.286777176838,444.3600241545893,0.3633138882719305,0.2307286153655781,A,grading/data_processed/onion/A/Onion_Red_1_r2_23__100.jpg,ffc381818181c1e7,7
4740.5,282.0071396827698,1.408450704225352,0.7490551730042047,0.9538229376257544,70.17852735499794,82.0766627998405,156.74825174825176,56.227306972601646,62.53249691484986,35.257174586582366,9745.467958262248,276.8530374164177,0.4842059975736876,0.3013434085365097,A,grading/data_processed/onion/A/Onion_Red_2_r2_213__100.jpg,ff838100000387ff,0
5735.0,403.01933348178864,1.1235955056179776,0.4437021420723663,0.8658564203215823,34.0852647606158,10.000347029680167,49.96481136863475,28.809405480658285,76.15801048891896,44.21498290107721,3072.9146685519504,408.6067415730337,0.6060235172797541,0.3240017990474531,A,grading/data_processed/onion/A/Onion_White_2_r0_174__100.jpg,ffcf8f00000181e7,2
4317.5,282.8355675935745,1.4285714285714286,0.6782255789318116,0.9242213421813122,32.208830817751746,44.839664334121906,91.7271908087407,57.61988418815677,57.34061725613877,33.891199793651275,8490.768467571428,335.9987012987013,0.5346261631316055,0.3554389660517553,A,grading/data_processed/onion/A/Onion_2_r2_42__100.jpg,ffe3c10000c0e1ff,59
6039.5,605.7127636671066,1.0,0.2068604185484356,0.8228762177260032,15.980628771038424,12.1023451106999,142.63432835820896,44.3548668911026,82.12543664655446,48.34188229849372,3077.4012901400347,685.4331140350878,0.4066446693751013,0.295384612236785,A,grading/data_processed/onion/A/Onion_White_1_r_92__100.jpg,ffffbd05010181c3,23
6566.0,322.0487711429596,0.9897959183673468,0.7955499444350311,0.962051282051282,22.210173031026255,38.14112811999669,83.67377684964201,50.43593603858889,86.22792362768496,49.6563064153023,2623.084011652601,528.309204931973,0.4133363156297689,0.2814578885354312,A,grading/data_processed/onion/A/Onion_2_r2_121__100.jpg,ffc1c0e080c0c1e3,5
5086.5,318.1492760181427,1.1764705882352942,0.6314908093677448,0.9003451632887867,142.78483920367535,53.60451956197684,94.40964777947931,44.04301320966244,67.02258805513017,38.497288479248795,8328.803121536332,364.5518716577539,0.53519023890936,0.3718721516195778,A,grading/data_processed/onion/A/Onion_Red_3_r_32__100.jpg,ffe1c18080c1c1f7,15
4700.0,303.705624461174,1.0941176470588236,0.6403273502162484,0.906111432427222,142.34817729908866,54.56512514354232,89.32373653686827,42.5761002963429,62.04577464788732,36.02601036049331,9512.991902082003,328.1098465473146,0.5578467852594305,0.3748798055688093,A,grading/data_processed/onion/A/Onion_Red_3_r2_121__100.jpg,ffc3c3018183c3e7,8
7045.5,339.9482647180557,1.020408163265306,0.7661186346033246,0.963684858432499,37.48407731887081,60.07427369525921,87.18133778334028,49.36211590254299,92.5139758030872,53.16458800297737,1804.4916959183672,444.3024118738406,0.3886230939095458,0.2540172960557472,A,grading/data_processed/onion/A/Onion_2_r1_212__100.jpg,ffa78501008083ef,74
6527.5,317.8061306476593,1.053763440860215,0.8121424346374715,0.972656832066756,89.62289915966386,84.33274338287136,115.09963985594236,40.64344389545525,85.58373349339736,49.11913646771018,3810.079957928367,384.18334996120154,0.3972210533984854,0.2526815643332885,A,grading/data_processed/onion/A/Onion_Red_1_r_111__100.jpg,ff838701808181e7,101
6264.0,305.0782071352005,0.978021978021978,0.8457446166588208,0.9764614185502728,65.0925578486554,80.95113258667824,118.32770481550968,45.21435834498002,82.4255784865541,47.27814715223914,6793.5056549932215,508.1763236763237,0.3209452186839301,0.1950328388265686,A,grading/data_processed/onion/A/Onion_Red_1_r_174__100.jpg,ff8f8101010181ef,8
6040.0,364.6761863231659,0.94,0.5707316982485668,0.8952126871202015,70.29196255648806,82.6740596289346,112.42785668173016,44.697821143397945,79.46739832149774,45.56688770099226,4629.625243990493,417.2182795698924,0.4480446266112918,0.3275021082985467,A,grading/data_processed/onion/A/Onion_Red_1_95__100.jpg,fbe7c181008181c3,4
7122.0,333.4213535785675,1.098901098901099,0.8050540012006562,0.9706964699468448,24.859678085018572,52.89291371030678,154.65676159031503,50.26597385596432,93.53281056541478,53.25434215803284,2552.277232447772,351.66888666888667,0.3299074927817547,0.186628160954091,A,grading/data_processed/onion/A/Onion_Red_2_r1_233__100.jpg,ffc0f1010181c1e7,94
4607.0,275.9066344499588,0.7,0.7605080036736683,0.9614943128456642,12.43649449618967,20.252000185285944,152.3092718035563,55.47258126502417,60.83869602032176,34.677927490425674,11640.7600832449,395.0379710144928,0.4409975112353534,0.3048244542521202,A,grading/data_processed/onion/A/Onion_Red_2_r0_170__100.jpg,e7e3c1818181c3e7,26
4426.0,288.73506236076355,0.68,0.6671480529563609,0.9386067225108684,23.57265333040229,47.53154299267511,152.56056276104638,55.504490093352366,58.56342053198505,33.133883614647296,12764.854147037198,372.6902985074626,0.4719349119416562,0.310254514337408,A,grading/data_processed/onion/A/Onion_Red_2_r0_229__100.jpg,f3e7c3818181c1e7,26
5652.5,321.46298384666443,1.0666666666666669,0.6873667053157606,0.9290762656147272,141.54145077720207,53.46313363752955,87.39740932642486,40.8999929503689,74.63402417962003,42.97414874855138,7499.59538953993,375.2195321637427,0.4653793639203241,0.3175888092425423,A,grading/data_processed/onion/A/Onion_Red_3_r2_146__100.jpg,ff870301010383cf,46
3769.0,265.9066352844238,1.6129032258064515,0.6698501396646063,0.9243408951563458,28.875805204844113,56.41196002840122,155.58412780211285,56.31051591941522,50.11672249420253,29.257724815923492,19617.021612252855,256.1353861192571,0.5442090881018953,0.359662224798213,A,grading/data_processed/onion/A/Onion_Red_2_r1_1__100.jpg,ffe10180c0c1e1ff,97
4085.0,285.5634888410568,1.4705882352941178,0.629501205845882,0.914074737077646,30.574179743223965,53.03145146503961,80.86067522586781,53.785573009203006,53.980028530670474,30.972056195125504,10094.847321712805,298.30808080808083,0.5152952319306855,0.3698264505495599,A,grading/data_processed/onion/A/Onion_2_r2_249__100.jpg,ff878301000187ff,0
5463.5,309.46298265457153,1.1022727272727273,0.7169079515849566,0.9372158847242472,89.90366398570151,85.88371617068374,112.62752457551385,46.01411711965396,72.8130473637176,42.4623650798633,9158.224215810937,355.8130918560606,0.4658970931900963,0.3297979277292197,A,grading/data_processed/onion/A/Onion_Red_1_r_124__100.jpg,ffc381818181c1e7,7
6675.5,319.80612909793854,0.93,0.8202006303832767,0.9725378787878788,21.11111111111111,37.43989731016559,85.01159547923088,50.20871465925811,87.52972258916776,50.212043011073746,2340.5793791074116,512.3634782608696,0.3885397853901218,0.252332514311628,A,grading/data_processed/onion/A/Onion_2_r2_126__100.jpg,ffc9c0e0a0c1c1e7,70
4753.0,291.56348991394043,1.4285714285714286,0.7026052626731963,0.9532691536301644,24.5558745130203,51.230557556169025,156.34672954685257,56.77448685876362,62.72401066229239,36.18894359862327,13169.862293857144,326.46666666666664,0.4475103520630893,0.2888062937198429,A,grading/data_processed/onion/A/Onion_Red_2_r1_213__100.jpg,ff848001038387ff,61
5896.5,347.1198375225067,1.1111111111111112,0.614957778526547,0.894832688367858,35.827158451869,9.362391780496376,49.6037049288786,33.411617274139324,77.96758187231227,45.26021658988869,3275.141706555555,408.475645342312,0.5955031238023666,0.3151523545030886,A,grading/data_processed/onion/A/Onion_White_2_r0_126__100.jpg,ffcf8f03000181e7,13
3587.5,316.1492758989334,1.6666666666666667,0.4510424222686724,0.844018350782261,33.2610096670247,51.586870770866526,81.52013963480128,49.97497088239126,48.01799140708915,28.138352157348663,14204.991493305555,288.23905723905733,0.5206220875225418,0.3642932906710632,A,grading/data_processed/onion/A/Onion_2_r1_88__100.jpg,ffe1c00000e0f3ff,59
4529.0,357.2203425168991,0.76,0.4460050946226085,0.8166245943021998,45.26894343649947,54.659319638314166,75.88815368196371,51.45131132477922,60.34236926360726,35.7702046843357,9359.045341828256,522.9208,0.506747874710325,0.3654189194153289,A,grading/data_processed/onion/A/Onion_2_r0_66__100.jpg,cfc3c383838383c7,26
5528.0,349.01933193206787,0.9690721649484536,0.5702679085187173,0.8571207070315529,34.23762550642945,8.259513314281973,59.034525277435264,32.34358774654977,73.12700369913686,42.252521503750074,2462.732087079778,393.3224697927058,0.5924223106874945,0.3607678130829735,A,grading/data_processed/onion/A/Onion_White_2_r1_137__100.jpg,ffcf8f0d818181c3,58
5940.5,400.5756813287735,0.94,0.4652257065766546,0.8538881701882995,19.68591526255521,11.98923229552934,135.0798298707672,49.49799858314274,78.81056764272861,45.78246531265811,4218.3879804323215,431.4722580645161,0.4773926780715498,0.3326874943518894,A,grading/data_processed/onion/A/Onion_White_1_r_30__100.jpg,ffcf8f0d818181c3,58
6646.5,314.2914105653763,0.91,0.8455471866546154,0.9794429708222812,15.487905604719764,8.245084423305284,144.94970501474927,53.28849218750712,87.38377581120945,50.4543156416197,4925.57897523246,604.1073333333333,0.3761756996931431,0.2405547344096839,A,grading/data_processed/onion/A/Onion_White_1_r_151__100.jpg,ef838901018181c3,103
6723.5,319.3208488225937,0.92,0.8286110549113064,0.9732213939350076,20.89070241911979,41.3693968184651,89.30982220926843,48.99463344469997,88.12051879918391,50.51042199055359,2614.2651992438564,510.2794505494506,0.3939987903671983,0.2412795585693238,A,grading/data_processed/onion/A/Onion_2_r2_298__100.jpg,df818781018183e7,32
4258.5,328.9777022600174,0.73,0.4944627611531226,0.8273751700019428,40.518064076346285,58.30837486106044,71.31129288798,53.83158436117031,56.70347648261759,33.1612601458777,11058.352405779697,493.9554166666666,0.4899982225504556,0.3773764335620664,A,grading/data_processed/onion/A/Onion_2_r0_237__100.jpg,f3c3c3c1c1c1c1e3,50
6584.0,307.2203434705734,1.1235955056179776,0.8765965266476028,0.9847442416990728,35.59523454951601,12.534627228109668,48.21801935964259,29.382735925416743,86.61861504095309,50.41781982531024,3257.9839132811517,363.81432300533424,0.5394392135893236,0.2356759862047099,A,grading/data_processed/onion/A/Onion_White_2_r0_9__100.jpg,ffcf8f00000181e7,2
6340.0,318.73506236076355,1.1235955056179776,0.7842227571392018,0.9626480412997268,26.754862611917257,39.8025784191881,96.82448286508182,52.04180141904615,83.26319851806113,47.826317332579094,3508.4982680343387,491.4630575417092,0.4586494933887426,0.2601287523738536,A,grading/data_processed/onion/A/Onion_2_r2_8__100.jpg,ffe18d800080c1f7,100
5606.5,327.9482641220093,1.098901098901099,0.6550749880380407,0.903982586262496,145.55673512008354,50.880373347547895,96.87278106508876,42.24756732021303,73.8673860076575,42.31821536786444,6433.102647928994,405.38084138084145,0.5034754304451493,0.3545380122367397,A,grading/data_processed/onion/A/Onion_Red_3_r2_20__100.jpg,ffc3c1810081c3e7,7
7086.0,322.39191603660583,0.9693877551020408,0.8567275351462392,0.9843033754688152,149.2483044982699,46.7433906905552,107.24373702422146,39.7349380035426,93.32996539792389,53.95421788911868,1856.1491525345511,370.7746417716022,0.4255374044002216,0.2089646903164605,A,grading/data_processed/onion/A/Onion_Red_3_r_81__100.jpg,ff9f9f01018181e3,18
4850.0,312.87719690799713,1.2345679012345678,0.6225923477088573,0.8969024503005085,138.17579771222157,54.26146554256032,83.97310856913506,46.09771661951672,63.86112783463777,36.89347662380768,9852.753780460294,405.66566903603945,0.5161574653896884,0.369979698585865,A,grading/data_processed/onion/A/Onion_Red_3_r_158__100.jpg,ff870101038387ef,61
6652.0,321.0782073736191,0.85,0.8108498587760031,0.973297241934304,28.94228504122497,52.836890064320016,92.22526501766784,51.93831473179944,87.42402826855124,50.09773839224625,2291.907143792387,604.7829761904761,0.3326089895000429,0.1844623745656156,A,grading/data_processed/onion/A/Onion_2_r2_160__100.jpg,fff9c181818183c7,39
4906.5,281.80613029003143,1.351351351351351,0.7763915402023457,0.9600821837393602,29.6792039800995,56.34094307014268,149.67164179104478,55.10577112909679,64.76398009950249,36.493429055904045,11182.180318407596,328.7731367731368,0.4858641434567886,0.3073781378110188,A,grading/data_processed/onion/A/Onion_Red_2_r1_42__100.jpg,ffc3c1008081c3ff,0
6286.5,318.9777022600174,1.1764705882352942,0.7764225374714567,0.9585271022337424,23.468555417185556,44.84455587706357,101.54265255292653,53.81901765600277,82.77366127023662,47.03187908198421,2130.867522366782,493.90101010101006,0.3705908732137519,0.2327834839969684,A,grading/data_processed/onion/A/Onion_2_r1_12__100.jpg,ffc180000081c1ff,54
4817.0,317.4213534593582,0.76,0.6007782923551123,0.8986102042719896,43.92998385794995,53.37099035865951,82.40334947538338,52.640167443601854,64.10189669087974,37.86707759267713,7614.93061009349,514.3573333333333,0.4667819201081363,0.3304845197248696,A,grading/data_processed/onion/A/Onion_2_r0_13__100.jpg,cfc3c183810383c7,68
3896.0,321.22034299373627,1.5384615384615383,0.4744852640745027,0.8527963226441939,28.122211204759545,44.815610632235206,85.3495290034705,48.29365830879953,52.18120971740208,30.877211906126323,10130.055153869822,343.1731157731157,0.5242386479848024,0.3660963484624487,A,grading/data_processed/onion/A/Onion_2_r1_76__100.jpg,ffe1c00000e1f1ff,59
5591.0,407.01933228969574,1.0526315789473684,0.4241009851438416,0.8237807573301901,35.13884555382215,11.079752996059929,52.38446871208182,29.79689509418232,74.42035014733922,43.20511783083506,2388.856280376732,397.5739500265815,0.6102619939153457,0.3788371177786377,A,grading/data_processed/onion/A/Onion_White_2_r0_78__100.jpg,ffdf8f0f000181e3,13
4681.0,346.87719678878784,0.77,0.4888740706714796,0.8497004901070975,46.738563444421445,56.128937536584345,76.77375284620162,50.93531664223765,62.193541709790935,36.361310558152546,8968.681108854782,505.5031578947369,0.4921517525091605,0.354809871640926,A,grading/data_processed/onion/A/Onion_2_r0_57__100.jpg,cfc3c383838383c7,26
6067.0,358.6761864423752,0.94,0.5926233673307523,0.8960933461339635,74.0596463022508,83.36280377513224,113.47861736334406,44.281204878411,79.78922829581994,45.760593766342424,5338.132041545948,415.282258064516,0.4466177810571293,0.3247072732065155,A,grading/data_processed/onion/A/Onion_Red_1_100__100.jpg,ffe78381000181c3,4
6179.0,309.07820785045624,0.967032967032967,0.8128142117388728,0.9681917894077092,60.08157769681609,79.08390116007756,117.39711706003484,47.441960885967035,81.248693172818,46.659793336742005,6427.263397925127,504.481242895036,0.3247834929937625,0.197676936552636,A,grading/data_processed/onion/A/Onion_Red_1_r_169__100.jpg,ff8f0101010181ef,107
4816.0,300.3919163942337,1.0481927710843373,0.6706869548274776,0.941636523609346,83.7698220064725,84.4253970398737,108.86812297734627,46.46858827024486,64.45813106796116,37.44745329550979,11070.300075709338,403.9718408517792,0.4604097608822384,0.2983182693088108,A,grading/data_processed/onion/A/Onion_Red_1_r2_197__100.jpg,ffc381810080c3e7,0
6577.0,371.50461399555206,0.9,0.5988379044799927,0.9504335260115608,22.41641923990499,41.53826424730977,87.50074228028504,51.3148263260646,86.71912114014252,49.94607331995887,2220.8064404444444,596.5984269662921,0.3579926796769439,0.2342265608504991,A,grading/data_processed/onion/A/Onion_2_r2_132__100.jpg,ffc9c1c1c1c1c3c7,78
6033.5,334.2914113998413,0.94,0.6784670227089333,0.9160403856372884,145.3470940586045,48.0918961237356,89.96972640440343,40.95067720104843,79.39922292374939,45.72627896550735,4225.542135626981,342.2095698924731,0.501343941386799,0.3296292900218794,A,grading/data_processed/onion/A/Onion_Red_3_137__100.jpg,ffe78301008181c7,4
7327.5,323.4629842042923,0.98,0.8800685740307802,0.9852763210972166,91.83123493169032,85.45388135873833,108.65952317171175,38.94437588483783,96.29105277256896,55.57842895987287,2599.3801206892963,351.1670103092782,0.3802252967786597,0.2240466037372354,A,grading/data_processed/onion/A/Onion_Red_1_r2_154__100.jpg,ffc7878e008181c7,44
4095.5,325.462983250618,0.66,0.4858627370759464,0.8578759949727691,42.64415584415585,59.17240083641643,74.16481700118064,48.50266842969789,54.403778040141674,31.81591657818286,10615.741057759413,487.2093846153847,0.4695440324064811,0.3370581394197631,A,grading/data_processed/onion/A/Onion_2_r0_150__100.jpg,e3e383818181c3e3,50
5166.5,376.7766922712326,1.0454545454545454,0.4573390017724791,0.844130381504779,35.012757973733585,11.832168544634015,64.56941838649156,33.043392970249016,69.00844277673546,40.130576319514965,2316.98091180293,412.67794705294705,0.510572184052499,0.3227857486480774,A,grading/data_processed/onion/A/Onion_White_2_r1_78__100.jpg,ffbf1d01018181e3,52
6155.0,335.0782071352005,1.2195121951219512,0.688883139064149,0.9370480322752532,36.83671850206284,59.39659692016324,87.01237702316725,53.011033136304455,81.11662964138368,46.42631723451982,3687.322672085069,451.0629465385563,0.3888636029915103,0.2174570935538733,A,grading/data_processed/onion/A/Onion_2_r1_326__100.jpg,ffe381000001c3ef,0
4578.5,275.3208485841751,0.71,0.7590229082594522,0.959350445259298,12.32076677316294,18.414508594627375,154.0321618743344,56.10030599761427,60.38892438764643,34.37164490066563,12750.553967446936,381.69557142857144,0.4547436582470572,0.3166795844124997,A,grading/data_processed/onion/A/Onion_Red_2_r0_173__100.jpg,e7e3c1818181c3e7,26
5434.5,306.49242103099823,1.2658227848101269,0.7269925789792466,0.940387610313203,19.2038800071852,44.71415229163219,169.3224357822885,52.858525821946714,72.19867073827915,39.76224081829328,6906.495541403621,346.5657844265439,0.4137965318704983,0.2831070463454871,A,grading/data_processed/onion/A/Onion_Red_2_r1_282__100.jpg,ff0180c0c0c0e1f7,5
4602.0,308.7350620031357,0.74,0.6067147747853368,0.903061224489796,41.12249208025343,52.19988986097679,84.05554382259767,53.782703303678154,61.14382259767687,36.36166174618869,9382.575233290723,564.27,0.4762738342004814,0.3419945799831475,A,grading/data_processed/onion/A/Onion_2_r0_337__100.jpg,cfc3c183810383c7,68
6063.5,339.11983704566956,0.94,0.6625625066048961,0.9120102278709484,146.70333387018843,47.41529229889345,91.79288130133676,40.230439548722174,79.77677564825254,45.84189395730284,4352.264424581258,333.6318279569893,0.4992595242385765,0.3257791162811475,A,grading/data_processed/onion/A/Onion_Red_3_132__100.jpg,ffe78301008181c7,4
5029.0,286.877197265625,1.0689655172413792,0.7678907588310071,0.9473485918809456,146.01087589823263,50.00357219896206,97.10487473295784,44.14600277060549,65.9314429986405,37.88681203525941,6952.666555858147,342.94127936031987,0.5433842625413094,0.3494789731349346,A,grading/data_processed/onion/A/Onion_Red_3_r_59__100.jpg,efc38181808183ef,0
6089.5,323.4629828929901,0.95,0.7313787273984432,0.9312586022327572,144.24213230571613,51.63537629238266,96.17292870905588,40.930492242483616,80.05411046885035,45.87841847137015,4948.906310515236,394.6656382978724,0.4790162128724789,0.3290433700659183,A,grading/data_processed/onion/A/Onion_Red_3_37__100.jpg,ffe78101000183e7,1
6559.0,312.3919166326523,1.1235955056179776,0.8445938594381319,0.978371121718377,17.044374719856567,16.879441834889974,143.9970118033767,51.9334354558635,86.55759748991484,50.33677564707627,5657.730290758742,533.6186584950631,0.3824014781436636,0.2359815722229152,A,grading/data_processed/onion/A/Onion_White_1_166__100.jpg,ffc38f09000081ef,2
4359.5,288.63455522060394,1.1538461538461535,0.6575819733363728,0.90643518037218,55.49185449676411,78.82931647875154,111.07319794688684,46.99334493300392,58.11492970319125,33.75096785441503,14226.21664840383,305.3216652261596,0.491159450052186,0.3467462819806953,A,grading/data_processed/onion/A/Onion_Red_1_r_134__100.jpg,efc3830181c1c3f7,88
5784.5,361.4041087627411,0.9494949494949496,0.5565312018729073,0.8891023670458039,34.37763180057268,10.0385256665615,50.99242041435068,30.910692122169696,76.5797540845545,44.363995963554714,3387.996003966946,536.9301618333876,0.5822491558683822,0.3446066991655799,A,grading/data_processed/onion/A/Onion_White_2_r1_152__100.jpg,ff9f8f01000183c7,13
5636.0,301.5634889602661,1.2073170731707317,0.7787953143706199,0.9607909989771564,25.25689505637467,50.11640316464841,172.09956634865569,55.253434626033155,74.17380745880313,41.75252295907107,5624.455846660865,368.44126431060226,0.409425280754824,0.2737658943759234,A,grading/data_processed/onion/A/Onion_Red_2_r2_286__100.jpg,ffc10000c0c1e1ff,51
5511.5,323.9482653141022,1.1494252873563218,0.6599763276510802,0.9248259082137764,138.49991148875907,52.99623104057733,84.35864754823862,45.43225525635659,72.4871658700655,41.80185606815448,7014.378925551592,463.8583536514571,0.4810235460281625,0.3364731274363418,A,grading/data_processed/onion/A/Onion_Red_3_r_163__100.jpg,ff870101030387ff,61
5550.5,300.8355668783188,1.2987012987012987,0.7706968970639387,0.964214366368453,25.391832423869037,53.56552936129003,154.07252244323183,53.26243033233113,72.80355571202253,41.50484893547488,5859.50265501771,351.03056539420174,0.3956461265862947,0.2482810651600064,A,grading/data_processed/onion/A/Onion_Red_2_r1_222__100.jpg,ff808101018383ff,8
6738.0,312.87719905376434,1.098901098901099,0.8649540580044952,0.979787698124182,20.45772085577063,15.329873333874264,121.56309125309272,50.07458619688016,89.04802794353078,52.62788051422359,5599.011523535804,448.4337884337885,0.426762286554929,0.2333344445991025,A,grading/data_processed/onion/A/Onion_White_1_21__100.jpg,ff8b0f0e000183e7,14
4489.0,275.5634880065918,1.4492753623188406,0.7428756492642743,0.9530785562632696,14.23344191096634,29.056962477040106,151.45320304017372,64.0505757771504,58.99674267100977,33.79073670885006,12574.734238605335,293.44590835895184,0.4445580236286331,0.3188596006214618,A,grading/data_processed/onion/A/Onion_Red_2_r2_34__100.jpg,ffe3c10000c0e1ff,59
6131.5,358.09039974212646,1.0,0.6008848312353677,0.8872729903769626,15.499681731381283,13.836426197001552,144.30808402291535,48.008396168737214,81.34993634627625,47.25921834906671,3270.1142060105517,371.7062929553265,0.4349197346147388,0.3186048552444062,A,grading/data_processed/onion/A/Onion_White_1_r2_94__100.jpg,ff8f8703018181e3,11
6217.5,334.7766922712326,0.96,0.6971323395654783,0.9285394265232976,77.45314465408805,83.79626764506305,117.29528301886792,42.38777906694404,81.86132075471698,47.12376599472992,4807.147020659723,378.18221052631577,0.4535961291592078,0.3226350047040585,A,grading/data_processed/onion/A/Onion_Red_1_121__100.jpg,f7e78301000181c7,4
6322.0,309.7056260108948,1.1235955056179776,0.8282590047118723,0.9706740365423,95.1250581125058,85.69697484878928,118.77483341081668,44.05321618959776,83.01193243452657,47.64350232061018,4415.509339729832,370.786403359437,0.4063974265247813,0.2619921669483635,A,grading/data_processed/onion/A/Onion_Red_1_r2_135__100.jpg,ffc38301018183ef,8
6166.0,352.0487712621689,0.94,0.6251838040321053,0.9063648390415991,68.44722266181358,83.0141435036361,111.01329324260168,43.3037697145817,81.32093685709764,47.04135002453358,5798.513454911726,381.1550537634408,0.4650033559993569,0.3145637864821449,A,grading/data_processed/onion/A/Onion_Red_1_142__100.jpg,f7e78381000181c7,4
7091.0,338.1909055709839,0.97,0.7791005306287709,0.9643682850537196,14.640912232204562,7.339370313384934,147.67961299239806,49.2907195131066,93.2247408431237,54.06076666349203,4134.008923063025,470.33572916666674,0.3924345471003904,0.2396482928240304,A,grading/data_processed/onion/A/Onion_White_1_r_123__100.jpg,efc78b8f018181e3,41
7198.0,323.2203423976898,0.96,0.8658134624948133,0.9834676868424648,23.13779473899414,47.54661233738975,177.52923538230883,46.320057952338146,94.88046885648085,53.75882438783515,2004.6641924370656,394.7656842105264,0.3707615293205976,0.2195771812009506,A,grading/data_processed/onion/A/Onion_Red_2_r2_272__100.jpg,ffc38180818181e7,0
6170.0,367.0193331241608,0.93,0.5755951746955555,0.8967371557299615,46.45749051833123,73.72404144169245,117.62247155499368,43.21732172465082,81.27386219974716,46.48211460340176,5213.009887050526,467.7063043478262,0.4310862595025244,0.3051215030381456,A,grading/data_processed/onion/A/Onion_Red_1_78__100.jpg,ffe7c381010181c3,4
4253.5,274.0071390867233,1.5151515151515151,0.7119222145013733,0.9403117055377472,17.198123999084878,36.088107516808954,148.84351407000688,65.91361165374646,56.41317776252574,33.23487334777532,13326.16383009642,302.2021732476278,0.4450493044997759,0.3256615261078401,A,grading/data_processed/onion/A/Onion_Red_2_r2_17__100.jpg,ffe1c10000c0e1ff,59
4295.5,274.8355678319931,1.492537313432836,0.7146241932560566,0.9409638554216868,33.46702923181509,60.2565676380573,149.4901427600272,54.20410859795348,56.90392023566735,32.89657643332042,14682.183423368237,277.9360771898085,0.5135781595771495,0.3280370437468691,A,grading/data_processed/onion/A/Onion_Red_2_r1_30__100.jpg,ffe1c10080c1c3ff,51
5107.0,284.7350628376007,1.3157894736842106,0.791578192662561,0.9616796911778552,27.27601377199694,52.62519359384323,151.0694338179036,56.58091989766516,67.15493496557,37.90018931572655,9376.094040702908,325.4258373205742,0.4605708054732714,0.2991306652948591,A,grading/data_processed/onion/A/Onion_Red_2_r1_45__100.jpg,ffc381008081c3ff,0
4670.0,279.0782079696655,0.7,0.75348548988484,0.9621922324096012,12.763624973898516,21.33790050125142,153.3802463979954,56.421390146742134,61.5237001461683,35.23436006897705,11190.418620408163,394.9597101449276,0.435020890068039,0.2955271119407482,A,grading/data_processed/onion/A/Onion_Red_2_r0_161__100.jpg,e7e3c1818181c3e7,26
6497.5,314.2914117574692,0.9,0.8265918609210589,0.9755273628105998,21.64092896998944,17.129691727922044,123.48333584678028,48.85522225370057,86.18187302066053,51.56111942652077,5617.545289432099,563.955393258427,0.4488819902853114,0.2479104698484358,A,grading/data_processed/onion/A/Onion_White_1_r2_148__100.jpg,ffc78d89818181c3,3
6701.0,315.70562410354614,1.098901098901099,0.8448601863248796,0.9761107064821558,20.042136064374542,10.78886868999103,122.0665691294806,49.45825415765047,88.50665691294806,52.253392587326005,6203.084063217003,535.905205905206,0.4303687908878166,0.2366600591152025,A,grading/data_processed/onion/A/Onion_White_1_25__100.jpg,ff838f0e000183e7,2
5780.0,341.36247730255127,0.97,0.6233129347221217,0.8731777324571343,36.710597367532905,15.054522770124636,49.386938913263585,28.683069678380033,76.61508606142424,44.73360796942149,3108.9299893612497,461.31749999999994,0.5856186528384602,0.3736225352252257,A,grading/data_processed/onion/A/Onion_White_2_r1_42__100.jpg,ff9f8781018181c7,16
6583.0,353.3624783754349,1.0,0.6625106355622825,0.9225702473547754,84.6656273199703,85.55794347440983,113.95812917594657,43.787294113983066,86.76792873051225,50.062028744253254,4735.91878975,433.688787878788,0.4420246836523867,0.3146470564386348,A,grading/data_processed/onion/A/Onion_Red_1_38__100.jpg,ffe78306000181e3,12
3903.5,355.8061294555664,0.68,0.3874692097183331,0.7823429201322778,38.6789849716679,54.09070224476573,76.0909090909091,53.581433867715646,52.41685144124168,31.71378486744723,13952.356598529412,481.1147761194031,0.5134107020520344,0.383491858833973,A,grading/data_processed/onion/A/Onion_2_r0_96__100.jpg,c7c3c383838383c7,26
6499.0,369.8477602005005,0.9,0.5970496046156318,0.957918785466873,20.462451186542506,37.59726169859843,86.98573145088615,49.33092690318137,85.68098528086513,49.28724545198288,2658.458808098765,549.2314606741575,0.3668154652315255,0.2412035716660756,A,grading/data_processed/onion/A/Onion_2_r2_128__100.jpg,ffc9c1c180c1c1e7,7
5212.0,327.705624461174,1.0804597701149423,0.6098829333383453,0.9123052686854544,34.53643497757847,10.215090532397848,69.61229446935725,35.96417653497098,69.36285500747384,40.33628570672141,2089.6634773573387,379.468174514893,0.5135009517108995,0.3304291662975673,A,grading/data_processed/onion/A/Onion_White_2_r1_89__100.jpg,ffbf0303030181e3,52
6699.5,320.6345567703247,0.9494949494949496,0.818901376621321,0.971153149235341,94.5015357612988,84.92579182779038,119.11935059236508,45.09874205582433,88.28184876407781,50.99071127907417,5413.783148946517,556.4925600086889,0.3905400232617931,0.2484236140218117,A,grading/data_processed/onion/A/Onion_Red_1_r2_72__100.jpg,ffc383818181c1e3,7
6352.0,318.3919154405594,1.1494252873563218,0.7874015948658091,0.9579248982053988,22.07397133610726,42.35191945455803,103.7312374788103,53.10695030283137,83.71890892279242,47.43902379433927,2116.486761514071,460.65795889933815,0.3770692965430314,0.2422766353057572,A,grading/data_processed/onion/A/Onion_2_r1_16__100.jpg,ffc580000080c1f7,15
5721.0,344.1909066438675,0.9489795918367347,0.6068523348238981,0.8873894834806887,35.103271983640084,11.203510450635765,49.733469665985005,27.087833184642015,75.5260736196319,43.769538456752734,3148.5605183319335,452.4526397515529,0.5810974806670617,0.3397095077596128,A,grading/data_processed/onion/A/Onion_White_2_r1_146__100.jpg,ffcf8f01818181c3,16
4363.0,274.24978053569794,1.4705882352941178,0.7289579883758152,0.9446790083360398,33.675446428571426,60.31311546523019,148.9640625,54.17261435445117,57.697544642857146,32.849158681982566,14035.48057776816,267.02718360071293,0.513298862071731,0.3278385752536465,A,grading/data_processed/onion/A/Onion_Red_2_r1_32__100.jpg,ffe3c10080c1c3ff,51
4375.5,284.1492747068405,1.4492753623188406,0.6809958236441456,0.920479646576207,15.076957295373663,37.6704825022444,165.45862989323842,55.84725591415024,58.050934163701065,32.4253911482996,12075.989840453683,296.3075684380033,0.4831170400076329,0.3355036558754843,A,grading/data_processed/onion/A/Onion_Red_2_r1_297__100.jpg,ff610180c0c1e1ff,71
6038.5,364.9188269376755,0.94,0.5698314229470881,0.8923452046697207,70.29205682918953,82.85195633916932,111.87536325476268,44.74268949118803,79.38666451404585,45.60087643838091,4829.496935762789,427.7086021505376,0.4480937957565232,0.3280324609087856,A,grading/data_processed/onion/A/Onion_Red_1_96__100.jpg,ffe78181008181c3,4
6938.0,315.90663492679596,0.9489795918367347,0.8736282411618521,0.9842530855440488,19.863180212014136,15.440653780832546,127.60367491166078,50.76072701399971,92.0504593639576,54.39860862127199,4302.756175525488,385.64407719609585,0.4045479644457549,0.2091013980842225,A,grading/data_processed/onion/A/Onion_White_1_r2_132__100.jpg,ffcf8f0f818181c3,67
6393.0,373.3624783754349,0.95,0.5763061139838646,0.9135467276364676,56.11990846681922,78.6926372649732,118.42257818459191,42.015426062581405,84.49443173150267,48.37461959556621,5044.587603534626,411.7296808510639,0.4113676113516954,0.2957405479582646,A,grading/data_processed/onion/A/Onion_Red_1_61__100.jpg,f7e78181000181e3,4
6155.5,327.60511898994446,1.0210526315789474,0.7207287413180575,0.9539713289422704,81.16221798538291,84.20464103718786,117.86383857642198,43.08247333896039,81.25055608516047,46.772644893185735,5275.9170233486,383.48103070175455,0.4344208309135338,0.3011355307328067,A,grading/data_processed/onion/A/Onion_Red_1_119__100.jpg,ffe78301000181c7,4
4891.5,294.634557723999,1.0348837209302326,0.7080836297151134,0.928354526475612,144.1951754385965,52.5239747856332,93.14952153110048,43.0618501503076,64.40889154704944,37.21999225754502,9196.19753939815,335.02193446088796,0.5232239919996335,0.328684310816938,A,grading/data_processed/onion/A/Onion_Red_3_r2_113__100.jpg,ffc381018181c3ef,8
3640.0,300.59292674064636,1.694915254237288,0.5062368250242445,0.8858603066439523,29.987536462476797,50.372793264847054,87.85043754972156,55.14494689031755,48.48872977989923,28.196023081025125,10283.50982464809,273.8472864235576,0.5165830405248838,0.3492976012555005,A,grading/data_processed/onion/A/Onion_2_r1_285__100.jpg,ffc783000085c7ff,64
5839.0,426.13203048706055,1.1111111111111112,0.4040731380250585,0.8688988095238095,35.09415476585852,12.193050368600446,51.39704417137164,32.47483165004065,77.55994686150781,45.18066221652048,3252.104439506173,516.0864197530864,0.5900854724860087,0.3159359332396913,A,grading/data_processed/onion/A/Onion_White_2_r0_12__100.jpg,ffcf8f02000181e7,13
6982.5,354.4335466623306,1.0309278350515465,0.6984754840031137,0.9512942779291552,77.50056069526212,84.27822771079093,125.8511354079058,37.77071410629037,92.65671432576394,54.086734657470075,2702.0349305877353,368.4033114651671,0.4043403346321368,0.2491803840511371,A,grading/data_processed/onion/A/Onion_Red_1_r_92__100.jpg,ff9f8701008081e7,13
6114.0,310.0487701892853,1.1363636363636365,0.7992364319427674,0.9659530768623114,29.746717899455653,55.27090344662485,158.72110150496317,53.23043351321446,81.23775216138328,44.77008533421168,5963.652169408575,441.405303030303,0.4333730317253014,0.2740380541138219,A,grading/data_processed/onion/A/Onion_Red_2_r2_136__100.jpg,ffc38101008083ff,0
7255.0,323.56348872184753,1.0526315789473684,0.8708197335275526,0.9840623940318752,18.718593644354293,42.34120618052056,164.99121027721432,46.765382544707016,96.18025693035835,54.251694392812425,1956.887762559557,392.9427963849016,0.3375387430791955,0.2064956708823718,A,grading/data_processed/onion/A/Onion_Red_2_r1_258__100.jpg,efc1c1808081c1e7,7
5545.5,299.11983716487885,1.2195121951219512,0.7788613305175647,0.9590142671854734,36.08940222183036,62.35023130847516,157.89525656850645,55.67550862855006,73.43519661435373,40.74221451408679,7298.135322486614,398.7209903917221,0.4519702539390194,0.2924846443463675,A,grading/data_processed/onion/A/Onion_Red_2_r2_141__100.jpg,ffc38101008083ef,6
6664.0,353.36247956752777,1.0,0.6706624404676633,0.9252985281866148,76.79518779342723,84.50490485160671,114.93456572769954,42.24974097816705,87.74046361502347,50.527873530764616,4370.86457184,440.84838383838394,0.4334867557412806,0.3053688301652383,A,grading/data_processed/onion/A/Onion_Red_1_42__100.jpg,ffe78506000181e3,12
3590.5,293.6639952659607,1.7241379310344829,0.5231947640115829,0.8926041019266625,30.192628463814906,51.54158380293184,86.03551251008878,55.74611756870629,47.607210115684694,27.416017612512313,11540.908765487517,252.99860675722744,0.5075031161897703,0.3467771666234273,A,grading/data_processed/onion/A/Onion_2_r1_282__100.jpg,ffc78300008187ff,0
4415.5,279.17871391773224,1.4705882352941178,0.7119100904610434,0.9325237592397044,18.21031746031746,40.306681903526304,153.25903880070547,64.1263816189146,58.35978835978836,33.17738927399353,12110.85353598616,289.63695781342835,0.4470218039543137,0.3183825011666065,A,grading/data_processed/onion/A/Onion_Red_2_r2_310__100.jpg,ffe1810000e0e1ff,59
4166.5,333.4629830121994,0.7,0.4708537010643471,0.8177625122669283,40.865893271461715,59.46258252650872,71.28793503480279,54.189158410510345,55.61020881670534,32.801919581979625,11147.025122428571,516.2589855072464,0.4761820719240504,0.3656713161394738,A,grading/data_processed/onion/A/Onion_2_r0_241__100.jpg,f3c3c3c1c1c1e1e3,50
6151.5,336.91882729530334,0.95,0.6809893681368339,0.922263868065967,75.35547433656444,83.53106434314492,117.1816303829652,44.25987819828295,80.76990306689973,46.351137064169336,5065.343206770083,433.8889361702128,0.4484045379655129,0.3247631898327588,A,grading/data_processed/onion/A/Onion_Red_1_108__100.jpg,ffe78381000181c7,4
4996.0,284.04876935482025,1.069767441860465,0.7781198056798075,0.9492684780543416,146.85474095796675,48.70065178584322,95.43440860215054,43.59953443052319,65.68035190615836,37.93312625556108,7115.172624843322,370.8880654229492,0.5345636332997215,0.3395627533686871,A,grading/data_processed/onion/A/Onion_Red_3_r_58__100.jpg,efc38381808183ef,8
6994.5,314.9777021408081,0.979381443298969,0.8859453189473564,0.9874355897508292,144.58415147265077,53.58734335024923,110.40420757363252,41.31221573375218,92.13969144460027,53.319180831151975,1895.7904050256593,365.6186663742049,0.4129230413123278,0.2113721040451066,A,grading/data_processed/onion/A/Onion_Red_3_r2_79__100.jpg,ffc78b83018181c7,11
6740.5,403.40410816669464,0.9896907216494846,0.5205007309818933,0.9358556056924678,148.64246456465142,48.08134525076027,113.662568701186,38.335157346780136,89.55365924211745,51.889379947059645,1460.7412125635472,453.7527943570266,0.4414979321022654,0.2416395613120109,A,grading/data_processed/onion/A/Onion_Red_3_r_88__100.jpg,ff9f8f01008181e3,13
6742.0,319.5634891986847,1.1111111111111112,0.829629723609914,0.9744182685359156,20.530377906976742,9.237952958160523,125.36031976744188,50.8743432722833,89.06438953488372,52.35501085977679,5588.855416839505,421.8223344556678,0.4182246433058018,0.2241834911307565,A,grading/data_processed/onion/A/Onion_White_1_33__100.jpg,ffc78f0c000181e7,2
5639.5,369.9482655525207,1.0416666666666667,0.5178076638341745,0.8311104561196669,34.86396551724138,11.341346912598748,52.96913793103448,27.922539022512524,74.88603448275862,43.54076106282293,2486.0178089843753,366.9324494949495,0.6115655988788652,0.3825716845194575,A,grading/data_processed/onion/A/Onion_White_2_r0_74__100.jpg,ffdf8f07010181e3,23
5775.0,417.1614682674408,0.94,0.4170167294164114,0.8118366486258523,18.86400268636669,12.191580194214378,139.17813969106783,50.69774070233967,76.97766957689724,44.898901489292776,3961.6971460389314,411.9149462365592,0.4864134437756985,0.3498580225057959,A,grading/data_processed/onion/A/Onion_White_1_r_25__100.jpg,ffcf8f8f818181c3,58
4933.0,335.4213538169861,1.3333333333333333,0.5509847319313942,0.8808142130166949,30.442235780358196,44.467027463403994,96.74906514465656,52.1051218527939,65.30053139145838,37.34455307371864,6845.236259982223,412.2331313131313,0.4834758842401143,0.3097299205036262,A,grading/data_processed/onion/A/Onion_2_r1_58__100.jpg,ffe1c00000c0e1ff,54
6760.5,327.806129693985,1.0212765957446808,0.7905958688338784,0.962965600740688,82.98333816285135,85.44930179032565,116.68125181106926,39.0696254803645,88.92132715155027,51.44438847784716,3590.518749928776,304.4414333706607,0.4323011064477142,0.2206246260636241,A,grading/data_processed/onion/A/Onion_Red_1_r_72__100.jpg,ff9f8d01010183c7,16
6642.5,316.29141092300415,1.0869565217391304,0.8343852727196558,0.9777009125699146,19.722443559096945,17.621020303867517,124.67920908956764,55.74558901904726,87.65456691751513,51.270651469464426,5270.159833601134,405.6504172156348,0.4301640849201738,0.25117610423729,A,grading/data_processed/onion/A/Onion_White_1_14__100.jpg,ff878f0d000183ef,14
5165.5,303.320848941803,1.2820512820512822,0.7055336049123879,0.9338334990508904,30.66729607250755,53.300106873145495,92.9380664652568,54.08251794543982,67.9529833836858,38.6514151182884,6244.361794855358,435.5698005698006,0.4513195788266314,0.3094963283513776,A,grading/data_processed/onion/A/Onion_2_r2_194__100.jpg,ffc38100000383ff,0
4376.0,297.7644991874695,0.68,0.6202136802742929,0.899486125385406,38.25477141588993,52.67433701051317,86.05814469596095,54.516953890043254,57.90745672436751,33.46573264926227,9308.961763646195,473.9825373134328,0.4628525721323983,0.3193654950797572,A,grading/data_processed/onion/A/Onion_2_r0_324__100.jpg,cfc3c183818183c7,3
7356.0,321.70562505722046,1.020408163265306,0.8931703040055594,0.9888425863691356,27.737221406646203,53.2770277959596,142.32843987721873,54.24802871970171,96.542639797144,55.25400819794392,2925.889062224073,392.6973819830963,0.3601298776155101,0.2213795109397217,A,grading/data_processed/onion/A/Onion_Red_2_r1_86__100.jpg,f7e1e1e0808181c7,7
6587.0,316.8771985769272,0.9583333333333334,0.8243574128543979,0.9770822517243936,87.89601309134186,84.52136123361187,119.8021422195775,46.781520803164995,86.53927402558762,49.343976805268014,5371.481076665797,497.6837225274726,0.3503523723738662,0.2223321302273667,A,grading/data_processed/onion/A/Onion_Red_1_r2_63__100.jpg,ef838381808181e3,3
3888.0,323.22034299373627,0.63,0.4676691761273128,0.8177516037438216,44.16463868885026,63.0198762591004,79.18077973677676,55.06917426200502,52.114228954556744,31.061109352361825,11995.759530839005,467.8585483870969,0.4564967811094224,0.3368733825318954,A,grading/data_processed/onion/A/Onion_2_r0_258__100.jpg,f3c3c3c18181c1e3,50
6976.0,316.39191603660583,0.9690721649484536,0.8757206260604233,0.9865648423136756,145.69952193475817,51.796289240389505,116.40396512935882,40.81628158646313,92.24831271091114,53.53949673723434,1557.5475118190343,362.0363596053653,0.3928850647430016,0.2071434671953886,A,grading/data_processed/onion/A/Onion_Red_3_r2_69__100.jpg,ff878701010181c7,11
4391.5,306.14927649497986,1.3888888888888888,0.5887843749424423,0.9244290074728976,32.91266858279903,46.3978519826376,86.04244970152554,52.93933773589721,58.273491045766086,33.919722539815524,8394.122549305555,362.28998316498314,0.5086475884114889,0.3586716645325164,A,grading/data_processed/onion/A/Onion_2_r2_86__100.jpg,ffe1c10080e0e1f7,59
4559.5,276.14927637577057,1.4492753623188406,0.7513447653413403,0.9572748267898384,16.51005132591959,34.12150121373118,154.98930710008554,64.35837739637242,60.07442258340462,34.429904557400235,12187.255469439197,291.5994729907774,0.4312500759716808,0.3088003344758185,A,grading/data_processed/onion/A/Onion_Red_2_r2_36__100.jpg,ffe3c18000c0e1ff,59
6017.0,364.5340504646301,1.098901098901099,0.5690018430219045,0.8900887573964497,34.931336032388664,10.389272624414602,48.97344129554656,29.87142662551154,79.64307692307692,46.33910799533997,3255.2392168095644,435.16539016539014,0.5931488253602107,0.3088094706602811,A,grading/data_processed/onion/A/Onion_White_2_r0_161__100.jpg,ffdf0f05000181e7,13
7259.5,324.49242174625397,1.0315789473684212,0.8663780809728456,0.9812124079205244,13.892041615997838,30.858995936663717,169.4227807053101,46.18095640980218,96.6269423050939,54.25161319082463,1883.9954239865424,376.1237113402061,0.330936910139436,0.1904975262070368,A,grading/data_processed/onion/A/Onion_Red_2_r1_261__100.jpg,ff81c18080c1c1e7,7
6558.0,311.220343708992,1.1111111111111112,0.8508349482327591,0.9781490044000298,16.5891496039456,15.417759376087483,144.0443879838589,50.28008210236061,86.45060529068898,50.12229912904885,5417.846372728395,480.6548821548822,0.386782479569749,0.2437669486627237,A,grading/data_processed/onion/A/Onion_White_1_168__100.jpg,ffc38d09000081ef,2
6198.0,311.42135405540466,1.2048192771084338,0.8030908144268746,0.968361846730724,27.20287338174929,55.762881412575496,156.31812440795704,52.27240347178511,81.28039153773287,46.27745777697266,4536.946976106837,327.8583424607521,0.3725678156859872,0.2222947565350778,A,grading/data_processed/onion/A/Onion_Red_2_r1_228__100.jpg,ffc0c101018183ef,8
5776.5,379.1198387145996,1.1235955056179776,0.5050351664557629,0.8747633830544408,34.323291820935715,10.02618547716324,51.45725345001683,29.0503533486769,76.46179737462134,44.331662904909265,3495.4686968312076,371.204630575417,0.607592297551792,0.3211856324567978,A,grading/data_processed/onion/A/Onion_White_2_r0_178__100.jpg,ffdf8f00000181e7,13
3936.5,278.9777023792267,0.65,0.6355959679148694,0.9132351235355528,22.847557967439567,45.60833611677656,148.25505673408978,57.30577387680383,51.94770596941292,29.95076091429431,15642.272508284022,341.22765624999994,0.4803084672056442,0.3546722360427037,A,grading/data_processed/onion/A/Onion_Red_2_r0_60__100.jpg,efe7c381818183c7,3
4583.0,277.42135298252106,1.4492753623188406,0.7483072455922931,0.950632648828044,75.37367077839217,82.48846439909083,156.77307528711188,58.63084969365467,60.551042109740536,34.46130141435365,11026.472772442765,277.5565802957107,0.4822037716252015,0.3051279678921243,A,grading/data_processed/onion/A/Onion_Red_2_r2_210__100.jpg,ff878100008387ff,0
5573.0,376.3330413103104,0.979381443298969,0.4944862350096074,0.8332834928229665,36.07342169515173,12.244373218995142,54.3789675619114,27.040615576154224,74.11109173351936,43.02993384361971,2611.025989791703,435.6923667470938,0.5636977757824791,0.3604831686694849,A,grading/data_processed/onion/A/Onion_White_2_r1_58__100.jpg,ff9f1f01010183c7,13
5604.5,379.7472541332245,0.979381443298969,0.4883795304719276,0.8364925373134329,35.75186405410092,12.026976191618358,52.901508583318886,26.050384205069214,74.42292353043177,43.209611030833905,2541.9190277947473,455.0467207720991,0.5696937019941971,0.3563419902574946,A,grading/data_processed/onion/A/Onion_White_2_r1_56__100.jpg,ff9f9f01018183c7,16
4075.0,330.39191603660583,0.68,0.4691142786831525,0.8063718215098447,51.34471313418682,68.29009743760582,71.58202939781887,53.499906094023,54.44167852062589,32.1454145981371,11379.242421604671,534.275223880597,0.4740687806624242,0.3576586569042375,A,grading/data_processed/onion/A/Onion_2_r0_245__100.jpg,f3c3c3c1c1c1c1e3,50
7106.5,349.9482650756836,0.9595959595959596,0.7292189312615549,0.963397275130482,15.680722061457905,12.085983537680686,142.9692710486427,44.55971146480469,94.23315419594874,54.88275991068749,3401.9875429750086,458.9031807436063,0.3459125194532225,0.2145483249910685,A,grading/data_processed/onion/A/Onion_White_1_r_101__100.jpg,ffd79701018181c3,84
7265.5,319.80613005161285,0.95,0.8926923293399381,0.9895804957777172,25.35985411319735,48.43006232986279,155.48804538700526,53.54727610565612,96.7326759421856,53.37778716212089,2480.0773093739613,410.35904255319144,0.3506885198087361,0.2057180146199111,A,grading/data_processed/onion/A/Onion_Red_2_r2_118__100.jpg,f7e1c180808181e7,7
5191.5,350.29141080379486,1.2658227848101269,0.5316719463694275,0.8815588385124808,32.04136253041362,48.11138711048676,98.80142242186038,52.468516462372406,68.74452554744525,39.454132074886225,6106.719613843936,445.8094872778417,0.4747175401244841,0.3105066044537911,A,grading/data_processed/onion/A/Onion_2_r1_52__100.jpg,ffe1c08000c0e1ff,5
3921.0,342.39191591739655,0.66,0.4203003019283391,0.7918812481066344,39.27567567567568,54.215705069108225,76.99361179361179,51.480789656555984,52.46879606879607,31.362051346235333,13662.71115645087,436.4076923076924,0.5016658244532105,0.3628822979013684,A,grading/data_processed/onion/A/Onion_2_r0_92__100.jpg,c7c3c383818183c7,3
6864.5,339.94826459884644,0.94,0.7464369272475868,0.9714144201514188,96.40385164051357,84.51692863710142,118.7318116975749,45.080805253247526,90.49286733238232,52.048918260264614,5038.998735977819,655.507311827957,0.3769821223598932,0.2369336112318061,A,grading/data_processed/onion/A/Onion_Red_1_r2_74__100.jpg,e7c3c7808181c1e3,45
6136.0,328.87719690799713,0.94,0.7128984829923278,0.9306840588502958,144.67357017683608,49.91358494728379,97.11836864744303,40.670842394473986,80.78859327704318,46.2773059871795,4842.473516296967,435.6518279569892,0.4748087909268033,0.3181260164320191,A,grading/data_processed/onion/A/Onion_Red_3_51__100.jpg,ffe78101010183c7,8
4282.0,367.2203426361084,0.75,0.3990277175439263,0.7759354897164085,41.207292370020255,51.800027729454506,75.91582264235876,51.896641764558616,57.05266711681296,33.48767892948591,9434.828389048893,440.12608108108105,0.5272969998065948,0.3888313388608879,A,grading/data_processed/onion/A/Onion_2_r0_76__100.jpg,cfc3c383838383cf,26
5526.0,308.73506212234497,1.25,0.7285323430844559,0.9397160105433212,14.09312599399187,35.07964311568902,169.08800141367732,53.169139958691765,73.5273016433999,40.39988866378169,7380.897208984375,375.8309343434345,0.4149639243960855,0.2775641252497348,A,grading/data_processed/onion/A/Onion_Red_2_r1_281__100.jpg,ff018080c0c0e1ff,71
5437.0,304.3919154405594,1.0229885057471264,0.7373997227572585,0.9495284666433812,136.25758936590623,59.97583582755208,87.07472606430753,42.567557257080026,71.69822166337345,41.459061535894975,7258.41315314667,377.8855799373041,0.425088781685182,0.2685508161553745,A,grading/data_processed/onion/A/Onion_Red_3_r2_153__100.jpg,ff830301010183e7,8
6557.0,333.22034299373627,0.9591836734693876,0.742082232539708,0.9507032042917212,89.64512759289659,84.90732688112396,112.39098641993732,43.49169090037184,86.38576331890762,50.18578794557029,4514.615962827375,355.009874917709,0.4397952209443946,0.2569178956022457,A,grading/data_processed/onion/A/Onion_Red_1_r2_172__100.jpg,f7c38781818181c3,3
6732.5,319.26197266578674,0.95,0.8300262752889882,0.9724127969957392,20.340227206524904,12.444301946039426,128.62394407224002,50.83376926625172,88.77978444509175,51.7262239864848,4982.736890459833,437.33138297872335,0.4295535518533441,0.2623623612509556,A,grading/data_processed/onion/A/Onion_White_1_r_38__100.jpg,ffcf8d81818181c3,16
5422.5,302.1492749452591,1.180722891566265,0.7463908587557591,0.9572777826816136,113.93047550432276,82.27529126360882,119.42182997118157,44.683714923449934,71.6860590778098,41.469659669279295,7980.411631602912,324.78139361569987,0.4500606901225579,0.3032938630888149,A,grading/data_processed/onion/A/Onion_Red_1_r2_123__100.jpg,ff838301018383cf,8
5884.0,308.53405034542084,1.1494252873563218,0.7767411739237116,0.9598694942903752,26.88543398736282,52.65564456503114,160.5874625872963,56.48083790686546,78.13984037246425,43.15053463033485,6670.986781278901,424.6703819807268,0.4432591832007554,0.2924377066865576,A,grading/data_processed/onion/A/Onion_Red_2_r2_138__100.jpg,ffc381010081c3ff,0
4864.5,325.60511815547943,1.1494252873563218,0.5765880350118937,0.8856622667273555,142.66813274690125,53.15037380092379,88.34806077568972,41.23406487354249,64.32626949220312,37.05257276328317,10252.554112551195,355.79670265877166,0.5625907580329786,0.4130530469948679,A,grading/data_processed/onion/A/Onion_Red_3_r2_133__100.jpg,ffc783810183c3ef,8
6829.0,313.9066352844238,0.9,0.8708953768769675,0.984786213858245,17.52333094041637,17.34269039342372,144.73912419239053,54.45951490443444,89.73050969131371,51.828815870959794,4181.704322913581,549.9358426966292,0.3669036291860645,0.2099032186312747,A,grading/data_processed/onion/A/Onion_White_1_r2_36__100.jpg,ef878d89818181c7,3
4491.0,275.220343708992,1.4492753623188406,0.7450610383263747,0.9563458262350936,13.442683456361268,25.91871779923072,152.2933130699088,64.71167344788827,58.99978289188016,34.02921084265389,12692.235779437096,296.7798272580882,0.4385293528234622,0.3188347152604011,A,grading/data_processed/onion/A/Onion_Red_2_r2_33__100.jpg,ffc3c10000c0e1ff,51
5644.0,341.362478017807,1.0777777777777775,0.6086467454721863,0.914526452240136,94.16580310880828,85.01827379412008,116.3077720207254,44.15791952406879,74.71986183074266,42.84723156956671,7990.02559939328,483.7340277777777,0.4564021383578789,0.3203945692229638,A,grading/data_processed/onion/A/Onion_Red_1_r2_85__100.jpg,ffc383810081c3e7,8
4300.0,325.70562493801117,1.4705882352941178,0.5093634774381633,0.891284070888175,35.52083802658257,57.193166606544864,78.48794773597658,54.25039587736322,56.91552151385447,33.0005676924817,9041.41663935986,355.0594177064766,0.4963142590708519,0.3333812890284766,A,grading/data_processed/onion/A/Onion_2_r1_133__100.jpg,ffc3810080c1e3ff,51
6800.0,317.22034418582916,0.91,0.8491740474208532,0.9764503159103964,20.978662053056517,39.06803363016599,92.67228950403693,50.72326955266467,88.99423298731257,51.02770773178957,2215.2585761502237,546.8795555555555,0.3723077314491894,0.2224282378378571,A,grading/data_processed/onion/A/Onion_2_r2_301__100.jpg,dfc18f81818183e7,28
7136.5,341.8061292171478,0.9494949494949496,0.7676008409046083,0.9730706299427324,14.921619766643788,9.654272384605164,144.68647906657517,45.40067018845071,94.44378860672614,54.93977763859246,3392.9163727692157,470.30368198110136,0.3445966354400852,0.2051705399645964,A,grading/data_processed/onion/A/Onion_White_1_r_105__100.jpg,ffc78703018181c3,12
5039.0,297.42135429382324,1.3333333333333333,0.7158300548214307,0.94327967053538,30.578366873065015,52.22668473655276,94.05127708978328,54.70198852581721,66.36455108359134,37.95680285130992,6579.915540195556,433.44215488215497,0.4381210543706929,0.2988647173257606,A,grading/data_processed/onion/A/Onion_2_r2_196__100.jpg,ffc38100000383ff,0
7347.5,322.2914113998413,1.020408163265306,0.888898133091904,0.9876335775253712,30.12945891783567,54.316816675149546,147.3739478957916,53.31616079560292,96.88630594522378,55.11140141549546,3037.0507684194085,394.56668728097304,0.3507492233096934,0.2215634596288662,A,grading/data_processed/onion/A/Onion_Red_2_r1_94__100.jpg,ffe1e0c0808181e7,5
6936.0,326.39191687107086,0.92,0.8181636091765719,0.9687827362245968,15.398756535255052,10.699002772042158,144.64575385050162,50.56108652995784,91.17493288116434,52.84742721100296,5024.143500519849,540.5212087912089,0.3713007325626635,0.2159546448824353,A,grading/data_processed/onion/A/Onion_White_1_r_133__100.jpg,ef87858d018181e3,47
6618.5,307.32084834575653,0.968421052631579,0.8806136043752629,0.9873937043115024,148.48422455932453,47.72084068564924,106.82002666271664,44.43520100318706,86.74996296844913,49.80601376523474,2516.7149571265495,389.2440717177559,0.3913967346642203,0.2124171943129996,A,grading/data_processed/onion/A/Onion_Red_3_r_113__100.jpg,ff870f01010181e7,11
6566.0,328.39191603660583,1.098901098901099,0.7651134334719393,0.9593804792518996,26.772510435301133,40.89454209895308,97.50641025641026,50.85065697610457,86.1608527131783,49.47132464190807,2837.4818869580968,514.2287712287712,0.4555972410014722,0.2516704221793643,A,grading/data_processed/onion/A/Onion_2_r2_6__100.jpg,ffc1bd800080c1f3,100
7270.5,325.320848941803,1.0421052631578946,0.8632773550356179,0.9823008849557522,15.460334592552618,35.6602691339723,167.71087425796006,45.86242803044968,96.56462493254182,54.37092535136893,2034.097683785447,407.7648764769066,0.3374840466390389,0.1960075473769668,A,grading/data_processed/onion/A/Onion_Red_2_r1_260__100.jpg,ffc1c18080c1c1e7,7
5635.0,341.36247849464417,1.0898876404494382,0.6076761873058202,0.91366031617349,94.15793115377964,85.126190006499,115.13855734302024,45.02974860078636,74.60698841030964,42.855871053267826,8181.470268234557,540.3913857677903,0.4518401132555673,0.3138305712370309,A,grading/data_processed/onion/A/Onion_Red_1_r2_86__100.jpg,ffc383010081c3e7,8
7207.5,318.634556889534,1.0526315789473684,0.8920901947413945,0.9875316845927246,19.141339869281047,44.294000822687934,157.59626906318084,49.95065094323679,95.47222222222224,54.07575620574267,2344.0077462493077,326.5594896331738,0.3501795471848987,0.2124193029128277,A,grading/data_processed/onion/A/Onion_Red_2_r1_250__100.jpg,ffe1e1808081c1e7,7
4397.0,274.24978029727936,1.4705882352941178,0.7346386157371942,0.947425123895712,14.174346477625166,29.49368108665348,150.47540983606558,64.92473364672912,58.03588834736376,33.427164374814026,12098.350336483563,299.8088235294117,0.447281920314399,0.3227914071753422,A,grading/data_processed/onion/A/Onion_Red_2_r2_30__100.jpg,ffe3c10000c0e1ff,59
6225.0,343.7056248188019,0.95,0.6621798189335063,0.9197695035460992,74.15361682096344,84.12096358725799,112.34144045190648,43.505550678462626,82.23081751137612,47.41774360086322,5542.911620210527,338.5830851063829,0.4633495707532482,0.316101639853342,A,grading/data_processed/onion/A/Onion_Red_1_135__100.jpg,f7e78385000181c3,4
6244.0,344.87719762325287,0.95,0.6596959176974165,0.923532021890253,75.74018457688096,84.20562031423184,112.83278585953389,44.21346666763285,82.47379946816831,47.70990054433244,5514.605884764543,371.03893617021265,0.4607961959638185,0.3140823632006395,A,grading/data_processed/onion/A/Onion_Red_1_133__100.jpg,f7e78385000181c3,4
6597.5,311.80612874031067,1.1111111111111112,0.8527465448109215,0.978494623655914,35.662457287178725,9.798285750490535,48.877432773733474,26.53288040693669,86.78888723815183,50.4274361077397,3263.046134802469,429.0824915824917,0.5200710925428499,0.2416908227540503,A,grading/data_processed/onion/A/Onion_White_2_r0_40__100.jpg,ffcf8f0a000081ef,2
6567.5,324.6345567703247,1.032258064516129,0.7831058167503022,0.9612851288056206,81.06366482779185,85.22877396514984,116.50439838974206,39.665912520824016,86.37662144028627,50.1655417550722,3781.416960484754,354.51703452178833,0.4414390551998667,0.2341490347030772,A,grading/data_processed/onion/A/Onion_Red_1_r_71__100.jpg,ff8f8d01010183c7,16
4323.5,277.6639939546585,1.492537313432836,0.7047031206588634,0.93744579358196,56.70914002701486,75.78653195746774,147.60063034669068,61.909629564639914,57.45339936965331,32.6262064944464,14377.560430296282,284.6212875018846,0.5120959570138292,0.3237402163627491,A,grading/data_processed/onion/A/Onion_Red_2_r2_166__100.jpg,ffc70301000387ff,0
5400.5,297.66399443149567,1.2658227848101269,0.7659337800795802,0.9553334512648152,22.777898354132756,46.76136928378007,167.25755109423042,55.815471313866816,71.23783686019172,40.18561168631326,6681.663670485499,349.8736734432938,0.427961450046822,0.2845955451173144,A,grading/data_processed/onion/A/Onion_Red_2_r2_289__100.jpg,ffc10000c0c1e1ff,51
5007.0,319.2203423976898,1.36986301369863,0.6174564579404477,0.9360628154795289,41.50563763608087,63.33073385032879,85.326399688958,54.936965460188624,66.35206065318818,38.54301544118709,6225.601013529744,414.05548637055495,0.4628154038192839,0.2821755014887465,A,grading/data_processed/onion/A/Onion_2_r1_316__100.jpg,ffc381000003c7ff,0
6021.0,423.78888380527496,0.95,0.4212882724673205,0.8616815742397138,19.260077394388908,8.556859684256521,134.9363108674621,49.23828340356977,80.03208642373428,46.533854854958264,4189.708360376731,428.8612765957446,0.4804382743871999,0.3295734722455183,A,grading/data_processed/onion/A/Onion_White_1_r_31__100.jpg,ffcf8f0d818181c3,58
6240.5,460.51680648326874,0.91,0.3697756276443474,0.875859649122807,21.00170860515688,18.90210790675553,129.5613544579062,48.97821323821698,84.11074867971419,50.000295178052966,4044.150162287163,592.499888888889,0.4415005558168113,0.2740069387244341,A,grading/data_processed/onion/A/Onion_White_1_r2_168__100.jpg,ffdf9b01000181c3,4
5794.5,340.14927446842194,1.1235955056179776,0.6293420251548654,0.8899554599907848,33.93925626787818,8.44099464694577,52.7575298670705,30.85409258975241,76.56335184250379,44.63219648212112,3112.2683207170808,379.3528543865623,0.6030190547843443,0.3209588414499236,A,grading/data_processed/onion/A/Onion_White_2_r0_190__100.jpg,ffdf8f01000081e7,13
4336.5,288.977702498436,0.67,0.652560146683167,0.9271969211032712,51.708679076026016,73.43515381091015,150.25476564252074,57.52867121846251,57.681767212379455,32.529254098545735,13409.858524816216,383.6743939393939,0.4897257030599997,0.3143430773023861,A,grading/data_processed/onion/A/Onion_Red_2_r0_246__100.jpg,fbe7c3818181c1e7,26
7273.5,321.4629839658737,0.96,0.8844868159940157,0.987844628548146,24.84428552152206,47.30414501294479,157.88274187019294,53.802729048262755,96.98569693698556,53.26326222077019,2355.6728305555553,416.7933684210526,0.350765141327382,0.2116235093161695,A,grading/data_processed/onion/A/Onion_Red_2_r2_117__100.jpg,f7e1c180808181e7,7
4480.0,314.73506104946136,1.4705882352941178,0.5683261340348447,0.9184091840918408,35.63149913344888,56.51512845577748,79.0363951473137,53.69203352411577,59.25064991334489,34.40068403345044,8908.265512954153,360.2736185383244,0.4788864939814696,0.3077477463624207,A,grading/data_processed/onion/A/Onion_2_r1_136__100.jpg,ffc3810080c0e3ff,59
5390.0,340.6761860847473,1.1149425287356325,0.5835997215067193,0.9013377926421404,95.96476328153234,84.85206213339998,115.31297434044092,45.33505734779194,71.41470907119624,41.109748576504614,8898.74096932938,538.4305555555554,0.4622135422644035,0.3286837041823081,A,grading/data_processed/onion/A/Onion_Red_1_r2_90__100.jpg,ffc383810081c3e7,8
4719.0,315.2203423976898,1.2987012987012987,0.5968035097065685,0.9168447639401592,32.81211372064277,46.96829499784699,86.18294190358468,51.08520627221007,62.38875154511743,35.85911700416756,7081.319727087199,361.4123048668503,0.4952072990031004,0.3563512079735885,A,grading/data_processed/onion/A/Onion_2_r2_93__100.jpg,ffe1c10080c0e1f7,5
3855.0,307.7644990682602,0.56,0.5114429567989585,0.8703013884185574,32.53558897243108,50.08968509557583,75.53333333333333,51.5776638204913,51.4218045112782,30.685808166136045,13158.823315178572,473.8836363636363,0.4355273319141109,0.2653961019101277,A,grading/data_processed/onion/A/Onion_2_r0_116__100.jpg,e3c3c3818181c1e3,50
4521.0,285.0782082080841,1.3888888888888888,0.6990630220485762,0.9314927371999588,29.453801421494724,41.4802689962787,92.54706009045876,58.50163043903531,60.09799698470816,35.83904722389904,7872.75236103395,355.25631313131316,0.5219750334783767,0.3448687229892208,A,grading/data_processed/onion/A/Onion_2_r2_33__100.jpg,ffe3c18000c0e1ff,59
7039.5,333.46298384666443,0.9696969696969696,0.7955297280819739,0.9661679934120232,15.190588890435752,11.958057494918924,148.57580398162327,49.01558346433212,92.65557566476404,53.78727661317456,4126.297755798285,444.5744816586922,0.384481181266859,0.2298644949056837,A,grading/data_processed/onion/A/Onion_White_1_r_121__100.jpg,efc78b8d018181c3,3
6701.0,328.3919150829315,0.96,0.7808445244401435,0.958518094693177,23.37775829314628,46.49113638959492,84.79131959666813,50.64516684538359,87.8588338448049,50.46485304818248,2332.0949207899303,500.97663157894755,0.4182398084227257,0.2753405546820729,A,grading/data_processed/onion/A/Onion_2_r2_294__100.jpg,df838301010383c7,46
6882.5,337.1198385953903,1.0206185567010309,0.7610049180125352,0.9621836991472108,16.142308239647075,14.09162969899843,138.8131492813434,52.39151261547805,90.73502205777714,52.58028430212665,4055.389225630433,472.8814432989691,0.3908272954115111,0.2535244501613805,A,grading/data_processed/onion/A/Onion_White_1_r2_77__100.jpg,ff8f9d09010181e3,18
6494.5,317.806129693985,1.1235955056179776,0.8080366255700204,0.9709949914031548,17.582566732016286,14.844636235377108,128.52495852812547,57.509527407444544,85.40461468858392,49.748990540901616,5167.302736220174,427.16649642492337,0.4151670771634387,0.2432406947742277,A,grading/data_processed/onion/A/Onion_White_1_3__100.jpg,ffc3870f000183ff,90
6304.5,301.6639952659607,0.978021978021978,0.8705897625922635,0.9798725520671432,64.84366744366744,80.96161640024128,117.05641025641026,46.185078373297216,82.71810411810412,47.229013775125296,5733.648217489332,495.57205294705295,0.3172251234421021,0.1900536018442704,A,grading/data_processed/onion/A/Onion_Red_1_r_173__100.jpg,ff8f8101010181e7,18
3584.5,328.2914105653763,1.6666666666666667,0.4179452644486032,0.8356451800909197,31.97798657718121,50.24458886328007,80.7275167785235,52.0584401335232,48.02765100671141,28.42262144698255,13092.314816416663,300.66498316498325,0.5142649148494965,0.3641159622556018,A,grading/data_processed/onion/A/Onion_2_r1_89__100.jpg,ffe1c00000e1f3ff,75
6596.0,311.7056243419647,1.1111111111111112,0.8531025373969932,0.9784898383029224,20.2666468489893,11.63410943354365,122.2294887039239,50.56076986245959,86.76649821640903,50.45576488933165,5575.505656839507,448.7514029180696,0.3923942505513548,0.2400887468949592,A,grading/data_processed/onion/A/Onion_White_1_72__100.jpg,ffc38d0c000181ef,2
7132.5,349.60511887073517,1.0416666666666667,0.7333243037491768,0.9759852216748768,26.202828893161215,51.57854451235825,147.91527053007417,55.08822257183721,93.8510024718484,53.30495990079153,2629.841311968316,402.6063762626262,0.3645108956241976,0.2265358165370965,A,grading/data_processed/onion/A/Onion_Red_2_r1_77__100.jpg,f7e1c1c0808181e7,7
4325.0,288.87719798088074,0.67,0.6512825617485944,0.923947874385815,48.753711201079625,71.99595023124374,150.8364822312191,58.01145457992844,57.48268106162843,32.42722627204013,14257.49816642905,368.8795454545455,0.4817595742000177,0.3151433201148955,A,grading/data_processed/onion/A/Onion_Red_2_r0_249__100.jpg,f3e7c3818181c1e7,26
5596.5,388.232536315918,0.94,0.4665976141331668,0.8593474088291747,34.68483165567511,10.3897966652887,54.0626518569941,36.081924943800615,74.30423464074974,43.07645922351858,3044.542919409235,473.05569892473113,0.5773758134066017,0.3707241837207568,A,grading/data_processed/onion/A/Onion_White_2_r1_168__100.jpg,ff9f9b01010183c7,16
4420.5,285.3208485841751,1.4285714285714286,0.6823610753157735,0.9274100493024232,31.085424922941435,43.52293021700314,92.50242184059886,58.15902271187563,58.963232056362834,35.640805716062836,8451.216905285715,396.1160173160174,0.5230881452983521,0.3407452288720796,A,grading/data_processed/onion/A/Onion_2_r2_38__100.jpg,ffe1c10000c0e1ff,59
6382.0,307.0782070159912,1.021978021978022,0.8504889424687372,0.9803379416282642,85.51082118188795,83.67847501863226,118.71757482732156,45.20747487701053,84.17114351496546,48.19736887087647,5915.92770197255,408.4630912565696,0.3265737404892642,0.2138052453207409,A,grading/data_processed/onion/A/Onion_Red_1_r_11__100.jpg,ffc38180008181ef,0
4004.5,267.86500430107117,1.6129032258064515,0.7013361189698635,0.9361776738749268,51.60616355253579,73.84720251277555,153.76607619509826,61.624892662339064,53.14850764377578,30.55985376758292,12841.850383350677,246.905669599218,0.510998593924966,0.3224856976558676,A,grading/data_processed/onion/A/Onion_Red_2_r2_193__100.jpg,ffc78300008387ff,0
7080.5,339.11983728408813,0.96,0.7736907432043467,0.9651717557251908,14.799197342928316,9.78046904692347,147.14517021865487,49.12784983263617,93.13520619983392,53.83661881599468,4093.534830457899,467.06926315789474,0.3805511856992657,0.232800676813135,A,grading/data_processed/onion/A/Onion_White_1_r_124__100.jpg,efc78b8f018181e3,41
7036.0,322.0487689971924,0.9693877551020408,0.852496113864682,0.9813794546342144,147.34513521048228,49.47224604452061,109.98870922776692,38.35229866823319,93.03749651519377,54.09724296933097,1661.7640953388536,347.09389926183235,0.4316405414790104,0.2164072627074126,A,grading/data_processed/onion/A/Onion_Red_3_r_85__100.jpg,ff9f9f01008181e3,11
4764.0,306.7350615262985,1.3888888888888888,0.6362895264221627,0.942899554675903,35.56576797385621,58.30621362361528,78.91625816993464,51.86657181287028,62.90584150326797,36.47226650548025,6406.815688580247,376.9490740740739,0.4750496418809389,0.3060879333193531,A,grading/data_processed/onion/A/Onion_2_r1_140__100.jpg,ffc3810080c0e3ff,59
3522.5,302.1492750644684,1.694915254237288,0.4848615579331589,0.8669702190499631,29.528203723986856,48.50555262028288,80.69277108433735,53.484838546213766,46.89923329682366,27.367128559452592,12715.54165685148,279.502482451635,0.5188565486598675,0.3673825578658706,A,grading/data_processed/onion/A/Onion_2_r1_94__100.jpg,ffe1c10080e0f3ff,59
4148.5,280.3502858877182,1.4705882352941178,0.6632831304261515,0.9155815493268594,29.027868852459015,40.437454765566635,89.21334894613584,56.65600343994351,55.05503512880562,32.46665039692918,9585.704492192908,315.30481283422455,0.5250038498014769,0.3610735148060699,A,grading/data_processed/onion/A/Onion_2_r2_66__100.jpg,ffe1c10000c0e1ff,59
6164.0,332.53405249118805,0.96,0.7004872649527006,0.9279638690252164,146.61718997779892,48.72827351227603,91.94148430066603,39.73231356006368,81.00063431652394,46.46823495389992,4027.648681901042,310.50905263157904,0.5002184489255793,0.329524344516166,A,grading/data_processed/onion/A/Onion_Red_3_117__100.jpg,ffe78105000181c7,4
7037.0,319.5634891986847,0.9591836734693876,0.8659306385409322,0.986403139893468,146.0433449477352,50.977059156447226,114.99052264808364,40.89650293107797,92.81700348432057,53.67022380636274,1641.4029536131484,384.8576914636822,0.3835914054074321,0.2088348887711285,A,grading/data_processed/onion/A/Onion_Red_3_r2_65__100.jpg,ff8f8701010181c7,18
4112.5,321.8061292171478,0.66,0.4990305712670301,0.8657894736842106,47.7944013173371,62.82474851001967,76.5777464126088,49.83843351649087,54.674900023523875,31.79993146937146,11079.364920087237,432.3216923076922,0.4776117675134842,0.3361443582537103,A,grading/data_processed/onion/A/Onion_2_r0_152__100.jpg,e3e383c18181c1e3,50
6847.5,314.1492750644684,1.098901098901099,0.8719062307777825,0.9849683544303798,74.6265215523414,82.11882461344648,121.30903623084636,44.27126796023684,89.83073177717313,51.13050180611327,4635.998275039246,411.33022533022535,0.3269248707580915,0.2179907664556024,A,grading/data_processed/onion/A/Onion_Red_1_r_2__100.jpg,ffc38180008181e7,7
7028.5,314.9777035713196,0.9393939393939394,0.8902518575539743,0.9883982562227536,148.61669458403128,47.20463938266278,111.18676716917923,41.780407746434975,92.59729201563373,53.35813282754703,1984.011911215168,383.99692577953454,0.3735298104637405,0.2094694488642973,A,grading/data_processed/onion/A/Onion_Red_3_r2_59__100.jpg,ff8f9f11018181c7,11
6443.5,340.09040081501007,1.0,0.7000723883613698,0.9324891461649782,144.19447396386823,51.8950048227982,95.07560346136329,42.211519881776965,84.9233338393806,48.860024574858045,5012.0215214400005,529.0941414141414,0.4703686910492184,0.3272821111012846,A,grading/data_processed/onion/A/Onion_Red_3_r2_13__100.jpg,e7c7c1810081c1e3,45
6764.0,316.8771970272064,0.94,0.8465088196579179,0.977456647398844,149.44629656471952,45.83149252469529,103.00246412523556,41.66030769913457,88.77373532396,51.14197813868265,2482.0042455409684,384.4907526881721,0.4697331614613365,0.2528603165632163,A,grading/data_processed/onion/A/Onion_Red_3_r_68__100.jpg,ef8f9901000183c7,38
4769.0,301.70562398433685,1.1111111111111112,0.6583705181268519,0.9375798682787772,52.93688725490196,76.17080894976893,116.55167483660132,49.81617951505288,63.099877450980394,36.57211002951746,13954.284208406956,418.5562491330282,0.4491156816224201,0.3118757926864791,A,grading/data_processed/onion/A/Onion_Red_1_r_157__100.jpg,ffc381018181c3e7,8
6752.5,367.94826447963715,1.0,0.626759519975121,0.924430145800534,24.56351273148148,37.90865322431148,105.75593171296296,48.146383622269504,90.00289351851852,52.67479985950262,1768.892641362353,379.1687070446736,0.4454505905935168,0.2496802714842508,A,grading/data_processed/onion/A/Onion_2_r2_334__100.jpg,fff9bf84000081f3,48
5860.5,416.57568180561066,1.098901098901099,0.4243817571935611,0.8758780451352564,35.86475749048171,10.5254007081832,52.247310048005296,28.891025633518712,77.85714285714286,45.07660847268483,3145.744565583867,508.43711843711856,0.5708023607484529,0.3223519095560058,A,grading/data_processed/onion/A/Onion_White_2_r0_50__100.jpg,ffcf8f0c000081e7,13
6676.0,317.56348955631256,0.91,0.8318883855477778,0.9750967647703206,15.109496550711874,8.60548396430839,143.35623073535888,50.78197906655977,87.83692939967709,50.672567138526865,5794.972435985992,553.1519999999999,0.3881061436356375,0.2358498423746518,A,grading/data_processed/onion/A/Onion_White_1_r_141__100.jpg,ef8b8d01018181c3,3
5156.5,323.46298360824585,1.3333333333333333,0.6193208623288118,0.9383985441310282,39.23758262511804,60.78633164949743,77.9395656279509,52.18920807295814,67.90594900849858,39.06984898412513,5717.074318222223,436.4078114478114,0.4564096234573574,0.2799098748329527,A,grading/data_processed/onion/A/Onion_2_r1_145__100.jpg,ffc3810080c0c3ff,6
6631.5,337.8061298131943,0.88,0.73027525660109,0.9653541014629886,27.040867512540572,50.04632212434123,91.6664207730894,53.38222791261837,87.19548539392152,50.27210406391244,2079.55625504907,561.8481609195402,0.351542407520591,0.2121551393306436,A,grading/data_processed/onion/A/Onion_2_r2_152__100.jpg,fff98181818181c7,39
6188.5,365.11983835697174,0.93,0.5833435474488131,0.898055434624873,50.78052623286592,76.11084110953558,117.92122262486214,44.26738977968394,81.55963447297935,46.62702135655722,5679.319621181639,433.1297826086958,0.4249465175661997,0.303491020271825,A,grading/data_processed/onion/A/Onion_Red_1_76__100.jpg,ffe78381010181c3,4
6720.5,315.1198388338089,1.0869565217391304,0.8504718788435038,0.977314040572966,19.282025094835134,10.867358528939366,122.40779107090748,51.74395338575019,88.78669390137146,52.202796047306165,5235.8773458293945,442.0277777777778,0.4272731483253755,0.2430739782958365,A,grading/data_processed/onion/A/Onion_White_1_19__100.jpg,ff8b0f0f000183e7,14
6796.5,351.7472537755966,1.0206185567010309,0.6902934530373576,0.948040172966941,15.180561555075592,9.427130064559956,140.73102951763858,50.67571283033221,89.81886249100071,52.09631680339819,3594.0859097745633,470.8882810856302,0.3996148886628004,0.260983972458353,A,grading/data_processed/onion/A/Onion_White_1_r2_81__100.jpg,ff8f9b09010181e3,18
6210.5,347.1198374032974,0.95,0.647705466999462,0.9187809749241808,77.14119496855346,84.64005475548937,111.53364779874214,43.05899638533637,81.96352201257862,47.357886609027,5469.50976669252,350.54478723404253,0.4611142411952919,0.317363293660388,A,grading/data_processed/onion/A/Onion_Red_1_136__100.jpg,f7e78385000181c3,4
3629.5,296.83556723594666,1.6666666666666667,0.5176363781345562,0.8780694326841659,30.696381053751995,50.302296838863505,77.12879191059073,52.62480708348036,48.31612559872273,28.003442172231903,12751.54386775,267.1390572390572,0.5171598239178914,0.3609433105930786,A,grading/data_processed/onion/A/Onion_2_r1_106__100.jpg,ffe1c10080e0e3ff,51
6342.0,305.07820641994476,0.989010989010989,0.8562759233717568,0.975842437298046,63.72767995057152,80.25293935754378,119.64009885696632,45.579720040301126,83.33286994130367,47.64211406554729,6395.415591007825,534.8351648351648,0.3194639378353647,0.1931071815952375,A,grading/data_processed/onion/A/Onion_Red_1_r_176__100.jpg,ff8f8101010181ef,8
5527.5,298.9777021408081,0.9772727272727272,0.7770715623965978,0.9704178370786516,135.59858532272327,60.54304325367112,89.73474801061008,42.42128847233068,72.8999115826702,42.02290510524784,7756.972846177042,419.5092245989305,0.4050590696766975,0.2381898074715014,A,grading/data_processed/onion/A/Onion_Red_3_r2_156__100.jpg,ff830101010183ef,8
6095.0,335.7056243419647,0.95,0.6796202946770934,0.9192368599653118,146.28129507933963,48.5848283613748,93.4553614361276,39.57084520270041,80.16268632793717,46.158371585346345,4790.636694559557,321.6459574468085,0.5045301737466223,0.3301840269079801,A,grading/data_processed/onion/A/Onion_Red_3_124__100.jpg,ffe78301000183c7,4
6686.5,317.32084798812866,0.9387755102040816,0.834471484465897,0.9742114081736724,17.30436694021102,16.01403816062712,144.58367526377492,56.48565813760186,87.96072684642438,50.609638443090944,3892.99728677904,572.6575465350976,0.3785206220005649,0.2283681426440622,A,grading/data_processed/onion/A/Onion_White_1_r2_55__100.jpg,ff9f8f81018181c7,16
6062.5,356.4335457086563,0.94,0.5996591625190367,0.8982146825690792,70.4201126307321,82.55242570932857,113.64231697506034,44.77257785943882,79.79372485921158,45.8242077260475,5252.588772793119,428.6431182795699,0.4463665554431827,0.3245946002732251,A,grading/data_processed/onion/A/Onion_Red_1_99__100.jpg,ffe78381000181c7,4
5490.5,349.80613017082214,1.2345679012345678,0.5638543404624683,0.8920389926888709,29.574694311536415,45.96114992258003,99.30746057061846,51.99922223669964,72.51586035796562,41.30212960690045,5141.677487517147,496.13305898491086,0.4579728734733824,0.288916729779118,A,grading/data_processed/onion/A/Onion_2_r1_48__100.jpg,ffe1c08000c0e1ff,5
4034.0,281.90663599967957,1.492537313432836,0.637874380542484,0.910917918030936,31.18006740491093,52.38878977025468,80.94848338950409,51.35387291829678,53.565719788155995,31.466187913762695,10382.338004009804,346.4194180612091,0.513391387852355,0.36900053370173,A,grading/data_processed/onion/A/Onion_2_r2_246__100.jpg,ff878301000187ff,0
4527.5,348.29140996932983,0.76,0.4690107489453867,0.8230321759680058,42.610944848225735,52.29817150696722,77.4256092347157,53.06272074275606,60.1769987174006,35.02276620184078,9789.74225069252,465.98906666666664,0.5059713795506061,0.3666025034769342,A,grading/data_processed/onion/A/Onion_2_r0_64__100.jpg,cfc3c383838383c7,26
3984.0,331.22034311294556,0.65,0.4563469878984375,0.8186581732251105,47.20499151926339,65.4731092079906,76.8354737097165,55.26094953408791,53.420644535982554,32.126867788429315,11575.813319076924,562.5995312500002,0.4643423304291468,0.3421132018368975,A,grading/data_processed/onion/A/Onion_2_r0_256__100.jpg,f3c3c3c181c1c1e3,50
5385.5,312.83556711673737,1.162790697674419,0.6915182523770081,0.9187137495735244,29.036580948931547,42.80795412504986,83.86834480260775,49.3166620510987,71.00561390800435,40.89667908731756,4831.62281004597,412.4568945266619,0.4759142992398624,0.3460682449174673,A,grading/data_processed/onion/A/Onion_2_r2_105__100.jpg,ffe1c080c0e0e1f7,5
4612.0,286.24978041648865,1.36986301369863,0.7073084365620798,0.931811294070108,32.10179514255544,44.61843614093139,94.57233368532206,58.057436105654475,61.103062302006336,35.929273789141966,8443.008391743291,356.66555970665553,0.5194147433548327,0.3398915233036597,A,grading/data_processed/onion/A/Onion_2_r2_32__100.jpg,ffe1c18000c0e1ff,59
7144.0,316.3919178247452,0.93,0.8968102181565981,0.9907773386034257,28.13543956043956,52.3512314692335,157.31730769230768,51.54748293706571,95.91016483516484,51.99159543212024,2281.2484804601686,421.5555434782609,0.3760132093598525,0.2038667440716467,A,grading/data_processed/onion/A/Onion_Red_2_r2_125__100.jpg,ffe1c1808081c1e7,7
4434.0,282.7350620031357,1.4285714285714286,0.6970215657851387,0.9288781816277364,33.25933245498463,45.42744998569251,94.53513394817745,59.80191074248019,58.96815985946421,35.25141641217383,8024.920519102041,357.20303030303035,0.5186904696808993,0.3394388154898224,A,grading/data_processed/onion/A/Onion_2_r2_37__100.jpg,ffe1c10000c0e1ff,59
4434.0,311.7056235074997,0.72,0.5734773606839475,0.8966632962588473,49.52452912833991,62.452948128193555,78.38874288217258,55.34454851021396,58.8628996933859,34.39693249728766,8422.01871728395,497.05267605633793,0.4707644068588544,0.3472480155290042,A,grading/data_processed/onion/A/Onion_2_r0_185__100.jpg,f3c383c181c1c1f3,50
6051.5,343.4629831314087,0.94,0.6446337306455858,0.9054387671130396,146.32790322580644,46.7540068538929,90.57758064516128,42.1102329983933,79.5783870967742,45.7566633678619,4248.888033997283,371.3359139784947,0.4992220606847804,0.3273748314449574,A,grading/data_processed/onion/A/Onion_Red_3_139__100.jpg,ffe78301008181c7,4
6970.5,331.462983250618,1.0638297872340423,0.7972668853575204,0.9711598746081505,36.794601433994096,60.10871741969231,84.56516237874315,51.08188452795965,91.41684240123718,52.43585392847125,1985.032397057492,474.02826133677195,0.3613232099142528,0.2298551121260246,A,grading/data_processed/onion/A/Onion_2_r1_196__100.jpg,ffb3a300008081ef,1
3853.5,320.0071396827698,0.59,0.4728744959671674,0.829066265060241,44.73159739609414,63.267576589222976,81.98397596394592,56.393115882115985,51.56935403104657,30.491505704269827,11497.33068598104,502.99396551724146,0.4336802643646606,0.2989916416617544,A,grading/data_processed/onion/A/Onion_2_r0_266__100.jpg,e3c3c3c18181c1e3,50
3896.5,313.3208475112915,0.57,0.4987764724390484,0.8736547085201793,41.46676587301587,59.4807090464411,74.94915674603175,50.10647536293955,51.88789682539682,30.587020219271444,13526.465957863958,440.6285714285714,0.4254930032749052,0.2699057079777669,A,grading/data_processed/onion/A/Onion_2_r0_125__100.jpg,e3c3c3818181c1e3,50
5312.0,290.24978148937225,1.2987012987012987,0.7923628902410896,0.9649409627611264,67.12874747103182,80.91181206117378,156.79897002023174,51.80756486033489,70.0904910796395,39.36548298183799,7023.268977905212,281.5054440508986,0.4632353924152018,0.2815228206359922,A,grading/data_processed/onion/A/Onion_Red_2_r2_220__100.jpg,ff838100000387ff,0
4396.0,314.04876923561096,0.71,0.5601100384761944,0.8975091874234381,51.20242825607064,63.69399348812617,78.42560706401765,55.03605366482895,58.14878587196468,33.45923590910001,8867.0388433049,463.79114285714286,0.4599305557501283,0.3430547049848535,A,grading/data_processed/onion/A/Onion_2_r0_186__100.jpg,f3c383c181c1c1e3,50
6490.0,311.220342874527,0.9387755102040816,0.8420126324553358,0.9749868549538044,22.34183904574966,19.297906406278063,122.00181186773364,49.04209394436062,86.21093160199305,51.86391490639212,5993.119594139159,650.0143529939448,0.4321363291284782,0.251246879205245,A,grading/data_processed/onion/A/Onion_White_1_r2_154__100.jpg,ffcf8d81808181c3,58
4043.0,282.7350615262985,1.492537313432836,0.6355566531291645,0.9241142857142856,34.0598126351189,55.09149053389828,82.81719913523901,53.00986789091843,53.569300984866686,31.345887744916517,10093.02393430608,359.4293683099653,0.5077575436732922,0.36568827612921,A,grading/data_processed/onion/A/Onion_2_r2_240__100.jpg,ff878301000187ff,0
6023.0,362.6761863231659,0.94,0.5754195944099426,0.8949479940564636,65.47151181612172,81.55368066726824,112.72580123017156,45.10044095758326,79.25574619618,45.4144397429469,5815.255837754639,439.8609677419354,0.449548968908583,0.3276259037400429,A,grading/data_processed/onion/A/Onion_Red_1_92__100.jpg,fbf7c181008181c3,4
6010.0,507.73000943660736,0.9896907216494846,0.2929669769078836,0.8326983027364045,16.29656390494541,16.079898684182442,147.708734746307,55.63965869119437,81.01525369299935,47.231027921682234,3487.55574671414,521.0048833423764,0.4450959814102653,0.3139558240925376,A,grading/data_processed/onion/A/Onion_White_1_r2_66__100.jpg,ffdf8f80818181e3,11
6649.0,315.70562422275543,1.0869565217391304,0.8383040403867853,0.9791620646491422,19.64735367831343,16.575821128547002,123.8671679197995,55.66919271807601,87.74303405572755,51.312709136035906,5250.3814149220225,452.4000878348705,0.4276321313082685,0.2495319143987903,A,grading/data_processed/onion/A/Onion_White_1_15__100.jpg,ff870f1d000183ef,14
3847.0,315.76449847221375,0.56,0.4848478222834571,0.8496024734982333,38.35398896136478,55.90709697898831,74.52609131961867,50.46563362572663,51.09157049673858,29.571617747578564,12045.54294614158,397.1207272727273,0.4324872903311103,0.2677000603549607,A,grading/data_processed/onion/A/Onion_2_r0_110__100.jpg,e7c3c3c1818181e3,26
3811.5,270.14927542209625,0.64,0.6562936074005152,0.9126062492517658,28.708789808917196,52.4190030859298,153.5087898089172,57.454781880673906,50.58242038216561,29.150331140601487,16210.256871484373,353.3226984126984,0.4992940397587054,0.3643666784183864,A,grading/data_processed/onion/A/Onion_Red_2_r0_46__100.jpg,efe7c381818183c7,3
5862.5,357.11983704566956,1.1111111111111112,0.5776499901071762,0.8843717001055966,34.87767990693036,11.89023794630403,52.513046368622234,32.613023644878886,77.60794415821839,45.25864241619516,3155.255577666667,446.4262626262627,0.6029478999157116,0.3204238728883987,A,grading/data_processed/onion/A/Onion_White_2_r0_1__100.jpg,ffdf8f01000181e7,2
3745.0,311.5634878873825,1.6129032258064515,0.4848066540912832,0.865495724520453,30.76849703531838,51.86044322130826,76.41093065222995,52.47336690870777,49.78628512503222,29.1531316749592,11231.63310028616,311.6399478657544,0.5243595906778652,0.3602457978918721,A,grading/data_processed/onion/A/Onion_2_r1_116__100.jpg,ffc1810080e1e3ff,75
6100.5,352.2914105653763,0.93,0.6176908761518068,0.9024408284023668,61.32208539900848,80.7055915212806,111.917799456261,42.580184184974755,80.79769710538942,46.81222905604173,6290.795840571163,377.7567391304349,0.4684016965750818,0.3144012203585555,A,grading/data_processed/onion/A/Onion_Red_1_147__100.jpg,f7e78381010181c7,4
6736.0,357.7056235074997,0.979381443298969,0.6615465470559492,0.9328993836991898,23.8878246988826,37.18244696080075,106.7845015237266,48.68195269777049,89.3133072123059,51.79339890688553,1804.07683097076,391.6941215178766,0.4384216986377565,0.2370551595694089,A,grading/data_processed/onion/A/Onion_2_r2_332__100.jpg,ffd9bf84000181e3,48
4539.0,352.0487698316574,0.76,0.4602188306135526,0.8193880314107771,42.97144075021313,52.812186677008135,77.97975277067349,52.41788746976635,60.29880647911339,34.96137520838211,9358.580402337258,453.99520000000007,0.5111092051790667,0.3635640246228993,A,grading/data_processed/onion/A/Onion_2_r0_65__100.jpg,cfc3c383838383c7,26
5032.5,327.806129693985,1.054945054945055,0.5885176702768276,0.8730916030534351,33.33030537301894,15.932516825904012,65.69965210668728,46.055459877134965,66.85697719366061,38.831846274714714,1693.2510012749858,281.51139386928867,0.6047785149630006,0.3960876558149171,A,grading/data_processed/onion/A/Onion_White_2_r1_201__100.jpg,ff9f1f07010181c7,23
5930.5,387.6051185131073,0.9393939393939394,0.4960462459820483,0.8496418338108882,18.124282669290046,10.242155698827416,136.68421052631578,49.090928861854785,78.71929824561404,45.75825869529395,3881.569447403964,396.56774264382966,0.4848808725763351,0.3214273812706394,A,grading/data_processed/onion/A/Onion_White_1_r2_130__100.jpg,ff8f8f0f018181c3,11
5125.0,351.9898941516876,1.0666666666666669,0.5198084608385944,0.900149293053482,33.868006827233074,9.371427585379251,71.4830267399962,38.52100914355374,68.24198748340604,39.72604179066108,1847.560016383209,378.8218713450293,0.5466896598058413,0.3742453026119855,A,grading/data_processed/onion/A/Onion_White_2_r1_96__100.jpg,ff9f0707070181e3,18
3933.0,276.3919162750244,0.65,0.6469685008571868,0.912,21.75574215855767,44.403523110859496,147.57940232156088,55.78162517023119,52.19782662385774,30.250336693338284,15943.12336328994,375.54937499999994,0.4875938001648671,0.355209486496173,A,grading/data_processed/onion/A/Onion_Red_2_r0_58__100.jpg,efe7c381818183c7,3
4344.0,364.0487687587738,0.74,0.4118893354645127,0.7888142364263664,44.53231179213857,55.52882474195449,75.07705973795248,51.62471614411099,57.8885187652676,33.92299033137358,9850.999942731922,459.6505479452056,0.5135392572478051,0.3725614023201817,A,grading/data_processed/onion/A/Onion_2_r0_72__100.jpg,cfc3c383838383cf,26
4101.5,280.8355665206909,1.492537313432836,0.6535041701742014,0.91306767586821,31.62624348649929,44.24770991090358,91.85812411179536,59.937670958185535,54.5383704405495,32.44470310893248,9644.58731875696,340.5970149253731,0.5240838749186637,0.3577416773323758,A,grading/data_processed/onion/A/Onion_2_r2_53__100.jpg,ffe3c10000c0e1ff,59
5780.5,350.43354654312134,1.0,0.5915124931953266,0.8556731552068685,36.68600337268128,14.324164057023836,48.66576728499157,25.8218620224554,76.65716694772344,44.640701677661546,3205.51745719,469.88868686868693,0.5970993122900916,0.3926811231042357,A,grading/data_processed/onion/A/Onion_White_2_r1_44__100.jpg,ff9f8780018181c7,16
5851.5,395.26197254657745,0.9489795918367347,0.4706596918024882,0.8359882848774912,18.621617134318445,15.638115829149294,137.93159555039017,48.60238916626641,77.84177320272289,45.21187454101237,3788.2863241334526,388.5178571428572,0.4721322312244134,0.3227867037449597,A,grading/data_processed/onion/A/Onion_White_1_r2_128__100.jpg,ff8f8f0f010181c3,23
7376.0,334.0487701892853,0.99,0.8306365125627938,0.9826805222488676,18.136702127659575,36.253645213298256,157.64853723404255,56.79784992267835,97.49109042553192,55.60947536532525,2634.736629935721,380.9273469387755,0.3409020804915208,0.2242100065349537,A,grading/data_processed/onion/A/Onion_Red_2_r2_97__100.jpg,f7f1f1a0808181e7,55
4463.5,320.634556889534,0.71,0.5455879232526823,0.8901186558978961,50.38013475331449,62.71547710172885,78.38904585959574,54.229902559821845,59.54683764399043,35.53847631116723,9698.720960999804,499.51885714285703,0.4476845041498649,0.3336246210265394,A,grading/data_processed/onion/A/Onion_2_r0_196__100.jpg,f38383c18181c1e3,50
5378.5,351.9482659101486,0.9791666666666666,0.5456490174835088,0.828800369828184,34.008679927667266,12.44526230955434,55.56039783001808,39.88128025591418,71.14611211573236,41.23578376632213,2088.7809890233607,351.22300627240145,0.5918658390390074,0.3732961242187709,A,grading/data_processed/onion/A/Onion_White_2_r1_16__100.jpg,ff9f8f07018181c7,16
5668.0,355.3624782562256,0.92,0.5640226772928613,0.8627749448207627,34.466071121800375,8.306329656342053,56.05325545438928,32.17563543028438,74.92423982133654,43.58078627217753,2667.787650236295,442.501098901099,0.5865172389134161,0.3514975981801095,A,grading/data_processed/onion/A/Onion_White_2_r1_140__100.jpg,ffcf8f01818181c3,16
4659.5,279.6639938354492,0.7,0.7486452427137169,0.962706611570248,13.463067587361373,25.40799217611791,151.5626700146474,55.44501994336659,61.45532538187906,35.03013742078374,10474.961624489795,379.8297101449276,0.4414568612446689,0.2968769919178358,A,grading/data_processed/onion/A/Onion_Red_2_r0_160__100.jpg,e7e3c1818181c3e7,26
5899.0,356.87719774246216,1.1111111111111112,0.582037089041644,0.8909530282434678,35.31119920713578,9.383680988586878,50.144532540469115,32.778965971786995,78.01238850346878,45.32003451806478,3318.957456,403.1758698092032,0.5774914246248324,0.3152072172676532,A,grading/data_processed/onion/A/Onion_White_2_r0_145__100.jpg,ffcf8f0f000181e7,13
5709.0,382.19090509414673,1.0526315789473684,0.4911444162158477,0.8311858484385237,36.23591489361702,12.260110179349011,52.382127659574465,30.3028040929979,75.87097872340425,44.107771693012744,2517.4740491855955,364.051461988304,0.6000630658168398,0.3691705283127283,A,grading/data_processed/onion/A/Onion_White_2_r0_81__100.jpg,ffdf8f0f000181e3,13
5015.5,342.0071405172348,1.3333333333333333,0.5388324618667986,0.879064060993778,29.156570543835883,43.643550492591565,96.1389587768531,51.48132787449205,66.37720147087285,37.9468571855427,6148.80180472889,399.3466666666665,0.4684021033101963,0.2988121381360671,A,grading/data_processed/onion/A/Onion_2_r1_56__100.jpg,ffe1c00000c0e1ff,54
5331.5,348.4335460662842,1.1494252873563218,0.5518478513030205,0.8846760142703062,97.14324817518248,84.4927442034291,114.81240875912408,45.52385906129805,70.67864963503649,40.635582511632784,9645.239060523189,470.94276094276097,0.4915721137016984,0.3551747610198082,A,grading/data_processed/onion/A/Onion_Red_1_r2_91__100.jpg,ffc383010081c3ef,8
6917.5,315.948264837265,1.075268817204301,0.8708173688225209,0.9869453559708946,24.56545170897745,48.699423897662896,150.01914622039428,51.77782251003159,90.839880867962,51.35574275509123,3410.557408382472,400.73433257304225,0.3848623542583992,0.2278052608983757,A,grading/data_processed/onion/A/Onion_Red_2_r1_65__100.jpg,ffc1c1c0008183e7,7
5793.5,388.0904005765915,1.075268817204301,0.4833759895360683,0.8693075249456074,35.02415702063412,11.681282488461797,53.12363697366214,28.948814599659343,76.78678074148633,44.51598823918962,2748.707234362354,418.0818942109265,0.58794038210114,0.3452457002243222,A,grading/data_processed/onion/A/Onion_White_2_r0_62__100.jpg,ffdf8f0b000081e7,13
6729.0,314.8771985769272,1.0869565217391304,0.8528604329743766,0.9811183203324342,18.428238379717325,19.49015154374926,139.0227305842926,51.94744603023712,88.34503861285152,51.2172605022884,5355.741140725426,464.9110671936759,0.3848434577571567,0.2419019240014354,A,grading/data_processed/onion/A/Onion_White_1_149__100.jpg,ffc3850c000181e7,2
4628.5,282.4924212694168,1.408450704225352,0.7288472677033154,0.9436289500509684,42.919772583701835,68.2032876531253,150.79090334807327,60.29452064874608,61.47462623710255,34.7468545683263,12641.322864193617,311.8748043818466,0.493411870250439,0.3186785009273526,A,grading/data_processed/onion/A/Onion_Red_2_r2_158__100.jpg,ffc78301000287ff,0
7409.0,323.70562505722046,1.0101010101010102,0.8885235975007888,0.9872085276482344,27.6415794355373,48.95487205711081,159.5089439512389,57.003313810537904,98.08586193189346,55.359827753357784,2971.405550158147,405.201714110805,0.357827795094964,0.2236033048703804,A,grading/data_processed/onion/A/Onion_Red_2_r1_100__100.jpg,f7f1c0c0808181e7,55
4016.5,272.00714099407196,1.5873015873015872,0.6821769231802087,0.9328765532458484,58.23009920154851,77.17970610854235,153.181466247278,61.512062438066344,53.603435760948464,30.81065011432756,14766.562706248424,242.06653839987175,0.5306032948243954,0.3315799763261519,A,grading/data_processed/onion/A/Onion_Red_2_r2_188__100.jpg,ffc78300008387ff,0
6399.5,345.60511910915375,1.1363636363636365,0.6732797835158514,0.9555771240854114,16.079425691156256,15.364323132854825,146.8200702611883,53.002851643887226,84.46311287612647,48.8411167758473,5503.748203499483,499.39451331496787,0.4033549438232374,0.2410680797622862,A,grading/data_processed/onion/A/Onion_White_1_189__100.jpg,ffc38103010181ef,25
6092.5,322.29141092300415,0.94,0.7370686480962853,0.9357960218109208,144.68154093097914,50.16960988059404,96.11508828250402,38.82120286139212,80.2247191011236,45.77382703350785,4828.688253949751,396.019247311828,0.4771768441329148,0.3228232779261064,A,grading/data_processed/onion/A/Onion_Red_3_44__100.jpg,ffe78101000183e7,1
4488.0,337.2203434705734,1.36986301369863,0.4959468994255815,0.8639907594571181,31.22075960293483,47.10348931718059,91.0673284419508,50.01535153524612,59.938282261545105,34.92982776450409,8138.933552561456,412.7124671371247,0.5178025052864598,0.3513454117420475,A,grading/data_processed/onion/A/Onion_2_r1_64__100.jpg,ffe1c00000e0f1ff,59
5860.0,389.50461292266846,1.075268817204301,0.4853804379819234,0.8702108702108702,35.350862641008625,11.15030422271816,53.724950232249505,30.070901527782834,77.81453218314532,45.20289481766911,2842.783825586773,434.0489844683393,0.5813260146025352,0.3386173385483111,A,grading/data_processed/onion/A/Onion_White_2_r0_58__100.jpg,ffdf8f09000081e7,13
6861.5,318.29141104221344,1.0638297872340423,0.8510970645779828,0.9793049311353744,17.893954551950838,16.527858839076018,137.4904959268258,54.55236868075264,90.1669286837216,52.32734259263072,5170.47456585559,474.1392649903288,0.3948428832276168,0.2433373884382239,A,grading/data_processed/onion/A/Onion_White_1_141__100.jpg,ffc38f0d000181e7,2
6668.5,315.119837641716,1.098901098901099,0.8438913424562619,0.9758542474573793,20.5513084386945,12.284643500914422,122.47368421052632,49.86682616018236,88.10879153190238,52.0501752451991,5960.405854594855,473.2594072594073,0.4331310837060514,0.240197943789173,A,grading/data_processed/onion/A/Onion_White_1_28__100.jpg,ffc78f0c000181e7,2
6102.5,330.9777020215988,1.1494252873563218,0.7000356854722294,0.9336750305997552,26.42267050912584,43.22976270930309,104.9129042587256,52.30024379586939,80.41994876721101,45.71455918294555,3614.559248830757,503.59491466388016,0.4417551340626077,0.2676665885923335,A,grading/data_processed/onion/A/Onion_2_r1_41__100.jpg,ffc1c0800080e1ff,54
5434.0,300.0487699508667,1.0555555555555556,0.7584829045552995,0.94430445738118,149.20104297788168,45.90147857412141,100.26326200323685,43.41975835135356,71.3137924833663,40.859849742826746,6172.218288895729,347.95721040189125,0.5330477270477946,0.3350575241335973,A,grading/data_processed/onion/A/Onion_Red_3_r_62__100.jpg,ffc38181808183e7,8
4556.0,298.7350627183914,1.3333333333333333,0.641536220760015,0.9172538755788202,33.44321093082835,47.3906172231546,86.23697694278394,51.53159957563469,60.20111016225448,34.46315299307967,8242.227779555555,337.46060606060604,0.5143942922194439,0.3625006957411461,A,grading/data_processed/onion/A/Onion_2_r2_90__100.jpg,ffe1c10080e0e1f7,59
4944.5,327.80612993240356,1.2345679012345678,0.5782266500647598,0.8864288275367516,129.48800629178135,63.97387635400732,90.32776248525364,49.03689539214935,65.3590247738891,37.87492719803123,8835.222024859015,370.61566280084793,0.4939297111658859,0.3591055853798942,A,grading/data_processed/onion/A/Onion_Red_3_r_13__100.jpg,ffe1c0c0c0c1c1ff,5
6343.5,371.60511803627014,0.95,0.5772652763524516,0.9076405780512232,53.12161746617466,77.4527559056713,116.91651291512916,43.65884400293888,83.82118696186961,48.12894452842434,5188.092573196676,440.0468085106383,0.4116302797358919,0.3008393926984715,A,grading/data_processed/onion/A/Onion_Red_1_63__100.jpg,f7f78181000181e3,4
5835.5,393.4041084051132,1.075268817204301,0.4738164727122863,0.8699314251639833,35.31562291805463,11.066353192435566,54.23201199200533,30.963964913004304,77.4493670886076,44.97679764480308,2952.800849797665,449.6811121972411,0.5806419042799319,0.3411115404275973,A,grading/data_processed/onion/A/Onion_White_2_r0_60__100.jpg,ffdf8f0b000081e7,13
5882.5,357.6051198244095,1.1111111111111112,0.5780485870586026,0.884652981427175,33.91832339297548,9.25352308234599,48.51225977468522,28.574290455105004,77.82786613651425,45.317940499314176,3425.8167549506175,402.3941638608306,0.5967196259767173,0.3180395646351172,A,grading/data_processed/onion/A/Onion_White_2_r0_168__100.jpg,ffcf8f00000181e7,2
3959.0,312.24978041648865,0.57,0.5102594804393724,0.8797777777777778,37.804884004884,56.6266204162022,72.71501831501831,49.06497754093522,52.75140415140415,31.39188251787637,12467.109501261928,492.0217857142858,0.4136633431939283,0.2588249792774245,A,grading/data_processed/onion/A/Onion_2_r0_129__100.jpg,e3c3c3818181c1e3,50
4850.5,311.46298384666443,1.2658227848101269,0.6283237750182499,0.9170053880328952,31.961468994581576,45.96488595578686,85.19907686132852,51.240173609012515,64.03612281757977,37.2140795643148,6479.456541515783,399.0742871755531,0.4988606125631562,0.3567976332332511,A,grading/data_processed/onion/A/Onion_2_r2_96__100.jpg,ffe1c10080e0e1f7,59
6397.0,303.9066342115402,1.0,0.8703738879046041,0.983321804626854,65.61381740196079,80.88511717493441,120.3828125,45.43773405885872,84.07628676470588,47.9875328625203,6499.630147219478,517.5245421245421,0.3224545484850465,0.1950958414423578,A,grading/data_processed/onion/A/Onion_Red_1_r_178__100.jpg,ff8f8101010181ef,8
5416.0,298.7350609302521,1.0348837209302326,0.7626339361790192,0.9646451153263872,136.36056998556998,59.745356435023055,88.58207070707071,42.136131548344146,71.4825036075036,41.27753858591564,7267.841521490375,383.1745507399578,0.4191056941735673,0.2619213597331412,A,grading/data_processed/onion/A/Onion_Red_3_r2_154__100.jpg,ff830301010183e7,8
6440.5,317.80612993240356,1.043956043956044,0.801318019735989,0.972811721169096,89.85859814505093,83.97675425752853,119.38224114337844,45.81195084766867,85.0951801733313,48.744514928614265,6269.302406784412,448.1582885199906,0.3418797929405138,0.2222329362239964,A,grading/data_processed/onion/A/Onion_Red_1_r_15__100.jpg,ffc38180808181e7,7
6528.0,309.220343708992,1.1111111111111112,0.8579340263595941,0.9813589897775106,36.26756756756757,11.530929777373537,48.56396396396397,28.839859573217545,85.85735735735736,49.95999974978397,3967.426524432099,414.6217732884399,0.5129468078683563,0.2492557013088197,A,grading/data_processed/onion/A/Onion_White_2_r0_28__100.jpg,ffcf8f08000081e7,2
5544.0,338.87719643116,1.1235955056179776,0.6066642380313516,0.8997078870496592,93.63936731107204,85.13665638494577,114.991388400703,45.318677461890104,73.4834797891037,42.087574919250336,8864.724381706856,473.24991487912826,0.475716767465487,0.3450088272549244,A,grading/data_processed/onion/A/Onion_Red_1_r2_87__100.jpg,ffc383010081c3e7,8
5470.5,325.11983835697174,1.1235955056179776,0.6503541946525497,0.9154882436616184,136.94205740773756,55.09037966843616,83.3868782314138,45.658042951032826,72.14298448921376,41.90321418844212,7781.54953485671,439.3678356599705,0.5005756860165511,0.3566922277694044,A,grading/data_processed/onion/A/Onion_Red_3_r_162__100.jpg,ff870101030387ff,61
5699.0,375.3624782562256,1.1235955056179776,0.5082844288527417,0.8709406281042256,34.078812691914024,10.146114282244952,53.106960081883315,32.68905836855777,75.49095871716138,43.98085681394464,3312.319227105164,390.51435705368294,0.6039896335420548,0.3296547214208319,A,grading/data_processed/onion/A/Onion_White_2_r0_201__100.jpg,ffdf8f01000181e7,2
7416.5,324.29141116142273,1.0101010101010102,0.8862127050989541,0.9863022807367512,30.075181998676378,52.413422099980934,155.8452680344143,56.02774215727281,97.75512905360688,55.67984614333252,2983.052100918274,412.2670135700439,0.3484205038403304,0.2223360052453616,A,grading/data_processed/onion/A/Onion_Red_2_r1_97__100.jpg,f7f1e0c0808181e7,7
5532.0,377.01933228969574,1.065934065934066,0.4890629864877948,0.7803089075393187,16.305179982440738,8.273418059659866,146.60035118525022,47.85921407767849,74.14995610184373,43.31936233605751,2973.68928990117,348.69127747252753,0.461697492205555,0.3378801246925437,A,grading/data_processed/onion/A/Onion_White_1_r_76__100.jpg,ffff9f08008181c3,43
6469.0,327.22034335136414,1.1363636363636365,0.7592178725333858,0.9616470938011,16.877609682299546,18.38187123364689,146.95264750378217,53.38535183947015,85.17352496217852,49.19874782680869,4943.441039759815,464.0941230486685,0.3948099723314829,0.2342999263260162,A,grading/data_processed/onion/A/Onion_White_1_188__100.jpg,ffc38303010181ef,8
5752.5,339.60511791706085,0.97,0.6267841972408345,0.8743730050159598,36.128539935560454,13.435988506021518,48.91538070205189,26.96159087595484,76.15974224181787,44.394667152296705,3151.6736422574127,426.4921874999999,0.5867479207086916,0.3772612235785334,A,grading/data_processed/onion/A/Onion_White_2_r1_41__100.jpg,ff8f8f81018181e7,11
4075.0,317.22034323215485,0.64,0.5088800388303245,0.8710056642086139,41.165281405841846,58.92861413233463,76.78389931132747,51.282824886351605,54.188553787698886,31.636044301529644,11590.315413964843,482.3533333333333,0.4569294545694364,0.3190649525418597,A,grading/data_processed/onion/A/Onion_2_r0_145__100.jpg,f3e3c3818181c1e3,26
5712.5,362.7766921520233,1.1111111111111112,0.5454529865888474,0.8716051266402197,35.03475890270915,13.98473542380112,52.76691088771511,29.5945485431851,75.65667064235815,43.95169049672509,2763.415418469136,376.5277216610551,0.6217115503575232,0.3372155616515704,A,grading/data_processed/onion/A/Onion_White_2_r0_186__100.jpg,ffdf8f01000081e7,13
5052.0,329.3624781370163,1.162790697674419,0.5852278194380096,0.8937638213180009,143.1743066255778,52.83959659677521,88.23882896764253,40.663265082062395,66.86016949152543,38.73004850219089,9072.72878009735,388.4190744655861,0.5349260312841853,0.3842965137476598,A,grading/data_processed/onion/A/Onion_Red_3_r2_138__100.jpg,ffc78381018383ef,8
7378.5,322.29141116142273,1.020408163265306,0.8926485042153665,0.988677475546027,27.86083022884513,51.97080333934058,146.68839808408728,54.94256790022782,97.11016498137307,55.21104555018359,3021.886982049146,377.89393939393943,0.3532433779453138,0.2196400892371928,A,grading/data_processed/onion/A/Onion_Red_2_r1_90__100.jpg,f7e1e0e0808181e7,7
6659.5,353.94826555252075,1.0,0.667992998168938,0.9284121009340582,75.34424544920728,84.5395838798309,114.75968878449794,40.776875957110015,87.76159718144451,50.591490865627186,4699.807749510001,436.88242424242424,0.4251537016459593,0.3045437877904706,A,grading/data_processed/onion/A/Onion_Red_1_46__100.jpg,f7e78504000181e3,12
4204.0,321.906635761261,1.4705882352941178,0.5098151214577664,0.8625359048009849,28.29765193370166,43.802692909098155,90.81975138121548,50.61257319761623,56.07665745856354,32.74618288899935,8921.257869809688,382.4910873440284,0.5067796883183753,0.3480516575519096,A,grading/data_processed/onion/A/Onion_2_r1_69__100.jpg,ffe1c00000e1f1ff,59
5084.0,375.0193318128586,1.0941176470588236,0.4542637633926278,0.8779140044897255,33.62218833396874,10.551393542815676,65.51334349980938,32.70445693222856,68.12447579107892,39.87384728794779,2093.430841719806,449.7065217391303,0.5090134711426564,0.3190345006493416,A,grading/data_processed/onion/A/Onion_White_2_r1_86__100.jpg,ffbf1301038181e3,24
6871.5,324.1492757797241,1.0869565217391304,0.8218097767553851,0.9732313575525812,28.40787221905305,53.28648193032452,80.79306902452937,50.17697252197449,90.10710211066744,51.692181760953915,2128.39963032845,452.5993631971893,0.3694089321070812,0.2260890855219962,A,grading/data_processed/onion/A/Onion_2_r1_184__100.jpg,ff9b9100008081ef,65
6686.0,317.70562493801117,0.92,0.8323891836980982,0.976058394160584,15.283242926257149,8.68621556319059,144.29159947221814,52.27091446068124,88.00058642427797,50.919053764849345,5848.907389402174,614.5746153846155,0.3877526943301185,0.2423411803128009,A,grading/data_processed/onion/A/Onion_White_1_r_145__100.jpg,ef8b8d01018181c3,3
3871.5,328.83556747436523,0.58,0.4499161229502973,0.8337460966943039,34.90886454183267,51.32673694483129,77.30677290836654,51.84059917720849,51.886703187250994,31.215560504611933,13246.626183590965,487.5859649122807,0.4402233734763173,0.2833335234370119,A,grading/data_processed/onion/A/Onion_2_r0_105__100.jpg,e7c3c3c18181c3c7,3
4461.5,322.7766922712326,0.72,0.5381290382405401,0.8919432227109156,51.39125706829056,62.20741716931672,78.43584167029142,54.96331682939429,59.28577642453241,34.7249006234683,10392.5514,505.66084507042245,0.4561847112257067,0.3417343189860546,A,grading/data_processed/onion/A/Onion_2_r0_193__100.jpg,f3c383c18181c1e3,50
7062.5,369.6051186323166,0.9693877551020408,0.6496693387489462,0.9558773770048048,15.362918859041816,9.283361848488676,139.94516754361672,45.0639293060552,93.7772085294932,54.82604414059893,3080.065367742665,492.0026052974382,0.3353747481283902,0.2096757847081359,A,grading/data_processed/onion/A/Onion_White_1_r_98__100.jpg,ffff9f01018181c3,16
4393.5,312.2914105653763,1.1538461538461535,0.5661094650501006,0.9092508278145696,51.767565178965974,75.52353652232897,116.18183826778612,50.2187599452946,58.35505965532479,34.27942165871926,16658.889050312093,398.0884471333909,0.4695175033479105,0.3380835081462658,A,grading/data_processed/onion/A/Onion_Red_1_r_151__100.jpg,ffc3810181c1c3f7,8
7347.5,322.29141199588776,1.020408163265306,0.8888981298040436,0.9881648846748704,28.74134936539746,51.50319075194848,154.03994655978624,55.812618383948426,96.9062124248497,55.03344967061593,3064.1666850374845,407.03308596165755,0.345113950625725,0.2214720979963211,A,grading/data_processed/onion/A/Onion_Red_2_r1_96__100.jpg,fff1e0c0808181e7,7
6209.5,333.26197385787964,0.96,0.7025786866491539,0.9350952488517432,78.0348031496063,83.89275616388204,117.33637795275592,43.10764679355185,81.61937007874016,46.70520889778651,4568.293485666232,399.3564210526317,0.4490466095712787,0.3232540744923416,A,grading/data_processed/onion/A/Onion_Red_1_114__100.jpg,f7e78301000181c7,4
6429.0,338.7350617647171,1.1764705882352942,0.7040977978236558,0.9439835548050804,32.53383001368405,55.670082491963136,88.7970199178957,54.08273360450326,84.5934316557701,48.30092124267946,2873.582167072664,488.21711229946527,0.3892552603477014,0.212422198086978,A,grading/data_processed/onion/A/Onion_2_r1_329__100.jpg,ffe181000001c3ef,0
5412.5,344.29141080379486,0.9278350515463918,0.5737931995483919,0.8682922916499559,34.708865311994245,12.36410142086177,51.4903794281604,32.823548174221436,71.66229095486423,41.61294793867598,2628.2966809555865,401.5543843391637,0.576112236508208,0.3467393809451731,A,grading/data_processed/onion/A/Onion_White_2_r1_24__100.jpg,ff9f8f05018181c7,16
7064.0,342.534050822258,0.97,0.7565768586812569,0.9630538513974096,14.895298848980724,9.195498758898529,147.68991818055747,48.555764579442965,92.88531410345306,53.65642632866067,4047.9326854713568,495.93989583333337,0.3885425833403235,0.2415111523693057,A,grading/data_processed/onion/A/Onion_White_1_r_126__100.jpg,ef87878f018181e3,47
3744.5,322.9777022600174,1.5873015873015872,0.4510852411734898,0.8178442721415311,30.60633367662204,47.03723869384987,86.02085478887744,49.80894318809078,50.2384140061792,29.980783532335096,11718.809816553288,352.07455507455506,0.5140652630261094,0.3687289019746429,A,grading/data_processed/onion/A/Onion_2_r1_80__100.jpg,ffe1c00000e0f1ff,59
6924.5,315.32084822654724,0.9,0.8751709859296775,0.9875213918996006,17.007081149978756,14.976456271442602,143.4857668885427,54.11960954248011,91.03682197988954,52.772677107826766,3696.7516567777775,465.6497752808989,0.3548799694446424,0.2010397320604462,A,grading/data_processed/onion/A/Onion_White_1_r2_32__100.jpg,ef8f8d8d018181c7,11
4330.5,276.69343173503876,1.5151515151515151,0.7108045634453664,0.9315908357534688,21.09885419006965,45.053473069981074,148.95574028308246,64.36000934007649,57.35228038643002,33.377633491813604,14197.936545362716,279.56259565350473,0.4377701235748154,0.3142435561872437,A,grading/data_processed/onion/A/Onion_Red_2_r2_318__100.jpg,ffe1810000e0e1ff,59
6785.0,319.22034323215485,1.098901098901099,0.8367170052372536,0.9745062836624776,17.798468650678995,13.073723919279823,144.03987286911297,53.14621552527329,89.21453337185784,51.786833343660135,4766.545384615385,541.4526584526584,0.3689405418507053,0.2257312459765813,A,grading/data_processed/onion/A/Onion_White_1_123__100.jpg,ffcf830b000081e7,92
6248.0,341.70562386512756,0.95,0.6724293044963487,0.925492519626722,80.99374511336983,84.74373986561953,113.9130570758405,43.52311341176143,82.46020328381547,47.51174435566217,5101.059009418283,369.1806382978723,0.4539883213989942,0.3136385280884571,A,grading/data_processed/onion/A/Onion_Red_1_130__100.jpg,f7e78305000181c3,4
6315.0,335.36247980594635,1.0,0.7055930172714707,0.9295650253919188,146.84128213069062,47.59034100053938,92.52818209972128,41.55848873067027,83.0441313100031,47.83660124303451,3871.22163199,356.6872727272728,0.508597795270848,0.3417416545181653,A,grading/data_processed/onion/A/Onion_Red_3_110__100.jpg,ffe78505000081c7,12
6583.0,348.5340510606766,0.88,0.6809940082018275,0.9637654637288632,20.81568394474974,40.58973820356966,87.99569285608199,51.344815174592405,86.4899747512253,49.79839136118595,2233.722882179753,549.0589655172414,0.347511307412277,0.219218470960604,A,grading/data_processed/onion/A/Onion_2_r2_140__100.jpg,ffd9c1c1c181c1c7,39
5902.5,343.4629843235016,1.1111111111111112,0.6287615580803256,0.8964914945321992,35.695422244257145,11.108795248738506,50.48818377127748,33.16850481467307,78.03801024624029,45.35308741457349,3162.918641666666,404.5393939393939,0.5822176737071482,0.3153153162272129,A,grading/data_processed/onion/A/Onion_White_2_r0_144__100.jpg,ffcf8f0f000181e7,13
6277.5,321.1198387145996,1.020408163265306,0.7650015434493145,0.945406626506024,144.50046772684752,50.02230481384696,98.26099158091674,41.87310090466485,82.8068288119738,48.140096813883545,4519.614549760517,368.7464440321584,0.4795245106148522,0.3327187277943403,A,grading/data_processed/onion/A/Onion_Red_3_86__100.jpg,ffe78301000183c7,4
5179.0,368.33304142951965,1.056818181818182,0.4797051895658737,0.84721086209717,34.78579460269865,11.117912421740073,65.13399550224888,31.961157534302757,69.2743628185907,40.409185048552416,2275.823190145113,420.9792490118576,0.5125173378127339,0.3291422125386964,A,grading/data_processed/onion/A/Onion_White_2_r1_80__100.jpg,ffbf1909018181e3,52
6947.0,341.01933193206787,1.020408163265306,0.7506701804959067,0.9610569274399944,16.126903553299492,13.531604223440969,139.91060349689792,53.68158472362808,91.58333333333331,53.01688818557907,4277.7064845376935,461.6504844361989,0.4017119453919495,0.2616911491949668,A,grading/data_processed/onion/A/Onion_White_1_r2_72__100.jpg,ff9f9f05010181e3,16
6122.0,354.87719678878784,0.93,0.6108674738734948,0.9010228861579218,63.87906309751434,81.6593711790208,112.0240599107712,43.22828991423436,80.90264499681325,46.82001036898354,6254.133682506648,367.0156521739131,0.4687504673848842,0.3131029721545655,A,grading/data_processed/onion/A/Onion_Red_1_146__100.jpg,f7e78381000181c7,4
4648.0,361.7056233882904,0.77,0.4464424285549304,0.8239673816699167,44.04328824141519,53.19677213190656,76.14963579604579,51.88339887123197,61.643704474505725,35.94859325966266,9054.954288058696,494.8661842105264,0.4933150847387727,0.3577000728337403,A,grading/data_processed/onion/A/Onion_2_r0_61__100.jpg,cfc3c383838383c7,26
6770.5,320.7766923904419,0.96,0.8268466982778381,0.9734723220704528,20.091949029829134,10.294002850948988,127.91282942368954,50.08522352258622,89.1226469736461,51.857857138013486,4441.377483062066,435.7929473684211,0.4342651399432641,0.2655966053749626,A,grading/data_processed/onion/A/Onion_White_1_r_35__100.jpg,ffcf8d09818181c3,11
3830.0,268.7350608110428,1.5873015873015872,0.666438343652937,0.9221138798603588,36.51787978696424,64.66233817735998,148.33477047933047,57.05865054992617,50.837687040324624,29.37686647641417,18030.52333595364,254.76703543370212,0.5328967257618126,0.3606036079393899,A,grading/data_processed/onion/A/Onion_Red_2_r1_8__100.jpg,ffe1018080c1e3f7,51
4170.0,327.56348967552185,1.4705882352941178,0.488376705206582,0.8467005076142132,27.121289424860855,42.461145519838496,92.30264378478664,51.21286846619199,55.84554730983302,32.99113395863658,10024.920894809688,391.30778371954847,0.509697630819983,0.352185313958227,A,grading/data_processed/onion/A/Onion_2_r1_70__100.jpg,ffe1c00000e1f1ff,59
4355.0,281.76449966430664,1.492537313432836,0.6893272943458805,0.9257094271442236,19.721241903060086,42.87633080276452,153.9568907750726,65.1665255396434,57.59772168863078,33.04007792564077,12329.390213054132,281.27302879541685,0.4424070430062087,0.3175415991703475,A,grading/data_processed/onion/A/Onion_Red_2_r2_313__100.jpg,ffe1810000e0e1ff,59
6348.5,331.11983811855316,1.0,0.7276299818979359,0.9321635709566112,147.17164869029276,46.21302717127102,92.99152542372882,41.84824100089228,83.44206471494607,47.90804738305913,4241.36878076,320.1934343434344,0.5010688935563941,0.3385030696017139,A,grading/data_processed/onion/A/Onion_Red_3_104__100.jpg,ffe78703000181e7,12
6704.0,317.0782082080841,0.88,0.8379364430885212,0.9746310968961256,24.85077462730196,42.93234557458194,98.86465945629932,49.60449933308499,87.80546623794213,50.39982217000356,2548.9403811854336,509.2245977011494,0.3693078143843958,0.206734147626736,A,grading/data_processed/onion/A/Onion_2_r2_310__100.jpg,ffc18f81818183e7,28
6464.0,315.5634888410568,0.9789473684210528,0.8157136202259796,0.9700607788699632,93.54727272727273,85.01449007589734,120.4569696969697,44.52418440440945,85.0269696969697,48.58737396689688,5426.305964066747,491.8937070938215,0.3665199948728362,0.2359515337237009,A,grading/data_processed/onion/A/Onion_Red_1_r2_68__100.jpg,efc381818181c1e3,8
6933.0,328.3919154405594,1.075268817204301,0.8078786861889876,0.9693791946308724,32.56127208480565,57.28261619831209,82.35448763250884,50.611758497761365,90.97837455830388,52.25736215913918,1951.062077130304,464.649505810796,0.3636908336321388,0.2269000295812615,A,grading/data_processed/onion/A/Onion_2_r1_189__100.jpg,ff939300008081ef,1
4886.5,332.97770297527313,0.76,0.5538312549064575,0.8919412247878069,43.58755714569668,53.118547043076845,78.75511826674618,50.04299543899609,65.50387596899225,40.20738743139841,7339.403171589335,537.7077333333333,0.4642750302848965,0.3199693318637481,A,grading/data_processed/onion/A/Onion_2_r0_30__100.jpg,efc3c181818183c7,8
6059.0,356.5340505838394,0.93,0.5989751294829778,0.9004978821431225,55.17785288910349,78.30317264157243,112.84274907452117,42.68290729955656,80.27249315950426,46.46735218172141,6897.609834709216,386.595,0.4770392173385255,0.3188745771976605,A,grading/data_processed/onion/A/Onion_Red_1_149__100.jpg,f7e78381010181c7,4
3897.5,318.0071393251419,0.59,0.484308674375885,0.8364631398218693,40.35050780282388,60.53270463811182,81.8253653703245,56.58523656768066,52.09809264305177,30.53011587038356,11053.53534041942,510.15120689655174,0.4156466132372325,0.2908863152414842,A,grading/data_processed/onion/A/Onion_2_r0_268__100.jpg,e3c3c3c18181c1e3,50
5964.5,326.29141080379486,0.9693877551020408,0.7039999422844971,0.9284713574097136,67.23738532110092,82.44916920582615,118.7391874180865,42.8577739972606,78.47346002621232,44.99037996146181,5099.403884161839,443.2437038645246,0.4632724262941741,0.3316366682934709,A,grading/data_processed/onion/A/Onion_Red_1_18__100.jpg,ffe7c181010181c3,4
4098.0,281.07820773124695,1.492537313432836,0.6518196771417801,0.9158565202815956,33.2574679943101,47.006326031696055,90.49976292081556,58.28316307557918,54.60692271218587,32.62064915827188,9246.100940164846,346.280868385346,0.52894920654071,0.3587945802768821,A,grading/data_processed/onion/A/Onion_2_r2_54__100.jpg,ffe3c10000c0e1ff,59
6940.0,314.39191567897797,0.979381443298969,0.8823209564212726,0.9866363377878874,147.10628975265018,49.77482308800891,115.14982332155478,41.2809886808753,91.6131448763251,52.97996978327705,1982.183018427868,391.8375740293924,0.4133663719357482,0.2168092191083349,A,grading/data_processed/onion/A/Onion_Red_3_r2_74__100.jpg,ffc78781018181c7,11
6042.5,304.29141080379486,1.1363636363636365,0.8200628450941889,0.9695924261874198,29.14762599254578,50.074985924281805,160.16042780748663,52.79252704464831,80.15621455193647,44.04394729511954,5543.855383471075,422.3069329660239,0.4073458115461607,0.2834786582351654,A,grading/data_processed/onion/A/Onion_Red_2_r1_126__100.jpg,ffc381008181c3ff,0
4219.5,300.8355666399002,0.64,0.5858851567094455,0.8964308476736775,38.459080459770114,54.35152551300843,88.4648275862069,55.5889472984681,56.084367816091955,33.008386384777836,11115.278487280271,573.9668253968255,0.4533959232978373,0.297846029846951,A,grading/data_processed/onion/A/Onion_2_r0_316__100.jpg,efc3c181818183c7,8
6235.5,331.80612874031067,1.1363636363636365,0.7117251956641353,0.9378101970221084,25.594920833986517,42.39120001184333,104.8211318388462,52.91605557258923,82.09060981345038,46.85147393013263,3321.353837487087,511.5198576675849,0.4370853179024297,0.2626609890744167,A,grading/data_processed/onion/A/Onion_2_r1_40__100.jpg,ffc1c0800080c1ff,54
5115.0,314.8771971464157,1.1686746987951808,0.6482956091991687,0.9232851985559568,82.55515336254524,83.1627163720629,107.04153172032768,46.21089624756514,67.4486568870261,38.89367467476956,9383.601375691524,383.9038654618475,0.465239260020932,0.3339763715867601,A,grading/data_processed/onion/A/Onion_Red_1_r2_12__100.jpg,ffc381810181c1e7,8
4946.0,323.0193318128586,1.162790697674419,0.5956716721047948,0.8987824822823914,143.12613144431327,53.32293068635936,87.30283353010626,40.67113801909193,65.30204643841007,37.96160304218819,10934.61700853164,370.503993422598,0.5440684149063194,0.3960255267759215,A,grading/data_processed/onion/A/Onion_Red_3_r2_137__100.jpg,ffc783810183c3ef,8
6881.5,317.80612874031067,1.0105263157894735,0.8561866305692625,0.9795729537366548,76.70148190367627,82.59956694138367,116.25719578227417,41.20784807402047,90.37688800227986,51.83104681529141,4106.601038733072,481.0867590027701,0.3454370211761146,0.215459008245916,A,grading/data_processed/onion/A/Onion_Red_1_r2_26__100.jpg,ff8b8b01010181e3,18
6178.0,346.3330405950546,0.95,0.6472468067591947,0.9251965555971546,82.84139784946237,84.43381203714456,117.63883617963316,42.849705537840826,81.34203036053131,46.67259018890548,5203.62303905817,371.476914893617,0.452125290608709,0.3208560284479611,A,grading/data_processed/onion/A/Onion_Red_1_116__100.jpg,f7e78301000181c7,4
5495.0,300.87719762325287,1.1904761904761905,0.7627794952164266,0.9536619229434224,26.47794379224475,47.415101843054664,157.95393098541444,53.25313095604165,72.8153681963714,40.45294588845667,8389.679409169501,400.6213323713324,0.4319431416109839,0.315578530861456,A,grading/data_processed/onion/A/Onion_Red_2_r1_130__100.jpg,ffc381008181c3ff,0
7288.5,322.29141092300415,1.0,0.8817603351087034,0.9845997973657548,25.417856180985726,44.52285019673125,158.62240775653112,52.624885425352005,97.14785887422568,54.065116761037565,3275.0183541361994,469.26077097505663,0.370780239585892,0.2281536721752967,A,grading/data_processed/onion/A/Onion_Red_2_r1_118__100.jpg,f7e181808081c1e7,7
5851.0,340.5340518951416,1.098901098901099,0.6340432307589006,0.891377209018891,35.202768050692015,9.955507440905787,47.238119059529765,29.658823598368173,77.34267133566783,44.90892124442415,3350.6136381596425,381.9546009546009,0.5888675888292393,0.3289992920174147,A,grading/data_processed/onion/A/Onion_White_2_r0_125__100.jpg,ffcf8f07000181e7,13
4743.5,310.00713980197906,0.75,0.6202480056178243,0.8992417061611374,39.89629022340644,49.837743538929544,84.11375281820045,54.39726542381001,63.31707317073171,38.15025817437203,8077.548638648888,585.1974324324323,0.4733843636926627,0.3327902655537475,A,grading/data_processed/onion/A/Onion_2_r0_9__100.jpg,cfc3c183810383c7,68
5592.5,396.57568073272705,1.032258064516129,0.4468519937789994,0.783482768282432,16.461738677771994,6.163404974905239,144.5450286309214,49.37895241256339,74.98420961304876,43.841430949343625,3281.2629502643003,392.7918505942275,0.4732456205691867,0.3377334651894845,A,grading/data_processed/onion/A/Onion_White_1_r_70__100.jpg,ffff9f05000181c3,23
6303.0,334.19090580940247,1.0,0.7091986761549787,0.9291663595489056,146.23708301008534,47.55504545962795,92.6966640806827,41.27042640840262,82.87028704422032,47.58848939319246,4080.17138416,319.28828282828283,0.5091057942964815,0.3426482015441295,A,grading/data_processed/onion/A/Onion_Red_3_106__100.jpg,ffe78701000181e7,2
5185.5,333.11983728408813,1.1294117647058823,0.587218205096205,0.899479618386817,115.8656156156156,81.45290301337343,117.03528528528528,43.792108363820915,68.83877627627628,39.9267688057933,9709.303651900713,374.15777089783296,0.4750269839364586,0.3342938692137132,A,grading/data_processed/onion/A/Onion_Red_1_r2_110__100.jpg,ff878301028387ef,46
5761.5,437.8893897533417,1.1111111111111112,0.3775866108379048,0.8560921248142644,35.88321290539405,14.382032383543908,50.791127541589645,30.287679576317306,76.7173584271551,44.65708435934302,3208.200119888889,526.0497194163861,0.591183405354836,0.3237626491078104,A,grading/data_processed/onion/A/Onion_White_2_r0_14__100.jpg,ffcf8f02000081e7,92
6344.5,373.9482650756836,0.94,0.570143556396011,0.9028746264408708,56.26678961118795,78.63005107533216,117.35146765022284,43.0888931334062,83.8089749500538,48.153437900737714,5160.361407593934,424.2529032258065,0.4127552273957081,0.2936636801436218,A,grading/data_processed/onion/A/Onion_Red_1_64__100.jpg,fff78181000181e3,4
6055.0,320.73506116867065,1.098901098901099,0.7396583027325762,0.932686383240912,136.2802712302228,57.344290791086735,84.51743622860833,43.225222505539875,79.59460768485631,45.771605684864426,5376.647453737472,450.0437340437341,0.4483263382201835,0.3066009332979445,A,grading/data_processed/onion/A/Onion_Red_3_r_173__100.jpg,ff870301010183ef,8
5124.0,336.0487698316574,1.0543478260869563,0.5701831320297787,0.8705402650356778,33.61112165496299,14.073231107175332,62.07420762953122,45.397562656640304,68.07933194154488,39.57944805263402,1753.5403999227703,282.895606884058,0.6029213166401244,0.3959706947724714,A,grading/data_processed/onion/A/Onion_White_2_r1_5__100.jpg,ff9f0f0f010181c7,16
6765.5,390.5756810903549,1.0309278350515465,0.5573132454272021,0.9146893801122152,23.282850137025815,35.067535614468646,103.84494446848406,49.058124692468425,90.10601471224578,52.73180687040934,1912.3347162397704,425.48661876496936,0.4629222112813972,0.2706134563849295,A,grading/data_processed/onion/A/Onion_2_r2_336__100.jpg,fff9be84000081f3,48
5453.5,377.40410828590393,0.9484536082474226,0.4811405215572016,0.8857398083482215,34.322408265051656,12.817665998098212,56.0286783042394,37.59675413396097,72.49964374777342,42.19809573672844,2399.213704348047,427.6297722895662,0.5541254822303882,0.353782681921339,A,grading/data_processed/onion/A/Onion_White_2_r1_174__100.jpg,ff9f9f01008181c7,16
5482.5,330.29141211509705,1.1764705882352942,0.6315299343459473,0.93144750254842,121.57574679943102,79.21801503953269,118.60544096728307,44.10320939006581,72.64918207681366,42.215862243184866,9498.69933530796,362.49471182412344,0.4642390609216672,0.3251872938303097,A,grading/data_processed/onion/A/Onion_Red_1_r2_118__100.jpg,ff870301030387ef,86
4520.5,313.46298336982727,1.2658227848101269,0.5781277451809352,0.8799883200311466,136.63515255694026,56.01177144881176,85.06295659647616,47.21863163575735,59.70176192522561,34.47918115753934,10471.240892869731,326.286280526787,0.5392754998633738,0.3977190950826831,A,grading/data_processed/onion/A/Onion_Red_3_r_155__100.jpg,ff878301038387ef,46
5556.5,303.806129693985,1.0454545454545454,0.7565160016194172,0.955217466047791,139.41487864931412,55.73784535101077,87.2875483644038,42.36291304208449,73.25729862820964,42.27494585212822,6950.5337677123525,390.745004995005,0.4400251905323208,0.2849537346913354,A,grading/data_processed/onion/A/Onion_Red_3_r2_150__100.jpg,ff870301010383e7,46
6343.5,349.60511791706085,1.0,0.6522036798054073,0.9190148496921404,79.18543046357615,84.62540713088615,116.62698290466656,44.86953305472848,83.60803942707531,48.11483174428923,4780.0515239999995,426.2086868686869,0.4584161812491517,0.3376474499067448,A,grading/data_processed/onion/A/Onion_Red_1_30__100.jpg,ffe78383000081e3,41
5842.0,346.8771963119507,1.1235955056179776,0.6101265389264752,0.8882469210886422,34.162883845126835,9.13190523122439,52.40937917222964,31.589687293051433,77.22546728971963,45.26361443814006,3157.532131435425,419.966405629327,0.5953160968849597,0.3156113469758322,A,grading/data_processed/onion/A/Onion_White_2_r0_197__100.jpg,ffdf8f01000081e7,13
5127.5,321.80612993240356,1.065934065934066,0.6221955605586046,0.884051724137931,33.46069122673756,16.59583204601871,64.84732244587923,43.98299063394465,68.04120774781617,39.52857417855085,1643.6062238569984,288.04945054945057,0.5970601933195407,0.3915197716460825,A,grading/data_processed/onion/A/Onion_White_2_r1_197__100.jpg,ff9f1f03010181c7,13
7353.5,327.46298372745514,0.99,0.8617465065527395,0.9843383976976106,19.14811849479584,38.370960499017194,156.75020016012812,54.793075062637634,97.30037363223911,55.437627224388834,2516.8082393531276,360.51520408163265,0.3470209628901801,0.2266633183638494,A,grading/data_processed/onion/A/Onion_Red_2_r2_100__100.jpg,f7f1f1e0808181e7,55
4729.0,304.7350618839264,1.2048192771084338,0.6399327351432927,0.8976841305998481,140.11296296296297,56.28090368879504,88.98353909465021,43.853681807243255,62.36666666666667,35.783403629457005,8865.013291842066,323.58172082268464,0.5689984709047576,0.4011319160469522,A,grading/data_processed/onion/A/Onion_Red_3_r_42__100.jpg,ffe3c18180c1c3e7,7
7320.5,327.3208484649658,1.0638297872340423,0.8586244920585866,0.9822878228782288,20.97722095671982,47.01893376425845,154.74634865335656,53.950902039717846,96.3872437357631,54.857334935709915,2348.8840774558626,297.6229314420804,0.3332304474267442,0.1924607695450736,A,grading/data_processed/onion/A/Onion_Red_2_r1_241__100.jpg,fff1f1008081c1e7,15
4388.0,278.59292697906494,1.492537313432836,0.7104545672639826,0.931535930368326,19.205634427684117,41.95332783292348,150.1291038154392,64.33391026597742,57.97338065661047,33.12533271728156,14639.768505769658,264.3972561435247,0.4470572857797175,0.3147310349969967,A,grading/data_processed/onion/A/Onion_Red_2_r2_316__100.jpg,ffe1810000e0e1ff,59
6109.0,333.0193338394165,0.97,0.692215139724597,0.9226006191950464,64.2336,81.35724178608737,117.90816,42.966448834112505,80.20528,45.854841621377346,5166.822447135721,411.8080208333333,0.474511182515923,0.3423921968293856,A,grading/data_processed/onion/A/Onion_Red_1_19__100.jpg,ffe7c181000181e3,4
5260.5,324.9777023792267,0.9578947368421052,0.6259357564630835,0.8697916666666666,33.39955563784484,8.401027072104535,68.5785965561933,39.33302683205012,69.75263840029623,40.718335896162486,2127.7141127588734,284.06140350877183,0.5738013386234437,0.3612670212946088,A,grading/data_processed/onion/A/Onion_White_2_r1_125__100.jpg,ff8f0f0f010181c3,18
4004.5,270.83556842803955,1.5873015873015872,0.6860357756071863,0.9295496750232126,54.97330097087379,75.67475285192943,152.97063106796116,62.50381628418531,53.605825242718446,31.327505285703364,16587.465152204586,278.96440596440596,0.5363795705670098,0.3333141104975294,A,grading/data_processed/onion/A/Onion_Red_2_r2_185__100.jpg,ffc78300008387ff,0
4328.5,315.6639938354492,0.69,0.5458800113487308,0.8822869955156951,49.51791312136139,62.26175022587352,76.93260188087774,54.32438254182397,57.404836542767576,33.37422350170634,9136.504213484564,424.77102941176474,0.4588509014086424,0.3362676945087682,A,grading/data_processed/onion/A/Onion_2_r0_169__100.jpg,f3c383c181c1c1e3,50
5429.0,325.9066343307495,1.1494252873563218,0.6423079584134564,0.9086192468619246,31.93250762879196,54.71321196247248,78.88888888888889,53.35019291648224,71.54101597558787,41.12495325546026,4833.029569084423,434.43178915592705,0.4877094519540001,0.3484079066320099,A,grading/data_processed/onion/A/Onion_2_r2_281__100.jpg,ff870303010187ef,86
6136.0,330.53405153751373,0.94,0.7057693612144156,0.9301902524065792,147.16504699697308,47.12320685598967,98.68424406563643,40.463422259876296,80.8161542137964,46.05564899336338,5013.125351923947,393.5452688172043,0.475664194444829,0.3194017560844058,A,grading/data_processed/onion/A/Onion_Red_3_53__100.jpg,ffe78101010183c7,8
7273.5,323.80613029003143,1.0638297872340423,0.8717323723565416,0.984302050206374,23.17064616214758,50.62481471219297,153.69351139889383,51.692250065508134,95.8903278025091,54.59950927056456,2229.167071072883,309.96787019127447,0.3406766897942047,0.1976200663531637,A,grading/data_processed/onion/A/Onion_Red_2_r1_244__100.jpg,ffe1f1808081c1e7,7
5619.5,340.7766923904419,0.9387755102040816,0.6080898760080558,0.8959661989795918,35.550737207285344,12.401510758811888,50.74865568083261,30.218196967080655,74.23972246313964,43.046393221661695,2886.853814012198,422.44213949316,0.5692380620849008,0.345195886819084,A,grading/data_processed/onion/A/Onion_White_2_r1_33__100.jpg,ffcf8f81018181c7,16
4300.0,315.07820773124695,0.65,0.544304076359549,0.8866893494174657,39.29276538201488,54.44612975454501,86.58260085643452,55.450117838953794,57.13026819923372,33.362356212216746,9753.077260946746,599.0662500000001,0.4392553492973301,0.293341179945064,A,grading/data_processed/onion/A/Onion_2_r0_317__100.jpg,efe3c181818183c7,3
3988.5,269.5218584537506,1.5873015873015872,0.6899720132851714,0.9311310843936034,53.70791717417783,75.07666693340856,154.09427527405603,60.42112164161581,53.07454323995128,30.2160438051095,13465.97797578735,232.38207471540804,0.5351391637495515,0.3356642096843702,A,grading/data_processed/onion/A/Onion_Red_2_r2_192__100.jpg,ffc78300008387ff,0
6252.5,322.7766913175583,1.0101010101010102,0.7541526014751412,0.9437735849056604,143.47769604006888,51.56038522672061,97.1286586320238,41.17529161561948,82.24307403349506,47.3543396148751,4593.048659279665,365.3264972961943,0.4899610962001435,0.3416040358489378,A,grading/data_processed/onion/A/Onion_Red_3_89__100.jpg,ffe78301000183c7,4
7268.5,320.9777022600174,1.0526315789473684,0.886553464297549,0.9866965315957374,19.699608478466317,43.46065140387184,162.60483326582963,48.628777267474376,96.3696503307682,54.58238162767647,2067.8437935844877,359.78766613503456,0.3408783083068393,0.205910182662352,A,grading/data_processed/onion/A/Onion_Red_2_r1_254__100.jpg,e7c1e1808081c1e7,15
6308.5,336.7766925096512,1.0,0.6989593464076472,0.9290868924889544,145.51937383756976,49.14649170564517,91.19032858028518,41.55878252444036,82.92436453812772,47.856187437499635,4125.12607391,353.88232323232324,0.5071776580279854,0.342039733761273,A,grading/data_processed/onion/A/Onion_Red_3_111__100.jpg,ffe78505000181c7,12
5930.5,353.9482659101486,1.1111111111111112,0.5948693547016225,0.8986967722382179,35.852211080059185,9.400841667672973,48.59789577511096,33.039887055210315,78.37054085155351,45.531223966601765,3264.9462332839507,443.93007856341194,0.5823802587253645,0.310962524217329,A,grading/data_processed/onion/A/Onion_White_2_r0_128__100.jpg,ffcf8f07000181e7,13
6085.5,318.9777021408081,1.1764705882352942,0.7515977658974264,0.9497463909481076,15.29342760726338,37.02244955484625,172.4317853125502,51.311532228982635,80.97991322513258,44.5855744784713,4820.833528913495,411.9959595959596,0.384393772821132,0.2524823702711339,A,grading/data_processed/onion/A/Onion_Red_2_r1_276__100.jpg,ff01818080c1c1f7,71
6116.5,309.46298348903656,1.021505376344086,0.8025931110499334,0.9677240724626216,78.25288092189501,83.94975790015955,116.83850832266326,43.040864465157725,80.8525928297055,46.57679084331462,5363.963216781022,376.3138869823838,0.4144711052758345,0.2790664659031355,A,grading/data_processed/onion/A/Onion_Red_1_113__100.jpg,ffe78301000181c7,4
4346.5,277.1787129640579,1.5151515151515151,0.7109348441380146,0.9371496334626994,18.88087774294671,39.663758701832435,145.4511867442902,63.96286823558,57.46014330497089,33.27767731936338,13521.659412098255,277.4983164983165,0.4337778602944144,0.3116102155485344,A,grading/data_processed/onion/A/Onion_Red_2_r2_10__100.jpg,ffe1810000c0e1ff,51
5007.5,296.9777019023895,1.011494252873563,0.7134821913660863,0.9318012653516934,143.65485001947798,52.781580927473875,94.90611608881964,42.81922379905938,65.9824698091157,38.28657960805476,8475.702138057148,355.9061963271239,0.5070057536786586,0.3133336557590566,A,grading/data_processed/onion/A/Onion_Red_3_r2_111__100.jpg,ffc381018181c3ef,8
7296.5,339.46298360824585,1.0526315789473684,0.7956821269729709,0.9680265339966831,12.844148864705092,29.05745191132642,177.4459223431412,46.652489617930975,97.54238882171168,54.43841932773107,2122.4744496842104,451.52503987240834,0.320984425111717,0.1993701362879021,A,grading/data_processed/onion/A/Onion_Red_2_r1_265__100.jpg,ff83818080c1c3e7,73
5076.5,334.6345556974411,1.0543478260869563,0.5696822429946504,0.8646738204735139,33.41907680520973,13.775424405590451,62.55985443401647,45.94616101302456,67.4208006129094,39.16588293338515,1779.8424733006104,287.06182065217394,0.6048006578118188,0.4021845197443169,A,grading/data_processed/onion/A/Onion_White_2_r1_6__100.jpg,ff9f0f07010181c7,13
7337.0,324.87719798088074,0.99,0.8735543316192861,0.9849644247550008,21.815008025682182,41.76638440482903,161.05671482075977,55.56132878548956,97.26083467094703,54.680566342402685,2534.4856498214467,377.65653061224486,0.3575775899199541,0.2282517124395131,A,grading/data_processed/onion/A/Onion_Red_2_r2_106__100.jpg,f7f1e1c0808181e7,55
4735.5,317.94826436042786,1.1904761904761905,0.5886576438965762,0.8829945925787805,143.50944558521562,52.895878246056384,87.33039014373716,41.69385194475961,62.56735112936345,36.291143637750544,10263.704879237526,328.0747955747956,0.5648340851039032,0.4066694972979376,A,grading/data_processed/onion/A/Onion_Red_3_r2_126__100.jpg,ffc3c3010183c3e7,7
7118.5,437.688379406929,0.98,0.4669477862878869,0.9502102382700394,85.67419575633129,84.16013759014614,116.87926078028748,37.76354529959512,94.51403148528404,54.70540206064112,2730.2837929092043,507.4073195876288,0.373960339973764,0.2363449785350497,A,grading/data_processed/onion/A/Onion_Red_1_r_106__100.jpg,ffcf8703008181c3,4
6052.5,492.3157955408096,0.9690721649484536,0.313803022403931,0.8250971303932929,19.426313268401724,16.673981944636058,132.2522752674437,51.33240722454896,81.44451540795146,47.9631632380399,3907.031964762556,585.2828954661345,0.4492350432479491,0.2933857511168652,A,grading/data_processed/onion/A/Onion_White_1_r2_174__100.jpg,ff9f9f03010181c3,16
6238.0,374.1909054517746,0.83,0.5598462564511236,0.9271700356718192,24.4403125,47.21319201136831,94.45296875,53.4774512113427,82.8115625,48.130312603478785,2040.832056902308,598.6581707317073,0.3435184576115728,0.2096975598976004,A,grading/data_processed/onion/A/Onion_2_r2_150__100.jpg,fff98181818181c7,39
5062.0,325.56348860263824,1.0777777777777775,0.600151115611652,0.871031575324787,33.52585047088218,15.929737572650517,64.50163367288103,45.45920216339725,67.23044397463002,39.34370469723425,1670.7568133609927,278.40891203703706,0.6039993402633562,0.3922805537727138,A,grading/data_processed/onion/A/Onion_White_2_r1_204__100.jpg,ff9f1f07010181c7,23
6978.0,318.0487689971924,0.94,0.8668688376964567,0.9824018020554696,18.71802080404835,10.363307263507036,136.0314872083216,48.03999678786754,91.84425077312342,53.28938114744784,3896.45228129244,291.96677419354836,0.4197076288511961,0.2295278851547044,A,grading/data_processed/onion/A/Onion_White_1_r_56__100.jpg,ffdf8f81018181c3,11
5649.5,306.00713992118835,1.2195121951219512,0.7581528247522874,0.9548719682244572,29.747535881030608,42.645220159105136,95.4627356043576,52.37610847165337,74.29828808576863,42.632678746316685,4595.064384295063,451.159768415866,0.4833864322655182,0.28363138681687,A,grading/data_processed/onion/A/Onion_2_r2_14__100.jpg,ffe1c1800080c1f7,5
5708.5,320.14927542209625,1.1235955056179776,0.6998852210241888,0.9312398042414356,137.72242175474602,54.636962041177746,83.42979305626817,44.97286286258323,75.06926629040534,43.21689295908017,6535.954908673147,396.5613437748269,0.4719503649962138,0.3302597482095519,A,grading/data_processed/onion/A/Onion_Red_3_r_168__100.jpg,ff870301030383ff,86
5675.0,312.0487719774246,1.2048192771084338,0.7323703848580655,0.9506658849149844,28.053719008264466,49.79187268362731,93.59814049586775,52.8174288984263,74.6361914600551,42.61769126678499,4849.575673958483,521.7434586832178,0.4299312663333257,0.2888103763178138,A,grading/data_processed/onion/A/Onion_2_r2_190__100.jpg,ffc38100000183ef,0
5113.5,327.2619731426239,1.0674157303370786,0.5999803613934699,0.9149221685453568,34.15558941154066,11.128701934692971,70.9617215768425,37.31307198670372,68.05008569796229,39.64210443459484,1928.2083342536637,363.3725794884056,0.542111376145524,0.363743707190782,A,grading/data_processed/onion/A/Onion_White_2_r1_94__100.jpg,ff9f0707070181e3,18
6965.5,365.26197361946106,1.020408163265306,0.6560746203075309,0.9452435880037996,80.43878124122438,84.6190248167675,124.54422914911542,37.40759009426801,92.4998595900028,53.89964946863606,2616.1953176905454,395.5030921459494,0.413442938560528,0.257024183882186,A,grading/data_processed/onion/A/Onion_Red_1_r_94__100.jpg,ff9f8701008081e7,13
6398.0,534.3574252128601,0.9895833333333334,0.2815726075259192,0.8711280550071482,15.695442197404166,9.42891976706744,140.76743133111984,44.681730941625595,86.197404165409,50.54063851760816,2790.648986418898,657.0561835106382,0.3716812203643109,0.2550437650557289,A,grading/data_processed/onion/A/Onion_White_1_r_93__100.jpg,ffff9f09018181c3,11
5882.0,360.534050822258,1.1235955056179776,0.5686464181103138,0.8839131414832069,34.94153693275919,11.067338547884912,54.63978138456442,35.88109140188886,77.89715137462736,45.36985604484087,3072.160131599546,410.882760186131,0.5885348488871166,0.3105460041647108,A,grading/data_processed/onion/A/Onion_White_2_r0_205__100.jpg,ffdf8f01000181e7,2
3639.0,307.56348943710327,1.6129032258064515,0.4834174916604242,0.8526241799437676,29.64333068151684,48.27602088469996,82.7104216388226,50.67786528993325,48.6260938743039,28.93536901524615,12763.511248699271,334.1164874551971,0.5270087178212629,0.3775951644332908,A,grading/data_processed/onion/A/Onion_2_r1_84__100.jpg,ffe1c00000e1f3ff,75
4732.0,289.220342874527,1.130952380952381,0.7108810325262676,0.9229568948702944,148.50041203131437,46.4376351177669,95.16357643180882,44.054490457186766,62.216110424392255,35.78730229271764,8558.305577854411,338.89678318135765,0.5689339482257951,0.3772588989438905,A,grading/data_processed/onion/A/Onion_Red_3_r_57__100.jpg,ffc3c3818081c3e7,8
4558.5,330.97770285606384,0.74,0.5229189112878677,0.8716061185468451,46.60527435133986,60.09586377863103,74.25031901318587,53.65745596573605,60.833687792428755,36.29677622378341,9681.32243095325,545.3494520547946,0.4653609723567772,0.3447221284505795,A,grading/data_processed/onion/A/Onion_2_r0_210__100.jpg,f3c383c181c1c1e3,50
4225.0,304.73506224155426,1.4285714285714286,0.5717309789880343,0.9175806276468672,30.455234159779614,43.513432350455005,87.59044995408632,54.16921452519765,56.38406795224977,33.599018492963744,9347.49502757143,394.6582972582973,0.5155627036802631,0.363425320695993,A,grading/data_processed/onion/A/Onion_2_r2_78__100.jpg,ffe1c10080c0e1ff,51
4347.5,280.35028529167175,1.492537313432836,0.6951002583558655,0.9360533964904726,23.49004251510405,46.32582517418725,146.64018796151265,64.73353720920528,57.60460953233385,33.73503279849211,15582.56504121185,293.1769938187849,0.4445036769446183,0.320966548017897,A,grading/data_processed/onion/A/Onion_Red_2_r2_6__100.jpg,ffe1810000e0e1ff,59
6099.0,320.87719786167145,0.94,0.7443732958490806,0.9393192669028184,144.4406670942912,50.455899501959195,96.16340602950608,39.71021249588384,80.29121231558692,45.83047932216916,4910.194533997284,394.36623655913974,0.4814337808485515,0.3228434323879772,A,grading/data_processed/onion/A/Onion_Red_3_48__100.jpg,ffe78101000183c7,4
4264.0,315.56348955631256,0.69,0.5380883138731741,0.8770053475935828,52.989318181818184,65.21461509709553,76.71113636363637,52.31425986356223,56.54204545454545,32.58419939727796,10430.679141755933,437.9673529411765,0.4669191095155001,0.3437523670884213,A,grading/data_processed/onion/A/Onion_2_r0_165__100.jpg,f3e383c181c1c1e3,50
4322.0,310.04877042770386,1.155844155844156,0.5649819845508876,0.9084603258013664,56.02716659182757,77.82249515899052,114.3343062415806,50.69575028533339,57.38774135608442,33.62979390170471,14917.294687552656,370.3375147579693,0.4682080535788199,0.3328065727782377,A,grading/data_processed/onion/A/Onion_Red_1_r_150__100.jpg,ffc3c10181c1c3f7,8
5433.0,296.2497810125351,1.0602409638554218,0.7779174133218505,0.9607427055702916,129.81999640352456,63.76806338882505,94.75472037403344,47.42909876778726,71.42762093148714,41.073018250000565,6640.940158823085,343.471956792688,0.3832673767614326,0.2221433671111342,A,grading/data_processed/onion/A/Onion_Red_3_r_8__100.jpg,ffc18180808181ef,54
6965.5,314.9777032136917,0.979381443298969,0.8822720819340738,0.9872439940471972,145.97958034079707,51.44711113572938,110.48486128714264,41.04432675251944,91.69877482044782,53.06783923522562,1939.4702735078015,358.3740951963149,0.4140629469869713,0.214086179139796,A,grading/data_processed/onion/A/Onion_Red_3_r2_80__100.jpg,ffc78b83018181c7,11
6869.0,316.39191579818726,0.92,0.8622885592710435,0.9826192690079394,19.86680942184154,11.200328416150676,125.3009279086367,49.78580766033998,91.17544610992148,54.11330194204392,4087.388498003309,479.5735164835165,0.4211317555595119,0.2243514852603699,A,grading/data_processed/onion/A/Onion_White_1_r2_138__100.jpg,ffcf8f0d818181c3,58
6951.5,321.46298384666443,1.0526315789473684,0.8453303232202584,0.9804654442877292,17.354351812667513,12.316967873400587,142.21695584708704,54.221059624469525,91.36902242911552,52.98787198158816,4763.911783534626,511.2757044125466,0.384253181914464,0.2408736329605515,A,grading/data_processed/onion/A/Onion_White_1_134__100.jpg,ffc7870f000181e7,12
5231.5,298.4924211502075,1.2658227848101269,0.7378523695393591,0.949627881648212,26.736567164179103,37.91352600177518,93.57220149253732,53.41728865491939,68.86305970149253,39.708789502735485,5549.436862297709,400.5765247410818,0.5020955124968501,0.3117132397002501,A,grading/data_processed/onion/A/Onion_2_r2_21__100.jpg,ffe1c18000c0e1ff,59
6137.5,367.6051186323166,0.94,0.5707399451576574,0.8993991793669402,56.16851969504447,78.37305937583412,113.77874841168996,45.140527430800226,80.77207750952986,46.2558281832573,5157.6914473064735,476.8525806451612,0.4414885705425557,0.3162360929824396,A,grading/data_processed/onion/A/Onion_Red_1_86__100.jpg,fff7c181000181c3,4
5604.5,394.43354547023773,1.0526315789473684,0.4526880714542627,0.8268663322514016,34.89404432132964,10.877108442761717,54.07531163434903,29.70190728390658,74.53756925207756,43.25800697557224,2437.925969850415,410.3576820839977,0.6098199360708246,0.378207873654951,A,grading/data_processed/onion/A/Onion_White_2_r0_72__100.jpg,ffdf8f07010181e3,23
6619.0,350.8771963119507,1.075268817204301,0.6756036028191756,0.951279103190572,39.04342046964998,60.13909348184375,89.12051395657953,48.19405473624498,86.98582188746123,49.78543333306304,2647.1989448375534,499.68013468013464,0.4042724554006362,0.2577015432318514,A,grading/data_processed/onion/A/Onion_2_r1_218__100.jpg,ffc30100008183ef,0
6953.5,317.4629856348038,0.94,0.8670160365026036,0.9850545403031592,148.2286641275215,47.1874648559652,106.71900126957256,41.54188665442357,91.41740725067004,52.64049360987454,2577.0099712086917,397.7084946236559,0.4002433733876706,0.2337709339887786,A,grading/data_processed/onion/A/Onion_Red_3_r2_53__100.jpg,ff8f9b18018183c7,89
5765.0,356.33304131031036,0.94,0.5705543048757807,0.881094299251108,34.87339418526031,11.511218124305334,50.56355645706559,29.146934606450433,76.22025016903314,44.19589975067562,3354.351553542327,512.5816129032258,0.5882398808715488,0.3531949381775744,A,grading/data_processed/onion/A/Onion_White_2_r1_149__100.jpg,ffcf8f01018183c3,11
4795.0,302.3919166326523,1.2820512820512822,0.6589585846635214,0.920345489443378,33.33306255077173,47.50671801955593,86.09037367993501,50.59919756693423,63.25995125913891,36.39199342850443,6788.366461522024,351.8280238280239,0.4986006912837114,0.356198021829936,A,grading/data_processed/onion/A/Onion_2_r2_94__100.jpg,ffe1c10080c0e1f7,5
5246.0,302.7350615262985,1.2345679012345678,0.7193043821929099,0.9538181818181818,38.17578125,60.03120605697114,87.97749255952381,48.3097649009406,69.00372023809524,39.57699963173432,6004.957318381345,436.5101633620153,0.4753958591399531,0.3226040318559116,A,grading/data_processed/onion/A/Onion_2_r1_230__100.jpg,ff8781000101c7ff,0
4164.0,277.9066352844238,1.5151515151515151,0.6775209872216095,0.9200176756517896,21.74591312470808,48.53224382487519,164.9259691732835,54.449775314633754,55.36151331153666,31.29405209826686,14853.69407050046,276.11447811447806,0.4956390389706149,0.3365764339183489,A,grading/data_processed/onion/A/Onion_Red_2_r1_302__100.jpg,ffe10180c0c1e1ff,97
4338.0,288.39191567897797,0.67,0.6554404619028011,0.929704243463352,41.12892376681614,66.80746190438826,149.51547085201793,55.7911101066357,57.61367713004484,32.62220682232482,14340.435369659166,381.4846969696969,0.4794470473393979,0.3131220530563007,A,grading/data_processed/onion/A/Onion_Red_2_r0_245__100.jpg,f3e7c3818181c1e7,26
5092.5,337.605118393898,1.1294117647058823,0.5614652175119792,0.8878138075313807,103.29755538579067,83.85967489942792,114.93640183346066,45.94195739782583,67.6098166539343,38.85531194709069,10683.35375810986,494.1795665634675,0.4761376594264629,0.3431667211135268,A,grading/data_processed/onion/A/Onion_Red_1_r2_94__100.jpg,ffc383810083c3ef,0
6049.5,359.26197350025177,0.94,0.588988537085768,0.8965542793627269,72.36047073996453,83.10271317007839,113.60486861196196,45.353528342610424,79.50040303079155,45.565826214596584,5348.410848166591,402.73741935483866,0.4485916486602495,0.3255697443830201,A,grading/data_processed/onion/A/Onion_Red_1_98__100.jpg,ffe78181000181c3,4
6898.5,312.9777020215988,0.91,0.8849887248902257,0.9884653961885655,149.26631593914402,46.04771632054444,103.30413763685485,40.70029394418098,90.5268022181146,52.15392076739965,2335.224359509721,388.6612222222222,0.4379690878964415,0.2143289700609962,A,grading/data_processed/onion/A/Onion_Red_3_r_72__100.jpg,efcf9981818181c3,3
6174.5,332.4335469007492,0.97,0.7021048488130281,0.9250187265917604,146.76278701504356,47.6676018073727,93.05574030087094,39.84238221209653,81.03657957244656,46.583531678195314,4464.963496397067,340.0797916666667,0.5036535723203375,0.3344157961224029,A,grading/data_processed/onion/A/Onion_Red_3_118__100.jpg,ffe78101000181c7,4
5363.5,432.03152453899384,1.0319148936170213,0.3610998214730567,0.7598101714123814,14.958543619322278,7.740501831738394,147.17069214131217,43.470144381092304,72.76315789473684,43.087829663999806,2813.10040521339,410.5072030141844,0.4803933994629213,0.3750209492617395,A,grading/data_processed/onion/A/Onion_White_1_r_88__100.jpg,ffffbd04008181c3,43
6406.0,308.39191710948944,1.101123595505618,0.8464295657351392,0.978313989004276,21.870449678800856,15.861279527995505,121.31416335270724,49.906429282886215,84.18063628020802,48.952895727266046,6539.113557408669,445.10610448279857,0.4175281492304837,0.238584611278482,A,grading/data_processed/onion/A/Onion_White_1_66__100.jpg,ffc39d09000181ef,63
4601.5,295.94826555252075,1.15,0.6602033021911955,0.9167247733838032,61.47597883597883,80.747356368799,111.98116402116402,47.15362111047513,61.23153439153439,35.885870534165015,12269.486464732989,375.6269230769231,0.4799830187443231,0.3414932273203079,A,grading/data_processed/onion/A/Onion_Red_1_r_133__100.jpg,ffc3830181c1c3e7,8
6083.5,339.9482649564743,0.94,0.6615119873780285,0.916051799427797,145.4763204366672,50.340860547780565,91.64938192326215,40.17703288900764,80.08701236153476,46.10499656074653,4406.962830228611,351.84548387096777,0.4974996529480889,0.3237310669007928,A,grading/data_processed/onion/A/Onion_Red_3_126__100.jpg,ffe78301000181c7,4
6012.0,328.53405153751373,0.95,0.6999516746333628,0.9247808029533918,64.40247074122237,81.54091759521687,120.30494148244472,41.74053689538723,79.00763979193758,45.167789052614225,5387.679877351801,393.52914893617015,0.474971327022822,0.3393819943242799,A,grading/data_processed/onion/A/Onion_Red_1_16__100.jpg,ffe7c181010181c3,4
4324.0,278.5929265022278,1.5151515151515151,0.7000924246502952,0.9339092872570196,20.44014401440144,40.046016168407405,147.9439693969397,64.0374009056966,57.263726372637265,33.14217699163874,13305.626651147842,279.971533516988,0.4409969783789017,0.3134755886931984,A,grading/data_processed/onion/A/Onion_Red_2_r2_1__100.jpg,ffe1810000e0e1ff,59
4509.0,324.73506128787994,0.71,0.537318429146613,0.885419734904271,52.274193548387096,63.89773988165838,76.96043010752688,54.82614304422054,60.32408602150537,36.22991873109043,9358.95030224162,542.8784285714286,0.4411835386864997,0.326062908666661,A,grading/data_processed/onion/A/Onion_2_r0_202__100.jpg,f38383c18181c1f3,50
5197.0,320.7350616455078,1.1904761904761905,0.6348479253297156,0.8969623748705557,140.48200899550224,54.45356238056345,96.11600449775112,46.81305365741079,68.63418290854572,39.29540585722192,7932.299438081065,368.42628667628674,0.5057818589550156,0.3530685136964847,A,grading/data_processed/onion/A/Onion_Red_3_r_25__100.jpg,ffe1c080c0c0c1f7,5
6503.0,322.0487698316574,1.1363636363636365,0.787916742429347,0.9708868318901164,17.183406113537117,15.37966344843207,136.3735883150128,57.894201892484325,85.63273603372986,49.75226875455943,5083.110263429751,429.6070936639119,0.4078651372715917,0.2329698367879148,A,grading/data_processed/onion/A/Onion_White_1_199__100.jpg,ffc38307000183ef,8
6098.0,335.70562398433685,0.94,0.6799548098065349,0.920869827846572,143.81256007689842,51.43566033408678,95.4975969240628,39.69733389637486,80.23790451778277,45.91921655670454,4975.860732956089,400.60365591397846,0.476178017763354,0.3218524307289698,A,grading/data_processed/onion/A/Onion_Red_3_42__100.jpg,ffe78101000183e7,1
6504.0,330.8771973848343,1.1235955056179776,0.7465462522464805,0.9538754858106622,14.494884140836591,33.91412418371506,173.84441769485406,49.64406734741987,86.62774601263918,47.61983797061016,3375.567877843707,438.5834752014528,0.3638492291178906,0.237859295925574,A,grading/data_processed/onion/A/Onion_Red_2_r1_273__100.jpg,ff01818080c1c1ff,71
7254.0,318.87719774246216,1.0416666666666667,0.8964797532437836,0.9888896462408834,27.534776725304464,52.648974872509186,146.1722598105548,55.63020143476622,94.99810554803788,54.022888916250984,2650.0505364149303,383.4760101010101,0.359340820984226,0.2165357258920802,A,grading/data_processed/onion/A/Onion_Red_2_r1_85__100.jpg,f7e1e1e0808181e7,7
4707.5,305.806129693985,1.2048192771084338,0.6325688765048988,0.899235912129895,142.32244729226954,54.263616683191394,90.03203803224473,43.80315063321171,62.03534518396032,35.6607301069359,7867.830629176949,341.1517585493489,0.5653610228341256,0.4036666026230978,A,grading/data_processed/onion/A/Onion_Red_3_r_43__100.jpg,ffe3c18180c1c3e7,7
6648.0,356.190905213356,1.0,0.6584688312082203,0.9256474519632414,79.49507425378621,84.90495311707242,114.28495809439788,43.57896926785459,87.67019555947655,50.66850737739316,4511.006276000001,467.5095959595961,0.4326420081027032,0.3079966849877985,A,grading/data_processed/onion/A/Onion_Red_1_39__100.jpg,ffe78306000181e3,12
3738.0,265.4213536977768,0.63,0.6667721341286448,0.9223935842072796,45.22669436509997,68.82182274810873,154.64606595689432,56.637491099555625,49.62451311347702,28.75056386139209,17511.684678735197,337.5587096774194,0.5151164909650732,0.3662438714314305,A,grading/data_processed/onion/A/Onion_Red_2_r0_13__100.jpg,f7e7c381818183c7,26
3819.5,268.49242210388184,1.5714285714285714,0.6658130650178653,0.919475204622051,25.683956267480298,53.24708452664336,159.31680650902618,58.13351470916571,50.53674040172896,29.02581306013084,20122.04583224304,253.4795918367347,0.5323336589176833,0.354454345428927,A,grading/data_processed/onion/A/Onion_Red_2_r1_313__100.jpg,ffe10180c0c1e1ff,97
4932.5,298.8355675935745,1.3333333333333333,0.6940845630994159,0.9343625686683084,31.239035954168312,53.147136225723216,93.1197155274595,54.868776780850254,65.11714737258,37.22720487778052,7636.471476248888,420.33468013468024,0.4552421881954266,0.3128655763917302,A,grading/data_processed/onion/A/Onion_2_r2_198__100.jpg,ffc38100000383ff,0
4459.5,301.8650040626526,0.69,0.6149934608663616,0.9009090909090908,40.130851295449595,52.78184350908566,84.01306335728282,53.27814451368749,59.053124319616806,34.7276268111965,8744.079412959461,491.5741176470587,0.467032898092207,0.3210127046931235,A,grading/data_processed/onion/A/Onion_2_r0_329__100.jpg,cfc3c183818183c7,3
4002.5,346.6345571279526,1.5151515151515151,0.4185983297031803,0.8116191828044206,28.838430050565854,43.88095607915135,87.50734408861064,51.670751965864355,53.6934745966771,32.0866752698494,10799.637265289257,397.11937557392093,0.5108919043761909,0.3558056607951873,A,grading/data_processed/onion/A/Onion_2_r1_73__100.jpg,ffe1c00000e1f1ff,59
5975.5,321.3208476305008,1.2195121951219512,0.7272878073294806,0.9636348975971616,36.08585445625511,59.256698565160114,86.54112837285363,53.06224057357101,78.76451349141455,45.09555748512408,3602.2846337745395,455.9712983493472,0.4139741866909887,0.2396832434838717,A,grading/data_processed/onion/A/Onion_2_r1_325__100.jpg,ffc38100000183ef,0
6695.0,405.64674949646,0.979591836734694,0.5112866401720143,0.9368222206674596,147.19507934197117,50.41042873581359,118.170767215024,40.09244792424852,88.8487407191731,51.1769014559043,1701.7671391147603,475.7064446831364,0.4289461563657311,0.2545906684165252,A,grading/data_processed/onion/A/Onion_Red_3_r2_67__100.jpg,ff8f8701010181c7,18
6707.0,316.3919155597687,0.92,0.8419521583559555,0.975918515823936,15.720151980125676,12.892132726031909,143.64737688148472,51.50848557264977,88.23381557796289,51.122598507832905,6413.51063284499,635.4707692307694,0.3903073815199864,0.2410367230270171,A,grading/data_processed/onion/A/Onion_White_1_r_144__100.jpg,ef8b8d01018181c3,3
5016.5,296.291411280632,1.058139534883721,0.7180795445041497,0.9365257164193036,149.56234195681773,46.70619694211566,104.60902548142384,45.405159447125456,66.01283796926668,37.880742112200345,9177.707056017578,338.3826873385012,0.5011607710447201,0.3286759238351353,A,grading/data_processed/onion/A/Onion_Red_3_r2_41__100.jpg,efc383808181c3ef,22
4268.0,274.93607199192047,1.5384615384615383,0.709530105756928,0.943308652889822,68.82493731479371,80.5769676828395,155.89149760656483,59.4808908308202,56.63027125598359,32.05783289770813,12209.268530437874,247.06138306138303,0.5031439953315309,0.3121736944304781,A,grading/data_processed/onion/A/Onion_Red_2_r2_204__100.jpg,ff878100008387ff,0
6602.0,316.3919174671173,1.1111111111111112,0.8287711469281446,0.9757611587348508,11.947313742950431,20.4732169312408,160.44018996734937,54.11907980678183,86.77753042445829,49.496892272428795,4161.996487654321,505.6262626262627,0.3723561162533108,0.2357947766656538,A,grading/data_processed/onion/A/Onion_Red_2_r2_64__100.jpg,ffc381800081c3e7,7
3912.0,323.5634891986847,0.61,0.4695584820839421,0.8252294061807827,49.96076011846002,66.51194839711435,80.24358341559724,52.99860440517799,52.451382033563675,31.15348837089307,11040.113265896263,515.1320000000001,0.4365343280506488,0.3119833506953715,A,grading/data_processed/onion/A/Onion_2_r0_262__100.jpg,e3c3c3c18181c1e3,50
6080.0,310.3919161558151,1.162790697674419,0.7930355192351808,0.9667673716012084,12.249476903267343,21.403263298679235,164.21648157089973,57.11503133015565,79.89344921937872,45.59768056713068,5913.261928555976,473.53758515386426,0.3982000694567404,0.2624906648330253,A,grading/data_processed/onion/A/Onion_Red_2_r2_60__100.jpg,ffc381800081c3f7,0
7336.0,325.70562493801117,0.99,0.8689977838340387,0.9850946689942258,18.680936454849498,35.544415727707076,160.89658862876254,55.538240841067655,97.403745819398,54.67060559755693,2462.55428640955,375.2913265306122,0.3602994495895021,0.2284671659980751,A,grading/data_processed/onion/A/Onion_Red_2_r2_105__100.jpg,f7f1e1c0808181e7,55
4733.5,306.4924213886261,1.2048192771084338,0.6332172903795297,0.8975161167993932,142.1826962597616,54.302967560404085,91.23468968351828,44.546912941371595,62.410398684751335,35.90502563671816,8824.427817912616,334.84373859072656,0.5703867709404213,0.4007565566672467,A,grading/data_processed/onion/A/Onion_Red_3_r_41__100.jpg,ffe3c18180c1c3e7,7
5701.0,355.50461316108704,0.9494949494949496,0.5668529663989518,0.8841501240694789,35.09569377990431,12.64696524540705,51.330485304169514,30.63390102885505,75.47539302802461,43.84198747924811,3140.0658726239308,490.22732703377864,0.5784144687685094,0.3551993064974569,A,grading/data_processed/onion/A/Onion_White_2_r1_161__100.jpg,ff9f9f01010183c7,16
5920.5,353.7472549676895,0.95,0.5945413877686828,0.9109863055854748,63.782207578253704,81.43531617990509,115.79472817133444,41.82534925630761,77.87578253706755,44.73884008550665,6101.867541839336,415.46531914893615,0.5021730477621946,0.3472873521734254,A,grading/data_processed/onion/A/Onion_Red_1_198__100.jpg,dfef8301000181c7,4
4491.0,328.8771985769272,0.74,0.5217775512751629,0.8648180242634316,45.560880829015545,59.7946703101291,74.06714162348878,54.016681119378866,59.696459412780655,35.045619239481844,10038.67916844412,488.0904109589041,0.4708393002207202,0.3541461654091573,A,grading/data_processed/onion/A/Onion_2_r0_213__100.jpg,f3c383c181c1c1f3,50
4061.0,329.906635761261,0.67,0.4688789668144781,0.8153799819295251,51.864684898929845,68.58730084547042,72.51961950059453,54.46346588007172,54.04423305588585,31.43185359422817,10833.374070193808,465.0430303030303,0.4691611123984701,0.3514090095757639,A,grading/data_processed/onion/A/Onion_2_r0_246__100.jpg,f3c1c3c1c1c1e1e3,50
6959.5,316.14927554130554,0.979381443298969,0.8749908696531185,0.9863236961451248,145.1183765501691,52.42266081500141,112.50605975197294,41.53084545849013,91.69278466741828,53.0434856363869,1932.858193425344,380.8330774292607,0.410493311738032,0.2159290725595574,A,grading/data_processed/onion/A/Onion_Red_3_r2_76__100.jpg,ffc78783018181c7,11
4478.5,324.2914102077484,0.7,0.5351450985140058,0.889385363916195,47.56876759800736,61.188712763844066,75.66233484946935,53.476628040624085,59.853801169590646,36.17140360516151,9596.217751,525.6040579710145,0.4381702569030288,0.3207968477359594,A,grading/data_processed/onion/A/Onion_2_r0_198__100.jpg,f38383c18181c1e3,50
6158.0,301.2203438282013,1.162790697674419,0.852866289487105,0.9823721783520778,58.751352211263125,78.603440466981,162.86032453070314,52.09718787572884,80.87766465160675,45.45527974731792,4598.419988628989,295.7155273666902,0.4283362338661918,0.2563282801469898,A,grading/data_processed/onion/A/Onion_Red_2_r2_230__100.jpg,ffc38100010383ff,8
4440.5,338.9777021408081,0.75,0.4856232550968859,0.8393346564596919,48.163687881429816,63.03756451665896,73.3823016564952,55.429450913118,59.04010462074978,34.52233088478799,9068.088516462223,529.161081081081,0.4828770933654546,0.3693332862511715,A,grading/data_processed/onion/A/Onion_2_r0_229__100.jpg,f3c3c3c1c1c1e1e3,50
4057.0,272.24978137016296,1.5625,0.6878279071091001,0.9326436781609196,46.86484543493889,71.0766231486389,148.83129642942728,61.1433463466383,54.24131320393003,31.265151601643925,15439.713188256836,303.3347537878787,0.5191779274006972,0.3344511096258616,A,grading/data_processed/onion/A/Onion_Red_2_r2_173__100.jpg,ffc70301000387ff,0
6781.0,315.2203425168991,0.93,0.8575809697519238,0.980763667920162,19.43045112781955,9.330630377609104,132.57345286292656,49.799330814943715,89.10309427414691,51.671465576253375,4379.448256156781,381.9191304347827,0.4368579708136167,0.2434925388864795,A,grading/data_processed/onion/A/Onion_White_1_r_48__100.jpg,ffdf9d81010183c7,16
5081.5,323.80612993240356,1.25,0.6090201498473296,0.9053897550111358,131.04769201302432,62.37456767868198,93.37195939475195,49.04576830271524,66.99387090595671,38.512819596780886,8014.666762359376,353.91919191919203,0.4692436260461202,0.3333192360999737,A,grading/data_processed/onion/A/Onion_Red_3_r_10__100.jpg,ffe1c0c080c1c1f7,7
5626.0,386.3330405950546,1.0526315789473684,0.4736809155793013,0.828205505667599,34.86999309392265,10.567847626314032,54.77607044198895,31.841128855122616,74.70338397790056,43.19864980415806,2293.7507795124657,385.2141414141413,0.6040263734695209,0.3773493413039648,A,grading/data_processed/onion/A/Onion_White_2_r0_70__100.jpg,ffdf8f07000181e3,18
5367.0,334.04877030849457,0.9895833333333334,0.604396171331713,0.8529879211697393,33.46543277082199,9.159597890877324,65.64960987116676,37.96715767602603,71.2293594628924,41.312231041334265,2097.64898515649,313.6326462765958,0.5968334534566048,0.380201413351121,A,grading/data_processed/onion/A/Onion_White_2_r1_129__100.jpg,ff8f8f0f018181c3,11
6473.0,322.53405117988586,1.1235955056179776,0.7819236121214359,0.9675635276532136,15.926172465960663,9.948870591474126,139.67639939485628,57.21976481401781,85.21376701966717,49.55957149387751,5664.5286739553085,453.09749177164906,0.4100662192603754,0.2441272666375996,A,grading/data_processed/onion/A/Onion_White_1_196__100.jpg,ffc38307010183ff,0
6055.0,365.5046135187149,0.95,0.5695584313388252,0.8985679305483416,63.90903236193849,81.20817252210387,114.0004830140074,44.747976712113626,79.74706166478828,45.638710618500546,5201.486274515235,452.363085106383,0.4504238413225848,0.3316677168836541,A,grading/data_processed/onion/A/Onion_Red_1_90__100.jpg,fff7c181000181c3,4
6478.5,346.09040081501007,1.1235955056179776,0.6796811404496018,0.9587125416204216,18.109433962264152,20.73528998164722,142.2612830188679,54.92844706726904,85.28950943396227,49.45428492552685,5226.329756078778,441.27250028373624,0.407742467044921,0.2414368859287125,A,grading/data_processed/onion/A/Onion_White_1_194__100.jpg,ffc38507010183ff,0
5421.5,419.5462435483933,1.0425531914893618,0.387052299746412,0.7601654514862591,15.427245134797358,8.047491182683785,146.90787359400107,44.60234837926441,73.13194072487056,43.09789534805967,2826.0810290774048,397.27045404694024,0.4866958780673932,0.376420493838148,A,grading/data_processed/onion/A/Onion_White_1_r_85__100.jpg,ffffbf00008181c3,43
5852.0,326.7350615262985,1.0869565217391304,0.6888468873692717,0.9227373068432672,28.844844844844843,52.39356866055158,81.35235235235236,52.8573098114708,76.94744744744744,44.2110207453565,4388.803403780718,451.0791611769873,0.4791212341962053,0.3372862956441677,A,grading/data_processed/onion/A/Onion_2_r2_286__100.jpg,ff830303010387ef,46
6079.0,327.22034311294556,1.065934065934066,0.7134465070112861,0.9511813487717102,84.04855305466238,84.32651032483994,122.6451768488746,46.205809522725595,80.04726688102893,45.96989456542633,6338.062642569531,438.7292811355312,0.4258892661966711,0.2796292786624599,A,grading/data_processed/onion/A/Onion_Red_1_r_24__100.jpg,ffc3c181818183e7,8
5211.0,318.0487699508667,1.0326086956521738,0.6473564755153514,0.901089399965416,33.57546287637928,13.855072216784118,61.7030110342248,43.38097715892977,69.28988217692164,40.65989404617566,1934.2958495226976,300.2950971322849,0.5589974903536008,0.3745717629216439,A,grading/data_processed/onion/A/Onion_White_2_r1_189__100.jpg,ffbf1f03010181c7,23
6104.0,373.50461304187775,1.1111111111111112,0.5498350852289416,0.90738813735692,35.383620689655174,9.551476782659597,48.56992337164751,29.462753760055765,80.8117816091954,47.03131869108132,3198.880683654321,456.8126823793491,0.5782106383423721,0.2914183612141778,A,grading/data_processed/onion/A/Onion_White_2_r0_158__100.jpg,ffdf0f00000183e7,13
6777.0,316.3919162750244,0.91,0.850739488799765,0.982031589624692,17.91812527122812,18.94757268025456,145.92029509619556,54.14698786003486,89.15449153768263,51.45003854729195,3934.72616563217,519.8907777777778,0.3722609914605355,0.2239644206752382,A,grading/data_processed/onion/A/Onion_White_1_r2_40__100.jpg,ef878d89018181c7,3
6595.5,309.4629839658737,1.1111111111111112,0.865446390520201,0.9802333358103588,20.375799018879142,13.054493396588551,123.62375501709528,49.14816630576082,86.69377136910956,50.38459662221361,5007.037712580247,423.92199775533106,0.3850908565048807,0.240957640772849,A,grading/data_processed/onion/A/Onion_White_1_78__100.jpg,ffc38d0c000181ef,2
5686.5,377.26197254657745,1.0103092783505154,0.5020752869957767,0.8053962183981305,14.529834159685416,6.458238663137578,146.36980680458197,47.2385482677924,76.04257137972303,44.75221268514578,3025.274408726055,330.01615474545645,0.4900350335358621,0.372342091387822,A,grading/data_processed/onion/A/Onion_White_1_r2_104__100.jpg,ff8f8f0f030181e3,11
7299.0,320.39191603660583,1.0526315789473684,0.8935320367897681,0.9878865804967178,20.5327416969208,45.662913739623015,161.5166061583972,49.311463558011106,96.49697458652685,54.80785950221676,2180.821013839335,344.0443381180223,0.3369271836312392,0.2034827997383758,A,grading/data_processed/onion/A/Onion_Red_2_r1_252__100.jpg,e7e1e1808081c1e7,15
7198.0,317.5634905099869,1.075268817204301,0.8969341766339435,0.9893478111470002,70.42263122017724,81.38447874211042,126.66952965235174,45.55171587703927,94.52119972733468,53.89635899018052,4088.0947283038495,482.118496795916,0.3105266765784059,0.1971763410919956,A,grading/data_processed/onion/A/Onion_Red_1_r_193__100.jpg,ffcf8700000181c7,2
7218.0,324.04877030849457,1.020408163265306,0.8637856527566865,0.9817736670293796,83.33478319967378,85.44485007520572,111.96194100856329,40.09143644551932,94.85089030854968,54.84183818768077,2778.6703906601415,325.8001443001443,0.3815523326507452,0.2359010711686823,A,grading/data_processed/onion/A/Onion_Red_1_r2_149__100.jpg,ff87870d008181c7,44
4090.0,310.24978041648865,0.6,0.5339618221726179,0.8889371875679201,38.25869822485207,55.49170894484111,89.59005917159763,57.044369697610534,54.38106508875739,31.80776759439366,13545.182775,547.5052542372881,0.4274729176573463,0.2723444555004324,A,grading/data_processed/onion/A/Onion_2_r0_309__100.jpg,e7e3c181818183c7,26
4262.5,324.1492760181427,1.4492753623188406,0.50978158600987,0.8635534846029174,31.045877810583693,47.80045188803177,89.66977061094708,49.8733618773894,57.0097660685896,33.685707784446926,8945.035488342784,412.9439320743669,0.5035613746943427,0.3483934763720377,A,grading/data_processed/onion/A/Onion_2_r1_68__100.jpg,ffe1c00000e1f1ff,59
4754.5,306.29141068458557,1.1547619047619049,0.6368616234693217,0.8947120812946933,142.0978705978706,54.24548581152552,87.16154791154791,42.96871788125755,62.7985257985258,36.61143488152161,9516.671746520376,351.5223214285714,0.5597242462533041,0.3865710485620727,A,grading/data_processed/onion/A/Onion_Red_3_r2_122__100.jpg,ffc3c3018183c3e7,8
5760.0,399.9898946285248,0.9690721649484536,0.452412200794927,0.8137892059903927,17.6931894807822,9.75605699834342,145.6276129467296,49.086638141133264,77.40205664194201,45.6442200483421,3480.7878849729277,400.2643831060858,0.4803397399885765,0.3345581096730337,A,grading/data_processed/onion/A/Onion_White_1_r_63__100.jpg,ffff8f83010181c3,4
6188.0,330.5340518951416,0.95,0.7117504559557086,0.9324894514767932,145.8636435455838,49.14563684130209,98.82145678622216,41.38575707837937,81.39943118976142,46.4369667899441,4202.6513761662045,417.7679787234041,0.4803918548214041,0.3198510273851406,A,grading/data_processed/onion/A/Onion_Red_3_57__100.jpg,ffe78101010183c7,8
6879.5,355.26197373867035,1.020408163265306,0.6849664348140527,0.9470677312775332,15.487555113070687,10.97931661857648,140.17650405347746,51.880684802928045,90.88806713127578,52.67125107339143,3386.0976244897956,434.1283240568955,0.4006769777433104,0.2681509747707907,A,grading/data_processed/onion/A/Onion_White_1_r2_79__100.jpg,ff8f9d09010181e7,2
4257.0,281.90663492679596,1.492537313432836,0.6731361573223092,0.9201340105911596,22.549691569568196,49.92369192404015,164.8412154443683,54.81788788982461,56.39067854694997,31.890447968332225,13234.966245734016,289.6045529926127,0.4878565341408347,0.3324602834892313,A,grading/data_processed/onion/A/Onion_Red_2_r1_300__100.jpg,ff610180c0c1e1ff,71
3865.5,332.291410446167,1.4492753623188406,0.4399236513709433,0.8312009461348242,27.37624750499002,43.454046375427986,84.67964071856288,49.79292113022986,51.76047904191617,30.24578317996944,11247.058804347826,322.3122529644269,0.5458065318730376,0.4065703329872344,A,grading/data_processed/onion/A/Onion_2_r1_78__100.jpg,ffe1c00000e1f3ff,75
7428.5,328.2914105653763,0.98,0.866147690600209,0.9832561217736598,73.62029330162505,82.03021455701905,117.57339146518694,41.41206156164157,97.46413000396352,55.8934523632447,3663.1546122344857,515.5941237113402,0.339960996294892,0.2138648798713453,A,grading/data_processed/onion/A/Onion_Red_1_r2_27__100.jpg,ff8f1f01010181c3,18
6787.5,333.806129693985,1.0638297872340423,0.7654751417335725,0.9579422764801356,23.49596076168494,35.042840994661255,97.37261973456434,49.55564889549105,89.1532025389498,51.176985621609504,2567.9875739135355,510.5559853857725,0.4549679590894381,0.25277315202658,A,grading/data_processed/onion/A/Onion_2_r2_5__100.jpg,ffc1bd800080c1f3,100
4176.0,320.1909065246582,1.1578947368421053,0.511861383952682,0.8729096989966555,53.80746926467177,77.05490365083062,112.0821155184412,48.69130493069552,55.77777777777778,33.16527261475504,17145.62788803699,429.4653660012101,0.4748942356162109,0.3365408129854507,A,grading/data_processed/onion/A/Onion_Red_1_r_141__100.jpg,ffc3810181c1c3f7,8
3938.0,336.73506212234497,0.64,0.4364242734550435,0.8031817254741994,47.51481028151775,65.49802122451787,77.30012239902081,53.77765105263504,52.62252141982864,30.61223476831199,11772.941224975586,470.55857142857144,0.4572588116371898,0.3380268952462228,A,grading/data_processed/onion/A/Onion_2_r0_257__100.jpg,f3c3c3c18181c1e3,50
4364.0,299.07820749282837,0.68,0.613091179219383,0.8987745855215735,40.019363454262184,53.20601360030622,84.65234809703983,54.880192371566714,57.74671711551302,33.8872712719271,9584.068234753458,519.6207462686566,0.4658589206946401,0.320714561957711,A,grading/data_processed/onion/A/Onion_2_r0_326__100.jpg,cfc3c183818183c7,3
7047.5,316.9777035713196,0.9591836734693876,0.8814293733197611,0.9870448179271708,149.38543986636972,45.9708858265945,105.0531737193764,39.4916819207504,92.59298440979956,53.41001513694309,1889.8985717976457,378.142089093702,0.4167427532509154,0.2053753698513478,A,grading/data_processed/onion/A/Onion_Red_3_r_79__100.jpg,ff8f9901018181e3,11
5763.5,306.0071403980255,1.0459770114942528,0.7734514190356427,0.9626691164189076,88.72833644225878,84.37624258562239,120.54705782601324,47.859006635135394,75.90571477022215,43.41383021723957,7518.839146877667,426.1358876117496,0.3857028045395406,0.2384938730265735,A,grading/data_processed/onion/A/Onion_Red_1_r_22__100.jpg,ffe1c1808081c1e7,7
5947.5,390.9188277721405,1.098901098901099,0.489070130072837,0.8797426225870868,34.3794964028777,9.307779512784936,48.04365598430346,28.546043675517517,78.93378024852845,46.03910773434467,2895.778011109769,474.42302142302145,0.5975439197695994,0.3151203028392668,A,grading/data_processed/onion/A/Onion_White_2_r0_160__100.jpg,ffdf8f0d000181e7,13
6606.5,331.94826543331146,0.95,0.7534258141981542,0.9501653962318424,145.1111440426793,50.101462912240976,96.91360403082396,42.37585625930475,86.98117960877298,50.01676454250997,4035.8084278227143,524.4055319148936,0.4338037554421652,0.2739299730759467,A,grading/data_processed/onion/A/Onion_Red_3_r2_8__100.jpg,f7c7c58080c1c1e3,45
5685.0,405.8477600812912,0.9693877551020408,0.4337245711330235,0.8025127046866177,18.667178437393385,12.892091214667248,139.87154554759468,50.61336892481765,75.87717502558854,44.151629118383774,3094.0750349981136,371.5917281806341,0.4845764511911006,0.3545980553173804,A,grading/data_processed/onion/A/Onion_White_1_r_22__100.jpg,ffcf8f8f010101c3,58
4548.5,289.4629842042923,1.4492753623188406,0.682169020502567,0.9501775642364738,22.214132762312634,47.95124189194959,155.44346895074946,59.11696853799853,60.03233404710921,34.327981349706555,14394.55580867465,319.1033523642219,0.4639411589075419,0.3081586806472017,A,grading/data_processed/onion/A/Onion_Red_2_r1_210__100.jpg,ff858001038387ff,61
6597.0,313.5634888410568,1.1235955056179776,0.8431510247993762,0.9757432332495192,16.51351752822341,16.46960942904342,143.23529411764707,51.62287157448286,86.90701128936423,50.445236581869786,5612.004805756849,517.8550675292249,0.3775598276309941,0.2309047115109666,A,grading/data_processed/onion/A/Onion_White_1_170__100.jpg,ffc38d09000181ef,2
4080.5,273.52185797691345,1.5625,0.6853922201573518,0.929922515952598,55.68968802095737,75.94729791668439,153.65491783758037,61.26204840589361,54.31888544891641,31.11745149686746,13984.2933734375,242.83854166666663,0.5212165096856327,0.331264327412053,A,grading/data_processed/onion/A/Onion_Red_2_r2_196__100.jpg,ffc78300008387ff,0
4720.5,302.4924215078354,1.180722891566265,0.6482893228217607,0.9,142.30385487528343,54.36981432308558,91.66522366522366,43.68371339247609,62.18511647083075,35.61667979897829,9366.790678860823,308.0176375605514,0.5591732817025584,0.390040026577152,A,grading/data_processed/onion/A/Onion_Red_3_r_38__100.jpg,ffe1c18180c1c3e7,7
5631.5,383.6051186323166,1.0526315789473684,0.4809115032523134,0.8247052793439262,35.96429803380476,13.399747270820756,51.963090720938254,30.912661413010508,74.7369782683684,43.29028717572038,2609.6767106814405,348.2745348219032,0.6007249437432325,0.3776393530023061,A,grading/data_processed/onion/A/Onion_White_2_r0_84__100.jpg,ffdf8f0f000081e3,82
4213.5,322.9777023792267,0.68,0.5075838328966383,0.8693005983082319,47.708706639099475,62.00024573293108,76.71996324373995,53.321579299754646,55.93935217091661,32.319960202158796,10532.650882266436,442.5456716417911,0.4658747757360828,0.3414400531111832,A,grading/data_processed/onion/A/Onion_2_r0_162__100.jpg,f3e383c181c1c1e3,50
6212.5,345.11983835697174,0.95,0.6554452448364565,0.9194849404277362,68.42477597861972,82.83796805019448,112.39726458104072,43.972707218205926,81.97689042603365,47.36727890282007,5409.188667601108,375.87159574468086,0.4637262915481309,0.3167311163199305,A,grading/data_processed/onion/A/Onion_Red_1_137__100.jpg,f7e78381000181c3,4
5762.0,364.6761873960495,1.0208333333333333,0.5444629182050108,0.826804419572392,15.229807367353835,11.480190425991674,146.3298411625549,47.54850629803737,76.57350456235214,44.49983676795922,3004.3623251483577,319.6717139175257,0.4727272718548623,0.357550160615598,A,grading/data_processed/onion/A/Onion_White_1_r2_101__100.jpg,ff8f8f07010181e3,18
5805.5,414.5756814479828,0.93,0.4244649622041189,0.8216686717146698,18.687552213868003,9.118359591730238,138.18228905597326,50.840951600776435,77.27401837928154,44.91386095153245,3832.675036871314,399.3704347826088,0.477408965228556,0.3402976620820742,A,grading/data_processed/onion/A/Onion_White_1_r_26__100.jpg,ffcf8f8f818181c3,58
5483.5,366.4335473775864,0.979381443298969,0.5131889043867616,0.8439399769141978,35.516929622407375,11.169533939595295,55.27388760858004,27.177598272038928,72.82857649352951,42.297699873027454,2646.8825280445517,397.84371572713314,0.568262913033757,0.3715266545245525,A,grading/data_processed/onion/A/Onion_White_2_r1_60__100.jpg,ff9f9f01010181c7,11
5327.0,416.4751753807068,1.053763440860215,0.3859351379947924,0.7451912988738896,16.000726480203415,10.137019842379418,147.0152560842717,45.58713055966723,71.78550671994188,42.15249951425176,2787.906613803966,399.1471012082917,0.4921021281352393,0.3804674285208356,A,grading/data_processed/onion/A/Onion_White_1_r_81__100.jpg,ffff3f00008181c3,43
7113.0,357.0193327665329,1.0309278350515465,0.7012602217791595,0.9581088362068966,76.03688411780897,84.23987785523612,125.1739609138453,37.53884145607962,94.12014863748968,54.81963031283125,2605.6385403230947,396.7908986774966,0.3974094432834807,0.2359044542401784,A,grading/data_processed/onion/A/Onion_Red_1_r_89__100.jpg,ffdf8701008081c3,13
6451.5,303.3208485841751,0.9680851063829788,0.8811828599023666,0.9857895943158376,148.73746581586144,47.320304667328806,106.41370404132482,44.83837493591697,84.59100577332119,48.44573784112925,3234.3969560392,391.31973995271863,0.4023251152239239,0.2144782686947301,A,grading/data_processed/onion/A/Onion_Red_3_r_114__100.jpg,ff878f01018181e7,11
5823.0,301.90663480758667,0.967391304347826,0.8028073490626992,0.963594241270892,146.6383336133042,49.19805111185872,98.7048546951117,41.41862107752525,76.60507307240047,44.220182952413374,4815.244720534823,382.62388833992094,0.45849815692802,0.2581223565339525,A,grading/data_processed/onion/A/Onion_Red_3_r2_108__100.jpg,ffc38301818183e7,8
3651.5,297.1787123680115,1.6666666666666667,0.5195720443225686,0.8805160356884495,28.79158952658027,48.69102172964424,77.16820946839461,54.16865387249946,48.62152869611214,28.349657783120172,11934.565279,279.036026936027,0.5168913151374326,0.357597375334917,A,grading/data_processed/onion/A/Onion_2_r1_109__100.jpg,ffe1810080e0e3ff,51
6233.0,341.70562410354614,0.95,0.6708149566384457,0.918305709023941,79.93056426332288,84.40721031760513,116.17852664576805,42.68894503174427,82.14890282131661,47.266460273869626,4336.931629429362,353.9556382978724,0.4499535724178198,0.3151218084922323,A,grading/data_processed/onion/A/Onion_Red_1_124__100.jpg,f7e78301000181c7,4
6041.0,363.8477598428726,0.94,0.5734285197459483,0.8952282157676349,63.234791027916735,80.93357302969184,113.1232854607068,45.623738845224,79.49717605292884,45.574866456971165,5069.87492393617,457.964193548387,0.4408610754497572,0.3270658525676875,A,grading/data_processed/onion/A/Onion_Red_1_91__100.jpg,fff7c181000181c3,4
6691.5,318.0904002189636,0.94,0.8310596968082001,0.974655888136334,20.48622508792497,12.700298532680492,129.97083821805393,51.005380375004535,88.11078546307151,51.26628104156982,5092.53811819828,475.55182795698926,0.4375603707869852,0.2593003451194631,A,grading/data_processed/onion/A/Onion_White_1_r_43__100.jpg,ffcf9f81010183c7,21
7313.0,326.5340517759323,0.99,0.861883333885099,0.9841867976583002,20.232555018786904,40.89796879557612,160.34125067096082,52.63441653026528,96.926731078905,54.7106304640285,2424.1851056014693,380.5887755102042,0.3594658070322896,0.2306156763335098,A,grading/data_processed/onion/A/Onion_Red_2_r2_108__100.jpg,f7f1e1c0808181e7,55
7313.5,325.4629842042923,0.98,0.8676247361203228,0.9853812988412828,23.08506641620824,45.287178033998984,156.51415537367504,53.72640631093381,96.76989131893195,54.64496777227225,2372.764530601833,389.432886597938,0.3556934799046236,0.2238614632405502,A,grading/data_processed/onion/A/Onion_Red_2_r2_110__100.jpg,f7f1e1c0808181e7,55
6128.0,340.333039522171,0.94,0.6648449828513864,0.917365269461078,78.87513953117525,83.83510140790736,116.14048796045287,44.414544542079895,80.58060915324509,46.251672300267856,5239.509540018108,406.0978494623655,0.4445800543122367,0.3206307104623908,A,grading/data_processed/onion/A/Onion_Red_1_106__100.jpg,ffe78381000181c7,4
4369.0,329.56348943710327,1.4285714285714286,0.5054913445598138,0.8628419077713044,28.67331560283688,43.820182985458935,91.73670212765956,50.94777520504608,58.53280141843972,34.772969172330626,8462.795991836736,449.7699855699856,0.5019279125153662,0.3417278775221269,A,grading/data_processed/onion/A/Onion_2_r1_65__100.jpg,ffe1c00000e1f1ff,59
5859.5,400.0904004573822,1.098901098901099,0.4599961110535693,0.8801351858805858,35.007624730648104,10.626719880202865,46.52942151500083,28.896102767103,77.76529090004972,44.99819996015744,3029.8175025238493,440.39205239205234,0.5751099822881223,0.3246770228777098,A,grading/data_processed/onion/A/Onion_White_2_r0_112__100.jpg,ffcf8f03000081e7,13
3966.0,270.24978029727936,1.5714285714285714,0.6823887757981858,0.9335059432740967,48.5917667238422,72.03369144777145,151.8429306542514,62.28940667098224,52.81156579269787,30.107794959899657,16557.34686540822,254.4201490119857,0.5317789578493307,0.3320396114248668,A,grading/data_processed/onion/A/Onion_Red_2_r2_180__100.jpg,ff878301000387ff,0
5072.5,325.8061293363571,1.0777777777777775,0.6005005631342728,0.8857941150790186,32.7285632073662,14.999641385433677,65.72261653558412,45.63926836300324,67.3002110109342,39.12234732953989,1709.087885856594,282.7196759259259,0.5939066857520315,0.3901999573681547,A,grading/data_processed/onion/A/Onion_White_2_r1_198__100.jpg,ff9f1f07010181c7,23
6480.5,379.7472544908523,0.88,0.5647147009121493,0.9474415204678364,24.344573234984193,46.422472509725054,89.45235586331476,52.08268717117178,85.54177329519796,49.40471643484972,2239.8805776859504,572.3567816091954,0.3478532736844619,0.2292728053852135,A,grading/data_processed/onion/A/Onion_2_r2_142__100.jpg,ffd9c1c1c18181c7,39
5167.0,337.0193314552307,1.1363636363636365,0.5716611782100206,0.9037166593790992,140.97250470809792,55.191097540957045,87.45875706214689,41.112171363680744,68.28719397363466,39.49635619129778,9108.23845681818,410.36891643709833,0.5260770057385717,0.3842589659077636,A,grading/data_processed/onion/A/Onion_Red_3_r2_139__100.jpg,ff878301018383ef,28
4010.5,281.32084810733795,1.5151515151515151,0.6368021905147951,0.9215303308823528,31.030266343825662,50.5001167900911,86.66731234866828,54.98578043605032,53.09443099273608,30.486511810966483,11419.153845362718,311.63728191000916,0.5091210204808887,0.3612835665039017,A,grading/data_processed/onion/A/Onion_2_r2_237__100.jpg,ff878301000187ff,0
5071.0,385.8477598428726,1.0823529411764703,0.4280273380612977,0.870333819617266,34.21191294387171,9.727783812281888,66.63478426880489,33.266399987643304,68.0135547919053,39.90199438261379,2008.117707955861,463.7411764705883,0.5084771332791117,0.3123356810293621,A,grading/data_processed/onion/A/Onion_White_2_r1_85__100.jpg,ffbf1101038181e3,52
7046.0,317.56348991394043,0.9693877551020408,0.8779936416069024,0.9866965411006862,146.4591396352499,50.724476738264975,106.94292078518724,40.19290564441186,92.69817624947794,53.73657866567271,1898.3003388477327,344.13623534520184,0.4182883514075253,0.2143138683017935,A,grading/data_processed/onion/A/Onion_Red_3_r2_84__100.jpg,ff878783018181c7,11
6512.5,355.9482650756836,0.89,0.6459275960427778,0.952746690073879,22.126162616261627,40.98755582563137,87.06645664566457,50.232501076218824,85.77542754275427,49.45165992079145,2295.7291200101,523.5810227272727,0.3578744780855388,0.2339489447066151,A,grading/data_processed/onion/A/Onion_2_r2_133__100.jpg,ffd9c1c1c1c1c3c7,39
6088.5,327.1198379993439,0.95,0.7150006052893557,0.9294000915890704,144.881021194605,50.364389665915866,98.43224149004496,40.9027631313246,80.19492614001284,45.74253461814885,4952.923174060941,382.893404255319,0.4806160888545678,0.3304282377168603,A,grading/data_processed/onion/A/Onion_Red_3_36__100.jpg,ffe78101000183e7,1
6236.0,336.1909054517746,0.98,0.6933364761487861,0.9220078361794928,73.53864242044207,83.81331686627337,116.88195641950148,44.25670125973539,82.04781313685531,47.19701915234469,5018.829002821742,437.498762886598,0.4586755587607233,0.3360652626672409,A,grading/data_processed/onion/A/Onion_Red_1_27__100.jpg,ffe78181000181e3,4
5105.0,347.07820785045624,1.2820512820512822,0.5325383861955137,0.8760188760188761,30.402814758463293,45.80578769181095,96.64891593761888,52.118117703972175,67.581589958159,38.6103450926788,6265.619874408285,440.6367521367521,0.4756148586444829,0.3128018999737844,A,grading/data_processed/onion/A/Onion_2_r1_54__100.jpg,ffe1c08000c0e1ff,5
7091.5,339.9482661485672,0.94,0.7711206091215163,0.9809115429836088,32.15227304131546,56.81713026884398,159.38510432499655,52.34650038505643,94.8882133480724,51.750977591913525,2441.1456148030784,486.4983870967741,0.3697469090971468,0.2139238056226886,A,grading/data_processed/onion/A/Onion_Red_2_r2_128__100.jpg,ffc181808081c1e7,7
4041.0,315.563489317894,0.59,0.5099472044200705,0.8813522355507089,38.6344266219775,58.2427263359492,75.0529087862102,50.47456214556999,53.573138616231745,31.25875661333042,12381.31126627406,483.66551724137935,0.4157423139352085,0.2705014170884304,A,grading/data_processed/onion/A/Onion_2_r0_136__100.jpg,f3e3c3818181c1e3,26
4352.5,307.66399371623993,0.7,0.577823628801381,0.8877218029777687,48.557958091841286,62.80005003337422,74.93156486847971,55.189290425068386,57.67119928666964,33.54531280756043,9803.23981712245,457.6130434782607,0.4585725794161755,0.3403610460553875,A,grading/data_processed/onion/A/Onion_2_r0_177__100.jpg,fbc383c181c1c1e3,50
6144.5,373.7472552061081,0.95,0.5527648119322968,0.8966800437796425,55.399270304568525,78.18524229297839,114.80298223350252,45.54165219900261,80.92782360406092,46.23017506189202,5240.132779567867,484.099574468085,0.4459275134294034,0.3219012087344484,A,grading/data_processed/onion/A/Onion_Red_1_85__100.jpg,ffe7c381000181c3,4
6588.5,363.6051199436188,0.98,0.6262336993148898,0.9247666502912484,67.65633802816902,82.98703658939819,115.54425500370644,40.60417883361117,86.91252779836917,50.09807193075212,4573.690191753436,421.9354639175258,0.4109575056211028,0.2978237660806638,A,grading/data_processed/onion/A/Onion_Red_1_51__100.jpg,f7e78504000181e3,12
4322.5,299.80613017082214,1.351351351351351,0.60431566012593,0.9118236472945892,30.802247191011237,52.83296974029852,79.99752808988764,52.74758841669718,57.3076404494382,32.98196252098846,9569.186051406135,334.36841386841394,0.5231923669895097,0.3856722042513234,A,grading/data_processed/onion/A/Onion_2_r2_257__100.jpg,ff878703000187ff,90
5622.5,377.94826424121857,0.98989898989899,0.4946233537660398,0.7868588622209782,17.364091930188355,19.12370874330296,140.52687057197167,50.67836106143519,75.25280801797132,44.33943319914251,3029.636201401221,285.27095699260656,0.5108252190589532,0.3905344567122998,A,grading/data_processed/onion/A/Onion_White_1_r2_113__100.jpg,ef8f9f0f010181c3,23
4879.0,322.8771961927414,1.144578313253012,0.5881199825273683,0.8885448916408669,101.63643611720153,84.23701205299697,114.60773370540164,46.574285246574405,64.66932429738888,37.06721671121044,10273.45607785345,433.17982568572165,0.4789254045923704,0.3483943281044717,A,grading/data_processed/onion/A/Onion_Red_1_r2_97__100.jpg,ffc78381008383ef,0
6358.5,370.4335460662842,0.95,0.5822961538978072,0.9074496931639788,54.005216324025774,77.93316999042828,116.52301319423135,42.49039392553038,83.94660938938324,48.104760991828314,4932.974520232687,448.7809574468084,0.4199204885957177,0.2991437720870213,A,grading/data_processed/onion/A/Onion_Red_1_62__100.jpg,f7e78181000181e3,4
5940.5,322.2914113998413,0.94,0.7186797359145907,0.924447556800498,146.0172754195459,48.49128040620252,93.43994735110232,40.201646187277206,78.01069430733794,44.78350963528173,4427.280350373473,340.9275268817205,0.5084656005007843,0.3384438280806268,A,grading/data_processed/onion/A/Onion_Red_3_169__100.jpg,ffe781010081c1e3,12
5702.0,302.39191591739655,1.180722891566265,0.7836041433839983,0.9630130045600406,23.505402160864342,47.35395202508887,172.72731949922826,53.75703650783407,75.20613959869662,42.08630551643082,5775.070327016934,367.9079617438828,0.4026817189476495,0.266694818621787,A,grading/data_processed/onion/A/Onion_Red_2_r2_285__100.jpg,ffc10100c0c1e1f7,51
6510.0,325.2203425168991,1.1363636363636365,0.7734557044521376,0.967238689547582,17.186917293233083,17.47875471641982,142.21278195488722,56.03751953843179,85.64526315789473,49.62021504105172,4635.519988623451,447.60697887970616,0.3975794159293574,0.2314565517289863,A,grading/data_processed/onion/A/Onion_White_1_193__100.jpg,ffc38707010183ef,8
5300.0,329.7056243419647,1.1494252873563218,0.6126790386406556,0.8915054667788057,141.16320529314464,54.77127772951976,94.41371071494213,45.60543271318986,69.90130490718617,40.23194103381661,9048.642095072004,396.3653779171021,0.5237783290583038,0.3626263854842061,A,grading/data_processed/onion/A/Onion_Red_3_r_29__100.jpg,ffe1c080c0c0c1f7,5
3805.5,270.4924201965332,0.63,0.6535990177931461,0.9159947045372488,27.833163265306123,52.04148876866459,153.90892857142856,57.77069928424661,50.43367346938776,29.29425291507809,17252.433434013605,340.23903225806464,0.4937489394363695,0.3578050498442814,A,grading/data_processed/onion/A/Onion_Red_2_r0_48__100.jpg,efe7c381818183c7,3
5327.5,350.291410446167,1.022222222222222,0.5455999807505991,0.8479229667356358,35.13250593173937,10.853113438431274,61.52673845592261,30.515716429854127,70.85307537871874,41.21729314037995,2451.928285359635,391.37008547008554,0.5114823306014892,0.3219673606133764,A,grading/data_processed/onion/A/Onion_White_2_r1_73__100.jpg,ffbf9d00018181e3,43
3875.5,312.8355668783188,0.57,0.497628630799746,0.8489594742606791,44.47706879361914,62.63009767816738,82.20712861415753,55.910916887035064,51.79461615154536,30.840061005755185,11830.834410587871,558.6696428571429,0.4087194599535132,0.2701164242563958,A,grading/data_processed/onion/A/Onion_2_r0_272__100.jpg,e7c3c381818181c3,3
4004.0,298.5929265022278,0.59,0.5643452866158134,0.8964513601253778,42.95670053217223,59.875070004787325,88.27648766328012,56.51591470591408,53.09264634736333,30.81377934771421,12627.9332834243,475.1091379310346,0.4295816423556151,0.277019259322654,A,grading/data_processed/onion/A/Onion_2_r0_304__100.jpg,e7e3c181818183c7,26
5872.5,306.3502856492996,1.25,0.7863145469115546,0.9659511472982976,28.931746295988013,57.98304318635001,153.49692025969702,51.31924596416122,77.01931080406193,43.92855512886196,5260.631733984375,341.70530303030296,0.386688042102469,0.2350257795798921,A,grading/data_processed/onion/A/Onion_Red_2_r1_225__100.jpg,ffc08101018183ff,25
6633.0,320.8771970272064,0.89,0.8095471547872192,0.9787516600265604,16.07784342688331,12.746465183325324,142.97237813884786,53.8052149635063,87.37872968980798,50.41210221553504,4739.943006741572,579.1922727272727,0.3613907401977327,0.2248226746141526,A,grading/data_processed/onion/A/Onion_White_1_r_154__100.jpg,ef838989818181e3,3
6040.0,361.50461316108704,0.94,0.5807899801278772,0.8954781319495922,68.7416855020988,82.43922301851313,112.54488214401032,44.2628899456674,79.57539554407491,45.664153690151984,5381.4560295948395,414.31903225806457,0.449164493965225,0.3278195111108481,A,grading/data_processed/onion/A/Onion_Red_1_97__100.jpg,fbe78181008181c3,4
6214.5,332.7766914367676,0.97,0.7051966771934951,0.9277450175412406,146.67007551919446,48.053035960319306,92.74842668344871,40.48867001988403,81.6648835745752,46.82580933041507,3837.7755712190456,341.34833333333324,0.5021809919805335,0.3308819446995029,A,grading/data_processed/onion/A/Onion_Red_3_116__100.jpg,ffe78105000181c7,4
4458.5,278.634557723999,0.7,0.7216534250413107,0.9507410171660092,24.10360655737705,48.30750519361378,151.02032786885246,51.49918373698312,59.18295081967213,32.889016454046185,13276.933279265306,358.6611594202899,0.4877742550235043,0.3246352063829067,A,grading/data_processed/onion/A/Onion_Red_2_r0_214__100.jpg,f3e3c3818181c3e7,26
4794.5,294.83556604385376,1.351351351351351,0.6930960827746958,0.9312421093522384,30.78220235676554,42.80333232603962,92.6239333604226,56.467293559225254,63.360016253555465,37.13937544290496,7098.275838641344,363.8035763035764,0.5138625275439848,0.3234636364422878,A,grading/data_processed/onion/A/Onion_2_r2_29__100.jpg,ffe1c18000c0e1ff,59
5945.5,354.29141068458557,0.92,0.5952192938819251,0.8993344425956739,48.699786850303326,75.04655527222059,111.3090670601738,42.17103894177885,79.17642236432202,45.94481560795215,7340.176816812381,376.4015384615384,0.49035497185311,0.3227355788165878,A,grading/data_processed/onion/A/Onion_Red_1_155__100.jpg,ffe78381018181c7,4
5552.5,375.60511898994446,1.054945054945055,0.4945787200369801,0.7873652864435621,16.04759405074366,6.366511443851261,145.3238845144357,48.851447805715615,74.26036745406824,43.366312048494095,2772.921573680631,356.88467322151536,0.4554402107169099,0.3308103734154755,A,grading/data_processed/onion/A/Onion_White_1_r_77__100.jpg,ffff9f08008181c3,43
6603.5,311.4629827737808,1.1111111111111112,0.8554037886646174,0.9791666666666666,20.46229216152019,13.021841362330823,124.29320071258908,49.641750911703944,86.73842042755345,50.3734614070944,5283.303733024692,438.0998877665545,0.382655508602404,0.2390558558945774,A,grading/data_processed/onion/A/Onion_White_1_79__100.jpg,ffc39f0c000181ef,2
6545.0,305.7056248188019,1.1111111111111112,0.8800607570936075,0.9871794871794872,60.38103086604735,79.90058817922281,160.03940665268206,51.45838739419464,85.93467186095295,48.393678147528576,3612.780565320987,310.56857463524136,0.4145065133669109,0.2449896475768978,A,grading/data_processed/onion/A/Onion_Red_2_r2_233__100.jpg,ffc3c100010183ff,25
4845.5,299.8061293363571,1.069767441860465,0.6774347131152486,0.9117508702606076,142.2449225819425,55.030038931998334,90.40900864669214,43.33430593032528,63.7046048662779,36.704353208437595,8877.4281762558,297.1396626629185,0.5434813838379094,0.3562368300299585,A,grading/data_processed/onion/A/Onion_Red_3_r2_115__100.jpg,ffc3c1018181c3e7,7
5044.5,345.11983704566956,1.0777777777777775,0.5322162676383356,0.8644503470139663,32.9104563835933,14.338037210079731,62.19333718467168,45.453683422763824,67.10783747352205,39.39920853961417,1664.6478270870157,296.63275462962963,0.6054320140396311,0.3927490860817572,A,grading/data_processed/onion/A/Onion_White_2_r1_2__100.jpg,ff9f0f07010181c7,13
6584.0,309.5634902715683,1.1235955056179776,0.8633764870217653,0.983567373767553,35.742295667708795,10.106408064499224,47.29611433675748,29.488649879675737,86.49873455411642,50.267163620609885,3406.362820085848,420.5784814436501,0.5221769138678859,0.2335874849153039,A,grading/data_processed/onion/A/Onion_White_2_r0_149__100.jpg,ffcf8f01000181e7,2
6144.5,460.5168055295944,0.94,0.3640872291436779,0.8579307456017872,18.138284452853988,8.406531794439275,142.80432040365815,48.385941467504566,81.98281299274677,47.76829179961545,3837.049292847443,443.1317204301074,0.4665305498260703,0.3069528536136165,A,grading/data_processed/onion/A/Onion_White_1_r_58__100.jpg,ffdf8f81018181c3,11
4346.5,288.9777022600174,0.67,0.6540649561255857,0.9314261223615128,32.746923249049004,59.86619070835734,146.00335645558292,52.62170083618624,57.38151711792347,32.505429304713296,12883.3549737358,350.959696969697,0.4804355774542391,0.3124483979434212,A,grading/data_processed/onion/A/Onion_Red_2_r0_237__100.jpg,f3e7c3818181c1e7,26
4050.5,319.6639949083328,1.492537313432836,0.4981166461246044,0.8580658828513928,30.088544152744632,45.28472678223939,88.57828162291169,49.27839627836858,54.21933174224343,32.10099454265263,9532.950494007571,373.0416101311624,0.5166967124788564,0.3608948865348919,A,grading/data_processed/onion/A/Onion_2_r1_72__100.jpg,ffe1c00000e1f1ff,59
6418.5,346.77669191360474,1.0101010101010102,0.6707236359549946,0.9262573057219136,81.17968631033958,84.92601243413922,115.54636820465966,44.81235708459285,84.52520176640779,48.7127360151832,5184.028144995409,410.98153249668405,0.4456929805069225,0.324547668490911,A,grading/data_processed/onion/A/Onion_Red_1_34__100.jpg,ffe78303000081e3,4
5044.0,315.078208565712,1.1728395061728396,0.6384813364221288,0.914182147711826,134.0569388149006,60.04461797738862,91.18046709129511,48.00401342207173,66.61223701988033,38.149529510174894,9257.44312107007,384.5812976096665,0.4618560849248808,0.3122518303569936,A,grading/data_processed/onion/A/Onion_Red_3_r_18__100.jpg,ffe1c0c0c0c1c1f7,5
5557.0,379.50461423397064,1.0666666666666669,0.4848597569862028,0.7853861917885662,16.64423076923077,9.146429331339023,145.96853146853147,48.35174575363135,74.33374125874126,43.449806038050774,2749.800501489626,362.9762573099414,0.4532919070794692,0.3226884369878863,A,grading/data_processed/onion/A/Onion_White_1_r_74__100.jpg,ffff9f09008181c3,23
6920.0,330.87719762325287,1.0309278350515465,0.7942958268912396,0.9615117410031958,33.21707731520816,55.72760426027305,87.68479184367035,49.84364727805958,90.89932030586236,52.242625342545814,1892.1646974067385,463.3714464229928,0.3965542809743057,0.2582991811228036,A,grading/data_processed/onion/A/Onion_2_r1_214__100.jpg,ffa78100008083ef,1
6469.5,316.1492760181427,0.968421052631579,0.8133850727990528,0.9726377508832594,92.0938540720557,84.87140261540739,120.04753254617016,45.347741530761105,85.04813805631244,48.62152593399849,5407.318437076174,481.1679583574321,0.3574674458216067,0.2263068691422204,A,grading/data_processed/onion/A/Onion_Red_1_r2_66__100.jpg,efc383818081c1e3,7
6948.0,370.67618680000305,1.020408163265306,0.6354484143847151,0.941654807887782,80.60236386661039,84.54618862167911,123.8660475587449,37.52284699128273,92.18671732095116,53.6567624199048,2423.807524989588,404.1788291074006,0.413294454207907,0.2590813818619893,A,grading/data_processed/onion/A/Onion_Red_1_r_95__100.jpg,ff9f8701008081c3,16
7442.0,324.87719762325287,1.0101010101010102,0.886055792588719,0.9855648258508808,26.566284131381085,46.92931807127108,162.84975596886954,54.81375677639212,99.05342303126235,54.85562752547684,2291.5283562493623,463.5977961432508,0.3622700313352028,0.2198734041667887,A,grading/data_processed/onion/A/Onion_Red_2_r1_114__100.jpg,f7e18180808181e7,7
7007.0,318.87719798088074,1.0638297872340423,0.8659544556914625,0.9832316003648356,13.386112277754444,24.10025929066673,161.3480330393392,54.226755939847834,91.92104157916842,52.67960082077554,3113.345677580353,515.2883086180958,0.3569839624816642,0.2241613905804212,A,grading/data_processed/onion/A/Onion_Red_2_r2_68__100.jpg,ffe38180808181e7,7
4897.0,295.07820868492126,1.3333333333333333,0.7067497952553816,0.9393823134471514,32.3875398089172,46.19699247626323,92.6373407643312,55.48992354672551,64.78682324840764,37.85469381581552,6971.374709333333,368.5090909090909,0.5084721721443654,0.3187683618042144,A,grading/data_processed/onion/A/Onion_2_r2_26__100.jpg,ffe1c10000c0e1ff,59
3836.0,299.76449978351593,0.56,0.5364485352529776,0.8786074209803023,43.23418200151248,61.33784799701321,85.43761028485001,55.010406029234765,51.041593143433325,29.48286380531369,12486.971872959184,416.3463636363638,0.4121874979865723,0.2686548370820881,A,grading/data_processed/onion/A/Onion_2_r0_289__100.jpg,e7e3c383818183c7,26
5040.5,319.3208485841751,1.2073170731707317,0.6211964049256067,0.9017801234457464,135.99980691253137,58.649190561716345,93.93106777370149,48.6636484838571,66.51592971616142,38.133836719558175,8898.579864542347,380.01194624191135,0.4941077320883521,0.3473247020826807,A,grading/data_processed/onion/A/Onion_Red_3_r_21__100.jpg,ffe1c0c0c0c1c1f7,5
5492.5,292.6345566511154,1.2345679012345678,0.8059882489587492,0.968694885361552,30.51388888888889,57.04927850086517,151.86858974358975,55.32278214462813,72.12856125356126,40.69473070720236,8719.3307648834,363.9092156129193,0.4526657463046964,0.2922670140762793,A,grading/data_processed/onion/A/Onion_Red_2_r1_50__100.jpg,ffc381808081c3ff,0
6722.5,326.83556711673737,0.87,0.790828026177609,0.9684506230641792,25.168511505971452,40.29163283006044,101.97087095834549,49.98604549546739,88.13530439848529,50.49567776061787,2647.2065792574977,537.0973255813954,0.3675314336003156,0.1958314739717414,A,grading/data_processed/onion/A/Onion_2_r2_316__100.jpg,ff819f81818181e7,11
5247.0,297.07820773124695,1.2658227848101269,0.7471010347270202,0.953133514986376,28.96055813953488,41.1421305896508,92.96427906976744,52.43552344893653,69.18530232558139,39.955615931224024,5292.988501377985,394.9042321953715,0.503053737986521,0.3089048386070296,A,grading/data_processed/onion/A/Onion_2_r2_20__100.jpg,ffe1c18000c0e1ff,59
6677.5,316.14927530288696,0.91,0.8395361076113402,0.976956839795172,15.319929556794834,8.948115073275021,143.93909597886704,51.63007903227767,87.78969768124449,50.74553892402158,5515.555100833231,619.3027777777778,0.3841083685963483,0.235706987487892,A,grading/data_processed/onion/A/Onion_White_1_r_143__100.jpg,ef8b8d01018181c3,3
3818.0,269.9066358804703,1.5714285714285714,0.6585953555488211,0.924455205811138,30.94099694811801,59.41531907013959,160.03153611393694,57.3020146006623,50.79374364191251,29.43300117231607,20509.190540020536,294.29024943310657,0.5263280463311406,0.3549079013287184,A,grading/data_processed/onion/A/Onion_Red_2_r1_312__100.jpg,ffe10180c0c1e1ff,97
7004.0,313.90663504600525,1.032258064516129,0.8932129490279771,0.9889163430991882,66.12478991596639,80.76555257966777,123.51778711484594,44.56031813762222,92.1453781512605,52.57550938718517,4506.904758666203,565.2198075834749,0.3039078549286116,0.1862741604825945,A,grading/data_processed/onion/A/Onion_Red_1_r_182__100.jpg,ff9f8301010181e7,11
6369.0,335.70562398433685,1.098901098901099,0.7101725456965924,0.9568810096153846,36.868263473053894,58.16665617857418,86.87072009826501,47.790501196950615,83.58421618301858,47.89581632211002,3130.6643909068953,487.21001221001234,0.4242492457090865,0.2710116526490296,A,grading/data_processed/onion/A/Onion_2_r1_220__100.jpg,ffc30100018183ff,0
6955.0,315.5634890794754,0.9591836734693876,0.8776745390004604,0.9842909708463062,88.5598646171203,83.96662388804876,117.74742631504724,46.99396205260974,91.3192779579749,52.219673054721895,4686.814289445096,505.4349352644284,0.3269968339743447,0.2154738767959679,A,grading/data_processed/onion/A/Onion_Red_1_r2_58__100.jpg,ef878701018181c3,3
6220.0,336.1909055709839,0.9696969696969696,0.6915575494847802,0.9294680215182308,75.93462203363194,83.81429784999246,116.94389438943894,42.64058566504928,81.94829482948295,47.2049277112024,5238.55363610856,359.1821371610845,0.4489461157416471,0.315273503263813,A,grading/data_processed/onion/A/Onion_Red_1_123__100.jpg,f7e78301000181c7,4
6806.0,322.7350617647171,1.1111111111111112,0.8211254441866596,0.969377581541091,16.866109991361935,18.434026778247667,148.7814569536424,48.853645720760625,89.62453210480852,51.796355847546685,5050.959673876544,550.9525252525251,0.371505052432678,0.2145176215932829,A,grading/data_processed/onion/A/Onion_White_1_180__100.jpg,ffc38d01000181ef,2
5733.0,332.0487698316574,0.94,0.6534134270309053,0.8824751789425075,35.551225323349215,11.749452003918636,48.105854322668485,26.025482873204258,76.03727025187202,44.41666928282133,3076.4331901199635,397.86118279569894,0.5816598970643027,0.3600253873963509,A,grading/data_processed/onion/A/Onion_White_2_r1_37__100.jpg,ffcf8f810181c1e3,16
7271.5,323.4629844427109,1.0526315789473684,0.8733426989602228,0.9841645800906814,22.966261808367072,50.247373979431025,153.44412955465586,51.48877918408189,95.77031039136304,54.51844030327819,2373.719098271468,303.3107921318447,0.348921748466235,0.2064611491291337,A,grading/data_processed/onion/A/Onion_Red_2_r1_246__100.jpg,ffe1f1008081c1e7,15
6101.0,334.53405117988586,0.94,0.6850625540200427,0.924463974543526,144.51008968609867,50.37316920966071,95.85730301089046,39.45847373404952,80.25192184497118,45.8635812565079,4763.4933306926205,393.1530107526882,0.4802343608066043,0.3213312363292125,A,grading/data_processed/onion/A/Onion_Red_3_45__100.jpg,ffe78101000183e7,1
7056.0,328.391916513443,0.95,0.8222114485074555,0.9717000619706672,17.286746318421784,17.52765510472634,141.47957766046125,56.079366239771275,92.62295081967213,53.20852973573509,3964.411424033241,499.9888297872341,0.3757999549817543,0.2267718324899824,A,grading/data_processed/onion/A/Onion_White_1_r2_61__100.jpg,ff8f8f00818181c7,16
4389.5,277.5218588113785,1.492537313432836,0.716193748748589,0.932844543619169,20.643015521064303,39.86806749748784,149.24057649667407,64.43339945650328,58.18558758314856,33.44472112301451,13525.024647337936,282.654907281773,0.4392184816950733,0.3139412882750696,A,grading/data_processed/onion/A/Onion_Red_2_r2_0__100.jpg,ffe1810000e0e1ff,59
4664.5,289.3208485841751,1.4492753623188406,0.7002538431219756,0.9549595659739992,25.35192147034252,52.321143824732495,155.5361319966583,57.13564001107022,61.50062656641604,35.55053646405725,11762.919327536232,330.9418825940565,0.4444252699548994,0.2905062819540164,A,grading/data_processed/onion/A/Onion_Red_2_r1_212__100.jpg,ff858001038387ff,61
6758.5,315.4629839658737,1.0638297872340423,0.8534210842786852,0.9773680404916848,19.32076019149862,14.067142261293766,123.34455244450892,53.97546966617976,89.20803713912665,52.23902989818713,5015.647263739249,436.05663013109825,0.4345600580539227,0.2558979653885605,A,grading/data_processed/onion/A/Onion_White_1_17__100.jpg,ff8b0f1f000183e7,14
7296.0,331.7056246995926,1.020408163265306,0.8332762765541534,0.9815686802098748,148.8954019897822,47.61018923172752,111.83880075289056,38.83163533006212,96.1786770637268,55.667099497039736,1633.0294384735523,422.7360338074624,0.4326166771111043,0.2264608333544383,A,grading/data_processed/onion/A/Onion_Red_3_r_97__100.jpg,ff8f8f01008181e3,13
5216.0,324.19090473651886,1.1363636363636365,0.62365698936996,0.9043779800606848,148.46628059032318,47.88905027762571,99.12796562675136,43.57999990214874,68.80646366523445,39.33174157190191,8007.164457631714,364.4380165289256,0.5267057432534111,0.3780936416393423,A,grading/data_processed/onion/A/Onion_Red_3_r2_28__100.jpg,ffc3c3810183c3e7,22
6291.0,365.3624783754349,0.94,0.5922180774107039,0.9114749348015068,50.499147154597615,76.10068968535084,117.21646766940611,43.02201834899354,83.19258799813925,47.67133499428584,5334.910390402897,447.881505376344,0.418212352370586,0.2990321227375936,A,grading/data_processed/onion/A/Onion_Red_1_65__100.jpg,fff78181010181e3,4
6524.5,309.806129693985,1.1235955056179776,0.8542344599168025,0.9782592398230752,36.43412948775725,12.051223641372475,48.58645035301187,26.82492797710177,85.73877121826649,49.87709503525196,3434.04347525565,439.17376007263647,0.5087094025395408,0.2417563562703115,A,grading/data_processed/onion/A/Onion_White_2_r0_32__100.jpg,ffcf8f01000081e7,13
4590.0,277.90663480758667,1.4492753623188406,0.7468350965463403,0.9551555509312246,14.466864910790145,28.81310381308616,154.2194137638063,64.10540906876601,60.60981308411215,34.70107273785541,12743.855522033187,302.37959303176694,0.4262170064007188,0.304378331578837,A,grading/data_processed/onion/A/Onion_Red_2_r2_37__100.jpg,ffc3c18000c0e1ff,51
4966.5,297.32084929943085,1.351351351351351,0.7060079223351573,0.9287517531556804,17.15704750687083,41.19620943924535,171.2773851590106,54.65516170478066,66.18060463290145,36.43650280283944,9844.018362289991,323.90758940758946,0.4397927348313734,0.2983250221317745,A,grading/data_processed/onion/A/Onion_Red_2_r1_288__100.jpg,ff218080c0c0e1ff,71
6476.0,304.7350628376007,1.0444444444444445,0.8763384154893693,0.9844937671024628,85.26169214469502,83.45720804723084,119.90570606932042,45.35818175220858,85.3438777054639,48.826955125443035,5546.6684943608925,439.9868578255675,0.3119308736806891,0.204308638341918,A,grading/data_processed/onion/A/Onion_Red_1_r_7__100.jpg,ffc38180008181e7,7
6830.5,342.83556711673737,0.88,0.7302820359637172,0.9602164897729668,24.387138355771985,38.16958976822047,104.89730736178744,49.47980813974546,89.73875680320825,51.465681195677746,2807.461978512397,640.0912643678162,0.371475645312308,0.1900404307137111,A,grading/data_processed/onion/A/Onion_2_r2_325__100.jpg,ff89bf81818181e7,11
5547.0,374.5340509414673,1.0416666666666667,0.4969187843010144,0.8148365773044436,35.13817863397548,10.376890472440246,53.96497373029772,29.748899506484847,73.72889667250438,42.84340061013446,2369.188524305556,356.20580808080814,0.6195187200508834,0.3929684922105154,A,grading/data_processed/onion/A/Onion_White_2_r0_76__100.jpg,ffdf8f0f000181e3,13
6765.0,316.87719643116,0.95,0.8466339719883827,0.97499459537364,148.4446376811594,47.706803591591466,101.4144927536232,40.81311694293608,88.71536231884058,51.108581445120144,2462.0872880221605,394.4419148936171,0.4728527161309853,0.2589844620084237,A,grading/data_processed/onion/A/Onion_Red_3_r_67__100.jpg,ef8f9901000183c7,38
5224.0,296.87719798088074,1.25,0.7448337506108015,0.9504229964522878,22.3187511684427,41.36262793818512,159.36941484389607,55.02524112976486,69.28061319872873,38.54546424072659,8534.822365234375,380.1965909090909,0.4307588236064072,0.3161758355146248,A,grading/data_processed/onion/A/Onion_Red_2_r1_132__100.jpg,ffc381008181c3ff,0
4697.0,346.5340504646301,0.77,0.4915170579554759,0.8532243415077203,47.74040445728435,56.8084177988788,76.89826661163846,51.347446129157255,62.47647544366488,36.83452534186725,8947.928915567549,501.80394736842106,0.4948148996143877,0.354290481317738,A,grading/data_processed/onion/A/Onion_2_r0_56__100.jpg,cfc3c383838383c7,26
7387.0,336.877197265625,1.0309278350515465,0.8179650219248815,0.971015445284259,14.167153478491768,33.55100221411058,173.2966011683484,46.707587156199864,98.86617100371748,55.323284782593014,2683.445884408545,460.0397792356556,0.3393430694894148,0.2069335683109199,A,grading/data_processed/onion/A/Onion_Red_2_r1_264__100.jpg,ff8381c080c1c1e7,73
4539.5,278.4924226999283,1.4285714285714286,0.7355142951761725,0.9449417152373022,47.88535852297123,71.79758530011533,150.1541434091885,60.252515941960986,60.30506655216831,34.454385188883485,13613.355249775512,309.2229437229438,0.5033324291370189,0.3228118561106294,A,grading/data_processed/onion/A/Onion_Red_2_r2_160__100.jpg,ffc70301000287ff,53
6443.5,309.4629844427109,0.9090909090909092,0.8455012963583903,0.9754011504692705,22.575665399239544,20.235450977635065,123.56425855513308,48.16732654116535,85.63178707224334,51.31890535286437,5990.133564967546,620.8969469980706,0.4408667424033074,0.2459567254561846,A,grading/data_processed/onion/A/Onion_White_1_r2_149__100.jpg,ffcf8d09018181c3,3
5671.5,353.6051194667816,0.9494949494949496,0.5699945619662998,0.8810097087378641,34.324231495792546,12.482347837856633,51.1215868109222,31.32805461727589,75.06628885454234,43.505030616084255,3057.9162329912565,461.07168458781354,0.5743883528718537,0.3583206883715669,A,grading/data_processed/onion/A/Onion_White_2_r1_162__100.jpg,ff9f9f01010183c7,16
5871.0,312.59292709827423,1.1764705882352942,0.7550290298506759,0.9542462413652988,28.021138482023968,40.54610220514538,94.89697070572568,52.50711261322443,77.2694740346205,44.44924228903742,4379.205363307959,477.5297682709448,0.4788346148867429,0.2835826306805867,A,grading/data_processed/onion/A/Onion_2_r2_12__100.jpg,ffe1c1800080c1f7,5
5096.0,318.190905213356,1.1494252873563218,0.6325047030187643,0.901308807923594,148.52944550669216,47.89804533306972,101.50917782026768,44.69665563276796,67.27686424474187,38.7419938082657,9062.78124322896,363.4370138163242,0.5396731729894866,0.3871859781021016,A,grading/data_processed/onion/A/Onion_Red_3_r2_33__100.jpg,ffc383808183c3ef,22
5497.0,324.87719762325287,1.0786516853932584,0.654481146447217,0.9294893473114644,94.23136976579134,85.68999605985697,112.91039744499643,44.546105633325574,73.04968062455643,42.42142172104618,9231.830479180147,353.6733293908929,0.464075555953458,0.3253972792270137,A,grading/data_processed/onion/A/Onion_Red_1_r_123__100.jpg,ffc381018181c3f7,0
6860.5,315.46298456192017,0.94,0.8663010026735289,0.9832318165532068,150.35997140814868,44.40496850922353,102.6506075768406,40.84337503778515,90.00457469621158,51.75602005242364,2324.846238558171,402.75967741935494,0.454261870168141,0.2410588058990825,A,grading/data_processed/onion/A/Onion_Red_3_r_70__100.jpg,ef8f9901000183c7,38
5187.5,294.3502858877182,1.3157894736842106,0.7523831310906791,0.9496567505720824,22.12565838976674,46.1454827628856,165.18002257336343,60.28382630332329,68.06621519939804,38.74524823956568,8624.117972281856,335.511961722488,0.4247557990750505,0.2863148647229314,A,grading/data_processed/onion/A/Onion_Red_2_r2_293__100.jpg,ffc10000c0c0e1ff,5
7004.5,415.40410923957825,1.020408163265306,0.510088376166309,0.9410855837699852,80.35829621380846,84.06163370286274,122.12402561247217,38.02743868772349,93.12736636971049,54.217744482626394,2275.8361742503125,458.6467738610596,0.3986799643959815,0.2501242509532225,A,grading/data_processed/onion/A/Onion_Red_1_r_98__100.jpg,ff9f8701008081c3,16
5693.0,405.5046145915985,0.9494949494949496,0.4350703090000673,0.8102184586920942,18.118248423922303,7.988745870816254,139.32134946328165,50.990181660940266,75.92639291191004,44.23389289812923,3430.721271824472,375.12924948408823,0.4813263581428329,0.3541382339908601,A,grading/data_processed/onion/A/Onion_White_1_r_23__100.jpg,ffcf8f8f810101c3,67
6770.5,357.46298360824585,1.0315789473684212,0.6658378121194163,0.9307168877586088,24.80667051689287,37.66208044146853,103.1917412647993,48.06484960130554,90.1687842910771,52.73863396996702,1751.9518443953984,380.20553445469335,0.4339030594513148,0.2400672980784824,A,grading/data_processed/onion/A/Onion_2_r2_1__100.jpg,fff9bf84000081f3,48
6730.5,330.63455736637115,0.98989898989899,0.7736788165032871,0.9606765629460462,95.9890877346137,84.42877460163236,117.54212134439108,45.791476419241896,88.68136185072021,51.091095516694836,5753.179261950465,599.2749140893472,0.410753454162797,0.2750940266896793,A,grading/data_processed/onion/A/Onion_Red_1_r2_77__100.jpg,ffc3c5818181c1e3,77
6740.0,319.0193325281143,0.95,0.8322154160977632,0.974199609741996,20.12947337794588,11.010804654026344,128.71428571428572,50.83489573657054,88.86659877800408,51.66644079397801,4798.698037628809,447.6698936170211,0.4320193017894483,0.2611921059420216,A,grading/data_processed/onion/A/Onion_White_1_r_37__100.jpg,ffcf8d01818181c3,16
6767.5,321.46298372745514,0.94,0.8229551847279016,0.9735308926131052,93.84779145546705,84.94607313399526,118.1827661115134,45.322095081302535,89.03055756698045,51.20816733197348,5266.695895699411,536.300752688172,0.387961059477928,0.2485110592313669,A,grading/data_processed/onion/A/Onion_Red_1_r2_73__100.jpg,ffc387808181c1e3,77
5907.5,399.7472542524338,1.098901098901099,0.4645608584572248,0.8808618504435995,35.107894736842105,9.995008795945289,46.33848684210526,27.701556204145213,78.41661184210527,45.44335275453407,3229.1613713802676,470.0421800421801,0.5711803082382586,0.3186946279778343,A,grading/data_processed/onion/A/Onion_White_2_r0_113__100.jpg,ffcf8f03000081e7,13
3834.5,301.52185916900635,0.56,0.5300062629157826,0.8772592084191261,44.32871187295185,61.990618185816224,87.90269725233173,55.39976503109228,51.01033526594403,29.627978929228885,12175.646831345664,437.77872727272734,0.4087718528461152,0.2699149238476866,A,grading/data_processed/onion/A/Onion_2_r0_290__100.jpg,e7e3c383818183c7,26
7073.0,317.22034311294556,1.075268817204301,0.8832658938287306,0.9869531849577896,70.90414759328617,81.34301393272223,124.82258288250796,44.262793708186315,92.91052850603413,53.138989035939986,4494.418756804254,463.3676550450744,0.3239665642698364,0.2100782868324855,A,grading/data_processed/onion/A/Onion_Red_1_r_198__100.jpg,ffcf8500000181e7,12
5412.0,338.04876959323883,0.979381443298969,0.5951260117751562,0.8425969173283513,34.31612090680101,8.38144225234261,64.53886290032386,37.50960319790544,71.72274199352285,41.69306389653143,2505.328330080618,363.3059881552972,0.6043328275533861,0.3810008336742347,A,grading/data_processed/onion/A/Onion_White_2_r1_133__100.jpg,ffcf8f0f818181c3,67
6994.5,358.7766913175583,1.0101010101010102,0.6828386541049469,0.955793932768516,16.294726535179745,14.91918834558654,140.2473073157085,53.40690751588839,92.42089802769618,53.43145852999563,3762.774020161208,408.00316294255686,0.4017917383803613,0.2627139588542632,A,grading/data_processed/onion/A/Onion_White_1_r2_70__100.jpg,ff9f9f85010181e3,16
5999.0,317.56348967552185,1.0425531914893618,0.7475282236600329,0.9402084476138234,23.80117340286832,39.904652150979445,83.41248370273794,49.29266132849346,78.85495436766624,45.19895341050161,3400.6993780672533,447.1940118447027,0.4541279084796718,0.3216277787765534,A,grading/data_processed/onion/A/Onion_2_r2_114__100.jpg,ffc1c080c0c0e1f7,5
6449.5,327.4629844427109,1.043956043956044,0.7558079920762462,0.9682480108091878,86.1628224582701,83.77463652901953,118.42458270106222,46.09968748573699,85.21942336874052,48.72692592538452,5963.976539426601,482.6731353752631,0.3442038413182577,0.2208427868283003,A,grading/data_processed/onion/A/Onion_Red_1_r_14__100.jpg,ffc38180808181e7,7
7242.5,323.4629850387573,1.020408163265306,0.869859653979032,0.9827668091458036,85.36241701666441,85.40264265053344,111.0495867768595,40.256631453684705,95.24617260533805,55.188592557330495,2828.9916599750104,320.13543599257883,0.3847711759103269,0.2331246214424543,A,grading/data_processed/onion/A/Onion_Red_1_r2_150__100.jpg,ff87870d008181c7,44
5700.5,382.7766922712326,1.1111111111111112,0.4889132910043442,0.867128080316398,34.17419464803136,9.628465172777233,50.56212715186637,30.36258390783137,75.57422873700358,43.91527012275839,2955.2749131358028,390.2280583613917,0.6171910960622434,0.3374257710739435,A,grading/data_processed/onion/A/Onion_White_2_r0_172__100.jpg,ffcf8f00000181e7,2
5772.0,313.56348860263824,1.2195121951219512,0.737709219727567,0.9453771189910736,18.31928220755037,43.64030655034165,169.69358388352802,52.93266000444612,76.86642965972575,42.173538497690714,5890.7884479327795,380.4456762749447,0.4018436972004767,0.2657700639079643,A,grading/data_processed/onion/A/Onion_Red_2_r1_278__100.jpg,ff018180c0c1c1ff,71
6635.5,313.46298384666443,1.064516129032258,0.8486155605523747,0.9758805794543716,89.8952577928793,85.79937116924918,119.01034126163393,43.83610013453984,87.16117594918009,49.94433473551404,4063.891403149758,398.35330261136704,0.3943034762995533,0.2499967434927489,A,grading/data_processed/onion/A/Onion_Red_1_r2_137__100.jpg,ffc38301018183ef,8
4754.0,289.2203426361084,1.3333333333333333,0.7141860596368764,0.9389689907169664,23.124282198523375,44.21334724779256,155.85582444626743,56.45098428604552,62.957957342083674,35.18569158012858,10867.567542382223,336.0976430976431,0.4631051772555533,0.3348403711015458,A,grading/data_processed/onion/A/Onion_Red_2_r1_138__100.jpg,ffc383008181c3ff,8
5850.5,395.2619731426239,1.098901098901099,0.4705792563591789,0.8773337332233636,35.832115576220524,11.511328000828922,47.57555629359017,29.457327810265184,77.60893390900033,44.95384924378059,3112.6905507064366,436.7694527694528,0.5742687987490432,0.3248916743471499,A,grading/data_processed/onion/A/Onion_White_2_r0_114__100.jpg,ffcf8f0b000081e7,82
7181.0,396.81832134723663,0.99,0.5730748634191903,0.9560644388230596,85.39831315467283,84.0382188053835,117.7552713916474,37.87651993307988,95.20174125969255,55.193220926131566,2505.8576267727785,453.3477551020408,0.3799751379768493,0.2403622816652263,A,grading/data_processed/onion/A/Onion_Red_1_r_104__100.jpg,ffaf8703008181c3,4
7337.0,325.7056248188019,0.99,0.8691162410928972,0.9848322147651006,23.66787051899411,45.75025008556504,159.71709470304975,54.08324273657499,97.40155163188872,54.80732892755766,2538.311602193654,366.15632653061226,0.3595286691975315,0.2285809833097717,A,grading/data_processed/onion/A/Onion_Red_2_r2_104__100.jpg,f7f1e1c0808181e7,55
6064.5,355.9482640028,0.93,0.6014937320254432,0.8967837338262477,52.887584432293345,77.07845274378006,111.42843357992923,42.60966147148508,80.12592473464136,46.24441131105539,6099.6380690946935,375.3175000000001,0.4812615101583621,0.3173667538152369,A,grading/data_processed/onion/A/Onion_Red_1_150__100.jpg,f7e78381010181c7,4
6490.5,331.4629839658737,0.98989898989899,0.7423657839581727,0.9453790692593402,22.562792100105533,45.623383861747136,83.40313583597165,51.34099224316764,85.14563545906829,48.75976256475318,2611.414127358933,502.99562636676046,0.435005270780075,0.3036705346646868,A,grading/data_processed/onion/A/Onion_2_r2_292__100.jpg,df838301010383c7,46
6683.0,315.2203425168991,1.098901098901099,0.845187084626472,0.974411314427353,21.230566148430626,16.480152200346737,122.2676738046348,49.41012044353891,88.21780580815488,52.06073911413335,6092.961795085134,469.7591297591298,0.4291833505915544,0.2383087593502865,A,grading/data_processed/onion/A/Onion_White_1_26__100.jpg,ff838f0e000181e7,14
5758.5,360.4335453510285,1.0638297872340423,0.5570174845638594,0.8630845323741008,35.123456790123456,11.402969552672666,53.709453745983424,30.533219569840824,76.41637070860816,44.45286239784763,2431.269823166592,375.9770040833871,0.6010135281910497,0.3584114190184595,A,grading/data_processed/onion/A/Onion_White_2_r0_66__100.jpg,ffcf8f03000081e7,13
5896.0,395.1614680290222,1.0315789473684212,0.4744802704075024,0.8365493757094211,16.008242664029016,15.89842462893625,142.8944939004286,47.6317657641218,78.34322453016814,45.23540545612606,2982.820907216638,401.3297883884969,0.4533504020739088,0.3321496711383771,A,grading/data_processed/onion/A/Onion_White_1_r2_100__100.jpg,ff8f8f07018181e3,16
4252.0,279.0782084465027,1.4705882352941178,0.6860428890882547,0.933889743026576,33.304964539007095,54.54654166457805,89.61038663921299,55.86637874181391,56.23106840539922,32.60685098155815,8740.23660899654,339.4509803921569,0.485950904672446,0.3450093040666291,A,grading/data_processed/onion/A/Onion_2_r2_216__100.jpg,ffc78300000387ff,0
3737.5,268.83556711673737,0.63,0.6498567198386146,0.9168404268367472,33.33982346832814,58.02309171475746,153.69392523364485,57.15764971131994,49.690031152647975,29.1996737897514,15830.9295808516,356.3427419354839,0.5077258863773281,0.3654265144471296,A,grading/data_processed/onion/A/Onion_Red_2_r0_40__100.jpg,efe7c381818183c7,3
5215.5,345.9482660293579,1.054945054945055,0.5476252915935093,0.9043696896133172,32.58184190902312,13.226960125494667,62.14746457867263,43.44365657611726,69.3262490678598,40.49201287490291,1800.5670860923265,339.4552920763448,0.5622613307392044,0.3734250541389838,A,grading/data_processed/onion/A/Onion_White_2_r1_192__100.jpg,ffbf1f03010181c7,23
3709.0,322.8771970272064,1.5625,0.4470869038571075,0.8330151600224593,28.148947231609046,44.798615473391614,85.74005718741877,50.4325043857534,49.5609565895503,28.707145389841937,12739.320117089845,295.50868055555554,0.5351515909471557,0.3840853491317458,A,grading/data_processed/onion/A/Onion_2_r1_81__100.jpg,ffe1c00000e0f1ff,59
5443.0,360.5340514183045,0.978494623655914,0.5262057877491432,0.8488771054273238,35.21485979639221,11.060586882574848,58.053580996606534,27.67257441001406,72.45472405786748,42.11414733867167,2587.118254884867,376.6579450418161,0.5197858040806121,0.3242594264827553,A,grading/data_processed/onion/A/Onion_White_2_r1_69__100.jpg,ffbf9d01018181e3,11
5404.0,388.3330403566361,0.968421052631579,0.4503151086983658,0.8885965633478583,34.16532040926225,11.784890185004151,56.72302997666487,39.23602604226948,72.02764315203734,42.05440856810823,2598.000576062084,417.66512434933486,0.5485323312789843,0.3458548157005882,A,grading/data_processed/onion/A/Onion_White_2_r1_177__100.jpg,ff9f9f09018181c3,52
4705.5,312.29140961170197,1.25,0.6063111651446056,0.8865756005652379,137.49607275733774,54.96735365688421,84.52728400165357,47.14027403211626,62.0713104588673,35.88618957611158,9523.546839234374,362.88219696969696,0.5310111006037176,0.3806676945132808,A,grading/data_processed/onion/A/Onion_Red_3_r_157__100.jpg,ff878301038387ef,46
6707.0,312.5340518951416,0.93,0.8628662560301218,0.980627238833248,20.29521859921041,13.540119552570676,131.33849978066968,50.54422834807339,88.22006141248721,51.24880578792483,4703.400116302462,422.8383695652175,0.4392823594131889,0.2503228067145235,A,grading/data_processed/onion/A/Onion_White_1_r_45__100.jpg,efdf9f81010183c7,16
6438.0,304.8771973848343,1.1235955056179776,0.8703841011573555,0.985307621671258,64.17770671539516,80.9359043979821,159.75209380234506,51.78290476826123,84.52535404294198,47.40864846763976,3869.769582830451,327.5474974463738,0.4233666660571431,0.2487797141221801,A,grading/data_processed/onion/A/Onion_Red_2_r2_232__100.jpg,ffc3c100010183ff,25
5878.5,354.7766926288605,1.075268817204301,0.586902858967954,0.8816647919010123,34.96882772342895,12.027714497601549,52.58646990548831,28.916074926358696,77.90830708008622,45.29533567481429,2771.8677486877095,385.9350494189204,0.5837491708300806,0.3397166819826229,A,grading/data_processed/onion/A/Onion_White_2_r0_64__100.jpg,ffdf8f0b000081e7,13
4233.5,308.14927554130554,0.63,0.5602567866457576,0.8884575026232948,39.41090242785158,55.67277860713253,88.14429683921209,56.34112020677864,56.26912505726065,33.12341329074816,12364.815731191737,577.9146774193549,0.4337107710732123,0.2831416354830506,A,grading/data_processed/onion/A/Onion_2_r0_314__100.jpg,e7e3c181818183c7,26
5556.0,323.56348991394043,1.2820512820512822,0.6668882706861659,0.9557065451105188,35.48700842696629,58.6532987308089,86.46155196629213,54.9110228630016,73.15045646067416,41.782022089361824,4093.182011817883,450.5473970473971,0.4300148047325526,0.2564863427985442,A,grading/data_processed/onion/A/Onion_2_r1_322__100.jpg,ffc381000001c3ff,0
5240.5,339.11983823776245,1.0319148936170213,0.5726327684426333,0.8554521710741103,33.144634236910505,9.661388635281613,70.60025993316005,39.95791594101369,69.5321203119198,40.374971343965136,1689.6970481124836,315.3436391843972,0.5706243985171977,0.396014639125289,A,grading/data_processed/onion/A/Onion_White_2_r1_106__100.jpg,ff8f0f0f050181c3,18
7276.5,323.4629842042923,0.98,0.8739432246925926,0.9833772552199472,90.7614295347269,85.4383177035278,110.05853000674308,38.75969606223833,95.609979770735,55.233578748576306,2812.068644897959,315.6616494845361,0.3866550192619334,0.2291836051737419,A,grading/data_processed/onion/A/Onion_Red_1_r2_153__100.jpg,ff87878e008181c7,44
4470.5,276.49242174625397,1.0886075949367089,0.7348513534326634,0.9410588359120092,147.57606800348736,49.30433763611036,105.05209241499564,48.82369700521811,58.88164777680907,33.87934620260074,10420.8170416346,311.17632166790776,0.4849990357218972,0.308040968748007,A,grading/data_processed/onion/A/Onion_Red_3_r_123__100.jpg,ffc381810181c3f7,8
6523.5,347.948264837265,1.0,0.677113044620606,0.923027944817828,82.13996703132024,84.98284597913828,114.86332983665518,44.923871794153186,85.91862730406115,49.437905710082006,5155.32674204,440.3716161616162,0.4452860419909232,0.3206021064212949,A,grading/data_processed/onion/A/Onion_Red_1_36__100.jpg,ffe78306000081e3,12
3868.5,328.3502858877182,0.57,0.450897334233449,0.8387901127493496,37.049825610363726,55.02914486862466,76.94469357249626,53.08100277405311,51.625062282012955,30.467977254008503,12442.443964789163,461.7825,0.4377894282465539,0.2750414219731647,A,grading/data_processed/onion/A/Onion_2_r0_108__100.jpg,e7c3c3c1818183c3,3
3859.5,330.4924216270447,0.59,0.4440357105354134,0.8244152515219481,35.17732267732268,50.54645468421812,74.94905094905094,51.36930110972793,51.87637362637363,31.82244935502784,14777.312234989946,538.9596551724138,0.4501829188214931,0.2978514021930185,A,grading/data_processed/onion/A/Onion_2_r0_100__100.jpg,e7c3c3c18181c3c7,3
7207.5,357.94826436042786,1.0526315789473684,0.7068935080659754,0.973854884475071,66.46264602010324,80.61633357633124,125.8220592230372,44.93714239751356,95.18500407497964,54.28354079713065,4318.83722499723,592.5960659223817,0.3194589995027839,0.2093553886366268,A,grading/data_processed/onion/A/Onion_Red_1_r_185__100.jpg,ff9f8301000181c3,4
4153.5,324.6345559358597,1.4492753623188406,0.4952615190854951,0.872217555648887,45.135569531795944,65.10261587408255,84.43349638947123,55.531727097847934,55.41835546238062,32.54005266781141,9598.017735013653,323.06177719221193,0.5208313705525793,0.3637685722183681,A,grading/data_processed/onion/A/Onion_2_r1_304__100.jpg,ff8301000087cfff,53
4282.0,284.39191567897797,1.4285714285714286,0.6653069092218583,0.9218514531754576,23.5184007269423,46.56082334138294,153.91594729668333,59.03148902974963,56.88641526578828,32.12961881484023,14694.030207979593,290.8359307359307,0.4818188650226445,0.3565431874317569,A,grading/data_processed/onion/A/Onion_Red_2_r1_146__100.jpg,ffc383008183c3ff,0
6906.0,321.22034299373627,1.075268817204301,0.8410665384236437,0.9792966534316506,12.14366837024418,19.993683725819025,162.1663827370812,53.48101580556024,90.61896649630891,51.97677716338761,3385.0115052722854,493.7949386336483,0.3625328477794131,0.2271367905899592,A,grading/data_processed/onion/A/Onion_Red_2_r2_66__100.jpg,ffe38180808183e7,7
6359.0,334.19090580940247,1.020408163265306,0.7154996639171044,0.9385977859778598,81.3971696662052,84.91093129017297,115.96062144285494,45.13540775191657,83.7538840178434,48.25083828850584,5211.465493544357,403.0340136054423,0.4454442581826346,0.323123728202972,A,grading/data_processed/onion/A/Onion_Red_1_33__100.jpg,ffe78383000081e3,41
3754.0,263.906635761261,1.6129032258064515,0.6773349905759362,0.9282888229475766,31.29288486416559,58.96475245576074,156.50090556274256,55.398488793728355,49.69650711513584,28.68254673408411,18395.262419120707,227.54610622352553,0.5525233835576175,0.3620408029578248,A,grading/data_processed/onion/A/Onion_Red_2_r1_0__100.jpg,ffe10180c0c1e1ff,97
4159.5,277.66399466991425,1.5151515151515151,0.6779721557254716,0.9314746388982196,34.873772791023846,55.97443531984155,92.4041608228144,58.0356973820926,55.04885460495559,31.739880385241904,9194.461520454546,341.79109274563814,0.480176940986712,0.3394002969107709,A,grading/data_processed/onion/A/Onion_2_r2_217__100.jpg,ffc78300000387ff,0
4194.5,270.49242174625397,1.5384615384615383,0.7204102085716964,0.946092252170971,14.37410071942446,28.496016624804952,152.57275469946623,66.59957209578958,55.481782316082615,32.09507307140402,12821.436574177513,290.68484848484854,0.4441703654977381,0.3226024135358729,A,grading/data_processed/onion/A/Onion_Red_2_r2_25__100.jpg,ffe3c10000c0e1ff,59
5202.0,345.3624781370163,1.1647058823529413,0.548062273617789,0.8850701829008932,101.6540186915888,84.21497701127286,113.90934579439252,45.53108629494985,69.12635514018692,40.02033264520366,10800.188049224553,505.27358943577417,0.4788703288880395,0.3487402086472745,A,grading/data_processed/onion/A/Onion_Red_1_r2_92__100.jpg,ffc383810081c3e7,8
4465.5,362.6345559358597,0.76,0.4267186115501447,0.797126026419136,42.33996539792387,52.881632312032615,75.5544982698962,50.97822120140121,59.30601211072664,34.447969870725366,9994.8245871018,432.01626666666664,0.5067807635489207,0.3728633708657011,A,grading/data_processed/onion/A/Onion_2_r0_68__100.jpg,cfc3c383838383cf,26
4237.5,327.8061294555664,0.68,0.4955476664531904,0.8690525020508614,46.09728248458552,61.115452642083994,76.4610641699018,51.66863103985822,56.26147522265357,32.57296904795097,9969.2085786981,458.29985074626853,0.4642462374012422,0.3362263886890496,A,grading/data_processed/onion/A/Onion_2_r0_161__100.jpg,f3e383c181c1c1e3,50
6667.0,358.19090485572815,1.0,0.6529970374608487,0.925779351523988,72.81776865562234,84.03290180754006,114.69476616331916,41.225545417249776,87.85676587010703,50.596675902779936,4525.32834336,426.6145454545455,0.4204536409854797,0.3042347779633955,A,grading/data_processed/onion/A/Onion_Red_1_47__100.jpg,f7e78504000181e3,12
4959.0,298.39191567897797,1.0975609756097562,0.6998901267742893,0.9456521739130436,55.31281950452222,77.23500266003931,117.3747542272906,49.01097271037462,65.39992135273299,37.65078104638961,10605.566259997357,406.7166346944368,0.4279454390538775,0.294523321982796,A,grading/data_processed/onion/A/Onion_Red_1_r_160__100.jpg,ffc381018181c3e7,8
5617.0,394.81832218170166,1.0,0.4528138382745734,0.7870253607958526,18.311787072243344,16.267730289114187,145.8178361562392,48.86538433555411,75.25371586588317,44.130536390973255,3102.1407324989837,393.83180291153417,0.4836431564016003,0.3426632157099575,A,grading/data_processed/onion/A/Onion_White_1_r_68__100.jpg,ffff9f05010181c3,16
6066.0,380.6761875152588,0.93,0.526018293030872,0.8821348069512106,52.00674157303371,76.72260776349505,110.68507223113964,42.0782388899138,80.19470304975923,46.32398784595248,6505.929558688866,387.9266304347827,0.4779106790647668,0.3161688414358632,A,grading/data_processed/onion/A/Onion_Red_1_151__100.jpg,f7e78381010181c7,4
4700.5,303.8061294555664,1.2048192771084338,0.639971829603775,0.9006514657980456,141.9552795031056,54.26935799757027,90.34099378881989,43.095924070335826,62.083643892339545,35.94806527581172,8250.06601647554,375.4406717780212,0.5669325720982912,0.4053827365008599,A,grading/data_processed/onion/A/Onion_Red_3_r_44__100.jpg,ffe3c18180c1c3e7,7
6247.0,348.04876935482025,0.95,0.6480390325050854,0.918271350874614,79.07142857142857,84.53815868966748,114.10987808690216,43.16222616340825,82.36980306345733,47.541148899580314,5211.2152673241,387.37755319148937,0.4559034295460673,0.313332711280441,A,grading/data_processed/onion/A/Onion_Red_1_128__100.jpg,f7e78301000181c7,4
7146.0,339.70562529563904,0.9591836734693876,0.7781573050168115,0.9735031673591718,85.19953373560065,85.59270514285589,118.94925946242458,37.84459015651049,94.30060340098738,54.92316864340861,2938.533043610734,364.58777704630234,0.3995641674504483,0.1942283170622706,A,grading/data_processed/onion/A/Onion_Red_1_r_75__100.jpg,ff9f9d01010181c7,11
6079.0,329.36247873306274,0.9897959183673468,0.7041963383783256,0.926818112517152,69.62791445570028,82.62907135917084,117.36774401029103,43.649122036420586,79.89934073002091,45.8706715206575,5664.778289683741,430.9254889455783,0.4621500328491388,0.3322748114869203,A,grading/data_processed/onion/A/Onion_Red_1_22__100.jpg,ffe7c381000181c3,4
5594.0,402.5340520143509,0.9896907216494846,0.4338374872339723,0.7884981323560505,18.003812164269625,11.364412560061202,139.823947322821,51.46290195210022,74.72483105181078,43.51282538820753,2893.337171254749,367.552685838307,0.4875775046436887,0.3635827346370414,A,grading/data_processed/onion/A/Onion_White_1_r_19__100.jpg,ffcf8f8f010101c3,58
7050.0,341.22034323215485,0.93,0.7609027435736033,0.9616696221525032,23.43595443178661,36.24131091307425,102.8428730202834,48.73306987158632,92.49263684356764,53.004200567696344,2208.3872842062665,573.0901086956522,0.4046935521691189,0.2098989033366496,A,grading/data_processed/onion/A/Onion_2_r2_330__100.jpg,ffc9bf81010181e3,37
6626.0,312.3919162750244,1.1111111111111112,0.8532213638436286,0.9772140697588674,20.021153846153847,11.074745879783224,124.83550295857988,49.88885142931602,87.05355029585799,50.691660750501406,5176.703135358025,431.9200897867565,0.3806689154808427,0.2374864879624529,A,grading/data_processed/onion/A/Onion_White_1_81__100.jpg,ffc39f0c000081e7,2
4338.5,287.80612885951996,0.67,0.65818713568642,0.9291144662169396,35.719730941704036,63.30694261206365,151.33385650224216,56.39312262808478,57.51479820627803,32.47914136892169,14145.998610358654,370.9878787878788,0.4893543901758518,0.3131765403962205,A,grading/data_processed/onion/A/Onion_Red_2_r0_242__100.jpg,f3e7c3818181c1e7,26
6988.5,314.1492760181427,0.9387755102040816,0.889860044803962,0.988542329726289,148.6472487366648,47.12307010492646,103.36678832116787,39.90101554906634,91.8076923076923,52.82523193441716,2060.4078593591676,367.1353442475891,0.4126929429327858,0.1968380425474035,A,grading/data_processed/onion/A/Onion_Red_3_r_77__100.jpg,ff8f9901018181c3,11
6436.0,366.19090580940247,0.9696969696969696,0.6031298045104918,0.9184445237245809,56.0306339096148,78.8352403344148,116.4020321504398,41.34264527072956,84.9878677585684,48.85117108940458,5199.8649555738175,468.13216374269007,0.4098181860562693,0.2913367152028249,A,grading/data_processed/onion/A/Onion_Red_1_57__100.jpg,f7e78181000181e3,4
6127.0,321.8477591276169,0.99,0.7432873899822121,0.9328562728380024,146.36234429894603,49.34329654139126,97.6874800383264,42.09778088321808,80.45001596933886,46.351871424026655,4061.946543209877,430.8565306122451,0.5083570480226686,0.3530611507608748,A,grading/data_processed/onion/A/Onion_Red_3_192__100.jpg,ffe78108000181e7,12
7067.5,333.46298360824585,0.9595959595959596,0.7986939926499239,0.9710772190162132,14.302593260296767,8.283023537448718,148.2182776313965,48.830917726406255,93.25932602967688,54.13764265028482,3697.357103195699,448.1366860090265,0.3709294900266276,0.2178368715847702,A,grading/data_processed/onion/A/Onion_White_1_r_115__100.jpg,ffc38d85018181c3,3
6185.5,473.8305140733719,0.93,0.3462092161389184,0.8486657062495713,20.029273638071384,17.657270440523455,131.5076706324358,49.86145273054088,83.31715716969317,49.30660315336274,3781.7986490461326,596.6541304347827,0.4544765991758735,0.2944263871462868,A,grading/data_processed/onion/A/Onion_White_1_r2_170__100.jpg,ff9f9f11010181c3,16
6424.5,310.4924213886261,0.936842105263158,0.8374274432793247,0.9784495887907402,90.5127305991767,84.85345041908941,119.78533313005032,45.20745450176234,84.30263759719469,48.22232818482333,5316.151870720595,486.96614832535886,0.3364365777943872,0.2076155514950435,A,grading/data_processed/onion/A/Onion_Red_1_r2_65__100.jpg,efc38381808181e3,77
5325.5,301.8061286211014,1.0470588235294118,0.7347069430668443,0.95859958599586,59.02823615694903,78.69166182362093,116.29299596626328,48.419819046571696,70.24734140080675,40.35541889675614,10063.561506205962,463.73435828877007,0.3939129338029539,0.2628047445400338,A,grading/data_processed/onion/A/Onion_Red_1_r_163__100.jpg,ff8381018181c3e7,8
4863.5,331.8061295747757,0.77,0.5551239630666139,0.8903432494279176,42.2083083682844,51.46585779473999,81.49630517275814,52.224423307332195,64.98661873377272,38.99519387677603,8165.819391786135,534.1513157894738,0.4743839491701416,0.331535110928531,A,grading/data_processed/onion/A/Onion_2_r0_25__100.jpg,efc3c181818183c7,8
6161.5,346.4335459470749,1.0421052631578946,0.6451436673262213,0.9298973739812858,95.16880646695198,84.86441427249301,117.26121413853224,44.8329130945619,81.49500713266762,46.62651810883311,6431.232290266045,553.7786251342642,0.4490467950412956,0.3128086774918704,A,grading/data_processed/onion/A/Onion_Red_1_r2_80__100.jpg,ffc381010181c3e7,8
6804.0,347.8477600812912,1.0315789473684212,0.7066359799220854,0.9548133595284872,15.599683544303796,12.895631543406724,140.24323935558112,50.73891813886507,89.7571921749137,51.82948183276473,3217.3930770304614,431.96635919696155,0.3728958939614791,0.2387648708220743,A,grading/data_processed/onion/A/Onion_White_1_r2_80__100.jpg,ff8f9d09010181e7,2
7275.0,322.8771970272064,0.98,0.8769364318038441,0.9852383531960996,89.08835828949144,85.50780470516169,109.83852691218132,39.57177994229814,95.51531094024013,55.20016372531214,2866.7262244793833,327.5153608247423,0.3833704782502415,0.2295845272660011,A,grading/data_processed/onion/A/Onion_Red_1_r2_152__100.jpg,ffc7870e008181c7,44
4320.5,272.49242174625397,1.492537313432836,0.7311980359049233,0.9460258375301072,15.209197475202885,31.73769531715974,151.6302975653742,66.80417948568379,57.04643823264202,32.857709031050504,13675.940465025617,305.78486356098296,0.4455554674547508,0.3242752992320355,A,grading/data_processed/onion/A/Onion_Red_2_r2_26__100.jpg,ffe3c10000c0e1ff,59
6932.5,314.977702498436,0.979381443298969,0.8780922023955432,0.986060735367328,145.574844368987,51.86049236977417,112.62507074136956,41.49045552940394,91.34847198641766,52.71929797887685,2129.6023866581445,384.5025224830007,0.4149482244734248,0.2175907617361553,A,grading/data_processed/onion/A/Onion_Red_3_r2_77__100.jpg,ffc78f03018181c7,16
4191.5,290.14927554130554,1.4285714285714286,0.6256570655899303,0.9121871599564744,34.04194669756663,55.87275190123419,79.28250289687138,51.731131778900945,55.43823870220162,32.080028443558845,10038.836216408165,348.8067821067822,0.515788303465926,0.3709385442824252,A,grading/data_processed/onion/A/Onion_2_r2_252__100.jpg,ff878301000187ff,0
5108.0,318.3919163942337,1.1927710843373494,0.6331938479975129,0.8991374757965147,139.5485224022879,55.31835052558049,95.06825548141089,47.59353955673132,67.3672068636797,38.73418188681062,8003.918250615022,367.94258667322345,0.4994902535640648,0.3481841362154192,A,grading/data_processed/onion/A/Onion_Red_3_r_24__100.jpg,ffe1c080c0c1c1f7,5
6159.5,338.0904005765915,0.95,0.6771574230621303,0.9251971460758543,75.37908600444304,83.49414656654119,117.1050460171374,44.30357906875694,80.98762297683275,46.50423047437717,4987.499241706372,435.2004255319149,0.4428837939069364,0.3233849728294107,A,grading/data_processed/onion/A/Onion_Red_1_109__100.jpg,ffe78301000181c7,4
4021.5,272.83556735515594,1.5873015873015872,0.6788846151534993,0.9297191076176164,57.555582406959886,76.92309988113372,149.70952150797487,60.62805421714182,53.72885451909135,31.46777439258176,17056.958275031495,275.8420715087382,0.5226506925688837,0.3307115300441199,A,grading/data_processed/onion/A/Onion_Red_2_r2_184__100.jpg,ffc78300008387ff,0
4236.0,279.7644987106323,1.4492753623188406,0.6801122691319048,0.9194703711743,33.777828781271516,46.2551002423537,90.21528574707368,57.24197390295795,56.303649299977046,33.64181466983578,8761.854492249528,339.93192797540615,0.5301881618367862,0.3587994281926729,A,grading/data_processed/onion/A/Onion_2_r2_45__100.jpg,ffe3c10000c0e1ff,59
5802.5,357.119837641716,1.1111111111111112,0.5717380053574896,0.8809686479921051,34.783280174584526,9.714069089480668,49.72133624307537,33.85542690419237,76.94644955514521,44.73630780953128,3331.8448959999996,393.13827160493827,0.5940308775527896,0.3250699978677682,A,grading/data_processed/onion/A/Onion_White_2_r0_136__100.jpg,ffcf8f0f000181e7,13
6431.0,303.0782082080841,1.0333333333333334,0.879789858575525,0.9865009970854426,80.93355684242609,83.08687615837256,119.188204815605,44.7419581298067,84.68012800975312,48.42530640082829,5481.867788383443,388.0736714975846,0.3108403590713175,0.2019375858893857,A,grading/data_processed/onion/A/Onion_Red_1_r_8__100.jpg,ffc38180008181e7,7
5258.0,359.1614682674408,1.032258064516129,0.5122134393149328,0.871612101118939,33.59926062846581,10.090360666559,70.76691312384473,38.26802808677888,69.96839186691312,40.61090698538333,1800.0985852646545,357.19241652518406,0.5546962987193292,0.3791543128253062,A,grading/data_processed/onion/A/Onion_White_2_r1_100__100.jpg,ff9f8f07070181e3,76
5296.5,344.4335472583771,1.0210526315789474,0.5610324116878684,0.8617099162124786,33.139077714495684,9.702668796226371,71.34594892522506,40.013904386064674,70.34466286974096,40.84156824783052,1706.62671949913,327.2803728070176,0.5711022906590556,0.3959126994958795,A,grading/data_processed/onion/A/Onion_White_2_r1_104__100.jpg,ff9f8f0f070181c3,76
5609.0,385.303603887558,0.9693877551020408,0.4747764422574148,0.8328754918702205,35.92966042966043,12.437198037889662,54.00571725571726,26.296719673383173,74.51022176022175,43.209754481466355,2637.924651386022,463.0575336517586,0.5645208928216716,0.3623217998760923,A,grading/data_processed/onion/A/Onion_White_2_r1_57__100.jpg,ff9f1f01010183c7,13
5934.5,356.43354642391205,1.098901098901099,0.5869983151648359,0.8907985589912939,36.16773451618203,9.805432147487316,47.38064728109085,28.728703986892707,78.5731887629374,45.619099165898646,3249.5595602463472,438.42524142524144,0.5799736400081142,0.3176034501092553,A,grading/data_processed/onion/A/Onion_White_2_r0_118__100.jpg,ffcf8f03000081e7,13
5366.0,360.1909053325653,0.9787234042553192,0.5197506565634278,0.8335533980582525,35.17116464408622,11.354054492395658,56.6401014309002,26.746774462171352,71.40463684115197,41.55353048666203,2509.373096911501,438.86041617956505,0.5371301564637784,0.3442541786390501,A,grading/data_processed/onion/A/Onion_White_2_r1_66__100.jpg,ff9f9d01018181e3,11
3849.0,301.7644993066788,0.57,0.531155254645112,0.8895308527848393,39.65435820145692,58.714745597990785,86.06606380306455,55.73671742427781,51.25621703089676,29.90606854977121,12703.74302443829,461.24857142857144,0.4218378882817785,0.2788556242640149,A,grading/data_processed/onion/A/Onion_2_r0_293__100.jpg,e7e3c383818183c7,26
5515.0,382.67618691921234,1.0666666666666669,0.4732520512252888,0.777527139433244,16.795774647887324,10.77297004334692,146.56214788732393,48.50421802079798,73.83274647887323,43.12862989245679,2920.1905285359867,367.5919298245613,0.4578108529771428,0.3261966602222957,A,grading/data_processed/onion/A/Onion_White_1_r_72__100.jpg,ffbf9f05008181c3,23
5745.0,398.676185965538,1.1235955056179776,0.4542127358412146,0.8635851183765502,34.931902669820886,14.148082032811152,54.52973977695167,35.063275651193266,76.19584319026698,44.22723134205401,2969.325089900265,397.3272046305753,0.6003761911446047,0.3229830612752847,A,grading/data_processed/onion/A/Onion_White_2_r0_204__100.jpg,ffdf8f01000181e7,2
5605.0,390.67618680000305,1.0,0.4614786364074186,0.7885481148002251,16.775891929338414,16.217584460989222,140.44890890197436,51.19518269893241,75.31416695531694,44.67047128362214,3344.2247796910074,313.35567010309273,0.510149682468096,0.3854807162104467,A,grading/data_processed/onion/A/Onion_White_1_r2_114__100.jpg,ef8f9f0f010181c3,23
7045.5,365.2619729042053,0.9693877551020408,0.6636097560088675,0.9579197824609108,15.358650374895864,10.010440301751936,141.37628436545404,44.18931004327566,93.66884198833657,54.8124154457325,3164.0170296194688,468.30362570560135,0.3428160544069814,0.2125024260311715,A,grading/data_processed/onion/A/Onion_White_1_r_99__100.jpg,fff79701018181c3,23
5339.0,354.048770070076,1.0,0.5352338905949638,0.8355242566510173,34.87019843437102,10.695089323722362,59.87638813034771,30.4301495995278,71.17604223557255,41.45454053357538,2445.563006858694,371.79885332059246,0.528472095805066,0.3356128511300634,A,grading/data_processed/onion/A/Onion_White_2_r1_70__100.jpg,ffbf9d01018181e3,11
6108.5,348.43354547023773,0.94,0.6322728333897679,0.9074500482804724,74.3385008790155,83.3003993837964,115.603004634809,45.58602463741216,80.28144478184433,45.94387445314691,5190.852770201448,393.1172043010752,0.4438366568793998,0.3216979949482928,A,grading/data_processed/onion/A/Onion_Red_1_104__100.jpg,ffe78381000181c7,4
6635.0,310.391916513443,1.1111111111111112,0.8654260950658464,0.9828901562847197,35.82963947990544,12.290926316929108,50.658687943262414,32.01501099871393,87.56678486997636,51.44381677579888,3217.131990111111,370.9748597081931,0.5307888722153377,0.236629654731333,A,grading/data_processed/onion/A/Onion_White_2_r0_13__100.jpg,ffcf8f02000081e7,92
4501.5,286.83556747436523,1.408450704225352,0.6875449764007326,0.9288146084803468,31.174486486486487,42.69002843099354,93.46637837837838,58.48899738867565,59.612972972972976,35.03166512502244,7447.707067228724,321.2666097595675,0.5193159112358439,0.3377985375746046,A,grading/data_processed/onion/A/Onion_2_r2_36__100.jpg,ffe3c10000c0e1ff,59
6522.0,319.2203427553177,1.1235955056179776,0.8042842040472249,0.9713307022116316,23.659858837663315,46.67881034340302,80.22661060219252,50.21209415319498,85.5050307854032,49.031568362850095,2627.1506958212344,511.14572693224375,0.3949721721398071,0.2374878081548227,A,grading/data_processed/onion/A/Onion_2_r1_161__100.jpg,ff8b8180808083ff,6
5752.0,307.906635761261,1.2048192771084338,0.7624136167856866,0.9522390530585216,26.615293118096854,48.09515671219591,92.60390824129142,51.63748829222884,75.5731520815633,43.10282061477755,4181.98173755262,475.87197273944264,0.4201809431030459,0.2816366552238949,A,grading/data_processed/onion/A/Onion_2_r2_189__100.jpg,ffc38100010183ef,8
3769.5,299.80612885951996,1.5625,0.5270024061935452,0.8926118872839214,29.177059276366435,49.26309375941244,88.30100076982293,53.82928547619162,50.27149089042854,29.244752013094512,11616.784023339844,316.44270833333337,0.5269676825778116,0.3769928004277126,A,grading/data_processed/onion/A/Onion_2_r1_257__100.jpg,ff8783000087cfff,53
4647.0,306.53405117988586,1.1111111111111112,0.6214770372453069,0.9334136788189212,53.4784338358459,76.06184088459347,116.76319095477388,49.55442410397648,61.65975711892797,36.0490665334202,14720.97491290661,431.6891385767792,0.4608559490662484,0.3282064883426136,A,grading/data_processed/onion/A/Onion_Red_1_r_155__100.jpg,ffc381018181c3f7,0
6281.0,324.19090700149536,1.020408163265306,0.750994918615304,0.94401442849628,146.68541601745093,48.05517087304756,95.53957619196012,41.59117166606173,82.7642567778124,48.264447475088126,4696.340389795919,392.5247371675945,0.487945490462931,0.3327261993527135,A,grading/data_processed/onion/A/Onion_Red_3_95__100.jpg,ffe78301000183e7,4
4333.0,281.42135298252106,1.4492753623188406,0.687518612290738,0.9235852072897794,31.359901212393353,43.437251395447554,92.40413111809607,59.5088499717774,57.69690166142793,35.018260735251694,9659.739277126657,417.2302737520129,0.5252241843536287,0.3446472320087173,A,grading/data_processed/onion/A/Onion_2_r2_40__100.jpg,ffe1c10000c0e1ff,59
5390.5,352.9188276529312,1.0104166666666667,0.5438626802241123,0.8681752295055565,33.57527075812274,10.08084300467021,72.014440433213,39.81397366572587,71.58971119133574,41.57489960074339,1644.6248963827295,351.69194878472223,0.5637744828023313,0.3912529990600721,A,grading/data_processed/onion/A/Onion_White_2_r1_102__100.jpg,ff8f8f07070181c3,76
6252.5,308.9777034521103,1.101123595505618,0.8230179034596807,0.9736821614887488,22.498981989036803,46.41405736378111,174.91996867658574,50.3502565301673,82.2502740798747,46.20582474040013,4154.146239618103,386.6663963859609,0.399233140277945,0.2514068255898351,A,grading/data_processed/onion/A/Onion_Red_2_r2_280__100.jpg,ffc1818080c1c1f7,51
5390.0,291.22034323215485,1.25,0.7986476358817557,0.965863273900188,30.342463268637765,55.72505356027188,155.89551968075455,56.40383564416424,70.91238889896609,39.94149240902705,9313.716872984376,343.5948232323232,0.458119904268423,0.2965518828252887,A,grading/data_processed/onion/A/Onion_Red_2_r1_49__100.jpg,ffc381808081c3ff,0
6712.5,320.14927566051483,0.88,0.8229796862796876,0.9736727589208009,23.337468982630273,38.93128913782034,98.68822069770836,50.10552000750653,87.89592760180996,50.37888093722355,2385.97877267562,558.9837931034483,0.359973354738151,0.206248938550458,A,grading/data_processed/onion/A/Onion_2_r2_312__100.jpg,ff819f81818183e7,28
4704.5,284.97770178318024,1.3888888888888888,0.7279500452623696,0.9439205457463884,45.649326424870466,69.600528049201,150.4516062176166,60.64849707042987,62.420310880829014,35.433152736621196,12764.253229147376,332.4517396184063,0.4834399398892923,0.3169704386893572,A,grading/data_processed/onion/A/Onion_Red_2_r2_157__100.jpg,ffc70301000287ff,53
4715.0,282.24978041648865,0.7,0.7437454735889728,0.9575548334687246,11.05541770057899,18.35035574158982,155.52936311000826,56.90829771418144,62.26799007444168,35.353451884440894,10686.032157061223,388.2414492753623,0.4281941265837585,0.2887069289456974,A,grading/data_processed/onion/A/Onion_Red_2_r0_144__100.jpg,efe3c1818181c3e3,79
6306.0,310.87719690799713,0.9894736842105264,0.8199475937481905,0.9696317367571308,148.8039763901833,47.32385403081577,105.4139484311898,42.72394142002182,82.83022677850263,47.6354650766049,3998.111786659711,386.074363327674,0.4326442456235342,0.2651438049991135,A,grading/data_processed/onion/A/Onion_Red_3_r2_48__100.jpg,ff838380018183c7,32
4871.5,339.80612885951996,0.79,0.5301639038751411,0.862899654592153,42.56843992827256,52.50933225889123,79.41283124128313,52.09988684764425,64.90635584777844,38.66990076009326,7723.386894584201,619.0919230769232,0.4793614078456661,0.3460920410161159,A,grading/data_processed/onion/A/Onion_2_r0_18__100.jpg,efe3c181818183c7,3
5213.5,296.4924200773239,1.351351351351351,0.7452672756374362,0.9627885503231765,23.063284029208013,49.68481939975786,157.21063471260064,56.03601704378633,68.51076577419958,39.160414098741896,8391.72241599708,343.503822003822,0.4178844339629022,0.2650407195950668,A,grading/data_processed/onion/A/Onion_Red_2_r1_218__100.jpg,ff808001018387ff,25
6518.5,308.2914105653763,1.1235955056179776,0.861855949992841,0.9802255639097744,19.73484734546548,5.089417563337987,123.09851105429388,51.02877326466203,85.73905850503836,49.952780028666176,5566.367826991542,455.8150039723073,0.3936378811999341,0.2398319694540607,A,grading/data_processed/onion/A/Onion_White_1_75__100.jpg,ffc38d0c000181ef,2
7189.5,320.2914103269577,0.96,0.8806796649336991,0.98574072804552,21.44922194922195,45.74093300945115,175.95550095550095,45.89146933651146,94.84984984984985,53.75130652512466,2033.217130978733,383.0047368421054,0.3746504308427942,0.2209812792110971,A,grading/data_processed/onion/A/Onion_Red_2_r2_270__100.jpg,efc38180818181e7,77
4439.0,312.3919155597687,1.2658227848101269,0.5716042335414179,0.8730455305339758,137.53662803411328,55.39531928225371,86.43560026240979,48.550866025177335,58.57773890225235,33.93007954946706,10468.510179394329,312.4825469888761,0.5535962661444706,0.4081985612408334,A,grading/data_processed/onion/A/Onion_Red_3_r_154__100.jpg,ff878301038387ef,46
5904.5,377.11983728408813,1.1111111111111112,0.5217160954907922,0.8802176505664878,35.17960125226561,10.508211719105038,48.3862250782666,28.794327768713146,78.25869171197891,45.566646833801954,3528.9912923333336,454.18496071829406,0.5966403423471851,0.3139175591767649,A,grading/data_processed/onion/A/Onion_White_2_r0_164__100.jpg,ff8f0f00000183e7,14
7240.0,326.0487698316574,1.0526315789473684,0.8558217081318255,0.9840967785782248,22.51951219512195,49.67985336789933,154.970054200542,51.11036517627627,95.64471544715448,54.29580034853658,2344.6935220387813,318.01998936735777,0.348727700573247,0.2097279040803035,A,grading/data_processed/onion/A/Onion_Red_2_r1_248__100.jpg,ffe1e1008081c1e7,7
6281.0,367.3624790906906,0.93,0.5848561527600391,0.90341603739662,55.20621118012422,78.08866611158105,117.2776397515528,42.25424669040185,82.93835403726708,47.51959799455475,5879.390063776159,420.549347826087,0.4157617274459446,0.2942434469094415,A,grading/data_processed/onion/A/Onion_Red_1_66__100.jpg,ffe78181010181e3,4
4914.0,335.84775972366333,1.1494252873563218,0.5474697212920919,0.8825431034482759,142.07555379746836,53.80347858128253,87.60007911392405,40.151023640261435,65.00613132911393,37.765889673749946,10979.008483234244,382.7421339835133,0.5519258100340618,0.4064426783899852,A,grading/data_processed/onion/A/Onion_Red_3_r2_136__100.jpg,ffc783810183c3ef,8
4417.5,289.46298491954803,0.68,0.662522069512502,0.930097905042636,13.392377175589337,22.160176059935345,149.74421678783872,56.96174749438553,58.38797091870456,33.549744014910154,15436.44929011678,370.4862686567165,0.4310906817610838,0.3116891083195617,A,grading/data_processed/onion/A/Onion_Red_2_r0_98__100.jpg,cfe7c181818181e7,79
6224.0,381.50461399555206,0.93,0.537377970071812,0.9007235890014472,45.543049467752034,72.85859341153336,119.2398246712586,43.54209809246245,82.0926737633062,47.00331250589294,5179.254296727946,469.9425000000001,0.4207911725434852,0.2990398545237286,A,grading/data_processed/onion/A/Onion_Red_1_73__100.jpg,ffe78381010183c3,4
3643.0,315.5634889602661,1.6129032258064515,0.4597222642695031,0.8556664709336466,29.99206139190262,48.50245793768371,81.86451442180471,50.81921798376669,48.71473934903413,28.73436152798274,12397.035806425598,300.89231019876183,0.5265731271374752,0.3762891760223967,A,grading/data_processed/onion/A/Onion_2_r1_85__100.jpg,ffe1c00000e1f3ff,75
3963.0,315.9066352844238,1.4492753623188406,0.4990182634600104,0.8757043420616506,37.83048780487805,58.25722437985729,79.74365853658537,55.56894549735737,52.92048780487805,31.412713283949294,10459.512593068685,312.99194847020937,0.5409661742773134,0.393287532338423,A,grading/data_processed/onion/A/Onion_2_r1_125__100.jpg,ffc18000c0e1f3ff,51
4533.0,287.07820677757263,1.408450704225352,0.6911863193236338,0.9337727881347204,29.831615120274915,50.90861697464428,91.07646048109966,56.330278300849834,59.85631443298969,34.37759947795611,8036.482986133703,385.3962156779058,0.4704363150451878,0.3315798846948036,A,grading/data_processed/onion/A/Onion_2_r2_206__100.jpg,ffc78300000387ff,0
5744.0,379.7056243419647,1.0526315789473684,0.5006454055968107,0.8356124527203957,35.59137055837564,11.90646115525965,51.39492385786802,28.66744454847783,76.30186125211506,44.31957373243886,2399.965868144044,359.04880382775116,0.6006589338122411,0.3651457167666143,A,grading/data_processed/onion/A/Onion_White_2_r0_80__100.jpg,ffdf8f0f000181e3,13
4815.0,302.8771971464157,1.057471264367816,0.6595883863109718,0.91262319939348,144.25268055836537,52.634236163400665,91.27635039449729,43.758922688540274,63.424640906332186,36.893139174299655,9377.92518202418,374.7613995200202,0.5517632519862107,0.3669022421043203,A,grading/data_processed/onion/A/Onion_Red_3_r2_116__100.jpg,ffc3c1018181c3ef,8
5238.5,352.29141104221344,1.0105263157894735,0.530411219729826,0.8134948365556331,34.31867928028195,15.112467191877496,57.56891114820998,42.00701761317015,69.52402151734373,40.36807703289798,1940.6450906048017,343.3195567867035,0.6007035958515531,0.3941528186778923,A,grading/data_processed/onion/A/Onion_White_2_r1_12__100.jpg,ff9f0f07010181c7,13
5358.0,407.64674985408783,1.0425531914893618,0.4051768326610319,0.7495278729803455,15.22790529549973,4.42140455716909,146.09235496114223,45.96628041147358,72.11205494306886,42.49338096240825,2911.1776719335103,383.59113840754554,0.4958067718396822,0.384974673001648,A,grading/data_processed/onion/A/Onion_White_1_r_83__100.jpg,ffffbf00008181c3,43
7125.5,320.97770285606384,1.0526315789473684,0.8691114654179953,0.983030971925226,76.59595264317181,82.53949388504522,123.47563325991187,42.95856151669363,93.50977422907488,53.51490347044692,3629.358055357341,487.70154173312073,0.3418435272656095,0.2211822156829803,A,grading/data_processed/onion/A/Onion_Red_1_r2_36__100.jpg,ff870701018181e7,11
5463.5,395.8893893957138,0.9583333333333334,0.4380594842314536,0.8888798503213211,34.58380681818182,14.41133280959974,57.86683238636363,41.00309223954759,72.82936789772727,42.41550972995132,2503.7968351944633,425.76282051282055,0.5433680463976938,0.3456764782214,A,grading/data_processed/onion/A/Onion_White_2_r1_178__100.jpg,ff9f9f01018181c3,16
4633.0,277.07820761203766,0.7,0.7583460431648895,0.9608046453753628,13.34666386023995,22.58091484281206,153.6415491475479,58.36707767486377,60.88128814986319,34.92075114540294,11859.906661204082,399.8930434782608,0.4452617670897542,0.3016348021618796,A,grading/data_processed/onion/A/Onion_Red_2_r0_168__100.jpg,e7e3c1818181c3e7,26
4602.5,304.0071393251419,0.73,0.6258007736886579,0.906003937007874,41.34572333685322,53.31883942841584,83.45533262935587,53.10874322300173,60.98141499472017,35.63133524919996,9418.677216945018,522.5319444444444,0.4749923031418971,0.334252753989227,A,grading/data_processed/onion/A/Onion_2_r0_336__100.jpg,cfc3c183818383c7,3
6873.5,327.4629843235016,1.0869565217391304,0.8054959667134626,0.9680985915492958,31.10664385514685,56.05634644167921,79.30211006558312,48.72221972284006,90.19232962646136,51.792138934891206,1979.72579768431,472.83443126921384,0.3884647085262365,0.2249538932735159,A,grading/data_processed/onion/A/Onion_2_r1_168__100.jpg,ffcf8980008083ef,1
6693.0,317.0193340778351,0.94,0.836872294394334,0.9746614242027086,20.611924992675068,14.242052745607705,129.51684734837386,50.71338512451538,88.11661295048344,51.30525317388405,4932.086158623811,487.29161290322577,0.4381025561491282,0.2590691020365319,A,grading/data_processed/onion/A/Onion_White_1_r_42__100.jpg,ffcf9f81018183c7,11
