area,perimeter,aspect_ratio,circularity,solidity,hue_mean,hue_std,sat_mean,sat_std,val_mean,val_std,laplacian_var,glcm_contrast,glcm_homogeneity,glcm_energy,grade,path,ahash,cluster_id
6270.5,310.1492750644684,1.162790697674419,0.8191633160942537,0.9770938839111803,19.8711742660837,10.045825037412865,116.08838226108682,40.705110151533944,82.41458463460337,47.61643784120212,4534.943425851811,447.78341555085746,0.4164420045638479,0.2432175204332618,A,grading/data_processed/potato/A/Potato_White_1_r_152__100.jpg,ff8f0301018081ef,6
6140.5,308.1492749452591,1.1764705882352942,0.8126270961868672,0.9757667249324646,20.29459588713534,10.40654237252776,116.7495616132632,40.95708477331361,80.71991072851905,46.75790916719385,5187.298484484429,431.17219251336894,0.4219579726637086,0.2493952609400027,A,grading/data_processed/potato/A/Potato_White_1_r_153__100.jpg,ff8f03010180c1ff,6
5035.0,293.76449954509735,1.5151515151515151,0.7331801791965434,0.9586824067022088,20.11582413325586,9.515828146434508,126.11349990315708,44.40262560671658,66.59752082122797,39.159065774842304,9760.712497704317,518.7404346495256,0.3544344944866754,0.205059926540071,A,grading/data_processed/potato/A/Potato_White_1_r_14__100.jpg,ff8301000081c1ff,6
4772.5,296.35028648376465,1.5873015873015872,0.6828811083125834,0.9479590823319098,21.355569155446755,11.607261853513856,130.0701754385965,45.172433263867894,63.48796409628723,38.10070293088248,11013.952261501638,495.5212441879109,0.4053892023709423,0.2091459624623465,A,grading/data_processed/potato/A/Potato_White_1_r_86__100.jpg,ff830100000183ff,5
4482.0,274.79393684864044,1.6666666666666667,0.74587735846021,0.973712796002607,16.132087768846404,18.57264737833937,102.1568542255051,42.50987987870077,59.35715837497284,34.78383896754115,13728.512106555556,389.27508417508415,0.3620553296324381,0.2196183277078816,A,grading/data_processed/potato/A/Potato_Red_1_r_34__100.jpg,ff838101008081ff,0
4579.5,276.55129647254944,1.6666666666666667,0.7524480651961043,0.9721897887697696,14.956826882177795,14.12835548545288,102.23394300297744,43.38190299152944,60.78477243726074,36.2725814900345,11990.738138222225,416.2762626262627,0.3510330013149932,0.2047172658310992,A,grading/data_processed/potato/A/Potato_Red_1_r_35__100.jpg,ff838101000081ff,2
4829.0,273.6223638057709,1.5625,0.8105202852217137,0.9839038304808476,36.5492018589614,66.98332075611498,142.70094968680542,47.154949813190534,63.437057991513434,36.53295813950851,9134.813991308594,255.1587752525253,0.4519623606929196,0.2157589691732476,A,grading/data_processed/potato/A/Potato_Red_2_r2_114__100.jpg,ff870101008081ff,6
4835.5,273.0365775823593,1.5625,0.8150975514040248,0.9849271819940932,34.57416750756811,65.26321694540302,143.29101917255298,47.75832269405609,63.6795156407669,37.13887829073119,9360.034194433594,325.91287878787875,0.4531992100708906,0.2159315006700397,A,grading/data_processed/potato/A/Potato_Red_2_r2_115__100.jpg,ff878101008081ff,5
5280.0,292.59292590618134,1.408450704225352,0.7750257692187644,0.9780494581828284,21.106528574070648,15.248988539505223,134.51729239874237,40.72163491839877,69.78398372480119,41.00043009285707,8009.2972294981155,600.4788732394367,0.3836606205102541,0.2264889588751948,A,grading/data_processed/potato/A/Potato_White_1_r2_190__100.jpg,ff8101000081c1ff,11
5100.5,284.5512959957123,0.67,0.7915921522578353,0.9775754671777672,20.38779414578152,11.480537604562954,129.41400420891526,45.99730092249501,67.39219437535871,39.6660442240351,8889.905200178215,497.1877272727273,0.3443259696238531,0.1988138610145097,A,grading/data_processed/potato/A/Potato_White_1_140__100.jpg,f3c1c181818181c7,22
5070.5,283.03657722473145,0.66,0.7953815702858242,0.9817037754114232,20.42540904716073,11.49327833026145,128.6846968238691,45.166392263129445,67.03214629451395,39.442246204704794,8755.065523393021,457.0478461538462,0.3468701904308613,0.194365421718379,A,grading/data_processed/potato/A/Potato_White_1_141__100.jpg,f7c1c181818181c7,0
4660.0,277.96550965309143,1.6129032258064515,0.7579035790075268,0.9761206535400084,14.383232280995191,22.646648653128736,103.4012126280577,43.60914216732646,61.64645619903826,35.923249536936794,9530.374461082203,406.8030303030304,0.3697840571075044,0.216080206151962,A,grading/data_processed/potato/A/Potato_Red_1_r_115__100.jpg,ffc181800001c1ff,2
5277.0,295.90663373470306,1.2727272727272727,0.7573341756359895,0.9571920914202794,15.596039970392304,23.245794869972055,99.180236861584,40.62047549090813,69.58641746854182,40.206334597817694,7640.326288401366,379.0092381844959,0.4669367604334439,0.2724464556862504,A,grading/data_processed/potato/A/Potato_Red_1_r2_80__100.jpg,ffc78100000183ef,14
4661.0,278.4507919549942,1.5714285714285714,0.7554262156089407,0.9761256544502618,12.802843403721514,17.380980719313577,102.73656700815388,43.52743126481438,61.81517875810161,36.40800290775597,10852.539732513756,466.55247813411074,0.3709454421468238,0.2220268756945361,A,grading/data_processed/potato/A/Potato_Red_1_r_114__100.jpg,ffc181800001c1ff,2
5733.0,299.4213533401489,1.225,0.8035747240849245,0.9692307692307692,15.243220194439706,21.052492275464235,89.45062254818352,37.9174967616973,75.40422991642504,43.572324898172766,5241.243545902097,429.6521907216496,0.4460996445047767,0.2386699003949893,A,grading/data_processed/potato/A/Potato_Red_1_r2_122__100.jpg,ff870101010183ff,0
4850.0,308.1076453924179,1.5873015873015872,0.6420171842020269,0.9458800585080448,19.620938628158846,7.601295807671188,124.11552346570396,44.400172777323654,64.62154031287605,38.69720786081993,12952.64979115646,572.4471701138368,0.360537998030747,0.1952080861965569,A,grading/data_processed/potato/A/Potato_White_1_r_188__100.jpg,ff83010080c0c1ff,11
5334.0,299.56348836421967,1.2531645569620251,0.7469389673747592,0.9548872180451128,15.381911387770048,20.98359166488795,98.4199926766752,40.91513248244887,70.2839619187111,40.829558327552455,7052.493733451428,417.4382588478429,0.4813925975403213,0.2879915058644758,A,grading/data_processed/potato/A/Potato_Red_1_r2_81__100.jpg,ffc78100000183ef,14
5242.0,283.1370837688446,1.492537313432836,0.821700159646507,0.9862652869238006,46.00558867362146,74.15305926443538,140.1214605067064,49.68102203832973,68.89176602086438,39.85067160766076,7115.38435188238,250.43585104779137,0.4322323686614259,0.1917022832932562,A,grading/data_processed/potato/A/Potato_Red_2_r2_186__100.jpg,ffc381000001c1ff,2
5253.0,283.13708305358887,1.492537313432836,0.8234244487659437,0.9867568329106792,54.349321435211,78.36735065115204,139.71649005391336,49.32705849740078,69.10169176426845,40.065918390013216,7026.996756872355,268.49736167646614,0.4360682194752772,0.1905037974930672,A,grading/data_processed/potato/A/Potato_Red_2_r2_187__100.jpg,ffc181000000c1ff,2
4817.5,298.2081503868103,1.6129032258064515,0.6807577108147684,0.9511352418558736,20.371919191919194,13.113200202430528,127.30383838383838,45.09692149915741,64.10808080808081,38.38696426665716,11630.675479474505,550.9543825350278,0.3573494429301219,0.1910628181998611,A,grading/data_processed/potato/A/Potato_White_1_r_3__100.jpg,ff8301008080c1ff,2
5295.5,290.35028541088104,1.3888888888888888,0.7893549229103659,0.978654592496766,20.13740317226116,8.962426534336325,135.44061232017705,45.14865069689776,69.9889339727038,41.502532745345846,9223.336041493056,511.06327160493834,0.3868702586665904,0.2358873133877519,A,grading/data_processed/potato/A/Potato_White_1_r2_103__100.jpg,ff878100000183ff,5
3884.0,273.1370828151703,0.55,0.6542259279221019,0.9617432214931286,13.379775280898876,12.85996178757792,102.94531835205991,42.65752191536487,52.04943820224719,32.04499883555976,18171.24634723967,436.1068518518518,0.3784118198475354,0.2461124696894196,A,grading/data_processed/potato/A/Potato_Red_1_107__100.jpg,f7c3c381818181c7,27
4787.0,296.45079123973846,1.6129032258064515,0.6844915069250268,0.9475455265241488,20.09007726718178,14.125325706175415,127.047783651891,45.998691060380835,63.60451403009353,37.63939195465105,10727.526154812696,492.11290322580646,0.3614642319218557,0.1954678473119555,A,grading/data_processed/potato/A/Potato_White_1_r_2__100.jpg,ff8301008080c1ff,2
3868.5,254.4091609716415,0.5625,0.7510813424543887,0.9767706097714935,14.515318935208438,20.49142956142524,101.64038171772978,42.29633751766562,52.088900050226016,32.726698549292394,16778.006702983006,508.7547169811321,0.34972921281656,0.2067433504848955,A,grading/data_processed/potato/A/Potato_Red_1_106__100.jpg,f7c3c381818181c7,27
5268.5,288.49242210388184,1.3888888888888888,0.7954777351274331,0.9799125825351064,20.011498516320476,8.831144382669988,134.9083827893175,44.383584640215616,69.54358308605342,41.018532211521176,9210.210712017748,474.36111111111126,0.3881648770357992,0.2403605039207245,A,grading/data_processed/potato/A/Potato_White_1_r2_102__100.jpg,ff878100000183ff,5
5636.5,289.5218595266342,1.32,0.8449998977768476,0.9840258379888268,16.209439528023598,19.800629600732172,93.1870553531147,40.11197314316113,74.19989588755857,42.51717502109822,6037.331822303847,492.24993197278906,0.3540145004530668,0.2107054321079814,A,grading/data_processed/potato/A/Potato_Red_1_r_98__100.jpg,ffc781000001c1f7,2
4592.5,267.7228692770004,1.694915254237288,0.8051709312067575,0.9879531031515544,57.191891318191466,79.70305552564983,130.76756527276586,51.182958924067904,60.46041180216515,35.43079443642677,8810.72817581155,198.39650744735485,0.4874016181970735,0.1928661116754508,A,grading/data_processed/potato/A/Potato_Red_2_r_2__100.jpg,ff870100000183ff,5
5634.5,292.69343173503876,1.337837837837838,0.8264932175345305,0.9830759835994068,15.673433975360055,18.7869476453519,93.89397883047025,40.79396439407193,74.13517265313205,42.63613853240251,5497.491391920548,515.1046607832322,0.3547719016834052,0.2015059027396196,A,grading/data_processed/potato/A/Potato_Red_1_r_99__100.jpg,ffc781000001c1f7,2
4543.0,269.48022866249084,1.694915254237288,0.7861379944378725,0.9808917197452228,54.935234827364354,78.37900195760214,131.13789405961828,51.36244605871042,59.87132747158482,35.08389747441215,10671.23515759839,214.33846944016437,0.4832682733097715,0.2014492365272959,A,grading/data_processed/potato/A/Potato_Red_2_r_3__100.jpg,ff870100000183ff,5
4636.5,278.3502860069275,1.4705882352941178,0.7519981711136688,0.9556838091311964,14.44481816270759,17.927192372325496,101.5438301450494,42.68804400028984,61.382594071894054,36.233527942353085,11184.695468836506,336.83021390374336,0.4475463310364309,0.2882997579070593,A,grading/data_processed/potato/A/Potato_Red_1_r2_65__100.jpg,ffe78100000181ff,2
4260.5,264.4091613292694,1.818181818181818,0.7658036577839941,0.9821346242508068,63.61224023749715,81.77999435979939,131.80155286595112,51.873853502470965,56.21443251883992,33.04920884134412,12069.68768433058,201.09935720844817,0.4730312454156661,0.1974631699699555,A,grading/data_processed/potato/A/Potato_Red_2_r_17__100.jpg,ff830100000183ff,5
4259.5,265.23758828639984,1.818181818181818,0.7608487752546955,0.9807736587612248,60.97898583828232,80.92497761781354,130.0066240292371,52.37295709591952,56.210141617176795,33.18062707638781,12044.338863173554,214.57043158861345,0.4862811909243151,0.1982780123164559,A,grading/data_processed/potato/A/Potato_Red_2_r_16__100.jpg,ff830100008183ff,5
5199.5,287.865003824234,0.69,0.788485490631447,0.9776252702829744,21.247089748404058,15.090967311089122,133.1990236575291,45.7412661747144,68.68982350732257,40.25422308573618,8567.94369021214,504.06014705882353,0.3443244975379463,0.2049654213811143,A,grading/data_processed/potato/A/Potato_White_1_137__100.jpg,f3c1c181818181c7,22
4943.5,286.6934314966202,0.66,0.7558035315284786,0.972173058013766,20.975143026237916,8.848797478316028,131.97277569540344,45.52464866889692,65.53146577234169,38.6520313663485,9590.810311271807,549.4596923076924,0.3853491663359548,0.2119065887764321,A,grading/data_processed/potato/A/Potato_White_1_58__100.jpg,efc38381818181c3,0
4958.5,290.69343185424805,0.66,0.7373772653053696,0.9689301416707377,21.373377900117973,9.056578781355643,131.31203303185214,45.4410937489054,65.65906409752262,38.76732882138211,9623.632068663912,571.6826153846155,0.3773972998581256,0.2085408591639259,A,grading/data_processed/potato/A/Potato_White_1_59__100.jpg,efc38181818181c3,0
3967.5,273.37972342967987,0.6,0.6671050062896491,0.9400544959128064,16.11325831702544,13.86332998058158,100.43933463796478,44.680910859694976,53.36350293542074,33.10594921526532,19100.06410197222,619.7344067796608,0.4169679737970096,0.2930669727259096,A,grading/data_processed/potato/A/Potato_Red_1_81__100.jpg,fde1c1c1818183c7,22
3910.0,267.96550965309143,0.6020408163265306,0.6842720860310945,0.9466166323689624,15.8259682224429,12.874643907339603,99.95878848063556,44.94099949569699,52.31429990069513,31.859618283046625,17495.96371762771,455.24560168895147,0.4090143237588207,0.2804939481379772,A,grading/data_processed/potato/A/Potato_Red_1_80__100.jpg,fde1c1c1818181c7,0
5991.5,299.6639938354492,1.2345679012345678,0.8384483239811844,0.9829382331227956,20.762783858846593,12.488331833443596,124.5892827969286,38.651031225909875,78.89887273321352,46.08097615830545,6493.874701097395,543.4163860830528,0.3972777617712747,0.2325693134064105,A,grading/data_processed/potato/A/Potato_White_1_r2_174__100.jpg,ff9301000080e1f7,6
5951.5,300.14927649497986,1.2345679012345678,0.8301598022797938,0.9812860676009892,20.902138157894736,12.869223104873829,125.0095394736842,39.147367170307426,78.44276315789473,45.9577073914783,6989.262918381344,568.608305274972,0.3985644883493338,0.2374018980664636,A,grading/data_processed/potato/A/Potato_White_1_r2_175__100.jpg,ff9301000080e1f7,6
5829.5,301.6639941930771,1.25,0.8049969160332038,0.9724747685378264,19.673489932885907,7.528810562865167,127.971644295302,43.15312638453172,76.75469798657718,44.26069689927452,5728.876940609375,403.6854797979799,0.4273061523629576,0.2439505200894499,A,grading/data_processed/potato/A/Potato_White_1_r_124__100.jpg,ffc18000010183ff,0
4926.5,273.37972354888916,1.5873015873015872,0.8283535754555151,0.9891577150888464,55.8087973053299,78.098123657631,128.2470774717654,52.42351820911296,64.8561521696057,37.82053176043657,6907.723431191736,205.79701779701784,0.4885898032102695,0.1907053511150498,A,grading/data_processed/potato/A/Potato_Red_2_r_197__100.jpg,ff870100000181ff,5
4446.0,271.9655097723007,0.6,0.7553559601802644,0.9736121756268477,12.708278580814715,16.705413307865438,111.73521681997372,44.66864149847391,59.426412614980286,36.14253907336702,13083.498410416669,541.8145762711865,0.3753076042649073,0.2195567601507507,A,grading/data_processed/potato/A/Potato_Red_1_139__100.jpg,efc38181818181c3,0
4566.5,269.7228696346283,1.7241379310344829,0.7887834373897826,0.9844777406489168,47.01515151515152,73.94955069983425,133.8307725138711,53.36580211505053,60.20443875373453,35.1256452990815,10286.136559334129,263.04458376872174,0.4161203689421512,0.1827031942413479,A,grading/data_processed/potato/A/Potato_Red_2_r_105__100.jpg,ff8301000080c1ff,6
5344.0,285.7644987106323,1.36986301369863,0.8223558098538051,0.98379970544919,35.88423555230432,66.04623876437226,135.57973664959766,47.59962070002808,70.31163130943672,40.83638419802639,8316.487648714581,375.1692265116923,0.4607449132640139,0.2403665754833354,A,grading/data_processed/potato/A/Potato_Red_2_r2_90__100.jpg,ff870301008081ff,20
4541.5,282.69343161582947,1.5873015873015872,0.7141307715289433,0.9609606432501058,15.806645230439443,14.58219556301148,102.29774919614148,42.754573729413174,60.234941050375134,35.807250173325045,13400.134201940036,433.3522526855861,0.397007810321683,0.2474222193067353,A,grading/data_processed/potato/A/Potato_Red_1_r_42__100.jpg,ff838101000083ff,0
5499.5,296.1492749452591,1.2531645569620251,0.7879737010869535,0.9725882040852418,21.406150017774618,18.918628245854222,139.38055456807678,46.32995818430019,72.61891219338784,42.33320282957483,8498.215621945454,557.830534745544,0.4025748390119283,0.2666572385825525,A,grading/data_processed/potato/A/Potato_White_1_r2_22__100.jpg,ffc381010080c1f7,2
4231.5,264.55129635334015,0.58,0.759773988837172,0.979967577582214,54.90616375344986,78.82702015452706,128.22033118675253,53.95900118862429,55.909383624655014,32.79020281193832,12007.495521521998,373.6663157894736,0.4299532075376769,0.227877584001242,A,grading/data_processed/potato/A/Potato_Red_2_108__100.jpg,e7c3c181818183c7,0
5540.5,293.32084798812866,1.2375,0.8092318350326957,0.9744965262509894,19.532121426050125,8.296745051554062,139.8759265795976,46.706853250408,72.98746911401341,42.16912503181699,7489.872686699699,480.7772959183675,0.4042069886032576,0.2712117589887377,A,grading/data_processed/potato/A/Potato_White_1_r2_23__100.jpg,ffc381010000c1f7,5
6475.5,311.1198378801346,0.89,0.8406742866997106,0.9799485472154964,19.120932344483123,13.976165006672794,78.52156803390343,35.93112383632797,85.27561677009233,49.44820251159107,3589.2171730210835,628.2106818181817,0.4047059681812553,0.241992098259085,A,grading/data_processed/potato/A/Potato_Red_1_r_77__100.jpg,ffc383818181c1e3,0
4529.0,267.1370824575424,1.694915254237288,0.7975241220821099,0.9853149135211574,33.8616311598881,64.82127193119966,140.5134495373359,52.71896432362103,59.616096406283624,34.61032458206165,8863.156143952889,203.6428693716829,0.4672890679627337,0.2032900453697875,A,grading/data_processed/potato/A/Potato_Red_2_r_130__100.jpg,ffc301000081c1ff,2
5086.5,291.17871356010437,1.408450704225352,0.7538929237336421,0.976201900009596,19.78074045655093,9.872177374807894,136.41223863418378,45.04608782808969,67.05831574908882,38.974073120496534,9612.249317417178,391.6201451131027,0.4078490818861844,0.2559417741279661,A,grading/data_processed/potato/A/Potato_White_1_r2_109__100.jpg,ffc38100000083ff,5
4868.5,294.20815002918243,1.5873015873015872,0.7067985338667022,0.9537662846507984,19.712942588517706,9.463621217494616,128.04800960192037,45.42148299827583,64.64692938587717,38.161672247412774,10765.492552280171,463.4490941157608,0.3600968344645241,0.1954026590326415,A,grading/data_processed/potato/A/Potato_White_1_r_8__100.jpg,ff8301008080c1ff,2
5452.5,286.69343173503876,0.72,0.8336236975432035,0.9846501128668173,20.014162782359268,7.591652030736767,136.12782359268556,45.88679591170431,71.93402653280745,41.85597332526751,7714.857132638887,585.9850704225353,0.3419991594139224,0.2092310052758346,A,grading/data_processed/potato/A/Potato_White_1_25__100.jpg,cf878381818181e3,7
5518.0,293.0782071352005,1.2820512820512822,0.8072805850124098,0.9747394453276806,19.357016300496102,7.604080697830939,140.36038270729978,45.37702320408621,72.87172218284904,42.74586017989997,8125.740826758711,487.1076146076147,0.4063054252016482,0.2646615155351559,A,grading/data_processed/potato/A/Potato_White_1_r2_16__100.jpg,ffc381000080c1ff,2
4751.0,285.76449942588806,1.434782608695652,0.7311026259463461,0.9598949388827154,15.838358974358975,23.074544201945766,89.56225641025641,38.86198552584752,62.731692307692306,36.43055649972543,11052.985544706817,321.6044069801833,0.4663075195016932,0.2753457189764373,A,grading/data_processed/potato/A/Potato_Red_1_r2_129__100.jpg,ff870301010083ff,6
5444.5,288.35028553009033,0.73,0.8228621660368124,0.9820526695526696,19.90754039497307,7.53130371197766,134.90269299820466,46.05084470402509,71.69802513464991,41.550354643074506,7494.84463011822,547.9298611111112,0.359144916153755,0.2185421631707102,A,grading/data_processed/potato/A/Potato_White_1_24__100.jpg,cf878381818181e3,7
4827.5,282.3502857685089,1.4,0.7609492322946209,0.963669028845194,14.989494949494947,20.12764044407422,90.12626262626264,39.74813656990128,63.823838383838385,37.15295816510882,9616.265376905032,358.1141384388808,0.4713764194370222,0.2672140654070288,A,grading/data_processed/potato/A/Potato_Red_1_r2_128__100.jpg,ff870301010083ef,6
4829.5,291.6639939546585,1.5151515151515151,0.7134218350248038,0.9501278772378516,20.519475277497477,8.768543799883641,130.62502522704338,44.27879588766759,63.99031281533805,37.75736851125993,12530.42303030303,459.0962656871747,0.4374707815008344,0.2357842803479874,A,grading/data_processed/potato/A/Potato_White_1_r_110__100.jpg,ffc18000010383ff,5
4565.5,294.8355668783188,1.4776119402985075,0.6599916879749796,0.9331630045988758,16.92094608992116,19.379362728569554,82.79437460046879,39.48718411930281,60.23865331344556,34.83175203728608,10840.61873110497,327.1349375571124,0.4330275696814243,0.2776048031414875,A,grading/data_processed/potato/A/Potato_Red_1_r2_19__100.jpg,ffc3818000c1e1ff,28
6379.5,303.32084810733795,1.1764705882352942,0.8713486898274486,0.9886099488609948,47.23010752688172,74.05077896050862,133.61397849462367,52.88095915798069,83.65023041474655,48.02607870457456,3734.8722863806233,278.9612596553773,0.4730992222298624,0.2221473337611758,A,grading/data_processed/potato/A/Potato_Red_2_r2_37__100.jpg,ffc38380000183ef,14
6218.5,300.1492762565613,1.1904761904761905,0.8674029637365621,0.987847498014297,48.18575705057508,74.68175006470433,133.91255711359696,53.6889759613857,81.50638096738616,46.8598984775582,3826.9004102040817,268.9510582010581,0.495252278375982,0.2329944217393478,A,grading/data_processed/potato/A/Potato_Red_2_r2_36__100.jpg,ffc38380000183ef,14
3500.0,263.13708329200745,1.8867924528301887,0.6352048353079698,0.9328358208955224,17.459347345132745,26.247355661476877,95.92533185840708,43.12151563325821,47.248064159292035,30.239825349722597,21961.86864008544,429.0171526586621,0.4763662491692579,0.3070211736618125,A,grading/data_processed/potato/A/Potato_Red_1_r2_160__100.jpg,ff830101010187ff,4
5961.5,304.4924205541611,1.1666666666666667,0.8080020061789874,0.9751369919031652,14.04070244542918,22.206570539322943,99.52240275726244,41.349284957421425,78.27523387493845,44.723964059918025,4978.447637322318,396.0790378006873,0.4061479965021222,0.2461264550896921,A,grading/data_processed/potato/A/Potato_Red_1_r_157__100.jpg,ffc38380010183e7,0
4544.0,269.6223635673523,0.62,0.7854822287552176,0.980366774541532,41.20484770484771,71.04815463332004,137.8908193908194,51.37520527957226,59.98734448734449,34.62331542634425,9690.513067611862,406.5244262295082,0.4112899333848988,0.2257427050412338,A,grading/data_processed/potato/A/Potato_Red_2_87__100.jpg,e3c1c181818183c7,13
6291.0,301.4213539361954,1.2195121951219512,0.8701247392682785,0.9857411469758696,62.309405169729054,79.48702341059966,125.20990345686702,52.0856639488949,82.52211149174713,47.61196765906164,3344.6864519779892,283.4118009361912,0.4845748781730568,0.2048419861239517,A,grading/data_processed/potato/A/Potato_Red_2_r_179__100.jpg,ff8f0501008181ff,26
6267.5,302.00713980197906,1.2195121951219512,0.8635148011640541,0.9861537251199748,61.925300828254414,79.12735129950237,126.42256602594156,51.928746217999645,82.21628379434287,47.47308506708442,3057.277929803688,304.0874599655088,0.4851864864620989,0.2061300048711904,A,grading/data_processed/potato/A/Potato_Red_2_r_178__100.jpg,ff8f8101008181ef,0
5358.0,283.76450049877167,1.356164383561644,0.8361735898720775,0.9849264705882352,15.534391534391537,16.735913983331326,95.82247765006386,39.44779452787224,70.52052545155993,40.67551731212685,6960.80489138625,447.27005870841487,0.3698982739993432,0.2283263650804535,A,grading/data_processed/potato/A/Potato_Red_1_r_7__100.jpg,ff870301000081e7,6
5780.0,299.0782072544098,1.2345679012345678,0.8120226905448903,0.9763513513513512,19.92181418175664,7.85377747573381,116.22372651886953,40.442999243027806,75.97139955999323,43.97862172096984,6362.36349902454,434.53435590472634,0.4296884368653658,0.2571984340021703,A,grading/data_processed/potato/A/Potato_White_1_r_158__100.jpg,ff8703010080c1f7,6
4263.0,262.65180146694183,1.818181818181818,0.7765410684248263,0.9836179049377018,55.87214611872146,78.88650074896894,133.29155251141552,51.72796927535706,56.16712328767123,32.8840833441747,11245.907447636364,201.9779614325069,0.4683636399115464,0.1950222555309723,A,grading/data_processed/potato/A/Potato_Red_2_r_23__100.jpg,ff830100008183ff,5
5798.5,298.0071396827698,1.25,0.8204879125217758,0.9800557762190484,19.98363697705803,9.02907483856539,115.71423751686908,40.16389314810857,76.12095141700405,43.96075471486136,6573.12849975,402.5621212121212,0.4097505052914953,0.2467909215888535,A,grading/data_processed/potato/A/Potato_White_1_r_159__100.jpg,ff8703018080c1ff,11
4293.5,266.55129647254944,0.59,0.7593810106448395,0.9774615822424588,51.54160054409431,77.50821416938298,132.7166175470415,51.249612020436274,56.79732486964407,33.42334000842595,10783.227172048262,409.61862068965513,0.4341644940709647,0.2324373581115947,A,grading/data_processed/potato/A/Potato_Red_2_102__100.jpg,e3c1c181818183c7,13
5601.0,305.70562386512756,1.1904761904761905,0.7531276289129912,0.9644425312096429,20.050959860383944,10.378366542855623,137.7696335078534,48.65554736148218,73.71343804537521,42.40170125927397,7466.166799192177,450.8603896103897,0.4219007767843596,0.3046699534483476,A,grading/data_processed/potato/A/Potato_White_1_r2_28__100.jpg,ffc381010101c1ff,2
4398.0,271.1370824575424,1.6779661016949152,0.7517739139777182,0.973008849557522,14.155821159805225,24.260302192763017,106.64984506418767,44.20442785497545,58.33244798583444,34.2525599419595,9982.094598159802,396.16966447595985,0.3627126146144483,0.215666579364959,A,grading/data_processed/potato/A/Potato_Red_1_r_121__100.jpg,ffc181800001c1ff,2
5617.5,305.46298336982727,1.1904761904761905,0.7565467448022161,0.9610778443113772,19.86305898729772,10.600380071906445,137.52670958761092,49.13804917949958,74.02940664694623,42.713454448573195,7960.649228443877,476.77128427128434,0.4292393641739072,0.3027625805301386,A,grading/data_processed/potato/A/Potato_White_1_r2_29__100.jpg,ffc381010101c1f7,0
4284.0,265.9655101299286,0.59,0.7610421006272595,0.9767441860465116,44.87525562372189,73.53423326444626,132.73801408770734,51.599547251728055,56.47557373324244,32.965584307479546,10252.92296133295,370.961724137931,0.4295618059598773,0.2339510642754682,A,grading/data_processed/potato/A/Potato_Red_2_103__100.jpg,e3c1c181818183c7,13
6390.0,318.53405129909515,1.0869565217391304,0.7914053679753803,0.967375671788661,19.748045977011493,10.199029234746796,125.59969348659004,41.80938023659444,84.00199233716475,48.120842417374675,4242.9565868501895,404.9009661835749,0.471545528773907,0.2771747774301528,A,grading/data_processed/potato/A/Potato_White_1_r2_137__100.jpg,ffc78180818183cf,0
4382.0,278.4507917165756,0.6,0.7102076126297173,0.9633945256678026,13.978463587921848,22.148752871602643,111.99267317939608,44.23380868594503,58.59325044404974,35.631242511287795,13428.360017750005,453.9527118644068,0.3818792745461201,0.2273051978580418,A,grading/data_processed/potato/A/Potato_Red_1_133__100.jpg,efc38181818181c3,0
4380.0,273.6223635673523,0.59,0.7351581808775666,0.9721451559205416,12.646888888888888,16.421286364854094,112.01088888888889,44.3257097867454,58.474666666666664,35.30802902708925,13245.44707437518,412.14465517241376,0.3740402540811297,0.2173165236758231,A,grading/data_processed/potato/A/Potato_Red_1_132__100.jpg,efc38181818181c3,0
6334.5,317.1198374032974,1.098901098901099,0.7915445887050871,0.9679859413202934,20.024733343638893,10.971174887620297,125.7072190446746,42.78489387321878,83.23450301437626,47.82223042175628,4568.319431228112,432.5270285270285,0.4731128357904896,0.2756704796615893,A,grading/data_processed/potato/A/Potato_White_1_r2_136__100.jpg,ffc78180818183cf,0
4535.0,280.59292709827423,1.5384615384615383,0.7238252287558105,0.9527310924369748,18.31292955326461,20.802969599719606,97.69415807560138,43.68486432816532,59.88530927835052,34.600899428011616,9082.965671455622,335.9434343434343,0.4202225524766004,0.2716059980904741,A,grading/data_processed/potato/A/Potato_Red_1_r_49__100.jpg,ff878301010083ff,5
4951.0,274.45079040527344,1.5384615384615383,0.8259881534992327,0.9849796080771908,30.356339972392032,61.27880798417176,145.10550187339774,46.61669508236132,65.05225793729048,37.50693395867751,7669.000578366864,251.0317016317017,0.451813337024961,0.2084266892546781,A,grading/data_processed/potato/A/Potato_Red_2_r2_120__100.jpg,ff838101008081ff,0
5008.0,277.27921736240387,1.5151515151515151,0.8185393176738784,0.9846637829335432,25.181321895106255,55.70170842823783,144.97621368687854,46.79872130170568,65.9385845193995,38.367489787473055,7831.287463360882,273.4470462197735,0.4519044516466644,0.2128507613690349,A,grading/data_processed/potato/A/Potato_Red_2_r2_121__100.jpg,ff838101008081ff,0
5825.5,294.0071407556534,1.2987012987012987,0.8468906020260053,0.9850355089617856,58.32219049218881,77.32079255914714,119.86796573156391,52.110725098209954,76.35729884092055,43.7048824746064,4220.943188986339,309.6692903056539,0.4440414159177065,0.2144179295562944,A,grading/data_processed/potato/A/Potato_Red_2_r_54__100.jpg,ffc181000081c3ff,2
5336.5,288.3502857685089,1.3424657534246576,0.8065394327842471,0.9761295042985184,17.963749542292202,16.776192910054476,90.35060417429511,40.911420672608635,70.177773709264,40.4313622502449,7551.388927929964,348.832650755543,0.4013216345248925,0.227689458159726,A,grading/data_processed/potato/A/Potato_Red_1_r2_184__100.jpg,ffc18101018183ff,0
4127.0,288.93607211112976,1.639344262295082,0.6212133836983774,0.9228533094812164,16.019045379731953,17.67329937432645,84.99341641194451,39.46009903512206,54.98001410768869,32.915196100053784,14594.6130146466,419.8869018049346,0.4299068544686045,0.2870452599811636,A,grading/data_processed/potato/A/Potato_Red_1_r2_27__100.jpg,ffc3818000c0e1ff,6
5303.0,282.93607199192047,1.408450704225352,0.8324436624906889,0.9823099008983976,40.511610762992994,69.20831038548766,132.61868779948398,52.80468093119176,69.61131588647254,40.01271744295825,6286.703142947829,251.15578318395217,0.5005312397405379,0.2245455632114762,A,grading/data_processed/potato/A/Potato_Red_2_r_147__100.jpg,ffc38100000181ff,2
5298.0,282.59292674064636,1.408450704225352,0.8336797321198998,0.9839353700436438,37.3730627306273,67.13966506423023,132.31531365313654,53.78212183393904,69.52878228782288,40.120594296558664,6348.228883078753,266.16005121638926,0.5066689247210933,0.2256924136465803,A,grading/data_processed/potato/A/Potato_Red_2_r_146__100.jpg,ffc38100000181ff,2
5038.0,286.79393696784973,0.67,0.7697117132903044,0.9745623367830544,21.697967086156822,12.237143943675662,130.59167473378508,45.74312689026254,66.61781219748306,39.24817544985814,9341.257348429494,594.7660606060607,0.3707713715683969,0.2082287891962534,A,grading/data_processed/potato/A/Potato_White_1_53__100.jpg,efc38381818181c3,0
5463.0,298.9360740184784,1.351351351351351,0.7682178807615558,0.9731029568934806,20.69431533786199,14.09626031052844,115.28834465498748,40.845059618730886,72.14140150160887,42.44559316198086,8683.284793261506,505.47815997816,0.4039299531012945,0.2328623917595599,A,grading/data_processed/potato/A/Potato_White_1_r_166__100.jpg,ff8701008080c1ff,6
5423.5,298.3502869606018,1.36986301369863,0.7656611101096055,0.9699543950639364,19.87378465970472,8.01181297270177,116.17338854879368,42.53805944150771,71.62297443284119,41.94651778661095,9326.476090429724,505.61782205617817,0.4021063213251634,0.2279402929958056,A,grading/data_processed/potato/A/Potato_White_1_r_167__100.jpg,ff8701008080c1ff,6
4336.0,264.6518017053604,1.7857142857142858,0.7779459562177812,0.9861269047077552,52.11158509205209,77.06407964414075,132.25662325999102,50.629755852966454,57.281320161652445,33.732846281321244,8611.630205325255,219.63185425685427,0.4902524175371469,0.1958827122274511,A,grading/data_processed/potato/A/Potato_Red_2_r_8__100.jpg,ff870100008183ff,5
4361.5,265.23758840560913,1.7857142857142858,0.7790684188966899,0.9854270221418888,51.35178571428571,76.88775385742433,132.1546875,50.94146194399643,57.527232142857144,33.701031531208876,8915.90234897959,205.008658008658,0.4824524926134704,0.1943184505473792,A,grading/data_processed/potato/A/Potato_Red_2_r_9__100.jpg,ff830100000183ff,5
5231.0,292.5929263830185,1.4285714285714286,0.7678332927214528,0.9617576760433904,20.56774916013438,12.154788264841722,123.83016050765212,44.34568355831465,69.00690556177678,40.34611996382648,9963.889038346935,488.0176046176046,0.3687572330645313,0.2198704286603418,A,grading/data_processed/potato/A/Potato_White_1_r_20__100.jpg,ff8301000081c1ff,6
5295.0,288.10764491558075,1.408450704225352,0.8016157908061834,0.9810097267253358,19.765172477402693,10.16540992075518,134.9439217856484,42.67656542779997,69.9966795794134,40.8316919665273,8356.823124459434,483.69668516147385,0.383674503313282,0.2256411332391343,A,grading/data_processed/potato/A/Potato_White_1_r2_1__100.jpg,ffc101000081c1ff,12
5283.0,289.27921772003174,1.408450704225352,0.7933338880164799,0.9758034724787588,20.219408502772644,13.611866643239953,134.19001848428834,43.24022366828388,69.88539741219964,40.8871558010593,7825.80463765126,547.6268316972543,0.3758246956074494,0.2277439376348192,A,grading/data_processed/potato/A/Potato_White_1_r2_0__100.jpg,ffc101000081c1ff,12
5296.0,286.4507908821106,1.3611111111111112,0.8110689750731859,0.9779337087988182,15.286241239395055,19.91598803515749,96.05662117299887,41.98818056035163,69.81519734415345,40.17432694069819,7877.412627048883,472.9579037800688,0.3659499199567431,0.2182069044088378,A,grading/data_processed/potato/A/Potato_Red_1_r_102__100.jpg,ffc181000001c1ff,2
4238.0,263.4802293777466,0.56,0.7671402163717531,0.98306657388077,55.56073478760046,79.29294417258461,133.44087256027555,53.64668512979569,56.01538461538462,32.69903803214242,11008.672387244898,355.2965454545455,0.4213918795477342,0.1998471316608218,A,grading/data_processed/potato/A/Potato_Red_2_121__100.jpg,e7c38181818183c7,0
4237.0,263.4802289009094,0.56,0.7669592044671869,0.9838616045512596,55.6214974735875,79.07096675234384,133.7666513550758,53.81866343723308,56.07234726688103,33.050726628728405,11806.855418239797,392.104,0.4185845629799602,0.2009240636132043,A,grading/data_processed/potato/A/Potato_Red_2_120__100.jpg,e7c38181818183c7,0
4148.5,280.2081503868103,1.5714285714285714,0.6639562014314986,0.9444507683551508,16.42556179775281,24.279699797360095,88.8625936329588,40.411832240488486,55.25936329588015,33.16411857178328,13774.255525779336,362.5952380952382,0.4872298619389887,0.3040496339168089,A,grading/data_processed/potato/A/Potato_Red_1_r2_135__100.jpg,ff870301010183ff,5
5032.0,288.1076457500458,1.4285714285714286,0.7617999312503113,0.9726490770271576,20.97828615742536,16.29271055489536,137.29778984102364,45.51826113446058,66.3596355176425,38.594520412079966,9150.034885693878,424.7393939393939,0.4094578678764475,0.2521412252085254,A,grading/data_processed/potato/A/Potato_White_1_r2_114__100.jpg,ffc38180008183ff,2
5027.5,288.35028541088104,1.408450704225352,0.759838285089659,0.969156626506024,19.892295750048515,10.772754805418415,136.52513099165537,46.269779434806054,66.35163982146322,39.154272064354416,9905.53275721087,475.48627116232734,0.4265182047712959,0.2625077822017184,A,grading/data_processed/potato/A/Potato_White_1_r2_115__100.jpg,ffc38180008183ff,2
5096.0,279.96551036834717,1.5384615384615383,0.8170153529554846,0.9872142580395196,46.09272030651341,74.3908662504266,141.37816091954022,49.28173659043227,67.10823754789271,38.871459863412625,7281.623790390533,280.67614607614604,0.4415093632422553,0.1877736159049678,A,grading/data_processed/potato/A/Potato_Red_2_r2_190__100.jpg,ffc381000001c1ff,2
5318.5,288.693431019783,1.408450704225352,0.80190925102857,0.9786548900542827,20.12157943067034,9.674647739943346,132.21267217630853,40.64475706058794,70.41836547291092,41.42660533584149,7432.891720769689,601.3199601650306,0.3790724518202811,0.2206604186043822,A,grading/data_processed/potato/A/Potato_White_1_r2_186__100.jpg,ff8101000081e1ff,12
5303.0,289.76449823379517,1.3888888888888888,0.793672150321996,0.9776917404129792,20.870878614846195,13.198908216241056,133.14625161171486,40.59148670374231,70.21274636212931,41.452841287771825,8285.055249980709,569.7314814814815,0.3889957445367679,0.2339629097403528,A,grading/data_processed/potato/A/Potato_White_1_r2_187__100.jpg,ff8101000081e1ff,12
4808.0,273.6223645210266,1.5625,0.8069955500046353,0.9864587607714403,35.939326298701296,66.23077529592445,136.78612012987014,49.16609094597234,63.427353896103895,37.56249660386029,10094.466367944337,365.2394255050506,0.4549303544184945,0.2199205027374573,A,grading/data_processed/potato/A/Potato_Red_2_r2_103__100.jpg,ff870101008081ff,6
4155.0,278.4507908821106,0.62,0.6734168526159616,0.949931412894376,15.96843581949965,15.55899975654848,99.15945756371288,44.2363020701561,55.54991816693944,33.592305254134715,15575.246336914672,529.7944262295082,0.4028820653636893,0.2862219028903418,A,grading/data_processed/potato/A/Potato_Red_1_73__100.jpg,fde1c1c18181c1c7,0
4817.0,273.6223636865616,1.5625,0.8085061539273044,0.9857771411030388,44.5643103099048,72.50995032955757,137.22787117682805,49.395582453451865,63.46100870974276,36.905835055801454,10588.176519506836,303.9034090909091,0.4506695636374028,0.2187117067780924,A,grading/data_processed/potato/A/Potato_Red_2_r2_102__100.jpg,ff870301008081ff,20
4190.0,275.62236392498016,0.62,0.693098534521254,0.948285617290936,15.535838552540014,9.55177582792111,101.59336580839712,46.59669217057336,55.85386221294363,33.712526325796034,14998.327721123827,545.0544262295081,0.398426544976907,0.2834325961305698,A,grading/data_processed/potato/A/Potato_Red_1_72__100.jpg,fde1c1c1818181c7,0
5353.5,287.32084929943085,1.351351351351351,0.8149170193216976,0.980045766590389,20.017531044558073,9.26280446573492,134.240869247626,44.9544028656727,70.54967129291454,41.45355566295364,9345.561350894814,470.556511056511,0.3944906906029731,0.2482845368025077,A,grading/data_processed/potato/A/Potato_White_1_r2_98__100.jpg,ff870100000083ff,5
4625.0,275.9655102491379,1.596774193548387,0.7631536489726163,0.9754297163344932,15.312618495892142,17.40352488305722,99.65536128080892,42.5971872858177,61.21339793553823,35.777148958383016,9412.535349208882,374.3810072416063,0.3506440017793016,0.2137205932911028,A,grading/data_processed/potato/A/Potato_Red_1_r_23__100.jpg,ff870301010081ff,20
4710.0,275.9655097723007,1.5714285714285714,0.7771791781800305,0.9783963439966764,14.884312913907284,14.044102799814372,98.58629966887418,41.52941193513825,62.279387417218544,36.478898313152285,10660.627009923788,382.6232588273405,0.3617284840613919,0.2111958093894007,A,grading/data_processed/potato/A/Potato_Red_1_r_22__100.jpg,ff870301000081ff,20
6340.5,302.1492757797241,1.1764705882352942,0.8727508001476887,0.9857742537313432,49.216074188562594,73.73733609164647,132.83833075734157,52.572400793467146,83.19520865533231,48.044113634669024,2911.2480785605535,305.1151515151515,0.5037878072951913,0.2290061237705143,A,grading/data_processed/potato/A/Potato_Red_2_r_165__100.jpg,ffc78100000183ef,14
4883.5,275.0365768671036,1.5625,0.8112601582098296,0.9837832393231264,46.415067945643486,74.3616276008526,144.48581135091928,49.84147129361853,64.34952038369305,37.77993751750691,8940.311462402344,332.7427398989899,0.4816674074855848,0.2093912652229083,A,grading/data_processed/potato/A/Potato_Red_2_r2_3__100.jpg,ffc181000001c1ff,2
5089.0,293.90663480758667,1.36986301369863,0.7403269079128318,0.9508594917787744,16.67229146692234,10.533104879023892,92.1332694151486,41.22917354553267,67.06059443911793,38.78664222367015,7210.297812929255,409.4484571744846,0.4285766767280212,0.271604011634686,A,grading/data_processed/potato/A/Potato_Red_1_r_55__100.jpg,ff830301000083ff,5
4469.5,266.06601548194885,1.7543859649122806,0.7933959770048504,0.9853395061728396,42.29010462074978,71.21803474025832,139.00348735832603,52.794967743622585,58.854838709677416,34.41093314131087,10260.076998307171,258.9794435583909,0.4458278027878062,0.1874314644190342,A,grading/data_processed/potato/A/Potato_Red_2_r_113__100.jpg,ff8301000080c1ff,6
5607.5,288.83556747436523,1.3157894736842106,0.8446519772912571,0.9877576184604544,41.52721563154222,70.0371234856782,132.91381716678296,48.83949356296038,73.55460572226099,42.491429923679654,5961.949429207064,313.13024986709195,0.4559135376400839,0.2348619482638978,A,grading/data_processed/potato/A/Potato_Red_2_r2_86__100.jpg,ff870301000081ff,20
4447.0,266.65180146694183,1.7543859649122806,0.7859373882710003,0.985266422953362,43.19864213753833,71.63644224826983,138.10249671484888,52.861416913084966,58.79237844940867,34.88096639484343,11032.825727146814,284.70086833244727,0.4411687068095197,0.19118788850537,A,grading/data_processed/potato/A/Potato_Red_2_r_112__100.jpg,ff8301000080c1ff,6
5229.5,281.52185821533203,1.4492753623188406,0.8291742191619788,0.9837283671933784,54.44114349775785,76.63378136452528,129.7634529147982,52.04833927189502,68.67619581464874,39.324005397159816,5836.932427032137,256.5622895622896,0.4755167153285018,0.2141017132389361,A,grading/data_processed/potato/A/Potato_Red_2_r_48__100.jpg,ffc180000081c3ff,17
5328.0,307.4213534593582,1.3888888888888888,0.7084448044654698,0.954325631380978,22.012815818381544,16.138368093868582,127.15671915049433,45.193942800313785,70.6122299523984,41.868179700653485,11447.39424982639,599.2563131313132,0.4156307011129106,0.2275037233145382,A,grading/data_processed/potato/A/Potato_White_1_r_74__100.jpg,ff830100000183ff,5
4861.0,274.79393672943115,1.5625,0.808949094739144,0.9826157267030524,44.30810919309514,73.51769498420487,143.48815736651946,50.85766774818269,63.95162585307106,37.10970678382411,8819.140452124022,266.56628787878793,0.5007303652634125,0.2131589429773946,A,grading/data_processed/potato/A/Potato_Red_2_r2_14__100.jpg,ffc18100000181ff,5
5279.0,303.7645000219345,1.408450704225352,0.7189314628861335,0.9571208412655244,20.79268292682927,8.749188435005337,129.59885439763488,45.082752426122795,69.90576496674058,41.26343079102238,11289.289939377106,549.8735239721154,0.4081287636545744,0.2249893253084409,A,grading/data_processed/potato/A/Potato_White_1_r_75__100.jpg,ff830100000103ff,5
4913.0,277.76449966430664,1.5384615384615383,0.800208481651875,0.9825017498250176,42.005960659646334,71.88123776600904,144.2147824359229,49.953904482584875,64.5058613153189,37.42158123490036,8075.418956213018,280.4901320901321,0.5037438950087179,0.2156456158405191,A,grading/data_processed/potato/A/Potato_Red_2_r2_15__100.jpg,ffc18100000181ff,5
3719.0,269.13708305358887,1.736842105263158,0.645191979677567,0.9379571248423708,18.080510682647212,29.06913522573442,91.53100573215217,41.591250941164624,50.13262115685253,31.54014909042048,20379.22923349164,462.5810955961332,0.4819220177811771,0.3096932565280387,A,grading/data_processed/potato/A/Potato_Red_1_r2_142__100.jpg,ff870101010183ff,0
6444.0,318.39191567897797,0.9191919191919192,0.7988060248293788,0.969095420708324,15.619054854885276,19.922917749463977,92.89317732867346,38.068085550310414,84.81917641695792,49.211217547662386,3124.6892969636892,466.8913580246914,0.4436613100669443,0.2540967810217067,A,grading/data_processed/potato/A/Potato_Red_1_r_174__100.jpg,ff878381018383c7,0
5587.5,374.43354547023773,1.125,0.5008156592691214,0.8517530487804879,18.71090624456427,4.683949755862048,120.79579057227345,38.366634636803205,74.83423204035485,43.66783694151679,2710.762220196371,468.3105287569574,0.4784658467824235,0.3220433381377695,A,grading/data_processed/potato/A/Potato_White_1_r2_162__100.jpg,ff9f1d010181c1e3,24
3790.5,266.89444231987,0.55,0.668693811986551,0.948811013767209,14.104374520337682,9.347056413423852,99.97058071117932,45.34461325884502,51.18828344845229,32.38726012515432,19560.18982135537,612.6357407407409,0.3885450069120715,0.2641663583490563,A,grading/data_processed/potato/A/Potato_Red_1_96__100.jpg,fbc3c181818181c7,0
4915.0,282.24978041648865,1.3888888888888888,0.7752935318536164,0.9585568015602144,14.516679904686258,18.93375852418808,100.49364575059572,43.241331013700055,64.87708498808578,37.8727146769167,9772.69124535108,378.5808080808082,0.4611445240554576,0.2883111321827665,A,grading/data_processed/potato/A/Potato_Red_1_r2_72__100.jpg,ffe78100000181ff,2
4948.5,283.17871260643005,1.375,0.7754650562789837,0.9572492504110648,13.82035101557878,17.270313346526255,99.90140011831986,42.34729476719404,65.24965490041411,37.84327126742729,9794.669955553003,355.6843820861679,0.4554066433161787,0.2775277151137791,A,grading/data_processed/potato/A/Potato_Red_1_r2_73__100.jpg,ffe78100000181ef,5
3865.0,272.7939373254776,1.7241379310344829,0.6526644142306425,0.934816785584714,15.858720200752822,19.650263690467252,99.0624843161857,44.25691913354672,51.50815558343789,30.899261521849017,17363.59498807967,345.77917102055034,0.4422131935150621,0.297878300342795,A,grading/data_processed/potato/A/Potato_Red_1_r2_46__100.jpg,fff381800080c1ff,6
4478.5,267.722869515419,1.7543859649122806,0.7851841064751107,0.9828815977175464,47.878181422666955,74.73400555412599,138.0197955188166,55.380341326896136,59.1037633239069,34.594866165967765,8359.538956571252,231.43292574871523,0.4694680423214514,0.1864970276619579,A,grading/data_processed/potato/A/Potato_Red_2_r_34__100.jpg,ffc10000008183ff,5
4546.0,268.7939374446869,1.694915254237288,0.7906792782354894,0.9835569017741238,49.09090909090909,74.95628436446155,137.04331046312177,55.25244817982404,59.86706689536878,34.56805745729964,7767.044787675955,196.4078068823832,0.4968754355278438,0.2000084456881563,A,grading/data_processed/potato/A/Potato_Red_2_r_35__100.jpg,ffc10000008183ff,5
4767.5,272.551296710968,1.639344262295082,0.8064994221139389,0.9875712066286898,56.92757774140753,79.06018440586752,129.13481996726676,51.50666966496452,62.81382978723404,36.551923096595125,7295.789403816179,204.7062427554231,0.4752662308659473,0.1897423494448751,A,grading/data_processed/potato/A/Potato_Red_2_r_200__100.jpg,ff870100000183ff,5
4694.0,269.9655101299286,1.639344262295082,0.8093500200910526,0.9860308791093372,50.98774153334718,76.44853301425209,130.75005194265532,52.1584759142759,61.86910450862248,36.3366291828223,8768.489547003493,218.95313793674455,0.5000327760759019,0.2039524066352271,A,grading/data_processed/potato/A/Potato_Red_2_r_201__100.jpg,ff870100008183ff,5
5609.5,294.35028553009033,0.76,0.8135890475390345,0.9781168265039232,20.529452771000347,9.398515216138426,136.027884280237,44.63416129567884,73.95224817009411,42.83722731360545,8101.829009262465,553.7358666666667,0.3609621809482674,0.2266669803919397,A,grading/data_processed/potato/A/Potato_White_1_115__100.jpg,f7c38181818181c3,0
4715.5,279.52185893058777,1.5384615384615383,0.7584135113122515,0.9620524329286952,19.139342567707256,24.522430834637117,94.4573082489146,40.76090024857781,62.26710771139136,36.17321849047529,10641.819831360945,350.21181041181046,0.4148123365580515,0.2445746179243211,A,grading/data_processed/potato/A/Potato_Red_1_r2_177__100.jpg,ffc18100018183ff,0
4586.0,279.27921879291534,1.546875,0.7388676844904813,0.9622324800671422,12.919711129991503,20.42631685613875,109.24702633814783,47.610975108692095,60.52570093457944,34.85076172263712,8456.220100483011,325.31297831632656,0.4185948877531286,0.2445954770849646,A,grading/data_processed/potato/A/Potato_Red_1_r_141__100.jpg,ffe1c180800181e7,2
4458.5,277.5218586921692,1.5625,0.7274518354115079,0.9604696251615684,13.91024241100677,24.650295385589978,110.86678314042368,48.670686400777015,58.905656256824635,33.92935263763563,11418.441947631836,334.3233901515151,0.4316231068801024,0.271352560656093,A,grading/data_processed/potato/A/Potato_Red_1_r_140__100.jpg,ffe1c180800181ff,10
4544.0,274.30865609645844,1.6666666666666667,0.7588731057955052,0.9729151054490954,15.259965709387057,14.501205749670593,101.52486069438493,42.725425495203154,60.243891984569224,35.94564302156117,13033.992630666668,420.3983164983165,0.3486981707888608,0.2117234793998733,A,grading/data_processed/potato/A/Potato_Red_1_r_29__100.jpg,ff878101010081ff,23
6823.0,338.0487701892853,0.95,0.7502854331158192,0.9591621564630632,19.718180513703544,6.298392866012368,110.72004591763525,38.42954319844667,89.70885349404506,51.62762553268484,3718.785929085873,554.3285106382979,0.4365508639543106,0.2497872340425531,A,grading/data_processed/potato/A/Potato_White_1_r2_157__100.jpg,ffcf8d818181c1e3,7
6690.0,333.9066345691681,0.93,0.7540252426114107,0.9566709566709568,19.62024575775307,6.169278702210478,110.37229373902868,39.33051407861147,88.00731421884143,50.84644219387876,4319.229669325933,558.6959782608697,0.4495143420419583,0.2482832477731103,A,grading/data_processed/potato/A/Potato_White_1_r2_156__100.jpg,ffcf85818181c1e3,30
5431.5,286.8355668783188,1.3333333333333333,0.8295902598779972,0.9828100968062968,20.364716471647164,11.306108880022387,133.67884788478847,44.39905989190211,71.62772277227722,42.11774701935224,8931.351209582223,505.754478114478,0.385239538828493,0.2481818341694879,A,grading/data_processed/potato/A/Potato_White_1_r2_93__100.jpg,ff830100008183ff,5
4633.0,287.27921867370605,1.6129032258064515,0.7054459464651758,0.950651482507438,20.337255725992858,4.992991611884435,129.2067661273377,45.14853853749878,61.47425929817189,36.760489643307565,13146.05875626951,467.42000651678075,0.4247218708418344,0.2171101400194754,A,grading/data_processed/potato/A/Potato_White_1_r_106__100.jpg,ffc18000018183ff,5
5458.5,288.49242067337036,1.3157894736842106,0.8241653715961863,0.9836021263176864,20.295055535650302,11.71079793029659,132.9473307058402,44.27927257529334,71.91239699032604,42.04410712726619,8259.775229207064,471.23125996810217,0.3869578725633351,0.2531366587611287,A,grading/data_processed/potato/A/Potato_White_1_r2_92__100.jpg,ff870100008083ff,6
4024.5,275.86500442028046,0.61,0.6645513964423614,0.945939593371724,15.067792521109771,11.018593237634605,98.6940892641737,43.96471911870066,53.76694813027744,32.63149097284245,17769.314102956196,501.5828333333334,0.4167181145360615,0.2970036008012174,A,grading/data_processed/potato/A/Potato_Red_1_79__100.jpg,fde1c1c1818183c7,22
4749.5,273.0365779399872,1.5625,0.8006009327374655,0.9822148691965672,42.886629698089955,71.38298670294765,140.82727459437257,47.87066194221832,62.57383446292873,36.4112616739854,10155.32778786621,271.08585858585866,0.464789055773547,0.2283409011369206,A,grading/data_processed/potato/A/Potato_Red_2_r2_109__100.jpg,ff870101008081ff,6
4016.5,273.3797231912613,0.6,0.6753439854910934,0.9459491285916156,16.973652405124486,18.488915912776474,101.12956248489245,43.92682004859175,53.80058013052937,32.63286179588062,17335.853673305555,499.7201694915253,0.4117123640802461,0.287473241700951,A,grading/data_processed/potato/A/Potato_Red_1_78__100.jpg,fde1c1c1818183c7,22
4508.0,269.4802290201187,1.694915254237288,0.780081459282339,0.9809596344249808,35.06222990492653,65.65733720346019,140.08794295592048,53.57886054360874,59.34140017286085,34.56175997135884,8457.184130163745,236.87193973634652,0.4671716963521895,0.2056865261212136,A,grading/data_processed/potato/A/Potato_Red_2_r_127__100.jpg,ffc301000081c1ff,2
4501.0,268.308655500412,1.694915254237288,0.7856868979163384,0.9810374891020052,35.433549783549786,66.31158348169076,141.33246753246752,53.39539543086683,59.25887445887446,34.294612257641745,9773.750338724503,220.7063858928266,0.4748350030027733,0.2074301596579049,A,grading/data_processed/potato/A/Potato_Red_2_r_126__100.jpg,ffc301000081c1ff,2
5484.0,311.0782080888748,1.2531645569620251,0.7121445137695434,0.9402486069438492,18.407189891439756,10.281345228771624,88.74141306282256,38.20996328695575,72.03968677700658,41.421601759689025,5949.96609163926,453.6205114957376,0.4382794460694663,0.265609148952754,A,grading/data_processed/potato/A/Potato_Red_1_r_60__100.jpg,ffc30101018083cf,0
5646.0,309.7644993066788,1.195121951219512,0.739413627283342,0.9461248428990364,19.268592182635768,17.086539232902698,86.9503631961259,38.41276836966768,74.15928744379107,42.570791340812086,5560.598201866488,442.5489062107115,0.431282407815656,0.2650489651421975,A,grading/data_processed/potato/A/Potato_Red_1_r_61__100.jpg,ffc30101818183cf,0
5396.0,284.59292817115784,0.72,0.837208437873133,0.9866520387639424,20.681645225584344,11.81485525147893,135.89961949628557,46.34126307494452,70.9942018481609,41.28931727952802,8618.891665972224,514.113661971831,0.3541947803525144,0.2159749511583957,A,grading/data_processed/potato/A/Potato_White_1_32__100.jpg,cf878381818181e3,7
4771.0,279.6223635673523,1.523076923076923,0.7667882969430396,0.9731769505354412,14.393747445852064,21.92796771286183,100.51614221495709,43.071281773373784,63.06559051900286,36.59904338356971,10363.189922148991,405.05808477237053,0.3777185216393887,0.2255540635158522,A,grading/data_processed/potato/A/Potato_Red_1_r_109__100.jpg,ffc181800001c1ff,2
5348.0,282.5929282903671,0.72,0.8415475950314797,0.9858064516129031,20.234369287020108,8.51862717109281,136.12047531992687,46.20313151056813,70.51115173674589,41.24479208106898,8254.45751232639,551.3943661971831,0.3574603265425716,0.2213237437862884,A,grading/data_processed/potato/A/Potato_White_1_33__100.jpg,cf878381818181e3,7
5088.5,296.1492757797241,1.32,0.7290852178170922,0.956484962406015,13.72464046021093,15.967275881619347,99.01936720997124,41.095760871800145,66.87766059443912,38.48197134244319,7150.516632343639,346.8420408163265,0.474863087579079,0.2829463756399894,A,grading/data_processed/potato/A/Potato_Red_1_r2_78__100.jpg,ffe78100000181ef,5
5295.0,302.59292697906494,1.408450704225352,0.7267052268252467,0.9624647823320912,20.084761378293717,7.804538300786505,115.70517781463056,42.68088633907062,70.1245623733186,41.74311349874315,9574.668541539377,578.2940674349124,0.3889319894825032,0.2258898700505286,A,grading/data_processed/potato/A/Potato_White_1_r_171__100.jpg,ff8701008080c0ff,11
5351.0,298.4507907629013,1.408450704225352,0.7549172464637446,0.9671064521959154,20.76873974101769,12.100879711959836,115.32281597665512,42.06336165274155,70.73572861572131,41.71971664164952,8130.631745506844,496.77962725850045,0.3839404128735011,0.2185362043503259,A,grading/data_processed/potato/A/Potato_White_1_r_170__100.jpg,ff8701008080c0ff,11
6495.0,309.07820868492126,1.1494252873563218,0.8543823072888369,0.983643798273512,20.139236687283148,8.201108547360345,120.62679137124756,37.24637707883729,85.39930607934832,49.57130451103692,4639.804427150218,532.6177870660629,0.3985107115044362,0.2258492928701798,A,grading/data_processed/potato/A/Potato_White_1_r2_169__100.jpg,ffbb31000081c1f7,12
6624.5,312.4924212694168,1.1363636363636365,0.8524795907233222,0.9833741557188452,19.86656804733728,6.237480293439861,120.57366863905324,37.284979829156576,87.06257396449705,50.46350038870894,4570.700836725207,532.7540174471994,0.3952528399000426,0.2200830975240496,A,grading/data_processed/potato/A/Potato_White_1_r2_168__100.jpg,ffbb31000081c1f7,12
5539.0,287.4213527441025,1.3333333333333333,0.8425645274185971,0.9833999112294718,43.04661840014127,70.97023136887077,129.13243863676496,55.63535176861457,72.59862263817764,41.954514587058014,5961.220506222222,275.70033670033666,0.5128632903162692,0.2352474146959836,A,grading/data_processed/potato/A/Potato_Red_2_r_151__100.jpg,ffc38100000183ff,5
3496.5,262.55129611492157,1.8148148148148149,0.6374044093496236,0.9319029850746268,15.941583610188262,22.948801133418,94.16057585825028,44.13448084236892,47.05177187153931,29.643485717374723,20941.032983906167,377.07541046200834,0.4682556458878893,0.3060150612105596,A,grading/data_processed/potato/A/Potato_Red_1_r2_149__100.jpg,ff870101010183ff,0
3522.0,266.3086556196213,1.8867924528301887,0.6240633114583694,0.9306381292112564,15.12087912087912,20.123183920425735,92.33846153846154,42.03734281611683,47.160714285714285,28.70083939377687,20317.54859277323,304.53706880121973,0.4744496042077385,0.3034317042576436,A,grading/data_processed/potato/A/Potato_Red_1_r2_148__100.jpg,ff8f0101010183ff,23
4722.0,269.1370829343796,1.6666666666666667,0.8191977764819411,0.986524600438734,50.43296839495972,75.83369656595464,132.31976864284238,53.96330816395993,62.079942160710594,36.06415724509255,9147.871277083332,248.41043771043775,0.3993318419338707,0.1841903566261471,A,grading/data_processed/potato/A/Potato_Red_2_r_99__100.jpg,ff8301000080c1ff,6
6156.5,298.8355669975281,1.2345679012345678,0.8663216684779761,0.9866185897435896,41.43286668787783,68.83132325509378,125.5892459433662,49.7098412367732,80.79637289214126,46.31003186602295,3976.4731061728394,293.86694101508914,0.4127835212335092,0.2107175352923173,A,grading/data_processed/potato/A/Potato_Red_2_r2_136__100.jpg,ff838100008181ff,5
4853.5,273.379723072052,1.5873015873015872,0.8160791824821673,0.9837843316104186,47.61741053478086,73.33378330670483,135.3238841978287,52.52352991492467,63.83594692400482,36.47837055617824,7186.826303854875,219.43402276735617,0.4841905592306407,0.2001851153256757,A,grading/data_processed/potato/A/Potato_Red_2_r_43__100.jpg,ffc18000008183ff,5
6036.0,300.39191603660583,1.152941176470588,0.8405868913990618,0.982182084452038,18.60058403634004,16.337446972276677,82.49983776768332,38.16412139963362,79.17099286177806,45.47836050359941,4145.177165454417,417.81467556094606,0.4290814361013219,0.2456021981119107,A,grading/data_processed/potato/A/Potato_Red_1_r2_192__100.jpg,ffe38101018183ff,5
4230.0,263.48022854328156,0.56,0.7656921037770024,0.9816662798793224,54.27260179434092,78.220377227354,129.175983436853,55.90214258083352,55.84886128364389,32.61657862585849,10837.878065178573,358.325090909091,0.4154007220141503,0.2046503569384655,A,grading/data_processed/potato/A/Potato_Red_2_115__100.jpg,e7c3c181818183c7,0
4307.0,273.6223644018173,1.639344262295082,0.7229055401203229,0.9658033411817468,12.473458323921392,18.695517977440108,109.71673819742487,49.285398964556016,56.953693245990515,33.3143962336389,11307.331196210696,347.3921179003146,0.4262091715294023,0.2613932386960708,A,grading/data_processed/potato/A/Potato_Red_1_r_136__100.jpg,ffe1c180800181ff,10
4226.0,264.30865573883057,0.57,0.7601802548796867,0.9789205466759324,52.98986875431729,77.70960240427952,128.56458669122725,55.70152033461561,55.89822703200553,32.864492036679216,11594.75973810403,365.4221428571428,0.4165023831420549,0.2167007879660386,A,grading/data_processed/potato/A/Potato_Red_2_114__100.jpg,e7c3c181818183c7,0
4877.0,275.6223636865616,1.5625,0.8067402288086161,0.9829688602237228,47.558423369347736,75.24625231511656,143.34313725490196,49.728298436481246,64.03861544617847,37.08386164575639,8773.830160913085,239.78582702020205,0.4916152715551524,0.2089268250489191,A,grading/data_processed/potato/A/Potato_Red_2_r2_8__100.jpg,ffc38100000181ff,2
4820.0,275.6223646402359,1.5873015873015872,0.7973114365283172,0.9813702534867148,47.80307630034406,75.49400336629621,143.75936045334953,49.89651074953565,63.453349524387775,36.93038818584837,9930.830126958932,267.5627705627706,0.4900816028088305,0.206094876802971,A,grading/data_processed/potato/A/Potato_Red_2_r2_9__100.jpg,ffc38100000181ff,2
4440.0,266.6518015861511,1.7543859649122806,0.7847002475383754,0.9845880918061868,34.07128756306207,65.02757245281052,141.2232945821452,52.80836217929408,58.498574248738755,34.22975588462712,9444.80698291782,242.4153818890661,0.4477098396317421,0.1920041786057384,A,grading/data_processed/potato/A/Potato_Red_2_r_119__100.jpg,ffc301000080c1ff,2
5094.0,289.42135417461395,1.36986301369863,0.7642011065847609,0.968993722655507,19.005748227629812,5.462369790076773,136.5501053841732,46.81736651218069,67.27093312895191,39.50360436368914,9734.593274835805,423.8897191088972,0.4438871850524405,0.2719218384800858,A,grading/data_processed/potato/A/Potato_White_1_r2_120__100.jpg,ffc38180008183ff,2
5146.0,294.5929262638092,1.351351351351351,0.7451350923553974,0.9671114452170644,19.57186196435343,9.025763322214743,135.88813045127037,47.07390971963585,68.08191126279864,40.09940391829619,9302.530193407596,491.86718536718536,0.4465691123728566,0.2749308952585517,A,grading/data_processed/potato/A/Potato_White_1_r2_121__100.jpg,ffc38180008183ff,2
5490.5,290.3502861261368,1.351351351351351,0.8184219021596901,0.9804464285714286,19.939291436709983,6.45597377330225,128.74043083496528,39.92065200047927,72.46733131564892,42.42532896193378,8635.947334386412,596.1223041223042,0.3853269179406999,0.2286167637003507,A,grading/data_processed/potato/A/Potato_White_1_r2_181__100.jpg,ff8301000081c1ff,6
5541.0,291.42135417461395,1.351351351351351,0.8198893974811039,0.9811420982735723,19.861831656961357,5.336411910142749,128.11064055055584,40.158987083606185,73.04923239809423,42.62806769387251,8158.484188732652,511.04449904449905,0.3826027152217672,0.2224916634141178,A,grading/data_processed/potato/A/Potato_White_1_r2_180__100.jpg,ff8301000080c1ff,6
4465.5,278.69343185424805,0.65,0.7224811002485979,0.9558005136986302,14.09941137998692,11.646739358971589,102.18574231523873,43.671654127363375,59.48332243296272,35.75788028745939,13671.442153846156,509.97890625,0.399363434454839,0.2735013987838431,A,grading/data_processed/potato/A/Potato_Red_1_184__100.jpg,cfc38383818383c7,31
4141.0,275.6223644018173,0.62,0.684993083895388,0.9508610792192882,15.251055842327546,9.558304501745,99.26677616142656,44.70825621192502,55.38198029094322,33.71156026034458,15884.30747596254,607.3516393442624,0.4061949384930918,0.2891757740989361,A,grading/data_processed/potato/A/Potato_Red_1_74__100.jpg,fde1c1c1818181c7,0
4736.0,272.4507910013199,1.5625,0.8017618943000386,0.9832866189141491,41.912255406797115,70.70329734582506,136.98887744593202,49.92107756704135,62.4788877445932,36.63746622248421,9363.35638083496,351.4351325757576,0.4628397460502235,0.2305491193821982,A,grading/data_processed/potato/A/Potato_Red_2_r2_105__100.jpg,ff870101008081ff,6
4838.5,296.6934320926666,1.5873015873015872,0.6907243152274191,0.9471469120093962,20.61380559468706,12.78517244785039,126.570537331455,45.97699847251928,64.33346749849065,38.425770465317754,11308.482270496346,550.1604938271605,0.3701252126985607,0.2003477193524061,A,grading/data_processed/potato/A/Potato_White_1_r_198__100.jpg,ff8301008080c1ff,2
5040.5,289.5218586921692,1.408450704225352,0.755650139145961,0.9681167771055412,20.607122121153473,14.711932687567264,135.14186181536675,45.62259458951687,66.5893168182698,39.131935874934534,10654.904203035112,440.1177976952623,0.4172444119686446,0.2613485634805348,A,grading/data_processed/potato/A/Potato_White_1_r2_113__100.jpg,ffc38180008083ff,0
4085.0,269.96550953388214,0.57,0.7043448757288434,0.9689278937381404,13.783777354900096,20.350031931747093,107.79448144624168,44.191522752125856,54.93054234062797,34.05746570305844,15373.19725069252,494.038392857143,0.3789581820998758,0.2414673006235175,A,grading/data_processed/potato/A/Potato_Red_1_116__100.jpg,ffc3c181818181c3,0
4874.0,275.6223645210266,1.5625,0.8062439719918185,0.9814740233588402,44.0988988988989,73.19607020518329,146.2092092092092,48.93922683490677,64.18658658658659,37.173688320687624,9009.26819375,252.27130681818184,0.4838228046129665,0.2111569608176879,A,grading/data_processed/potato/A/Potato_Red_2_r2_197__100.jpg,ffc181000001c1ff,2
4702.0,271.1370825767517,1.639344262295082,0.8037382765836617,0.9833734183833523,49.00684363334716,74.49703154678247,136.72708419742844,54.35540379553812,61.924512650352554,35.63423840964539,6979.003725100779,205.06143401225373,0.4949646549929051,0.202243218678062,A,grading/data_processed/potato/A/Potato_Red_2_r_39__100.jpg,ffc180000081c3ff,17
4629.5,275.722869515419,1.5873015873015872,0.765241251238364,0.972788400924564,14.778829966329967,13.09363576784228,99.42950336700336,41.98206483247904,61.291666666666664,36.132745316276775,10161.725360821363,418.7312810646145,0.3680157475059723,0.2320395709449959,A,grading/data_processed/potato/A/Potato_Red_1_r_24__100.jpg,ff870301010081ff,20
4604.5,276.8944422006607,1.6129032258064515,0.7546817778965739,0.972541979089661,16.081852791878173,21.513283008544835,98.35617597292725,42.14228426945902,60.93168358714044,35.64021347850319,10962.4325264308,367.30661453242095,0.3653098343402105,0.2244088767699745,A,grading/data_processed/potato/A/Potato_Red_1_r_25__100.jpg,ff870301010081ff,20
4725.0,294.93607211112976,1.6129032258064515,0.6825836677008302,0.9490810485085868,22.18706221672847,16.51918356114564,129.34095591264935,44.38296628579049,63.050473836011534,38.4642038810632,10446.907494172738,545.6498859563376,0.4073517043156324,0.2061756957267696,A,grading/data_processed/potato/A/Potato_White_1_r_96__100.jpg,ff810000010183ff,17
4712.0,297.76449942588806,1.5873015873015872,0.6678352049297283,0.9445725167886138,20.54337050805452,6.537841302430637,129.1722428748451,45.046752411439144,62.99648905410987,38.4447949592891,11930.287650566892,525.725188391855,0.4136526861266597,0.2199740766642904,A,grading/data_processed/potato/A/Potato_White_1_r_97__100.jpg,ff810000000183ff,5
5886.5,293.5218584537506,1.3157894736842106,0.8585905721155511,0.9856831882116543,66.08412302576892,80.99695450464331,124.3705735660848,52.2255244277082,77.13532834580217,44.539841491495174,3809.9909181267312,234.81725146198835,0.4866123114076967,0.1978794999982972,A,grading/data_processed/potato/A/Potato_Red_2_r_186__100.jpg,ff830101008181ff,0
5348.5,304.3502861261368,1.3888888888888888,0.7255952573296698,0.953981985195755,21.44217438890916,12.099717700034144,128.089201021525,44.97382468832333,70.71160160525356,41.267458229755285,9122.336461728397,486.2429854096522,0.4103991544831353,0.224951514588085,A,grading/data_processed/potato/A/Potato_White_1_r_73__100.jpg,ff838100000103ff,5
4845.5,274.20815002918243,1.5873015873015872,0.8098185942596545,0.9836581404790904,41.793999194522755,71.63290521386745,144.6983487716472,50.272303466858205,63.765606121627066,37.10599474556911,7660.652536633914,254.88247554914227,0.4950797943887236,0.2021211169294179,A,grading/data_processed/potato/A/Potato_Red_2_r2_13__100.jpg,ffc38100000181ff,2
5387.5,307.3208484649658,1.356164383561644,0.7168249285927492,0.9574373556068954,21.055072463768116,10.124472235046456,128.9034420289855,44.36869476454036,71.14311594202898,41.61048009887685,9958.902393586586,522.2223930668158,0.4079038193360817,0.2227670709694711,A,grading/data_processed/potato/A/Potato_White_1_r_72__100.jpg,ff838100000103ff,5
4836.5,273.8650048971176,1.5873015873015872,0.8103413019316126,0.9847297159727172,44.467110573042774,73.63367440417386,143.4600484261501,51.20926911466699,63.57606941081517,36.772138060998,8403.173576694382,248.8446368446368,0.496358117068653,0.2032761565027166,A,grading/data_processed/potato/A/Potato_Red_2_r2_12__100.jpg,ffc18100000181ff,5
4782.5,283.8650041818619,1.492537313432836,0.745832207316337,0.9521202468644236,18.55206847360913,19.76322781148436,95.460362747096,42.020982852727045,63.15691868758916,36.63495134706574,8312.82116186233,371.842605156038,0.4084629596870227,0.2540561054201443,A,grading/data_processed/potato/A/Potato_Red_1_r_52__100.jpg,ff838301010083ff,0
4435.5,266.06601536273956,1.7543859649122806,0.7873605233602067,0.9846819846819846,40.83113746157225,70.15245513841523,137.16952129995607,53.86300538038172,58.398989898989896,34.17415816630164,8765.129972176055,257.829700513911,0.4581799875179731,0.1918709969922939,A,grading/data_processed/potato/A/Potato_Red_2_r_114__100.jpg,ff8301000080c1ff,6
4439.5,264.89444303512573,1.7543859649122806,0.7950569326588045,0.9856793960923624,33.17906517445688,64.16121736075823,138.46082949308754,52.7975964212105,58.504059688391486,34.272857211993944,10217.037257617729,256.1378699273436,0.4504503685917086,0.1901426669515973,A,grading/data_processed/potato/A/Potato_Red_2_r_115__100.jpg,ff8301000080c1ff,6
4314.0,267.1370825767517,0.59,0.759664177432452,0.975907702748558,11.319720216606498,10.554119129877297,110.27143501805054,43.98067979092777,57.67238267148014,35.10127270607731,13762.990310226947,465.8058620689655,0.383241899625845,0.230670325462014,A,grading/data_processed/potato/A/Potato_Red_1_128__100.jpg,efc38181818181c3,0
4214.0,263.4802292585373,0.56,0.7627958647276564,0.9817122888759464,56.563380281690144,79.53353000372874,132.69221888709305,52.8847977255516,55.72061879473563,32.690088287678265,10812.8770122449,351.1550909090909,0.4214766173442252,0.2037933648016787,A,grading/data_processed/potato/A/Potato_Red_2_118__100.jpg,e7c3c181818183c7,0
4169.0,262.30865490436554,0.55,0.7614063918416105,0.9820965842167256,48.79113185530922,75.63993509603772,132.87047841306884,54.71968903130269,55.32112018669778,33.13223088070864,10456.166376991736,410.6707407407407,0.4144443320984471,0.1983208402884824,A,grading/data_processed/potato/A/Potato_Red_2_119__100.jpg,e7c38181818183c7,0
5790.0,319.36247873306274,1.1363636363636365,0.7133795359007407,0.9535573122529644,20.332489451476793,11.777078472479271,137.35476793248944,49.052415395878185,76.34852320675105,44.273121065426686,6834.1674772210745,511.4986225895318,0.4410925704854323,0.3137932314419787,A,grading/data_processed/potato/A/Potato_White_1_r2_33__100.jpg,ffc381010101c3ef,5
5017.0,291.4213534593582,1.356164383561644,0.7423542911666188,0.9570774513544448,14.069998055609569,18.054031295633557,100.38518374489595,41.328925698094466,66.15438460042776,38.17469952683418,9306.545968201244,330.3982387475539,0.4530687998598012,0.2770911577066043,A,grading/data_processed/potato/A/Potato_Red_1_r2_75__100.jpg,ffe78100000181ef,5
4991.0,282.24978029727936,1.356164383561644,0.7872817946592039,0.9618423588359992,14.94131455399061,20.750956359195712,100.8440923317684,42.49936651831192,65.85328638497653,38.19728348620474,8497.603415761227,352.4883980989656,0.4526910345866742,0.281422011958192,A,grading/data_processed/potato/A/Potato_Red_1_r2_74__100.jpg,ffe78100000181ff,2
3637.0,263.82337474823,1.8148148148148149,0.656638922743756,0.9450435234506952,14.052996005326232,16.472633592376486,91.03035952063917,42.085249032834646,48.87589880159787,30.50235488427782,20205.300972845675,398.0416189385262,0.47342077825013,0.2787425725289628,A,grading/data_processed/potato/A/Potato_Red_1_r2_144__100.jpg,ff870101010183ff,0
5955.5,376.4335457086563,1.1111111111111112,0.5281429125518006,0.8578321930140439,19.371036286368096,5.331963784106403,122.09660019614252,37.92571994859825,79.29045439686172,46.076121444814035,3326.565017666667,484.9890011223344,0.4641988662429546,0.3037812431345129,A,grading/data_processed/potato/A/Potato_White_1_r2_165__100.jpg,ffbf19010081c1e3,12
3821.5,269.37972354888916,0.57,0.6617804330509938,0.9409085313307892,15.28984771573604,13.890607734204442,97.63172588832488,44.50611842459819,51.29137055837563,31.82404634129262,20167.25621234226,588.0873214285715,0.4075041211656333,0.2854031509039772,A,grading/data_processed/potato/A/Potato_Red_1_90__100.jpg,fbc3c1c1818181c7,22
3913.5,264.208150267601,1.736842105263158,0.7045028933324448,0.9536980626294628,17.379746835443036,22.215236897118004,98.02581285678828,43.25781259867697,52.03028046661703,30.78507915341088,18171.87476494773,301.29717150017905,0.4377754029325863,0.2732137502066473,A,grading/data_processed/potato/A/Potato_Red_1_r2_170__100.jpg,ffc18101008183ff,5
4335.0,265.9655102491379,0.59,0.7701021249443868,0.9812132186509732,44.70485175202156,73.79124195227581,136.70619946091645,49.61316148618063,57.32524707996406,33.5400654935662,10328.048838236138,361.7212068965517,0.4338535851230755,0.2254627952835565,A,grading/data_processed/potato/A/Potato_Red_2_97__100.jpg,e3c1c181818183c7,13
6375.0,326.73506247997284,0.89,0.7504099250416739,0.9598012646793136,20.2111400951358,10.983181244589868,109.0794844253491,39.62959315375248,83.80804050943686,48.235587622150405,4864.201166519379,514.5705681818181,0.4510216492882838,0.2501516198286401,A,grading/data_processed/potato/A/Potato_White_1_r2_150__100.jpg,ffc783818181c1e3,30
6364.0,303.5634891986847,1.1764705882352942,0.8678425966423506,0.9864372626520964,52.701416692331385,75.98526639697278,129.7565445026178,52.0322151768367,83.61903295349553,48.41396963410984,2823.565143404845,310.29174093879976,0.5026798475701665,0.2269654970622985,A,grading/data_processed/potato/A/Potato_Red_2_r_168__100.jpg,ffc78100008183ef,0
3906.0,275.137082695961,1.7241379310344829,0.6484012550015519,0.935232850472884,15.091360476663356,14.579835173292722,94.66981132075472,42.942384349831144,52.05163853028798,31.680996136219388,16158.95040948276,406.51044932079424,0.433258434089772,0.2924988689072952,A,grading/data_processed/potato/A/Potato_Red_1_r2_41__100.jpg,fff381800080c1ff,6
4459.0,267.1370829343796,1.7241379310344829,0.785197625892847,0.9807544264819092,47.92833733886825,74.11811501721334,137.39086738038017,54.34104777305392,58.84924623115578,34.211802791916526,8632.790633888226,235.41971438523163,0.4894828815923898,0.2038169344203928,A,grading/data_processed/potato/A/Potato_Red_2_r_33__100.jpg,ffc10000008183ff,5
4413.0,264.3086565732956,1.7543859649122806,0.7938181362048166,0.9838368074908036,53.34812362030905,77.81950873776856,137.65386313465785,53.97659794070745,58.290728476821194,34.159217226751224,8577.627794983073,228.4685451001241,0.4791037293779772,0.1985374879401907,A,grading/data_processed/potato/A/Potato_Red_2_r_32__100.jpg,ffc10000008183ff,5
4440.0,266.30865585803986,1.7241379310344829,0.7867237643139834,0.9829532875802524,36.7988152698552,67.12555039572155,140.22729267222465,52.104652439011346,58.52150065818341,34.27733658888618,10399.735954785969,226.58551027516543,0.4613558384017519,0.2063434408861804,A,grading/data_processed/potato/A/Potato_Red_2_r_120__100.jpg,ffc301000080c1ff,2
4460.0,266.3086556196213,1.7241379310344829,0.7902675664691446,0.9843301699404106,32.83966797728266,63.96350108128614,140.5399737876802,51.97407775597219,58.77544779379642,34.477923494034165,10038.456839447088,224.01428073841873,0.4570251558447293,0.2013674160051287,A,grading/data_processed/potato/A/Potato_Red_2_r_121__100.jpg,ffc301000080c1ff,2
5027.0,291.4213526248932,1.3888888888888888,0.7438339731046809,0.9653384541526644,19.500873277702308,7.71028691868062,135.45177566466137,46.18705852686865,66.44517756646614,39.12641729948307,9811.557775,474.8052749719417,0.4367821244951856,0.2724506623332938,A,grading/data_processed/potato/A/Potato_White_1_r2_118__100.jpg,ffc38180008187ff,2
6152.5,316.83556711673737,1.0666666666666669,0.7701824702014077,0.956768524998056,20.51661103163249,17.83152498038911,82.58543951677,35.72095713907683,80.7862025115244,46.45023974399239,4089.176947646069,523.0663157894736,0.4283659007540685,0.2566650078092315,A,grading/data_processed/potato/A/Potato_Red_1_r_66__100.jpg,ffc78101818183c7,0
5316.0,283.7645002603531,0.71,0.8296190390499247,0.984809188588366,20.899797756940615,12.556461121650788,137.13881228166943,46.61143120303486,70.01066372494944,40.701495838215656,8440.460182503472,487.097,0.365769452132574,0.2170898196505731,A,grading/data_processed/potato/A/Potato_White_1_35__100.jpg,cf878381818181e3,7
4734.5,301.03657710552216,1.639344262295082,0.656516205018827,0.9481325723440472,20.580936729663105,14.232090700107236,125.50657354149548,44.824112551992464,62.94515201314708,37.34259310184761,12389.526253695243,513.9380692167579,0.3596630983244195,0.1890949485747792,A,grading/data_processed/potato/A/Potato_White_1_r_193__100.jpg,ff8301008080c1ff,2
4786.0,304.4507911205292,1.6129032258064515,0.6488560291985108,0.944263588832988,19.873399715504977,10.585291217969662,124.55801666327982,46.183776462523106,63.60719365982524,38.099218338295564,12173.314051092611,622.0764092538286,0.3653983411807794,0.1923689755141913,A,grading/data_processed/potato/A/Potato_White_1_r_192__100.jpg,ff83010080c0c1ff,11
3916.5,275.3797231912613,1.7241379310344829,0.648999073488052,0.9421457782054368,15.81748390292224,22.78837806314872,90.18845963348193,42.32738035645771,52.277860326894505,31.790556539169607,15569.202206420929,355.96638801811207,0.4700056227667628,0.2931410346535665,A,grading/data_processed/potato/A/Potato_Red_1_r2_138__100.jpg,ff8f0301010083ff,23
5344.5,287.66399443149567,1.351351351351351,0.8116072765632718,0.9826254826254828,20.193672275054865,10.3977402891254,133.75640087783466,44.516864147014665,70.58302852962692,41.51378726091628,9576.765496548574,556.3983073983073,0.3819551230376119,0.2466309684079805,A,grading/data_processed/potato/A/Potato_White_1_r2_94__100.jpg,ff870100008183ff,5
4692.5,291.17871284484863,1.5873015873015872,0.6954964242602873,0.9451158106747232,21.19983399045445,12.540042192922964,131.30462751608218,43.97051589727775,62.31355052915543,36.9398124769077,12258.542023582766,483.2523649190316,0.4211409775737599,0.2220762719714724,A,grading/data_processed/potato/A/Potato_White_1_r_101__100.jpg,ffc18000000183ff,2
4652.5,291.03657734394073,1.6129032258064515,0.690241547548837,0.9461108286731064,20.625183016105417,9.879278934317496,129.00439238653,45.086797018367164,61.928676009203095,36.93747488007891,11457.105061290322,501.72548061257737,0.4133310069249867,0.2159062595453886,A,grading/data_processed/potato/A/Potato_White_1_r_100__100.jpg,ff818000018183ff,17
5434.5,285.1787142753601,1.36986301369863,0.839721443702509,0.9847784724109812,47.272040302267,75.03068662740371,139.52177042101476,52.25025393875246,71.32439726520332,41.00623117617164,6753.019413848752,252.0424795904248,0.5121931226840336,0.2288789774580679,A,grading/data_processed/potato/A/Potato_Red_2_r2_27__100.jpg,ffc38100000181ff,2
5302.0,281.7644990682602,1.408450704225352,0.8392223490435567,0.984495404326432,47.45464601769911,74.72857084106829,141.32061209439527,51.10683734031269,69.59734513274336,40.11861699423162,7280.568121404484,273.5127329634372,0.5118769428133156,0.2251571736391948,A,grading/data_processed/potato/A/Potato_Red_2_r2_26__100.jpg,ffc38100000183ff,5
5689.5,288.8355679512024,1.2857142857142858,0.8570035504113009,0.984768498485504,46.75868593051256,72.55985564754747,127.38699690402476,56.990049247851,74.593739250086,42.96090736665374,4823.166815582186,310.9992048767559,0.5075610519649117,0.2244242497005852,A,grading/data_processed/potato/A/Potato_Red_2_r_157__100.jpg,ffc38100000183e7,5
5229.0,282.45079135894775,1.4142857142857144,0.8236504008531538,0.9840971111320224,15.435643564356436,15.692318096040935,97.75583784793574,39.461383649895176,69.05510928451336,40.19128264890463,7659.478267648657,485.3287172011662,0.3591257362547275,0.2156871922578601,A,grading/data_processed/potato/A/Potato_Red_1_r_10__100.jpg,ff870301000081ff,20
5187.5,283.86500430107117,1.4142857142857144,0.8089920694623974,0.9835987864998104,14.904367469879515,15.252292309165982,95.457078313253,39.27220568871212,68.34469126506023,39.46483076295467,8007.358801559192,438.4903790087463,0.3627220144561602,0.2222095821580976,A,grading/data_processed/potato/A/Potato_Red_1_r_11__100.jpg,ff870301000081ff,20
6751.0,311.56348955631256,0.9,0.873946511804142,0.988433382137628,48.4480755265069,73.34466013436287,126.16122004357298,52.885449228721534,88.70878721859114,51.229313615104225,2403.3653684444444,384.50269662921346,0.4646408803406395,0.2198742338296692,A,grading/data_processed/potato/A/Potato_Red_2_r2_51__100.jpg,f7c38781818183c7,0
5587.0,288.93607211112976,1.351351351351351,0.8409787193416125,0.9845801392193144,52.18379135305444,76.7311589529224,132.7470680903203,50.597583349578194,73.33327498687204,42.31697019065461,5919.307100054785,345.7967512967513,0.4431905856873938,0.2169706274068779,A,grading/data_processed/potato/A/Potato_Red_2_r2_179__100.jpg,ffc381000001c1ff,2
4220.5,266.5512959957123,0.58,0.7464696790248896,0.97313811390362,51.10096818810512,76.76023782894917,127.9255417242969,55.60203831116365,55.837713231904104,32.950406837683204,12401.732491200952,406.0045614035088,0.4308208254781387,0.2289623239048918,A,grading/data_processed/potato/A/Potato_Red_2_112__100.jpg,e7c3c181818183c7,0
4218.0,271.62236404418945,1.694915254237288,0.7184315396948647,0.9622447815672408,15.86995619091538,29.462671854548,107.67604334793636,46.67637847276861,55.97233110445008,32.921559360464904,11454.728445733985,404.7399417907893,0.4083303167178884,0.253789516433658,A,grading/data_processed/potato/A/Potato_Red_1_r_131__100.jpg,ffe1c180800181ff,10
4196.0,271.13708221912384,1.706896551724138,0.7172449633010662,0.963047968785862,14.142029657089898,24.660155056481,107.6072752548656,47.02473402073936,55.74976830398517,33.23602561869963,11244.43041265536,387.66660802251926,0.3878095471322025,0.2384827685302704,A,grading/data_processed/potato/A/Potato_Red_1_r_130__100.jpg,ffe1c1808001c1ff,2
4222.5,262.89444291591644,0.56,0.7677444933761622,0.9817484305975356,53.98847660751325,78.02926012282057,128.754782207882,56.263953150510744,55.75662595067988,32.617949483171536,10363.13899987245,361.5676363636363,0.4118616181450837,0.2055205042956794,A,grading/data_processed/potato/A/Potato_Red_2_113__100.jpg,e7c3c181818183c7,0
5392.5,298.97770178318024,1.2658227848101269,0.7580928829033754,0.96787220676658,19.596376811594205,8.49486980238438,134.06177536231883,46.2637639813022,71.0625,41.31967422194869,8211.379981974042,426.089758342923,0.4742612933120074,0.2891099503361178,A,grading/data_processed/potato/A/Potato_White_1_r2_127__100.jpg,ffc38180008187ff,2
5292.5,294.8355666399002,1.3157894736842106,0.7650872881955566,0.9689674112046868,19.53357933579336,10.695525227032228,134.4728782287823,45.7727480861873,69.75202952029521,40.406122640059856,8443.337675831024,419.7894736842105,0.4529568302151093,0.271979287053669,A,grading/data_processed/potato/A/Potato_White_1_r2_126__100.jpg,ffc38180008187ff,2
4199.5,275.0365777015686,0.58,0.6976322337931993,0.9678497349619728,12.55601851851852,14.758757942308502,108.53518518518518,44.76083732794825,56.13611111111111,34.269236172396816,13442.993107728897,471.99438596491234,0.3825181884402208,0.2353724382169816,A,grading/data_processed/potato/A/Potato_Red_1_122__100.jpg,efc38181818181c3,0
5571.0,285.76449942588806,1.36986301369863,0.857287461407513,0.9871533622751838,32.44881474978051,62.72837724338889,135.77611940298507,49.65959550988334,72.97699736611062,41.83045335888467,5178.3019968286735,254.4303307043033,0.4391876244335007,0.2082121417641365,A,grading/data_processed/potato/A/Potato_Red_2_r2_130__100.jpg,ff838100008081ff,5
5025.5,276.69343161582947,1.492537313432836,0.8248812692928538,0.9827906521951696,43.903031480761754,73.013519839975,142.51321414691023,51.02640926583735,65.97687524290711,38.07864161918038,8711.285777032746,254.78034072063923,0.5118272927515096,0.2233420561616592,A,grading/data_processed/potato/A/Potato_Red_2_r2_19__100.jpg,ffc18100000181ff,5
4967.5,275.5218585729599,1.492537313432836,0.8223100934524087,0.982204646564508,44.63672105366621,73.67102433867485,142.8348732062119,50.64627986478939,65.39119323766464,37.99978667300948,7996.895800289596,293.39182873511237,0.5109220048371333,0.2293709626916704,A,grading/data_processed/potato/A/Potato_Red_2_r2_18__100.jpg,ffc18100000181ff,5
4909.5,275.03657722473145,1.5625,0.815579346037338,0.9843609022556392,54.101192842942346,76.67632195454918,135.0168986083499,52.15369464889776,64.43081510934394,36.85937875114143,6879.938471069336,236.5858585858586,0.4761547069759744,0.2027649685663496,A,grading/data_processed/potato/A/Potato_Red_2_r_44__100.jpg,ffc180000081c3ff,17
4006.0,277.137082695961,1.694915254237288,0.6554378646061116,0.931519590745262,15.79002179704529,17.9854556891759,91.5754419956406,42.23613040979051,53.41099539840155,32.28823004097188,13733.078491094511,384.51343947954115,0.428139936355168,0.2864876366525346,A,grading/data_processed/potato/A/Potato_Red_1_r2_36__100.jpg,ffc381800080c1ff,2
5002.0,275.6223645210266,1.5384615384615383,0.8274173877519647,0.9849364969971448,51.19012297481944,75.047384107993,134.20847159867265,51.636183084533485,65.74019129416358,37.47358545162374,6106.061289917159,237.3310023310023,0.4664336912654793,0.2001547968930182,A,grading/data_processed/potato/A/Potato_Red_2_r_45__100.jpg,ffc180000081c3ff,17
6215.0,299.42135417461395,1.180722891566265,0.8711349873278883,0.9872130887141608,56.412923561859735,77.43015067334468,128.53680063041764,52.30677776659074,81.71158392434988,47.23761873644691,2808.739976384616,286.71456961868097,0.489691311289267,0.2072633053107473,A,grading/data_processed/potato/A/Potato_Red_2_r_174__100.jpg,ffc78100008181ef,5
4996.0,296.4507911205292,1.5384615384615383,0.7143763466362483,0.9614163379197536,21.09869319290033,9.677681099201871,128.83713672713088,45.45702945691056,66.36941681295104,39.74932257687066,10079.265867076923,596.6675990675991,0.3844839060375726,0.1980255040133499,A,grading/data_processed/potato/A/Potato_White_1_r_80__100.jpg,ff830100000183ff,5
4514.5,275.37972342967987,1.6666666666666667,0.7480930198362045,0.974317470594583,15.625107851596203,16.850407894575124,100.85353753235547,43.69064703661522,59.79421915444349,35.49277680854172,12069.389135305551,402.95723905723906,0.3563030483955522,0.2142629768992636,A,grading/data_processed/potato/A/Potato_Red_1_r_33__100.jpg,ff878101008081ff,5
4598.5,276.20815122127533,1.639344262295082,0.7574484355345583,0.9758090185676392,14.809533898305084,13.241256876937854,101.04978813559322,42.934669773962106,61.06906779661017,36.343860029485874,11284.518208519215,451.69514820334496,0.3570164978026662,0.2147154322382926,A,grading/data_processed/potato/A/Potato_Red_1_r_32__100.jpg,ff878101000081ff,5
4951.0,293.279217839241,0.66,0.723336218827757,0.9661430383452044,21.49133858267717,9.144009902982107,130.51161417322834,45.842866064939535,65.5503937007874,38.76151365452431,9625.82781815886,514.7063076923077,0.3804201785265404,0.2097804149228595,A,grading/data_processed/potato/A/Potato_White_1_61__100.jpg,efc38181818181c3,0
4969.0,290.10764491558075,0.66,0.7419258685873166,0.967955585857602,20.872841444270016,6.9468943352973325,130.56397174254317,46.20446577992898,65.89403453689168,39.33405811352995,9949.11805268595,575.9803076923077,0.3782626264326367,0.207930547120993,A,grading/data_processed/potato/A/Potato_White_1_60__100.jpg,efc38181818181c3,0
6063.0,305.5634880065918,1.1904761904761905,0.8160081841836369,0.9772727272727272,19.82434614142719,6.9637523682157685,116.69954794962868,40.64329711895623,79.67807555699063,46.07553022391631,6223.274903273809,429.5343915343916,0.4180602579550649,0.2488653736088027,A,grading/data_processed/potato/A/Potato_White_1_r_154__100.jpg,ff8f03010180c1ff,6
4967.5,292.69343197345734,1.5384615384615383,0.7286547256037261,0.9547376513549876,20.096350078492936,9.013134625825408,126.58712715855572,45.374140873802105,65.82692307692308,39.00109522813537,11180.229727905324,542.7260295260297,0.3512925556079949,0.2045131286111914,A,grading/data_processed/potato/A/Potato_White_1_r_12__100.jpg,ff8301000080c1ff,6
4486.0,321.07820868492126,1.5555555555555556,0.5468238780453772,0.942932212296374,12.90293990488543,17.728737470543695,100.6011673151751,42.99138039291482,59.66277561608301,34.61437843648382,13256.464266878178,391.9846179021435,0.3883689000227193,0.2373848495907141,A,grading/data_processed/potato/A/Potato_Red_1_r_112__100.jpg,ffc181008081c1ff,2
5419.0,285.76450061798096,0.72,0.8338970947061348,0.9850040897936926,20.005953454807862,8.989548359657723,136.80570088399784,45.99214716177758,71.40483492693487,41.503068557609474,7844.324887943672,541.0567605633803,0.3493399243734438,0.2131690955112748,A,grading/data_processed/potato/A/Potato_White_1_28__100.jpg,cf878381818181e3,7
5284.5,292.0071406364441,1.32,0.7788015782362373,0.9665294924554184,13.703381999630382,12.800062720096488,91.11273332101275,39.010556913094575,69.57678802439474,40.25231097724256,7738.990588878686,378.5473469387755,0.4642067727346315,0.2589977907545074,A,grading/data_processed/potato/A/Potato_Red_1_r2_124__100.jpg,ff870301010183ff,5
5614.5,304.977702498436,1.195121951219512,0.7585509793075974,0.9554969366916268,15.492950391644907,23.018847858731093,96.3171453437772,39.09956975846941,73.89904264577893,42.78878326119904,6442.35934970086,409.6854412874026,0.4728344331024239,0.2718430885790347,A,grading/data_processed/potato/A/Potato_Red_1_r2_87__100.jpg,ffc78100000183ef,14
5554.0,306.04877066612244,1.180722891566265,0.7451341377096876,0.9572561185798,14.686136523574946,20.295408370059228,95.72079521463758,38.57142378673027,73.054890921886,42.29762612235192,7312.707596069258,403.4199478325672,0.4860635768558324,0.2885086895489765,A,grading/data_processed/potato/A/Potato_Red_1_r2_86__100.jpg,ffc78100000183ef,14
5188.5,293.1787133216858,1.3243243243243243,0.7585545471363102,0.966741196198994,13.39691497366441,14.557367571199256,88.70767494356659,37.706705765428985,68.33126410835214,39.53688271462866,7987.764178544885,372.478963499582,0.4641095711836732,0.2549101891156111,A,grading/data_processed/potato/A/Potato_Red_1_r2_125__100.jpg,ff870301010183ef,4
5471.0,288.10764515399933,1.36986301369863,0.8282606202534666,0.9824907964442848,52.35769162051099,77.01052544534836,132.65570841522245,49.94268208334491,71.89297838127568,41.71628587334158,6842.780419290673,350.8327106683271,0.4498407850312775,0.2223202701151816,A,grading/data_processed/potato/A/Potato_Red_2_r2_181__100.jpg,ffc181000001c1ff,2
5570.0,289.27921855449677,1.36986301369863,0.8364319005788639,0.9847078582162114,52.09671757065122,76.9883966516764,131.7182727751448,50.765007435782955,73.18290328242935,42.1987519953267,5357.258265790956,341.97467828974675,0.4364485481204356,0.2098343318855174,A,grading/data_processed/potato/A/Potato_Red_2_r2_180__100.jpg,ffc181000001c1ff,2
4797.5,296.2081505060196,1.6129032258064515,0.6871172293065062,0.9506588724858812,20.20227226617975,11.564380767079248,128.62203286670723,44.47745535368955,63.91377561371475,38.41452150547478,11058.0387989334,576.4403714565005,0.3585906000945796,0.1931793407106887,A,grading/data_processed/potato/A/Potato_White_1_r_4__100.jpg,ff8301008080c1ff,2
3790.0,266.6518017053604,0.53,0.6698229584484953,0.9626619253238506,14.020977232028653,12.745198383247676,101.31823995906882,44.13265228339872,51.14684062420056,32.36712101443804,18451.62681751513,507.8671153846154,0.3657268756381671,0.2386428823490405,A,grading/data_processed/potato/A/Potato_Red_1_100__100.jpg,ffc38181818183c7,0
5215.5,288.3502857685089,1.408450704225352,0.7882519276091523,0.9759543413173652,20.614866129938218,13.690378761340536,134.92323534918555,43.684500870092165,68.7129750982962,40.22744033344516,8881.385299266018,452.38810641627543,0.3908763443092614,0.236230122666852,A,grading/data_processed/potato/A/Potato_White_1_r2_104__100.jpg,ff878100000183ff,5
4836.5,297.5218588113785,1.5873015873015872,0.6865992090269011,0.9482403685913146,20.61787799476545,13.34299746397148,127.90054358767868,44.0182093214706,64.2496476746527,37.95372564442931,11158.307277676997,504.94692961359624,0.3649336918255709,0.1998442034913537,A,grading/data_processed/potato/A/Potato_White_1_r_5__100.jpg,ff8301008080c1ff,2
5223.0,289.76449978351593,1.3888888888888888,0.7816989622461629,0.976809425846269,20.304916806879792,11.136331872938271,134.9904655075715,44.30849321826807,68.7687418209011,39.99955349730333,9446.23609228395,402.34231200897864,0.396595327199224,0.246232944272157,A,grading/data_processed/potato/A/Potato_White_1_r2_105__100.jpg,ff838100000183ff,2
3812.5,267.7228693962097,0.53,0.6684189814898318,0.9598439073514602,13.389977105062323,10.350302528252003,100.71737471381329,44.10846406547141,51.31289748155685,32.052127537797425,17754.38580316839,512.9565384615383,0.373357372830597,0.2338665540190759,A,grading/data_processed/potato/A/Potato_Red_1_101__100.jpg,ffc3c181818181c7,0
4804.5,272.2081513404846,1.5873015873015872,0.8148089852479677,0.9867529266789896,42.2772136474411,71.3538177233031,139.9453696181966,47.911466179567945,63.22420796100731,36.88585504882635,9567.110042831948,293.71813371813374,0.455814132077798,0.2078848799280587,A,grading/data_processed/potato/A/Potato_Red_2_r2_112__100.jpg,ff878101008081ff,5
5353.0,299.76449942588806,1.2894736842105263,0.74859463400965,0.9539338857702933,17.4735594456601,16.511667106679383,81.58424507658643,36.78230078619244,70.4015317286652,40.38651655880278,7394.095406183913,365.96554530656533,0.4223609120268873,0.2496621042931818,A,grading/data_processed/potato/A/Potato_Red_1_r2_14__100.jpg,ff8381800081c1f7,2
3472.5,262.89444184303284,1.8867924528301887,0.6313778034360656,0.9319645732689212,15.896349958205628,21.661775086822377,91.38032878239063,44.191230164006726,46.40317637224854,28.431621342574697,22359.911463830544,290.7489994282447,0.4876831026034522,0.3134941194195574,A,grading/data_processed/potato/A/Potato_Red_1_r2_153__100.jpg,ff870101010187ff,4
3481.0,263.96550941467285,1.8333333333333333,0.6277974087265515,0.9257978723404257,16.658604392549346,24.041866262569624,92.81762579927718,42.62851788720824,46.69391159299416,29.3279937863814,23374.215010813965,365.6328420256992,0.4835534717704726,0.3170468008321088,A,grading/data_processed/potato/A/Potato_Red_1_r2_152__100.jpg,ff870101010187ff,4
3837.0,268.7939372062683,0.57,0.6673639234429303,0.9470566456867828,14.95701643489254,12.557757262241427,98.46700379266753,44.59015340896882,51.37850821744627,31.346739006166604,17978.557392767005,452.14357142857136,0.4158814755118087,0.2845069636624892,A,grading/data_processed/potato/A/Potato_Red_1_87__100.jpg,fbe1c1c1818181c3,22
6011.5,299.3208477497101,1.2345679012345678,0.8431770599250942,0.9833156129876502,21.331921824104235,14.611279963431851,123.81954397394136,38.30785644734104,79.14446254071662,46.204722289444014,6675.805402469135,603.6407282703578,0.3987369197312229,0.2298353976280912,A,grading/data_processed/potato/A/Potato_White_1_r2_173__100.jpg,ff9301000080c1f7,6
6161.0,303.9066355228424,1.2048192771084338,0.8382637919501205,0.980972852479898,20.685791481246028,11.60830183998253,123.4793388429752,37.60618429982116,81.04895104895105,47.20673332462191,6668.044038844535,534.2281854691494,0.3969116645310186,0.2295403853344792,A,grading/data_processed/potato/A/Potato_White_1_r2_172__100.jpg,ffbb01000081c1f7,2
4509.5,268.89444267749786,1.7241379310344829,0.7837446730544505,0.9857907968083944,57.28580686973429,79.75110460679481,131.78569885504427,51.52620244499211,59.46143875567077,34.79404690931922,9696.968633501783,189.03169627307565,0.4814153217615921,0.1944607635116663,A,grading/data_processed/potato/A/Potato_Red_2_r_4__100.jpg,ff870100000183ff,5
4493.0,278.93607223033905,1.4776119402985075,0.7256662420818486,0.9530172870930108,14.00260078023407,16.18557027242124,99.9052882531426,42.78617821395846,59.37191157347204,34.84569303812613,11127.868572110052,309.64163874505016,0.45153671725323,0.2935860369175462,A,grading/data_processed/potato/A/Potato_Red_1_r2_62__100.jpg,ffe78100000181ef,5
4341.0,266.30865597724915,1.7543859649122806,0.7691819499615987,0.98123869801085,54.90065037003812,78.48637466956846,129.52321148239517,51.60606113191483,57.35613366225611,34.0885765579615,10139.59825235457,262.81127060074425,0.4843097031676918,0.2092988949294782,A,grading/data_processed/potato/A/Potato_Red_2_r_10__100.jpg,ff830100008183ff,5
4304.5,265.23758828639984,1.7857142857142858,0.7688868536409994,0.9841106538637404,56.286909337553695,79.23968469795419,131.65543748586933,51.36539249948738,56.76938729369206,33.26897207021874,9233.829792059949,205.2445887445888,0.4854514903686419,0.2037296740156009,A,grading/data_processed/potato/A/Potato_Red_2_r_11__100.jpg,ff870100008183ff,5
5318.0,284.93607234954834,0.71,0.8231203330029976,0.9848148148148148,19.46416758544653,4.977633042098778,133.69349503858876,46.25408938231669,70.16923925027564,40.63673007799163,7413.258438305891,521.6437142857142,0.3436041797915855,0.2137631246716508,A,grading/data_processed/potato/A/Potato_White_1_130__100.jpg,f3e1c181818181c7,22
5304.0,284.1076457500458,0.7,0.825748011755146,0.9834059516084176,20.33511422254974,8.82194527044212,134.16764922623435,45.207194011803224,69.90549005158438,40.670976373321366,8041.435576408162,489.3382608695652,0.3381134229248257,0.2063061676843828,A,grading/data_processed/potato/A/Potato_White_1_131__100.jpg,f7c1c181818181c7,0
4614.0,270.79393672943115,1.694915254237288,0.7906960737619323,0.9823291462635724,47.63638284386224,74.48268411812712,133.20726811747306,52.844376583356166,60.80076061694486,35.3818179861079,11146.21843539213,266.8565314158535,0.4131789835447516,0.1883633676442255,A,grading/data_processed/potato/A/Potato_Red_2_r_103__100.jpg,ff8301000080c1ff,6
5021.0,277.2792179584503,1.492537313432836,0.8206641166875226,0.9861533929097516,33.19389342668222,63.763955524767816,137.71703617269546,47.76731835844062,66.01886425515363,38.46318755639841,8362.8895159501,325.8462234283129,0.4431884170835294,0.2228783031702195,A,grading/data_processed/potato/A/Potato_Red_2_r2_96__100.jpg,ff870301008081ff,20
4929.0,276.45079159736633,1.5151515151515151,0.8104626522472085,0.9848151848151848,34.1570297029703,64.55338181728877,136.7348514851485,48.606066455382575,64.79485148514851,37.668642488921066,9377.485040955004,323.3374655647383,0.4487153050452441,0.2242356064437173,A,grading/data_processed/potato/A/Potato_Red_2_r2_97__100.jpg,ff870301008081ff,20
4554.0,281.27921760082245,1.5873015873015872,0.7233152132334666,0.9578294247554948,16.476373743852896,14.75096268043956,102.79965790036348,43.39785975399995,60.45093008338679,35.53320890215732,10349.73021947594,386.1904761904762,0.3920328574477063,0.2459562826344752,A,grading/data_processed/potato/A/Potato_Red_1_r_44__100.jpg,ff838101000083ff,0
5543.0,303.2203435897827,1.2345679012345678,0.7575966952953227,0.966352859135286,19.698871650211565,11.534776576038466,140.11988716502117,47.33522097442999,73.11036671368124,42.15772927883241,7328.791011796982,444.58535977054487,0.4121658789308181,0.2875653924441355,A,grading/data_processed/potato/A/Potato_White_1_r2_24__100.jpg,ffc381010101c1f7,0
5688.0,300.73506236076355,1.2820512820512822,0.7903169962977096,0.9677584006805616,20.102458311844593,10.371349227265656,128.912497851126,44.187343325836345,75.02372356884992,43.452876050042775,6572.930242587114,435.13144263144267,0.4356659597181026,0.2436215829814593,A,grading/data_processed/potato/A/Potato_White_1_r_122__100.jpg,ffc18000010183ff,0
5851.0,295.90663516521454,1.2098765432098766,0.8397123780183321,0.9816290579649358,18.665607226497155,18.33814273302835,83.03445968551355,38.355961851047795,76.81164268986284,44.26483588390997,4591.846886769414,393.52768232149674,0.4183608010717289,0.2357324636541077,A,grading/data_processed/potato/A/Potato_Red_1_r2_189__100.jpg,ffc18101018183ff,0
5442.5,284.69343185424805,1.408450704225352,0.8438269785351069,0.98515702778532,61.759834740434705,80.21548791446486,125.1747799532962,52.09840100867201,71.42751931022094,41.2839743201164,6443.459183019242,246.90667235737655,0.4863295505293684,0.2057731954850723,A,grading/data_processed/potato/A/Potato_Red_2_r_190__100.jpg,ff870100008181ff,6
5109.0,290.59292674064636,1.4285714285714286,0.7602837158780668,0.9586265128060794,20.72664756446991,10.855865915200722,131.981852913085,44.346433514208705,67.48118433619867,39.647175783332614,10386.818569387757,443.34242424242433,0.4274549328795213,0.2400113115737501,A,grading/data_processed/potato/A/Potato_White_1_r_116__100.jpg,ffc18000010183ff,0
5283.0,294.2497799396515,1.3888888888888888,0.7667577622930737,0.9617695248498088,20.453974121996303,10.01371554388208,131.6815157116451,44.52204640194833,69.75951940850277,40.70620160745674,9684.912863888889,481.3303872053871,0.435391650611158,0.2355162472079009,A,grading/data_processed/potato/A/Potato_White_1_r_117__100.jpg,ffc18000010183ff,0
4256.5,278.2081505060196,0.62,0.6910712145417094,0.953090013434841,15.662936743548755,8.827163522673237,100.5364238410596,45.83428987592743,56.87211692167161,34.331911568828936,14299.06709612383,548.0431147540984,0.3866109083183534,0.2727774026961561,A,grading/data_processed/potato/A/Potato_Red_1_69__100.jpg,fde1c1c1818181c7,0
4970.5,275.0365775823593,1.5384615384615383,0.8257128279735704,0.9854282315622522,29.96307208799843,60.739237491407366,144.9171086230603,46.603015954122725,65.3007267727362,37.848394936580426,8128.845455053255,261.426418026418,0.451412891509573,0.2067712504848711,A,grading/data_processed/potato/A/Potato_Red_2_r2_119__100.jpg,ff838101008081ff,0
4956.5,276.20815074443817,1.5384615384615383,0.8164169150135104,0.9848981619473424,25.235525797558093,56.054410618720595,144.22115005907838,46.72882023446378,65.14789287120914,37.64437334471509,8806.872199668638,260.2694638694639,0.4448716241206827,0.2074791407911761,A,grading/data_processed/potato/A/Potato_Red_2_r2_118__100.jpg,ff838101008081ff,0
5656.0,289.76449942588806,1.3333333333333333,0.846503798846989,0.9859670530811472,45.22742995503286,73.43647314491815,136.9821860947769,52.52650854398626,74.16534071255622,42.6027151846766,5651.4973382222215,249.4666666666667,0.5025352347224756,0.218657024995581,A,grading/data_processed/potato/A/Potato_Red_2_r2_30__100.jpg,ffc38180000183ff,0
5754.0,291.4213536977768,1.2987012987012987,0.8514065346588572,0.985695931477516,42.6687074829932,71.71044696870617,135.15204081632652,52.983061205885626,75.43401360544217,43.331745910116176,5187.759497385731,255.8862652499016,0.4983015316337672,0.2263297344963501,A,grading/data_processed/potato/A/Potato_Red_2_r2_31__100.jpg,ffc38100000183ff,5
4738.0,272.4507910013199,1.5873015873015872,0.8021004761810774,0.9814603832211288,35.27033148033766,65.8639641822316,135.1704756022236,53.73578374456882,62.33909820877085,36.09827624298223,8408.38772748803,223.16851050184383,0.4913457868674891,0.2188735125533897,A,grading/data_processed/potato/A/Potato_Red_2_r_137__100.jpg,ffc38100008181ff,0
5489.5,289.52185797691345,0.74,0.8229622972596946,0.9828126398710948,20.01264245014245,8.288405624954802,135.17485754985756,46.39766081507519,72.35113960113961,42.206151812716264,8254.129873466034,641.4172602739727,0.3681275003618446,0.2224015740138784,A,grading/data_processed/potato/A/Potato_White_1_22__100.jpg,cf878381818181e3,7
5295.5,290.0071392059326,1.351351351351351,0.7912240106485635,0.9743330266789328,19.35380926028408,6.715794731965754,140.37465412285556,43.512721812189376,70.01641763512266,41.06973373112751,9042.990991599709,485.54204204204206,0.4055219223131691,0.2559222308513584,A,grading/data_processed/potato/A/Potato_White_1_r2_11__100.jpg,ffe381000080c1f7,2
4522.5,277.8650048971176,1.639344262295082,0.7360727356872152,0.9723715330036552,14.90805340223945,24.720198820324253,105.56352282515071,43.97074006742661,59.80340223944875,34.754006660386004,11350.960510507926,392.97714853452567,0.3723793204998174,0.2246759650415035,A,grading/data_processed/potato/A/Potato_Red_1_r_118__100.jpg,ffc181800000c1ff,2
5273.0,289.4213536977768,1.351351351351351,0.791054662014039,0.9714443625644804,19.581696924786957,10.65977844785128,139.33197480548353,44.58755681260565,69.74453501296776,40.80795876618923,8824.285494813732,514.4015834015834,0.4094840682495594,0.2586672004212155,A,grading/data_processed/potato/A/Potato_White_1_r2_10__100.jpg,ffe381000081c1f7,2
5467.5,288.69343161582947,0.73,0.8243750703946936,0.9839827229371008,19.795673936360387,4.491430192606298,135.90239542366822,46.20453723752479,72.1968180193064,42.10074044444821,8149.780665697129,655.5790277777778,0.3633257229013921,0.2168663387283899,A,grading/data_processed/potato/A/Potato_White_1_23__100.jpg,cf878381818181e3,7
4895.5,310.00713992118835,1.5625,0.640123138856714,0.9427113421914116,20.39972172530312,11.80451957898503,122.94673027231168,44.61282393632172,65.32578016298946,39.51629381540942,12227.248405859376,645.6234217171717,0.3611048204045308,0.1997012432691227,A,grading/data_processed/potato/A/Potato_White_1_r_185__100.jpg,ff83010080c0c0ff,11
6220.0,301.5634891986847,1.1764705882352942,0.8594937629037748,0.9847225520462282,46.937470467790206,73.01662587440902,126.34966136399431,51.07733621644738,81.46952275948968,47.042742120113985,4830.479450297577,375.954486036839,0.4466367709894915,0.2413372137188197,A,grading/data_processed/potato/A/Potato_Red_2_r2_79__100.jpg,ff870301008081ff,20
6139.0,299.56348860263824,1.1647058823529413,0.8596659755183045,0.9856305691579031,49.15653422690283,74.05616471395383,127.5133237593745,49.613376191209774,80.5055050263284,46.43979918295579,4490.753783827581,360.0468187274909,0.4453150662892022,0.2427062051464794,A,grading/data_processed/potato/A/Potato_Red_2_r2_78__100.jpg,ff870301008081ef,6
4155.0,276.4507908821106,1.5873015873015872,0.6831958485519055,0.9435676166685592,14.856173994387278,19.059017609693953,100.09167446211411,42.94711451741587,55.15247895229186,32.993375273061275,14075.782974955908,378.42568542568534,0.456713933191229,0.3080722238820266,A,grading/data_processed/potato/A/Potato_Red_1_r2_56__100.jpg,fff781000000c1ff,6
4172.5,274.2081503868103,1.5714285714285714,0.697341466460545,0.9471115650890932,13.565571861169346,13.009169046233769,100.82599580712788,43.31031216386746,55.41975308641975,33.187702858085466,14706.082691568768,387.2461937155815,0.4686123600230157,0.2991399560691368,A,grading/data_processed/potato/A/Potato_Red_1_r2_57__100.jpg,fff781000000c1ff,6
3653.0,263.96550953388214,1.8867924528301887,0.6588175616221492,0.9473547717842324,15.066065269302202,13.69076812302142,98.46113027328204,43.682853731846485,49.02334836826744,30.616422625730575,20426.01892043432,452.48198970840474,0.4518492015964931,0.2779279986326808,A,grading/data_processed/potato/A/Potato_Red_1_r2_166__100.jpg,ffc30101010187ff,4
5204.0,291.42135298252106,1.337837837837838,0.7700242662693676,0.970714418951688,12.707692307692309,17.375742642708126,104.19437148217636,45.54803791809729,68.48142589118198,39.13390362558032,6026.8013666260995,370.29247104247105,0.4226156496892903,0.2575173187604907,A,grading/data_processed/potato/A/Potato_Red_1_r_150__100.jpg,ffe3c180800181e7,25
4827.0,272.45079147815704,0.64,0.8171673670269317,0.983897268650632,26.17711281843914,57.15723952536506,140.4708855640922,50.213064650642835,63.502830570157705,36.860049582588665,8476.910307714843,352.82587301587296,0.4244141660306084,0.2056227444276316,A,grading/data_processed/potato/A/Potato_Red_2_173__100.jpg,c7838181818181e7,7
6340.0,319.5634880065918,0.88,0.7801620419651943,0.9650658345383972,19.621025007718433,7.874190357571518,114.92158073479467,41.353173129905,83.22414325409076,47.86272200860191,4357.958858471075,464.8245977011494,0.44278660319446,0.2459030934160154,A,grading/data_processed/potato/A/Potato_White_1_r2_147__100.jpg,ffc781818181c3c7,0
4547.5,279.0365775823593,1.639344262295082,0.7339395622722704,0.9677590976803576,16.356316916488222,17.455965330545048,102.896573875803,43.673969837496905,60.37087794432548,35.91601445163459,11447.430835017469,416.5739360821329,0.3705993411006371,0.2208403920905412,A,grading/data_processed/potato/A/Potato_Red_1_r_39__100.jpg,ff878101000083ff,5
5311.0,282.1076456308365,1.4285714285714286,0.838603078711956,0.9844300278035216,30.400993743099008,61.0586901492094,139.82296650717703,49.09176900369696,69.74401913875599,39.86506254073722,6715.0894775306115,257.13174603174605,0.4453397358773734,0.2115550847645903,A,grading/data_processed/potato/A/Potato_Red_2_r2_127__100.jpg,ff838100008081ff,5
5694.5,290.35028624534607,1.3333333333333333,0.8488304376689599,0.984952002075586,55.23982133654011,76.1284044549329,123.071637175743,52.374067722641094,74.73217660195843,42.71512138339957,4649.977239662223,300.2226262626262,0.4598701602363149,0.2114145248199742,A,grading/data_processed/potato/A/Potato_Red_2_r_53__100.jpg,ffc181000081c3ff,2
5151.5,282.6934320926666,1.4,0.8100505685611945,0.9764025777103866,17.51336492890995,16.551970760928135,91.47791469194313,40.54597104723653,67.84417061611374,38.89958858503052,7932.907932472865,322.378645066274,0.4010851844040642,0.2207072924417071,A,grading/data_processed/potato/A/Potato_Red_1_r2_182__100.jpg,ffc18100018183ff,0
4346.5,293.1787130832672,1.5076923076923077,0.6354548221047381,0.9235100393073408,16.784309342869914,17.077899162699335,84.26262852033975,40.199409106474945,57.55565489494859,33.616265999146194,12720.1516705564,384.465344964314,0.4295109496439957,0.2819594515240943,A,grading/data_processed/potato/A/Potato_Red_1_r2_21__100.jpg,ffc3818000c1e1ff,28
5640.0,288.9360717535019,1.351351351351351,0.8489565041754427,0.9842931937172776,57.90443981963233,77.5447196750793,122.87963926465488,51.4548326589719,74.01370100589664,42.42649254642642,4818.518025547845,287.6691236691237,0.462453817261284,0.2096741181313937,A,grading/data_processed/potato/A/Potato_Red_2_r_52__100.jpg,ffc181000081c3ff,2
6359.0,313.56348872184753,1.162790697674419,0.8127326619335962,0.9729936500650296,20.050816137973513,9.847976180090033,125.9855251000924,42.53836949722582,83.6196489066831,48.1362379361799,4779.460467806923,427.4280009396289,0.4214288539230754,0.2331849745334684,A,grading/data_processed/potato/A/Potato_White_1_r_129__100.jpg,ffc78500010183ff,0
4543.5,292.0071396827698,1.492537313432836,0.6695969332631694,0.934299814929056,16.788222698072804,14.942427359204192,84.46038543897217,39.95704377421807,60.10835117773019,35.28037341419431,11742.166648162176,381.35323383084574,0.4372800756316297,0.2887877142594491,A,grading/data_processed/potato/A/Potato_Red_1_r2_20__100.jpg,ffc3818000c1e1ff,28
5245.0,286.5929261445999,1.380281690140845,0.8024619026648259,0.9765406814373488,18.048984913391692,17.71140365734625,90.12479046377352,39.7737229713246,69.04712236915627,39.826858180474,7355.117413572719,358.12429214462037,0.3919678319108297,0.2184508740449579,A,grading/data_processed/potato/A/Potato_Red_1_r2_183__100.jpg,ffc18101018183ff,0
4263.5,265.3797233104706,0.58,0.7607477165162014,0.9795519816197588,52.795662100456624,77.61319928107433,130.97625570776256,53.38563830139962,56.464383561643835,33.37918801673497,11230.474304131989,402.19175438596494,0.42276713797222,0.2232228127465956,A,grading/data_processed/potato/A/Potato_Red_2_105__100.jpg,e7c1c181818183c7,0
4257.5,269.37972378730774,1.706896551724138,0.7372838384736912,0.970038733196628,15.991087751371117,28.83901707663766,108.56695612431444,45.69115875682119,56.27308043875686,32.72871522099967,12305.988636773094,338.37579169598877,0.3812886238907187,0.2285116251134008,A,grading/data_processed/potato/A/Potato_Red_1_r_126__100.jpg,ffc181808000c1ff,2
4279.5,266.55129611492157,0.59,0.7569048663735712,0.9759407069555304,48.228564930634526,75.668554298836,130.808278371617,51.81149984936005,56.545599272231065,33.14394799826915,9997.536628871014,388.6655172413792,0.4398744697423529,0.2329735916609755,A,grading/data_processed/potato/A/Potato_Red_2_104__100.jpg,e3c1c181818183c7,13
4527.5,268.8944425582886,1.7241379310344829,0.7868730480985167,0.9830637281511236,42.8327953518399,71.21484342037773,136.1807617817947,53.922235887947025,59.64643856251345,34.81748686444012,10035.674844114152,242.07767328456993,0.4331992743919313,0.1893151927958661,A,grading/data_processed/potato/A/Potato_Red_2_r_109__100.jpg,ff8301000080c1ff,6
4397.0,275.9655097723007,0.59,0.7255322391629712,0.9683955511507544,12.484177915468024,15.35477490399978,113.05156007966364,44.53825203502423,58.715866342111084,35.3506419321503,14049.84876001149,423.87810344827585,0.3704802279080136,0.2167743337475642,A,grading/data_processed/potato/A/Potato_Red_1_134__100.jpg,efc38181818181c3,0
4519.0,266.30865609645844,1.7241379310344829,0.800721775803861,0.984746132054914,43.948242398102224,71.87835910246109,136.57666594781108,52.69367368827447,59.5374164330386,34.565782918523816,9712.618368579071,223.32723789620343,0.4320609494188598,0.1913820274912655,A,grading/data_processed/potato/A/Potato_Red_2_r_108__100.jpg,ff8301000080c1ff,6
5866.5,311.8061294555664,1.1904761904761905,0.7582626119260406,0.9668726823238566,19.216833333333337,7.146268254986096,133.0465,44.04390995832093,77.21116666666667,44.38074554697723,6894.474437585035,410.9897787397788,0.4511606083141395,0.2727569094843685,A,grading/data_processed/potato/A/Potato_White_1_r2_131__100.jpg,ffc38180008187ff,2
4401.0,275.6223638057709,0.6,0.7280015878440643,0.96704021094265,13.572755417956657,20.719160877811756,112.40114993365768,43.88448386815368,58.63312693498452,35.2677330390868,13259.159988638889,456.9835593220339,0.3857071954722842,0.2253114605103081,A,grading/data_processed/potato/A/Potato_Red_1_135__100.jpg,efc38181818181c3,0
4785.0,282.59292685985565,1.3943661971830985,0.7529553633122196,0.9548039509129004,14.132056246178928,18.32374455009591,102.0097819441614,43.153777687795426,63.214998981047486,36.74522513776324,10502.112798630458,349.63797068123034,0.4624680023711541,0.2911788528199107,A,grading/data_processed/potato/A/Potato_Red_1_r2_69__100.jpg,ffe78100000181ff,2
4815.5,273.8650041818619,1.5384615384615383,0.8068228181194038,0.9813531689423272,32.19290780141844,62.79406581416555,135.5953394123607,53.27416213443365,63.34326241134752,36.72968292258671,8253.651498485207,240.24226884226889,0.5119028605644235,0.2300409186373059,A,grading/data_processed/potato/A/Potato_Red_2_r_140__100.jpg,ffc38100000181ff,2
5691.0,292.5929260253906,1.3157894736842106,0.835354478982948,0.9829015544041452,19.785149535922997,6.732213198853204,126.43141973186664,39.55521254582048,75.07459608112754,43.90113119573152,7518.132277960526,589.918394471026,0.3880777667740016,0.2222482736892499,A,grading/data_processed/potato/A/Potato_White_1_r2_178__100.jpg,ff8301000080c1ff,6
3473.5,264.0660148859024,1.8867924528301887,0.6259680174988493,0.929737687366167,18.70788081314397,30.204891003582368,95.27596769702032,43.19812308343458,46.553884711779446,28.60143597096656,23227.53306981132,342.2872117400419,0.476123154899596,0.3112131783493572,A,grading/data_processed/potato/A/Potato_Red_1_r2_159__100.jpg,ffc30101010387ff,0
4964.5,287.03657817840576,0.66,0.7572004979461393,0.9720019579050416,21.820663916715773,11.868007022276382,131.90434099391084,46.10452544557191,65.66666666666667,38.85712951454142,10097.805111019285,615.3567692307693,0.3741893120010239,0.206718657963658,A,grading/data_processed/potato/A/Potato_White_1_55__100.jpg,efc38381818181c3,0
4593.5,269.37972354888916,1.6666666666666667,0.7954699513855136,0.9817268647146826,48.91129032258065,74.79245891050805,138.4259337860781,53.98406541702616,60.37478777589134,34.697651525565774,8346.599341972224,200.51616161616164,0.5076698284174654,0.2056629696435666,A,grading/data_processed/potato/A/Potato_Red_2_r_37__100.jpg,ffc18000008183ff,5
3844.0,271.137082695961,1.706896551724138,0.6570756981009886,0.9371038517796196,15.639505549949543,18.49961036374032,97.61503531786074,43.83745703997148,51.25327951564077,30.88104070325053,16805.58740047638,352.19264602392684,0.4408848217098478,0.297214000265671,A,grading/data_processed/potato/A/Potato_Red_1_r2_45__100.jpg,fff381800080c1ff,6
4557.0,265.9655101299286,1.694915254237288,0.8095398815495848,0.9859368238857638,44.1551133932392,72.06821838179033,138.45870774497217,54.77510040158739,59.91548994437313,34.74813595271376,8566.319641798333,205.60092449922956,0.4766278081601081,0.1989429579300007,A,grading/data_processed/potato/A/Potato_Red_2_r_36__100.jpg,ffc10000008183ff,5
4621.0,269.1370824575424,1.6666666666666667,0.80167575996121,0.9852878464818764,52.94261603375527,77.782893772478,130.73987341772153,52.06627605363817,60.92784810126582,35.682588397965354,8917.86286388889,221.85,0.4858219975979625,0.2014881813354262,A,grading/data_processed/potato/A/Potato_Red_2_r_203__100.jpg,ff870100000183ff,5
4669.5,269.7228697538376,1.6666666666666667,0.8065748949164225,0.987313669521091,54.62956775944874,78.30737959569872,128.5280851952391,52.51706058256164,61.4291083733556,35.90870067767125,8145.421831083332,223.67744107744113,0.4798999605198166,0.193389137084065,A,grading/data_processed/potato/A/Potato_Red_2_r_202__100.jpg,ff870100000183ff,5
5631.5,295.52185904979706,0.76,0.8103165931371036,0.9790507649513212,20.475785453914252,11.726093963944113,134.33396979691025,45.20787190706981,74.21194237111612,42.92231332873597,7436.00413904086,550.7824,0.3558665502698956,0.2234757158072338,A,grading/data_processed/potato/A/Potato_White_1_116__100.jpg,f7c38181818181c3,0
4685.0,296.9360718727112,1.5873015873015872,0.6677187031612202,0.941046499949784,20.785877466251296,9.68198635322688,128.57403946002077,44.31395438758197,62.36967808930426,37.470215164941,11864.76136769967,514.63620330287,0.4209825787248719,0.2246069960611433,A,grading/data_processed/potato/A/Potato_White_1_r_98__100.jpg,ff818000000183ff,2
6505.5,332.6345566511154,0.92,0.738849212949022,0.9539555685900726,19.77831252819973,8.976157257291158,108.76778462926757,39.98026934693328,85.46382914724019,49.21645578833822,3982.5354589319472,550.6438461538461,0.4573473201663587,0.260011100243294,A,grading/data_processed/potato/A/Potato_White_1_r2_154__100.jpg,ffc785818181c1e3,7
4674.5,292.6934313774109,1.5873015873015872,0.6856762010482328,0.9430098850110954,20.68644597126796,8.320858298880584,128.65188423901728,45.67890255183604,62.08182386008745,37.231539834492736,12179.613447619047,501.12666345999673,0.4185991800471194,0.2253963041812092,A,grading/data_processed/potato/A/Potato_White_1_r_99__100.jpg,ff818000010183ff,17
6543.5,334.63455617427826,0.92,0.7343082333126929,0.9523359045262698,20.107505980861244,10.063046644783205,110.0589114832536,39.157955930956305,86.10272129186603,49.66487034777754,4550.869134203686,506.79692307692306,0.4519270595739147,0.2553935638953518,A,grading/data_processed/potato/A/Potato_White_1_r2_155__100.jpg,ffcf85818181c1e3,30
4461.5,269.37972366809845,0.61,0.7726111211419141,0.9788284335234751,43.71659388646288,72.77793306515922,138.90917030567687,51.65967787019412,59.00502183406113,34.07861090927977,9082.393004568665,411.62633333333343,0.4237860970341578,0.2282765136115993,A,grading/data_processed/potato/A/Potato_Red_2_92__100.jpg,e3c1c181818183c7,13
4653.0,278.4507908821106,1.523076923076923,0.7541296306190299,0.9680640798918132,12.953089005235602,19.254849076820513,111.32125654450262,48.13462184759158,61.36544502617801,35.28942501650699,9872.606873371817,341.6417582417583,0.4117978917942799,0.2456734340971794,A,grading/data_processed/potato/A/Potato_Red_1_r_142__100.jpg,ffe1c180800181ff,10
4316.5,268.69343185424805,1.65,0.7513244266072507,0.9621085478658196,18.244529663884503,22.821599080263404,95.95962102413716,41.58426951715382,57.070155650800814,33.481069195803165,13598.8060144373,345.9059523809524,0.4040779554404068,0.2414377563170058,A,grading/data_processed/potato/A/Potato_Red_1_r2_174__100.jpg,ffc18101008183ff,5
4689.0,283.27921760082245,1.4776119402985075,0.7342782568480806,0.9612546125461254,14.849158528984002,26.066284193142295,109.1643465613962,47.919232644467016,61.82464159567837,35.71406285750604,9565.933065645007,342.33186110265,0.4264248097057835,0.2615813299667742,A,grading/data_processed/potato/A/Potato_Red_1_r_143__100.jpg,ffe1c180800181ff,10
4470.5,273.5218586921692,1.5873015873015872,0.7508996211710743,0.9608812466415906,16.265199389845282,16.030018231240785,95.10198300283288,40.40579808173123,59.15602527783831,34.7227548893256,11887.83648515999,376.8199454866122,0.4184146463013278,0.2604397624091363,A,grading/data_processed/potato/A/Potato_Red_1_r2_175__100.jpg,ffc18100018183ff,0
5138.5,279.86500465869904,1.4705882352941178,0.8244209751627968,0.9840099578705476,48.74662611670785,75.9705913206033,143.063486029272,50.55618203017916,67.48469872647786,38.98670938288469,7447.4952927335635,267.6657754010695,0.5139958375675494,0.2183321290443275,A,grading/data_processed/potato/A/Potato_Red_2_r2_22__100.jpg,ffc38100000181ff,2
4434.5,281.0365777015686,1.6333333333333333,0.7055516742907808,0.953143471252015,20.935498025449757,10.990851798659143,129.73760421237384,47.30970791563089,58.71807810443177,34.806639234320045,12665.588752834468,402.1926116838488,0.3991818990998856,0.2113496351932315,A,grading/data_processed/potato/A/Potato_White_1_r_105__100.jpg,ffc18000818183ff,0
6079.0,298.7350618839264,1.1785714285714286,0.8559918147031439,0.9864503042596348,15.099403898823908,12.61872036779908,92.19800225551796,37.104326627650465,79.78862574512647,45.772985612192656,5522.727967447904,464.36005830903787,0.3975616040100091,0.2401012015645883,A,grading/data_processed/potato/A/Potato_Red_1_r_199__100.jpg,ff8f0301018081e7,6
5571.5,288.8355667591095,1.3157894736842106,0.8392293383478318,0.98375562814514,20.11429073033708,8.644839549188122,132.46752106741573,44.26381662230295,73.37956460674157,42.79974309924052,8230.20788635734,537.1217437533228,0.3694256197950837,0.236974938748992,A,grading/data_processed/potato/A/Potato_White_1_r2_91__100.jpg,ff870100008083ff,6
4794.0,301.2792179584503,1.6129032258064515,0.6636965238425442,0.9480866211806586,20.274406332453825,12.81620557567371,127.19423584331236,45.08976932528694,63.86929165820987,38.47652310285873,11780.664766883456,573.9460736396221,0.3556066753172621,0.1921976334809439,A,grading/data_processed/potato/A/Potato_White_1_r_197__100.jpg,ff8301008080c1ff,2
4767.0,299.279217839241,1.6129032258064515,0.6688086718926142,0.9461149151533196,20.27699530516432,12.322477891818062,126.8332312716881,45.373649455391835,63.40885895080629,37.76544766933321,11041.981795941723,494.25219941348985,0.3646970629936515,0.1977236601471014,A,grading/data_processed/potato/A/Potato_White_1_r_196__100.jpg,ff83010080c0c1ff,11
4463.5,266.89444291591644,1.7241379310344829,0.7874198170348615,0.9834747163159634,34.721300742034046,65.50002932324512,142.45329550414667,51.78780510909747,58.74749017896115,34.11345503641339,9116.924220689654,187.23458725182863,0.4678330722197821,0.2009923980080041,A,grading/data_processed/potato/A/Potato_Red_2_r_124__100.jpg,ffc301000080c1ff,2
4887.5,273.37972366809845,1.5873015873015872,0.8217960208074707,0.9858799798285426,44.55670926517572,73.47034607316219,145.48142971246006,48.666392779153256,64.29852236421725,37.26113142068421,8266.330790022676,232.00721500721497,0.4834125061171164,0.1975563701520819,A,grading/data_processed/potato/A/Potato_Red_2_r2_198__100.jpg,ffc181000001c1ff,2
4842.5,273.03657853603363,1.5873015873015872,0.8162775028643798,0.9840479577321682,46.76138653768642,74.77667069333734,145.7353889560661,49.77514852070074,63.685006045949216,36.99804635639294,9003.374061451246,259.6681096681096,0.4813326273797657,0.2041794320592805,A,grading/data_processed/potato/A/Potato_Red_2_r2_199__100.jpg,ffc181000001c1ff,2
5221.0,305.6223636865616,1.4285714285714286,0.7024142227649122,0.9588613406795224,19.827702072055256,6.163414142094587,117.07653537427665,42.91454889334749,69.28187418331156,41.10632273171639,9571.52431377551,546.3490620490621,0.3865274350326749,0.2252270332496463,A,grading/data_processed/potato/A/Potato_White_1_r_173__100.jpg,ff8701008080c0ff,11
5552.5,287.32084822654724,1.3333333333333333,0.8452090751052582,0.9857967154904572,47.82484581497798,73.67891992772739,128.1552422907489,55.93865146770168,73.02202643171806,42.42614156866708,5857.442086026666,305.3659259259259,0.5095157311219637,0.2324262885660578,A,grading/data_processed/potato/A/Potato_Red_2_r_153__100.jpg,ffc38100000183ff,5
5521.5,286.4924212694168,1.3333333333333333,0.8453579959240184,0.9832606179325082,44.642097802976615,71.8197886426408,128.07707299787384,55.65723138010257,72.50531537916372,42.128307188553144,6383.2025051733335,314.0844444444445,0.5107228593704843,0.2377577236665059,A,grading/data_processed/potato/A/Potato_Red_2_r_152__100.jpg,ffc38100000183ff,5
5065.0,280.79393684864044,1.4558823529411764,0.807260796231674,0.9806389157792836,15.091347080362304,14.686042430123106,98.2888803237618,40.37841328092896,66.76662169974946,38.81025581744617,9437.60128989027,432.8098739495799,0.3575691106406487,0.2169286204995304,A,grading/data_processed/potato/A/Potato_Red_1_r_14__100.jpg,ff870301000081ff,20
5045.0,279.6223645210266,1.4776119402985075,0.8108251795620086,0.983814352574103,15.50232198142415,17.117966071068608,98.28947368421052,40.903266320652534,66.29160216718266,38.10109971438404,8519.885009846992,371.7046908315564,0.3469436544880814,0.209673887293726,A,grading/data_processed/potato/A/Potato_Red_1_r_15__100.jpg,ff870301000081ef,6
5976.5,298.14927554130554,1.180722891566265,0.8448687972963722,0.9831386741240336,17.798820445609437,14.86507111886146,81.45543905635648,36.65280649583133,78.4090760157274,44.91890453325146,4411.18622472407,422.00919140479454,0.4188002988146655,0.2361515869683397,A,grading/data_processed/potato/A/Potato_Red_1_r2_191__100.jpg,ffc38101018183ef,0
4721.5,270.55129647254944,1.639344262295082,0.8105701739773135,0.9856993736951984,52.20347035736418,76.26544575097967,136.94278041726915,53.976628079971974,62.04420574261516,35.57331818563508,6764.394601961839,206.62079814538825,0.4779826035101924,0.1984087615049798,A,grading/data_processed/potato/A/Potato_Red_2_r_40__100.jpg,ffc180000081c3ff,17
5914.0,295.90663480758667,1.195121951219512,0.8487538908911656,0.9826368696519068,18.5565303757656,17.092680674479784,82.85333554047344,36.73289291851884,77.57689124317166,44.479614532112066,4878.644134046741,380.5481518732713,0.4146015253680692,0.2362518749129136,A,grading/data_processed/potato/A/Potato_Red_1_r2_190__100.jpg,ffe38101008183e7,0
4752.5,273.0365780591965,1.5873015873015872,0.8011066279634408,0.9805034041675263,50.07081280788177,75.46968226520713,135.91543513957308,53.7101231756453,62.50779967159278,35.83951440831613,8818.132998009574,220.46288279621615,0.4907253696081726,0.2174708565639432,A,grading/data_processed/potato/A/Potato_Red_2_r_41__100.jpg,ffc180000081c3ff,17
5925.0,294.5929265022278,1.2820512820512822,0.8579334269451215,0.9856928963566794,41.21509995043779,68.86725504253103,128.50140426234924,50.59773105503226,77.73385098298364,44.57477236133183,4290.670358957923,287.21846671846674,0.4209465533336741,0.2103675694474657,A,grading/data_processed/potato/A/Potato_Red_2_r2_134__100.jpg,ff838100008181ff,5
6001.0,296.59292590618134,1.2658227848101269,0.8572587251337139,0.9844160104986877,40.01435562805873,68.0058637917798,127.23931484502448,50.70426028080415,78.72626427406199,45.113767139920505,4356.320389985579,304.2763073775732,0.419198430746883,0.2103638802130626,A,grading/data_processed/potato/A/Potato_Red_2_r2_135__100.jpg,ff838100008181ff,5
5685.0,288.1076453924179,1.36986301369863,0.8606583107928737,0.9878366637706344,64.2985716744106,80.51745293311454,123.8454654964722,52.50768023739522,74.61073825503355,43.16516783216714,4553.261030193283,252.03569946035697,0.4905857380308444,0.1929668024095475,A,grading/data_processed/potato/A/Potato_Red_2_r_188__100.jpg,ff830101008181ff,0
5232.0,293.4213534593582,1.351351351351351,0.7636496680139175,0.971136890951276,20.604403806680352,14.211760096357455,135.6822168314984,45.47372473022713,68.91453629408471,39.89124714439675,8540.645681154128,386.0173355173356,0.4426689942998161,0.2626920745474786,A,grading/data_processed/potato/A/Potato_White_1_r2_123__100.jpg,ffc38180008183ff,2
5169.0,293.42135322093964,1.351351351351351,0.7544543464026529,0.9653562424129236,19.888028700906343,11.844350261751098,137.172583081571,45.85681498906101,68.25981873111782,40.11605259114922,8964.662875018263,465.8177723177724,0.4440681906620415,0.2720914267085421,A,grading/data_processed/potato/A/Potato_White_1_r2_122__100.jpg,ffc38180008183ff,2
4330.5,273.37972354888916,1.65,0.7281406999919026,0.9643692239171584,13.47652212985846,23.11009420052182,109.62817344416985,47.34036574108012,57.089418108290275,32.87015641905977,10043.13889353694,295.184693877551,0.3986616597450758,0.2392716019703626,A,grading/data_processed/potato/A/Potato_Red_1_r_135__100.jpg,ffe1c180800181ff,10
4229.0,265.48022842407227,0.57,0.7540205528294404,0.9778034682080924,51.227973314929834,77.0824192077493,129.44628479411088,55.815406529470295,55.92201518288475,32.90247617402232,11600.760652508465,374.72410714285706,0.4165986942967723,0.2143512548579636,A,grading/data_processed/potato/A/Potato_Red_2_116__100.jpg,e7c3c181818183c7,0
4014.5,271.72286915779114,0.55,0.6832646351976479,0.969803116318396,11.87037484885127,11.897207062724664,105.89987908101573,43.39564210045352,53.789359129383314,32.88319267915236,12934.192163272728,440.0351851851851,0.3735221009094346,0.2302793973047638,A,grading/data_processed/potato/A/Potato_Red_1_113__100.jpg,f7c38181818181c3,0
5009.0,289.4213539361954,1.3888888888888888,0.7514494207282508,0.9668017757189732,19.508959875340864,9.054235233382276,136.81242695753798,44.80066304491217,66.14900662251655,38.59380885821217,10481.29160177469,388.5510662177329,0.4341046993901019,0.2748153571659273,A,grading/data_processed/potato/A/Potato_White_1_r2_116__100.jpg,ffc38180008187ff,2
5056.5,280.55129647254944,1.5384615384615383,0.8073006750294317,0.9846168824846656,48.69040725728624,75.7170106657532,143.3881490059834,48.648803939600704,66.49121791160007,38.47962447569601,7830.971287668638,254.189898989899,0.4591801284298439,0.1949458561115768,A,grading/data_processed/potato/A/Potato_Red_2_r2_192__100.jpg,ffc181000001c1ff,2
5028.5,277.3797242641449,1.5625,0.8212944618117639,0.985400744660004,44.21005629974762,73.31067852056269,143.87905261114346,49.40730767796801,66.12677150067948,38.273602019832374,7530.887851464842,248.6126893939394,0.4464003974282461,0.1871446492716634,A,grading/data_processed/potato/A/Potato_Red_2_r2_193__100.jpg,ffc18100000181ff,5
5295.5,290.35028636455536,1.3888888888888888,0.7893549177249912,0.977480387632672,19.989302840280335,11.89355050565348,134.29232755440796,43.149593657809426,70.0861305791221,41.15653014564726,9044.99566572145,542.858024691358,0.3930107715692021,0.235392992879865,A,grading/data_processed/potato/A/Potato_White_1_r2_2__100.jpg,ffc101000081c1ff,12
5258.5,292.35028553009033,1.3888888888888888,0.7731516687714308,0.9736159970375856,21.02729298180468,15.306577297525044,137.16580022279985,41.78186981755784,69.66097289268474,41.148601163817965,8825.714013715278,590.4890572390574,0.3887601706273718,0.2399700072422483,A,grading/data_processed/potato/A/Potato_White_1_r2_3__100.jpg,ffc301000081c1ff,2
4258.0,263.4802294969559,0.56,0.7707605092862536,0.9834853909227392,49.57622857142857,76.28600070452403,133.3145142857143,54.32922124201746,56.34742857142857,33.239961865446205,9835.28172844388,386.8263636363637,0.4248925031963336,0.1988463836671933,A,grading/data_processed/potato/A/Potato_Red_2_122__100.jpg,e7c38181818183c7,0
4002.5,274.55129647254944,1.65,0.6672586414536007,0.9445427728613568,15.954898157129,21.772697172317127,92.10766246362756,41.50639520993732,53.287342386032975,31.774104543058694,16438.63765386752,305.14608843537417,0.4638204244898969,0.2942264361091523,A,grading/data_processed/potato/A/Potato_Red_1_r2_136__100.jpg,ff8f0301010183ff,17
5480.5,288.6934322118759,1.356164383561644,0.826335172316805,0.9803237635274126,15.878901373283396,20.404526638369145,94.75869448903156,40.53379012945315,72.05118601747816,41.278079513644514,5740.255023819955,497.0184512161029,0.3561386917767338,0.2094024674658067,A,grading/data_processed/potato/A/Potato_Red_1_r_100__100.jpg,ffc381000001c1ff,2
5552.0,287.4213534593582,1.3333333333333333,0.8445420171413255,0.9836123660200194,45.91085271317829,74.01539381848748,137.1101127554616,52.291416209729285,72.85905567300917,41.84033555609379,5764.815364888888,256.7625589225589,0.5096606713138346,0.2326434722551179,A,grading/data_processed/potato/A/Potato_Red_2_r2_29__100.jpg,ffc38100000183ff,5
5317.5,289.1787130832672,1.3888888888888888,0.7990698073119669,0.977661334804192,20.30644864964174,10.954441453276443,130.1725151570825,41.5000935394413,70.21458754363402,40.980369201412486,6539.737847202931,556.8695286195286,0.3879196496558825,0.2315822358357031,A,grading/data_processed/potato/A/Potato_White_1_r2_184__100.jpg,ff8301000081c1ff,6
5444.5,285.1787134408951,1.36986301369863,0.8412666164309293,0.984182935647144,47.45905172413793,74.9682364057627,138.25628591954023,52.411569064833145,71.42438936781609,40.980511575739335,6264.196395777819,257.47959042479596,0.5057235872509969,0.2262057741985182,A,grading/data_processed/potato/A/Potato_Red_2_r2_28__100.jpg,ffc38180000183ff,0
4875.0,275.6223645210266,1.5384615384615383,0.8064093893024447,0.9864427357345203,40.236989591673336,69.47807166882802,136.60588470776622,48.99861313005569,64.15792634107285,37.46751567702593,9750.228544946744,318.1008547008547,0.4456627899435825,0.2201023364595855,A,grading/data_processed/potato/A/Potato_Red_2_r2_100__100.jpg,ff870301008081ff,20
4836.0,274.4507907629013,1.5384615384615383,0.8068024035370915,0.984728161270617,35.077078288942694,65.51697707408422,135.79721549636804,49.43674919959141,63.73284907183212,37.48160240706683,10754.940442224852,334.3209013209014,0.4490153309105567,0.22676969680096,A,grading/data_processed/potato/A/Potato_Red_2_r2_101__100.jpg,ff870101008081ff,6
4155.0,277.2792190313339,0.63,0.6791195734811678,0.9475484606613456,15.18311506080449,10.867339574881187,98.63938260056128,44.630731881111906,55.42095416276894,33.1939416889885,14525.076980498863,494.4909677419356,0.4080691683851328,0.2988167786815931,A,grading/data_processed/potato/A/Potato_Red_1_71__100.jpg,fde1c1c18181c1c7,0
5109.5,294.0071395635605,1.356164383561644,0.7428010584743359,0.9671588112814689,13.536375787664694,21.31811806428149,105.75424861561964,45.17105739088095,67.42142447966393,38.822719323163135,8133.494214202085,380.7971764048085,0.4364015048616716,0.2610626357749938,A,grading/data_processed/potato/A/Potato_Red_1_r_149__100.jpg,ffe3c180800181ff,25
4844.5,280.551295876503,1.546875,0.7734536016608742,0.9782915993537964,15.00684242302274,15.203455291442074,99.71402696719662,41.00078444713976,63.97303280338096,37.016192511236355,8407.579344582187,404.38472576530614,0.3419649770169529,0.2021445381445123,A,grading/data_processed/potato/A/Potato_Red_1_r_20__100.jpg,ff870301000081ef,6
4712.5,277.37972366809845,1.546875,0.769682841388389,0.9742609055199504,15.07693898655636,14.421053340919126,99.30775594622544,41.94183705790069,62.079214064115824,35.9233720287203,10995.125416092744,368.9896364795918,0.3606455345331498,0.2228005287411401,A,grading/data_processed/potato/A/Potato_Red_1_r_21__100.jpg,ff878301000081ff,5
4740.5,295.17871379852295,1.6129032258064515,0.6836974228619711,0.9490490490490492,20.658246046416103,7.573197561292726,128.75231053604438,46.55165672662929,63.20086260012323,38.237826202813835,10564.657802185226,554.152329749104,0.4000490176159094,0.2032448572422295,A,grading/data_processed/potato/A/Potato_White_1_r_92__100.jpg,ff810000000183ff,5
4716.5,302.00713992118835,1.5873015873015872,0.6498233037854053,0.9406661348224972,21.194925742574256,9.592596274982888,128.81662541254124,45.43690539760055,62.87273102310231,38.22151993884989,11269.340320760895,507.32002565335904,0.4120070944400631,0.219175446009923,A,grading/data_processed/potato/A/Potato_White_1_r_93__100.jpg,ff810000000183ff,5
6327.5,302.14927530288696,1.1764705882352942,0.8709613919035791,0.9862063591022444,51.83289453306489,75.19346241546809,131.45764286820506,52.18708477638639,82.9656187083785,47.95337477803139,3077.199077148789,311.5429590017826,0.5057753851686952,0.2296778820146854,A,grading/data_processed/potato/A/Potato_Red_2_r_166__100.jpg,ffc78100008183ef,0
6502.5,307.3208477497101,0.87,0.8651794190015788,0.9858247422680412,43.34604370761115,69.29481971789617,117.8461190655614,54.96528724060078,85.28319517709119,49.28282475991744,3292.9827781080726,371.14639534883713,0.4462907787439937,0.2219139360750863,A,grading/data_processed/potato/A/Potato_Red_2_r2_60__100.jpg,ef838781818183c7,7
6466.0,307.56348848342896,0.87,0.8589660677276031,0.9846200700472058,41.794634737799335,67.9900973591086,118.34768111548954,55.23671458094166,84.95240982115793,48.935517909873774,3474.6856813185364,355.76848837209303,0.4448631851543312,0.2264299104064281,A,grading/data_processed/potato/A/Potato_Red_2_r2_61__100.jpg,ef838781818183c7,7
4938.0,276.79393804073334,1.5625,0.8099305871621003,0.9836653386454184,43.46086956521739,72.86201596164369,144.2913043478261,48.02737324185145,65.01324110671936,37.78056078580225,8043.795343359375,275.2869318181818,0.468661864440514,0.1998721508591966,A,grading/data_processed/potato/A/Potato_Red_2_r2_1__100.jpg,ffc181000001c1ff,2
4999.5,277.3797240257263,1.5625,0.8165579534426867,0.9865811544153922,49.334830144474815,76.31226152166876,142.22100741897697,49.72063269724645,65.79246388129637,37.908736636490886,7403.423271484375,239.72143308080803,0.4588291597173634,0.1910081867274735,A,grading/data_processed/potato/A/Potato_Red_2_r2_0__100.jpg,ffc181000001c1ff,2
5644.0,289.4213534593582,1.3157894736842106,0.846712027264003,0.9861960510221912,42.262263823886286,70.25819726083674,131.87762177153752,49.17522132399503,73.92113017854048,42.68050005334351,6266.380512309557,306.88862307283364,0.4485597734664454,0.229539609395914,A,grading/data_processed/potato/A/Potato_Red_2_r2_85__100.jpg,ff870301000081ff,20
4495.5,266.06601560115814,1.7543859649122806,0.7980113237340232,0.9861796643632774,46.78890333766797,73.83406457926787,137.86974425661032,52.436653872382585,59.26918075422627,34.5222947302522,9816.114622683905,244.15399610136456,0.4312608330552731,0.1820498676012998,A,grading/data_processed/potato/A/Potato_Red_2_r_110__100.jpg,ff8301000080c1ff,6
5700.0,291.0782070159912,1.2820512820512822,0.8454060228614652,0.987012987012987,43.30695278969957,71.07182025291144,132.11210300429184,48.249828742586836,74.72412017167382,43.27908367160024,6152.272013412229,312.0009065009065,0.4531294142717922,0.2423178241954089,A,grading/data_processed/potato/A/Potato_Red_2_r2_84__100.jpg,ff870301008081ff,20
4931.0,276.45079135894775,1.5151515151515151,0.8107915084447506,0.980610520035796,40.73673792557403,71.0728856840781,145.03958828186856,50.0587463325947,64.84026128266034,37.50723364081906,8395.498544329661,258.93694520967244,0.509412707828185,0.2237437016058557,A,grading/data_processed/potato/A/Potato_Red_2_r2_17__100.jpg,ffc18100000181ff,5
4843.5,271.8650041818619,1.5625,0.8234980115145185,0.9843511838227822,42.78859330914953,72.31395012711579,145.27710600564288,49.284215459298785,63.808746473196294,37.36574112088385,8797.063699609374,302.3716856060606,0.5156724047456117,0.2138713875411837,A,grading/data_processed/potato/A/Potato_Red_2_r2_16__100.jpg,ffc38100000181ff,2
6220.0,301.76449954509735,1.2345679012345678,0.8583490981221295,0.9834769546999764,63.47449622166247,80.04592694251438,124.77676322418137,51.91503220036176,81.51102015113351,47.0996639269574,3670.088548635879,256.39431350542463,0.4866903991585965,0.2052045924782602,A,grading/data_processed/potato/A/Potato_Red_2_r_183__100.jpg,ff838501008181ff,2
3952.5,278.8944425582886,1.6779661016949152,0.638560458129112,0.9295625587958608,16.512877115526123,19.320468264997366,94.06475349521708,42.32731268734379,52.56708363993132,31.19987430488754,13870.180026479837,320.3068142511242,0.4307629929497728,0.289422865391563,A,grading/data_processed/potato/A/Potato_Red_1_r2_38__100.jpg,ffd381800080c1ff,2
5856.5,403.4041085243225,1.043010752688172,0.452238339231607,0.8284178513331919,19.066666666666663,7.550418700568621,118.50182421227196,39.006776381001046,78.0865671641791,45.32897771719124,2991.635070571087,493.87208781362017,0.4755727917778165,0.3135565111763117,A,grading/data_processed/potato/A/Potato_White_1_r2_160__100.jpg,ff9f9d010181c1e3,24
5794.5,420.7178169488907,1.0543478260869563,0.4113808039737802,0.8155524278676988,19.30610878661088,8.62359444157526,118.59414225941424,38.251593441755105,77.39096234309623,44.93465774252549,2825.5604969556152,469.5657835144927,0.4745275608502469,0.3127832614023234,A,grading/data_processed/potato/A/Potato_White_1_r2_161__100.jpg,ff9f1d010181c1e3,24
3780.0,268.3086556196213,0.55,0.6598303646933381,0.949748743718593,13.579379328032829,8.824064506418365,97.87355732239035,44.04947981424515,50.81431136188766,31.36415262069523,20333.175176561985,533.9303703703704,0.39227428607096,0.2654867478912997,A,grading/data_processed/potato/A/Potato_Red_1_95__100.jpg,fbc3c181818181c7,0
6401.0,320.3919167518616,0.9387755102040816,0.7836002934586149,0.9640786203780404,15.646734974766783,18.27025188549908,92.7972166998012,38.43043281418993,84.29346994953357,48.96080469379024,3403.6422411498165,473.7533079165732,0.4514986372776705,0.2602639646561364,A,grading/data_processed/potato/A/Potato_Red_1_r_176__100.jpg,ff878381018383c7,0
3804.0,271.9655091762543,1.7543859649122806,0.6462829701125605,0.9391433156400444,16.873598369011212,26.20430251180577,88.00891946992864,41.506679662804,50.94189602446483,31.805645260098185,18082.26953388735,381.8802055644162,0.4716065068269519,0.3008882760796174,A,grading/data_processed/potato/A/Potato_Red_1_r2_141__100.jpg,ff8f0101010083ff,6
5070.5,307.03657722473145,1.492537313432836,0.6758968447763612,0.9489986898746022,20.219704244286536,11.125423354354837,117.35874783944688,42.914942737539505,67.47801037065489,40.29999666937025,11476.269002985076,556.0091964420322,0.373359612016147,0.2109305579406948,A,grading/data_processed/potato/A/Potato_White_1_r_178__100.jpg,ff8701008080c0ff,11
4845.0,282.5929266214371,1.375,0.7623968111605692,0.9568480300187616,14.174552043487015,18.108078006893585,101.08616871350917,43.89860821781205,63.94564123213207,37.26176002882139,10392.00819909958,368.1309523809524,0.4599018898413388,0.2929236809432158,A,grading/data_processed/potato/A/Potato_Red_1_r2_71__100.jpg,ffe78100000181ef,5
5010.0,305.62236404418945,1.492537313432836,0.6740270537859382,0.9447482557043184,20.60940536338904,11.05790596161013,118.6566265060241,43.94411411087407,66.48367664205207,39.4072756140906,10697.564492648698,568.557364691693,0.3823583374660895,0.2180152139148838,A,grading/data_processed/potato/A/Potato_White_1_r_179__100.jpg,ff83010080c0c0ff,11
5657.5,290.3502856492996,1.3333333333333333,0.8433151674122048,0.9851980844579888,51.009854771784234,76.15919125921091,131.64903181189487,50.15077118426573,74.29875518672199,43.15763618854344,5801.19938488889,397.58195286195286,0.4356555551783961,0.2174074256581605,A,grading/data_processed/potato/A/Potato_Red_2_r2_177__100.jpg,ffc181000001c1ff,2
5736.0,310.3919162750244,1.152941176470588,0.7481664037564025,0.954647582591329,14.910717328335322,19.89789585127637,96.16237859942068,39.391673116547075,75.35167830976316,43.25213288153493,6067.719464871182,417.2054578532444,0.4797706649330703,0.2818508500032945,A,grading/data_processed/potato/A/Potato_Red_1_r2_89__100.jpg,ffc78100000183cf,0
4957.0,308.4507905244827,1.5384615384615383,0.6547221105307588,0.9502540017252948,20.193953670985472,11.191399519205897,119.37377306635256,42.85372976425517,65.76442873969376,38.79824925137804,10352.498393633135,507.4487956487957,0.3693610774521192,0.2031989697065939,A,grading/data_processed/potato/A/Potato_White_1_r_180__100.jpg,ff8301008080c0ff,5
5714.5,307.46298348903656,1.1647058823529413,0.7596305579135293,0.9535291173035207,14.39195893926433,18.243092940787665,96.3748502994012,39.6427755055712,75.1798118049615,43.53589910833057,6315.789068568316,420.65174069627847,0.4851722382350464,0.2913147429246784,A,grading/data_processed/potato/A/Potato_Red_1_r2_88__100.jpg,ffc78100000183cf,0
4918.5,303.8650047779083,1.5384615384615383,0.6693930001383702,0.9474140421843398,20.31130021769246,11.066512876900983,120.99643775974668,43.53373649613356,65.31466455570948,38.60780200284693,11173.71644523077,524.5249417249418,0.3797968982725993,0.2100130331245279,A,grading/data_processed/potato/A/Potato_White_1_r_181__100.jpg,ff8301008080c0ff,5
5405.0,286.93607223033905,0.73,0.8249645071824345,0.9824593292738344,20.63254972875226,11.000421996252165,136.4987341772152,46.11400780999248,71.17703435804701,41.268410179307466,8528.83530153875,566.4434722222222,0.3689629654732382,0.2235106529002063,A,grading/data_processed/potato/A/Potato_White_1_27__100.jpg,cf878381818181e3,7
5438.0,294.24978041648865,1.3157894736842106,0.7892539651402263,0.971852381377893,19.812938005390837,12.550278172363488,139.6154537286613,43.917481780336715,71.80233602875113,41.94154698881771,8165.388195273546,496.410154173312,0.4000519636537361,0.2570174428280848,A,grading/data_processed/potato/A/Potato_White_1_r2_14__100.jpg,ffe381000080c1f7,2
6374.5,313.4629842042923,0.9183673469387756,0.8152362110463094,0.976336345535304,19.00937307928703,12.920270068700036,78.9422249539029,36.50492779918403,83.92701290719116,48.59128353054808,3782.9064280186753,559.1343728502638,0.4122292654785445,0.2459890492931417,A,grading/data_processed/potato/A/Potato_Red_1_r_74__100.jpg,ffc381818181c1e3,0
4579.0,267.96550989151,1.6666666666666667,0.8013508635193844,0.98420204191295,35.49840323610815,66.24591806454097,138.88162657015116,52.807035180218094,60.19182456887375,34.89768544239594,8897.677708638888,193.96161616161615,0.4781135499228453,0.2091498640027109,A,grading/data_processed/potato/A/Potato_Red_2_r_132__100.jpg,ffc38100008181ff,0
6071.5,297.32084822654724,1.2195121951219512,0.8630881166603871,0.986193454072931,46.43539280529117,73.93806334776276,134.26568801419583,53.18851808895905,79.69753185997742,45.78456229888383,4181.2963835663295,277.87521557033756,0.497241201067767,0.2327776866432018,A,grading/data_processed/potato/A/Potato_Red_2_r2_35__100.jpg,ffc38380000183ff,2
4960.5,290.8355666399002,1.492537313432836,0.7369538402701026,0.9543093497499038,20.63527329925285,11.098586136498628,129.9095556429414,45.0633983335262,65.6158081006685,38.7452819271456,11597.53456039207,495.43871551334234,0.4232700575597284,0.2280611815544881,A,grading/data_processed/potato/A/Potato_White_1_r_112__100.jpg,ffc18000010183ff,0
5007.5,288.3502860069275,1.492537313432836,0.756815553825232,0.960303001246524,20.80109097993376,10.369558561833443,130.98051821546855,44.239351404675105,66.18936294564583,38.82389904677272,10617.905230808645,442.05050505050514,0.4147952672972669,0.2210043561338523,A,grading/data_processed/potato/A/Potato_White_1_r_113__100.jpg,ffc18000010183ff,0
4853.5,288.208150267601,0.65,0.7342642467108947,0.966736380838562,20.629592451315,11.05367894066958,123.18610720738808,44.20449113452507,64.32864886568962,38.21914798629075,10378.911375147927,502.32578125,0.3645504613398051,0.2098703038392848,A,grading/data_processed/potato/A/Potato_White_1_149__100.jpg,e7c1c181818181c3,22
6557.0,350.190905213356,0.95,0.6719010533982537,0.9486400462962964,19.246608021470102,7.886798899978178,119.7608468763978,40.293163793811864,86.35440584463993,49.670848270692254,3317.377516443213,484.731914893617,0.4695677304779114,0.2784669215401222,A,grading/data_processed/potato/A/Potato_White_1_r2_142__100.jpg,ffcf8181818183c7,0
5480.0,295.9066344499588,1.240506329113924,0.7864679292063316,0.970083200566472,13.838594613875513,22.29951172816807,99.39022650258606,43.181522332465754,72.00445871232388,41.21325887464301,5571.184854144987,386.1466788464048,0.4291417171911044,0.261930966680946,A,grading/data_processed/potato/A/Potato_Red_1_r_155__100.jpg,ffc38180810183e7,0
3575.5,260.0660147666931,1.9038461538461535,0.6643232331666581,0.9458994708994708,16.402871850447035,22.03418398843965,97.08398807911136,45.13026380197587,48.26334326740721,30.635179647077123,20221.80654295631,468.6899529042388,0.446115185241396,0.2703463885914824,A,grading/data_processed/potato/A/Potato_Red_1_r2_163__100.jpg,ffc30101010387ff,0
4564.0,272.4507911205292,0.62,0.7726438518545641,0.982139014417904,44.74012385223148,73.34330207717058,135.45227418321588,51.37459222102443,60.287849669015586,34.8617659400668,9027.430228511968,396.92475409836067,0.3963211279121127,0.2258127248938795,A,grading/data_processed/potato/A/Potato_Red_2_84__100.jpg,e3c1c181818183c7,13
3513.0,267.1370828151703,1.8867924528301887,0.6186138735643485,0.9296110082032284,15.522996419719084,19.364495969643716,96.25419994491877,43.81444303184524,47.193335169374826,29.39331604313932,22342.33415720897,368.6548503906995,0.4725475484449656,0.3030408209875134,A,grading/data_processed/potato/A/Potato_Red_1_r2_162__100.jpg,ffc30101010187ff,4
5663.0,290.2497806549072,1.2692307692307692,0.8447197050520168,0.9845271210013908,14.895991706979958,12.095774983917948,93.67225293711128,37.923661326777086,74.39374568071872,42.85423061756409,6298.312392481521,432.4237310308738,0.3861701950896862,0.2380150424743176,A,grading/data_processed/potato/A/Potato_Red_1_r_4__100.jpg,ff870301000081ef,6
5564.5,287.1787129640579,1.32,0.8478743968696807,0.9853904728174252,16.14097380910529,18.77609949610839,94.175250483389,37.92438720517504,73.14114958692213,42.07968914464208,5887.234536158442,426.395918367347,0.3685567596896791,0.2211810376450992,A,grading/data_processed/potato/A/Potato_Red_1_r_5__100.jpg,ff870301000081e7,6
4260.5,263.23758816719055,1.818181818181818,0.7726354446937294,0.9816820276497696,54.33988122430333,77.80722311652133,133.76153494746458,51.33499435233458,56.25445408862494,33.09610070256476,12521.804180991736,232.71460055096424,0.4784385220402195,0.1971615847675515,A,grading/data_processed/potato/A/Potato_Red_2_r_20__100.jpg,ff830100000183ff,5
4285.0,263.8233754634857,1.818181818181818,0.7736315008799762,0.9846047794117648,53.11537588008176,77.56598941445671,132.44605950488304,51.647814019246766,56.50624574153986,33.02890556506262,11666.75238277686,194.9706152433425,0.4765482536672748,0.1937958605681878,A,grading/data_processed/potato/A/Potato_Red_2_r_21__100.jpg,ff830100008183ff,5
4893.0,275.2792183160782,1.5151515151515151,0.8114060227924873,0.9841110217216412,37.52822661081189,67.54143212907537,135.2491522042689,48.94653997947007,64.26152004787552,37.156910203972664,9258.94794469697,312.8235384144475,0.4462900509547716,0.2296603478800037,A,grading/data_processed/potato/A/Potato_Red_2_r2_98__100.jpg,ff878301008081ff,17
4346.0,268.4507910013199,0.59,0.7578272368483059,0.979049335435909,11.58391216670401,10.909300824313618,112.42639480170288,44.75641137431088,58.04817387407574,35.145052144747496,12806.93884010342,465.02431034482765,0.3825835411626889,0.225545744534289,A,grading/data_processed/potato/A/Potato_Red_1_131__100.jpg,efc38181818181c3,0
4878.0,276.4507910013199,1.5151515151515151,0.8020768583302157,0.9838644614764018,37.435687137427486,67.14288233321939,136.91618323664733,48.57354685470293,64.26765353070614,37.732117863417926,9475.522324977042,345.37190082644616,0.4625035430027939,0.2317604761286574,A,grading/data_processed/potato/A/Potato_Red_2_r2_99__100.jpg,ff878301008081ff,17
6158.0,315.7056248188019,1.1363636363636365,0.7763988962564684,0.9660365518864223,19.35553083280356,6.604960636570925,129.592180546726,43.02182272585933,80.92291799109981,46.545757782874176,5305.31451413998,501.58482552800734,0.4610220870910377,0.2698115986172553,A,grading/data_processed/potato/A/Potato_White_1_r2_135__100.jpg,ffc78100018187ef,0
4377.0,269.96550941467285,1.6779661016949152,0.7546921722858775,0.9713715046604527,14.314056939501778,24.495136017655646,109.26156583629891,45.075737960773395,57.93149466192171,33.795026970605015,10856.68993088869,348.33759944655833,0.3649089968498677,0.2199649689217674,A,grading/data_processed/potato/A/Potato_Red_1_r_122__100.jpg,ffc18180000081ff,2
5506.0,291.76449978351593,0.74,0.8127952827492874,0.9815491576789376,20.6156577312267,11.196174461009113,133.75306231137938,46.18500588147432,72.6415764246405,42.21017833979014,8028.071516727539,640.886301369863,0.3585610777311024,0.2207403653072127,A,grading/data_processed/potato/A/Potato_White_1_18__100.jpg,cf878381818181e3,7
4321.0,266.79393672943115,0.59,0.7628553907451452,0.979596463386987,46.53808021631365,74.67666077707001,133.1302388463272,50.11509673414787,57.03132041460117,33.13679924611352,10821.77054007469,390.6196551724138,0.4296360996663581,0.2279785672175844,A,grading/data_processed/potato/A/Potato_Red_2_101__100.jpg,e3c1c181818183c7,13
4345.5,271.37972354888916,1.6779661016949152,0.7414721217473368,0.9717128801431127,13.751399776035834,22.852641797445923,107.28533034714444,44.210715257637375,57.587458006718926,33.722230407573086,11111.799049754289,382.2692839847804,0.3766908028669842,0.2248164055263087,A,grading/data_processed/potato/A/Potato_Red_1_r_123__100.jpg,ffc18180000181ff,2
4222.0,288.9360729455948,1.5873015873015872,0.6355131792646356,0.925775682490955,16.156623735050598,16.94486390880324,85.08325666973322,39.99315103820269,56.1982520699172,33.75872610868298,13512.11703451751,450.634279300946,0.440301928812892,0.2947529058578232,A,grading/data_processed/potato/A/Potato_Red_1_r2_25__100.jpg,ffc3818000c0e1ff,6
5489.5,290.3502856492996,1.3066666666666666,0.8182728433953688,0.976518722760829,17.95548433048433,17.344439197094815,87.03116096866097,38.40933460546402,72.12695868945869,41.43216162377732,5958.613018446017,361.5120274914089,0.4114859047243863,0.2248311351567226,A,grading/data_processed/potato/A/Potato_Red_1_r2_186__100.jpg,ffe18101010183ef,0
5055.5,277.52185916900635,1.492537313432836,0.824858750989141,0.984997564539698,31.8201313755796,62.8222012409768,143.85123647604328,47.22764890930416,66.42890262751159,38.32260521359204,7287.8826307863665,255.9250716116388,0.4552902154127997,0.2162419900955297,A,grading/data_processed/potato/A/Potato_Red_2_r2_122__100.jpg,ff838101008081ff,0
5081.5,284.20815002918243,0.67,0.7905488996247463,0.975148723853387,21.094104090647207,11.15251987822747,130.79681198386788,46.407830944928314,67.0873823698867,39.2164695598197,8609.02626890176,543.6033333333334,0.359216759327927,0.2032161914747501,A,grading/data_processed/potato/A/Potato_White_1_50__100.jpg,ef838381818181c3,0
3810.0,270.3086556196213,0.57,0.655261926830761,0.9419035846724352,14.855470737913484,8.907467596173356,100.5379134860051,45.43175081828683,51.17837150127227,31.590525690126295,17566.326417359185,496.49107142857144,0.4153180054122223,0.2878595799258764,A,grading/data_processed/potato/A/Potato_Red_1_88__100.jpg,fbe1c1c1818181c3,22
3826.5,269.7228692770004,0.57,0.6609613119842175,0.9433008751386665,14.331728332488597,7.394309664278741,96.9908768373036,44.55610787538634,51.55017739483021,32.46378373125933,17005.19282105263,640.1692857142858,0.4135135206035693,0.2854128990763797,A,grading/data_processed/potato/A/Potato_Red_1_89__100.jpg,fbe1c1c1818181c3,22
5152.5,279.5218584537506,1.4492753623188406,0.8286980448242558,0.983489215499141,37.966439135381115,67.3611481592218,133.04588547591962,51.814996620705394,67.65927189988624,38.989868465132645,7136.169640327662,238.11725955204216,0.5099926208939721,0.2253858626042433,A,grading/data_processed/potato/A/Potato_Red_2_r_144__100.jpg,ffc38100000181ff,2
5236.0,291.76449942588806,1.4285714285714286,0.7729379060857756,0.9656062701705856,19.881036733171733,7.299844588443801,124.73186649263472,44.8229126332326,68.99571135558456,40.00587524761861,8984.289590530612,451.8744588744587,0.3727964605410748,0.2205805536467859,A,grading/data_processed/potato/A/Potato_White_1_r_22__100.jpg,ff8301000181c1ff,11
6746.5,310.6345566511154,1.076086956521739,0.8785952562472543,0.9879191682530384,48.92673353685129,74.68891054624146,130.41444977467654,51.86787732046792,88.69079808111644,51.17478625264455,2856.4635752779946,327.04037267080736,0.4826378249307421,0.2316533234280295,A,grading/data_processed/potato/A/Potato_Red_2_r2_42__100.jpg,ffc38780010183ef,14
5539.0,297.27921855449677,1.351351351351351,0.7876116433961509,0.9781898454746136,20.380776014109347,11.615829561403114,115.54691358024692,40.97643969897173,73.00564373897707,42.42882580455782,7873.429305898467,459.65015015015,0.395953426836509,0.2244428373319675,A,grading/data_processed/potato/A/Potato_White_1_r_165__100.jpg,ff8701008080c1ff,6
5077.5,294.00713884830475,1.4705882352941178,0.7381490151197336,0.9561246586950382,20.45033621517771,10.456960065710955,126.40730067243037,43.92846451597104,67.21844380403458,39.62690706543331,10759.909346691176,495.59685086155673,0.3637734382150243,0.2213933812760465,A,grading/data_processed/potato/A/Potato_White_1_r_16__100.jpg,ff8101000081c1ff,11
6297.0,313.22034215927124,1.1494252873563218,0.8065729221987831,0.9756740006197708,20.58886642823822,10.507692148295726,116.7062665215363,41.03048337045659,82.78914632250039,47.92587133884818,4374.234223424494,445.8417508417508,0.421096485366452,0.2470355513704366,A,grading/data_processed/potato/A/Potato_White_1_r_151__100.jpg,ff8f0301018081e7,6
3850.5,264.2081506252289,1.7678571428571428,0.6931617180101894,0.9551035594691802,17.401412002017146,24.01625223006723,95.43242561775088,42.36354615563802,51.15052950075643,30.49179652864268,16768.291754772006,320.1758381924198,0.43714978669634,0.2729935142205619,A,grading/data_processed/potato/A/Potato_Red_1_r2_169__100.jpg,ffc10101008183ff,5
4782.0,298.5929263830185,1.5625,0.6740007898980168,0.9495631453534552,20.587540716612377,4.435025804522316,130.23534201954396,45.57875192634335,63.60545602605863,38.12304187788945,10669.229692358398,554.464172979798,0.4143000697318183,0.2179764579991095,A,grading/data_processed/potato/A/Potato_White_1_r_85__100.jpg,ff830100000183ff,5
4834.5,296.35028541088104,1.5384615384615383,0.6917524865461221,0.949244060475162,21.185132957292502,10.961904427283375,130.4512489927478,44.75990925687154,64.29311039484287,38.46371010759145,10666.62836923077,497.9737373737373,0.4107342080343426,0.2232704668442579,A,grading/data_processed/potato/A/Potato_White_1_r_84__100.jpg,ff830100000183ff,5
6297.0,316.7350616455078,0.87,0.7887716176359588,0.9615942582270748,19.645321728318308,5.975270561374816,111.9177805408766,41.82474408265319,82.69754429592788,47.418938277518336,4635.186702008191,471.15418604651165,0.4436828951931661,0.2425098198209152,A,grading/data_processed/potato/A/Potato_White_1_r2_148__100.jpg,ffc383818181c1c3,0
4583.5,278.55129623413086,1.6666666666666667,0.7423295213425014,0.9704636883336862,15.02931803696622,12.10212504722973,103.2392181856809,42.77128426483916,60.772678988740175,35.86268090317829,10710.106108638887,402.0791245791246,0.3430651528047028,0.2048688053993893,A,grading/data_processed/potato/A/Potato_Red_1_r_37__100.jpg,ff878101000081ff,5
4568.5,279.0365777015686,1.639344262295082,0.7373288372459472,0.9685181259274964,14.616073331912173,9.474506043979076,103.401620123641,43.274136557976846,60.49030057557024,35.45905162402835,12094.97965536146,398.066898493128,0.3656948350268489,0.2186829238674668,A,grading/data_processed/potato/A/Potato_Red_1_r_36__100.jpg,ff878101000081ff,5
5495.0,294.5929263830185,1.36986301369863,0.7956699046209001,0.9702480798093052,20.019384670104927,9.326443668279548,130.089631869109,44.42747183353039,72.38057976169304,41.898269366033226,7297.217403246388,394.9327521793275,0.4286833217588532,0.2198897637573267,A,grading/data_processed/potato/A/Potato_White_1_r_119__100.jpg,ffc18000010183ff,0
4944.0,276.4507908821106,1.5384615384615383,0.8129290674465995,0.9835869889585198,28.811846001974335,59.82716417643346,144.8177690029615,46.741748749568295,64.95261599210266,37.437533699274574,8256.931466863905,254.75415695415697,0.4586516140960588,0.2114340900800157,A,grading/data_processed/potato/A/Potato_Red_2_r2_117__100.jpg,ff830101008081ff,5
5277.0,290.59292709827423,1.408450704225352,0.7852842354303216,0.977674849467346,20.422543031649084,11.123574669562997,136.51656487136776,41.369493507282066,69.84712196927633,41.26766437130556,9086.461096032532,589.7511737089201,0.3830334823694094,0.2275881802217299,A,grading/data_processed/potato/A/Potato_White_1_r2_192__100.jpg,ffc101000081c1ff,12
5271.5,290.35028636455536,1.408450704225352,0.7857774428830688,0.9762941013056764,19.83660615042608,7.2942176216672525,134.786772878844,42.27266766995787,69.64134864764728,40.76001673960851,8559.79576956953,509.3644899701238,0.3897468072718155,0.2284783711099491,A,grading/data_processed/potato/A/Potato_White_1_r2_193__100.jpg,ffc101000081c1ff,12
5298.5,284.55129647254944,1.4705882352941178,0.8223215380219779,0.984759780689527,48.23539170506913,75.39084324454173,137.52184331797235,50.63817554383902,69.61824884792627,40.13352918290896,7387.502622815743,270.94310754604874,0.4391748393712616,0.1960753366759149,A,grading/data_processed/potato/A/Potato_Red_2_r2_185__100.jpg,ffc381000001c1ff,2
5334.0,286.4507918357849,1.4492753623188406,0.8168885733069958,0.9811459578773108,51.86135531135531,77.35375904067911,137.4142857142857,49.53439787132914,70.37454212454213,41.25741372240177,7514.052493173704,384.9373444590837,0.4315348958938709,0.1994181503688229,A,grading/data_processed/potato/A/Potato_Red_2_r2_184__100.jpg,ffc381000001c1ff,2
5339.0,290.59292578697205,1.3888888888888888,0.7945106255071144,0.9780179520058618,20.701189387008235,12.471413183808682,134.99945105215005,44.81073546046136,70.40622140896615,41.475817066903936,8824.56799211034,462.033810325477,0.380252896820783,0.2301358492301019,A,grading/data_processed/potato/A/Potato_White_1_r2_100__100.jpg,ff870100000183ff,5
3857.0,269.480228304863,0.53,0.6674299477426324,0.964853033145716,13.2735730450088,10.67121682969466,100.9537339703294,43.624951645792144,51.97108373145587,33.04970568965435,16607.30984336063,600.3955769230769,0.3678901989154733,0.2281314794005665,A,grading/data_processed/potato/A/Potato_Red_1_104__100.jpg,ffc3c181818181c3,0
4755.0,306.10764467716217,1.6129032258064515,0.6376935640092787,0.9409320273078065,19.632310838445807,10.207849088009874,126.3642126789366,45.18366594404337,63.31717791411043,37.70260078213791,12590.36375431842,540.2922776148583,0.3585778064318231,0.1988549677802376,A,grading/data_processed/potato/A/Potato_White_1_r_0__100.jpg,ff83010080c0c1ff,11
4785.0,273.6223648786545,1.5625,0.8031351282608549,0.9826470890235136,34.03955147808359,64.4982742849111,134.58980632008155,53.058724780131904,62.9158002038736,36.49238599451562,8681.236734350587,228.33065025252532,0.5005833911146319,0.224177283954258,A,grading/data_processed/potato/A/Potato_Red_2_r_139__100.jpg,ffc38100008181ff,0
5338.5,290.00714015960693,1.3888888888888888,0.7976488250527531,0.9814321169225112,20.84278916544656,12.792106396962728,134.777635431918,44.515705412546474,70.51994875549049,41.76172086635299,8964.947127700618,532.8267396184062,0.3760542664328779,0.2299841250778619,A,grading/data_processed/potato/A/Potato_White_1_r2_101__100.jpg,ff870100000183ff,5
4746.0,272.4507921934128,1.5625,0.8034547966742918,0.981795614398014,34.487564234326825,65.02759869084534,135.07564234326824,53.76307539734318,62.48530318602261,36.17411133346957,9139.15805661621,244.50236742424244,0.5094231563647356,0.2290736029974774,A,grading/data_processed/potato/A/Potato_Red_2_r_138__100.jpg,ffc38100008181ff,0
4740.5,301.52185904979706,1.6129032258064515,0.6552339787035963,0.9448873828981464,20.63903139749641,13.454699791760255,128.84403857993024,44.80824335026325,63.20377590806485,37.773023213463496,12284.1053712539,512.1715542521995,0.3622988034823168,0.2010865786144179,A,grading/data_processed/potato/A/Potato_White_1_r_1__100.jpg,ff83010080c0c1ff,11
5397.0,303.2203425168991,1.25,0.7376419616531256,0.9554749048419936,13.821570756424176,15.716901861364663,97.53963083604778,39.91857170723483,70.99981903727831,41.31200852615692,8050.066661234375,417.2357323232323,0.4901289956965033,0.2946563535018623,A,grading/data_processed/potato/A/Potato_Red_1_r2_83__100.jpg,ffc78100000183ff,5
4605.5,272.8944435119629,1.6229508196721312,0.7771364242602946,0.9770870902726212,12.71757986037656,15.88130269044945,104.3145758409139,43.42884491562527,60.792680346943094,35.09814227302564,8918.774116281922,360.8372365339579,0.360068506180965,0.2071741689542925,A,grading/data_processed/potato/A/Potato_Red_1_r_116__100.jpg,ffc181800001c1ff,2
5976.0,305.4213545322418,1.195121951219512,0.8050477768401648,0.9730521859480584,14.290718611884106,16.148444240564437,90.17826158127352,36.92269572596623,78.60680962514323,45.45065005649696,5433.260639017775,441.77747045511694,0.4402666699671296,0.2257541126036569,A,grading/data_processed/potato/A/Potato_Red_1_r2_121__100.jpg,ff8f0301010181f7,6
4571.5,278.55129611492157,1.6666666666666667,0.740386038992445,0.977756389690942,13.3258785942492,19.614014494492498,104.36230031948882,44.09665713921373,60.49542066027689,35.36748099206392,10155.903171555556,435.84781144781147,0.3642875427562259,0.2058332629378495,A,grading/data_processed/potato/A/Potato_Red_1_r_117__100.jpg,ffc181800001c1ff,2
4296.5,265.237587928772,1.818181818181818,0.7674578639974521,0.9827310155535224,61.79343148357871,81.29099834619207,132.1691959229898,51.43763469374204,56.70532276330691,33.32562712893519,10928.877723107438,226.88705234159784,0.4727280284782195,0.191336367505544,A,grading/data_processed/potato/A/Potato_Red_2_r_14__100.jpg,ff830100000183ff,5
4639.5,278.3502861261368,1.434782608695652,0.7524847432100686,0.9546296296296296,14.525840336134454,18.162714726235393,102.17037815126052,43.574395050977984,61.220378151260505,35.920172416229,12072.139110753053,345.52602780242535,0.4563885549152274,0.2926284228702692,A,grading/data_processed/potato/A/Potato_Red_1_r2_66__100.jpg,ffe78100000181ff,2
4300.0,266.65180146694183,1.7857142857142858,0.7599574476198114,0.9816231023855724,56.92283322018556,79.09163620117252,130.66485630233083,52.01662713131336,56.69653767820774,33.24112180046254,9788.012420280613,207.55447330447333,0.4876370122514884,0.2057659072676206,A,grading/data_processed/potato/A/Potato_Red_2_r_15__100.jpg,ff830100008183ff,5
5246.5,286.69343173503876,0.69,0.8021286986080544,0.9814797493218596,19.773454951600893,6.125871534877288,132.26880119136263,46.181385582973846,69.1813104988831,40.22154628399365,8638.886357718966,437.29882352941183,0.3430478680140134,0.2024902011811793,A,grading/data_processed/potato/A/Potato_White_1_134__100.jpg,f3e1c181818181c7,22
5229.0,284.9360717535019,0.69,0.8093449114854853,0.9834493135226632,20.26340369886045,9.57453384033813,132.3665234447973,45.83454695085811,68.976835419391,40.328492202365695,8224.542740495694,476.0157352941176,0.3467306695579326,0.2052603260997804,A,grading/data_processed/potato/A/Potato_White_1_135__100.jpg,f3e1c181818181c7,22
4618.0,271.13708233833313,1.6666666666666667,0.7893797039112916,0.9847531719799552,58.57555930772478,80.28391138150425,129.58674546222034,51.60792550990442,60.80054875474884,35.5770927866051,9653.882844333331,199.33367003367005,0.4936779453561095,0.2021247625033752,A,grading/data_processed/potato/A/Potato_Red_2_r_1__100.jpg,ff870100000183ff,5
4673.0,271.137082695961,1.639344262295082,0.7987811491222476,0.9851375566564772,57.62549551429168,79.42365777161119,130.37054037137491,51.64807714113323,61.49238472772794,35.960273105468154,8672.884082880946,197.5842026825634,0.4904302717589843,0.2058687412058099,A,grading/data_processed/potato/A/Potato_Red_2_r_0__100.jpg,ff870100000183ff,5
3919.0,268.7939372062683,0.5959595959595959,0.6816260661904727,0.947992259313014,15.163983155808769,8.130064864850489,98.02675253901413,44.00344839417235,52.70076789695318,32.8846496140322,17846.666889017328,620.0212469522814,0.4105904218019633,0.2859900973239865,A,grading/data_processed/potato/A/Potato_Red_1_82__100.jpg,fde1c1c1818181c7,0
3907.0,270.7939363718033,0.59,0.6695382679556984,0.9462339549527732,15.336810730253353,12.343720381186758,98.65424739195232,45.39003217072457,52.39592647789369,32.367176300040605,19256.218082476295,523.495,0.4200449677590885,0.2943122133952762,A,grading/data_processed/potato/A/Potato_Red_1_83__100.jpg,fde1c1c1818181c7,0
5690.0,291.42135286331177,1.3157894736842106,0.8419366023553531,0.9848550411077456,20.330467675378262,10.114227598725998,126.40302613480056,39.54262518850373,75.2369325997249,44.30819580027195,7790.035661772852,582.5120946305155,0.3855190014331597,0.2225097518807681,A,grading/data_processed/potato/A/Potato_White_1_r2_177__100.jpg,ff8301000080c1ff,6
3471.5,263.72286880016327,1.8867924528301887,0.6272366849515952,0.9315711793908492,17.52870680044593,28.02622618712616,92.6304347826087,43.31264821191034,46.65914158305463,29.162970605865112,22180.65335261659,371.72288927005906,0.4819805384202422,0.3117837037960633,A,grading/data_processed/potato/A/Potato_Red_1_r2_157__100.jpg,ff830101010187ff,4
6317.0,311.56348943710327,1.101123595505618,0.8177633119969488,0.9768053193134376,12.585645636335451,14.56609240741577,98.9221826073477,40.376930705531734,82.9524104789955,47.620291905990626,3961.5053294794006,415.7647399513494,0.4079238753202273,0.2456263497915692,A,grading/data_processed/potato/A/Potato_Red_1_r_160__100.jpg,ffc78381010183ef,0
3449.0,261.48022842407227,1.849056603773585,0.6339067072977842,0.926030339642905,16.863113604488078,23.73548245712244,97.30210378681628,45.74930661641373,46.262272089761574,28.79243207211281,24793.00108404606,319.11787589963046,0.4671969698321675,0.301691619350972,A,grading/data_processed/potato/A/Potato_Red_1_r2_156__100.jpg,ff870101010187ff,4
5508.0,285.76449966430664,1.3888888888888888,0.8475927714150745,0.9866547245857592,28.898792613636363,59.43748851655634,137.44886363636363,49.17160218842609,72.32013494318181,41.50127025347814,5930.886649517748,272.4591750841752,0.4382689465499034,0.2067802723388207,A,grading/data_processed/potato/A/Potato_Red_2_r2_129__100.jpg,ff838100008081ff,5
5413.0,282.9360741376877,1.408450704225352,0.8497110082435342,0.9862439646533662,27.48789739884393,57.887524845321906,139.04010115606937,49.0735651204534,70.97579479768787,40.55812026352419,6259.225430985915,251.04965144401763,0.446705557384322,0.2076068403931332,A,grading/data_processed/potato/A/Potato_Red_2_r2_128__100.jpg,ff838100008081ff,5
6122.0,308.73506116867065,1.1904761904761905,0.807107316669769,0.9712835157861336,19.981454836131096,9.115668898450895,126.86458832933651,43.1861146274248,80.54212629896084,46.390771722342,5068.112810884354,397.9707792207792,0.4275272259230275,0.2421916084677801,A,grading/data_processed/potato/A/Potato_White_1_r_127__100.jpg,ffc78500010183ff,0
5491.0,296.3919152021408,1.2375,0.7854681900359256,0.9697986577181208,20.16289834431191,12.955738375251094,141.22859177496883,46.06802041078428,72.28752002848496,41.856662279358055,8177.062159218447,445.42831632653065,0.4097906189188178,0.2774482454336498,A,grading/data_processed/potato/A/Potato_White_1_r2_21__100.jpg,ffc381000080c1f7,6
4281.5,273.37972342967987,1.6666666666666667,0.719901722603436,0.9601928683561336,15.218082689686506,26.73878148676723,108.79532030895048,47.25186169187514,56.59972739663789,32.93402985524745,12404.985583083337,363.8690235690236,0.4116258857097931,0.2544316925520092,A,grading/data_processed/potato/A/Potato_Red_1_r_129__100.jpg,ffe1c1808000c1ff,10
5514.0,297.56348860263824,1.2658227848101269,0.7825594539090603,0.9710310821519768,20.13614607339124,13.191372553356706,140.59120723276015,45.05546095575548,72.74649884772204,42.22589636634358,7610.942833183784,491.39598516813726,0.4048208937911514,0.2727650049640876,A,grading/data_processed/potato/A/Potato_White_1_r2_20__100.jpg,ffc381000080c1f7,6
5221.0,282.10764586925507,1.4285714285714286,0.8243921420739124,0.9856522559939588,31.161489520958085,61.98333396243426,135.87200598802394,48.61071082954096,68.71762724550898,39.86138242761644,8093.749651244898,331.9359307359307,0.4436454761397621,0.2258058666381429,A,grading/data_processed/potato/A/Potato_Red_2_r2_92__100.jpg,ff870301000081ff,20
4552.5,270.551295876503,1.7241379310344829,0.7815568639819951,0.982200647249191,43.04944349315068,71.245105543487,135.56592465753425,53.7013273078464,59.898330479452056,34.805565321506904,9435.2767353151,239.03517938000704,0.4143475078282899,0.1859242301136113,A,grading/data_processed/potato/A/Potato_Red_2_r_107__100.jpg,ff8301000080c1ff,6
4551.0,268.3086562156677,1.7241379310344829,0.7944148085654968,0.984638684552142,46.186295503211994,73.22483332010037,135.4845824411135,53.39928860519449,59.95503211991435,34.91203555056292,9467.249708650415,252.7021943573668,0.411669473515157,0.1857156311319734,A,grading/data_processed/potato/A/Potato_Red_2_r_106__100.jpg,ff8301000080c1ff,6
4569.5,283.5218594074249,1.5873015873015872,0.71434078849809,0.9656593406593408,17.050287662476027,20.207311085087657,102.39569571702536,43.344270704550205,60.77221393564883,36.21000698919448,11654.766253741496,434.5039281705949,0.3831762069089452,0.2414701196063192,A,grading/data_processed/potato/A/Potato_Red_1_r_41__100.jpg,ff838101000083ff,0
5789.0,291.42135286331177,1.2987012987012987,0.8565854114297257,0.9867053008351798,48.29636517328825,75.01859501447622,135.93660185967877,52.4557040126746,75.8799661876585,43.61670206741988,4887.153370534661,265.87472123835755,0.4970159135760587,0.2203746842645924,A,grading/data_processed/potato/A/Potato_Red_2_r2_32__100.jpg,ffc38180000183ef,0
5099.5,293.17871379852295,1.4492753623188406,0.7455428159465501,0.957922419460881,21.507939544671896,14.949391192192367,133.05108092596134,45.196349815180774,67.3240864740769,39.44355887366191,9635.030138605334,458.6003513394818,0.4203913317633789,0.2296322446143893,A,grading/data_processed/potato/A/Potato_White_1_r_115__100.jpg,ffc18000010183ff,0
5088.5,290.35028624534607,1.4492753623188406,0.7584991978362459,0.9552280833489768,21.425695110258868,14.732025997838948,130.67478427612656,44.454685545482256,67.05848513902205,39.13603181223355,9738.735151522787,417.6299224125312,0.4212518457505025,0.2318255263501085,A,grading/data_processed/potato/A/Potato_White_1_r_114__100.jpg,ffc18000010183ff,0
4912.0,299.96551048755646,1.5873015873015872,0.6860023063640371,0.953693816134356,20.35533095521205,8.508044403935097,123.68648434403488,44.99438468120572,65.18232263178756,38.7110095942835,11110.262685084404,550.2082732082732,0.3522275646488859,0.1858404907509762,A,grading/data_processed/potato/A/Potato_White_1_r_187__100.jpg,ff8301008080c0ff,5
5362.0,291.42135310173035,1.3333333333333333,0.793403173012764,0.9753524329240564,19.401967930029155,9.015184578174985,139.83892128279882,43.599275156493704,70.75036443148689,41.13128291543453,9165.590589226667,437.9850505050505,0.4050300230120918,0.2570986272071971,A,grading/data_processed/potato/A/Potato_White_1_r2_12__100.jpg,ffc381000080c1ff,2
5496.0,288.9360725879669,0.74,0.8272810141839765,0.9828326180257512,20.05425115617218,7.789731053717561,134.44147990039133,46.13600732212404,72.42155816435432,42.21515107497441,8015.918036358656,647.0660273972603,0.3584566455310659,0.2220905382233207,A,grading/data_processed/potato/A/Potato_White_1_20__100.jpg,cf878381818181e3,7
5201.0,282.7939361333847,1.492537313432836,0.8172530164942827,0.9844785159947,49.21160345475028,75.92720207913852,140.2914006759294,48.99588398829063,68.33496057078483,39.632991559640374,6895.471764847405,269.41127694859034,0.4370494256985829,0.1970671657671545,A,grading/data_processed/potato/A/Potato_Red_2_r2_188__100.jpg,ffc381000001c1ff,2
5134.5,280.8944419622421,1.5384615384615383,0.817752217260941,0.9862658470995006,49.23802281368821,76.19406880332207,139.8897338403042,49.75151572222871,67.47566539923955,39.101063080982065,7149.824238840236,261.44817404817405,0.4403889026842943,0.1825043666435802,A,grading/data_processed/potato/A/Potato_Red_2_r2_189__100.jpg,ffc381000001c1ff,2
4651.5,271.37972390651703,1.6129032258064515,0.793684861400891,0.9803983559911476,36.14294697128484,66.41544410536494,137.49884720184448,53.053728641388155,61.26199958080067,35.49180326555519,8944.144236836628,189.18719452590415,0.4908327119983435,0.2209017744887662,A,grading/data_processed/potato/A/Potato_Red_2_r_134__100.jpg,ffe38100008181ff,0
4658.5,270.2081506252289,1.6129032258064515,0.801787116924341,0.9813566463029282,30.459702742306888,61.69889556717543,137.48921917521457,53.62924009817755,61.356081222524594,35.90486844932159,8897.266323725285,242.71880091234937,0.497016054345283,0.2186958628778806,A,grading/data_processed/potato/A/Potato_Red_2_r_135__100.jpg,ffc38100008181ff,0
5671.5,290.49242079257965,1.2692307692307692,0.8445749360030493,0.985490877497828,16.362146307798483,18.88830109815938,93.81487232574187,38.20975751053741,74.55935127674258,43.06929949350713,5286.3382626730845,491.6861590790162,0.3898646754942166,0.2358010434024193,A,grading/data_processed/potato/A/Potato_Red_1_r_3__100.jpg,ff870301000081e7,6
5852.5,293.66399466991425,1.2098765432098766,0.8528052830546139,0.985850248462899,15.221107208563303,12.70124304509201,93.05987623348386,37.89627785082674,76.83191169091822,44.331129584269945,5636.824593246311,469.0675830469645,0.3794944181547947,0.235759158875805,A,grading/data_processed/potato/A/Potato_Red_1_r_2__100.jpg,ff870301000081e7,6
4121.5,275.0365775823593,1.639344262295082,0.6846746646198713,0.9445399335395898,14.227015558698726,15.54257118686498,99.63272041489864,43.30843891534227,54.676803394625175,32.81684452598438,16329.950686482129,338.157476403378,0.4510499841859983,0.2914274072278157,A,grading/data_processed/potato/A/Potato_Red_1_r2_55__100.jpg,fff781000000c1ff,6
4247.0,262.308655500412,1.7857142857142858,0.7756519384637605,0.9806049411221428,54.470318588127434,78.23360017737082,135.46275498510198,51.63214777501393,56.107036442814575,33.37477411990538,10789.538835586734,240.8598484848485,0.4844322808818878,0.2111763945514787,A,grading/data_processed/potato/A/Potato_Red_2_r_26__100.jpg,ff830000008183ff,5
4444.5,273.0365775823593,0.61,0.7491885156064912,0.9707327727421644,12.54601226993865,15.349830476810103,111.80499561787906,45.83025220432644,59.33654688869413,36.12109909970453,13735.086967454983,541.448,0.3761461037467431,0.2291504236667841,A,grading/data_processed/potato/A/Potato_Red_1_140__100.jpg,efc38181818181c3,0
4446.5,273.379723072052,0.61,0.7476452219855685,0.9708515283842796,13.03634771184585,18.312387724765443,112.131377271732,44.96690550969926,59.34398948981826,36.01185421607163,14391.816857726417,493.2085000000002,0.3774499372747212,0.2301214655109099,A,grading/data_processed/potato/A/Potato_Red_1_141__100.jpg,efc38181818181c3,0
6477.5,316.9777034521103,0.9,0.8101395913406443,0.96816381436365,19.94284850317508,9.311564360176927,116.47444814030844,41.29117911729128,85.08935591170246,48.854876319833345,3769.083026061729,458.64101123595503,0.449537953127886,0.2494857986779043,A,grading/data_processed/potato/A/Potato_White_1_r2_145__100.jpg,ffc781818181c3c7,0
4612.0,269.6223646402359,0.62,0.7972367980168468,0.9850491243058522,45.597674418604655,73.84988112202852,134.81733615221987,50.842654468579326,60.9046511627907,35.073049704523655,8494.675474271591,376.58360655737704,0.3840264152107742,0.2215093832772575,A,grading/data_processed/potato/A/Potato_Red_2_82__100.jpg,e3c1c181818181c7,13
5358.5,294.0071395635605,1.3026315789473684,0.7789997987737995,0.9693379160636758,14.597703244622677,24.704380992498933,103.07728764126868,44.428643281012725,70.52643091505651,40.26367629496235,5603.367376230193,365.1772287862514,0.4209436823955234,0.2585025316014608,A,grading/data_processed/potato/A/Potato_Red_1_r_152__100.jpg,ffe38180800183ff,5
3584.5,258.40916073322296,1.8846153846153848,0.6745631884526163,0.949913873062144,17.953783783783784,26.38370246863118,97.11837837837838,43.842118926495075,48.02837837837838,29.615354035831466,22406.32372263375,378.77993655828715,0.435348483586672,0.2614860716123678,A,grading/data_processed/potato/A/Potato_Red_1_r2_164__100.jpg,ff830101010183ff,0
4601.0,271.6223647594452,0.62,0.7836660731928613,0.981337314706196,47.71779661016949,75.05489813548564,135.54131355932202,51.6382133003343,60.81906779661017,35.09169430649482,9281.31578314256,401.6344262295081,0.3936502120674914,0.2201450134076288,A,grading/data_processed/potato/A/Potato_Red_2_83__100.jpg,e3c1c181818183c7,13
5341.5,290.83556711673737,1.2763157894736843,0.7935568843654547,0.9736602260298944,15.10535942930309,25.15203201095282,101.49021401134075,43.190925553884,70.18712273641852,40.11560843536012,6119.442510176941,380.66611842105266,0.4228609779827272,0.2450548848772448,A,grading/data_processed/potato/A/Potato_Red_1_r_153__100.jpg,ffe3c180808181e7,25
5101.5,283.1787134408951,1.420289855072464,0.7994412369995181,0.9757100506837524,17.81623277182236,20.115133687497018,92.4873660030628,39.64419463301458,67.26971669218989,38.79476115836702,8905.983412117983,361.2396533691917,0.3869173665171883,0.2167064831777147,A,grading/data_processed/potato/A/Potato_Red_1_r2_181__100.jpg,ffc18100018183ff,0
4396.0,290.5929263830185,1.523076923076923,0.6541803138043412,0.9301735082522218,16.15391419725785,13.28173330428968,83.99734630694383,39.11660509774862,58.15148164528969,33.98958927909492,11582.450019917062,355.21240188383047,0.4405419153433782,0.2836279641606716,A,grading/data_processed/potato/A/Potato_Red_1_r2_22__100.jpg,ffc1818000c0e1ff,2
5399.0,284.9360725879669,1.408450704225352,0.8356575160673482,0.9827978520069172,55.85804816223067,76.94273721897099,127.3867463335144,51.48291618616421,70.90277023356872,40.50184194686916,5227.08965861932,270.95077535922604,0.4696196574207473,0.2114630495566626,A,grading/data_processed/potato/A/Potato_Red_2_r_50__100.jpg,ffc180000081c3ff,17
4316.5,291.5218584537506,1.5625,0.6382625476770073,0.9247991430101768,16.711971197119713,17.4484796658343,82.6071107110711,39.85654974905172,57.21399639963997,33.80692349102449,14149.982632592775,394.4059343434343,0.4401858792567116,0.2906361653608473,A,grading/data_processed/potato/A/Potato_Red_1_r2_23__100.jpg,ffc3818000c0e1ff,6
5032.5,280.3502868413925,1.420289855072464,0.8046215092587407,0.9738751814223512,18.110787737679473,19.151833643228684,93.7489328676756,40.55182305341068,66.25766395032984,38.20653343580901,8959.10376183574,348.7751382040938,0.4009011171692312,0.22641133672006,A,grading/data_processed/potato/A/Potato_Red_1_r2_180__100.jpg,ffc18100018183ff,0
4928.5,274.55129635334015,1.5873015873015872,0.8216325339812259,0.9876753507014028,59.85049504950495,80.05405367410259,128.41247524752475,51.55373206580443,64.77861386138613,37.693854031419875,6659.146342630385,215.38832772166103,0.4740095603029477,0.1899339218977893,A,grading/data_processed/potato/A/Potato_Red_2_r_198__100.jpg,ff870100000183ff,5
4826.5,275.3797231912613,1.5873015873015872,0.7997942112064554,0.9839959225280326,55.24979789814066,78.50921408085676,129.63358932902182,51.72183368286221,63.60974130962005,37.05139488696337,8215.425630511465,226.98829565496231,0.4887924442231361,0.2077089933871366,A,grading/data_processed/potato/A/Potato_Red_2_r_199__100.jpg,ff870100000183ff,5
5102.0,277.27921879291534,1.492537313432836,0.8339032659108189,0.9868471953578336,27.88378326632204,58.82626682096727,143.1441700172315,48.17372440995347,66.95443231859085,38.5743279591724,7377.783190265093,245.9090909090908,0.4494762954094092,0.2093620520720654,A,grading/data_processed/potato/A/Potato_Red_2_r2_124__100.jpg,ff838100008081ff,5
5253.5,279.5218595266342,1.4492753623188406,0.8449422891923939,0.9871288989101842,27.919255813953487,58.769340142981704,142.3373023255814,47.95336003627974,68.94623255813954,39.49335289660385,7276.791576475532,236.70502122676035,0.4403337726774495,0.2096842021309624,A,grading/data_processed/potato/A/Potato_Red_2_r2_125__100.jpg,ff838100008081ff,5
5910.5,308.9777032136917,1.152941176470588,0.7780003719961002,0.9656101944126776,19.342214132053616,6.991499781869847,131.71967565778587,44.658653753214914,77.76485189475426,44.83402538208402,5872.961913288726,429.7990297149787,0.4497564210470594,0.2615808777329856,A,grading/data_processed/potato/A/Potato_White_1_r2_132__100.jpg,ffc38100008183cf,5
4413.0,273.62236392498016,0.59,0.7406970419479777,0.971491469455146,12.624310611074344,15.86634280793708,112.0046326935804,43.96083757112034,58.869843370836094,35.61887132707578,12618.5206456478,465.8065517241379,0.3711536961210553,0.2150973841336005,A,grading/data_processed/potato/A/Potato_Red_1_136__100.jpg,efc38181818181c3,0
4263.0,271.9655097723007,1.694915254237288,0.724265060334788,0.9644796380090498,16.81200091261693,31.697783943079028,108.63107460643396,45.899866332339485,56.34382842801734,32.535288939323465,11815.975003274922,323.613251155624,0.3941082579445452,0.2469320126661689,A,grading/data_processed/potato/A/Potato_Red_1_r_125__100.jpg,ffe181808001c1ff,10
4255.5,264.55129647254944,0.58,0.7640832344517897,0.9783883204966088,56.35544373284538,79.29396192127747,129.59492223238792,54.08576346444545,56.28751143641354,33.13082829709393,11468.912777378122,377.3238596491228,0.4260461230274301,0.2246839029914374,A,grading/data_processed/potato/A/Potato_Red_2_106__100.jpg,e7c1c181818183c7,0
4259.0,265.13708221912384,0.58,0.7613363379463668,0.9787429621969436,54.22166361974406,78.62818774006725,128.27787934186472,54.5966682448387,56.33066727605119,33.036821337540154,11602.682397027347,391.7449122807017,0.4309374153079283,0.2238198762996206,A,grading/data_processed/potato/A/Potato_Red_2_107__100.jpg,e7c1c181818183c7,0
4331.5,274.55129611492157,1.6779661016949152,0.7221063867547395,0.9682575164859728,15.09139905681563,26.755162410343125,106.22232203009207,45.945847065945856,57.241410285200985,33.21059345473745,10883.58071189788,346.4213075060533,0.376606236686455,0.2268729047687694,A,grading/data_processed/potato/A/Potato_Red_1_r_124__100.jpg,ffc181800000c1ff,2
5722.5,291.17871272563934,1.3026315789473684,0.8481573342756143,0.9852789256198348,18.043768165498378,24.35048830353402,93.06052316635322,41.457157931010336,75.30962557702172,43.23109279025889,5393.945681951726,534.3807733619764,0.3534251662729589,0.2086429229462931,A,grading/data_processed/potato/A/Potato_Red_1_r_96__100.jpg,ffc781000081c1f7,6
5703.5,291.5218586921692,1.3026315789473684,0.8433523536942863,0.984380393510528,17.64139941690962,24.798253593130617,92.88869833647745,40.92642394828037,74.98765220373863,43.14266854573216,6139.244602845941,522.1166756176154,0.3581175690337714,0.2123797037291288,A,grading/data_processed/potato/A/Potato_Red_1_r_97__100.jpg,ffc781000001c1f7,2
5304.5,296.0071403980255,1.3888888888888888,0.7607639820096846,0.9631411711302768,20.080066261733847,10.854883105783582,124.58181483526596,44.26264391231238,69.98914043806369,40.66500034141771,11286.204050617283,440.4518799102133,0.3741480241499068,0.2320667786633201,A,grading/data_processed/potato/A/Potato_White_1_r_24__100.jpg,ff830101018181ff,5
5567.5,295.1787130832672,1.3157894736842106,0.8029712942160587,0.9801073849133,20.06495786516854,10.704420336730816,115.36341292134831,42.24050765827008,73.47752808988764,43.268646374230386,7947.341828531858,501.2712652844232,0.4125183603132546,0.2392337113816947,A,grading/data_processed/potato/A/Potato_White_1_r_162__100.jpg,ff8701008080c1f7,11
4273.5,265.237587928772,1.7857142857142858,0.7633495128111513,0.9809480087225984,60.599499089253186,80.9340853133281,130.60928961748633,52.54554694612019,56.42190346083789,33.28629609145409,11317.69353877551,224.7449494949495,0.4830817133689592,0.2088045868523708,A,grading/data_processed/potato/A/Potato_Red_2_r_18__100.jpg,ff830100000183ff,5
5590.0,295.76449978351593,1.3157894736842106,0.8030259537921645,0.979413053000438,20.398321384857493,11.43653373532493,115.5595383808358,41.42191080073278,73.68490994929184,43.192174593286914,8216.622525207755,441.01236044657094,0.4084314759518462,0.2373641932543494,A,grading/data_processed/potato/A/Potato_White_1_r_163__100.jpg,ff8701008080c1f7,11
5119.0,286.10764598846436,0.68,0.7858435000467415,0.9761632341723876,21.14206712433257,15.472984995856269,129.640350877193,44.54815892200139,67.70652173913044,39.78548825510725,8835.020934234428,465.83552238805976,0.3522863117612552,0.2067167142624094,A,grading/data_processed/potato/A/Potato_White_1_139__100.jpg,f3c1c181818181c7,22
4995.0,287.2792184352875,0.66,0.7605660497393332,0.9749194886308188,21.367701620777193,11.038840888963694,130.86994727592267,45.58028592841989,66.01210701034954,38.785384407242105,9538.211067401286,584.7349230769232,0.3733781035658637,0.2051664643807775,A,grading/data_processed/potato/A/Potato_White_1_56__100.jpg,ef838381818181c3,0
4987.0,276.1076453924179,1.492537313432836,0.8220388963222234,0.9826600985221676,32.05228118269042,62.86476177589237,134.88525553162327,53.804108351797225,65.56549833561778,37.8972745072606,7277.936473579863,258.95733453942404,0.516662685628666,0.226923244790779,A,grading/data_processed/potato/A/Potato_Red_2_r_143__100.jpg,ffc38100000181ff,2
4503.0,270.79393684864044,0.62,0.7716741259243954,0.9793388429752066,44.46040675032454,73.15606965048124,137.09411510168758,51.7891074739571,59.46040675032454,34.28784111205215,9643.472539021852,395.7844262295083,0.4098772974648039,0.233565340050913,A,grading/data_processed/potato/A/Potato_Red_2_88__100.jpg,e3c1c181818183c7,13
6325.0,302.2497807741165,1.2048192771084338,0.8700383674418152,0.9866625068247408,60.6183395291202,78.91362703026591,126.54135687732342,52.52612343176065,82.99349442379182,47.989336458086136,3134.17324865728,280.3042472921991,0.4850724218537474,0.2106562727847388,A,grading/data_processed/potato/A/Potato_Red_2_r_177__100.jpg,ff8f8101008181ef,0
4829.5,296.69343161582947,1.5873015873015872,0.6894395145423983,0.9529400157853196,21.271975806451614,9.448844704908613,131.35443548387096,45.07644694334453,64.29112903225807,38.65146058271156,10222.094829528847,593.0378387045054,0.3906056629469895,0.199208349251631,A,grading/data_processed/potato/A/Potato_White_1_r_83__100.jpg,ff830100000183ff,5
6292.5,300.0071407556534,1.180722891566265,0.8785569212208435,0.9879111390219012,63.89397477814106,80.18732427534502,126.6131091390316,51.87175886073883,82.63163630702164,47.68594136446081,3223.97422095562,279.08756676189296,0.481968549352037,0.1993875464306652,A,grading/data_processed/potato/A/Potato_Red_2_r_176__100.jpg,ff8f8101018181ef,16
4586.0,275.1370829343796,1.6666666666666667,0.7612821685314023,0.9774083546462063,15.74787595581988,18.84015695741478,101.44583687340696,42.968684108537296,60.9177994902294,36.3505517751672,10448.795330555557,453.2579124579125,0.345150115301227,0.2038623224161933,A,grading/data_processed/potato/A/Potato_Red_1_r_30__100.jpg,ff878101000081ff,5
4927.0,296.1076444387436,1.5625,0.7061438602378634,0.9529980657640232,20.819655922483687,14.516473606636652,128.01048052204865,44.89760821424865,65.22918726517699,38.531418786847745,10524.0225173584,506.1049558080808,0.3558396821672268,0.1984622409564199,A,grading/data_processed/potato/A/Potato_White_1_r_10__100.jpg,ff8301008080c1ff,2
4936.0,292.9360725879669,1.5625,0.7228352207207825,0.9552007740686986,20.68187203791469,13.02108582708547,128.69154818325435,44.64757157300008,65.35268562401264,38.4557923689147,10622.909390234374,466.2384785353535,0.3592467145442775,0.1965739699500476,A,grading/data_processed/potato/A/Potato_White_1_r_11__100.jpg,ff8301008080c1ff,2
5307.5,282.69343185424805,1.3943661971830985,0.834580879334275,0.98698279869828,15.559197201252072,16.908968736563455,95.93316148039035,38.27878608948931,69.87902780335114,40.341950090164175,7325.762709581048,442.867921816614,0.3594660759262268,0.2165423058216816,A,grading/data_processed/potato/A/Potato_Red_1_r_9__100.jpg,ff870301000081ff,20
5316.0,285.4213536977768,1.36986301369863,0.8200152197919213,0.9819894707675256,15.05920205920206,13.422607022708712,95.64129435558009,39.78994109858338,70.00478029049458,40.45025107745057,7763.875162319384,479.9262487892624,0.3843642412226176,0.2420154218838817,A,grading/data_processed/potato/A/Potato_Red_1_r_8__100.jpg,ff870301000081ff,20
5945.0,305.0782079696655,1.2195121951219512,0.8026742845675744,0.9788425125545402,19.90571005430311,9.221275346509596,116.93730459108112,40.33379957341629,78.11140365311832,45.08201361127063,6032.797870969661,424.76435082532646,0.4077395139772185,0.2453326594228754,A,grading/data_processed/potato/A/Potato_White_1_r_156__100.jpg,ff8703010180c1ff,6
5763.5,300.1492757797241,1.2345679012345678,0.803936157816201,0.976616114547149,19.770027155465037,9.002879025779885,115.47284453496266,40.258728450069256,75.87881873727088,44.008669370154465,6768.949983401921,416.37473500436465,0.4297874795543149,0.2601880755860742,A,grading/data_processed/potato/A/Potato_White_1_r_157__100.jpg,ff8703018080c1f7,11
5406.5,285.86500465869904,1.408450704225352,0.8313886399191995,0.984611181934074,55.48825018076645,78.41492601004428,134.411424439624,50.1252689589753,71.00361532899494,40.98365705990466,6484.37155030748,313.8861858016787,0.4405334886564951,0.2108592330336618,A,grading/data_processed/potato/A/Potato_Red_2_r2_182__100.jpg,ffc381000001c1ff,2
6511.5,308.97770166397095,0.89,0.8571101384097045,0.9824230537115268,20.50677302829621,19.632485362766207,78.1273329319687,34.60124243109433,85.71177001806142,49.60849286823278,3442.228736005555,611.7826136363637,0.4029160325955024,0.2376871272377733,A,grading/data_processed/potato/A/Potato_Red_1_r_78__100.jpg,ffc383818181c1e7,27
3841.5,271.23758816719055,0.53,0.6561618154776987,0.9626613206365116,13.291193540247288,11.386074191948495,100.814282109513,42.94072610028656,51.82412313903608,32.85801820008804,16583.396381488074,571.4667307692307,0.3650790656578596,0.230075720748858,A,grading/data_processed/potato/A/Potato_Red_1_103__100.jpg,ffc38181818181c7,0
5134.0,286.10764598846436,1.4285714285714286,0.7881462256768844,0.9802386634844868,20.73169804145275,14.27233840848839,135.3599543639475,44.23982078389206,67.70431640996387,39.482045888249765,8974.24260334694,370.2952380952381,0.393735468169915,0.2370136349351237,A,grading/data_processed/potato/A/Potato_White_1_r2_107__100.jpg,ffc38100000083ff,5
4850.0,294.45079040527344,1.5873015873015872,0.7029527815040321,0.9507939619682416,20.236546184738955,10.230254255265844,128.7983935742972,44.15064478770822,64.30903614457831,37.79070823881801,11269.537245124717,417.8852012185346,0.3627553739624449,0.1976488666771874,A,grading/data_processed/potato/A/Potato_White_1_r_7__100.jpg,ff8301008080c1ff,2
5129.5,286.3502860069275,1.4285714285714286,0.7861214666378208,0.97863207097205,20.227255424438525,11.489412357122257,136.77027027027026,44.00186372713126,67.63741910925009,39.79759956312069,9947.507133387757,431.364502164502,0.3882569245107874,0.2394318162726331,A,grading/data_processed/potato/A/Potato_White_1_r2_106__100.jpg,ffc38100000083ff,5
3829.5,268.066015124321,0.53,0.6696816838536456,0.964245247387637,13.56216763737655,10.976989536163348,102.04735376044567,43.56217092956846,51.60217776652317,32.624516603838494,16418.605604093984,567.1644230769232,0.3654634331681374,0.2310291404940001,A,grading/data_processed/potato/A/Potato_Red_1_102__100.jpg,ffc38181818181c7,0
4902.0,286.93607223033905,1.380281690140845,0.7481916770043097,0.9639170189755186,14.013725880246668,15.97875088956897,89.29003381738612,39.30652377099329,64.71354684702607,37.79438657981437,9018.999737843147,373.9745898068825,0.4669209127499045,0.2653332753686356,A,grading/data_processed/potato/A/Potato_Red_1_r2_127__100.jpg,ff870301010183ff,5
5452.0,304.39191579818726,1.2222222222222223,0.7394341142221303,0.9543147208121828,14.606592619132927,19.69401401430474,96.62056610533858,38.87064870218478,71.81028305266929,41.5862778338733,7517.924988788863,400.5668934240363,0.488071739246335,0.2898467841518948,A,grading/data_processed/potato/A/Potato_Red_1_r2_84__100.jpg,ffc78101000183cf,0
4728.0,280.7939373254776,1.546875,0.753549660734533,0.9720394736842104,15.990519373454246,27.028798890714448,102.28627370156636,43.38602243428986,62.6020197856554,36.274420378918336,10591.274821685924,381.7115752551021,0.3681527465853638,0.2215900441920769,A,grading/data_processed/potato/A/Potato_Red_1_r_111__100.jpg,ffc181800001c1ff,2
5065.5,290.00714015960693,1.3424657534246576,0.7568586912624746,0.9634807417974324,14.166056636486228,15.271667290820746,89.47948372182624,38.11208253431395,66.90175303409748,39.207487849356056,9831.631250005375,409.502188956362,0.4684802939314937,0.2628881816185415,A,grading/data_processed/potato/A/Potato_Red_1_r2_126__100.jpg,ff870301010183ff,5
4606.0,319.9066343307495,1.5384615384615383,0.5655712234225754,0.9365595770638472,11.737618545837725,9.619136343872947,101.21707060063224,44.89540688047516,61.447839831401474,35.95712040720947,12460.769928402364,453.38865578865585,0.3980673975632919,0.2562478824719706,A,grading/data_processed/potato/A/Potato_Red_1_r_110__100.jpg,ffc181808081c1ff,2
5594.5,298.97770178318024,1.2658227848101269,0.7864906135193201,0.9716047238624522,20.353372946522196,13.365689011986658,140.31772107654666,45.48261991437192,73.80199231038098,42.94642512704895,8004.322024739624,515.3589055108044,0.4027795279581697,0.2644836065717404,A,grading/data_processed/potato/A/Potato_White_1_r2_19__100.jpg,ffc381000080c1f7,6
4930.5,298.00713992118835,1.3943661971830985,0.6976658870769339,0.9457178478948882,16.43221343873518,12.474652158841378,82.14367588932807,38.97465617092695,65.02845849802371,37.766884039259075,9312.150191023142,405.3105777522276,0.4229268129201512,0.2643058693331759,A,grading/data_processed/potato/A/Potato_Red_1_r2_16__100.jpg,ffc381800081c1f7,2
4838.5,296.8355668783188,1.4285714285714286,0.6900629898440835,0.9386032977691562,17.15381518018925,18.43523690039419,82.02275015099657,37.83308798729641,63.88544392993759,37.086141400168785,9771.861005530613,408.8217893217893,0.4277282532037565,0.2758737993406228,A,grading/data_processed/potato/A/Potato_Red_1_r2_17__100.jpg,ffc381800081e1ff,2
4933.0,288.450790643692,0.66,0.7450364354078108,0.9713498080141774,21.454545454545453,16.36539626021514,127.62707509881425,44.98811281446471,65.47806324110672,38.97063494919987,10025.75041301653,537.3807692307694,0.3601885732542238,0.2094180157614043,A,grading/data_processed/potato/A/Potato_White_1_145__100.jpg,e3c1c181818181c7,13
4803.0,272.79393672943115,1.5873015873015872,0.8110600763902794,0.9851297302840736,41.35120861263457,70.51261156173469,140.78184034125533,47.69228524629864,63.27422303473491,36.815314992785595,10484.98663489544,301.5098605098606,0.4601916555998906,0.2097050240728767,A,grading/data_processed/potato/A/Potato_Red_2_r2_111__100.jpg,ff870101008081ff,6
6415.0,303.56348943710327,1.137931034482759,0.8747973363789617,0.9885199167886586,45.62291825821237,73.09296837808253,132.37280366692133,52.80009196095433,84.17509549274256,48.44597589771729,3698.528800120683,301.8045977011494,0.4806084266091296,0.2272046832226939,A,grading/data_processed/potato/A/Potato_Red_2_r2_39__100.jpg,ffc38780010183ef,14
6463.5,304.97770166397095,1.1494252873563218,0.873255727417361,0.9880761293281356,48.88474370639976,75.18129176238702,132.27737336973007,52.6044286642341,84.82650894752805,48.77330140218928,3605.6416960761,288.08313015209575,0.4898165567788601,0.2315611588532043,A,grading/data_processed/potato/A/Potato_Red_2_r2_38__100.jpg,ffc38380000183ef,14
3877.0,270.79393672943115,0.57,0.6643971993877356,0.9467643467643468,14.841591591591593,10.34365375688936,97.20395395395396,43.76102971942031,52.14514514514514,32.77597776836903,18135.490098214836,586.2266071428571,0.4069863984135934,0.2779038188393786,A,grading/data_processed/potato/A/Potato_Red_1_85__100.jpg,fbe1c1c1818183c7,22
3909.0,271.6223635673523,0.59,0.6658010665072129,0.9409074497532796,15.613952333664349,12.67364685861316,99.9503475670308,44.38142115315067,52.63157894736842,32.78283568546824,17873.417184717036,576.1270689655173,0.4136805759361005,0.2934533155286683,A,grading/data_processed/potato/A/Potato_Red_1_84__100.jpg,fde1c1c1818183c7,22
6466.5,310.9777034521103,1.1494252873563218,0.8402734509848622,0.9837225222484216,20.611969696969695,11.892595445205522,120.6631818181818,38.04165231805982,85.06545454545454,49.46629970607841,5628.742796815959,594.6057122953674,0.3958635119124465,0.230105987867542,A,grading/data_processed/potato/A/Potato_White_1_r2_170__100.jpg,ffbb21000080c1f7,12
5350.0,282.93607223033905,1.408450704225352,0.8398215324947199,0.9839985286003312,41.07089347706925,69.68548865662888,131.61520190023754,53.50049753820721,70.28211218710031,40.658152989181794,5626.572484348343,277.4040404040404,0.4872806018664468,0.2185732942095943,A,grading/data_processed/potato/A/Potato_Red_2_r_148__100.jpg,ffc38100000183ff,5
6346.5,306.97770285606384,1.162790697674419,0.8463119722432051,0.9838772188202464,20.1040444581661,8.286956333076462,121.8099722136462,37.516724840520645,83.37480703920963,48.37458356151237,5893.001976081666,546.2997416020672,0.4004873495030627,0.2360676499342952,A,grading/data_processed/potato/A/Potato_White_1_r2_171__100.jpg,ffbb01000081c1ff,12
3502.0,265.4802289009094,1.8679245283018868,0.6243981949687981,0.9318786588610964,16.640331491712708,23.681086186744764,94.7022099447514,44.52570485580439,47.25635359116022,30.285611447300383,21841.064028419736,408.2366191759723,0.4679441515657253,0.298054167007885,A,grading/data_processed/potato/A/Potato_Red_1_r2_150__100.jpg,ff870101010187ff,4
3457.0,260.65180134773254,1.849056603773585,0.6394223057945977,0.9331893642866784,14.636160089560594,17.489807580135302,94.56731038343128,45.464715104992926,46.43772739994402,28.94026871315486,21750.68897812247,357.9951371328536,0.4690891872053863,0.3007404950496633,A,grading/data_processed/potato/A/Potato_Red_1_r2_151__100.jpg,ff870101010187ff,4
5375.0,299.27921891212463,1.3888888888888888,0.7541108843399472,0.9662921348314608,21.24042128200472,14.628004478443378,116.74850190666425,41.66356530465393,71.00399491556202,41.65729141157239,8903.756471527777,440.1365039281707,0.3947919340896683,0.2257260078939301,A,grading/data_processed/potato/A/Potato_White_1_r_168__100.jpg,ff8701008080c1ff,6
4369.0,275.6223638057709,1.523076923076923,0.7227082338765546,0.9486483552274454,16.330066815144765,25.180271385221396,100.93407572383072,43.09692418815747,57.91781737193764,34.46422461494859,10992.765282953256,391.8604395604396,0.4566427215032931,0.2883864638153066,A,grading/data_processed/potato/A/Potato_Red_1_r2_61__100.jpg,ffe78100000081ff,5
5374.0,299.7645000219345,1.36986301369863,0.7515313930822984,0.9666336900800432,21.483015440508627,14.709396071156153,116.52824704813806,42.1407654868665,70.94078110808356,41.71053899811649,8504.727170932632,480.4743323647434,0.3957100747710358,0.23572936957938,A,grading/data_processed/potato/A/Potato_White_1_r_169__100.jpg,ff8701008080c1ff,6
4338.0,275.2792183160782,1.523076923076923,0.7193703917583916,0.9465415666593934,15.134140870345446,19.37898446712357,99.96298788694482,42.73243224519592,57.3838043965904,33.987041016883445,12544.453850174692,351.35682888540026,0.4630675108664562,0.2935462011830962,A,grading/data_processed/potato/A/Potato_Red_1_r2_60__100.jpg,fff781000000c1ff,6
5282.0,284.1076457500458,0.69,0.8223229634409278,0.9848965131456274,20.277839437661857,9.939910892674868,133.85571587125415,45.85023122071362,69.68349981502035,40.6198629312663,7284.630899474901,493.3810294117648,0.3296045281451598,0.198200871945959,A,grading/data_processed/potato/A/Potato_White_1_133__100.jpg,f3e1c181818181c7,22
5295.5,284.69343161582947,0.69,0.821035511679741,0.9846597248047602,19.80627306273063,4.699308787907872,133.69575645756458,45.4381727908152,69.8180811808118,40.5128256946442,6597.316031316951,442.6264705882353,0.3374004765283243,0.1974990418705681,A,grading/data_processed/potato/A/Potato_White_1_132__100.jpg,f3c1c181818181c7,22
4431.0,267.82337474823,1.7543859649122806,0.7762733160376831,0.9842292314526876,51.338826631509555,76.41073356672078,131.39156229400132,51.50545351313291,58.48802460997583,34.67368395335605,8749.51349030471,248.31738437001593,0.4845852290578459,0.1940000771684244,A,grading/data_processed/potato/A/Potato_Red_2_r_6__100.jpg,ff830100008183ff,5
4386.0,265.4802289009094,1.7543859649122806,0.7820132733104365,0.9835183316515304,50.97357904085258,77.04096545845822,132.18428063943162,51.83069310334492,57.84014209591474,34.357755329939025,9789.874392120651,246.13095870990608,0.4909359624629077,0.2013401382887843,A,grading/data_processed/potato/A/Potato_Red_2_r_7__100.jpg,ff870100008183ff,5
5059.0,279.27921855449677,1.4705882352941178,0.8150744924159253,0.9861598440545808,33.31190889789616,63.98052980717387,136.8822621115615,48.12188206688485,66.66280640802934,38.99373628376523,8892.306443576988,362.91443850267376,0.4484005385890425,0.226389575906905,A,grading/data_processed/potato/A/Potato_Red_2_r2_95__100.jpg,ff870301008081ff,20
6547.0,323.36247992515564,1.0416666666666667,0.7868155804840016,0.9639991165427372,19.32899461400359,5.082260791440667,124.3734290843806,40.988503739584154,85.99895272292041,49.49840411240773,4343.755437489149,458.26641414141415,0.4858784071392948,0.2897076172238768,A,grading/data_processed/potato/A/Potato_White_1_r2_139__100.jpg,ffc78180818183c7,0
4681.5,271.3797233104706,1.6666666666666667,0.7988037611458643,0.9815494286612853,50.66069568839825,75.81754960161554,132.95334305353052,54.219776075260306,61.54821912101645,35.70917232275409,9477.245591,250.2436026936027,0.407710816687961,0.1900646932681418,A,grading/data_processed/potato/A/Potato_Red_2_r_100__100.jpg,ff8301000080c1ff,6
5828.5,314.35028541088104,1.2820512820512822,0.7412060351441466,0.95895031260283,21.213172448466565,10.596922287393925,129.58991117814648,44.64060065144017,76.73588067705715,44.46143041665803,7184.927257971729,567.3510748510749,0.3975003110665608,0.2222545760327979,A,grading/data_processed/potato/A/Potato_White_1_r_67__100.jpg,ff838b00000183ff,5
5287.0,281.2792191505432,1.4705882352941178,0.8397381401463515,0.9885014490043936,59.88003696857671,79.87364923285381,124.50110905730128,53.31975960204205,69.38354898336414,40.19932116995058,5480.308380601211,236.3461081402258,0.4840857441538972,0.1950623498143631,A,grading/data_processed/potato/A/Potato_Red_2_r_192__100.jpg,ff870100000181ff,5
5907.5,320.4924212694168,1.2658227848101269,0.7227333011440167,0.9562156037552606,21.0742516950554,10.261647808296184,129.7952703820076,44.367611594642206,77.85794608896974,45.07866262061288,7410.212838887998,634.4578698376167,0.3992678849090373,0.2198409845826802,A,grading/data_processed/potato/A/Potato_White_1_r_66__100.jpg,ff838b00000183ff,5
5205.0,279.62236499786377,1.492537313432836,0.8365401477158438,0.98841625522218,59.1875,79.88393852985274,126.45739489489488,52.05833873888464,68.45382882882883,39.61045453492287,6111.239610135888,227.01854364540932,0.4802380086991251,0.1945784404230043,A,grading/data_processed/potato/A/Potato_Red_2_r_193__100.jpg,ff870100000181ff,5
5618.5,296.83556747436523,1.3333333333333333,0.8013059611177962,0.971890676353572,20.94257873673221,13.75719152291166,129.8654950408909,43.090447620335425,74.04054289194362,42.749002500745966,6846.83918976,409.9068013468014,0.4276405543985881,0.2222395871186993,A,grading/data_processed/potato/A/Potato_White_1_r_121__100.jpg,ffc18000010183ff,0
4409.5,266.55129635334015,0.59,0.7798976521331081,0.9815247634947134,42.12878285840512,71.99143347841817,137.848685663795,50.587638809126936,58.33510050806274,33.79578692269475,9075.02642125826,368.2648275862069,0.4169367432307713,0.2149508419315607,A,grading/data_processed/potato/A/Potato_Red_2_95__100.jpg,e3c1c181818183c7,13
4244.5,267.86500465869904,1.65,0.7433689971329378,0.9596427763961112,18.695253382251774,25.188070356220003,96.91240541160283,43.52531712291796,56.17473056638386,32.80399377572479,14765.15377501162,320.3309523809524,0.4284154614567165,0.2538518971132748,A,grading/data_processed/potato/A/Potato_Red_1_r2_173__100.jpg,ffc18101000183ff,2
4438.0,267.96550989151,0.6,0.7766750671105107,0.9806651198762568,46.08889376646181,74.26194798088596,139.34460052677787,49.9156861047634,58.58143107989464,33.797630160248325,10447.513641666666,377.75864406779664,0.4120782849865668,0.2211833235704769,A,grading/data_processed/potato/A/Potato_Red_2_94__100.jpg,e3c1c181818183c7,13
4104.0,270.4507910013199,1.7241379310344829,0.7050837475835768,0.9565318727421046,18.34201800094742,24.77157666405544,95.8394126006632,43.02097888024091,54.49123638086215,32.466581498496375,14769.590989774078,359.9827586206897,0.4160360385283305,0.2603861519795418,A,grading/data_processed/potato/A/Potato_Red_1_r2_172__100.jpg,ffc18101000183ff,2
3856.0,274.308655500412,1.7241379310344829,0.6439733073644887,0.931851135814403,17.68300653594771,23.928444481718607,97.01734539969834,43.14000790849184,51.64957264957265,31.89804925970451,16080.85485564804,453.4235458028561,0.4419825133187753,0.2997718684298478,A,grading/data_processed/potato/A/Potato_Red_1_r2_42__100.jpg,ffe381800080c1ff,2
5275.5,284.35028529167175,0.71,0.8199099461061193,0.981579681830868,20.40766808668272,9.185194309681991,135.1403963696981,46.72933334075624,69.53676606779032,40.760092676744115,8266.312040051576,517.7258571428572,0.367086730234966,0.2209336635134387,A,grading/data_processed/potato/A/Potato_White_1_36__100.jpg,cf878381818181e3,7
4460.5,267.7228698730469,1.7241379310344829,0.7820282901809433,0.9827054417272528,30.416029700808036,61.5532915538892,141.9615636601878,53.15369194408178,58.75453155710854,34.33378065227618,10379.63527345422,234.97283176593524,0.4586470552822499,0.2015101161336686,A,grading/data_processed/potato/A/Potato_Red_2_r_123__100.jpg,ffc301000080c1ff,2
5982.5,318.1492758989334,1.1149425287356325,0.742729533052916,0.9554419867443904,18.6437908496732,10.026284606726335,84.72271241830066,36.6824842062904,78.65441176470588,45.138707938891336,4738.227556053866,484.8676963601533,0.4296122198952335,0.2597294903685083,A,grading/data_processed/potato/A/Potato_Red_1_r_64__100.jpg,ffc70101818183ef,0
6124.0,321.0782082080841,1.0898876404494382,0.7464889520946115,0.9565013666536508,18.712324393358877,12.16069244335704,82.95609833971903,35.48904127942679,80.4367816091954,46.25334713220081,4369.704374673758,508.4235720973784,0.42529691374677,0.2592703355163847,A,grading/data_processed/potato/A/Potato_Red_1_r_65__100.jpg,ffc70181818183e7,0
5279.5,290.3502858877182,1.3888888888888888,0.7869699370818968,0.9756075025408852,20.52349241583426,11.650068922287169,133.23196448390678,40.7788154102457,69.65408805031447,40.50948913159652,9475.207011111112,467.209595959596,0.382500811974575,0.2372934830291439,A,grading/data_processed/potato/A/Potato_White_1_r2_188__100.jpg,ff8101000081e1ff,12
5219.0,283.4213535785675,1.408450704225352,0.8164545717452746,0.9789908084787096,41.60756412656806,71.32702015004071,143.00861261935967,51.378415188111795,68.5137614678899,39.40222265870294,7415.412779210475,269.88220230473746,0.5145071596794302,0.2368255953549995,A,grading/data_processed/potato/A/Potato_Red_2_r2_24__100.jpg,ffc38100000183ff,5
5311.5,282.3502858877182,1.408450704225352,0.8372411898332407,0.9837932950546396,45.28928965771071,73.7772578482611,141.5496871549503,51.53953548643555,69.72672064777328,40.21436207647561,7839.84300900615,272.0836534357661,0.5169607542365509,0.2242136096068986,A,grading/data_processed/potato/A/Potato_Red_2_r2_25__100.jpg,ffc38100000181ff,2
4685.0,290.9360717535019,1.6129032258064515,0.6955435345002042,0.9472300849171048,21.374064837905237,13.944035834270418,129.65336658354116,45.35432182952625,62.26267664172901,36.95804831354706,11299.859541207075,496.1684587813621,0.4164723293968106,0.2111874373911821,A,grading/data_processed/potato/A/Potato_White_1_r_102__100.jpg,ff818000018183ff,17
5365.0,288.2497811317444,1.351351351351351,0.8114123581594042,0.9808940488161624,20.118418655492803,9.482732366286218,133.35725997449444,45.19467498461336,70.84168336673346,41.93933151948518,10103.290533802046,524.8626808626809,0.3926773128128597,0.2465051123789932,A,grading/data_processed/potato/A/Potato_White_1_r2_97__100.jpg,ff870100000083ff,5
4659.0,290.45079135894775,1.5873015873015872,0.6939967654119826,0.9463741620962828,20.47002297890119,6.937641132735596,130.28765406308753,44.79225518988574,62.02444119490286,37.394335893007735,13232.031148274124,495.000481000481,0.4263570681219041,0.2276591926400751,A,grading/data_processed/potato/A/Potato_White_1_r_103__100.jpg,ffc18000018183ff,5
5384.0,286.5929260253906,1.351351351351351,0.8237282912376811,0.9823024995438788,20.145424836601308,10.276837218099478,133.4241103848947,45.47571769824872,71.01379811183733,41.88820180983176,10044.509846146824,529.8813813813815,0.386389109763061,0.2447393775583855,A,grading/data_processed/potato/A/Potato_White_1_r2_96__100.jpg,ff870100008083ff,6
5507.5,284.4924228191376,1.3333333333333333,0.8551119233340612,0.9854177849346932,51.767809557647894,76.01963440858003,128.2522650559602,56.28062346540838,72.21709006928407,41.58319760382631,5988.978194560001,268.61885521885523,0.5168214180122873,0.2374027061627104,A,grading/data_processed/potato/A/Potato_Red_2_r_154__100.jpg,ffc38100000183ff,5
5644.5,290.4924213886261,1.2987012987012987,0.8405542108271277,0.9831910816930848,47.7424163633212,72.96220468610251,128.12532501300052,56.882014704238976,73.98925290344947,42.54426046368414,5147.644356130882,306.9308671126853,0.5088097860123246,0.2390342285191002,A,grading/data_processed/potato/A/Potato_Red_2_r_155__100.jpg,ffc38100000183ff,5
4482.5,270.55129647254944,0.6,0.7695395117766192,0.977431312690798,13.8548457192525,11.324219533951124,105.68687527162103,44.96257023497697,59.75771403737505,36.014516277366134,14199.404243305557,514.7094915254238,0.3520347118484102,0.2109935321565406,A,grading/data_processed/potato/A/Potato_Red_1_168__100.jpg,cfc38181818181c3,0
3790.5,269.2375876903534,0.53,0.6571053203889686,0.9574387471583732,14.588340577857323,14.821370788344838,101.6220915366914,44.3647380232887,51.00153413449246,31.542157406997376,17688.83325226059,502.8515384615385,0.3709576406744355,0.2378843044584747,A,grading/data_processed/potato/A/Potato_Red_1_99__100.jpg,ffc3c181818183c7,0
5133.0,281.62236392498016,1.4705882352941178,0.8132926529929235,0.9834275313727368,15.34734639528248,13.415824735551055,98.40992961765264,39.90216207033611,67.65075137911356,39.0801666019274,8217.365967971453,416.69236482471774,0.3595230834087346,0.2145826942177391,A,grading/data_processed/potato/A/Potato_Red_1_r_12__100.jpg,ff870301000081ff,20
6620.5,309.3208485841751,0.88,0.8695253903712218,0.9871766196973086,48.09668344684631,73.1546565193447,125.4099792715428,52.63625769780296,86.97941960319811,50.123918310047415,2687.445431766529,378.49195402298847,0.4585488672652176,0.2162567695018979,A,grading/data_processed/potato/A/Potato_Red_2_r2_52__100.jpg,ffc38781818183c7,14
5173.5,307.0365780591965,1.4705882352941178,0.6896267246708481,0.9539043053378814,20.274387947269304,10.121179307591955,116.44764595103578,42.694956514607746,68.60979284369115,40.81721113932808,9798.138808910036,566.3250148544266,0.3747869848822732,0.207576594158711,A,grading/data_processed/potato/A/Potato_White_1_r_175__100.jpg,ff8701008080c0ff,11
5281.0,296.24978041648865,1.3157894736842106,0.7561534835788315,0.966596504072481,19.81678683675356,10.161166017423932,134.6180440007395,46.134187551412985,69.48936956923646,40.32089263897762,8909.129809141275,396.3785220627326,0.4568547744364686,0.2752924396898591,A,grading/data_processed/potato/A/Potato_White_1_r2_124__100.jpg,ffc38180008187ff,2
5409.0,285.4213546514511,1.36986301369863,0.8343608529372099,0.9869537450962504,38.05332610267534,67.45961978593586,135.07989877078813,46.93004648762163,71.09074475777295,41.38888994401121,7245.8289022330655,362.0009685900096,0.4561373510927264,0.2305568115667963,A,grading/data_processed/potato/A/Potato_Red_2_r2_88__100.jpg,ff870301000081ff,20
5388.5,285.17871260643005,1.36986301369863,0.8326136815441575,0.9858214416392242,32.69865747460087,62.93088404398556,136.35649492017416,47.777784656966695,70.77685050798259,41.13232991511874,7057.818864027022,363.5306489553065,0.4596312219866725,0.2347321566529813,A,grading/data_processed/potato/A/Potato_Red_2_r2_89__100.jpg,ff870301000081ff,20
5302.5,295.66399478912354,1.3157894736842106,0.7622433782870908,0.9696443265977872,19.788950276243092,10.818851096369167,134.23259668508288,46.347949846260825,69.9255985267035,40.695441488882906,8747.146221883657,416.80555555555554,0.4492949110453051,0.2714517213799647,A,grading/data_processed/potato/A/Potato_White_1_r2_125__100.jpg,ffc38180008187ff,2
4170.0,263.9655100107193,0.58,0.7520583690223989,0.976009362200117,11.88637424171722,13.473654009566594,108.42347176854877,43.66425908991507,55.68408772748484,33.832263959772696,15066.442480856123,405.4782456140352,0.3885572649249663,0.2400874468779102,A,grading/data_processed/potato/A/Potato_Red_1_121__100.jpg,efc38381818181c3,0
4243.5,275.8650051355362,1.6666666666666667,0.7007140852726524,0.9555280342265255,13.686755270394134,23.22041396617331,107.5795142071494,47.51873432610183,56.075618698441794,32.64976438010577,12743.770161083334,340.72643097643095,0.4015066003245792,0.2604490550549117,A,grading/data_processed/potato/A/Potato_Red_1_r_132__100.jpg,ffe1c1808001c1ff,2
4231.0,263.1370825767517,0.57,0.7678719065138728,0.9809877115696732,55.911433172302736,79.0462891438601,126.8895790200138,54.66695912563322,55.977685760294456,33.09828389032651,11667.405944105878,414.28464285714296,0.4156112171646685,0.2159827887842464,A,grading/data_processed/potato/A/Potato_Red_2_111__100.jpg,e7c3c181818183c7,0
4261.0,271.6223635673523,1.65,0.725755524274043,0.9647911241933658,12.378767123287671,18.818531533401305,108.0431506849315,46.8442109709268,56.32602739726027,32.66655402392986,10156.73497066626,317.3139455782313,0.4046414872241542,0.2524500187415485,A,grading/data_processed/potato/A/Potato_Red_1_r_133__100.jpg,ffe1c1808001c1ff,2
5106.5,279.5218586921692,1.492537313432836,0.8212996717469407,0.9848601735776278,54.16851568477429,76.46719263125993,130.77658760520276,51.633361571983755,67.12605202754399,38.4766195854991,5502.482165649364,258.15257048092866,0.4659903598832036,0.2080406048127468,A,grading/data_processed/potato/A/Potato_Red_2_r_47__100.jpg,ffc180000081c3ff,17
5094.5,277.03657817840576,1.5151515151515151,0.83413664682867,0.9872105416141846,51.65088190184049,75.09413731163113,132.70072852760737,52.29773305703436,66.87097392638037,38.18704010158652,5681.805811547291,247.68870523415976,0.4591623659850562,0.1992200323418262,A,grading/data_processed/potato/A/Potato_Red_2_r_46__100.jpg,ffc180000081c3ff,17
5776.0,290.59292685985565,1.3157894736842106,0.8595417379739216,0.986254588918296,36.719247712639785,66.41790538287873,131.85259234157914,49.8948398630277,75.80633683497119,43.34575602135804,5137.43457333795,271.7422913343966,0.4283818491658071,0.2106438990060414,A,grading/data_processed/potato/A/Potato_Red_2_r2_133__100.jpg,ff838100008181ff,5
5717.5,290.0071405172348,1.3333333333333333,0.8542768841418449,0.9865412820291606,34.162758856751665,64.26553705664818,133.03440013691596,49.70119182883135,74.99144275201095,42.95701829185441,5080.021647982222,267.67084175084176,0.4398482983834915,0.2085967256526285,A,grading/data_processed/potato/A/Potato_Red_2_r2_132__100.jpg,ff838100008181ff,5
5384.0,288.93607234954834,1.36986301369863,0.8104223048975966,0.9796215429403202,20.066424682395645,9.056023339383348,129.89364791288563,40.37484005166153,71.17568058076225,41.70785078272811,8186.714553499718,556.3731838937317,0.3877537943332394,0.2325640188643101,A,grading/data_processed/potato/A/Potato_White_1_r2_182__100.jpg,ff8101000081e1ff,12
5349.0,289.4213535785675,1.36986301369863,0.8024561711736741,0.9767187072035058,19.875959079283888,6.255356144321236,130.60632078918525,41.409568906502905,70.6592985020095,41.47411955142625,7728.446449146182,564.5462847654628,0.388921594635318,0.2377964260039209,A,grading/data_processed/potato/A/Potato_White_1_r2_183__100.jpg,ff8101000081e1ff,12
4026.0,275.1370829343796,0.61,0.6683214152872712,0.9434094903339192,15.454676952748311,11.948968145667337,98.58003857280616,44.71618531710689,53.81967213114754,32.79759938248713,17003.22805834453,487.5116666666668,0.4128415170656203,0.2978036032540761,A,grading/data_processed/potato/A/Potato_Red_1_77__100.jpg,fde1c1c18181c1c7,0
4724.5,271.03657746315,1.5873015873015872,0.8081833670989036,0.9853999374283032,43.83398719801776,72.19591369106205,140.06359694404296,48.51437436850858,62.17964071856287,36.151845867782654,9627.6456170068,278.8659611992946,0.4584932724348341,0.2194520144829,A,grading/data_processed/potato/A/Potato_Red_2_r2_107__100.jpg,ff870101008081ff,6
5025.0,288.10764479637146,1.4285714285714286,0.7607401987033943,0.9750654894731736,20.69695204814599,14.192863684490224,136.58668219763152,44.967153063861474,66.27218015919239,38.74623723044498,9890.78410267347,391.4275613275613,0.4109863900828705,0.252419891440016,A,grading/data_processed/potato/A/Potato_White_1_r2_110__100.jpg,ffc38180008083ff,0
4518.5,267.72286903858185,1.694915254237288,0.7921970297523385,0.9820691154096935,35.009704550355835,65.82806196717361,139.29652792753936,52.966766803492945,59.54259219322838,34.78474687362054,9062.910993277794,251.04639616504025,0.4778619940761763,0.2048920773374926,A,grading/data_processed/potato/A/Potato_Red_2_r_129__100.jpg,ffc301000081c1ff,2
4065.5,272.2081501483917,0.57,0.6894798539993109,0.9675154688243692,12.039904420549584,12.448472875510548,104.52927120669057,43.75457419822681,54.556272401433695,33.729534253642065,15335.6655658972,468.7239285714286,0.386655850493176,0.24361446388773,A,grading/data_processed/potato/A/Potato_Red_1_115__100.jpg,ffc3c181818181c3,0
4499.0,268.3086562156677,1.694915254237288,0.7853377771338542,0.9819927971188476,34.730835859679516,65.40348571681447,139.50714595062797,54.34443802026413,59.30316154179298,34.70257083021937,8454.705613875321,237.5863721965417,0.472672308901649,0.2080421266231793,A,grading/data_processed/potato/A/Potato_Red_2_r_128__100.jpg,ffc301000081c1ff,2
4935.5,278.2081506252289,1.5384615384615383,0.8013114005515417,0.9817982892381142,42.23527085804666,72.03879225457408,143.95749308026888,49.0878076816611,64.96006326611308,37.67209340803523,8019.360405301775,259.672261072261,0.4686394631119238,0.2127579946487165,A,grading/data_processed/potato/A/Potato_Red_2_r2_195__100.jpg,ffc181000001c1ff,2
4958.0,275.96551060676575,1.5625,0.8181007095782666,0.9851962245404868,44.38720472440945,73.6289475878557,143.99862204724408,48.053773583159334,65.29311023622047,37.75512313064147,7683.987006933594,250.45138888888897,0.4607316520307524,0.1977805338591454,A,grading/data_processed/potato/A/Potato_Red_2_r2_194__100.jpg,ffc181000001c1ff,2
5248.5,293.17871284484863,1.3888888888888888,0.7673265016084644,0.9752857010127288,20.47228422619047,12.993014594944992,136.9077380952381,41.92042276604298,69.4321056547619,40.77373692097317,8861.69674066358,536.0767396184064,0.3991365485227639,0.2419489113897474,A,grading/data_processed/potato/A/Potato_White_1_r2_4__100.jpg,ffc101000081c1ff,12
4624.5,279.86500430107117,1.462686567164179,0.7419548135417171,0.9627355053606744,14.27512112913419,16.81130291154142,89.67116073309458,40.3722401637348,61.02612176111228,35.57499862035616,10297.354963226784,320.71072472688104,0.4658774406265988,0.2651798360059564,A,grading/data_processed/potato/A/Potato_Red_1_r2_130__100.jpg,ff870301010083ff,6
4895.0,282.93607223033905,1.5151515151515151,0.7683974582358232,0.9687314466653472,15.73495416500598,22.720017182149657,99.31028298126743,44.02024039289593,64.67158230370666,37.534521821188726,10034.356994949496,455.9395469850015,0.3720283924760579,0.226149420384422,A,grading/data_processed/potato/A/Potato_Red_1_r_106__100.jpg,ffc181800001c1ff,2
5952.0,312.3919162750244,1.1395348837209305,0.7664312643521396,0.9579142190391888,14.538448899112716,18.41240108718044,95.45990798554058,39.0446455227112,78.28803812027604,45.2466531755781,5439.552538051457,445.70426756173583,0.4708062986791106,0.2647367067593259,A,grading/data_processed/potato/A/Potato_Red_1_r2_92__100.jpg,ffc78100000183cf,0
4502.0,280.4507911205292,1.4848484848484849,0.7192866764218229,0.9562446898895496,14.872,19.641875971395365,88.34205405405406,38.694017612857344,59.681513513513515,35.35776032226274,11891.05287560012,356.57731958762884,0.4632089057268957,0.2727460144365207,A,grading/data_processed/potato/A/Potato_Red_1_r2_131__100.jpg,ff870301010183ef,4
6834.0,313.90663385391235,0.89,0.8715330297001695,0.986645491951202,39.26427546628408,66.21039809259409,118.68149210903874,51.58803943171097,89.77073170731707,51.82281593054423,2469.636239919202,350.8336363636364,0.4296128207537336,0.2029540205378532,A,grading/data_processed/potato/A/Potato_Red_2_r2_66__100.jpg,ef878d81818181e7,7
3850.0,269.96551072597504,1.706896551724138,0.6638256420091971,0.9375380494338243,14.834467120181406,15.778386536896702,98.99899218946838,42.8465183655167,51.3214915595868,30.791293383704463,18998.503073377815,345.65042223786065,0.4566604896743536,0.2934163638997774,A,grading/data_processed/potato/A/Potato_Red_1_r2_48__100.jpg,fff381808000c1ff,6
3903.0,273.27921772003174,1.6666666666666667,0.6567426237479147,0.9344026813502514,14.646941819990056,15.234473206832726,98.00795624067628,43.96775564998893,52.19418199900547,32.488996507239776,17554.474431555554,462.28164983164993,0.4745268585043944,0.3159046612006761,A,grading/data_processed/potato/A/Potato_Red_1_r2_49__100.jpg,fff381800080c1ff,6
4964.0,281.76449978351593,1.462686567164179,0.785722316013211,0.97706918610373,17.25599685410932,18.25349471275173,92.9748328745576,40.881413481769314,65.39343295320488,37.68188487367423,8133.172330294359,338.8669026004002,0.3940637539203305,0.2149191909329847,A,grading/data_processed/potato/A/Potato_Red_1_r2_179__100.jpg,ffc18100018183ff,0
4606.0,280.4507907629013,1.6129032258064515,0.7359028076518013,0.973475641974004,15.146542609431169,16.21998958580431,101.09832945654472,43.92400364462607,61.176993021780504,36.24637521151507,10298.87431298127,453.01710654936466,0.3659289481166034,0.2242653293390137,A,grading/data_processed/potato/A/Potato_Red_1_r_27__100.jpg,ff870101008081ff,6
4601.0,276.30865573883057,1.639344262295082,0.7573089986460865,0.9762359431360068,15.17675698560542,16.364881855775064,100.06011854360712,42.28073619664849,60.84801016088061,35.4421774243494,10999.765608277346,344.48484848484856,0.3594404879856492,0.2137543792067043,A,grading/data_processed/potato/A/Potato_Red_1_r_26__100.jpg,ff878301010081ff,4
6025.0,394.6761870384216,0.9894736842105264,0.4860546111521098,0.8614526737203317,19.478050355067783,9.647934305011828,115.5687540348612,37.66679221063541,80.21578437701743,46.37417724432882,3287.2256267798944,489.5074136955293,0.466793196427028,0.2889725481312674,A,grading/data_processed/potato/A/Potato_White_1_r2_159__100.jpg,ff9f8d810181c1e3,24
4714.0,299.7644993066788,1.6129032258064515,0.659233160382625,0.9444054893318642,20.724664602683177,6.435497252544606,128.49184726522188,45.7140592961358,62.834262125902995,37.97838153315151,12123.200637851196,495.18963831867063,0.4060048967474124,0.206370513915522,A,grading/data_processed/potato/A/Potato_White_1_r_94__100.jpg,ff810000000183ff,5
6436.5,305.66399359703064,1.1764705882352942,0.8657072838788753,0.9856060026031698,47.27279646826001,71.9254628778197,120.33125285431572,50.04885297020999,84.41269599634647,48.45677236902513,3382.8126297577855,317.06678550207965,0.4082075792719025,0.214162219219974,A,grading/data_processed/potato/A/Potato_Red_2_r2_138__100.jpg,ff838300008183ff,0
5506.0,310.59292685985565,1.351351351351351,0.7172374345302253,0.9572322670375522,20.75079758950727,8.572972432561846,128.9844026940801,45.38545895260252,72.5716058135413,42.15093230055086,8234.541347242512,500.6648921648922,0.4035022931035883,0.2231219682217567,A,grading/data_processed/potato/A/Potato_White_1_r_70__100.jpg,ff838100000103ff,5
5457.0,306.5929266214371,1.36986301369863,0.7295239524985857,0.9585455822940452,21.343945626900375,11.92190945190145,128.36111607941334,44.9564663659838,72.01287783938473,41.85360667237142,8609.380678757741,508.5381209353813,0.4043530655231941,0.2195253263506026,A,grading/data_processed/potato/A/Potato_White_1_r_71__100.jpg,ff838100000103ff,5
4410.0,273.27921760082245,1.5714285714285714,0.7420535416999957,0.9666812801402892,13.057187017001546,22.40077450204774,108.35857805255024,48.52369808259797,58.205564142194746,33.58542073148205,10636.130386734309,315.24700356333005,0.4222976009732783,0.262137546025587,A,grading/data_processed/potato/A/Potato_Red_1_r_138__100.jpg,ffe1c180800181ff,10
4426.5,276.6934311389923,1.5076923076923077,0.7265619244074848,0.9523450946643718,17.84407301517484,17.349817088859517,96.90279305036287,42.778435098341255,58.41565867605014,33.841219711336905,11570.69953830874,327.69373513084855,0.4256979817088602,0.2737226873112566,A,grading/data_processed/potato/A/Potato_Red_1_r_50__100.jpg,ff838301018083ff,17
4783.0,274.45079123973846,1.5873015873015872,0.7979602735129652,0.98193389447752,46.46400163165409,74.87568784788029,143.75178462166022,51.70065339105013,63.069549255557824,36.90303837106768,9640.233174376415,288.6421356421356,0.4798844242778192,0.2116821431974606,A,grading/data_processed/potato/A/Potato_Red_2_r2_6__100.jpg,ffc181000001c1ff,2
4866.0,273.9655102491379,1.5873015873015872,0.8146858691952861,0.983924780103124,46.78544214958893,74.90462945476484,143.81872869460597,49.55828980885864,63.991177060356925,37.24750059722202,8826.854964373899,264.44572711239385,0.4904069021937061,0.1997413982028907,A,grading/data_processed/potato/A/Potato_Red_2_r2_7__100.jpg,ffc18100000181ff,5
5956.0,294.7350617647171,1.2345679012345678,0.8615905911366716,0.9878918560291924,51.39098980598487,75.58909087100201,129.00131535679054,48.74160268738468,78.10226899046366,45.037027385180735,4998.423540603566,327.1250779398928,0.4368247540907635,0.2384415789966217,A,grading/data_processed/potato/A/Potato_Red_2_r2_82__100.jpg,ff870301008081ef,6
4440.5,266.0660147666931,1.7543859649122806,0.7882480937089047,0.984808161454868,36.50164509760913,66.87081917431338,140.18447027856988,52.48786166301348,58.53103750822549,34.11349442532516,9367.58640024623,222.1658692185008,0.4508842304323488,0.1922482958446253,A,grading/data_processed/potato/A/Potato_Red_2_r_117__100.jpg,ff8301000080c1ff,6
5819.0,294.2497808933258,1.2658227848101269,0.8445510864777434,0.9852692177446664,46.113185334678775,72.66817814383565,130.02825428859737,49.30801556683103,76.40750084090145,44.137489728950875,5329.142849158788,332.23449686740827,0.4454975906637214,0.236089614802906,A,grading/data_processed/potato/A/Potato_Red_2_r2_83__100.jpg,ff870301008081ff,20
4435.5,268.06601560115814,1.7241379310344829,0.7756555942460938,0.9822832465950616,36.431613611416026,67.01745017055804,138.70274423710208,53.821780785021645,58.45159165751921,34.2310675868606,9617.767323156955,233.08133054684785,0.4606029002993486,0.2053136799324375,A,grading/data_processed/potato/A/Potato_Red_2_r_116__100.jpg,ff8301000080c1ff,6
5093.5,291.6639940738678,1.337837837837838,0.7524203569165345,0.9581452219714072,14.937919141598009,21.26974308349036,99.79383023567732,41.00060089880104,67.06418854186626,38.947332527720235,7896.823319354646,373.44897959183675,0.4567636672735906,0.27504350548742,A,grading/data_processed/potato/A/Potato_Red_1_r2_76__100.jpg,ffe78100000181ef,5
5153.5,295.32084822654724,1.32,0.7425469697490812,0.959147589800856,14.023484848484848,18.33770482254698,99.70549242424242,41.73110405430034,67.91098484848484,39.19746088637845,7707.730715478013,365.2795918367348,0.4547422076554268,0.2763918537994278,A,grading/data_processed/potato/A/Potato_Red_1_r2_77__100.jpg,ffe78100000181ef,5
6491.0,307.07820785045624,0.86,0.8650146812223827,0.9864741641337386,43.198520531400966,69.22673743104919,119.37213164251207,55.365056734108755,85.2854770531401,49.273476409625054,3340.88818700649,372.8930588235294,0.4410592493297431,0.2158636792693056,A,grading/data_processed/potato/A/Potato_Red_2_r2_59__100.jpg,ef838781818183c7,7
6690.0,313.07820749282837,1.1235955056179776,0.8576899169638486,0.9844025897586816,20.125256372692647,7.984271692681006,120.10225607969528,37.84615143735825,88.07735130383827,51.11541544045891,4612.603514505744,551.9151061173533,0.3932848310153722,0.2204489250521331,A,grading/data_processed/potato/A/Potato_White_1_r2_167__100.jpg,ffbb11000081c1f7,12
6951.5,321.8061304092407,1.0638297872340423,0.8435285083189483,0.9803963049150272,20.097884344146685,9.499699856183272,118.36558533145276,36.770174802165094,91.52693935119888,53.02030820781673,3865.591617881394,539.7013754566946,0.4125429218953912,0.2334100523627011,A,grading/data_processed/potato/A/Potato_White_1_r2_166__100.jpg,ffbf19010081c1e3,12
4974.5,282.5512956380844,1.5151515151515151,0.7830052843466703,0.9785580800629488,15.960392156862746,19.142755754734697,99.91666666666669,40.61227377340191,65.73901960784313,38.31774696367417,9767.86142972911,432.270584634221,0.3451917005255722,0.2146214057165854,A,grading/data_processed/potato/A/Potato_Red_1_r_18__100.jpg,ff870301000081ff,20
3789.5,267.72286891937256,0.55,0.6643865545911082,0.9503448275862068,14.469037871033777,7.97445469818906,98.58060388945752,44.81227650238501,51.20701125895599,32.83189530014788,20091.502488429753,732.462962962963,0.3994180290594902,0.2647700687396737,A,grading/data_processed/potato/A/Potato_Red_1_93__100.jpg,fbc3c181818181c7,0
4874.5,272.55129611492157,1.6129032258064515,0.8246001993265126,0.9861420190167914,56.78098098098098,78.08081641818943,132.94134134134134,53.06971223739151,64.20380380380381,37.20848528121582,7790.34007073361,262.75350276963184,0.4052346333114199,0.184984692015327,A,grading/data_processed/potato/A/Potato_Red_2_r_96__100.jpg,ff8301000080c1ff,6
3524.0,261.82337415218353,1.849056603773585,0.6459946674809236,0.936860295095042,15.203240867893436,20.49830749611718,91.74127986816808,42.51747717494043,47.34935457291953,29.3304184614763,18509.060089216116,327.9904687803929,0.4679546722775157,0.2875801121551316,A,grading/data_processed/potato/A/Potato_Red_1_r2_147__100.jpg,ff870101010183ff,0
6675.5,314.6345565319061,0.9191919191919192,0.8473851027438618,0.9803935967102364,15.26446402349486,21.36987978809575,94.13861967694568,38.41666447139722,87.9208516886931,50.957824746997474,3176.3242008543375,458.1139169472503,0.4218234777365325,0.2301491227931433,A,grading/data_processed/potato/A/Potato_Red_1_r_170__100.jpg,ffcf8781018183c7,19
3564.0,267.13708233833313,1.851851851851852,0.627594606676407,0.9326180819050112,15.415806626833245,21.60628894338463,91.0673546985334,43.164916548632455,48.00624660510592,30.686942589629336,20925.1505478395,427.4928918817808,0.4885227422970812,0.3070177136261491,A,grading/data_processed/potato/A/Potato_Red_1_r2_146__100.jpg,ff870101010187ff,4
5126.5,284.3502861261368,1.3243243243243243,0.7967525948332637,0.975547098001903,15.44,9.730713280761114,114.06342857142856,41.61408158712781,67.62476190476191,38.81302869362143,8172.171522210128,344.27361382000555,0.4021602299268684,0.263125656999287,B,grading/data_processed/potato/B/Potato_Sweet_1_r2_148__100.jpg,ff830100010387df,4
5145.5,281.6639951467514,1.3243243243243243,0.8150322176444174,0.9792558759158816,16.092480060767187,13.05834261503267,113.26813520698822,41.72224133671027,67.69540448157994,38.93722837186845,8145.925995252007,332.9799387015882,0.3993662228872396,0.261462165797796,B,grading/data_processed/potato/B/Potato_Sweet_1_r2_149__100.jpg,ff830100010387df,4
4688.0,273.42135322093964,1.492537313432836,0.7880115993579891,0.9774812343619684,15.293444328824142,8.344909325676863,111.28095733610822,41.876903768292145,61.95754422476587,36.6150414013198,13408.574787168634,437.72953414744467,0.3861523285577307,0.2706161939518345,B,grading/data_processed/potato/B/Potato_Sweet_1_r2_98__100.jpg,ffc301000080e1ff,5
4733.5,274.29141199588776,1.337837837837838,0.790620052521117,0.9699795081967212,15.075923251495771,9.57437587816862,112.47121931091397,46.688653395762095,62.46358572312771,35.94644861337764,9625.285307569502,388.5893546607832,0.4397464174702487,0.323009094419834,B,grading/data_processed/potato/B/Potato_Sweet_1_r2_43__100.jpg,ffe3c1000181c3ef,10
4504.0,268.93607330322266,1.5625,0.7825464521932327,0.976159514521023,15.736363636363636,10.110267496697652,113.92554112554112,41.91527835732607,59.67424242424242,35.527377209026916,13427.616016577147,433.16224747474746,0.3899396979459145,0.2663176785277328,B,grading/data_processed/potato/B/Potato_Sweet_1_r2_101__100.jpg,ffc301000080c1ff,2
4646.5,271.46298491954803,1.356164383561644,0.7923454442728727,0.9731909100429365,15.243958814877075,6.7635564073542955,114.31645303635216,47.34653474244452,61.26350073544862,35.296545097711615,11923.169042975667,343.48168856583726,0.4474865913293763,0.3274325935612511,B,grading/data_processed/potato/B/Potato_Sweet_1_r2_42__100.jpg,ffe3c1000181c3ff,0
4561.0,269.7644999027252,1.523076923076923,0.7875902686960745,0.9760325272843996,15.868291639940132,11.869063893589718,112.06179174684628,41.68033338110592,60.35471456061578,35.69406666119391,12935.637340375242,433.4483516483516,0.3798105087791163,0.2620435136256055,B,grading/data_processed/potato/B/Potato_Sweet_1_r2_100__100.jpg,ffc301010080e1ff,6
5418.0,295.76449942588806,1.337837837837838,0.7783174647884791,0.9644001423994304,16.177212907878133,14.014548569552868,111.38687578871462,42.49791512199744,71.40255994231116,41.28727308738173,8241.258240147674,432.1315499172641,0.3983738882840618,0.2303924769038736,B,grading/data_processed/potato/B/Potato_Sweet_1_r_144__100.jpg,ffc78180000101f7,2
4686.0,272.1076455116272,1.546875,0.7952994082416112,0.9746256239600666,14.24188176519567,11.431355178702788,116.68318068276436,43.15346383170478,61.78018318068276,35.63258442407912,12261.25920983828,345.2284757653061,0.3372038853183207,0.2287279688458849,B,grading/data_processed/potato/B/Potato_Sweet_1_r2_193__100.jpg,ff8301000081c3ff,5
5469.5,293.52185904979706,1.3066666666666666,0.7977679631553033,0.9664281296934358,15.895677027509825,12.80826448223236,111.483922829582,42.3515039217355,71.92979635584138,41.441228092883,8595.197210884353,394.39587628865974,0.3827316968518463,0.225798729641405,B,grading/data_processed/potato/B/Potato_Sweet_1_r_145__100.jpg,ffc78181000103ff,5
4759.5,274.3502858877182,1.5714285714285714,0.7946215904842799,0.9807335668658562,15.120746207462076,15.291696238773248,116.48482984829847,42.781902485520526,62.81180811808118,36.581986640793644,11199.492914902248,420.06171039844514,0.3226009793636238,0.2036365022292076,B,grading/data_processed/potato/B/Potato_Sweet_1_r2_192__100.jpg,ff8301008081c3ff,11
3741.5,255.72286880016327,0.53,0.7189794505818453,0.9730819245773732,14.011157239231968,10.14084160503503,122.63284898806435,49.95265916945947,50.189673066943435,31.046520616558812,17711.502514204345,414.4492307692308,0.3665250668544888,0.2456951104074041,B,grading/data_processed/potato/B/Potato_Sweet_1_197__100.jpg,e7c38181818183c7,0
3977.0,257.07820868492126,1.639344262295082,0.756196956000025,0.9717776420281,14.149571603427171,9.1829975899438,121.54443084455325,47.777552653185914,52.76034271725826,30.912457334983788,16182.046559392636,309.90213611525087,0.4341924201271896,0.3163797280630351,B,grading/data_processed/potato/B/Potato_Sweet_1_r2_34__100.jpg,ffe381000081c3ff,2
4062.5,262.4924212694168,1.5625,0.7409172399405655,0.963248369887374,15.411214953271028,15.85659702132275,118.83057752216632,47.63845390556239,53.980349868200335,31.98998760766493,14837.281367089849,358.2799873737374,0.4516492355344194,0.3340299978365407,B,grading/data_processed/potato/B/Potato_Sweet_1_r2_35__100.jpg,ffe381000081c3ff,2
4279.5,272.69343197345734,1.6666666666666667,0.7231918766417124,0.9544998327199732,15.951796271032288,15.172449518019995,114.2905866302865,42.566056602532136,56.59618008185539,33.21749135104153,12633.942368638893,347.2038720538722,0.4095203437252717,0.2554384987630914,B,grading/data_processed/potato/B/Potato_Sweet_1_r_133__100.jpg,ffc78180000101ff,2
4209.5,268.6934323310852,1.6779661016949152,0.7327001419154041,0.961731779757825,17.424410540915396,21.007400135099303,115.77623670827556,42.06426131267794,55.655108645399906,32.66240910565315,13359.352533456578,313.66966447595985,0.4071484859626036,0.2470428751690139,B,grading/data_processed/potato/B/Potato_Sweet_1_r_132__100.jpg,ffc78180000101ff,2
6025.5,302.977704167366,1.2375,0.8248626024887367,0.9788806758183738,17.14654752233956,17.221856280155684,102.26612510154348,37.93345339683505,79.37822908204711,45.87833924425608,5645.1934871282265,595.6595663265307,0.3360635881891769,0.2071919003594307,B,grading/data_processed/potato/B/Potato_Sweet_1_r_81__100.jpg,ff8f8101000081df,20
6060.5,300.1492760181427,1.2375,0.8453639414773481,0.9830494728304948,16.437065761835516,13.673682058952473,102.3115204394894,37.62627017870118,79.90887057682986,46.19206638340966,5746.82952020202,606.2057397959184,0.3309162049236304,0.2036261059313462,B,grading/data_processed/potato/B/Potato_Sweet_1_r_80__100.jpg,ffcf8101000081df,5
3724.5,252.89444255828855,0.51,0.7318115697255559,0.9793584012621614,14.655370177267988,12.308516674878073,121.4051094890511,49.90453467146336,49.9859228362878,31.053307960760456,16664.570220838137,457.4134,0.3457323941883735,0.2232321213445771,B,grading/data_processed/potato/B/Potato_Sweet_1_3__100.jpg,e7c38181818183c7,0
3958.0,266.7939373254776,1.851851851851852,0.6987691791432623,0.9568475764535236,14.898159509202454,9.655167867584916,113.96932515337424,43.24372124542421,52.708711656441714,31.7368831539567,15339.951049074072,389.1838757949869,0.3596901130278022,0.2327086586013985,B,grading/data_processed/potato/B/Potato_Sweet_1_r_13__100.jpg,ffe38101008080ff,5
4140.5,263.7228693962097,0.55,0.7481127703594016,0.9729761485136882,15.819121447028424,9.756860021566109,117.32652102419544,43.837620097557746,55.30772844726333,33.86241447191162,14231.025371867769,411.1242592592593,0.3481867215522832,0.2072605300043113,B,grading/data_processed/potato/B/Potato_Sweet_1_52__100.jpg,8f8381818181c3e7,29
4156.0,265.6223646402359,0.56,0.7402120073763198,0.971254966113578,15.680477528089888,10.198232430955278,117.37312734082396,44.07240816832361,55.583333333333336,34.263151652665435,16094.84294563138,510.0030909090909,0.3634117914050378,0.2125895047283876,B,grading/data_processed/potato/B/Potato_Sweet_1_53__100.jpg,8f8381818181c3e7,29
4011.0,268.79393696784973,1.818181818181818,0.6976274958765176,0.9596841727479364,15.088883506902398,10.403419661448268,112.27633809639138,43.34013809867482,53.39355776217002,32.09272813257924,15452.863883471076,414.92929292929296,0.3583654015159708,0.2361587018620049,B,grading/data_processed/potato/B/Potato_Sweet_1_r_12__100.jpg,ffe38101008080ff,5
3967.0,259.6223647594452,0.56,0.7395846039246671,0.9677970236643084,13.97843137254902,13.119156981008706,128.44656862745097,47.88541867373637,53.04240196078431,32.01250393137147,15492.649914508933,509.6323636363636,0.3603529962914482,0.2466636884638911,B,grading/data_processed/potato/B/Potato_Sweet_1_178__100.jpg,f3c181818181c3c7,13
4306.0,263.27921974658966,1.694915254237288,0.7806398639520492,0.9753114382785956,14.660407239819005,14.835350280114843,120.14276018099548,44.85309585486839,57.00203619909502,33.63313176638446,13353.451126113185,333.8070535867146,0.3508138989464313,0.2377283972256758,B,grading/data_processed/potato/B/Potato_Sweet_1_r2_199__100.jpg,ff8301000081c3ff,5
3977.5,263.8650051355362,1.818181818181818,0.7178876136163949,0.9663508260447036,15.8475073313783,12.837609365326212,114.37658846529814,43.40520585935291,53.25097751710655,33.304591394278575,13615.17853523967,459.77906336088154,0.3720758364611121,0.2433406795155673,B,grading/data_processed/potato/B/Potato_Sweet_1_r_26__100.jpg,ffe38101000080ff,5
5852.0,296.5340510606766,1.1136363636363635,0.8363056678471528,0.9764725513098615,16.688253012048193,15.60623553510634,106.53246318607763,43.589319012247195,76.90612449799197,43.65756507096568,5830.341704953665,429.0515463917525,0.4136906197001998,0.2923744630344596,B,grading/data_processed/potato/B/Potato_Sweet_1_r2_49__100.jpg,ffc1c1800181c3e7,10
5645.5,294.2914116382599,1.1395348837209305,0.8191380489772171,0.9765611485902091,15.840873634945398,7.728872442443492,107.75801698734617,44.29905969090162,74.24250303345467,42.243944299717135,6653.821881090987,397.30112682809875,0.4190851704144901,0.3013179857549812,B,grading/data_processed/potato/B/Potato_Sweet_1_r2_48__100.jpg,ffe1c1800181c3e7,10
3840.5,265.5218583345413,1.851851851851852,0.6845372338343563,0.9464021685559388,15.61213653603034,17.804678552790698,113.09734513274336,41.36325932244642,51.57016434892541,32.40262385542777,17326.203294615912,481.30845491956586,0.3812218135166469,0.2541715880992821,B,grading/data_processed/potato/B/Potato_Sweet_1_r_107__100.jpg,ffc78101000001ff,5
5094.5,283.3208477497101,1.3888888888888888,0.7975434733466247,0.977831094049904,15.864046021093,10.239477761028166,108.39367209971236,39.6257874121202,67.2928092042186,39.44905784648216,10682.188055555556,466.4990179573512,0.3725983105607738,0.2630469322857406,B,grading/data_processed/potato/B/Potato_Sweet_1_r2_92__100.jpg,ffc301010080e1ff,6
3939.5,264.35028624534607,1.818181818181818,0.7084209545782697,0.95456748243276,15.915124599062423,18.92230144425405,112.5746360720454,42.24393892228111,52.62817665926474,32.3773651346629,17375.458418380167,409.66721763085405,0.3830149263656737,0.2519359013077861,B,grading/data_processed/potato/B/Potato_Sweet_1_r_106__100.jpg,ffc38101000001ff,2
5022.5,278.83556842803955,1.408450704225352,0.8117708755910966,0.9791402670825616,16.886619992220925,16.41961726375482,109.54375729288216,40.39540482483729,66.18961493582263,38.75324135560089,11311.12012320968,454.7750746905677,0.3739008615392067,0.2624945972741705,B,grading/data_processed/potato/B/Potato_Sweet_1_r2_93__100.jpg,ffc301000080e1ff,5
4017.5,267.7228696346283,0.57,0.7043601976006614,0.9594029850746268,15.458413926499032,8.156900212829044,116.87983558994198,44.89131318625153,53.72872340425532,33.21037227740105,15808.531909233609,562.3582142857143,0.3721372617281244,0.2483425285358749,B,grading/data_processed/potato/B/Potato_Sweet_1_130__100.jpg,f1c181818183c3c7,13
4003.0,266.3086562156677,0.57,0.7092917162366124,0.954572552760224,16.14292647415676,15.564464784091369,117.28925018199466,44.45733407674294,53.4717301625819,32.439640089025986,16514.98804198215,410.22607142857146,0.3705744091767905,0.2536516472709478,B,grading/data_processed/potato/B/Potato_Sweet_1_131__100.jpg,f1c181838183c3c7,13
4389.0,274.4507910013199,1.7241379310344829,0.7322282346923039,0.9627111208598376,15.254380128631626,10.509880089990366,108.89066311820802,43.03944328896892,58.44111776447106,35.35526885594783,13543.066135552916,512.9907697666318,0.3247885436813245,0.2095501004240944,B,grading/data_processed/potato/B/Potato_Sweet_1_r_195__100.jpg,ffc38100008080ff,2
5007.5,281.52185821533203,1.3943661971830985,0.7939745487051552,0.9774546164356822,14.734892787524366,4.417038033400442,114.35477582846003,41.11126515221385,66.04541910331385,38.05474772015483,10002.774918760744,343.14745616556485,0.381322717998141,0.2573418025566686,B,grading/data_processed/potato/B/Potato_Sweet_1_r2_142__100.jpg,ff830100010387ff,4
4417.5,273.03657746315,1.694915254237288,0.7446372529151991,0.9662073490813649,16.403350231430462,17.251206185378607,108.90897068547498,42.73353012127847,58.6967158915583,34.924291305964815,14063.588181873023,428.3932545796953,0.3365101200860492,0.2174418341936911,B,grading/data_processed/potato/B/Potato_Sweet_1_r_194__100.jpg,ffe38100008080ff,6
4983.5,279.52185928821564,1.380281690140845,0.8015170658367677,0.9764867247967082,14.988834476003918,8.05113875016231,113.33202742409402,41.7854794228883,65.74632713026445,37.96495753601978,9737.678949482215,339.72353709888205,0.3875045891047093,0.2534907707606049,B,grading/data_processed/potato/B/Potato_Sweet_1_r2_143__100.jpg,ff870100010387df,4
3901.5,262.20815122127533,1.851851851851852,0.7130978030708836,0.959070796460177,15.907121513944222,13.5448785208505,114.04905378486056,42.75416540482619,52.21688247011952,32.6648062229032,15289.37584691358,378.5881032547699,0.373422523459329,0.2437062474440763,B,grading/data_processed/potato/B/Potato_Sweet_1_r_18__100.jpg,ffe38101008080ff,5
4095.0,266.7939374446869,0.6,0.7229559843442483,0.9580067844192304,15.076210826210826,13.637420380886292,122.06576448243116,45.339436238793766,54.978157644824314,34.05737153906457,16694.342359972223,625.2803389830509,0.3781157651280662,0.2752462531195712,B,grading/data_processed/potato/B/Potato_Sweet_1_146__100.jpg,f1c18183838383cf,13
4246.0,271.62236428260803,1.7543859649122806,0.7232006430036194,0.9592228623065628,15.445131729667812,11.159944214894386,109.90584192439864,42.749410480802105,56.616494845360826,34.48143087226976,13177.02650277008,499.2441963494596,0.3402273582588,0.2204613686341145,B,grading/data_processed/potato/B/Potato_Sweet_1_r_4__100.jpg,ffc38100008080ff,2
4182.0,269.62236428260803,1.7857142857142858,0.7229063959564233,0.9639276247550996,15.936046511627907,15.334498367533346,111.09558139534884,43.379776973186296,55.79860465116279,34.08577958835656,15395.907463137752,521.5072150072151,0.3430073212787012,0.2186734963535635,B,grading/data_processed/potato/B/Potato_Sweet_1_r_5__100.jpg,ffc381010080c0ff,2
4480.5,269.17871248722076,1.5625,0.7770606600416066,0.9760374686853284,15.134682332463012,7.775931260656424,112.57114882506528,41.350519675626195,59.33986074847694,35.14536868886874,12284.713554077149,342.3106060606061,0.3918493176534517,0.2694691344904672,B,grading/data_processed/potato/B/Potato_Sweet_1_r2_135__100.jpg,ff878100018183ff,17
4437.0,270.5929274559021,1.5625,0.7614938678617144,0.9750576859685748,16.104546452888204,12.817325023303558,113.02481880079068,42.202039321348394,58.70327256753789,34.31836361974738,13931.492217749024,327.0820707070707,0.403389009323671,0.2759237440223377,B,grading/data_processed/potato/B/Potato_Sweet_1_r2_134__100.jpg,ff878100008183ff,0
4672.0,280.5929261445999,1.5,0.7456916189050827,0.9575732732117236,16.00646776549134,15.115017682590317,111.89630711454204,41.1555127388724,61.82620488211976,36.13972533473883,12219.304979678707,369.52829313543606,0.4196564803738191,0.2547040147437546,B,grading/data_processed/potato/B/Potato_Sweet_1_r_139__100.jpg,ffc78180000101ff,2
4201.0,262.45079159736633,0.59,0.7664198980789306,0.9772040009304488,15.712630359212053,11.28301938548227,116.66373117033604,44.04395538033963,56.1513325608343,34.11415700200974,14180.083767767885,439.1560344827586,0.3575778264834892,0.2462863293095178,B,grading/data_processed/potato/B/Potato_Sweet_1_82__100.jpg,efc38181818183e7,0
5525.0,286.5929266214371,1.337837837837838,0.8453006668197882,0.9817858729453576,15.392104797309258,13.62354864528903,111.08107629668967,40.28923765409467,72.71658700654983,41.71419683635063,6868.814013794154,414.61624379481526,0.3376162796146406,0.2171874862367321,B,grading/data_processed/potato/B/Potato_Sweet_1_r2_184__100.jpg,ff8301000081c3ff,5
5332.5,281.1787129640579,1.3943661971830985,0.8475705355240951,0.9840376453220152,15.228456178951228,14.27648397866234,111.52915291529152,40.688092573629525,70.22038870553722,40.42010570871222,7536.016486704746,403.4781546421386,0.3295773264145943,0.2105645569318173,B,grading/data_processed/potato/B/Potato_Sweet_1_r2_185__100.jpg,ff8301000081c3ff,5
4065.0,258.93607199192047,1.694915254237288,0.7618777715569731,0.976928622927181,16.242816091954023,15.508184284728102,112.71647509578544,43.58467203750861,54.008141762452105,32.33413956209881,18335.58930295892,370.5636021229242,0.3989983899129471,0.2802717333866329,B,grading/data_processed/potato/B/Potato_Sweet_1_r2_116__100.jpg,ff8381000081c3ff,2
6315.0,307.5634888410568,0.88,0.8389066973530996,0.9765715611227094,16.880254381883045,14.222126897837356,103.17372421281216,42.493458704958755,83.23406235458353,47.60253364948784,4353.758812487086,506.5081609195403,0.380286005884114,0.2502692961007184,B,grading/data_processed/potato/B/Potato_Sweet_1_r2_55__100.jpg,ffc3c1818181c1e7,0
3832.0,268.79393684864044,0.55,0.6664942823659995,0.9349762108088324,15.02227848101266,8.652124045847103,113.8853164556962,42.66767385256033,51.62,32.74051653204042,16367.56483077686,493.8968518518518,0.4039293489645084,0.2583653571018045,B,grading/data_processed/potato/B/Potato_Sweet_1_32__100.jpg,8f8381c1818183e7,31
3846.5,266.5512971878052,0.55,0.6803211929123902,0.93828515672643,15.558526740665991,12.696382898184709,115.5047931382442,42.31717043297795,51.914228052472254,33.339297960226844,16171.6830406281,569.6024074074074,0.4072037403709143,0.254917480394538,B,grading/data_processed/potato/B/Potato_Sweet_1_33__100.jpg,8f8381c1818183e7,31
3984.0,265.96550989151,0.56,0.7077478371463395,0.9581529581529582,14.92587173860034,7.216772185844471,117.59985369422093,44.7429253994659,53.43282126310656,33.304103530016526,16630.327140816327,443.3536363636364,0.3864073893889428,0.241711938383326,B,grading/data_processed/potato/B/Potato_Sweet_1_44__100.jpg,8f838181818383e7,31
4158.5,260.3502860069275,1.6666666666666667,0.7709575247635513,0.9770911654135338,15.334894613583138,5.270551404581086,114.32412177985948,43.32231311834911,55.176112412177986,32.91101323844047,16038.248439972222,382.0799663299664,0.3994456216955863,0.2759492156084872,B,grading/data_processed/potato/B/Potato_Sweet_1_r2_128__100.jpg,ff8781000081c3ff,5
4617.5,279.52185904979706,1.6129032258064515,0.7426517623788161,0.9565983012222912,16.645283815150876,20.72481054493628,105.19518885840894,40.011779364722,61.096011816838995,35.91737873941123,12368.725902991677,414.12886933854674,0.3485758543523686,0.2224100855273083,B,grading/data_processed/potato/B/Potato_Sweet_1_r_97__100.jpg,ffc38101000001ff,2
3846.5,260.208150267601,1.851851851851852,0.7138941281891612,0.9562461155997514,16.450757575757574,17.216552976591373,117.60530303030303,41.93264828364516,51.28080808080808,31.41183646420686,17215.290869135802,376.79685746352413,0.4110936292217731,0.2538733053176453,B,grading/data_processed/potato/B/Potato_Sweet_1_r_124__100.jpg,ffc78180000101ff,2
4087.5,260.55129635334015,0.56,0.7566258121319006,0.976469182990922,15.589957163255592,11.739948521523724,115.85530699666823,45.32230556667007,54.62970014278915,33.326003605041585,13012.177280325255,533.6620000000001,0.3469372942724523,0.2245459330138443,B,grading/data_processed/potato/B/Potato_Sweet_1_113__100.jpg,f3c181818181c3e7,22
3927.0,261.9655101299286,0.57,0.7190888120994973,0.9642725598526704,14.41316180108857,14.135153974410825,128.30479960415636,48.79811911554743,52.73132112815438,32.68757469622539,15289.71570116959,590.56,0.3781075131466065,0.2662888613011465,B,grading/data_processed/potato/B/Potato_Sweet_1_180__100.jpg,f3c1c1818181c3c7,22
4185.0,263.2792193889618,1.7241379310344829,0.7587036320285154,0.9713357316931648,13.604093975343105,13.521429993653802,120.20981623633404,45.75100431011077,55.88043731100256,33.929906487688484,16992.028413525564,460.9991292232672,0.3544266816099248,0.2461426918083118,B,grading/data_processed/potato/B/Potato_Sweet_1_r2_7__100.jpg,ff8301000081c3ff,5
6141.0,305.0782072544098,1.1264367816091954,0.8291375617565342,0.9723695669384846,15.747808066315958,10.709897393426854,107.19320899091343,38.392167502480234,80.76438705563527,46.21173306560296,4957.021271138788,447.8197653750445,0.3948475640597887,0.2507309627731293,B,grading/data_processed/potato/B/Potato_Sweet_1_r2_161__100.jpg,ff830101030387ef,4
3851.0,258.4507907629013,1.7543859649122806,0.7244820872915183,0.966252665913938,13.892253343426695,14.536223360907623,127.20186727226849,47.71909907361208,51.374968458238705,31.10944919373008,17259.87953831948,379.5240120503279,0.4076190395287237,0.2913285488012331,B,grading/data_processed/potato/B/Potato_Sweet_1_r2_23__100.jpg,ffe301000081c3ff,5
6014.0,302.7350620031357,1.1395348837209305,0.8246085666947665,0.9710963991603424,15.9306640625,11.555406487453006,108.23063151041669,38.9629276657116,79.05712890625,44.91425378784914,4723.955933157471,377.01090865499873,0.4100611302342836,0.2583236449188228,B,grading/data_processed/potato/B/Potato_Sweet_1_r2_160__100.jpg,ff830101030387ef,4
5152.0,285.76449978351593,1.4558823529411764,0.7928100861814021,0.9700621351911128,16.252653525398028,12.633503995685036,103.288286580743,40.06755221789361,67.92304776345716,39.52822802411334,10591.425132277656,490.51635654261713,0.3273619730284008,0.2024901701437401,B,grading/data_processed/potato/B/Potato_Sweet_1_r_182__100.jpg,ffc30100008081ff,5
3818.5,254.20815110206604,1.8,0.7425466020332835,0.96854787571338,12.821074064647494,9.43500917237665,127.64469330618478,47.11666526344292,51.00814456604734,30.839330839714357,16435.530009638074,380.3682745825603,0.3796481733450695,0.2664534334539405,B,grading/data_processed/potato/B/Potato_Sweet_1_r2_17__100.jpg,ffe301000081c3ff,5
5369.5,287.6639940738678,1.2564102564102564,0.815403738860914,0.973088075389634,14.954669579464774,4.912556179327941,111.28818496267978,40.679059398079545,70.74658656471874,40.41590453335941,7530.417713170685,323.3990219402591,0.4249915072044263,0.2679140224010696,B,grading/data_processed/potato/B/Potato_Sweet_1_r2_154__100.jpg,ff810101010387cf,4
5041.5,282.3502860069275,1.5151515151515151,0.7946816257140321,0.9708261120739456,16.393687064291246,13.999478759511485,104.00367931835788,40.59617428758475,66.56719597211465,38.68617324808038,10567.743654729107,444.35720844811755,0.3277109583064772,0.2033018068670146,B,grading/data_processed/potato/B/Potato_Sweet_1_r_183__100.jpg,ffc30100008081ff,5
3827.5,256.20815098285675,1.8,0.7327219113998309,0.9662963898005554,13.971058644325971,14.24087117958922,128.37852246763137,45.75846003625731,50.92942371160193,29.726989880239927,19210.251566166713,323.7024118738404,0.3814126664471054,0.263683329171753,B,grading/data_processed/potato/B/Potato_Sweet_1_r2_16__100.jpg,ffe301000081c3ff,5
3755.5,260.6934322118759,1.8867924528301887,0.6944123731239936,0.9562062380649268,16.118407445708378,18.62338163946629,118.0635987590486,43.45305670725653,50.11013443640124,30.60985219464484,16377.971403203988,362.7206022489042,0.3964701034817959,0.2559463115915617,B,grading/data_processed/potato/B/Potato_Sweet_1_r_110__100.jpg,ffc78181000001ff,5
3755.5,260.6934312582016,1.8867924528301887,0.6944123782046223,0.9545050196975472,15.411065149948294,17.153350606360107,114.2101861427094,42.56027454875544,50.12461220268873,30.944799975636187,15804.10150857957,364.30760434534005,0.3938855667826857,0.2574544010907357,B,grading/data_processed/potato/B/Potato_Sweet_1_r_111__100.jpg,ffc78381000001ff,33
3907.0,266.79393684864044,0.56,0.6897653341767647,0.9481858997694456,14.621520874751493,8.301574982491095,115.33474155069582,43.997854025279835,52.6677435387674,33.78157080600467,17739.64962742347,543.1256363636363,0.3992959152103419,0.255822769229399,B,grading/data_processed/potato/B/Potato_Sweet_1_39__100.jpg,8f8381818181c3e7,29
4007.5,265.37972366809845,0.56,0.7150689493894175,0.96986931268151,15.686954413191076,10.366967730216842,117.36614936954412,44.0863910131407,53.58414161008729,32.83744389189524,16140.993509693875,498.4127272727272,0.3578687295601421,0.2365061807939044,B,grading/data_processed/potato/B/Potato_Sweet_1_126__100.jpg,f1c181818181c3c7,13
4078.5,267.03657734394073,1.7543859649122806,0.7187350508386572,0.9606642327169944,16.69606674612634,18.0929890813488,113.05935637663886,41.828101087509985,54.2295589988081,32.70933840291864,12329.62057060634,325.408293460925,0.3760862162925577,0.2515698339201727,B,grading/data_processed/potato/B/Potato_Sweet_1_r_30__100.jpg,ffe38101000080ff,5
4183.0,263.2792183160782,0.6,0.7583410558282171,0.9696337505795086,15.915522457528509,9.705439871672452,116.01629043518734,42.57970898597807,55.81521992087503,34.06557518605962,17007.272553083334,485.83067796610175,0.3824581590159514,0.2604312987366873,B,grading/data_processed/potato/B/Potato_Sweet_1_71__100.jpg,cfc381818181c3e7,29
4185.0,262.4507920742035,0.59,0.7635008954547172,0.969872537659328,16.146545708304256,12.078306150334816,115.3503140265178,41.28436503949886,55.9155617585485,33.888334990242186,16691.147505745474,475.0925862068966,0.3761225572116288,0.2506412999420148,B,grading/data_processed/potato/B/Potato_Sweet_1_70__100.jpg,cfc381818181c3e7,29
4093.0,264.10764598846436,1.7543859649122806,0.7373771237390616,0.9606853655674216,16.13406227715712,16.697367729902894,113.1207511290706,41.642143778175154,54.60042785833135,33.62828772061064,16399.037996275776,412.8272195640616,0.3694030510668716,0.250151661025582,B,grading/data_processed/potato/B/Potato_Sweet_1_r_31__100.jpg,ffe38101000080ff,5
3841.5,256.3502848148346,1.7241379310344829,0.7345867540601273,0.9695860676426048,14.189572260187294,11.785016487515634,124.988357377879,47.48213497833271,51.429005315110096,31.72742776346161,17676.275995214033,463.82270985719265,0.4198988212737584,0.3045651137360501,B,grading/data_processed/potato/B/Potato_Sweet_1_r2_29__100.jpg,ffe381000081c3ff,2
4011.5,262.8944419622421,0.55,0.7293800017816587,0.975085075352455,15.72093023255814,11.99087701933465,116.51308139534883,45.342044414293746,53.67005813953488,32.9468116523987,12428.720941322315,489.0246296296296,0.3433245337603365,0.2244450556158407,B,grading/data_processed/potato/B/Potato_Sweet_1_119__100.jpg,f3c181818181c3e7,22
4045.5,262.06601560115814,0.55,0.7402197320079712,0.9752892960462872,15.653051417587696,11.71252862644626,116.19942335415664,44.85071205236377,54.02763094666026,32.63843036328251,13491.657241785122,451.7514814814814,0.3382673695423993,0.2183481366514253,B,grading/data_processed/potato/B/Potato_Sweet_1_118__100.jpg,f3c181818181c3e7,22
5222.5,286.3502870798111,1.380281690140845,0.8003741746274081,0.9655204289147716,16.658687114269682,19.205142499009067,109.42865158032542,39.120558414037504,68.86777632317187,40.25970841346733,9334.776960039711,383.72629591984906,0.364552834347154,0.2197744975745431,B,grading/data_processed/potato/B/Potato_Sweet_1_r_47__100.jpg,ffc78301010081ff,5
4079.0,258.9360725879669,1.694915254237288,0.7645017013219263,0.9780601846301402,15.583054892601432,7.890821181942248,113.5890214797136,42.88724823133724,54.11909307875895,32.0487828212411,13957.208242344152,313.75363807567203,0.3999037237279844,0.2778890905486774,B,grading/data_processed/potato/B/Potato_Sweet_1_r2_122__100.jpg,ffc781000081c3ff,2
4092.0,258.93607246875763,1.694915254237288,0.7669382114954109,0.9771940298507462,15.29812039019748,8.313845237845694,113.18558172733762,43.35366910483979,54.29621698786581,32.410253140767125,14650.903220338983,353.45437425098436,0.3986112421379471,0.2770297400538701,B,grading/data_processed/potato/B/Potato_Sweet_1_r2_123__100.jpg,ffc781000081c3ff,2
5599.0,286.5929265022278,1.337837837837838,0.8566223416219502,0.984699261343651,14.908264896033549,9.605596749641764,109.88974314170888,40.909380273477744,73.630089114101,42.233584702903705,6403.010581816274,399.63623827909544,0.3297507582776181,0.205768092956667,B,grading/data_processed/potato/B/Potato_Sweet_1_r2_183__100.jpg,ff830101008183ef,4
5679.0,288.59292685985565,1.32,0.8568609819341153,0.9826959681605816,16.182288077188147,15.859300923363769,109.2406960716747,38.98305121207882,74.6421433494142,42.69989220804947,6458.30803380154,375.5374149659865,0.3353496084401844,0.2049736740251332,B,grading/data_processed/potato/B/Potato_Sweet_1_r2_182__100.jpg,ff830101008183ef,4
5725.5,295.3208485841751,1.195121951219512,0.8249641340839254,0.9735589185512667,16.381066302118935,14.022612719786242,109.15037593984962,39.17692938230177,75.28947368421052,42.88082491649732,5559.430019662018,368.2104601458386,0.4020557303318564,0.2585874020409749,B,grading/data_processed/potato/B/Potato_Sweet_1_r2_158__100.jpg,ff810101030387cf,4
5956.5,300.4924213886261,1.152941176470588,0.8289607417695269,0.97296635086573,16.075747617482747,13.18116193519886,107.8148209004272,38.66702378962063,78.33535984226093,44.618333492280094,5221.513174354976,386.295815645846,0.4081382709037667,0.2563988925922633,B,grading/data_processed/potato/B/Potato_Sweet_1_r2_159__100.jpg,ff810101030387ef,4
5313.0,284.2497795820236,1.351351351351351,0.8263221734867058,0.9792645839093173,16.57184912603496,15.034597897224767,106.27230910763568,38.39104700166721,69.94719411223551,40.64769959059678,9495.267031245434,450.2230412230412,0.3733594714547263,0.2527026772651456,B,grading/data_processed/potato/B/Potato_Sweet_1_r2_89__100.jpg,ffc301010080c1ff,5
3829.0,267.6223633289337,0.55,0.6718161306147334,0.9345862826458384,15.967815509376583,12.900069273867308,117.1497719209326,42.461551985990425,51.77825646224024,33.392826098907506,17911.515593355372,525.8416666666666,0.4085687105415091,0.2580196555713919,B,grading/data_processed/potato/B/Potato_Sweet_1_34__100.jpg,8f8381c1818183e7,31
3958.0,263.96551036834717,0.56,0.7138242245863224,0.9598641930398932,15.129111438389788,10.451750978815555,118.20913107511046,43.18438911244697,53.137702503681886,33.25334443740672,17887.451867825257,447.11781818181817,0.3890407564042039,0.2455034631389609,B,grading/data_processed/potato/B/Potato_Sweet_1_43__100.jpg,8f838181818383e7,31
3809.5,259.37972366809845,0.55,0.7115506102481017,0.9695851361669636,14.958705072648485,16.836828512122338,126.94825388733112,47.52948424324697,51.18965077746623,31.858080095195863,17946.15655352066,521.4900000000001,0.3748288351888735,0.2615307896012726,B,grading/data_processed/potato/B/Potato_Sweet_1_186__100.jpg,f3c381818181c3c7,13
4471.0,267.2792181968689,1.639344262295082,0.78647360052213,0.9728024369016536,14.30913451057336,14.092144730807258,117.16459559625028,44.66338682888936,59.36232831916285,35.334293201790494,14014.031245471644,460.8090743500581,0.3447158156685871,0.2350556039960855,B,grading/data_processed/potato/B/Potato_Sweet_1_r2_1__100.jpg,ff8301000081c3ff,5
3805.5,259.37972354888916,0.55,0.7108034780911227,0.9657403882755996,13.839499872416432,10.807745389446518,125.80352130645574,49.66930886138368,51.18397550395509,32.21259104143698,17697.160716,554.1707407407407,0.3718064264933229,0.2619047892950657,B,grading/data_processed/potato/B/Potato_Sweet_1_187__100.jpg,f3c381818181c3c7,13
3837.5,259.86500465869904,1.7543859649122806,0.7141059575029396,0.9641959798994976,13.304050632911393,11.153018949757053,128.91468354430378,48.49907802426402,51.33113924050633,31.302868675406263,16340.720303939672,384.6454013822434,0.4130219653986429,0.2936246334104379,B,grading/data_processed/potato/B/Potato_Sweet_1_r2_24__100.jpg,ffe381000081c3ff,2
3847.5,255.5218580961227,1.7543859649122806,0.7405124741465654,0.9690215338118624,13.956027293404096,13.337328963627176,127.96689411170078,46.69746987773227,51.39070002527167,31.278130539212817,16377.58985213912,419.59861775651245,0.414510226578206,0.2918645761577693,B,grading/data_processed/potato/B/Potato_Sweet_1_r2_25__100.jpg,ffe381000081c3ff,2
3778.0,263.2792183160782,1.851851851851852,0.6849181230980168,0.9463927855711424,16.1205035971223,18.26363183048495,119.84994861253854,42.34236338948777,50.573484069886945,31.039716889042417,16701.617832098767,340.66909839132063,0.4116358040112674,0.2665418969098679,B,grading/data_processed/potato/B/Potato_Sweet_1_r_123__100.jpg,ffc78180000101ff,2
4064.0,259.96550965309143,0.56,0.7556698550570489,0.9796311919971074,15.49138343705122,10.647268878115444,115.5019147917664,44.51203570189633,54.35806606031594,33.25245533527201,13487.326875,537.449090909091,0.344838553833647,0.22778930383613,B,grading/data_processed/potato/B/Potato_Sweet_1_115__100.jpg,f3c181818181c3e7,22
3686.5,258.2081506252289,1.9230769230769231,0.6948390342555613,0.9514776100141954,14.577520400105293,9.07311299246803,118.0023690444854,41.533455147231976,49.035009212950776,29.668832589285095,17721.06528014053,311.35528360528366,0.4113719416905573,0.2582023167030793,B,grading/data_processed/potato/B/Potato_Sweet_1_r_117__100.jpg,ffc78181000001ff,5
3677.0,257.62236416339874,1.8867924528301887,0.696203770728824,0.9508663046289112,15.465558194774347,14.579101911572286,117.81842174716284,42.38495388957231,49.00158353127474,29.850493967480972,18441.529948166604,322.8715456451306,0.4182797188563689,0.2709790344377899,B,grading/data_processed/potato/B/Potato_Sweet_1_r_116__100.jpg,ffc78181000101ff,5
4016.5,262.8944425582886,0.55,0.7302891097773869,0.9726359123380556,14.863295427050568,6.218572315603864,116.40212920396806,45.31810212459177,53.644810065327846,32.622597522958024,15224.624941322316,468.67111111111126,0.3359526089040467,0.2203556639973039,B,grading/data_processed/potato/B/Potato_Sweet_1_121__100.jpg,f3c181818181c3e7,22
4865.0,283.42135405540466,1.5151515151515151,0.7610752017963877,0.9621279541184614,16.402847403248447,14.742408769118772,105.43874072588731,41.360490828597214,64.49167836374573,37.971352653658855,11172.899468112946,502.2682889501071,0.3545064416121848,0.2309334480548203,B,grading/data_processed/potato/B/Potato_Sweet_1_r_185__100.jpg,ffc38100008081ff,0
5282.0,287.4213533401489,1.2727272727272727,0.8034709903171492,0.9741792696421984,15.104698483166851,6.5962345991959435,111.79652238253792,41.40583586341498,69.55993340732519,39.83663012618628,8324.920832604816,347.90949256928644,0.4237045470506795,0.2711103671016168,B,grading/data_processed/potato/B/Potato_Sweet_1_r2_152__100.jpg,ff810101010387df,4
4961.5,286.3502861261368,1.5151515151515151,0.760374627834307,0.9643343051506316,16.04915454187967,9.711931351234076,104.9651985843492,40.7384183043925,65.50963429020841,38.20414931336798,10637.286985858584,462.3570554025099,0.3467841771412631,0.2152246539045525,B,grading/data_processed/potato/B/Potato_Sweet_1_r_184__100.jpg,ffc30100008081ff,5
5321.5,290.4924222230911,1.2564102564102564,0.792454461372723,0.9701914311759344,15.118435549026808,7.641583296385146,109.1120088138083,40.58225162569598,70.04572163055454,40.19422551610053,7587.658874397885,335.60811525244515,0.4330252220514657,0.2754294990366849,B,grading/data_processed/potato/B/Potato_Sweet_1_r2_153__100.jpg,ff810101010387df,4
4001.5,259.8650052547455,1.7543859649122806,0.7446240979386762,0.9701782034185962,13.6951871657754,14.566627009607004,123.40568789499272,46.29519932488344,53.68765192027224,33.37528258723386,18236.284713173285,502.5762892078682,0.3771008918850881,0.2654874807810732,B,grading/data_processed/potato/B/Potato_Sweet_1_r2_11__100.jpg,ffc301000081c3ff,2
4169.0,262.45079135894775,0.59,0.7605818997610834,0.9710026784674508,15.678729862246088,9.44905274510091,117.35699276208264,43.47424075973056,55.71375204296054,33.93014847426357,15556.19637449009,461.186551724138,0.3728789972811532,0.252855775889564,B,grading/data_processed/potato/B/Potato_Sweet_1_76__100.jpg,e7c381818181c3e7,29
4336.0,271.76449954509735,1.65,0.7377575942225943,0.9613124930717216,15.372557826184597,13.19200336353047,110.06242982259153,41.88918107094982,57.43700875814058,33.9002697814425,12515.844485568365,359.0670068027211,0.3770710351683143,0.2377746262165378,B,grading/data_processed/potato/B/Potato_Sweet_1_r_37__100.jpg,ffc38301000080ff,5
4266.5,265.8650047779083,1.6779661016949152,0.7585064221634162,0.9706518029803208,16.135098128708353,17.545585290667983,110.86216339570971,41.72706613315875,56.58489274303971,33.47113963514679,13686.453396330147,356.60083016257346,0.3707697823645101,0.2367894964790682,B,grading/data_processed/potato/B/Potato_Sweet_1_r_36__100.jpg,ffc78381000080ff,20
4184.0,262.45079231262207,0.59,0.7633184565779187,0.9712163416898792,15.149604467194044,7.078349077964409,115.65542112610515,43.623880713634314,55.99906933457422,34.637684595080344,16443.50217753519,552.9101724137932,0.3712597545666892,0.2519824194554561,B,grading/data_processed/potato/B/Potato_Sweet_1_77__100.jpg,cfc381818181c3e7,29
4974.5,277.1787134408951,1.5151515151515151,0.8136535994470371,0.9781732376364172,14.194738908519827,9.59203982037874,113.94660384766392,41.49079839958264,65.56694149980369,37.9026625996829,10324.399462603304,433.36975818794,0.3294304151587126,0.2127508179153363,B,grading/data_processed/potato/B/Potato_Sweet_1_r2_189__100.jpg,ff8301008081c3ff,11
5028.0,278.10764515399933,1.4776119402985075,0.8169195276227157,0.9783052826150404,14.731986793552146,10.210944111182776,114.29966983880364,41.482436105318634,66.27053796853758,38.27605704793142,9068.714791288045,407.1160523911057,0.3265890944499599,0.2103378039853303,B,grading/data_processed/potato/B/Potato_Sweet_1_r2_188__100.jpg,ff8301000081c3ff,5
6151.0,299.56348848342896,0.84,0.8613463788274287,0.9845538215286116,16.458353240961937,9.848420051356731,99.7663640707119,40.76437261711859,80.99108138238573,46.51583393069611,5120.007799092971,464.99,0.3722049005224339,0.2345643587163789,B,grading/data_processed/potato/B/Potato_Sweet_1_r2_59__100.jpg,ffc381818181c1e7,0
4519.5,276.00714015960693,1.5625,0.7455205521773753,0.9573183647532304,15.073523070288918,11.172854206305509,109.33053040103492,40.47545771463208,59.57352307028892,34.55027531104812,12050.234685058596,311.17155934343435,0.3944421552923769,0.262887417313109,B,grading/data_processed/potato/B/Potato_Sweet_1_r_40__100.jpg,ffc78301000080ff,5
4571.5,276.8355677127838,1.5625,0.7495917765658802,0.9566809668305952,15.66545842217484,15.64796698760851,109.08081023454156,40.967812975349126,60.3091684434968,35.00032197767503,11442.16956875,343.2602588383838,0.3859205966483889,0.2531144975783909,B,grading/data_processed/potato/B/Potato_Sweet_1_r_41__100.jpg,ffc78301000080ff,5
4068.0,270.10764479637146,1.7241379310344829,0.7006756999993908,0.9510227936879018,15.54599761051374,15.365132955595442,115.34647550776585,43.122347158932946,54.17586618876941,32.99976670742291,18666.287571343637,413.9616858237547,0.4173975025807181,0.2662602595127513,B,grading/data_processed/potato/B/Potato_Sweet_1_r_129__100.jpg,ffc78180000101ff,2
3995.5,266.2081503868103,1.7678571428571428,0.7084974689507361,0.9555183546574196,15.758268482490273,14.023168354489142,117.54474708171206,43.07119526449101,52.974708171206224,31.448422080829083,15584.893142932104,344.9116253644314,0.3942329323500404,0.2455361368636053,B,grading/data_processed/potato/B/Potato_Sweet_1_r_128__100.jpg,ffc78180000101ff,2
4097.0,258.93607211112976,1.694915254237288,0.7678753326432568,0.9752439895263032,15.779230038022812,11.076234113849395,112.69082699619771,42.10459309817009,54.351711026615966,32.405901608342475,14721.74191393278,339.904639616504,0.4003987036570042,0.2761899230847863,B,grading/data_processed/potato/B/Potato_Sweet_1_r2_124__100.jpg,ffc781000081c3ff,2
4177.5,272.2081505060196,1.7543859649122806,0.7084742547076185,0.9554030874785592,15.5024435652781,11.318523110563763,110.95043053292996,42.8449381229671,55.690947172445895,33.989168481818034,15431.140754816866,476.246677299309,0.3522234882541168,0.2342418847052393,B,grading/data_processed/potato/B/Potato_Sweet_1_r_198__100.jpg,ffc381010080c0ff,2
4562.5,270.83556830883026,1.5873015873015872,0.7816302232396514,0.9746848963896604,16.0239418554938,19.75950595998929,117.56028217186832,44.59142939089817,60.37751175716118,35.85614253230985,14004.367414058956,453.27016193682863,0.3523921321348532,0.2429661143819026,B,grading/data_processed/potato/B/Potato_Sweet_1_r2_194__100.jpg,ff8301008081c3ff,11
4483.5,266.69343173503876,1.639344262295082,0.7921408290024619,0.9742503259452412,15.087845183735595,16.452046128644458,117.61252446183951,43.857196554570166,59.24701021961296,34.58201754470965,12716.041475167964,349.43417784401396,0.3450274591015126,0.2319408974055081,B,grading/data_processed/potato/B/Potato_Sweet_1_r2_195__100.jpg,ff8301000081c3ff,5
4992.0,286.10764479637146,1.434782608695652,0.7663470960976387,0.9630558502942028,15.612859097127224,10.90972491350599,113.99472347078368,43.05256468185959,65.92378346687512,38.378391998066526,8928.321403876655,423.8487133984028,0.39796674102071,0.2393396415830302,B,grading/data_processed/potato/B/Potato_Sweet_1_r_142__100.jpg,ffc78180000101f7,2
4012.5,264.20815086364746,0.57,0.7223247340595338,0.964891186725983,13.515261627906977,10.762938834446311,127.62693798449612,48.30203515304921,53.66036821705426,32.312645109506946,14778.259720867958,495.63625,0.363215918519071,0.251519235885465,B,grading/data_processed/potato/B/Potato_Sweet_1_175__100.jpg,f1c181818181c3c7,13
5091.0,281.70562303066254,1.225,0.8061612692152497,0.9711015736766808,15.710829493087555,11.36415887747236,107.3195084485407,44.28627618616558,67.0510752688172,38.11669167102047,8641.486695907955,349.859793814433,0.4469315117041308,0.3215878594233857,B,grading/data_processed/potato/B/Potato_Sweet_1_r2_45__100.jpg,ffe3c1000181c3e7,10
4189.5,258.69343185424805,1.6779661016949152,0.7866856971520744,0.978969505783386,15.33201581027668,9.623267275624606,114.48802604045572,42.81339077338212,55.37130899790746,32.58218382058054,15839.21353357555,345.6760636457973,0.3741228078173911,0.2513837678990183,B,grading/data_processed/potato/B/Potato_Sweet_1_r2_107__100.jpg,ffc381010081c1ff,2
4334.5,272.69343173503876,1.639344262295082,0.7324863172765177,0.9580064095480164,16.006512463507747,13.360005230430962,113.87648776105996,41.736967003033385,57.38378621154278,33.967584411976375,12045.988558425155,352.1020036429872,0.4125772249764002,0.2586846647724927,B,grading/data_processed/potato/B/Potato_Sweet_1_r_134__100.jpg,ffc78180000101ff,2
3782.0,255.96550965309143,0.54,0.7253848634902825,0.9721115537848606,13.859527478171549,10.951311229728349,124.54494093477145,49.0523122415711,50.60631741140216,31.198337818509177,17932.993632064474,485.3347169811321,0.3683384795570181,0.2536850164586977,B,grading/data_processed/potato/B/Potato_Sweet_1_190__100.jpg,e3c38181818183c7,0
3967.5,258.0071396827698,1.6229508196721312,0.7489681527321598,0.9652110448850504,15.509197939661515,16.687925405022312,120.57934755948,47.98009148155601,52.63036546480255,30.861420338850852,16516.357162848395,315.69538307126135,0.4334983269676029,0.3119285196362852,B,grading/data_processed/potato/B/Potato_Sweet_1_r2_33__100.jpg,ffe381000081c3ff,2
3919.5,256.0071405172348,1.65,0.7515127883205355,0.9712551108908436,15.78103277060576,18.34055847377623,122.6169314796425,47.99309451856584,51.921052631578945,30.03344252652785,16761.945305892823,272.3071428571428,0.4276534324718336,0.308974385284901,B,grading/data_processed/potato/B/Potato_Sweet_1_r2_32__100.jpg,ffe381000081c3ff,2
4166.0,263.96550965309143,0.56,0.7513369721431341,0.973137117495912,15.606258757589911,9.770559734277596,115.62377393741242,43.103182903539526,55.70411022886502,34.17922002705878,16172.244686702808,471.0818181818182,0.3577272913558033,0.2116838434712883,B,grading/data_processed/potato/B/Potato_Sweet_1_55__100.jpg,8f8381818181c3e7,29
3942.5,264.20815074443817,1.851851851851852,0.7097234309282253,0.9602971623431982,15.664613109906355,14.362608023157158,114.85485460818136,43.360335063479354,52.54139970428783,31.82110055954284,15573.40286004801,386.5635989524877,0.3674475205624903,0.2364372747606117,B,grading/data_processed/potato/B/Potato_Sweet_1_r_15__100.jpg,ffe38101008080ff,5
4175.5,264.55129539966583,0.56,0.7497190862016029,0.972743156668608,15.517008387698043,9.452458153389973,116.51863932898416,43.6976860943825,55.99417520969245,34.67581474506375,15018.324734566326,526.0585454545454,0.3568229000901777,0.2100435610073804,B,grading/data_processed/potato/B/Potato_Sweet_1_54__100.jpg,8f8381818181c3e7,29
4034.0,267.62236392498016,1.818181818181818,0.707784345476098,0.96001903855307,15.762225969645868,15.335156474529333,110.5434834979523,41.91670136524869,53.62828234160443,32.24225274197512,14197.523320958677,413.74710743801654,0.3623071116754842,0.2323422140425199,B,grading/data_processed/potato/B/Potato_Sweet_1_r_9__100.jpg,ffe38101008080ff,5
4047.0,267.137082695961,1.851851851851852,0.7126474092084564,0.9650649815190177,16.214885954381753,17.176749948477326,111.83793517406964,42.85913050360682,54.175270108043215,33.39161949918201,16747.14666388889,533.200149644594,0.3428940143956299,0.216108244621878,B,grading/data_processed/potato/B/Potato_Sweet_1_r_8__100.jpg,ffe38101008080ff,5
4755.0,276.5929263830185,1.4492753623188406,0.7810489391409187,0.9724920748542796,16.147107098892082,13.705932661182258,112.1918342224046,40.979336734358355,62.73122691834222,36.277556722027825,10561.7192173703,309.58117405943494,0.4077283836402851,0.280957746825492,B,grading/data_processed/potato/B/Potato_Sweet_1_r2_138__100.jpg,ff878100010183ff,0
4849.5,279.17871248722076,1.4285714285714286,0.7818838226862419,0.9735019572417948,15.153319919517102,6.579297605837684,112.7102615694165,41.343549555779546,64.04507042253522,37.30083234199325,10497.86165510204,355.444733044733,0.3966664456130887,0.2768024894331962,B,grading/data_processed/potato/B/Potato_Sweet_1_r2_139__100.jpg,ff870100010187ff,4
3721.5,254.89444231987,0.51,0.7197922309284811,0.9768998556240976,14.125456442357851,8.802099613350512,119.49191444966092,48.47411435477596,50.100417318727175,31.563617600132268,16430.28348266051,448.8627999999999,0.3529247645958968,0.2228578919401329,B,grading/data_processed/potato/B/Potato_Sweet_1_5__100.jpg,c7c38181818183c7,0
3716.5,254.06601524353027,0.51,0.7235205133090831,0.9784125312623404,14.696526508226691,10.90023808627927,121.58605379994776,49.52912487974717,49.916949595194566,31.570006981509433,18638.75908496732,495.6238000000001,0.3529171873967239,0.223641722404385,B,grading/data_processed/potato/B/Potato_Sweet_1_4__100.jpg,c7c38181818183c7,0
4199.0,261.96550989151,0.57,0.7688958307873405,0.9732298064665662,16.71256374594344,15.494339067087148,115.74292999536394,41.83817066020145,56.07464070468243,33.943092240154236,16141.627052600805,431.4094642857143,0.3733230989184223,0.2244327103032925,B,grading/data_processed/potato/B/Potato_Sweet_1_61__100.jpg,cf838181818183e7,7
3909.5,265.0365779399872,1.851851851851852,0.6993900518333809,0.9595042336483004,15.28447204968944,12.90214753661856,114.4464596273292,43.09555095726805,52.34335403726708,32.47970215541537,14238.48569873114,422.7319491208379,0.3686395735251365,0.2421989058408071,B,grading/data_processed/potato/B/Potato_Sweet_1_r_20__100.jpg,ffe38101008080ff,5
3901.5,262.2081505060196,1.851851851851852,0.7130978069612836,0.9591886908420406,15.52191235059761,12.197699881481444,114.27166334661356,42.62685723801665,52.25771912350598,32.789259264040645,13973.404436179697,427.31331836887387,0.3728318408939396,0.2433402181169891,B,grading/data_processed/potato/B/Potato_Sweet_1_r_21__100.jpg,ffe38101008080ff,5
5044.0,281.76449847221375,1.3611111111111112,0.7983850521472824,0.9766676348145996,15.228416569879984,9.771335179096946,113.11401471157568,40.974619504534616,66.59020518776616,38.79523127752432,8794.76074389979,395.9551832760597,0.3918277056529891,0.2552573264170313,B,grading/data_processed/potato/B/Potato_Sweet_1_r2_145__100.jpg,ff830100010387ff,4
5006.0,282.93607211112976,1.375,0.7858217934974259,0.9748782862706912,15.027685708715149,8.269350285774129,113.7453694677325,40.92022362125683,66.13140963150711,38.49555640737448,10749.718550938363,359.11139455782325,0.3996108168189329,0.2680684635045465,B,grading/data_processed/potato/B/Potato_Sweet_1_r2_144__100.jpg,ff870100010387df,4
4435.0,273.279217839241,1.694915254237288,0.746260193128593,0.9663362022006756,15.723100570926658,13.956468410763668,108.21277997364952,42.11388145284749,58.91436100131752,35.02385347141831,12335.532062596956,431.4533470296182,0.3347810282639668,0.2160602167108996,B,grading/data_processed/potato/B/Potato_Sweet_1_r_193__100.jpg,ffc38100008081ff,0
4917.0,276.5929266214371,1.4492753623188406,0.8076588069684844,0.9787996416840848,15.756552819698172,11.121963881045344,109.46683876092136,40.04895599767613,64.91223193010326,38.14023288182454,10819.823381033397,483.2305665349144,0.3734718366352339,0.2578187862693424,B,grading/data_processed/potato/B/Potato_Sweet_1_r2_95__100.jpg,ffc301010080c1ff,5
4255.5,272.3502861261368,1.7241379310344829,0.7209494039855294,0.9547902176351806,15.248113423279213,14.668263996011884,106.92545163503316,41.14437692318603,56.84289961125086,34.9406509718198,14814.026604518433,482.2854406130269,0.363478235681262,0.2327187596134268,B,grading/data_processed/potato/B/Potato_Sweet_1_r_101__100.jpg,ffc38101000001ff,2
4984.0,279.0782071352005,1.408450704225352,0.8041481164975878,0.979078675965033,16.065059768763472,12.431386448395465,108.88712522045856,40.42573986565342,65.84812855183226,38.88425595892338,11921.728666117831,467.9462227912932,0.3786640165396561,0.2687424201344034,B,grading/data_processed/potato/B/Potato_Sweet_1_r2_94__100.jpg,ffc301010080e1ff,6
4302.0,271.62236392498016,1.7241379310344829,0.7327388540730647,0.9647903117290872,15.537661162632888,13.89864578075464,110.21782402171456,43.24797185733856,57.23546708889391,34.31473430533439,14284.91703064804,490.70968303726926,0.3433190025243773,0.2254895475101367,B,grading/data_processed/potato/B/Potato_Sweet_1_r_3__100.jpg,ffc38100008080ff,2
4299.5,266.8355669975281,1.5873015873015872,0.7588228206890446,0.9721876766534764,15.797643326535235,9.362845794473184,112.70881486517108,43.129815867815715,56.986630410151825,33.869566967294624,13908.890968909043,355.29180695847367,0.4033476944934274,0.286675771061959,B,grading/data_processed/potato/B/Potato_Sweet_1_r2_132__100.jpg,ff878100008183ff,0
4372.5,266.0071392059326,1.5625,0.7765208067300308,0.9765494137353434,15.804502897904593,11.700790743438048,114.23629068212216,42.754249936386806,57.94650022291574,34.241872488046454,12984.599791772462,351.4330808080808,0.4109235383810665,0.2864659202949424,B,grading/data_processed/potato/B/Potato_Sweet_1_r2_133__100.jpg,ff878100008183ff,0
4028.0,269.9655101299286,0.59,0.6945168046286238,0.9415614773258532,15.184952978056426,11.84341554183631,120.32577767060526,44.570930550085656,53.7733301181577,32.44154815007339,16632.70320238437,456.39017241379304,0.3887632830589191,0.2731300600932017,B,grading/data_processed/potato/B/Potato_Sweet_1_140__100.jpg,f1c18383838383cf,13
4022.0,271.6223647594452,0.59,0.6850478040386194,0.946241618633102,15.022458343395314,11.3981627604606,119.7261531031152,44.93127505214898,53.86428398937455,33.19751188513877,16213.346392961794,563.7831034482759,0.3876098176596386,0.2746792530084748,B,grading/data_processed/potato/B/Potato_Sweet_1_141__100.jpg,f1c18383838383cf,13
6210.0,307.42135298252106,1.195121951219512,0.8257211429013512,0.974041251666536,17.331179066834803,19.395056607393645,108.02790037831022,36.458669230350104,81.63902900378311,47.05103976605906,4542.837493474486,430.9388986673372,0.3674061152695093,0.1982494175286833,B,grading/data_processed/potato/B/Potato_Sweet_1_r_57__100.jpg,ffcf8301010081fd,20
3712.5,256.4091612100601,0.5,0.709592882005257,0.9702077616620932,14.599163835902797,7.820282055348746,118.25372354324536,45.23284310352929,49.93415207734518,31.341921118859723,19256.40685404,403.7844897959183,0.3578641876822868,0.2112062991279779,B,grading/data_processed/potato/B/Potato_Sweet_1_16__100.jpg,cf838181818183c7,0
6066.0,304.2497811317444,1.2098765432098766,0.8234774690081771,0.9703271214908422,16.264924169086804,16.25809796246004,107.93465634075508,37.34935004771088,79.74862858986769,45.91476446517708,4536.649091685049,438.3628611429299,0.3672817792717847,0.2063635966440941,B,grading/data_processed/potato/B/Potato_Sweet_1_r_56__100.jpg,ffc78301010081ff,5
3910.0,258.4507929086685,1.7543859649122806,0.7355816448384545,0.9677020170770944,14.525857782197912,17.018964549840994,125.45997016409748,46.15062214332457,52.176777722526104,31.598430236265568,18211.468329055097,366.4873294346978,0.3928544127998282,0.2824655788672966,B,grading/data_processed/potato/B/Potato_Sweet_1_r2_14__100.jpg,ffc301000081c3ff,2
5290.5,287.1787133216858,1.4285714285714286,0.8061244470243293,0.9684239428885228,15.975069252077562,10.745951023852014,102.92225300092336,40.044528005444626,69.82049861495845,40.500555778943145,9317.040689285715,493.53362193362193,0.3372547218022226,0.2127230813061276,B,grading/data_processed/potato/B/Potato_Sweet_1_r_181__100.jpg,ffc38100008081ff,0
3904.5,258.2081503868103,1.7857142857142858,0.7359281199677141,0.9688585607940446,13.596216081652974,14.640077022896904,124.4236992780682,47.06706020448845,52.24744834453573,31.93215375919158,17993.557411702808,462.1343795093794,0.3842325971635835,0.2700470072076212,B,grading/data_processed/potato/B/Potato_Sweet_1_r2_15__100.jpg,ffe301000081c3ff,5
5616.0,296.73506212234497,1.180722891566265,0.801492074546856,0.9685263430197464,15.164896395612049,5.724459027130222,111.27947065993384,39.96571412714006,73.90614661326833,42.23549562746421,7152.800381309766,374.5912309029934,0.4307894105915524,0.2801698920037335,B,grading/data_processed/potato/B/Potato_Sweet_1_r2_157__100.jpg,ff810101030387ef,4
5384.0,288.93607211112976,1.4142857142857144,0.8104223062350532,0.9748325185587544,16.379310344827587,12.791581009200565,102.97368421052632,40.28350345354694,70.886388384755,40.92780345963666,8552.205758700175,477.9839650145773,0.317329248838566,0.1913572236938378,B,grading/data_processed/potato/B/Potato_Sweet_1_r_180__100.jpg,ffc38100008081ff,0
4021.0,264.30865597724915,0.55,0.7233044958250543,0.9707870593915984,15.533349444175933,10.64881536486063,116.76027066215563,44.95448583982974,53.62735621072982,32.503847351101655,14931.446450876032,486.07703703703703,0.3399616600587724,0.2205698210394177,B,grading/data_processed/potato/B/Potato_Sweet_1_124__100.jpg,f3c181818181c3e7,22
4021.5,262.55129647254944,0.55,0.7331107751226593,0.973728813559322,15.334300217548948,9.30241082643309,115.61445491902344,45.17611457840554,53.75948755136572,33.10496958748557,13818.679028231403,534.216851851852,0.340393821268124,0.2209523904549046,B,grading/data_processed/potato/B/Potato_Sweet_1_125__100.jpg,f3c181818181c3c7,13
3686.0,256.93607211112976,1.8867924528301887,0.7016411209402132,0.9429521616781784,14.96390937829294,12.205692926966718,116.30690200210748,44.018279381370704,49.4072708113804,31.42225909326245,20633.165691847633,437.90127692014465,0.406690752268068,0.2701797672742463,B,grading/data_processed/potato/B/Potato_Sweet_1_r_113__100.jpg,ffc78181000101ff,5
3733.5,259.5218586921692,1.8867924528301887,0.6965914406608651,0.9551036070606294,13.989856957087126,8.777744117202342,116.09076723016904,43.82179695936882,49.94694408322497,30.95731016141262,16828.081292239232,375.3329521631408,0.4031623603250089,0.2612589757914095,B,grading/data_processed/potato/B/Potato_Sweet_1_r_112__100.jpg,ffc78181000001ff,5
4174.5,263.86500453948975,0.59,0.753443584306907,0.9703626220362622,15.983446024714386,9.921959704167577,117.51340638843551,43.32783571136752,55.73910002331546,33.849326188352386,17775.052948319448,490.18206896551726,0.3765384623875322,0.2502894578741759,B,grading/data_processed/potato/B/Potato_Sweet_1_72__100.jpg,cfc381818181c3e7,29
4183.5,263.0365777015686,0.59,0.7598315919955568,0.971664150505168,15.783154955793393,8.469224119939485,116.84574220567706,42.94614656371965,55.90879478827362,34.18109412821653,17671.35677380063,515.7653448275864,0.3725488099269772,0.2494129850242205,B,grading/data_processed/potato/B/Potato_Sweet_1_73__100.jpg,cfc381818181c3e7,29
3772.0,258.7939363718033,0.55,0.7077393700831947,0.9651995905834186,14.594079794079796,13.489181172673351,127.8082368082368,48.21010466830853,50.65508365508366,31.60156477601815,18262.990703173553,484.7166666666667,0.3815664898452595,0.2683756005358219,B,grading/data_processed/potato/B/Potato_Sweet_1_188__100.jpg,f3c3c1818181c3c7,13
3797.5,256.55129635334015,0.54,0.7250354133216776,0.9720977857417126,14.079795396419437,12.143400466681456,124.1606138107417,48.88890567750986,50.94961636828644,31.528378295755136,17618.178870233198,511.7794339622641,0.3702912337619407,0.2521859575967131,B,grading/data_processed/potato/B/Potato_Sweet_1_189__100.jpg,e3c38181818183c7,0
4884.5,280.35028541088104,1.4776119402985075,0.7809585299716681,0.9629374075899458,15.754894127047542,14.092584216633078,110.80982820615262,40.26133903368724,64.33839392728726,37.19338294449182,9431.132898477885,338.6184891867194,0.3705849942513551,0.2318474588982089,B,grading/data_processed/potato/B/Potato_Sweet_1_r_44__100.jpg,ffc78301010081ff,5
4084.5,257.1787123680115,1.694915254237288,0.7760303905861999,0.9793789713463612,15.680495946590367,10.529789073499384,112.65617548879352,43.12088398264395,54.36504530281354,33.40649380346111,16240.365992415973,432.3680876562232,0.4071755916175367,0.2765457962946003,B,grading/data_processed/potato/B/Potato_Sweet_1_r2_121__100.jpg,ffc781000081c3ff,2
4466.0,274.5929265022278,1.6129032258064515,0.7443032090844429,0.9553962990694193,14.797774869109949,10.194931855458789,109.88328970331588,41.14468829893161,59.09904013961606,34.838141809417934,11378.261062408948,374.6329423264907,0.3786245427012159,0.2466348336484984,B,grading/data_processed/potato/B/Potato_Sweet_1_r_39__100.jpg,ffc38301000081ff,2
4191.5,261.86500453948975,0.59,0.7681117480062861,0.9756750465549348,15.715911730545876,9.651771455496768,116.88153310104528,44.448154772614096,56.12009291521487,34.50864629981136,16038.1428594944,571.8308620689656,0.3666995623016633,0.248199970441158,B,grading/data_processed/potato/B/Potato_Sweet_1_78__100.jpg,e7c381818181c3e7,29
4188.5,262.6934311389923,0.59,0.7627284705810066,0.9762265470224916,15.522780102278013,9.969797108350672,117.10065086006507,43.83864114041423,55.96978149697815,34.14086712287846,16486.96736210859,475.5037931034483,0.368614612673267,0.2490494712303061,B,grading/data_processed/potato/B/Potato_Sweet_1_79__100.jpg,e7c381818181c3e7,29
4405.5,270.6934312582016,1.6229508196721312,0.7555263843474449,0.966436327739388,15.278576166261333,12.07924854529793,111.18615962856512,41.61294562722823,58.19831969931462,33.90133786583435,11421.258640002428,322.47223151555704,0.3759922965547652,0.237220035388562,B,grading/data_processed/potato/B/Potato_Sweet_1_r_38__100.jpg,ffc78381010080ff,23
3714.0,260.45079159736633,1.8867924528301887,0.688018949754059,0.9518195797027166,16.04755683302848,17.539990104040882,119.46511627906976,43.13257645400772,49.542200156780765,30.40616924166254,17518.32505517978,345.1370306842005,0.4135037578318429,0.2641491901725314,B,grading/data_processed/potato/B/Potato_Sweet_1_r_119__100.jpg,ffc78381000001ff,33
4019.0,265.48022985458374,0.55,0.7165780489863948,0.9640201487167186,16.04060913705584,14.159654403512851,118.11941020062848,43.84442194942828,53.78535170413343,33.19406751995053,15507.398035173552,406.7866666666668,0.3739786969018153,0.2235098497812692,B,grading/data_processed/potato/B/Potato_Sweet_1_46__100.jpg,8f8381818181c3e7,29
4065.0,265.62236428260803,0.55,0.7240042873164423,0.9663615832639962,15.192298493183449,11.168400600407136,115.96842860559674,44.758123325066975,54.59100693613968,34.26655442874689,15935.9526467438,548.6172222222223,0.365556103084021,0.2166629866734017,B,grading/data_processed/potato/B/Potato_Sweet_1_47__100.jpg,8f8381818181c3e7,29
4107.0,259.96551060676575,0.56,0.763665372034664,0.9803079126387396,15.230987917555082,8.450474288614243,116.99810471452264,44.642521730600336,54.956171523335705,33.55721154610449,13492.534631345668,497.16636363636354,0.3403205683457065,0.2239832121808305,B,grading/data_processed/potato/B/Potato_Sweet_1_110__100.jpg,f3c181818181c3e7,22
4100.5,260.55129611492157,0.56,0.7590322075412479,0.9774731823599524,15.342348754448398,10.454544786915465,115.69655990510084,45.02224282266051,54.6011862396204,32.786431364660565,13303.15794103954,397.6554545454545,0.3407132725482987,0.2256020778287761,B,grading/data_processed/potato/B/Potato_Sweet_1_111__100.jpg,f3c181818181c3e7,22
3947.0,266.10764479637146,1.7678571428571428,0.7004260469521215,0.9534967991303296,15.041851304775973,11.788645085370918,115.52511078286558,42.02749017902959,52.51895617922206,31.77780920929481,16533.76594950614,365.1687317784256,0.4140749703862492,0.25353855663758,B,grading/data_processed/potato/B/Potato_Sweet_1_r_127__100.jpg,ffc78180000101ff,2
3830.5,257.03657829761505,1.736842105263158,0.7285770187054468,0.9642542479546884,13.02283105022831,8.520306498738107,129.2412480974125,48.19270880962997,51.0568239472349,30.467677441925137,17745.942082341644,351.0830648048693,0.3978538676274239,0.2885594318872839,B,grading/data_processed/potato/B/Potato_Sweet_1_r2_20__100.jpg,ffe301000081c3ff,5
3832.0,257.2792184352875,1.7543859649122806,0.727488192495019,0.9662128088754413,14.279229013441542,17.521520906185245,127.39031194521938,47.55094791598724,51.18792797362414,31.251021775318083,17909.953833056323,400.1593124224703,0.4112816264176153,0.2957355434978109,B,grading/data_processed/potato/B/Potato_Sweet_1_r2_21__100.jpg,ffe301000081c3ff,5
4340.0,266.1076464653015,1.694915254237288,0.770166963679392,0.9734215543344176,14.77530864197531,15.387476388886665,119.4949494949495,44.81480945189384,57.63322109988777,34.50791377306188,13720.898365383511,450.7978085944188,0.3474417504080507,0.2315797927374811,B,grading/data_processed/potato/B/Potato_Sweet_1_r2_4__100.jpg,ff8301000081c3ff,5
3883.0,260.45079135894775,0.56,0.7193262215363961,0.9665214685749844,13.59984984984985,11.616743894749256,125.49874874874877,48.71409766943928,51.87212212212212,31.60618395924392,15482.13479987245,499.2172727272728,0.3726921094344084,0.2607821991085681,B,grading/data_processed/potato/B/Potato_Sweet_1_183__100.jpg,f3c181818181c3c7,13
3916.5,262.2081501483917,1.851851851851852,0.7158394383140441,0.9635871570918932,15.592904986355745,14.268233075216967,114.38005457702803,42.81267649035654,52.299925576779955,32.191772139706984,13853.476543209876,326.5815563037785,0.3767881372297953,0.2420676938820042,B,grading/data_processed/potato/B/Potato_Sweet_1_r_25__100.jpg,ffe38101000080ff,5
5176.5,283.66399443149567,1.3888888888888888,0.808421125851565,0.9811410159211524,16.281804454511136,14.428095010179664,107.33087957719894,38.243485316319145,68.3510758776897,40.05892460276289,9770.418572048611,489.62878787878793,0.3651825975806574,0.2511628708136552,B,grading/data_processed/potato/B/Potato_Sweet_1_r2_91__100.jpg,ffc301010080e1ff,6
4044.0,265.6223635673523,1.818181818181818,0.7202640476447181,0.9552379827565844,14.37403846153846,6.466630248263125,112.39086538461538,41.1978121294216,53.98653846153846,33.145415501800315,14593.320516330576,375.51900826446285,0.3737293155218501,0.2325957598263933,B,grading/data_processed/potato/B/Potato_Sweet_1_r_104__100.jpg,ffc78101000001ff,5
5234.0,284.2497807741165,1.351351351351351,0.8140354262663486,0.9771305890040138,16.485250186706498,15.236177974200968,106.86127707244212,39.30476830124413,69.07785660941,40.14916300626222,9369.863212545652,458.1698061698061,0.3769551399742426,0.2640022741139397,B,grading/data_processed/potato/B/Potato_Sweet_1_r2_90__100.jpg,ffc301010080e1ff,6
4962.5,279.5218595266342,1.4142857142857144,0.7981395469910069,0.9746636551114602,15.89771833202203,14.116693706889428,112.8375295043273,40.61251090935427,65.51435877261999,37.89991050553576,9585.654931108656,326.32361516034985,0.381569367941979,0.2535978979679275,B,grading/data_processed/potato/B/Potato_Sweet_1_r2_141__100.jpg,ff870100010387ff,4
4912.5,280.00714087486267,1.408450704225352,0.7873615692684316,0.9764460345855694,15.77985297039539,12.226552691559888,112.99662229286707,40.77338218897173,65.00774885754024,38.054983117515974,10630.710561396549,394.0773936548584,0.4088305668207062,0.2783134612930478,B,grading/data_processed/potato/B/Potato_Sweet_1_r2_140__100.jpg,ff870100010387ff,4
4075.0,270.7939374446869,0.6,0.6983282365753569,0.94988344988345,14.94682880305198,11.508027747111894,121.4682880305198,45.04143771752239,54.501669051025274,33.26336178260919,15987.438231000002,549.9523728813559,0.3825244427077268,0.2782950461659039,B,grading/data_processed/potato/B/Potato_Sweet_1_144__100.jpg,f1c181838383c3cf,13
4090.5,269.379723072052,0.6,0.7083639594344157,0.9543863742417172,14.869090045141364,12.445985636882147,121.74602043240677,44.52878731718139,54.6296032311713,32.968784243320755,15364.945069972222,521.6237288135593,0.3805142940357406,0.2769308958154858,B,grading/data_processed/potato/B/Potato_Sweet_1_145__100.jpg,f1c18383838383cf,13
5178.0,289.07820773124695,1.4492753623188406,0.7786480552009751,0.962721948498652,16.61354205960015,18.371461289339944,104.89117314221048,37.91873770281049,68.31535269709543,39.40234080147644,9452.035526381012,421.3324549846289,0.3436928764860981,0.2174001517319012,B,grading/data_processed/potato/B/Potato_Sweet_1_r_89__100.jpg,ffc78101000081ff,5
4569.0,270.59292590618134,1.5384615384615383,0.7841481906947447,0.9762820512820513,15.294983991462113,5.2269381085046955,112.69092849519744,40.85801341585893,60.466168623265744,35.436819445415786,12296.355320615385,332.31686091686095,0.3922174414593524,0.2662522612133506,B,grading/data_processed/potato/B/Potato_Sweet_1_r2_136__100.jpg,ff878100000183ff,5
4577.0,271.76449942588806,1.5,0.7787630331455725,0.9754901960784312,15.181508308478907,7.524981189947901,110.55325948018748,40.870669540669105,60.32893054963784,34.978848472811194,11863.567066346652,338.1513605442177,0.3875554277394029,0.2693733019844044,B,grading/data_processed/potato/B/Potato_Sweet_1_r2_137__100.jpg,ff878100010183ff,0
3691.0,255.48022854328156,0.51,0.7106230940793695,0.9677503932878868,14.697686645636171,9.420014986482377,118.73527865404836,45.30796716870243,49.60883280757098,31.35348456769537,18636.816194694347,423.9928,0.3636103658599866,0.2274669206719957,B,grading/data_processed/potato/B/Potato_Sweet_1_12__100.jpg,cf838181818183c7,0
5827.0,300.2497808933258,1.2564102564102564,0.8122495582340405,0.9686642839331726,16.549101896927983,16.791910366836195,108.97599462816854,36.92567831275571,76.57126070169548,44.17869120660526,4849.494319068649,422.598995506212,0.3598730038012067,0.2076686310991423,B,grading/data_processed/potato/B/Potato_Sweet_1_r_53__100.jpg,ffc78301010081fd,23
5720.5,296.8355677127838,1.2894736842105263,0.8158531179515557,0.9718824328916073,16.360745426568645,17.213099354600217,106.9813643357839,37.62527026265187,75.18892118310822,43.39968839749041,5422.567368322265,399.5438144329897,0.3640658480842585,0.2017983204805061,B,grading/data_processed/potato/B/Potato_Sweet_1_r_52__100.jpg,ffc78301010081fd,23
3728.0,256.30865585803986,0.51,0.7131144250080963,0.966804979253112,15.000781046602448,12.555785414391984,117.51887529289247,45.433062937681335,50.16948711273106,31.93916154292383,18948.084399038835,488.9468000000001,0.3586040042691482,0.2189277506393377,B,grading/data_processed/potato/B/Potato_Sweet_1_13__100.jpg,cf838181818183c7,0
4194.5,263.86500453948975,0.59,0.7570533271949508,0.9778528966079962,15.768159665815734,10.722272920236538,116.60547690879554,43.705137952955496,56.20886516593177,34.455079110720774,14967.91050764148,488.69551724137926,0.3669248978374715,0.2485395809636537,B,grading/data_processed/potato/B/Potato_Sweet_1_80__100.jpg,efc381818181c3e7,0
4215.5,262.6934320926666,0.59,0.767645181900181,0.9784147615179296,15.214137214137214,6.5724193031236045,116.71841071841072,44.448136161065335,56.482790482790485,35.047547045597426,15617.069529330647,632.7915517241379,0.3559871968795541,0.2455916017283099,B,grading/data_processed/potato/B/Potato_Sweet_1_81__100.jpg,e7c381818181c3e7,29
4025.0,270.79393696784973,0.59,0.6897597943839765,0.9413002806361084,15.576254826254829,12.778026803276658,119.8694498069498,44.63561818004822,54.075048262548265,33.97809615527981,17431.213313875323,692.7151724137932,0.3822323150732397,0.2729527351034894,B,grading/data_processed/potato/B/Potato_Sweet_1_138__100.jpg,f1c18383838383c7,13
4459.0,268.7350617647171,1.434782608695652,0.7758873507198835,0.9702970297029704,15.735126859142609,13.895074867064803,115.6023622047244,46.108997055543405,58.872484689413824,33.57271869588421,11161.0447631882,290.16696243714875,0.4348428717179778,0.3171509932230897,B,grading/data_processed/potato/B/Potato_Sweet_1_r2_40__100.jpg,ffe3c1000181c3ff,0
4439.0,270.59292685985565,1.5873015873015872,0.7618371183975393,0.975390024170512,16.609659714599342,15.258475357860735,112.9747530186608,41.6064466016248,58.98507135016465,35.76167909250371,13094.220857042075,505.7999037999036,0.3836641705931126,0.2642689726519154,B,grading/data_processed/potato/B/Potato_Sweet_1_r2_103__100.jpg,ffc301000081e1ff,6
5943.5,306.00713980197906,1.2098765432098766,0.7976071010577984,0.9635243576234092,16.25259173934507,14.58107492178225,113.08375843343757,42.70051068926982,78.08935329932532,44.782785282808405,5405.339130656135,428.4388443426244,0.3809505132556833,0.2214210080217068,B,grading/data_processed/potato/B/Potato_Sweet_1_r_147__100.jpg,ff8f8181000101f7,16
5659.0,299.42135322093964,1.2692307692307692,0.7932024013984902,0.9639724043948557,16.87476248056659,16.68584364869983,111.48782173086887,41.98030778108197,74.44066332699948,42.82862011504971,6738.356406224834,416.2557561486134,0.3943865333672673,0.2372236434631603,B,grading/data_processed/potato/B/Potato_Sweet_1_r_146__100.jpg,ffc78180000101ef,16
4815.5,274.2081506252289,1.546875,0.8048047515641081,0.9786607052128848,15.01276337115073,13.8950701055801,115.8284035656402,42.54175577196207,63.4507698541329,36.768208305993475,10865.36403250366,410.9515306122448,0.3247595009950934,0.2074574190682394,B,grading/data_processed/potato/B/Potato_Sweet_1_r2_191__100.jpg,ff8301008081c1ef,11
4195.5,262.49242091178894,1.523076923076923,0.7651737325885357,0.9698335644937588,14.465629354389224,6.882724949281413,117.98235020901068,47.48556056622773,55.514630747793774,32.44943752795782,14441.094324851529,320.60643642072216,0.4417290783155738,0.317989404381524,B,grading/data_processed/potato/B/Potato_Sweet_1_r2_37__100.jpg,ffe3c1000181c3e7,10
4089.0,259.0782073736191,1.5714285714285714,0.765535275846684,0.9686130522326188,15.257503573130062,12.545150839464116,119.67174845164364,48.50412591637416,53.933777989518816,31.14573923480371,13227.473158484225,277.83527696793004,0.4303660039507609,0.3135118644914713,B,grading/data_processed/potato/B/Potato_Sweet_1_r2_36__100.jpg,ffe381000081c3ff,2
3736.5,255.3797229528427,0.53,0.7199494887357695,0.9760971786833856,14.473492723492724,13.425637344749552,124.1902286902287,49.84270151312517,50.20192307692308,31.246488808021972,16149.089876076894,484.19538461538474,0.36437473725186,0.2470431651428288,B,grading/data_processed/potato/B/Potato_Sweet_1_195__100.jpg,e7c38181818183c7,0
3744.5,256.55129623413086,0.53,0.7149164207257488,0.9693243593062388,14.51387088410682,11.96760717284504,125.994555353902,51.01275820853167,50.35079077002852,31.61922787973629,17652.954300462796,492.5130769230769,0.3680698656892666,0.2460870176711323,B,grading/data_processed/potato/B/Potato_Sweet_1_194__100.jpg,e7c38181818183c7,0
4086.0,267.27921748161316,1.706896551724138,0.7187499773949094,0.9556776985147936,16.378153260352214,16.59223505955745,116.81699190861497,42.09469579737595,54.38005711565921,32.74583750006626,16138.909270948476,372.3362068965517,0.4171508035674295,0.256397496951086,B,grading/data_processed/potato/B/Potato_Sweet_1_r_130__100.jpg,ffc78180000101ff,2
4128.0,268.1076455116272,1.706896551724138,0.7216575426193986,0.9550028918449972,15.208529688972668,8.946227086447957,116.97926484448634,41.938608511825734,54.7502356267672,32.82914690290294,14846.78894862096,359.7024982406756,0.4139317529900687,0.2478443553624767,B,grading/data_processed/potato/B/Potato_Sweet_1_r_131__100.jpg,ffc78180000101ff,2
5982.5,303.66399443149567,1.2820512820512822,0.8152784639322552,0.9760176197079696,16.167484461890744,13.83733303046438,101.8642459928034,38.227965990070444,78.86669937847563,45.666296018865275,6342.889021104537,598.3633773633774,0.3293722766402391,0.2019499608926247,B,grading/data_processed/potato/B/Potato_Sweet_1_r_82__100.jpg,ffcf8101000081ff,5
5914.0,299.07820761203766,1.3157894736842106,0.8308481280964726,0.9772783607370074,16.32814827072646,15.422422443078297,102.39020354128743,38.511734770721795,78.05047162005626,45.23513065674728,6408.346514387119,533.4986709197235,0.3202185623170663,0.192399370363118,B,grading/data_processed/potato/B/Potato_Sweet_1_r_83__100.jpg,ffcf8101000081ff,5
4021.5,266.55129635334015,1.818181818181818,0.7112730259787491,0.9601289244359557,17.36651365064025,20.482610369899326,111.84344044455185,43.16785576443843,53.6796327615366,33.02733459430101,16069.899950380162,410.8593204775024,0.3505511069414929,0.2335788180057698,B,grading/data_processed/potato/B/Potato_Sweet_1_r_10__100.jpg,ffe38101008080ff,5
4123.5,265.72286891937256,0.55,0.7338680787184961,0.9725235849056604,16.5857109172365,14.390395861939677,119.1763734968168,43.39383881408691,55.20514029709974,34.00811146407383,16646.462168066115,474.91,0.3565578715821307,0.2065522632375633,B,grading/data_processed/potato/B/Potato_Sweet_1_51__100.jpg,8f8381818181c3e7,29
4115.5,264.5512965917587,0.55,0.7389459637063523,0.9692651907677814,15.310727788279774,7.81334096356083,116.81049149338374,44.98590415172539,55.0968809073724,33.98557001842567,14749.846700694214,450.8864814814815,0.3593111269468753,0.2083919670576492,B,grading/data_processed/potato/B/Potato_Sweet_1_50__100.jpg,8f8381818181c3e7,29
3996.0,265.6223644018173,1.851851851851852,0.7117149150109919,0.9605769230769232,15.456225680933851,15.67663352486123,111.78015564202336,43.162960540510745,53.35408560311284,32.51896502689905,14126.676828395062,448.9829779274223,0.3519583183472985,0.2261675660173174,B,grading/data_processed/potato/B/Potato_Sweet_1_r_11__100.jpg,ffc38101008080ff,5
3917.5,263.86500453948975,1.851851851851852,0.7070583881955463,0.963122311001844,15.162946428571429,12.240763688742554,113.7405753968254,42.12863144898206,52.523313492063494,32.7974703240311,13200.55561971879,458.90946502057614,0.3756549204773377,0.2407508054955215,B,grading/data_processed/potato/B/Potato_Sweet_1_r_23__100.jpg,ffe38101008080ff,5
3911.5,265.37972378730774,1.851851851851852,0.6979394118587331,0.9604665438919584,15.58987090367428,13.434053747199286,113.97492552135054,43.72445336553233,52.38728897715988,32.944771233649064,12838.771165432096,450.4433221099887,0.3678286022558284,0.2414894346101563,B,grading/data_processed/potato/B/Potato_Sweet_1_r_22__100.jpg,ffe38101008080ff,5
4539.5,274.35028553009033,1.6666666666666667,0.7578915262963845,0.9683233788395904,16.28273937312151,16.81676201919183,107.18183769858308,41.19627793226185,60.241305281236585,35.59402901976684,13276.247725305557,448.38956228956226,0.3278295853519502,0.2099775440125892,B,grading/data_processed/potato/B/Potato_Sweet_1_r_191__100.jpg,ffc38100008081ff,0
4006.5,268.5512965917587,0.57,0.6981046069673914,0.9504210651168308,14.896727272727272,9.781912880019254,119.11733333333332,45.24445979321441,53.616727272727275,32.983423001950825,16231.385484764543,507.5728571428572,0.3722826141632648,0.2541883215376396,B,grading/data_processed/potato/B/Potato_Sweet_1_135__100.jpg,f1c18383838383c7,13
4855.0,275.76449942588806,1.4705882352941178,0.8022733856267135,0.9784361144699718,16.601125854443104,15.580863130058235,110.91495778045838,41.417628968507586,64.04020908725371,37.47288513931062,12292.208470242216,445.94399881164594,0.3697172656852548,0.2558281603652002,B,grading/data_processed/potato/B/Potato_Sweet_1_r2_96__100.jpg,ffc301010080c1ff,5
4087.5,269.5218588113785,1.7857142857142858,0.7070980561160197,0.9511343804537522,14.784728829686014,9.706003953614928,113.83563273073264,42.812758704078945,54.551379638439585,33.614170241255465,14704.136853284444,474.3674242424243,0.374982185483584,0.2374389019840522,B,grading/data_processed/potato/B/Potato_Sweet_1_r_103__100.jpg,ffc38101000001ff,2
4428.5,275.8650047779083,1.694915254237288,0.7312624801874893,0.9652353966870096,16.05869421850956,13.954841345424263,107.31325566058474,40.940757940407416,58.77225763904155,34.929153114354364,12229.38822921574,445.1612737544941,0.3375619357202051,0.2160750709349645,B,grading/data_processed/potato/B/Potato_Sweet_1_r_0__100.jpg,ffc38100008081ff,0
4258.0,264.59292674064636,1.6129032258064515,0.7642915547597501,0.9761577258138469,15.718828643331046,9.433525697892891,112.95035460992908,42.40863576881191,56.42393045069778,33.39985169256108,14350.125263683663,342.3870967741934,0.4102582897544449,0.2823675143973472,B,grading/data_processed/potato/B/Potato_Sweet_1_r2_131__100.jpg,ff878100008183ff,0
4198.0,261.76449978351593,1.639344262295082,0.7698937657817218,0.978098788443616,15.31368909512761,6.304712124694043,112.17865429234338,42.19094930543143,55.80371229698376,33.47126045194671,15678.813696828807,385.4563669481702,0.4036937263541238,0.2813765627249622,B,grading/data_processed/potato/B/Potato_Sweet_1_r2_130__100.jpg,ff8781000081c3ff,5
4067.0,267.9655100107193,0.59,0.7117479709616954,0.951011341049924,14.655675029868576,8.821078639685318,121.68267622461173,45.253309598701286,54.39068100358423,33.001807403381356,14811.726420310257,529.8518965517242,0.3723452524337579,0.2682956678709802,B,grading/data_processed/potato/B/Potato_Sweet_1_143__100.jpg,f1c181838383c3c7,34
4047.0,268.79393684864044,0.59,0.7038889250352819,0.9503346248679112,14.918847539015609,9.671663421650967,121.1498199279712,43.911611845040795,54.14357743097239,32.93036831604039,15168.051960815856,516.5620689655173,0.3807265100205282,0.2712124043108664,B,grading/data_processed/potato/B/Potato_Sweet_1_142__100.jpg,f1c18383838383cf,13
3737.5,253.7228691577911,0.52,0.7295781814640752,0.975339248434238,14.03611327617563,9.60295134461547,121.37412314886984,51.19007027788415,50.071187321382176,31.108708625054007,17758.934982100593,458.7188235294118,0.3585884177266066,0.2348773678572816,B,grading/data_processed/potato/B/Potato_Sweet_1_198__100.jpg,e7c38181818183c7,0
3731.5,253.72286891937256,0.52,0.7284069536453809,0.9763212977498692,14.47072599531616,12.358209154600136,122.9791829300026,49.46448675639946,50.02966432474629,30.969538466789327,17201.78534674556,399.94607843137265,0.3610682517456846,0.2360501741931993,B,grading/data_processed/potato/B/Potato_Sweet_1_199__100.jpg,e7c38181818183c7,0
5882.0,298.5929260253906,1.2564102564102564,0.8290407059131569,0.9733576038391528,15.921324018629408,14.692998195903847,108.771623419827,37.568928532017146,77.29041916167665,44.654009080596694,4791.561727016411,438.9998678297647,0.3641219799019104,0.2011110525639908,B,grading/data_processed/potato/B/Potato_Sweet_1_r_54__100.jpg,ffc78301010081fd,23
3707.0,259.48022866249084,0.5,0.6918690543860794,0.9691503267973856,14.528257456828886,8.826848347604738,116.63762428048142,44.470861671897445,50.16457352171638,32.789959516925656,17810.912351,480.8942857142856,0.3520472635340436,0.212205795063563,B,grading/data_processed/potato/B/Potato_Sweet_1_15__100.jpg,cf838181818183c7,0
3705.0,255.82337546348572,0.5,0.7114061683167372,0.9719307450157396,14.801518722178582,10.379062645346432,116.54726368159204,45.27296461098574,50.12830583922493,32.65884151860263,18655.905036,589.4444897959183,0.3528288080347162,0.2111780980307381,B,grading/data_processed/potato/B/Potato_Sweet_1_14__100.jpg,cf838181818183c7,0
3788.5,258.69343185424805,1.8867924528301887,0.7113876986897323,0.9614262149473416,15.802820512820514,18.926682894211535,113.59615384615384,42.168924462633775,50.58,31.18345238366178,15615.342451085797,374.90413569658847,0.3951073124663531,0.2519871933692305,B,grading/data_processed/potato/B/Potato_Sweet_1_r_109__100.jpg,ffc78181000001ff,5
4401.0,265.27921855449677,1.6666666666666667,0.7858773526390526,0.9751828052293374,14.714570416297608,14.418896613616589,119.67825509300266,44.58505050150677,58.42006200177148,35.02308533360396,12873.612567888887,438.28484848484857,0.3531918595415446,0.2339477131683146,B,grading/data_processed/potato/B/Potato_Sweet_1_r2_197__100.jpg,ff8301000081c3ff,5
4828.0,282.10764491558075,1.4776119402985075,0.7623377300982594,0.959364133134625,15.790951322965055,11.374322130232317,112.57321753181176,41.701038506633815,63.732377297515654,37.100714515436046,10469.51213792474,383.44745659457806,0.3979858314250354,0.2413101566708313,B,grading/data_processed/potato/B/Potato_Sweet_1_r_140__100.jpg,ffc78180000103ff,20
4071.0,266.9360716342926,1.7543859649122806,0.7179536977485343,0.9495043731778424,16.018633540372672,16.933701604198436,111.41591017677976,42.54965593690847,54.448877209746776,33.89145978382696,13734.583934872267,464.1259968102072,0.3770257438686586,0.2533468575916792,B,grading/data_processed/potato/B/Potato_Sweet_1_r_29__100.jpg,ffe38101000080ff,5
5437.5,292.29141104221344,1.1785714285714286,0.7997919457862162,0.971155563493481,16.63705035971223,14.3943282172111,108.00611510791369,44.70189386506416,71.64352517985611,40.93419325577527,7257.616440059682,417.34402332361515,0.4372551356114515,0.3166240307553508,B,grading/data_processed/potato/B/Potato_Sweet_1_r2_47__100.jpg,ffe1c1800181c3ff,10
4361.5,265.1787121295929,1.639344262295082,0.7794144024704762,0.9774764679515912,15.963351955307262,11.643397819654808,114.99262569832402,40.991370550228666,57.67083798882682,33.995399440169166,13391.974627761352,353.1149196886901,0.3775669827640308,0.2545848055989109,B,grading/data_processed/potato/B/Potato_Sweet_1_r2_104__100.jpg,ffc381000080c1ff,2
5269.5,287.1198379993439,1.2073170731707317,0.8032539544927589,0.9715154867256636,15.96233067359436,10.06181814026474,109.17684171460382,44.99699268284806,69.27778808684357,39.48198428619972,7512.81282362864,357.03384768541554,0.4439425597453519,0.3214888225972691,B,grading/data_processed/potato/B/Potato_Sweet_1_r2_46__100.jpg,ffe1c1800181c3e7,10
4497.0,275.7644991874695,1.5625,0.7431150198561863,0.9603844100373732,15.793327556325822,13.120928307019293,113.407712305026,42.85365317488912,59.51733102253033,35.041336735702814,12964.34368125,388.60590277777777,0.4217536497952929,0.2657930672423161,B,grading/data_processed/potato/B/Potato_Sweet_1_r_137__100.jpg,ffc78180000103ff,20
4432.5,274.3502868413925,1.596774193548387,0.7400273506323506,0.9579641236222174,15.732586244781366,13.251480993005968,113.47571962206108,41.97094627405984,58.49945067018238,33.98063787691795,12064.661607083988,339.77995391705065,0.4056363702627224,0.2459650025583691,B,grading/data_processed/potato/B/Potato_Sweet_1_r_136__100.jpg,ffc78180000101ff,2
3765.5,256.55129623413086,0.54,0.7189258331533737,0.968991250643335,14.270242392986075,11.405584641027811,123.70474471376998,50.114168090450974,50.52062919030429,31.31861358524182,17539.204212311386,531.857924528302,0.3701113744884093,0.2536780699819109,B,grading/data_processed/potato/B/Potato_Sweet_1_192__100.jpg,e3c38181818183c7,0
3747.0,255.137082695961,0.53,0.7233465032194213,0.9734996102883866,16.008033169214823,20.012063937149403,124.51930551956464,48.92554621819884,50.166623477584864,30.6462900247126,16993.91299661801,408.5724999999999,0.3667864927653945,0.2451261600064884,B,grading/data_processed/potato/B/Potato_Sweet_1_193__100.jpg,e3c38181818183c7,0
3926.0,264.79393661022186,1.851851851851852,0.7036295773752517,0.9601369528001956,16.356011875309253,17.186138584731427,114.4235526966848,42.72183389076864,52.27931716971796,31.703177324644013,16962.790492969816,367.040404040404,0.3699402563736987,0.2397977651877662,B,grading/data_processed/potato/B/Potato_Sweet_1_r_16__100.jpg,ffe38101008080ff,5
4132.5,269.722868680954,0.6,0.7138174921852436,0.9577056778679026,14.543038570084668,10.086142659104588,122.69990592662276,45.513969509362155,55.39252116650988,33.90096070788371,15717.78016863889,624.4705084745763,0.371424953759049,0.2691513149440483,B,grading/data_processed/potato/B/Potato_Sweet_1_149__100.jpg,f1c18183838383cf,13
4105.5,270.5512969493866,0.6,0.7048175023898366,0.9574393656716418,14.885917159763313,13.45707189258241,122.4196449704142,45.46842579474961,54.942958579881655,33.34704462661789,14473.525615305556,531.7884745762713,0.3777873871713103,0.2737247992569161,B,grading/data_processed/potato/B/Potato_Sweet_1_148__100.jpg,f1c181838383c3cf,13
3703.5,255.7228697538376,0.51,0.7116772351648811,0.9747335175681012,15.29245283018868,14.33442681438056,121.41247379454929,49.64799247475589,49.87342767295598,31.54314649107055,17396.43612499039,442.2152000000001,0.3588288676363351,0.2250551487969116,B,grading/data_processed/potato/B/Potato_Sweet_1_6__100.jpg,c7c38181818183c7,0
5637.0,295.9066354036331,1.351351351351351,0.8089999431313677,0.9716452641558218,16.73386537126995,17.357918062931486,103.42748091603052,38.1008347654423,74.34038861901458,42.91036959921377,7846.004610007305,498.0851760851761,0.3290032060226008,0.2065584228247456,B,grading/data_processed/potato/B/Potato_Sweet_1_r_85__100.jpg,ffc78101000081ff,5
4011.5,262.5512971878052,0.55,0.7312877927094836,0.97319262493935,15.423309910346498,8.604796302384516,116.43421371456265,44.13191969635097,53.5737824085292,32.6062011374909,13520.743414049588,447.4925925925926,0.3431810321650254,0.222423558484704,B,grading/data_processed/potato/B/Potato_Sweet_1_123__100.jpg,f3c181818181c3e7,22
4019.0,263.13708209991455,0.55,0.7293966446381391,0.9698359073359072,15.324546553808949,6.76931083432084,116.2894800483676,45.807790671311906,53.7770253929867,33.179306269865585,15516.307373355372,559.1772222222222,0.3307164363180238,0.2209210750453132,B,grading/data_processed/potato/B/Potato_Sweet_1_122__100.jpg,f3c181818181c3e7,22
3952.0,259.6223638057709,1.7857142857142858,0.7367880958364729,0.9718431083241116,13.291512915129152,8.570172784064871,124.5220172201722,46.50639041239789,52.7239852398524,32.1464832692144,16201.589458035714,405.0791847041846,0.3706833609956403,0.2617588185911061,B,grading/data_processed/potato/B/Potato_Sweet_1_r2_13__100.jpg,ffc301000081c3ff,2
4818.5,283.1787122488022,1.5384615384615383,0.7550931359236478,0.9617764471057884,16.961748633879782,15.566180150544827,105.21149564865412,41.35564547285723,63.698643999190445,37.53688405589275,10356.707976331363,507.680808080808,0.3469350313968526,0.225006894996431,B,grading/data_processed/potato/B/Potato_Sweet_1_r_186__100.jpg,ffc38100008081ff,0
5242.5,284.8355669975281,1.2894736842105263,0.8120071755489195,0.9760752187674548,15.539049394221808,10.203037293815802,110.9103448275862,40.737520175151886,68.97110904007455,39.41842006037426,7444.234626673328,316.7938144329897,0.4187717388736067,0.2672168113801402,B,grading/data_processed/potato/B/Potato_Sweet_1_r2_151__100.jpg,ff830101010387df,4
3979.5,259.0365791320801,1.7543859649122806,0.7452743610141445,0.9709649871904356,12.905913978494624,7.413047216406946,125.46309872922777,46.45768586289164,53.37927663734116,32.934483389802644,17771.48967202216,515.8557504873295,0.379051635789793,0.2700777458255712,B,grading/data_processed/potato/B/Potato_Sweet_1_r2_12__100.jpg,ffc301000081c3ff,2
4725.5,277.03657734394073,1.5714285714285714,0.7737192557335627,0.9688364941055868,16.981431813492883,17.55054199789543,105.54755518877656,40.65637143393304,62.518258716732,36.66148384040878,11942.630696180266,454.6619695497248,0.3477820316437039,0.2100109011494726,B,grading/data_processed/potato/B/Potato_Sweet_1_r_187__100.jpg,ffc30100008081ff,5
4181.0,262.450790643692,0.59,0.7627711538100084,0.9742514272398928,15.568335273573924,9.083543097441366,117.52409778812572,43.85231659504189,56.2325960419092,35.17721189467909,16571.706069376614,657.9908620689655,0.3697711651757258,0.2506033444835674,B,grading/data_processed/potato/B/Potato_Sweet_1_75__100.jpg,cfc381818181c3e7,29
4185.5,268.20814990997314,1.706896551724138,0.7311614231034662,0.9616312464101092,17.5847083430165,22.324258139212183,112.33372066000464,42.268529420763706,55.48036253776435,32.858544741045534,12646.652337764071,328.3052427867698,0.3639596655790086,0.240120167358849,B,grading/data_processed/potato/B/Potato_Sweet_1_r_34__100.jpg,ffc38101000080ff,5
4176.0,262.4507917165756,0.59,0.7618589601214273,0.9752452125175152,15.632167832167832,7.733370923254246,116.47692307692309,43.795940822073675,55.68974358974359,33.58330993209068,15598.703454294746,419.6391379310345,0.3679408849343654,0.2513170716670399,B,grading/data_processed/potato/B/Potato_Sweet_1_74__100.jpg,cfc381818181c3e7,29
4073.5,256.35028624534607,1.7241379310344829,0.7789506987550772,0.9814480183110468,15.337078651685394,7.954128575250394,112.62060721969878,43.32712771570671,54.18120965814009,32.855935011415106,15973.950124821642,381.0912574016022,0.3901121653753057,0.2656509335769044,B,grading/data_processed/potato/B/Potato_Sweet_1_r2_119__100.jpg,ffc381000081c3ff,5
4782.5,280.0071407556534,1.523076923076923,0.7665255385715104,0.965576418332324,15.299408525392616,12.978075522815246,110.13991433816032,40.3942230134243,63.00346726493984,36.49316874000138,8842.83626979254,348.27456828885397,0.3646251548540924,0.2234754945157939,B,grading/data_processed/potato/B/Potato_Sweet_1_r_43__100.jpg,ffc78301010081ff,5
4701.5,276.6934322118759,1.523076923076923,0.7717001832398345,0.9591961644394572,15.324761509746994,12.510596284160943,110.27644131065948,41.024318550245475,62.14060555785981,36.21410441029411,10141.272442553562,334.9279434850863,0.3769384069800892,0.237243466383954,B,grading/data_processed/potato/B/Potato_Sweet_1_r_42__100.jpg,ffc78301010081ff,5
4161.0,261.6223645210266,1.7241379310344829,0.7639375312927814,0.9744730679156908,14.820584795321638,16.83243449771898,120.82947368421053,46.222175600753026,55.61707602339181,34.18701286688126,16436.144078478002,513.2220480668757,0.3619474903361105,0.2506548635744042,B,grading/data_processed/potato/B/Potato_Sweet_1_r2_8__100.jpg,ff8301000081c3ff,5
4065.0,258.7939373254776,1.7857142857142858,0.76271487756749,0.9735361034606634,15.31211105792245,19.674122302226237,121.1747247486836,45.94087519960476,54.23958831977023,33.05408181419048,17263.025433641582,441.28841991341994,0.3546096397604146,0.2439419106963413,B,grading/data_processed/potato/B/Potato_Sweet_1_r2_9__100.jpg,ff8301000081c3ff,5
4116.0,259.7644989490509,1.694915254237288,0.7665237848863854,0.9768600925596298,15.469127040454223,4.9302857231833865,112.388928317956,42.856665508760194,54.40075703808848,32.36161276843431,15850.785972306809,309.68926553672316,0.3989405983731798,0.2714190977385994,B,grading/data_processed/potato/B/Potato_Sweet_1_r2_126__100.jpg,ff8781000081c3ff,5
4434.5,275.1787129640579,1.6666666666666667,0.73591025189181,0.957051904607748,16.218976499011642,19.223155058642885,106.71337579617834,38.94578545890132,59.08126509993411,35.90992199482932,14010.262551972226,501.196632996633,0.3542097321694578,0.2291377523630307,B,grading/data_processed/potato/B/Potato_Sweet_1_r_99__100.jpg,ffc38101000001ff,2
4066.5,257.1787123680115,1.706896551724138,0.7726104990375278,0.9802338194528144,15.642001915708812,10.311965681780492,113.51724137931036,42.933641767909165,53.758860153256705,31.862650384193568,18085.83439546257,286.19616467276575,0.3852384456751929,0.2606369210659285,B,grading/data_processed/potato/B/Potato_Sweet_1_r2_112__100.jpg,ff8381000081c1ff,2
3833.0,257.6223644018173,1.7678571428571428,0.7257408344477358,0.9637918028664824,13.069201520912548,10.486035230266628,126.8339670468948,47.019857327748795,51.14296577946768,30.869607480211886,18024.092930665913,386.9125364431487,0.3877856437081825,0.276068427481979,B,grading/data_processed/potato/B/Potato_Sweet_1_r2_18__100.jpg,ffe301000081c3ff,5
3836.5,258.693431019783,1.7241379310344829,0.7204009300859232,0.9637025872896258,14.24062816616008,15.318481557071038,126.11246200607904,47.36459949612042,51.12715298885512,30.682749994315653,17771.97247693222,364.8300243817485,0.4264198960714929,0.3049231848019922,B,grading/data_processed/potato/B/Potato_Sweet_1_r2_27__100.jpg,ffe381000081c3ff,2
3823.5,259.5218583345413,1.7241379310344829,0.7133835223536454,0.9645560040363268,14.043456162642949,12.572671286457137,126.95679796696317,47.813813658107534,50.92249047013977,30.65676425041983,16854.995763109393,331.8665970045281,0.4257277944019829,0.308196143488702,B,grading/data_processed/potato/B/Potato_Sweet_1_r2_26__100.jpg,ffe381000081c3ff,2
6546.5,337.46298468112946,1.0777777777777775,0.7223817234812426,0.9710026698309108,15.484757919904364,9.957571717294115,105.76090854751942,36.968584613260965,86.38523610280933,49.21818663457423,3400.6672637309425,446.6649305555556,0.3643582404347548,0.219383314929825,B,grading/data_processed/potato/B/Potato_Sweet_1_r2_164__100.jpg,ff838101010383ef,4
4424.5,265.86500465869904,1.6666666666666667,0.7865959610621331,0.976279788172992,14.047136563876652,11.83465299975132,118.11057268722467,44.762074128538394,58.81894273127753,35.22062362306495,13784.877415305556,428.108585858586,0.3499263860539474,0.2306068262797411,B,grading/data_processed/potato/B/Potato_Sweet_1_r2_2__100.jpg,ff8301000081c3ff,5
3827.5,261.8650039434433,0.56,0.7014070688005818,0.9618042467646688,13.51662014717077,11.027889736375029,125.111139304745,49.42666804548716,51.31261101243339,31.59962220710457,19442.55707538265,486.19072727272714,0.3834104888710356,0.268763898352906,B,grading/data_processed/potato/B/Potato_Sweet_1_185__100.jpg,f3c38181818183c7,0
4393.0,266.10764503479004,1.6666666666666667,0.7795722368246917,0.9745978924015528,14.731810115350488,17.172288131961274,117.32409050576751,44.64334037942439,58.297471162377995,34.67126033931043,13536.789731972223,433.4471380471382,0.3523047449921146,0.2349506795256526,B,grading/data_processed/potato/B/Potato_Sweet_1_r2_3__100.jpg,ff8301000081c3ff,5
4043.5,260.8944420814514,0.55,0.7465134844608727,0.9764549625694277,16.6540033661938,15.27197615874283,116.66794902620822,44.23060957278227,54.05794662178408,33.00764239638273,14356.1108145124,491.8135185185186,0.339455970087853,0.2200218220876906,B,grading/data_processed/potato/B/Potato_Sweet_1_117__100.jpg,f3c181818181c3e7,22
4050.0,260.30865573883057,0.55,0.7510825435842313,0.9779065555957986,15.674909963985597,9.905263471491873,116.90348139255704,45.10098366306114,54.00168067226891,32.72450021531591,13091.979090611572,460.10333333333335,0.3398874344819869,0.2170631857588867,B,grading/data_processed/potato/B/Potato_Sweet_1_116__100.jpg,f3c181818181c3e7,22
5046.5,296.0071403980255,1.5151515151515151,0.7237619823191391,0.957045325241798,21.3719806763285,14.66642250915396,128.25062801932367,44.409295139358754,66.60676328502416,38.97173201548737,9719.218635789715,445.3891949801041,0.3559258360802257,0.2028100313692127,A,grading/data_processed/potato/A/Potato_White_1_r_15__100.jpg,ff8101000081c1ff,11
4686.0,296.10764479637146,1.5873015873015872,0.6716034343579614,0.944758064516129,21.43044019933555,11.412791330450393,128.89659468438538,45.37185439375472,62.40739202657807,37.6503704346043,10628.740737994458,463.4880551547219,0.4122178009195302,0.2226394957391296,A,grading/data_processed/potato/A/Potato_White_1_r_87__100.jpg,ff810100000183ff,5
5276.5,293.1787133216858,1.408450704225352,0.771420076701309,0.9771296296296296,20.03441894892672,7.777313299625339,135.28960029607697,41.28053851414589,69.74278312361214,40.914623037962755,9015.248218587582,557.6635367762128,0.3812980046322194,0.2274676662581359,A,grading/data_processed/potato/A/Potato_White_1_r2_191__100.jpg,ffc101000081c1ff,12
4815.0,307.7644991874695,1.5873015873015872,0.6388061828999385,0.9428235754846288,20.02888888888889,9.331481081236417,124.64464646464648,45.021969795522736,64.11171717171717,38.401960230912366,13506.07120430839,561.8861632194966,0.3650859874509325,0.2003420415073358,A,grading/data_processed/potato/A/Potato_White_1_r_189__100.jpg,ff83010080c0c1ff,11
4576.0,278.9360716342926,1.4776119402985075,0.7390716087153442,0.9533333333333334,14.388332978496912,17.211094553782626,103.15435384287844,42.04808599401197,60.63189269746647,35.85282213004886,11281.257437349434,332.95887907401766,0.4447306323881436,0.2811407975129917,A,grading/data_processed/potato/A/Potato_Red_1_r2_64__100.jpg,ffe78100000181ff,2
5164.0,282.10764515399933,0.68,0.8153918872355672,0.9836190476190476,20.927936447891053,14.530047809581074,132.0306411953849,44.81292268692099,68.14110081331567,39.907740061466136,9052.862879238754,420.2656716417912,0.3396012904002289,0.2020848948955168,A,grading/data_processed/potato/A/Potato_White_1_136__100.jpg,f7c1c181818181c7,0
3469.5,262.0660152435303,1.96078431372549,0.6348269354124368,0.9380830066243072,15.801450083658672,20.7234912042083,95.16954824316788,44.50999535146476,46.96486335750139,30.511650891936934,22335.49668200692,504.3214497920381,0.4545103655227913,0.2876416768762601,A,grading/data_processed/potato/A/Potato_Red_1_r2_154__100.jpg,ff830101010187ff,4
3468.5,262.0660148859024,1.96078431372549,0.6346439635358601,0.9376858610435252,18.38465829846583,30.41944139136112,91.70376569037656,43.5818580836157,46.850488145048814,30.039471298350897,23204.716610957326,452.5335710041593,0.4593988545277683,0.2864516201411953,A,grading/data_processed/potato/A/Potato_Red_1_r2_155__100.jpg,ff870101010187ff,4
5877.5,301.320848941803,1.25,0.8134748624091841,0.9725324729047736,20.099384051939403,6.613238279859167,128.37206592308974,43.505104248413886,77.32728483435992,44.940388457771114,6062.969415609376,450.0334595959597,0.4237988165533176,0.2360224405423072,A,grading/data_processed/potato/A/Potato_White_1_r_125__100.jpg,ffc18000010183ff,0
4985.5,276.55129623413086,1.5625,0.8191570773017407,0.9862512363996044,59.74804228660924,79.94203157524176,128.78484729835552,52.26115552208614,65.55736100234925,38.02089076982226,6604.46243125,221.29403409090904,0.4830954527491019,0.1926935000061408,A,grading/data_processed/potato/A/Potato_Red_2_r_196__100.jpg,ff870100000181ff,5
4625.0,270.79393768310547,1.694915254237288,0.7925811260058339,0.9827879303017424,48.86361720067454,75.05558474278473,133.47807757166947,53.442286012547406,60.886804384485664,35.31306091334564,10107.31834217179,260.35798664612224,0.4104536173030617,0.1860539684212002,A,grading/data_processed/potato/A/Potato_Red_2_r_104__100.jpg,ff8301000080c1ff,6
5277.5,283.5218586921692,1.408450704225352,0.8250210154983905,0.9864485981308412,31.72671727457878,62.055052925106665,136.6478429920385,47.054660996841314,69.30623958526199,40.16090917956905,8133.530111704028,327.1795418978518,0.4615521472959007,0.2287004604004331,A,grading/data_processed/potato/A/Potato_Red_2_r2_91__100.jpg,ff870301008081ff,20
4415.0,272.7939363718033,0.6,0.745540338674139,0.9716109154929576,13.280485115766265,18.760577158831364,112.17971334068358,43.63561287335074,58.996030871003306,35.881803788569925,13299.697154416666,475.0840677966102,0.3761193360244296,0.2228922469466418,A,grading/data_processed/potato/A/Potato_Red_1_138__100.jpg,efc38181818181c3,0
4542.0,279.27921855449677,1.5625,0.7317786804809513,0.9602536997885835,14.903301886792454,8.539528072316813,100.57246998284734,43.94351469728666,60.323113207547166,35.92070093497016,10914.197143530277,401.2170138888889,0.3957362214571387,0.2581604704991431,A,grading/data_processed/potato/A/Potato_Red_1_r_43__100.jpg,ff878101000083ff,5
4233.5,265.7228698730469,0.57,0.7534450076279963,0.9755732227215116,53.374396690416,77.8547243484713,128.35761893817514,54.59351376821372,55.931969662146635,32.72406053157363,12114.540668851952,349.3796428571428,0.4151143108138968,0.2167486435708328,A,grading/data_processed/potato/A/Potato_Red_2_109__100.jpg,e7c3c181818183c7,0
4875.0,296.45079123973846,1.5625,0.6970745970878434,0.9481668773704172,19.94067119456652,10.150892922123528,128.26248501797843,44.49539314270828,64.79804234918099,38.45678944708614,10690.588668359374,519.6707702020203,0.363652949844254,0.2059766725776144,A,grading/data_processed/potato/A/Potato_White_1_r_9__100.jpg,ff8301008080c1ff,2
4565.5,268.55129623413086,1.6666666666666667,0.7955064499184724,0.9840500053885116,31.51473099914603,62.58751001447764,138.66481639624251,53.89324251478969,60.07216054654142,34.96095055292865,8963.236271083333,214.7622895622896,0.4803914168707295,0.2124998291156744,A,grading/data_processed/potato/A/Potato_Red_2_r_131__100.jpg,ffc30100008181ff,2
5141.0,287.76449978351593,1.408450704225352,0.7801588438545208,0.978399467123418,20.46980630459552,12.861363804894266,135.79965818458032,43.57924632321744,67.87941511583745,39.96202723934734,9348.540437532236,454.2000284535495,0.4014387387788498,0.2471553999873124,A,grading/data_processed/potato/A/Potato_White_1_r2_108__100.jpg,ffc38100000083ff,5
4927.5,299.03657746315,1.5625,0.692449123751411,0.95355587808418,20.492490118577074,12.615856095588835,121.0391304347826,45.45965994426051,65.45731225296443,38.90617521996192,10021.74890625,549.3926767676768,0.3624362073497735,0.1966299403472002,A,grading/data_processed/potato/A/Potato_White_1_r_183__100.jpg,ff8301000080c0ff,5
5564.0,301.07820761203766,1.2820512820512822,0.7713266582451738,0.9711144078889956,19.669652265542677,8.68875642527069,140.97172462240957,44.79722970444578,73.38127853881278,42.76371567514051,7473.689229125576,471.0638435638437,0.4005600240366033,0.2588418804802387,A,grading/data_processed/potato/A/Potato_White_1_r2_17__100.jpg,ffe381000000c1f7,6
4925.0,303.2792180776596,1.5384615384615383,0.6728694264013142,0.946842257041238,20.39237003360348,11.807912302349148,120.87171377742636,43.93227762414358,65.61652500494169,39.2208158687762,11858.731107668638,582.6212898212898,0.3710195954579843,0.2084290934246237,A,grading/data_processed/potato/A/Potato_White_1_r_182__100.jpg,ff83010080c0c0ff,11
4886.5,289.1787134408951,1.492537313432836,0.7343026993459594,0.9507734215390602,20.5243415802075,8.241346889248407,130.158419792498,44.53301682938088,64.62669592976856,38.01752900425153,12329.918945756292,436.1706618423037,0.4372616296101211,0.2393292544272569,A,grading/data_processed/potato/A/Potato_White_1_r_111__100.jpg,ffc18000010183ff,0
4731.0,295.42135417461395,1.4142857142857144,0.6812069072652512,0.9331360946745562,16.329491664951636,11.318141453479912,81.72669273513068,37.886864457838826,62.40090553611854,36.59012176682131,9601.284721800566,403.56020408163266,0.4370328076128255,0.2857915867940956,A,grading/data_processed/potato/A/Potato_Red_1_r2_18__100.jpg,ffc381800081e1ff,2
5688.0,298.2497811317444,1.2125,0.8035431153473684,0.977571539056458,14.289152484098333,22.17400999343344,101.60581055526904,42.07557466954268,74.77926766374419,42.76753225653519,5066.7924034003345,391.4006510416666,0.4071607971531795,0.2357918329646694,A,grading/data_processed/potato/A/Potato_Red_1_r_156__100.jpg,ffc38181810183e7,0
4536.5,270.208150267601,0.62,0.7807893668681816,0.9813953488372092,44.29903329752954,73.33710951297874,137.64661654135338,50.90070298939221,59.91922663802363,34.40318731398424,9943.148668028096,397.5759016393443,0.4078841438700365,0.2284689291764473,A,grading/data_processed/potato/A/Potato_Red_2_86__100.jpg,e3c1c181818183c7,13
3513.0,263.13708317279816,1.8867924528301887,0.6375641681310722,0.9329438321604036,18.488013226784236,29.93892344609071,96.45549738219896,44.670089954846034,47.1206944061725,28.982140888000977,21860.765302100393,348.8637316561844,0.4735728467076001,0.3043603113005293,A,grading/data_processed/potato/A/Potato_Red_1_r2_161__100.jpg,ffc30101010387ff,0
6666.0,335.3624792098999,1.0309278350515465,0.7448112541331454,0.9596890296573568,19.313849317080336,8.890666854458273,121.64150389190776,40.69361883686775,87.81406961374651,50.90335169135027,3808.971974237432,485.1508903467667,0.4762700247542119,0.2831950928319596,A,grading/data_processed/potato/A/Potato_White_1_r2_140__100.jpg,ffc78181818183c7,0
6504.5,338.77669191360474,0.9696969696969696,0.7121914182810668,0.9438438656315752,19.07715445931719,6.38812606121518,122.3129793953978,39.79510556731284,85.731839374342,49.21063910368661,3124.500988242413,463.40499734183936,0.4741869197706026,0.2855303664767067,A,grading/data_processed/potato/A/Potato_White_1_r2_141__100.jpg,ffcf8181818183c7,0
5448.0,284.59292805194855,1.337837837837838,0.845276422044832,0.98561736770692,16.189912044516245,19.899997127338644,93.17250044875249,37.48239155086078,71.61604738826064,41.31078763348886,6366.716264175723,454.88375620518485,0.3737046298927391,0.2269089882796189,A,grading/data_processed/potato/A/Potato_Red_1_r_6__100.jpg,ff870301000081e7,6
4277.0,266.6518017053604,1.7543859649122806,0.7558925575947795,0.978382706164932,54.51842584167425,78.437913392661,133.15036396724295,51.64167859854445,56.46405823475887,33.30503040561167,11417.143186949832,234.77458798511432,0.4867229119020254,0.2202930055044824,A,grading/data_processed/potato/A/Potato_Red_2_r_22__100.jpg,ff830000008183ff,5
4381.5,268.55129742622375,1.6610169491525424,0.763445729793797,0.9742078932740412,14.017333333333331,23.212097650435027,106.49355555555556,44.08201652251595,58.09,34.057861060260336,11368.75485066131,371.2399091385637,0.3660851672348109,0.2126941353590119,A,grading/data_processed/potato/A/Potato_Red_1_r_120__100.jpg,ffc18180000181ff,2
4454.5,279.5218588113785,1.5625,0.7164357945121399,0.9517145604102126,17.587194055944057,17.831569258805366,98.38876748251748,42.49144654427473,58.88330419580419,34.16013325160799,10474.744911499023,350.9016729797979,0.4150498446385395,0.2714202306863923,A,grading/data_processed/potato/A/Potato_Red_1_r_48__100.jpg,ff878301010083ff,5
5541.0,308.24978041648865,1.351351351351351,0.7328118143561874,0.960311958405546,20.79806167400881,7.366175567986352,128.67859030837005,45.18028447787565,73.0111013215859,42.54877543311424,7892.920027684441,538.8670488670489,0.4136239985937132,0.2185287253313276,A,grading/data_processed/potato/A/Potato_White_1_r_69__100.jpg,ff838100000103ff,5
5712.5,312.69343161582947,1.3157894736842106,0.7341732553260197,0.9612148746424364,20.89882071440779,7.265858684326245,129.62177405571697,45.109968342788946,75.29704324047171,43.84689989571152,7474.1812863573405,568.6044657097289,0.3945999788325616,0.2163011694885601,A,grading/data_processed/potato/A/Potato_White_1_r_68__100.jpg,ff838300000103ef,5
4174.0,288.9360725879669,1.6129032258064515,0.6282880191419065,0.9212094460384022,16.312093023255812,16.26542324360712,86.40116279069767,41.27823626737928,55.57674418604651,33.50630511445461,12693.414837044747,433.65021179537297,0.4380270445330437,0.2917074989110463,A,grading/data_processed/potato/A/Potato_Red_1_r2_26__100.jpg,ffc3818000c0e1ff,6
5404.0,288.10764515399933,1.3424657534246576,0.8181174176292695,0.9780110397249118,17.98264014466546,17.307538069936488,88.8121157323689,40.648348153884655,71.07902350813744,40.76816309786065,6606.6539827614515,354.4288942239797,0.3973600497476873,0.2163211257357516,A,grading/data_processed/potato/A/Potato_Red_1_r2_185__100.jpg,ffc18101018183ff,0
5868.5,295.5218586921692,1.2987012987012987,0.8444185276275443,0.9845650532673432,62.01400466822274,78.50708837366011,118.67405801933978,51.99859531958234,76.97749249749917,44.061939113109055,4163.111056434474,321.9691722418995,0.4398349495072462,0.2080154450219189,A,grading/data_processed/potato/A/Potato_Red_2_r_55__100.jpg,ffc181000081c3ff,2
5044.5,287.8650047779083,0.68,0.7649802925542725,0.9718716886619786,21.012763488686907,9.851431249413048,131.18565074453684,45.84745918465793,66.65132469541675,39.03144317172581,8474.305463581315,536.4873134328359,0.383840751483695,0.2187961961531842,A,grading/data_processed/potato/A/Potato_White_1_52__100.jpg,ef838381818181c3,0
6622.5,307.80613052845,1.1235955056179776,0.8783696073909724,0.9888017917133258,44.20624814924489,71.96007605676488,132.52561445069588,52.564497190826586,86.88895469351496,50.14883491641168,2973.765945259437,296.5170809215753,0.4897051236893108,0.2290866642139593,A,grading/data_processed/potato/A/Potato_Red_2_r2_40__100.jpg,ffc38780000183ef,2
5251.5,291.5218588113785,1.4285714285714286,0.776517030210123,0.9643742539711688,20.044060234244284,7.480638176163714,124.9313998884551,44.950559869712855,69.12214166201896,40.18280581356146,9388.772685530612,462.1645021645021,0.3623951556259421,0.2184257609223059,A,grading/data_processed/potato/A/Potato_White_1_r_21__100.jpg,ff8301000181c1ff,11
5235.0,282.59292685985565,0.71,0.8237662125265348,0.9808881394041596,21.184058241553107,14.07190074667235,135.1049094642524,46.04012712970476,69.0490946425238,40.75934573927901,8872.629810970046,595.9831428571429,0.3772521612388673,0.2260767433363082,A,grading/data_processed/potato/A/Potato_White_1_38__100.jpg,cf878381818181e3,7
5162.0,284.793937087059,1.4,0.7997723496569211,0.9783000094759784,14.89069591527988,19.77717601286114,96.59531013615734,42.51819927968512,68.01683055975795,39.02520012402441,8112.093809977135,426.1774668630339,0.3696537267406365,0.216805078633319,A,grading/data_processed/potato/A/Potato_Red_1_r_103__100.jpg,ffc181000001c1ff,2
5079.5,279.3797243833542,1.5384615384615383,0.8177886138612266,0.9860234883043774,46.87949260042283,74.78669962291464,140.63251970017296,49.84655558726622,66.84105323851624,38.821668674634736,6994.474202982249,275.18368298368296,0.4452729250086948,0.1909926073401681,A,grading/data_processed/potato/A/Potato_Red_2_r2_191__100.jpg,ffc181000001c1ff,2
5364.0,289.4213536977768,1.36986301369863,0.8047064682426142,0.9808905549968,20.331754417926764,10.701662203244991,135.41482965931863,44.323559896508634,70.74968118054291,41.59699611726298,8697.196019065492,485.99142105991416,0.3856863231079887,0.2375991621451272,A,grading/data_processed/potato/A/Potato_White_1_r2_99__100.jpg,ff870100000083ff,5
4716.5,295.5218583345413,1.6129032258064515,0.6786572369761776,0.9484214759702392,21.033016921172106,9.039952561935328,126.55674783326457,46.165084218452414,62.757531985142386,37.899317332206984,11452.201342247658,534.9278266536331,0.4123788965830279,0.2068816802980987,A,grading/data_processed/potato/A/Potato_White_1_r_91__100.jpg,ff810000000183ff,5
4715.0,296.9360727071762,1.6129032258064515,0.671994379447206,0.9500302236550472,21.08565531475748,9.706396272321175,129.49267285861714,45.59165230085972,62.86460268317853,37.9418684666013,11706.368608844954,459.1898012381883,0.41073420293503,0.2067161079796563,A,grading/data_processed/potato/A/Potato_White_1_r_90__100.jpg,ff810100000183ff,5
6518.0,305.56348729133606,0.87,0.8772458138559972,0.9857088846880908,44.152052940291775,69.42209427250445,117.77365017295834,54.4013238554468,85.40351932621446,49.34944557195696,3206.771880248382,371.8420930232558,0.4373212483112005,0.2201515193107703,A,grading/data_processed/potato/A/Potato_Red_2_r2_62__100.jpg,ef838781818183c7,7
4923.5,275.3797242641449,1.5873015873015872,0.8158679722763138,0.986475656181126,45.12666005946482,73.84906803204434,143.78929633300297,48.390403225038995,64.75599603567889,37.616289807661,7948.75641972789,278.43241943241947,0.4630776837269981,0.1896408404963174,A,grading/data_processed/potato/A/Potato_Red_2_r2_2__100.jpg,ffc18100000181ff,5
5480.0,287.76449954509735,1.351351351351351,0.831602892707074,0.986321094312455,36.557537912578056,66.11392958317036,134.32310437109723,48.0593445555084,71.87832292595897,41.51373710763086,6145.781781574141,317.69191919191917,0.4544609266283695,0.2330103309438754,A,grading/data_processed/potato/A/Potato_Red_2_r2_87__100.jpg,ff870301000081ff,20
5910.5,321.1198375225067,1.1235955056179776,0.7202774442258548,0.9566237759974104,20.382834463370266,12.297983839576691,136.1023648089962,48.82432512616752,77.86009591532992,44.80509144954692,5848.639493233177,495.9573260696855,0.4311901628002968,0.3071940647697472,A,grading/data_processed/potato/A/Potato_White_1_r2_35__100.jpg,ffc381010101c3e7,0
5312.5,283.03657722473145,1.4492753623188406,0.833342785157961,0.9858044164037856,53.71601986389553,76.20290515600814,128.762368953467,52.8323109204118,69.82821408865183,39.87920779384923,5862.2664561856745,259.1412677499634,0.4639193424011879,0.201326462615322,A,grading/data_processed/potato/A/Potato_Red_2_r_49__100.jpg,ffc180000081c3ff,17
6235.0,300.5929261445999,1.2345679012345678,0.8671391803691696,0.9853034134007586,62.9373232799246,79.92170217258477,125.25369148601948,52.082963989768395,81.74725102104932,47.25820334131894,3779.575672915714,278.2112482853223,0.4841104651010251,0.2019012750005205,A,grading/data_processed/potato/A/Potato_Red_2_r_180__100.jpg,ff8f8501008181ff,17
3673.0,265.4802289009094,1.8333333333333333,0.6548870845575088,0.9457963177546028,16.175415457662886,23.23210076866073,89.17198628330256,40.53925565419086,49.034819308889475,29.843721164053186,20495.97217372629,327.60582010582016,0.4603561344437345,0.2805446676457686,A,grading/data_processed/potato/A/Potato_Red_1_r2_143__100.jpg,ff870101010083ff,5
5562.5,390.9188275337219,1.1111111111111112,0.4574111142242161,0.8327095808383234,19.32856395044495,8.844892650320427,121.783632873844,38.43273544141251,74.62153201884487,43.64860257252733,2930.5450960987655,439.3355780022447,0.4973300642947601,0.3472579979075368,A,grading/data_processed/potato/A/Potato_White_1_r2_163__100.jpg,ffbf1d010081c1e3,24
4425.0,267.13708305358887,0.59,0.7792104712883772,0.9826782145236508,43.07528065155184,72.30914178965355,138.7112040501871,50.58555888068615,58.55359894342945,34.19335130917165,9053.898651508189,373.92189655172416,0.405231403893264,0.2124384921824691,A,grading/data_processed/potato/A/Potato_Red_2_91__100.jpg,e3c1c181818183c7,13
4598.0,276.59292674064636,1.5625,0.7552603602277844,0.9626295404584948,17.682849268602926,20.607703712481445,93.77104091583634,40.04310991575797,60.82234471062116,35.61744398553382,10761.030720214843,396.09390782828274,0.4186165701962182,0.2494762965457792,A,grading/data_processed/potato/A/Potato_Red_1_r2_176__100.jpg,ffc18100018183ff,0
4516.0,270.7939364910126,0.62,0.7739019235796767,0.9803538478237274,40.79309600862999,70.81394949560068,138.638619201726,51.794635732380655,59.59288025889968,34.24220086967004,10843.426266805409,409.4980327868853,0.4120877615121956,0.2301421572061824,A,grading/data_processed/potato/A/Potato_Red_2_90__100.jpg,e3c1c181818183c7,13
4586.0,275.48022866249084,1.6666666666666667,0.7593868018315182,0.9765758091993184,15.115735825015928,14.807104898806402,101.77383733276704,43.07169086035098,60.817583351029946,36.16114538814046,9503.131122666668,402.75875420875417,0.3467368718326259,0.2043826165920548,A,grading/data_processed/potato/A/Potato_Red_1_r_28__100.jpg,ff878101010081ff,23
4713.5,292.00714004039764,1.5384615384615383,0.6946506299560122,0.9445891783567134,20.35289256198347,8.942600010000998,129.13512396694216,45.75564732549104,62.5456611570248,37.21769193199237,13898.135125775148,462.79953379953383,0.4399453618874738,0.2409464751406621,A,grading/data_processed/potato/A/Potato_White_1_r_107__100.jpg,ffc18000018183ff,5
5015.0,277.27921855449677,1.492537313432836,0.8196834350714595,0.9826589595375722,46.61779595015577,74.91781417742679,142.4622274143302,50.66117111348716,65.9154984423676,38.08874629978315,8404.670193807084,262.95115332428765,0.5076665580015824,0.2244084769502494,A,grading/data_processed/potato/A/Potato_Red_2_r2_20__100.jpg,ffc18100000181ff,5
4999.5,277.52185904979706,1.4705882352941178,0.8157217543493285,0.98077488965179,43.4720703125,72.62943726501437,143.150390625,51.49815720159229,65.6234375,37.914866568848225,9046.916435099482,267.85516934046353,0.5169029142764354,0.2375801734053452,A,grading/data_processed/potato/A/Potato_Red_2_r2_21__100.jpg,ffc18100000181ff,5
4770.5,274.208150267601,1.5873015873015872,0.7972839948813664,0.9844201403219148,40.67654876303414,70.17042708055793,138.35514209773052,48.19423345007321,62.70905745246371,36.64309227063302,10010.83405553036,267.40885040885047,0.4595439800654167,0.2152201403005359,A,grading/data_processed/potato/A/Potato_Red_2_r2_108__100.jpg,ff870101008081ff,6
4786.5,279.0365777015686,1.546875,0.7725127458635715,0.9756420709335508,14.64066001222245,20.948841663745448,99.76695864738237,41.797710033007704,63.187614585455286,36.239774955847075,10498.662356853534,381.3179209183673,0.3583787643911109,0.2122219043295564,A,grading/data_processed/potato/A/Potato_Red_1_r_108__100.jpg,ffc181800001c1ff,2
4753.5,301.86500465869904,1.6129032258064515,0.6555379313114891,0.9441851226536896,19.8475547370575,11.074809590440807,126.96664620421528,45.483896603992115,63.3951299365664,38.123500226361784,12065.312165218522,550.3820462691431,0.3667404690348243,0.1990190446964572,A,grading/data_processed/potato/A/Potato_White_1_r_194__100.jpg,ff83010080c0c1ff,11
4747.0,300.4507911205292,1.6129032258064515,0.6608188030047694,0.9454291973710416,20.2952868852459,11.851311503117538,128.2032786885246,45.44417478662245,63.195491803278685,38.09309535995194,12486.722532544223,585.4395568589117,0.3710200962074598,0.2013121994344326,A,grading/data_processed/potato/A/Potato_White_1_r_195__100.jpg,ff8301008080c1ff,2
5244.5,296.1492751836777,1.3157894736842106,0.751437052222319,0.9587751371115174,15.312604729100729,22.842079402861508,99.08657605660026,40.878567697389514,69.19009495438466,40.35596801412428,8021.29141267313,418.6735778841041,0.4660432628710949,0.2795769881711465,A,grading/data_processed/potato/A/Potato_Red_1_r2_79__100.jpg,ffe78100000181ef,5
5467.0,285.4213536977768,1.36986301369863,0.8433076009410146,0.9848675914249684,42.73542039355993,70.55306391423137,129.2076923076923,54.574650371667815,71.69713774597496,41.39907497303835,6408.331879508351,289.9958488999585,0.4946929227126032,0.2235880044867471,A,grading/data_processed/potato/A/Potato_Red_2_r_150__100.jpg,ffc38100000183ff,5
4990.0,280.3086553812027,1.523076923076923,0.7980633987321407,0.9816071604209698,15.427370478983384,17.490775494427616,100.36285434995112,40.40456828484557,65.98064516129033,38.3290560337215,8861.791295635212,410.1915227629513,0.3328474544022418,0.1940438719919908,A,grading/data_processed/potato/A/Potato_Red_1_r_17__100.jpg,ff870301000081ff,20
5009.5,281.72286891937256,1.5,0.7931586049127384,0.9798533007334964,15.01110029211295,13.73045830816155,98.03583252190847,40.74026166471496,66.13125608568646,38.23513459766675,7544.838246228505,409.4205318491033,0.3435246093006053,0.2032748207775497,A,grading/data_processed/potato/A/Potato_Red_1_r_16__100.jpg,ff870301000081ef,6
4766.0,273.1370824575424,1.639344262295082,0.8027911381673161,0.9827817300752656,55.50153468385513,77.75959675930964,132.72518927767547,51.95386805043558,62.67771639042357,36.33367237950097,9118.62428516528,257.8349064414638,0.4092875437909649,0.1891286960238714,A,grading/data_processed/potato/A/Potato_Red_2_r_98__100.jpg,ff8301000080c1ff,6
6301.0,302.2497808933258,1.2048192771084338,0.8667370354034017,0.9852239856148854,42.704757462686565,69.39081308107824,123.89350124378107,50.31779919151484,82.71206467661692,47.46003939650916,3672.4102814777184,318.1432396251673,0.4031753009190328,0.211778425663379,A,grading/data_processed/potato/A/Potato_Red_2_r2_137__100.jpg,ff838300008183ff,0
4801.5,274.20815086364746,1.5873015873015872,0.8024649585536814,0.982906857727738,53.057903291344985,76.48849150760437,134.38683462007313,53.52898835061772,63.050995530272246,36.25829558045179,7246.935873015873,221.95254128587464,0.4923775828514029,0.2088812547071825,A,grading/data_processed/potato/A/Potato_Red_2_r_42__100.jpg,ffc18000008183ff,5
6112.5,299.32084906101227,1.152941176470588,0.8573433807925256,0.9846166237113402,17.950488703733377,14.681261831600851,81.75837205576029,37.560589571647206,80.29129947123859,46.22769284978382,4318.015278654078,440.7842328684052,0.4140670985163748,0.2367586165735663,A,grading/data_processed/potato/A/Potato_Red_1_r2_193__100.jpg,ffc38101018183ef,0
4400.5,277.5218585729599,1.5714285714285714,0.7179885173216206,0.9589235127478754,14.369608493696084,25.569096069093685,109.7770404777704,47.993339084768245,58.347489493474896,34.35108652318149,11090.23634766214,397.35503725299645,0.4155146718183437,0.2630972611488088,A,grading/data_processed/potato/A/Potato_Red_1_r_137__100.jpg,ffe1c180800181ff,10
4446.5,266.066015124321,1.7543859649122806,0.7893131717721936,0.984283342556724,38.02935377875137,68.31813998617523,140.99583789704272,52.29108628125048,58.5934282584885,34.03519666162934,9245.528944875346,227.74003189792663,0.4508690635476474,0.1900173531115802,A,grading/data_processed/potato/A/Potato_Red_2_r_118__100.jpg,ffc301000080c1ff,2
4797.5,275.03657710552216,1.5625,0.7969736054600128,0.9843044727123512,42.60553070353802,71.17300564345405,138.26636844245627,49.05823335310406,63.09719398129321,36.88236121486043,8807.48393161621,280.5969065656565,0.4451956773572433,0.2227416190708746,A,grading/data_processed/potato/A/Potato_Red_2_r2_104__100.jpg,ff878301008081ff,17
4102.0,274.7939372062683,0.62,0.6826392049174559,0.9474535165723524,15.065119583234669,8.362340908428084,99.10940089983424,44.44937004040606,54.82666350935354,33.353292650637734,15905.138699271592,544.3729508196722,0.4127978972627203,0.2939208713833974,A,grading/data_processed/potato/A/Potato_Red_1_75__100.jpg,fde1c1c1818183c7,22
4867.5,284.3502861261368,1.4776119402985075,0.7564992207843384,0.9657738095238096,15.976157082748948,22.58803283040468,99.68603486275296,43.361875621209954,64.31536766179123,37.19344507439141,9346.1605700829,474.5610721900701,0.3783015734641184,0.2323448000016853,A,grading/data_processed/potato/A/Potato_Red_1_r_105__100.jpg,ffc181800001c1ff,2
4392.0,283.2792181968689,1.523076923076923,0.6877692664759152,0.953538862353452,15.464570416297608,22.14547147465905,88.89614703277236,40.38398591264523,58.14703277236492,34.045404119832675,12612.283711322778,315.35196232339104,0.4801413975898508,0.286444866998451,A,grading/data_processed/potato/A/Potato_Red_1_r2_133__100.jpg,ff870301010183ef,4
4835.0,302.1076455116272,1.5873015873015872,0.665706672557728,0.943230589153336,20.890901771336555,13.860058498075022,128.34359903381642,44.55271641940693,64.45813204508856,38.84412699476952,12129.851305114638,609.2313612313612,0.3610403431594499,0.19968431134807,A,grading/data_processed/potato/A/Potato_White_1_r_199__100.jpg,ff8301008080c1ff,2
5771.5,309.4629843235016,1.1647058823529413,0.7573229977018681,0.9541246487022648,15.948839573098423,22.733884443097384,95.88175503981029,39.463060319335824,75.9085210909707,43.848766402152506,5714.811497449769,466.8890756302522,0.4844186587329399,0.2840214104999692,A,grading/data_processed/potato/A/Potato_Red_1_r2_90__100.jpg,ffc78101000183cf,0
4879.5,281.03657746315,1.5,0.776353455979973,0.9723024808209624,15.446931840895465,20.888416323858493,98.84669198480913,42.89249378314005,64.35678592844293,36.950031725518855,9168.431093826845,410.28494124922696,0.3602385596545643,0.2190344287972628,A,grading/data_processed/potato/A/Potato_Red_1_r_104__100.jpg,ffc181808001c1f3,2
5879.5,310.97770297527313,1.1395348837209305,0.7639971808886057,0.9553948651283718,16.00216198237153,24.35861764891185,95.5875602860469,38.73501416101196,77.30932978546483,44.4954915555219,5684.112529674291,454.1551186765763,0.4730261837522398,0.2718890869433835,A,grading/data_processed/potato/A/Potato_Red_1_r2_91__100.jpg,ffc78101000183cf,0
5049.0,286.93607223033905,1.408450704225352,0.7706282695215747,0.972176759410802,20.126401236954,12.187138702214217,135.8596830305373,45.44622662948971,66.62330885195207,38.82004020654164,10129.071928169014,389.8445013515435,0.4143304662633704,0.2602080609416983,A,grading/data_processed/potato/A/Potato_White_1_r2_112__100.jpg,ffc38180008183ff,2
4887.5,275.86500430107117,1.5384615384615383,0.8070555231504901,0.9829059829059827,42.2410143769968,72.02723750374957,144.75698881789137,48.83368391983106,64.26857028753993,37.20577271547088,8491.460275763313,253.95804195804195,0.4776108858308244,0.2196602497348175,A,grading/data_processed/potato/A/Potato_Red_2_r2_196__100.jpg,ffc181000001c1ff,2
4608.0,269.6223635673523,1.6666666666666667,0.7965453587376854,0.9828303295297004,49.84892086330935,75.2894768031138,137.50528988573848,54.14999576565478,60.69868810833686,34.91674679737556,7901.601678638889,213.87626262626267,0.4925739060755199,0.2046180816318062,A,grading/data_processed/potato/A/Potato_Red_2_r_38__100.jpg,ffc18000008183ff,5
5572.5,291.8650052547455,0.74,0.8220455622227218,0.9813330985295412,20.36958428345904,8.98112665615031,136.8545869145764,44.76561668527713,73.37221540080688,42.61697617489342,7227.172202994886,568.9945205479452,0.342856286297805,0.2111389775837998,A,grading/data_processed/potato/A/Potato_White_1_119__100.jpg,f7c38181818181c7,0
5810.5,292.3502856492996,1.3333333333333333,0.8543116416721008,0.986000339385712,62.568541596497134,79.85536838021297,124.10609632873022,53.33638674910847,76.2019198383294,43.985960469710065,3904.450705262223,245.28767676767671,0.4897341351929967,0.1969118681117012,A,grading/data_processed/potato/A/Potato_Red_2_r_187__100.jpg,ff830100008181ff,5
4872.5,275.03657841682434,1.5625,0.809432799494579,0.9835486475575292,46.8153414780693,74.8538515220914,144.5333466853595,49.98682121087577,64.18165431604245,37.31497579113073,9474.291624121091,270.15861742424244,0.4767245952978585,0.2110885872849862,A,grading/data_processed/potato/A/Potato_Red_2_r2_5__100.jpg,ffc181000001c1ff,2
4863.5,285.5218584537506,1.434782608695652,0.7496871393081523,0.9533470547878076,17.079591018444265,13.00491396212698,96.90677626303128,42.63948677211895,64.22574178027266,37.28842967626307,7826.378779210168,371.03356994971887,0.4122603764344667,0.2574787373525597,A,grading/data_processed/potato/A/Potato_Red_1_r_53__100.jpg,ff830301010083ff,5
4887.5,274.551296710968,1.5873015873015872,0.8147974027333958,0.985979423038128,46.33958874026752,74.52776110279669,145.84547813934918,48.70898339015886,64.37871830704732,37.39600625686077,8801.946717057193,236.63876863876868,0.4750567185905336,0.1975640798498695,A,grading/data_processed/potato/A/Potato_Red_2_r2_4__100.jpg,ffc18100000181ff,5
6096.0,299.906635761261,1.2048192771084338,0.851692204417968,0.9858494380205384,48.054136546184736,73.55975933710192,126.35646586345382,49.63429634693369,79.93606425702811,46.12708576026492,4893.073428059225,350.64098819520507,0.4461863738252219,0.2387782215988357,A,grading/data_processed/potato/A/Potato_Red_2_r2_81__100.jpg,ff870301008081ff,20
6605.0,314.73506247997284,0.9191919191919192,0.8379004645484803,0.9793890865954924,14.843198338525442,18.43114362779941,93.0636404094348,37.715212833523054,86.88191662958018,50.194406227204055,2891.0703644476534,477.1933782267115,0.4299842792714156,0.2383253366553698,A,grading/data_processed/potato/A/Potato_Red_1_r_172__100.jpg,ffc78381018183c7,0
5097.5,283.37972342967987,0.68,0.7976815630936835,0.9770004791566842,20.80777331035803,9.69843003616062,132.5517901589125,46.39990439483985,67.22439211181313,39.27301995261556,9306.301504411764,528.1228358208955,0.3704233094436969,0.2105924399473451,A,grading/data_processed/potato/A/Potato_White_1_48__100.jpg,efc38381818181c3,0
3586.0,264.6518018245697,1.8148148148148149,0.6433842704067749,0.9365369548184904,16.069384449244062,22.65181067930114,90.33450323974084,41.71079770730351,48.23650107991361,30.291603065326235,17048.864442484813,426.71191294387177,0.4747303967604387,0.2891294959734344,A,grading/data_processed/potato/A/Potato_Red_1_r2_145__100.jpg,ff870101010183ff,0
4969.0,275.6223635673523,1.5625,0.8219586221893804,0.9841552782729254,60.016502946954816,79.74841409605402,131.06935166994106,52.60881420256208,65.34557956777996,37.85178188739782,9229.184796850586,272.0375631313131,0.4076700659800256,0.1950023204012355,A,grading/data_processed/potato/A/Potato_Red_2_r_94__100.jpg,ff8301000080c1ff,6
5090.5,283.0365780591965,0.67,0.7985188560626447,0.9775324051848296,20.59156279961649,7.285573666874313,131.3888782358581,46.378945521817855,67.20076701821668,39.239053464188814,9332.57435918913,491.9821212121211,0.3617602275662459,0.2020297030594106,A,grading/data_processed/potato/A/Potato_White_1_49__100.jpg,cf838181818181c3,0
5926.0,394.67618691921234,1.1111111111111112,0.4780679879547534,0.8398526077097506,19.684598983106447,10.640505233439333,121.21764802361815,37.431545263178066,78.96818107265868,45.79261290078856,3198.7180192469136,486.6552188552189,0.4645847071918536,0.305783034753638,A,grading/data_processed/potato/A/Potato_White_1_r2_164__100.jpg,ffbf19010081c1e3,12
3806.0,269.1370828151703,0.56,0.6602852054325012,0.9450031036623217,14.661656050955417,11.420271162973318,97.28662420382166,44.67487801378623,51.36050955414013,32.50947487161628,18018.577543845666,590.7885454545454,0.4034168036507375,0.2756973727156536,A,grading/data_processed/potato/A/Potato_Red_1_91__100.jpg,fbc3c1c1818181c7,22
4814.0,283.76449954509735,1.434782608695652,0.751276537644805,0.9671521848317428,14.79866315576261,25.709892182611092,109.86084666801702,47.68520475593265,63.39335628924448,36.48401389121522,8140.124656124211,336.18056787932557,0.4347980637167512,0.2630150757273432,A,grading/data_processed/potato/A/Potato_Red_1_r_146__100.jpg,ffe3c180800181e7,25
4349.0,265.9655102491379,0.59,0.7725891906304817,0.9820480975499604,38.96372592924317,69.88485207072974,137.01724137931035,50.263554544551766,57.49037169726825,33.70151668760631,10168.639080723931,363.5174137931034,0.4265675416938594,0.22250662991632,A,grading/data_processed/potato/A/Potato_Red_2_96__100.jpg,e3c1c181818183c7,13
4014.5,267.03657710552216,1.7543859649122806,0.707456630316065,0.9580002386350076,17.50568869523118,23.23900747635333,96.69765190026628,43.03304525684094,53.198983297022515,31.046456455113077,16373.879494736842,273.1619705830232,0.4219017209507117,0.2637204297258267,A,grading/data_processed/potato/A/Potato_Red_1_r2_171__100.jpg,ffc18101000183ff,2
4905.5,285.17871248722076,1.4142857142857144,0.7579820763161442,0.9689876543209875,14.293497713263074,24.201130759549457,108.28554384569496,46.36599529604333,64.56909922449792,37.107356458853104,8526.19784203611,347.84314868804665,0.4385495525902028,0.2609169417051474,A,grading/data_processed/potato/A/Potato_Red_1_r_147__100.jpg,ffe1c180800181e7,2
5037.0,287.4213535785675,1.36986301369863,0.7662028344402305,0.9675374567806376,19.809533036233287,10.5480858036068,136.26719627979074,46.69866657058931,66.59329587289285,38.996607367470816,10404.60984145243,437.7902310779023,0.4533854285404812,0.2796604070438225,A,grading/data_processed/potato/A/Potato_White_1_r2_119__100.jpg,ffc38180008187ff,2
3844.5,271.37972354888916,1.706896551724138,0.6559865543798497,0.9408957415565344,14.663471241170535,20.08332208808534,90.0988900100908,41.98845774775908,51.43062563067608,31.397455026665337,18025.460380720207,346.25633356790996,0.4719994813581711,0.2987463929938108,A,grading/data_processed/potato/A/Potato_Red_1_r2_139__100.jpg,ff870301010183ff,5
5376.0,286.10764479637146,0.72,0.8252968727205341,0.982725527831094,19.854026540628976,5.05590961315403,135.62515906198874,46.06675577502747,70.715324486457,41.01232672170349,7644.851016589507,516.9997183098592,0.3625767358015995,0.2165710626870866,A,grading/data_processed/potato/A/Potato_White_1_34__100.jpg,cf878381818181e3,7
5396.0,288.24978148937225,1.351351351351351,0.8161008525188707,0.9806451612903224,20.970652173913045,12.971493589848668,133.9217391304348,44.07965490660706,71.06286231884059,41.63141230318577,8453.032600730461,433.6352716352716,0.3810159513386985,0.2429534099264914,A,grading/data_processed/potato/A/Potato_White_1_r2_95__100.jpg,ff870100008083ff,6
5101.5,301.03657853603363,1.5151515151515151,0.7074067774998212,0.9620026400150858,20.190066857688635,9.990500583341646,116.73810888252147,42.94398285303038,67.97115568290353,41.02466619941319,9249.19557245179,631.6296296296297,0.3678520758536778,0.1951337198476818,A,grading/data_processed/potato/A/Potato_White_1_r_176__100.jpg,ff83010080c0c0ff,11
5069.5,305.0365778207779,1.492537313432836,0.6846540025919365,0.9521081791717532,19.903554274735832,7.990623518619462,116.99250720461094,42.67876728875174,67.47684918347743,40.55299887359754,11152.676721296502,542.9632142318709,0.378988255580265,0.2114100648324119,A,grading/data_processed/potato/A/Potato_White_1_r_177__100.jpg,ff87010080c0c0ff,11
6804.0,313.5634891986847,0.91,0.869607330551614,0.9875898105813194,48.013402507565935,73.27338247658452,126.56117596195418,52.48955973408985,89.45092952875054,51.597810611300105,2134.3487561888655,384.2960000000001,0.470634927519391,0.2228306254856387,A,grading/data_processed/potato/A/Potato_Red_2_r2_50__100.jpg,ffc38781818183c7,14
5646.5,291.1787129640579,1.3333333333333333,0.8368930327906589,0.9839679358717436,55.0289277671921,78.24044558486692,131.3194179802529,50.890420709742834,74.13389918586523,42.81796817622909,5819.855646062222,385.6317845117846,0.4475925619237909,0.218271212513284,A,grading/data_processed/potato/A/Potato_Red_2_r2_178__100.jpg,ffc181000001c1ff,2
5278.5,301.66399443149567,1.2894736842105263,0.728909205689105,0.9405737704918032,18.191162876687,13.728263294627425,89.52930301349602,40.46100036413245,69.36864485117397,39.84439813222528,7130.611035636553,420.7396907216495,0.4386837116975245,0.2593106404032489,A,grading/data_processed/potato/A/Potato_Red_1_r_58__100.jpg,ff830101010083cf,0
5628.0,287.76449978351593,1.351351351351351,0.8540622394890574,0.9857255451440582,32.3984008343473,63.00932207260478,134.7328350425865,49.597995198048544,73.91708673735442,42.325404296232186,5615.503643371074,260.5657930657931,0.4491260824588908,0.2109149075623318,A,grading/data_processed/potato/A/Potato_Red_2_r2_131__100.jpg,ff838100008081ff,5
5086.5,297.8650051355362,1.492537313432836,0.7204269441468152,0.960079275198188,21.230931391337677,10.065069323242945,128.0143733231123,46.17558586704615,67.50881563817555,40.12599955466225,10575.073496524838,561.0607568219508,0.3915093962106433,0.208049590647448,A,grading/data_processed/potato/A/Potato_White_1_r_79__100.jpg,ff830100000183ff,5
5113.5,298.3502850532532,1.4705882352941178,0.7218969552143807,0.9547236743838684,21.02765064836003,8.806083105866476,128.96948893974064,45.21458101995191,67.85736079328757,40.53842266329211,11137.51522136678,563.8239750445633,0.4039384164238225,0.21682197042612,A,grading/data_processed/potato/A/Potato_White_1_r_78__100.jpg,ff830100000183ff,5
3973.5,279.3797231912613,1.694915254237288,0.639724989646264,0.9281709880868956,15.692701977056382,17.8365378492553,92.49402001464486,41.86614099891071,52.981938003417135,32.06271566416145,14166.85562838265,385.0989556582777,0.4333162200772321,0.2914518757452046,A,grading/data_processed/potato/A/Potato_Red_1_r2_37__100.jpg,ffc381800080c1ff,2
4952.0,301.2792183160782,1.5384615384615383,0.6855705419828171,0.9556155924353532,20.896165191740412,9.5965330434757,127.6424778761062,45.852613321733465,65.78800393313668,39.28139030176123,9539.624134532543,555.3877233877233,0.3992597642986676,0.2053392700481071,A,grading/data_processed/potato/A/Potato_White_1_r_81__100.jpg,ff830100000183ff,5
6041.0,306.3919152021408,1.1904761904761905,0.8086565285163639,0.9781411917098446,19.99222294232015,8.470868331440354,115.6048282566429,40.846311018302885,79.43535320803629,45.86648889215216,5697.044624489796,418.5856180856182,0.4205140374581983,0.2522178406694468,A,grading/data_processed/potato/A/Potato_White_1_r_155__100.jpg,ff8f03010180c1ff,6
4988.0,292.93607318401337,1.5384615384615383,0.7304501755029986,0.9573896353166986,20.385457388584832,10.747946310273749,126.95035183737296,44.88872827325761,66.1221657544957,39.06856967580921,9894.64512366864,502.5958041958042,0.3650013754025641,0.1997499899911314,A,grading/data_processed/potato/A/Potato_White_1_r_13__100.jpg,ff8301000080c1ff,6
5427.0,286.93607234954834,0.72,0.8283223638777079,0.9839543105792766,21.102485590778095,14.68000834872614,136.24315561959654,45.002885233940134,71.55367435158502,41.61516606981015,7142.0236109375,524.9588732394366,0.3493444283250683,0.2120569058605499,A,grading/data_processed/potato/A/Potato_White_1_29__100.jpg,cf878381818181e3,7
4547.5,317.6639939546585,1.5873015873015872,0.5663000342444762,0.9480871468779318,12.49359795134443,16.283220142307353,101.00426803243704,44.33968979419608,60.559325650874946,35.79018088967235,12069.696322902491,511.8029501362835,0.38258712636262,0.2407309032283184,A,grading/data_processed/potato/A/Potato_Red_1_r_113__100.jpg,ffc181808081c1ff,2
4788.5,273.0365788936615,1.5625,0.8071749741304294,0.9847814910025708,36.32355338223309,66.86408960460922,139.4777913610432,48.848819095124455,63.0240423797881,36.81605624386053,10056.27161989746,296.7174873737374,0.4584876400384526,0.2225203882642323,A,grading/data_processed/potato/A/Potato_Red_2_r2_113__100.jpg,ff878101008081ff,5
4900.0,287.9655101299286,0.65,0.7425487886276917,0.9704892057833234,21.85580747812251,16.61442365157442,124.53281622911696,44.20291494913469,64.83154335719968,38.319964940636666,9901.762800094675,492.66484374999993,0.3633369915654513,0.204292079891145,A,grading/data_processed/potato/A/Potato_White_1_147__100.jpg,e7c1c181818181c3,22
3861.5,270.55129611492157,0.58,0.6629284623717489,0.9444784150666504,15.14016578749058,11.628423927042878,97.92966591308716,45.04242412968512,51.84802813363476,32.19694581828118,18920.46930365636,542.0361403508773,0.4120803168101876,0.2910549051865979,A,grading/data_processed/potato/A/Potato_Red_1_86__100.jpg,fbe1c1c1818183c7,22
4494.5,268.0660150051117,1.7241379310344829,0.785973189909181,0.9848800262956064,55.50086692674469,78.91154246185185,131.8526224534027,50.8330042197343,59.305158214130905,34.72515261211475,10345.53807740785,206.847614071752,0.4756041533552712,0.1969308507994205,A,grading/data_processed/potato/A/Potato_Red_2_r_5__100.jpg,ff870100000183ff,5
4540.5,277.52185916900635,1.4776119402985075,0.7408310075890011,0.9544881227664496,14.53743831795752,19.447246357933,100.62647500536366,43.518223840839255,60.12851319459344,35.60351651812841,11056.742026473856,338.5060919890344,0.4492697918084022,0.2861564732842098,A,grading/data_processed/potato/A/Potato_Red_1_r2_63__100.jpg,ffe78100000181ef,5
4644.5,269.72286903858185,1.694915254237288,0.8022565840684155,0.9857794757508224,50.737405541561714,75.60218991350065,133.31066330814443,52.529788874574685,61.16372795969773,35.5281380314214,10028.910418701522,262.3292244478685,0.4068371328207674,0.1839113564724797,A,grading/data_processed/potato/A/Potato_Red_2_r_102__100.jpg,ff8301000080c1ff,6
4518.5,279.86500442028046,1.5873015873015872,0.7249481721553067,0.955891686058811,17.413703943115706,17.789485117428327,100.31997414350356,43.971901074653715,59.97802197802198,35.606971850367884,11298.414676845552,398.5183581850249,0.3960126787686431,0.2512390545539706,A,grading/data_processed/potato/A/Potato_Red_1_r_45__100.jpg,ff878301010083ff,5
5561.5,306.29141104221344,1.2195121951219512,0.744958651941009,0.9659574468085106,20.06571780003514,10.39380468410963,139.3858724301529,48.11258728258463,73.2133192760499,42.27057007873249,8154.044968411659,463.53042621335305,0.4158401581536572,0.2924238088781175,A,grading/data_processed/potato/A/Potato_White_1_r2_25__100.jpg,ffc381010001c1f7,2
5764.5,302.00713980197906,1.2987012987012987,0.7942131745209716,0.973239912206652,19.67689959294437,5.816586809347763,129.25271370420623,43.7037785622032,75.89586160108549,43.89896824523069,5693.850237881599,405.4663518299882,0.4170270445422754,0.2229821305901061,A,grading/data_processed/potato/A/Potato_White_1_r_123__100.jpg,ffc18000010183ff,0
5334.5,282.6934324502945,1.4492753623188406,0.8388265062712581,0.9876874652842066,56.91535360938072,78.58637781802611,126.24954195676072,52.546439220934786,70.04727006229388,40.48269539769436,5703.053224868725,230.39364661103795,0.4802021034942139,0.1991893068338317,A,grading/data_processed/potato/A/Potato_Red_2_r_191__100.jpg,ff830101000181ff,5
4728.0,274.45079147815704,1.5625,0.7887844797437643,0.9800995024875622,33.32838283828383,64.3282135800559,136.52000825082507,53.44447486316338,62.20235148514851,35.82834169659492,8512.146185937501,210.15798611111111,0.512112868389217,0.2325399574894215,A,grading/data_processed/potato/A/Potato_Red_2_r_136__100.jpg,ffe38100008181ff,0
4919.5,312.3502857685089,1.5625,0.6336464611089092,0.94487659656199,19.315008898556457,5.5881168381872,119.44690527981015,44.46378167644385,65.38758157010085,38.99025686676613,10804.298740234375,561.1541982323233,0.3594792503494276,0.1970842725251534,A,grading/data_processed/potato/A/Potato_White_1_r_184__100.jpg,ff83010080c0c0ff,11
4488.5,277.0365778207779,1.6666666666666667,0.7349145841509154,0.9739611587284366,13.673101952277657,22.526890966690985,103.753579175705,43.46892091929574,59.474620390455534,34.86266682409711,10782.416674555556,424.1708754208754,0.373778390224825,0.2183808638138897,A,grading/data_processed/potato/A/Potato_Red_1_r_119__100.jpg,ffc181800001c1ff,2
5142.5,289.1787129640579,1.4705882352941178,0.7727722590483699,0.965637029386912,20.87243735763098,11.186605556175788,127.91343963553533,44.24292823319056,67.79138192862567,39.54908556092425,9261.212153633218,473.4670231729055,0.3606476941315114,0.2121035275428158,A,grading/data_processed/potato/A/Potato_White_1_r_19__100.jpg,ff8301000081c1ff,6
5136.0,293.4213538169861,1.4705882352941178,0.7496377456725535,0.959730916565449,20.819304579137373,12.01061313127839,125.14212426372792,44.31098041331512,67.85483564506936,39.837354811626014,9868.757620047578,539.6476530005941,0.3602166841960957,0.2116450343328416,A,grading/data_processed/potato/A/Potato_White_1_r_18__100.jpg,ff8301000081c1ff,6
5848.0,293.07820785045624,1.2098765432098766,0.8555594124881366,0.9872541571705916,15.241546702376969,11.515338514761629,93.85436893203884,38.693760664012466,76.75510545698025,44.41422619307944,5107.711499460324,494.2674048619066,0.3871302326341744,0.2338927101519862,A,grading/data_processed/potato/A/Potato_Red_1_r_1__100.jpg,ff870301008081ef,6
3744.5,261.7228693962097,1.8,0.6869424471406373,0.9470156803237229,14.847150259067355,12.717331597747236,98.09507772020726,44.21627284226154,49.90569948186528,30.024781106100935,17815.527902313897,333.98756957328396,0.4440790923220816,0.2788933539656227,A,grading/data_processed/potato/A/Potato_Red_1_r2_167__100.jpg,ffc38101000183ff,5
5252.5,293.1787123680115,1.337837837837838,0.7679113009066968,0.9677567941040996,13.60724907063197,22.358082449009444,102.2128252788104,44.264096981739726,69.18066914498141,39.66984656751014,6187.556370233683,391.5107556536127,0.4191038762115918,0.2507860586883774,A,grading/data_processed/potato/A/Potato_Red_1_r_151__100.jpg,ffe3c180800181e7,25
4453.5,272.69343161582947,0.61,0.7525961049355364,0.9710018532650168,13.454505686789153,19.16959088261728,111.74650043744532,45.52242963352309,59.206255468066495,35.26763844268687,13698.875012389142,408.5108333333333,0.3847305620246892,0.230162502979477,A,grading/data_processed/potato/A/Potato_Red_1_142__100.jpg,efc38181818181c3,0
6444.0,315.9066346883774,0.88,0.8114240983777056,0.9712864571557768,19.425467254216684,6.929307350875147,115.43868712961556,40.68715073530873,84.7316517246619,48.71018039438419,4140.117181766529,437.6564367816091,0.4350586801097237,0.2361649849552343,A,grading/data_processed/potato/A/Potato_White_1_r2_146__100.jpg,ffcf81818181c3c7,0
4574.5,277.37972378730774,1.639344262295082,0.7471435872477079,0.9702014846235418,16.673195656802214,19.467946148952223,99.75026612731531,42.90968195210069,60.63678944006813,35.787941309811956,11852.959416151572,415.4028812717337,0.3595623883700438,0.2179890558120049,A,grading/data_processed/potato/A/Potato_Red_1_r_38__100.jpg,ff878101000083ff,5
5284.0,282.93607223033905,1.4492753623188406,0.8294611173274953,0.985177589260744,31.486036619197336,61.7370476060986,140.7253560199741,48.454908413684294,69.3647124098391,39.80373244017922,6518.255920583911,250.11506368028108,0.4305846272431939,0.2040424552749154,A,grading/data_processed/potato/A/Potato_Red_2_r2_126__100.jpg,ff838100008081ff,5
6238.5,310.49242091178894,1.1764705882352942,0.8131825233005563,0.9717289719626168,19.711281970814372,7.452919952666414,126.37627490977562,42.80534378895947,82.05178095088655,47.250123038396566,4924.110461051902,424.7692216280451,0.4252499466964521,0.237569066153775,A,grading/data_processed/potato/A/Potato_White_1_r_128__100.jpg,ffc78500010183ef,0
4221.5,273.0365779399872,1.694915254237288,0.7115984498476072,0.9650245742370556,16.78852798894264,31.68723080888952,107.60170467634184,46.466838629644734,55.75512554710896,32.20460782817643,10848.95816386096,311.1193288820407,0.3945804128566824,0.2522167816396916,A,grading/data_processed/potato/A/Potato_Red_1_r_127__100.jpg,ffe1c1808000c1ff,10
5798.5,308.14927566051483,1.2048192771084338,0.7673671843278396,0.9679492529838912,19.42994436014163,8.18918979629547,133.0473781824313,45.34551163211196,76.32928679817906,43.791711869652275,6699.4864331397885,388.8652792990143,0.4548915830949597,0.2720450466947258,A,grading/data_processed/potato/A/Potato_White_1_r2_130__100.jpg,ffc38100008187ef,5
4696.5,278.0071395635605,1.4142857142857144,0.7636112044201703,0.9550584646670056,14.43625415282392,18.291228120822375,101.83305647840533,43.86165812470632,62.13995016611295,36.77533387194275,11020.58021336848,412.79810495626816,0.4624038157381827,0.2950254916347538,A,grading/data_processed/potato/A/Potato_Red_1_r2_68__100.jpg,ffe78100000181ef,5
5621.5,296.83556735515594,1.2987012987012987,0.8017338193542304,0.9762090822262742,20.568,12.996032250686032,115.60104347826086,40.540287624168194,73.99495652173913,43.0123558663324,7654.286113864057,373.1919191919193,0.4141253977764111,0.2410992187275737,A,grading/data_processed/potato/A/Potato_White_1_r_161__100.jpg,ff8701018080c1ff,11
5654.0,297.9066352844238,1.2820512820512822,0.8005810673510233,0.9760897712559344,19.763576617087512,9.152629927854536,117.18177101349016,41.384087244294584,74.35991006572121,43.11547650929458,8091.50418698225,390.5143745143745,0.4149327868487079,0.2465140158259449,A,grading/data_processed/potato/A/Potato_White_1_r_160__100.jpg,ff8703018080c1f7,11
5569.5,292.0071392059326,1.3157894736842106,0.820803374488591,0.9784785664089952,20.506671348314608,10.681366895277906,127.90642556179776,39.33078515564295,73.33198735955057,42.66631620619024,8574.455032617729,516.2497341839447,0.3931426482128282,0.2385086492971894,A,grading/data_processed/potato/A/Potato_White_1_r2_179__100.jpg,ff8301000081c1ff,6
4868.5,275.03657734394073,1.5384615384615383,0.8087683150505709,0.9811567916162838,35.59069953898577,65.42947560161423,135.9883744237322,52.90284898084382,64.05271597514532,37.15178580572565,7308.942021562129,248.16223776223777,0.5059753483965617,0.2229876895187033,A,grading/data_processed/potato/A/Potato_Red_2_r_141__100.jpg,ffc38100000181ff,2
3470.0,258.6518017053604,1.8846153846153848,0.651790945276288,0.9425505907917968,17.16569037656904,24.58688280594632,96.10181311018133,44.014894899371555,46.699860529986054,29.510157341371222,22870.63090633926,418.18001586042817,0.460249277774555,0.2849610885480733,A,grading/data_processed/potato/A/Potato_Red_1_r2_158__100.jpg,ff830101010187ff,4
3844.0,274.793936252594,1.7241379310344829,0.6397038327441185,0.933916423712342,15.22219419924338,16.14608004625723,96.78032786885244,43.392393222223134,51.61639344262295,32.52596415354333,18125.25212482164,508.52507836990605,0.4415701532194898,0.3039438421219101,A,grading/data_processed/potato/A/Potato_Red_1_r2_44__100.jpg,ffe381800080c1ff,2
4420.5,267.37972354888916,0.6,0.7770059045795321,0.9805900621118012,38.82877919788453,69.69862081717342,137.76068752754517,51.7864042717643,58.39753195240194,33.50712432338263,10130.042749305556,375.72135593220344,0.4211596642320623,0.2229068426492474,A,grading/data_processed/potato/A/Potato_Red_2_93__100.jpg,e3c1c181818183c7,13
5247.0,282.9360725879669,1.408450704225352,0.8236530037121788,0.9813896941924624,42.85679702048417,72.11742297036344,143.09217877094972,50.52162796539174,68.92718808193669,39.735537594941896,7754.028009105336,273.7783468487694,0.5196536741121699,0.2350380744134857,A,grading/data_processed/potato/A/Potato_Red_2_r2_23__100.jpg,ffc38100000181ff,2
4631.5,288.6934313774109,1.639344262295082,0.698325220821106,0.9522977279736816,21.244640605296343,11.491203558069808,130.36212694409414,45.45655801437627,61.57545187053384,36.92878646265759,10632.56593418436,550.1659215101838,0.4126865046401721,0.2075822234633599,A,grading/data_processed/potato/A/Potato_White_1_r_104__100.jpg,ffc18000018183ff,5
6158.0,299.0782082080841,1.1666666666666667,0.8651272831289851,0.9858320659569358,16.446794973755367,17.67689774819417,92.00429457610944,37.03490304979214,80.83601081596946,46.47771310720233,3864.0491775765904,471.50466372115864,0.383226049157564,0.2238449056867233,A,grading/data_processed/potato/A/Potato_Red_1_r_198__100.jpg,ff9f0301018081e7,20
5397.5,284.35028636455536,0.72,0.8388709886669122,0.9837783650779184,20.14236551349393,8.377548470011748,136.71037855460966,46.03526265365272,71.12407172613656,41.4934784078601,7334.610869135803,542.4318309859154,0.3614771304434038,0.2164050475709008,A,grading/data_processed/potato/A/Potato_White_1_30__100.jpg,cf878381818181e3,7
4472.0,267.13708221912384,1.694915254237288,0.7874868360162096,0.9790914066776136,34.25424836601307,65.07979063133266,142.1764705882353,52.88430060318773,58.87211328976035,34.510810817626314,10232.377426572824,242.7812018489985,0.4700401655238752,0.2124273336817937,A,grading/data_processed/potato/A/Potato_Red_2_r_125__100.jpg,ffc301000081c1ff,2
5860.5,316.1492758989334,1.1395348837209305,0.7368178719736737,0.9532368249837344,20.280973820243457,18.711832072655035,85.97782224445557,37.26576682535365,76.98415874603968,44.29272143102092,5847.824190682222,487.4989211220331,0.4381796890883688,0.2729513347858091,A,grading/data_processed/potato/A/Potato_Red_1_r_63__100.jpg,ffc30101818183ef,0
5780.0,316.7350618839264,1.1666666666666667,0.7240114249757382,0.9483960948396096,18.528646273449382,11.418242895581075,84.45191820179144,36.56247433428694,75.92411695115769,43.61369382526761,5363.71429065778,469.0076092292587,0.4351007054828435,0.2662123748433908,A,grading/data_processed/potato/A/Potato_Red_1_r_62__100.jpg,ffc38101818183cf,0
5262.5,304.69343185424805,1.408450704225352,0.7123210656243587,0.9596097738876732,19.92403186955716,7.735037473641857,116.04817491198814,42.592852660320005,69.58551046877895,41.00608420019994,9870.585385915492,492.3240859297198,0.3869417131803663,0.2291643080489666,A,grading/data_processed/potato/A/Potato_White_1_r_172__100.jpg,ff8701008080c0ff,11
5123.5,285.0365779399872,0.68,0.7924564668526429,0.9773941243800076,21.60525814440846,13.760837845016558,132.6382168032006,46.194313994266786,67.48161554581826,39.366594987316766,7938.123109839965,496.7246268656716,0.3577169664422372,0.2077566102170612,A,grading/data_processed/potato/A/Potato_White_1_47__100.jpg,ef838381818181c3,0
5610.0,287.7645000219345,1.36986301369863,0.851330695734587,0.9850746268656716,60.696251089799475,79.42295907884724,125.0819529206626,52.468029011717555,73.53600697471666,42.561125466432784,4716.402386639144,239.40085789400865,0.4962465267277274,0.203754396250317,A,grading/data_processed/potato/A/Potato_Red_2_r_189__100.jpg,ff830100008181ff,5
4206.5,264.55129635334015,0.57,0.7552851906046469,0.9780283654963962,53.29238954429794,78.16240561511648,130.42840619939855,54.5877926727855,55.66481609993061,33.035598315738675,12801.90639285934,397.7598214285714,0.4301661531026183,0.2183533210913739,A,grading/data_processed/potato/A/Potato_Red_2_117__100.jpg,e7c3c181818183c7,0
4326.5,274.208150267601,1.6666666666666667,0.7230791748986966,0.9655210890426243,13.655498088599057,24.096389449460133,108.66966494265796,47.48191218889238,57.18844164605352,33.223490697630204,10813.773803305556,343.6863636363637,0.4040361829106682,0.2479279331610142,A,grading/data_processed/potato/A/Potato_Red_1_r_134__100.jpg,ffe1c180800181ff,10
5015.5,289.17871367931366,1.408450704225352,0.7536877483877622,0.967216276154662,19.55903520715814,8.954805942505487,135.37852557868118,46.64700090978462,66.1449134409648,38.538241766900136,9876.789653322756,412.5179968701094,0.4265811710843028,0.2635196772621392,A,grading/data_processed/potato/A/Potato_White_1_r2_117__100.jpg,ffc38180008183ff,2
5416.0,290.10764491558075,1.375,0.8086678414709009,0.9800941006152732,16.479523723615372,23.468671376143103,94.71784232365144,41.61652966423655,71.4131336821216,41.10887214788043,6814.473554285843,503.6130952380952,0.3610902209402793,0.2076676644458451,A,grading/data_processed/potato/A/Potato_Red_1_r_101__100.jpg,ffc381000001c1f7,2
4277.5,264.8944425582886,0.56,0.7660448342587713,0.9844649021864212,54.537428896473266,78.99092932322112,133.57292377701933,52.718138565131,56.45665529010239,33.176840246543264,10985.2889231824,337.8756363636364,0.4220199847471714,0.1946758271741779,A,grading/data_processed/potato/A/Potato_Red_2_123__100.jpg,e7c38181818183c7,0
5314.5,288.6934314966202,1.3888888888888888,0.8013061390454105,0.9786391676641192,20.700790295901488,12.85191187255622,131.64087483918397,40.94408366783411,70.37217423267782,41.50040543637751,7652.553333333333,621.2650112233446,0.3838867847922444,0.2322796200125561,A,grading/data_processed/potato/A/Potato_White_1_r2_185__100.jpg,ff8101000081e1ff,12
4232.5,279.0365780591965,0.63,0.6831004258824677,0.9495232753785754,16.00597014925373,11.22587061284469,100.9715269804822,45.314293356495554,56.32422502870264,33.37505683723269,14576.734669967247,481.6645161290323,0.4033093633908842,0.2861078700760587,A,grading/data_processed/potato/A/Potato_Red_1_70__100.jpg,fde1c1c1818181c7,0
4975.0,287.76449954509735,1.3943661971830985,0.7549679546017688,0.9700692210197912,13.928235294117648,22.723856920787128,107.93882352941176,46.27043462281847,65.49450980392157,37.48288719673075,8660.762249826901,332.05676918654797,0.4304781215722471,0.2615111917925016,A,grading/data_processed/potato/A/Potato_Red_1_r_148__100.jpg,ffe1c180800181ff,10
4332.5,266.55129635334015,0.59,0.7662788474581451,0.978874830546769,41.362247191011235,71.34266425684295,137.21370786516854,50.48904601149247,57.222247191011235,33.3286164369571,10432.609662280956,374.4729310344828,0.4417414480180556,0.2265265626609011,A,grading/data_processed/potato/A/Potato_Red_2_98__100.jpg,e3c1c181818183c7,13
4319.5,266.2081515789032,0.6,0.7659503916215424,0.9787017106604736,45.09355275022543,74.17295451278969,133.403742110009,49.799290343626474,57.056357078449054,33.26385048423453,8563.060755305556,389.7508474576272,0.4421049779396973,0.2384796958962819,A,grading/data_processed/potato/A/Potato_Red_2_99__100.jpg,e3c1c181818183c7,13
5270.5,298.00713980197906,1.3066666666666666,0.7457758971262097,0.948358074673864,17.64462962962963,11.366626297250525,92.09037037037037,39.92184470998321,69.28759259259259,39.677529718655094,7510.524416382064,412.9399312714776,0.424842038148835,0.2501251986313567,A,grading/data_processed/potato/A/Potato_Red_1_r_57__100.jpg,ff830301000083ef,5
5099.0,296.93607199192047,1.3424657534246576,0.7267230874461754,0.945660237388724,18.966341556703004,17.697756102621728,94.41805316504112,41.5945517890446,67.15375788869765,38.54022191218716,7112.541849900066,368.3563056065527,0.4146885377076851,0.2546552069421657,A,grading/data_processed/potato/A/Potato_Red_1_r_56__100.jpg,ff830301000083ff,5
5589.5,300.49242091178894,1.25,0.7778856846849757,0.971411192214112,19.820248295156496,11.51833357137582,133.11348137786325,45.64961806037969,73.60237803811856,42.59028612313876,7162.842961,446.5819444444445,0.4564754202101914,0.2724119160900535,A,grading/data_processed/potato/A/Potato_White_1_r2_129__100.jpg,ffc38180008187ff,2
5567.0,305.5634888410568,1.2345679012345678,0.7492524388155767,0.9642331341473976,19.499648999649,10.18350839989056,133.41049491049492,45.7003126588376,73.35907335907336,42.41389877611515,7480.709159259259,438.91195909714423,0.4608294441384654,0.2849554380740589,A,grading/data_processed/potato/A/Potato_White_1_r2_128__100.jpg,ffc38180008187ff,2
4500.5,266.894443154335,1.7241379310344829,0.7939470998619972,0.9823202008075956,41.72591470015155,70.61554585739175,137.4535613769214,52.72456131091802,59.25828101320632,34.53478553174445,9019.342586920333,237.3289794496691,0.4432806896459139,0.1945370179899305,A,grading/data_processed/potato/A/Potato_Red_2_r_111__100.jpg,ff8301000080c1ff,6
5176.0,300.59292674064636,1.4492753623188406,0.7198576391004092,0.9592290585618976,20.667231957791596,4.935772362105596,130.7254569436593,44.70281869626086,68.631995477671,40.69945798629684,11605.629707603444,565.4462011418532,0.3977763184187042,0.2180744016668378,A,grading/data_processed/potato/A/Potato_White_1_r_77__100.jpg,ff830100000183ff,5
5235.0,306.5929275751114,1.408450704225352,0.699845678499416,0.9532046613255644,21.61277705345502,12.428914757589704,128.94803501583164,45.15693646319676,69.45278450363196,41.35107039363238,10577.262460841102,596.0401195049081,0.4093209526714859,0.2319079716816241,A,grading/data_processed/potato/A/Potato_White_1_r_76__100.jpg,ff830100000183ff,5
6685.0,317.906635761261,1.1235955056179776,0.8312125452540998,0.9746318705350634,19.619522204308954,7.401433799190711,123.20342957643264,41.67198397997377,87.88069764033416,50.564207709183016,3460.8070214745617,421.89819543752134,0.4119630237477981,0.2208096152774496,A,grading/data_processed/potato/A/Potato_White_1_r_131__100.jpg,ffcf8701010183ef,0
3811.0,271.137082695961,1.736842105263158,0.6514348297249917,0.9408714973460066,16.862121597557874,25.6449113465317,90.53828542355636,40.80840126554635,50.88247265326889,30.972713893748235,16665.369176247208,351.579305406373,0.4732986423643214,0.2913529847217911,A,grading/data_processed/potato/A/Potato_Red_1_r2_140__100.jpg,ff8f0301010083ef,6
4823.0,280.5929263830185,1.3943661971830985,0.7697925239442215,0.957134352053979,13.947815533980584,15.855642623214612,100.78155339805824,43.83897812181489,63.67334142394822,37.470040476803085,10681.516998263458,416.4591836734695,0.4560249900210277,0.2865870713136108,A,grading/data_processed/potato/A/Potato_Red_1_r2_70__100.jpg,ffe78100000181ef,5
5480.0,295.4213538169861,1.2987012987012987,0.7890538703977419,0.9731841591191618,19.742510699001425,9.065325858790873,140.91440798858773,44.67858529055462,72.31276747503567,42.38714858077844,7377.303232315737,500.24439197166464,0.4036142717855429,0.2603657348179821,A,grading/data_processed/potato/A/Potato_White_1_r2_15__100.jpg,ffe381000080c1f7,2
5426.5,284.3502856492996,0.72,0.8433781274482454,0.9852927825692238,20.70144144144144,12.906973382098974,135.62234234234234,45.52953784231797,71.56774774774775,41.95558790183526,8061.41037035108,611.3470422535211,0.3527668489464741,0.2123365679567428,A,grading/data_processed/potato/A/Potato_White_1_26__100.jpg,cf878381818181e3,7
6044.0,295.90663373470306,1.2345679012345678,0.8674109830479289,0.987662390718196,47.76762275157997,74.91487825608115,134.04083616917842,53.07582213858933,79.14487117160914,45.45202575043407,3996.9923860844383,275.3515400922808,0.4855034474755466,0.2273885662539475,A,grading/data_processed/potato/A/Potato_Red_2_r2_34__100.jpg,ffc38380000183ef,14
4874.5,289.03657746315,0.65,0.733220040547176,0.9680270082414856,21.18692522990804,13.899797237251892,125.45141943222713,44.18711507361611,64.7125149940024,38.55660092283016,10118.736964828402,516.555625,0.3681986921799562,0.2080353598249585,A,grading/data_processed/potato/A/Potato_White_1_148__100.jpg,e7c1c181818181c3,22
6624.0,329.36247766017914,0.94,0.7673295897034809,0.9641921397379912,19.609994086339444,8.490899957105489,118.99112950916616,39.92011439585635,87.04316972205795,50.05732874627323,3435.36095387053,451.7696774193549,0.466910109287156,0.2646307449033645,A,grading/data_processed/potato/A/Potato_White_1_r2_143__100.jpg,ffcf8181818183c7,0
4554.5,269.37972342967987,0.61,0.7887162069863685,0.9833747166144876,41.580141236892786,71.31771598961454,136.113631500107,51.88912413031884,60.12261930237535,34.792548781369625,9671.858805589896,419.28866666666664,0.3930985312044467,0.217005920298144,A,grading/data_processed/potato/A/Potato_Red_2_85__100.jpg,e3c1c181818183c7,13
5507.5,294.00714015960693,1.2727272727272727,0.8006608891202602,0.9752102700309871,14.65022182786158,24.549808440178655,101.25412599822538,43.04495512565206,72.42218278615795,41.36673609148755,5195.8723635243905,365.5822733967064,0.4146120655804504,0.2404383542721418,A,grading/data_processed/potato/A/Potato_Red_1_r_154__100.jpg,ffc38180800183e7,2
6233.0,315.2203427553177,1.1363636363636365,0.7882763864294123,0.9674815677143966,20.108197236180903,14.179952429249251,129.9497487437186,43.08759833861866,81.97707286432161,47.10100650243496,5206.1714925619835,391.435606060606,0.4515199285523071,0.2639407963013084,A,grading/data_processed/potato/A/Potato_White_1_r2_134__100.jpg,ffc78100008183ef,0
4313.0,265.96551036834717,0.59,0.766193878179401,0.979893218221061,44.83250564334086,73.46549645320975,134.48690744920992,49.91776700631378,56.773814898419865,33.119475091968724,9941.300007900029,353.3955172413793,0.4343208611078975,0.2300447469784221,A,grading/data_processed/potato/A/Potato_Red_2_100__100.jpg,e3c1c181818183c7,13
5441.0,289.7645000219345,0.74,0.8143258752790075,0.9783331834936618,20.326387641458595,9.670426378217844,135.30393389617387,45.42587284191981,71.84192563319561,41.81102948882333,8867.98578011322,632.4878082191781,0.3631689387411593,0.2278317354562152,A,grading/data_processed/potato/A/Potato_White_1_19__100.jpg,cf878381818181e3,7
5695.0,293.9066343307495,1.240506329113924,0.8284853122900895,0.9786904966489088,18.459199450266276,19.14306377114696,85.32210960316097,38.57024960636747,74.85466414705377,43.05736425641874,5338.73184402616,373.8670233589978,0.4116059694048814,0.2367387795537606,A,grading/data_processed/potato/A/Potato_Red_1_r2_187__100.jpg,ffe18101018183ff,0
4315.5,290.35028529167175,1.5625,0.6432746997671362,0.926669529740176,15.838135974786132,15.467869267812796,82.05065285907249,39.0389546823359,57.29513732552904,34.07055632671762,14259.394491577148,424.48090277777777,0.4336015272490104,0.2904566164802629,A,grading/data_processed/potato/A/Potato_Red_1_r2_24__100.jpg,ffc3818000c0e1ff,6
5094.5,277.52185821533203,1.4705882352941178,0.8312220227070121,0.9857778637770898,26.10699904122723,57.06117269598568,143.77986577181207,47.70599735147915,66.91198465963566,38.60817900758387,7573.021762089101,253.89646464646464,0.4518343989340965,0.2227807210492539,A,grading/data_processed/potato/A/Potato_Red_2_r2_123__100.jpg,ff838100008081ff,5
5051.0,284.793936252594,0.67,0.7825746148372708,0.9770770867588742,21.143133088661383,9.582545404568496,131.9828085763956,45.59587129161664,66.73227738072242,39.186288162069374,8807.535330808643,536.9727272727274,0.3653890264237745,0.2074486726653936,A,grading/data_processed/potato/A/Potato_White_1_51__100.jpg,ef838381818181c3,0
5221.0,280.10764467716217,1.4492753623188406,0.836206682360255,0.9846298915605848,35.39490922702601,65.44493585991366,133.0323788134007,53.7655389940201,68.47725996631107,39.65163430606111,6502.458647742071,275.63109354413706,0.4812760081305677,0.2160810461919183,A,grading/data_processed/potato/A/Potato_Red_2_r_145__100.jpg,ffc38100000181ff,2
5292.5,295.1787129640579,1.408450704225352,0.7633094886521837,0.9631483166515014,21.65117137059583,16.636079838165283,125.78177458033574,44.214876785434654,69.72071573510422,40.409938587197374,8234.66461168419,470.61744202589273,0.374619219198106,0.2223263028650169,A,grading/data_processed/potato/A/Potato_White_1_r_23__100.jpg,ff8301000181c1ff,11
5548.0,296.93607246875763,1.3333333333333333,0.7907157631304556,0.9771046143008102,20.178055653399085,10.601353248024555,115.7120464952448,41.03591283628407,73.04825642831983,42.57241469229938,8306.85869104,423.7404713804714,0.4104851819622099,0.2316807981807927,A,grading/data_processed/potato/A/Potato_White_1_r_164__100.jpg,ff8701008080c1ff,6
5100.5,295.3208487033844,1.4705882352941178,0.7349104117540958,0.9547028544688816,19.992538741151712,6.63294253922784,125.95370193227473,45.0158121059433,67.38167208723934,39.50383775866946,10589.451591154842,519.4454842543078,0.359062819764722,0.2173996719137474,A,grading/data_processed/potato/A/Potato_White_1_r_17__100.jpg,ff8101000081c1ff,11
4240.5,275.03657734394073,1.5714285714285714,0.7044432658872231,0.9469629298794104,14.30016051364366,15.786991369850243,103.44393487732172,43.152174809616454,56.05572116487044,32.63457825954874,13758.221868239183,282.0077745383868,0.4578071116278239,0.2868636197544975,A,grading/data_processed/potato/A/Potato_Red_1_r2_58__100.jpg,fff781000000c1ff,6
3802.5,261.3797240257263,1.8,0.6994155707685547,0.9574468085106383,17.622415113607353,24.08357370338819,97.56522849119224,43.55731124401963,50.74955322951238,30.733801986723662,15947.327528697104,341.88256029684607,0.4401393700790936,0.2683621042412193,A,grading/data_processed/potato/A/Potato_Red_1_r2_168__100.jpg,ffc10101008187ff,0
6311.0,325.5634889602661,0.88,0.7482326515811861,0.9568645288454248,19.674984500929945,7.246195770614471,111.22287662740236,41.286982526371986,82.91320520768754,47.72318499501944,4711.128548540806,487.7031034482759,0.4473610005728883,0.2490056722481077,A,grading/data_processed/potato/A/Potato_White_1_r2_149__100.jpg,ffc383818181c1c3,0
5359.0,295.7645000219345,1.36986301369863,0.7698418746751629,0.9605664097508514,19.909438775510203,7.596608005127664,130.22430758017492,43.80696390968119,70.96938775510205,41.86630736795491,8492.573118483768,459.0881416908814,0.4410064461372602,0.23669437512213,A,grading/data_processed/potato/A/Potato_White_1_r_118__100.jpg,ffc18000010183ff,0
5041.5,285.3797241449356,0.66,0.777899348754369,0.9787419918462434,20.17685758513932,9.022700475542692,128.26199690402476,44.92972078295902,66.61416408668731,39.31995610355472,9024.817651423324,450.24169230769235,0.3439485455849706,0.1980313763914773,A,grading/data_processed/potato/A/Potato_White_1_143__100.jpg,f7c1c181818181c7,0
5072.0,284.4507911205292,0.67,0.7877253411231123,0.9792451008784632,20.261112180103908,9.83411252966055,130.18472195497404,44.98849973187071,67.1683663652107,39.74330197459011,9305.80814744932,514.0256060606062,0.3506571999398902,0.2035094414164567,A,grading/data_processed/potato/A/Potato_White_1_142__100.jpg,f3c1c181818181c7,22
4897.0,274.7939373254776,1.5625,0.8149400740079,0.9844205447783696,30.414507772020727,61.33425761026988,142.63531287365484,47.6569560176377,64.39557592666401,37.32489550139477,8610.693700561524,254.04277146464648,0.4510869765563475,0.2051499351141353,A,grading/data_processed/potato/A/Potato_Red_2_r2_116__100.jpg,ff878101008081ff,5
5321.0,297.563489317894,1.2531645569620251,0.7551684501690308,0.9573587621446564,14.227973568281936,18.265484132041664,98.00477239353891,40.330089634674216,70.09746696035242,40.74938907734631,7142.1990712437555,409.4412296564196,0.4859870550532368,0.290065814745408,A,grading/data_processed/potato/A/Potato_Red_1_r2_82__100.jpg,ffc78101000183ef,0
4716.5,280.35028541088104,1.4142857142857144,0.7540978414600006,0.9535024764985344,14.577718065316246,18.79903002744026,103.19532864820174,44.80248881727745,62.40140553947912,36.67133466283096,9548.754513783477,364.95029154518954,0.4569529230604826,0.2903714895053719,A,grading/data_processed/potato/A/Potato_Red_1_r2_67__100.jpg,ffe78100000181ef,5
6872.0,314.391916513443,0.92,0.8736757320375044,0.9884214311398778,47.701298701298704,73.14846052207213,127.27215641501355,52.184293742907705,90.34679606108178,52.0897274046896,2122.081364260397,358.16285714285715,0.4631118971356188,0.2239619616597843,A,grading/data_processed/potato/A/Potato_Red_2_r2_49__100.jpg,ffc38781818183c7,14
6965.0,316.39191567897797,0.93,0.8743397612241297,0.9888549726698376,51.64793691029433,75.34910146962278,127.65821715251371,52.25591524216142,91.63582594000844,52.89466066501177,1806.914391212857,366.3904347826087,0.456245135962986,0.2227214759741714,A,grading/data_processed/potato/A/Potato_Red_2_r2_48__100.jpg,ffc38781018183c7,0
5893.0,297.906635761261,1.2658227848101269,0.83442239384447,0.9832318344873612,19.856336156784582,4.343243636282546,124.77777777777776,38.38562250450551,77.51137684769972,45.27628828057779,7764.483816696042,566.7970847717683,0.3870493202346689,0.226206544336375,A,grading/data_processed/potato/A/Potato_White_1_r2_176__100.jpg,ff9301000080e1ff,11
5065.0,277.6223648786545,1.5151515151515151,0.8258105274956833,0.9858880778588808,57.72778099093888,79.07310743242905,128.25467514941198,52.821214457511864,66.63755542702911,38.71254317996597,5745.008307070707,227.93602693602696,0.4844945380326801,0.2049592125220533,A,grading/data_processed/potato/A/Potato_Red_2_r_195__100.jpg,ff870100000181ff,5
5131.0,279.2792181968689,1.492537313432836,0.8266746849766589,0.9837982935480778,60.63620788121074,80.52360274090096,126.35541595278887,52.29829479784072,67.42661336379211,39.07789952136211,7018.535951770996,230.41700587969245,0.4831883970935246,0.2074693305431518,A,grading/data_processed/potato/A/Potato_Red_2_r_194__100.jpg,ff870100000181ff,5
5958.5,304.977702498436,1.2195121951219512,0.8050273417409065,0.9701237381960274,20.379701100344885,10.721271435865775,126.8214813598292,43.631331000486966,78.30990310395795,45.19614778006146,5636.879272441998,412.0559251047056,0.4283220867463431,0.2445241875583736,A,grading/data_processed/potato/A/Potato_White_1_r_126__100.jpg,ffc18000010183ff,0
4192.0,268.79393661022186,1.7241379310344829,0.7291085690591579,0.965453707968678,14.511600928074246,25.589436081483896,107.0955916473318,47.078545752025775,55.59164733178654,32.94999832518484,11424.731091527943,365.2499129223267,0.3932997515608255,0.2447655660154428,A,grading/data_processed/potato/A/Potato_Red_1_r_128__100.jpg,ffc181808001c1ff,2
5132.0,280.1076456308365,1.4492753623188406,0.8219522437562026,0.9859750240153698,30.282451465550057,61.38772489513495,137.1056338028169,48.20730747859338,67.58089074990484,39.33094124205248,8623.880725561856,321.4254135558483,0.447489698449478,0.2283204998038787,A,grading/data_processed/potato/A/Potato_Red_2_r2_93__100.jpg,ff870301000081ff,20
4526.5,278.551296710968,1.639344262295082,0.7330979746596906,0.9677177979690004,15.334408602150535,11.74822791142778,102.44580645161292,43.22507944662284,60.05505376344086,35.69678732038881,11535.15384238108,402.3427719821163,0.3665304470487147,0.2251219865933128,A,grading/data_processed/potato/A/Potato_Red_1_r_40__100.jpg,ff878101000083ff,5
5930.5,293.66399478912354,1.2658227848101269,0.8641711622467796,0.987018390613298,51.008750206372795,76.49723567282327,133.9072147928017,53.4702549234981,77.74723460458974,44.685930984642944,4385.429047844897,256.8140902697865,0.4941171855990466,0.2229222211390341,A,grading/data_processed/potato/A/Potato_Red_2_r2_33__100.jpg,ffc38380000183ef,14
5490.5,290.0071402788162,0.74,0.8203598146205311,0.9818490701001432,20.024216524216524,8.96958602104998,133.74216524216524,46.897913498027094,72.42432336182337,42.2340595138323,8268.999132925492,640.3736986301369,0.3588838925818605,0.2207425968213131,A,grading/data_processed/potato/A/Potato_White_1_21__100.jpg,cf878381818181e3,7
4901.5,301.8650053739548,1.5873015873015872,0.6759480709154468,0.9532283158304162,20.428798411122145,12.153611518208436,122.3012909632572,44.92701781570915,65.16703078450844,38.6439210868063,10539.38100277148,545.1139971139971,0.3634455845307167,0.187175225435762,A,grading/data_processed/potato/A/Potato_White_1_r_186__100.jpg,ff83010080c0c0ff,11
5430.0,294.5929265022278,1.3333333333333333,0.7862579760864153,0.9731182795698924,19.437747391147894,9.06713952573148,138.45501979129182,44.69271811724406,71.57664627563872,41.68219445298481,8054.117898862223,473.8354208754208,0.4011157624748607,0.2482383966657936,A,grading/data_processed/potato/A/Potato_White_1_r2_13__100.jpg,ffe381000080c1f7,2
6447.5,321.46298360824585,0.91,0.784041899884512,0.9707166516109604,19.735307517084284,13.978884396120536,79.52710706150341,35.437359390985044,84.93682611996962,49.075102007058355,3509.584966598237,567.9743333333334,0.4285693516636344,0.2609093546771077,A,grading/data_processed/potato/A/Potato_Red_1_r_73__100.jpg,ffc385818181c1e7,7
4740.5,293.17871284484863,1.5873015873015872,0.6930573079689293,0.94980965738329,21.183648315529993,9.673063795374418,128.591824157765,45.509351334364275,63.00575184880854,37.688108969717206,10521.347528344671,512.3641173641174,0.4064048149743451,0.2156427673620419,A,grading/data_processed/potato/A/Potato_White_1_r_88__100.jpg,ff810100000183ff,5
6566.0,321.2203440666199,0.92,0.799658681494275,0.9676516100508435,19.407816229116943,6.2448431043709,117.50775656324582,40.533453574672635,86.22270286396181,49.63831069964588,3712.736825330813,478.107912087912,0.4575269214352983,0.2559495770027336,A,grading/data_processed/potato/A/Potato_White_1_r2_144__100.jpg,ffcf8181818183c7,0
4701.0,295.7645000219345,1.5873015873015872,0.6753175317872626,0.9479733817301876,21.88737060041408,14.54782026465535,129.87950310559006,44.306760208428344,62.554865424430645,37.589448765873975,11414.841412824388,518.1133557800224,0.4085301021460043,0.2215437311513876,A,grading/data_processed/potato/A/Potato_White_1_r_89__100.jpg,ff810000000183ff,5
3609.5,258.89444267749786,1.7818181818181815,0.6767238050335603,0.9430437622468976,18.352846401718583,26.66686092306021,96.578141783029,43.76526052932975,48.27255639097744,29.242882465357248,21648.23903060364,327.3718837863167,0.4607618426226377,0.2976288292371533,A,grading/data_processed/potato/A/Potato_Red_1_r2_165__100.jpg,ffc30101010187ff,4
5513.5,287.86500430107117,1.3888888888888888,0.8361024595046002,0.9846414858469508,54.991134751773046,76.32806846031629,126.38741134751773,52.22932334821451,72.40514184397163,41.36647161121482,5497.431076369599,280.2742704826038,0.4600432369340769,0.2054843517378299,A,grading/data_processed/potato/A/Potato_Red_2_r_51__100.jpg,ffc180000081c3ff,17
4419.0,272.793937087059,0.6,0.7462157959965297,0.970036219953902,12.61951971799956,17.938267194804244,111.17316589557171,43.49441620916517,58.96783432474113,35.87800098659792,13959.977024416665,524.0028813559322,0.3749892014927311,0.2237759002838132,A,grading/data_processed/potato/A/Potato_Red_1_137__100.jpg,efc38181818181c3,0
6164.0,316.3919163942337,1.1494252873563218,0.773787546851135,0.9659171041291232,19.372698412698412,8.395112940872089,130.50460317460318,43.63231448937453,81.12396825396826,46.71147199563505,5862.612013462808,389.3402995471962,0.4490190768983652,0.2635149121536227,A,grading/data_processed/potato/A/Potato_White_1_r2_133__100.jpg,ffc38100008187ff,5
4276.5,265.58073365688324,1.818181818181818,0.761912691406047,0.982538770821367,56.52843494085532,79.55530327838726,132.5971337579618,52.21233752808614,56.35964513193812,32.79569897150642,12843.705697157024,200.15096418732784,0.4747550435668636,0.1953207977995277,A,grading/data_processed/potato/A/Potato_Red_2_r_19__100.jpg,ff830000008183ff,5
5148.5,285.865003824234,0.68,0.7917144987725423,0.9784302546560244,20.334281380356465,11.336943662438957,128.39533560864618,46.381500579335416,68.17273416761472,40.43297998107995,9888.17783475346,500.3059701492538,0.3404947476370432,0.2032722672021436,A,grading/data_processed/potato/A/Potato_White_1_138__100.jpg,f3c1c181818181c7,22
5000.0,290.1076443195343,0.66,0.7465545095954859,0.9731413001167768,22.251609128145112,15.009336046721977,131.47864248098304,45.86766484401588,66.06397503413302,38.566403377968,9191.002938269055,536.8686153846154,0.3655486459503932,0.2042091398078575,A,grading/data_processed/potato/A/Potato_White_1_57__100.jpg,ef838381818181c3,0
4950.5,275.86500442028046,1.5151515151515151,0.817458488778211,0.9819498165228604,35.28751725497929,65.35614368686612,134.985210017748,52.92144304949744,65.11713665943601,37.75535531320449,7730.251115128558,255.40281603917973,0.4987218363938986,0.2219957004579191,A,grading/data_processed/potato/A/Potato_Red_2_r_142__100.jpg,ffc38100000181ff,2
4958.5,291.8650040626526,0.66,0.7314693501262096,0.9668519060154042,21.066247297031648,9.558739746214258,129.20070768625908,46.03818911489716,65.88460782386476,39.48271592046564,10960.877754269974,659.8912307692308,0.3863494041979065,0.2097803303035071,A,grading/data_processed/potato/A/Potato_White_1_62__100.jpg,efc38181818181c3,0
6002.0,301.9066352844238,1.1547619047619049,0.8274857794699667,0.978640143486059,13.830397912589694,19.886893208808345,99.45727332028702,40.90578687031675,78.78604044357469,45.11831818874681,4785.229871141251,423.8262648809524,0.3996739597047742,0.2331099033299151,A,grading/data_processed/potato/A/Potato_Red_1_r_158__100.jpg,ffc38381010183c7,0
6202.5,310.1492760181427,1.1264367816091954,0.810279951651137,0.9755426234664988,13.955176767676768,20.499558346291153,99.3543244949495,41.00835161750122,81.46227904040404,46.55166936387516,4798.508269925295,422.0707429790259,0.4027378171216213,0.2433276296623249,A,grading/data_processed/potato/A/Potato_Red_1_r_159__100.jpg,ffc78381010183ef,0
4500.5,268.20815110206604,0.6,0.7861884972944816,0.9842536905412794,41.64226938068427,71.3424102753866,138.43785188393244,50.79781137437717,59.39540926808142,34.18151425201236,10784.500912888889,354.5235593220339,0.4009618133380775,0.2122881186778978,A,grading/data_processed/potato/A/Potato_Red_2_89__100.jpg,e3c1c181818183c7,13
4751.0,290.10764467716217,1.53125,0.7093760932686752,0.954207672223338,20.66892168921689,3.8335688608344567,130.85260352603527,44.891621624459525,62.90979909799098,37.05405974939956,10967.768584353484,422.2229381443299,0.3963115276941413,0.2094407623309176,A,grading/data_processed/potato/A/Potato_White_1_r_82__100.jpg,ff830100010183ff,4
4597.0,274.30865585803986,1.639344262295082,0.7677243999573388,0.9750768904443736,15.914388641661368,18.907462572277343,101.80101716465352,43.259532951328914,60.96439923712651,36.063387541564346,11149.760802875571,408.3546944858421,0.3604627421234745,0.2148882747547232,A,grading/data_processed/potato/A/Potato_Red_1_r_31__100.jpg,ff878101010081ff,23
5446.5,287.0365777015686,1.408450704225352,0.8307165929632143,0.9856134636264928,52.939529876188764,77.38793130250195,134.20545487170284,50.19407115531108,71.51588013637179,41.13080813481629,5995.527855961119,288.6707924313558,0.4381491451664892,0.206094684049468,A,grading/data_processed/potato/A/Potato_Red_2_r2_183__100.jpg,ffc181000001c1ff,2
4831.5,295.8650048971176,1.5873015873015872,0.6935929158887594,0.9491209115018172,20.248891575977428,10.994260520385122,128.27589681580008,44.39077347037899,64.1217251108424,37.75548327245792,11179.230187427564,458.13083213083223,0.3638133361407696,0.2001609717956477,A,grading/data_processed/potato/A/Potato_White_1_r_6__100.jpg,ff8301008080c1ff,2
5563.0,302.73506116867065,1.2820512820512822,0.762769784139013,0.970516399162596,19.76356929562621,9.531183064083567,140.62322150008782,45.00423074773582,73.27402072720885,42.57503791478714,7985.934816305063,503.1357161357162,0.3905992845347389,0.2572759716455464,A,grading/data_processed/potato/A/Potato_White_1_r2_18__100.jpg,ffe381000000c1f7,6
5462.0,301.5634889602661,1.2098765432098766,0.754751598135615,0.9563999299597268,15.277231264532285,21.459800453653724,96.0758361652656,38.58442660316586,71.85029511715257,41.73111864189276,7727.889995537982,398.1949853633703,0.4842667956457532,0.2824205062837214,A,grading/data_processed/potato/A/Potato_Red_1_r2_85__100.jpg,ffc78101000183cf,0
4787.0,274.793937087059,1.5625,0.7966342946794457,0.982855969612976,42.224123879380606,71.23214894371986,139.17502037489814,49.005406653917404,62.98084759576202,36.51983138916654,10740.521520996092,280.3252840909091,0.4596254389650004,0.2229193619337071,A,grading/data_processed/potato/A/Potato_Red_2_r2_110__100.jpg,ff870101008081ff,6
5295.5,290.35028541088104,1.36986301369863,0.7893549229103659,0.9741537895511404,20.82183696053117,14.778594029198889,136.7220582810771,41.908474121764506,70.21209885651051,41.55835246041951,9225.120818521298,575.4135879341359,0.4002083647715742,0.2456824934810077,A,grading/data_processed/potato/A/Potato_White_1_r2_195__100.jpg,ffc301000081c1ff,2
5260.0,286.9360729455948,1.3888888888888888,0.8028331704248074,0.9773318468970644,20.866666666666667,14.538689565233126,136.09359331476324,40.67142801091972,69.45088207985144,40.59710611306944,8476.000838715277,465.1937429854097,0.3978851756791415,0.2408283050013672,A,grading/data_processed/potato/A/Potato_White_1_r2_194__100.jpg,ffc301000081c1ff,2
5382.0,283.42135286331177,1.36986301369863,0.8419541152158815,0.9822960394232524,40.53215843023256,69.16473518883913,131.4233284883721,54.013412222962465,70.65116279069767,40.802020923461846,6732.506367629951,275.64286702642863,0.5116703718339549,0.2343925131352348,A,grading/data_processed/potato/A/Potato_Red_2_r_149__100.jpg,ffc38100000183ff,5
4304.5,265.23758828639984,1.818181818181818,0.7688868536409994,0.9833238149628784,55.96156454894868,78.97561056699465,130.1324892606828,51.34530282685511,56.851006104453994,33.49803957611022,10270.62679256198,230.11478420569333,0.4741254737714637,0.188590113216189,A,grading/data_processed/potato/A/Potato_Red_2_r_13__100.jpg,ff830100008183ff,5
4317.5,266.066015124321,1.7857142857142858,0.7664139478525686,0.984045584045584,62.23354373309288,81.68603164379408,130.02592425608657,50.518167188848906,56.9997745716862,33.43458210269724,9966.369848979592,219.64700577200583,0.4822970597154733,0.2000613649978663,A,grading/data_processed/potato/A/Potato_Red_2_r_12__100.jpg,ff870100000183ff,5
5586.0,301.22034323215485,1.2048192771084338,0.773645844743285,0.9644337016574586,19.683934196709835,7.467572941401533,138.90339516975848,48.759936880041224,73.62250612530626,42.62058958100466,8139.232007490203,482.6156748204941,0.4203108917082733,0.298982351164262,A,grading/data_processed/potato/A/Potato_White_1_r2_27__100.jpg,ffc381010101c1f7,0
6498.0,322.534050822258,1.0638297872340423,0.7849435567484395,0.9662453531598512,19.37437829691033,8.658244123681849,124.9933685003768,41.499188229346274,85.43481537302185,49.1477028246366,4628.287929368492,480.93520309477753,0.4690174543821626,0.2799711252855869,A,grading/data_processed/potato/A/Potato_White_1_r2_138__100.jpg,ffc78180818183c7,0
5109.0,281.27921879291534,1.4492753623188406,0.8114662698916542,0.9843930635838152,31.774655963302752,62.559420254448405,137.49388379204893,47.60787646419382,67.30370795107034,39.21477560046501,8883.67196773787,321.2178304787001,0.4371879825855648,0.2304397668949232,A,grading/data_processed/potato/A/Potato_Red_2_r2_94__100.jpg,ff870301008081ff,20
4675.0,273.13708305358887,1.6666666666666667,0.7874629782946314,0.980494966442953,52.77585487906589,76.85182558064716,132.98665554628855,53.39893282731915,61.5198081734779,35.640450114538,9993.575226555557,249.32323232323233,0.4095035567433608,0.1910452515937972,A,grading/data_processed/potato/A/Potato_Red_2_r_101__100.jpg,ff8301000080c1ff,6
4489.0,277.7645000219345,1.5625,0.7311491685091307,0.9567348678601876,18.257105662833588,20.574870711445534,99.1021913647212,43.165765717495226,59.24712518984595,34.35741056530031,10377.051491308594,353.7760416666667,0.4131156706165475,0.2668437322036381,A,grading/data_processed/potato/A/Potato_Red_1_r_47__100.jpg,ff878301010083ff,5
4468.0,280.5929266214371,1.5625,0.7131314516147292,0.9569500963803812,17.238396164741772,17.996701924165386,98.8818914796252,44.372303100629445,59.465896709522774,35.716041654614806,10030.155083764646,424.1511994949495,0.4165823675248526,0.2698327105316998,A,grading/data_processed/potato/A/Potato_Red_1_r_46__100.jpg,ff878301010083ff,5
5564.0,296.24978160858154,1.3333333333333333,0.7966744837669433,0.967147575178168,20.834680252986647,13.644681843371316,129.88141250878425,43.348582506390194,73.30007027406887,42.395237918520195,8048.469246222223,389.8440404040403,0.4303431737369318,0.2288170105554084,A,grading/data_processed/potato/A/Potato_White_1_r_120__100.jpg,ffc18000010183ff,0
6442.0,330.3919161558151,0.9,0.7416034800235821,0.9561410018552876,19.755049354593773,7.456030510993055,108.83583902809416,39.31594188823093,84.72270311313592,48.712607146887656,4734.428774999999,500.4892134831462,0.4507409172579764,0.2513887321654755,A,grading/data_processed/potato/A/Potato_White_1_r2_153__100.jpg,ffc785818181c1e3,7
4798.5,283.5218583345413,1.4558823529411764,0.7501399057993866,0.9669521410579344,14.713124746038195,26.163742713527117,109.7442096708655,48.254495488174726,63.19991873222267,36.330901903897896,8960.022869638682,342.74159663865544,0.4285049881204631,0.2562827304197358,A,grading/data_processed/potato/A/Potato_Red_1_r_145__100.jpg,ffe1c180800181e7,2
4715.5,281.52185928821564,1.4776119402985075,0.7476758773604373,0.9629364917296304,14.12773873501447,23.77540223506162,108.398511781728,47.87935625217765,62.120711037618854,35.66820802066084,9701.930033962328,331.83932378921713,0.4227034383639463,0.2567410895334986,A,grading/data_processed/potato/A/Potato_Red_1_r_144__100.jpg,ffe1c180800181ff,10
3859.0,276.4507911205292,1.7241379310344829,0.6345253369468852,0.930888915691714,14.933165829145729,15.029253067483666,95.61180904522612,44.604417736945834,51.48442211055277,31.387127415225716,13990.734540992868,387.9024730059212,0.4371140592537111,0.299081981825477,A,grading/data_processed/potato/A/Potato_Red_1_r2_43__100.jpg,ffe381800080c1ff,2
4797.5,303.5218588113785,1.5873015873015872,0.6544024264196389,0.9438323824513084,19.994727235854796,11.415955693426074,124.22835124721152,45.05524420889443,63.728047049280065,37.87877404615044,12136.910571932476,524.2918069584738,0.374145980152188,0.2049707735012877,A,grading/data_processed/potato/A/Potato_White_1_r_190__100.jpg,ff8301008080c1ff,2
4781.5,308.3502856492996,1.6129032258064515,0.6319537771850148,0.9407771765863256,20.046979865771817,11.285019592620015,124.62721171446005,45.033993169512065,63.80008135041693,38.26950893608861,12911.802739958375,584.7507331378299,0.3692993225951151,0.1948196607093089,A,grading/data_processed/potato/A/Potato_White_1_r_191__100.jpg,ff83010080c0c1ff,11
4496.0,267.48022842407227,1.7241379310344829,0.7896830126928036,0.9825174825174824,32.26782231852654,63.635675807306534,141.54127843986998,52.817229957474765,59.16619718309859,34.5115978331469,8921.343376902496,227.55137582723788,0.458237005932692,0.1950926250482996,A,grading/data_processed/potato/A/Potato_Red_2_r_122__100.jpg,ffc301000080c1ff,2
5272.5,288.69343197345734,1.408450704225352,0.7949734884110211,0.9780189204229272,20.569549916651233,12.954131641301236,134.18466382663456,40.69932050769272,69.83997036488239,41.04789583669275,8395.129173160087,550.9075259638639,0.3816661771064295,0.2275931826510826,A,grading/data_processed/potato/A/Potato_White_1_r2_189__100.jpg,ff8101000081c1ff,11
5044.0,280.45079159736633,1.4558823529411764,0.8058822708872422,0.9820872274143302,15.615250628991678,18.403584263166117,97.97038900716085,39.30602879527691,66.62724985484807,38.74160998646045,9311.355167553167,452.5423169267707,0.3605760842522142,0.2201922624626432,A,grading/data_processed/potato/A/Potato_Red_1_r_13__100.jpg,ff870301000081ff,20
3797.0,268.30865573883057,0.54,0.6627978551625218,0.9577500315298272,13.410112359550562,8.54778910346669,98.97063329928498,44.4582576795503,51.06026557711951,31.71956318734003,18977.68304441015,570.0811320754717,0.3783260296260091,0.2490597126735636,A,grading/data_processed/potato/A/Potato_Red_1_98__100.jpg,fbc3c181818183c7,13
6567.5,308.1492757797241,0.87,0.8691358073939512,0.9881140449860828,47.76119402985075,72.91202827538703,124.45432835820895,53.0187900013344,86.28731343283582,49.773840641298094,2856.6704578676176,373.9340697674419,0.4473981639131545,0.2146932830502898,A,grading/data_processed/potato/A/Potato_Red_2_r2_53__100.jpg,ffc38781818183c7,14
5153.5,304.6934314966202,1.4492753623188406,0.6975670537410992,0.9550593031875464,20.382375189107417,11.57009190688068,115.86535552193646,43.21441487527964,68.42360060514372,40.62759623880114,9913.3517389414,549.2607231737667,0.3851209497432046,0.2207826968529966,A,grading/data_processed/potato/A/Potato_White_1_r_174__100.jpg,ff87010080c0c0ff,11
4240.5,264.2081505060196,0.58,0.763368982696961,0.9786522040156936,55.08631772268136,78.63075174775575,126.9777318640955,54.83491971879957,56.01767676767677,32.90559457014717,12428.10164982164,387.6177192982456,0.4178179878251916,0.226945269006987,A,grading/data_processed/potato/A/Potato_Red_2_110__100.jpg,e7c3c181818183c7,0
4648.0,285.7644999027252,1.53125,0.7152525771538646,0.9505112474437628,20.869446772841577,13.19295248423788,129.04170159262364,45.46263238408714,61.83927074601844,37.1013137970862,12408.687622400785,491.8609858247421,0.430200030120992,0.2260171093557665,A,grading/data_processed/potato/A/Potato_White_1_r_108__100.jpg,ffc18000018183ff,5
4767.5,289.5218586921692,1.5384615384615383,0.7147231501593829,0.9508376545672118,20.707396812423376,11.967902450097313,131.3283612586841,44.727393244728475,63.345320800980794,37.655924052311065,12502.771938556212,416.70442890442894,0.4246320427194434,0.2348702289380536,A,grading/data_processed/potato/A/Potato_White_1_r_109__100.jpg,ffc18000010183ff,0
4063.5,275.37972342967987,0.61,0.6733582868766014,0.9466511357018056,16.18183990442055,14.829953058788272,99.1562724014337,43.9603432613236,54.34193548387097,32.98839334760838,16534.190693120127,553.771,0.4063966629200093,0.2911545265547718,A,grading/data_processed/potato/A/Potato_Red_1_76__100.jpg,fde1c1c1818183c7,22
4745.5,273.0365775823593,1.5625,0.7999266735989661,0.9822001448825416,44.08818088386434,72.43404508970794,137.89311408016445,49.97686292902381,62.530524152106885,36.517665879790165,9475.681347631837,312.55602904040404,0.4589025834853008,0.2298416060715628,A,grading/data_processed/potato/A/Potato_Red_2_r2_106__100.jpg,ff870101008081ff,6
5032.0,285.76449942588806,1.408450704225352,0.7743440146836484,0.9736842105263158,20.040147401086113,11.269605703009857,135.45830100853374,45.7346421562131,66.3155546935609,38.82178051632912,10453.364058301926,408.3659126476027,0.4198191085605439,0.2633311834826211,A,grading/data_processed/potato/A/Potato_White_1_r2_111__100.jpg,ffc38180000083ff,5
4319.5,266.0660150051117,0.56,0.7667689752670972,0.9836046908801092,51.20730058584948,77.27347548997355,134.59260928346103,52.61109500920606,57.026813880126184,33.33363312255699,11050.092409917092,334.0312727272727,0.4220582885669101,0.1885180570959707,A,grading/data_processed/potato/A/Potato_Red_2_125__100.jpg,e7c38181818183c7,0
4835.5,277.37972390651703,1.5625,0.7897721746706612,0.975981431022303,16.142194433239208,25.138497983455103,100.24243646631706,43.25211183013785,63.83743444937475,36.89408696687651,8788.405742163086,413.9146148989899,0.3610406076618574,0.2113407929265755,A,grading/data_processed/potato/A/Potato_Red_1_r_107__100.jpg,ffc181800001c1ff,2
4276.0,263.480229139328,0.56,0.7740187756352459,0.9857076994006456,50.30252674709766,76.90819058877175,132.66674254495788,54.0469190049119,56.495105850216255,33.47979180174957,9783.260304559948,340.1069090909091,0.4230015331055985,0.1958402958729466,A,grading/data_processed/potato/A/Potato_Red_2_124__100.jpg,e7c38181818183c7,0
4885.5,277.52185809612274,1.462686567164179,0.7971214437970067,0.9699225729600952,17.05433479824211,17.063740466279107,94.39852177387137,41.40268796500227,64.32201358369956,37.19469382213526,9932.049932715345,333.5477765810125,0.4039358615981221,0.2282202842418688,A,grading/data_processed/potato/A/Potato_Red_1_r2_178__100.jpg,ffc18100018183ff,0
4729.5,297.86500442028046,1.6129032258064515,0.6698632161026037,0.9463731865932966,20.875128574367412,7.686449537291692,130.61756840156346,45.85680703698131,63.08413906603579,38.18521700341129,10755.475927055151,547.0508308895406,0.3953482826140353,0.2056412850986973,A,grading/data_processed/potato/A/Potato_White_1_r_95__100.jpg,ff810100000183ff,5
5944.5,298.1492760181427,1.2345679012345678,0.8403451099244788,0.9797280593325092,50.71903820816864,73.95574367324956,129.88817523056653,55.04687646477243,78.02470355731225,44.87610358533494,5345.147709739369,330.8115725152762,0.5117960312283357,0.237850806156797,A,grading/data_processed/potato/A/Potato_Red_2_r_160__100.jpg,ffc38100000183ff,5
6898.5,340.634556889534,0.95,0.7471144286747669,0.9637468566638726,20.070820323587853,9.93038256889402,111.88333806414988,37.047767234178295,90.7805847289242,52.35252834890856,3758.6128618171742,537.2377659574468,0.4340134517418939,0.2421491128363725,A,grading/data_processed/potato/A/Potato_White_1_r2_158__100.jpg,ff9f8d818181c1e3,7
4845.0,273.6223647594452,1.5625,0.8132057888849317,0.982360097323601,46.83564954682779,74.85859632744118,142.7764350453172,51.30082250125408,63.81752265861027,37.31582817427565,9114.27310974121,272.83349116161617,0.4804409092138684,0.2149537197626966,A,grading/data_processed/potato/A/Potato_Red_2_r2_10__100.jpg,ffc18100000181ff,5
6066.0,297.76449954509735,1.2820512820512822,0.8597386141468686,0.986662329212752,64.62314396384764,80.27003232387707,124.34974176888316,51.99820772968245,79.55551969012267,45.95766342170919,4093.9145371301775,258.75459725459723,0.481542252182858,0.1960742939273122,A,grading/data_processed/potato/A/Potato_Red_2_r_185__100.jpg,ff830101008181ff,0
4790.5,272.2081506252289,1.5873015873015872,0.8124346892170424,0.9835745816651268,47.67902240325866,75.39539784464536,143.71771894093686,50.40630185291529,62.909775967413445,36.413525135322544,9002.02170330058,246.37646304312972,0.4906710753121385,0.2120985182037821,A,grading/data_processed/potato/A/Potato_Red_2_r2_11__100.jpg,ffc18100000181ff,5
4442.0,278.5929266214371,1.5625,0.7191976289628235,0.9612637957152133,13.537483559842174,22.9661707750385,109.34962735642262,48.33967418215073,58.80381411661552,34.39059689966056,10912.564123999022,386.5981691919191,0.4262861514908196,0.2744763392470372,A,grading/data_processed/potato/A/Potato_Red_1_r_139__100.jpg,ffe1c180800181ff,10
4715.0,281.2792179584503,1.5,0.7488869612919457,0.9562924652672142,17.61616370400992,17.40270428918314,94.67031831335262,42.464962961383286,62.21062422488632,36.063292319154975,8283.537225053122,359.65151515151507,0.4017483387170949,0.2475749493358547,A,grading/data_processed/potato/A/Potato_Red_1_r_51__100.jpg,ff878301010083ff,5
4957.5,280.5512968301773,1.523076923076923,0.791494726837725,0.9814888140962186,14.262298307752854,10.923397512424309,97.91755214482488,41.69170232750284,65.38665879574971,37.98752155217504,9364.0476943483,415.19607535321825,0.3378065820021442,0.1990606846791272,A,grading/data_processed/potato/A/Potato_Red_1_r_19__100.jpg,ff870301000081ff,20
4814.5,273.86500453948975,1.639344262295082,0.8066552689628947,0.9869823698236982,55.863396838265096,78.07752107110444,132.5715443858938,52.21501927323243,63.41122821240373,36.69170803574938,7417.922568422467,266.32820003311804,0.3975354763442278,0.1805905464815356,A,grading/data_processed/potato/A/Potato_Red_2_r_97__100.jpg,ff8301000080c1ff,6
4636.0,273.7644989490509,1.5151515151515151,0.7773185515147814,0.9747687132043734,15.679217501051744,10.141300889812712,111.70088346655449,40.94828987243488,61.47076146403029,36.50300797260783,13674.58266664371,462.09182736455466,0.3815002339176853,0.2673829846544553,B,grading/data_processed/potato/B/Potato_Sweet_1_r2_99__100.jpg,ffc301000080c1ff,2
3731.5,254.5512957572937,0.52,0.7236735269676723,0.975810669456067,14.365339578454332,10.249363736106424,123.64819151704395,50.178376470782474,49.899817850637525,30.792551378012668,17687.101594341715,444.7374509803921,0.3537565936793579,0.2354630929204048,B,grading/data_processed/potato/B/Potato_Sweet_1_196__100.jpg,e7c38181818183c7,0
3735.5,253.7228697538376,0.52,0.7291877683088438,0.9766013071895424,14.615024694567197,10.12488757825125,120.01039771250323,50.42358548843606,50.047829477514945,31.225032446012307,17673.749045821005,468.2641176470588,0.3578168228222999,0.2335220854615433,B,grading/data_processed/potato/B/Potato_Sweet_1_2__100.jpg,e7c38181818183c7,0
4363.5,265.86500561237335,1.6666666666666667,0.775751260361801,0.9721510526902084,15.578254074570216,16.28375260136652,120.39562402321948,44.36345692558984,58.06720250055816,35.074407470388174,14087.028943305557,455.9500000000001,0.3541590633713377,0.2406620565534205,B,grading/data_processed/potato/B/Potato_Sweet_1_r2_198__100.jpg,ff8301000081c3ff,5
4014.5,263.379723072052,1.818181818181818,0.727238149205374,0.9667670078266104,15.882082324455206,16.567124992911488,112.70048426150122,42.39621282321066,53.45835351089588,32.530437737162366,12768.560088066117,341.35316804407717,0.3673720179423338,0.2372890528197372,B,grading/data_processed/potato/B/Potato_Sweet_1_r_27__100.jpg,ffe38101000080ff,5
3903.5,263.3797240257263,1.851851851851852,0.7071301768253295,0.9601525027671872,15.541428215974124,13.196562207391958,113.1662105001244,42.54830245904411,52.201045036078625,32.552472829846025,14897.121562105624,420.3050879161989,0.3689637638122237,0.2435265343685089,B,grading/data_processed/potato/B/Potato_Sweet_1_r_19__100.jpg,ffe38101008080ff,5
4110.0,267.62236416339874,0.6,0.7211189030053674,0.959607751575998,15.740241305890702,18.087038106599056,122.44357700496806,45.47881397150204,55.08256446652472,34.15111419357633,15607.504069333332,621.3757627118644,0.3745000301615512,0.2728779081790826,B,grading/data_processed/potato/B/Potato_Sweet_1_147__100.jpg,f1c18183838383cf,13
4568.0,277.76449942588806,1.5625,0.7440163546633203,0.9629005059021922,15.954778156996587,13.37566314398014,112.86433447098976,42.98354643123581,60.309087030716725,35.33849943049722,12150.844808984377,336.5730744949495,0.4124697304303095,0.2572931895666431,B,grading/data_processed/potato/B/Potato_Sweet_1_r_138__100.jpg,ffc78180000101ff,2
5456.5,288.6934314966202,1.3611111111111112,0.8227165204066765,0.9735926487643858,16.091348737238043,15.341940587469145,110.384381157084,38.95401404359647,71.79957012358946,41.47682718193949,6701.941644664999,400.69501718213064,0.352355301263779,0.1968271306304994,B,grading/data_processed/potato/B/Potato_Sweet_1_r_50__100.jpg,ffc78301010081fd,23
5565.0,291.7644990682602,1.3243243243243243,0.8215048620917017,0.9739236961848092,16.61489810260014,17.842737787401973,108.97874209416726,37.57827723367932,73.03601546029515,42.08721998279614,6448.741647605287,391.8860406798552,0.3603770597749187,0.2018062827126005,B,grading/data_processed/potato/B/Potato_Sweet_1_r_51__100.jpg,ffc78301010081fd,23
4085.0,257.7644990682602,1.7241379310344829,0.7726018044009658,0.980321574274058,15.440047675804529,11.243895676579768,112.86936829559,43.406755964565434,54.03909415971395,32.032476028467954,16877.16323064804,324.1288749564612,0.3883909425158425,0.2646042770906986,B,grading/data_processed/potato/B/Potato_Sweet_1_r2_117__100.jpg,ff8381000081c3ff,2
4709.0,279.279217839241,1.5625,0.7586846816458541,0.9611184814777018,16.167667149658456,13.06397320508915,105.72738563444422,40.68849602444441,62.39474228938108,36.86034732917648,11719.298753027344,470.07212752525265,0.3565809356090758,0.2318369081268651,B,grading/data_processed/potato/B/Potato_Sweet_1_r_188__100.jpg,ffc38100008081ff,0
4599.5,278.3502856492996,1.596774193548387,0.7459971092257474,0.962842788360896,16.58728813559322,16.118523119723065,107.60656779661016,40.69672975555004,60.813559322033896,35.45864125814198,12410.653471619036,375.04443712969055,0.3356808872741981,0.216910253203913,B,grading/data_processed/potato/B/Potato_Sweet_1_r_189__100.jpg,ffc38101008081ff,2
4176.5,264.3502856492996,1.6666666666666667,0.7510395050484961,0.974906629318394,15.652913752913753,8.959663410704733,112.2995337995338,41.86222295505079,55.38321678321678,32.799148574743015,15163.792781222222,352.01767676767685,0.4011945210039597,0.2714377221529124,B,grading/data_processed/potato/B/Potato_Sweet_1_r2_129__100.jpg,ff8781000081c3ff,5
3900.5,265.5218583345413,1.7857142857142858,0.6952317355997674,0.9486805302201144,15.050311332503114,9.960667818474713,118.46525529265256,41.978678401980815,51.92428393524284,31.694262446992777,17336.271535586737,353.86814574314576,0.4200031457944045,0.271266041265225,B,grading/data_processed/potato/B/Potato_Sweet_1_r_125__100.jpg,ffc78180000101ff,2
4103.5,262.20815002918243,0.57,0.7500184189436023,0.9749346638156332,15.47226173541963,10.072134974534698,116.3266951161688,46.527384305487814,54.75936462778568,33.293914892527184,14826.121804986147,472.4341071428571,0.3469822053187204,0.2349252554276681,B,grading/data_processed/potato/B/Potato_Sweet_1_112__100.jpg,f3c181818181c3e7,22
3914.0,260.79393696784973,0.57,0.7231621782873441,0.962380132776002,14.01142005958292,13.083221084719677,125.32472691161868,48.23386542547392,52.37686196623635,32.10195836344621,16627.86548510311,552.3242857142857,0.379189412574261,0.267361595178759,B,grading/data_processed/potato/B/Potato_Sweet_1_181__100.jpg,f3c1c1818181c3c7,22
4224.5,264.6934323310852,1.7241379310344829,0.7577027218501541,0.9726027397260274,14.195206268725514,13.983113480763269,120.9603595298456,45.520971367673326,56.16893293385573,33.77894454091348,14149.914951129607,465.1623127830024,0.3487804665794436,0.2398906296645389,B,grading/data_processed/potato/B/Potato_Sweet_1_r2_6__100.jpg,ff8301000081c3ff,5
3845.5,258.6934311389923,1.7543859649122806,0.7220909094466924,0.9659633257975384,13.823603740207227,12.206285179360382,127.96588324488248,48.26098493848068,51.38589840788476,31.404136607949727,16357.92713065559,412.24827219564065,0.4076788065076292,0.2927437418332309,B,grading/data_processed/potato/B/Potato_Sweet_1_r2_22__100.jpg,ffe301000081c3ff,5
5477.5,290.49242186546326,1.225,0.8156852997945627,0.9720496894409938,15.154587647268832,8.216589299551556,110.43895037486612,40.52136045990606,72.06640485540878,41.166790291247835,7426.061705994898,353.4601804123712,0.4289843139252972,0.2729229635196849,B,grading/data_processed/potato/B/Potato_Sweet_1_r2_155__100.jpg,ff810101030387cf,4
4005.0,263.48022878170013,0.55,0.724963799072595,0.970556161395856,15.784327996118389,12.313049014288724,118.41872877244056,44.718574615126215,53.526686074721006,32.80416789789094,14283.566277685952,475.91537037037034,0.3417481877860208,0.2264598654170729,B,grading/data_processed/potato/B/Potato_Sweet_1_127__100.jpg,f3c181818181c3c7,13
3807.5,256.3502867221832,1.7241379310344829,0.7280851293669777,0.963314358001265,14.73040592290018,14.671218549544944,125.67475108501404,47.377693155663366,50.895328057186624,31.326698410735773,18185.45114670036,430.8786137234413,0.425488671161249,0.3099417705328083,B,grading/data_processed/potato/B/Potato_Sweet_1_r2_28__100.jpg,ffe381000081c3ff,2
5049.5,281.0365786552429,1.4264705882352942,0.8034013203635038,0.9702180805072532,16.156002319737098,16.93206942720131,109.535086023584,38.80712337502795,66.601971776532,38.63126867906481,8285.871449370607,324.9563419117647,0.353450755318558,0.2042153165918642,B,grading/data_processed/potato/B/Potato_Sweet_1_r_46__100.jpg,ffc78301010081ff,5
5394.0,285.42135310173035,1.32,0.83204704929109,0.9816196542311192,15.967917346383905,11.0609834376349,108.24614826898676,38.95673141266226,71.17763277143375,41.38331696839847,8662.486821544288,518.6308843537415,0.3594139965603794,0.2456149745441058,B,grading/data_processed/potato/B/Potato_Sweet_1_r2_88__100.jpg,ffc301010080c1ff,5
3839.0,265.6223635673523,0.55,0.6837521461197015,0.9402400195934362,14.52591656131479,5.242877139123727,114.6849557522124,42.38655851293807,51.96510745891277,33.887451051509885,16970.186860694215,478.79314814814813,0.4085291920603675,0.2565539408276238,B,grading/data_processed/potato/B/Potato_Sweet_1_35__100.jpg,8f8381c1818183e7,31
4532.5,268.35028636455536,1.6129032258064515,0.790940020195708,0.9762007322851604,15.254302925989672,18.024649728523094,115.47870051635113,44.62622521146729,59.8775817555938,35.153472663158894,14154.759577497398,426.6682958618443,0.3480897193029965,0.2358313621994929,B,grading/data_processed/potato/B/Potato_Sweet_1_r2_0__100.jpg,ff8301000081c3ff,5
3747.5,259.03657722473145,1.8867924528301887,0.7018257844026451,0.9556292235114114,16.53886010362694,19.027966675372348,118.11243523316062,41.48969908711159,50.02720207253886,30.757105180992053,17651.22375934496,351.55498380026677,0.4133580996241754,0.2590406939996941,B,grading/data_processed/potato/B/Potato_Sweet_1_r_122__100.jpg,ffc78381000001ff,33
4065.5,263.37972354888916,0.56,0.7364769423063678,0.9741224391997124,15.42549629275293,6.355452963517849,117.10475962688352,45.91959247207648,54.31595312126286,33.14111950347702,14570.120763265304,460.63036363636365,0.348100769752144,0.2281507403682454,B,grading/data_processed/potato/B/Potato_Sweet_1_114__100.jpg,f3c181818181c3e7,22
4015.5,260.8944424390793,0.55,0.7413441050165671,0.9738086576937068,15.977003146937788,10.292535660218146,117.3526991043331,45.51878296234974,53.65141612200435,32.91353680721551,14304.483558876032,490.61111111111103,0.342405762697627,0.2225872387967725,B,grading/data_processed/potato/B/Potato_Sweet_1_120__100.jpg,f3c181818181c3e7,22
4032.5,259.86500549316406,1.7543859649122806,0.750392770068209,0.9729762335625528,13.937756332931242,13.870379971834296,123.1956574185766,45.424746081117405,53.88250904704464,32.797568909824285,17889.664580209297,450.3935849725324,0.3718675608644364,0.2601933833782582,B,grading/data_processed/potato/B/Potato_Sweet_1_r2_10__100.jpg,ffc301000081c3ff,2
4063.5,265.72286891937256,0.55,0.7231897509088416,0.9678456591639872,15.25998564936618,10.19572153046074,117.07749342262616,44.58534378249854,54.63836402774456,33.9898236188601,16574.82142317355,527.7798148148147,0.3642221381549301,0.2146426513162291,B,grading/data_processed/potato/B/Potato_Sweet_1_48__100.jpg,8f8381818181c3e7,29
4111.0,261.7644993066788,1.6666666666666667,0.7539383712862496,0.9746325272641062,15.095903386218328,5.336512964481214,112.67085010655931,43.34684220081567,54.45252190385982,32.27259364981437,16405.09512222222,318.55740740740737,0.4073635796655795,0.2845242361748397,B,grading/data_processed/potato/B/Potato_Sweet_1_r2_125__100.jpg,ff8781000081c3ff,5
4154.0,270.4507919549942,1.7857142857142858,0.7136739441535197,0.9599075678798382,15.624297752808989,14.60131848086015,110.22378277153558,42.85590694667977,55.51732209737827,34.10790159011945,13689.217961702803,527.9767316017317,0.3547775632662062,0.2247796822933542,B,grading/data_processed/potato/B/Potato_Sweet_1_r_199__100.jpg,ffc381000080c0ff,11
5256.0,291.76449942588806,1.375,0.7758903045047436,0.9653779043070988,15.56622701096043,12.259093309319349,113.43841723945756,43.04886503556028,69.18242615641836,39.86696914695462,7760.253944998527,389.3636621315192,0.3918252519454201,0.2330754021510746,B,grading/data_processed/potato/B/Potato_Sweet_1_r_143__100.jpg,ffc78180000101f7,2
4856.0,276.5340509414673,1.3157894736842106,0.797978721392953,0.9722694964460908,16.45855130784708,14.595566990305446,111.73420523138832,46.409492813013024,64.03923541247485,37.01766218578818,9912.034958725762,375.05023923444975,0.4516187833507297,0.3311310621214623,B,grading/data_processed/potato/B/Potato_Sweet_1_r2_44__100.jpg,ffe3c1000181c3ff,0
4391.0,274.4507907629013,1.639344262295082,0.73256190114379,0.9590477230534018,16.95100864553314,18.56857238708712,115.19729549988917,41.75126228319467,58.13877189093328,34.05960300763249,13889.47894058049,326.5883424408015,0.4104950520471779,0.2481282821242978,B,grading/data_processed/potato/B/Potato_Sweet_1_r_135__100.jpg,ffc78180000101ff,2
4221.5,263.0365775823593,0.59,0.7667333736145967,0.9765209345362016,15.336254612546126,7.042696302690117,117.5385147601476,45.27756639284251,56.344326568265686,34.11247174982022,14740.470008014936,467.5956896551723,0.352477794591753,0.2417855571535199,B,grading/data_processed/potato/B/Potato_Sweet_1_102__100.jpg,e7c381818181c3e7,29
3762.0,258.7939373254776,0.54,0.7058630675052638,0.9703378901212276,13.26890322580645,4.89676134810674,123.41729032258064,49.97583994755973,50.2818064516129,30.50741746866992,17054.167728360768,405.2728301886792,0.3699917924766573,0.2538816842081398,B,grading/data_processed/potato/B/Potato_Sweet_1_191__100.jpg,e3c38181818183c7,0
3959.5,264.2081513404846,1.851851851851852,0.7127837443452285,0.9612770089827628,15.570306748466258,12.173879380448517,114.2684662576687,44.046457063607406,52.761472392638034,32.221785684202665,14339.899302846365,421.2491582491583,0.3655186381390395,0.2336625360465198,B,grading/data_processed/potato/B/Potato_Sweet_1_r_14__100.jpg,ffe38101008080ff,5
5567.5,294.4924212694168,1.3888888888888888,0.8067181800589514,0.9724890829694324,16.398840885142256,16.44360690358482,104.26765015806112,37.88659084122799,73.50720056199508,42.81038482611184,7798.824915104167,583.642115600449,0.322222061751794,0.195105228736202,B,grading/data_processed/potato/B/Potato_Sweet_1_r_86__100.jpg,ffc78101000081ff,5
5519.5,295.3208495378494,1.3888888888888888,0.7952824222631855,0.9679088119245944,14.818101310662415,6.202369909834075,104.81898689337584,39.002699808922046,73.04463336875664,42.704092590523565,8548.392036554784,589.0253928170595,0.3289813439806608,0.2023724268433611,B,grading/data_processed/potato/B/Potato_Sweet_1_r_87__100.jpg,ffc78101000081ff,5
6148.5,308.8355668783188,1.180722891566265,0.8100734933634858,0.9656824250039264,15.50676428457743,10.56101364237964,112.15056501671177,42.9599741267226,80.78417953207067,46.32518210226625,4647.570859966715,445.3820643398336,0.367284359243578,0.2141100866302615,B,grading/data_processed/potato/B/Potato_Sweet_1_r_148__100.jpg,ff8f8181000101e7,16
4494.5,277.0365777015686,1.6666666666666667,0.7358969814657292,0.9574989348103964,16.22595320623917,16.679822924986432,107.171143847487,41.6507066970336,59.71447140381282,35.295434457231806,12845.987805305556,445.45909090909095,0.3392898498567886,0.2170146640635068,B,grading/data_processed/potato/B/Potato_Sweet_1_r_192__100.jpg,ffc38100008081ff,0
4355.0,270.9360717535019,1.7241379310344829,0.7455286949272756,0.9602028442288612,15.57938282647585,16.940386764580815,107.1990161001789,41.00647030970764,58.03957960644007,35.455255363882124,14433.18590365636,490.4087425983978,0.349196554040423,0.2165611055553944,B,grading/data_processed/potato/B/Potato_Sweet_1_r_100__100.jpg,ffc78101000001ff,5
4007.5,271.0365780591965,0.59,0.6855317661982755,0.9407276995305164,14.830586524478914,10.778748997526352,118.40159961221522,44.590123299242215,53.71837130392632,32.98760305437018,16379.29606538351,554.7455172413794,0.3952966166348818,0.2767429900120481,B,grading/data_processed/potato/B/Potato_Sweet_1_137__100.jpg,f1c183838383c3cf,13
3999.5,269.8650051355362,0.59,0.6901165195633071,0.9433895506545584,15.410250182171485,14.119790842212025,118.40126305562303,44.3648209313648,53.72261355355842,33.17797534898709,17484.08417627119,555.1848275862069,0.3839400076892727,0.277589687277389,B,grading/data_processed/potato/B/Potato_Sweet_1_136__100.jpg,f1c183838383c3c7,34
4410.5,273.03657817840576,1.7241379310344829,0.7434572918563819,0.9677454744925946,15.80860927152318,14.391092598878382,107.92671081677705,42.50603818420712,58.62075055187638,35.44262051067955,12915.199777615931,502.287356321839,0.3282544088315603,0.2069411852119936,B,grading/data_processed/potato/B/Potato_Sweet_1_r_2__100.jpg,ffc38100008080ff,2
4408.5,266.9777030944824,1.434782608695652,0.777232092158114,0.96847539543058,15.567699115044247,13.522705292312777,116.65818584070796,47.3310990981782,58.423451327433625,33.95041124178865,12548.549501858675,350.860396332446,0.4479942031159341,0.3251299990695668,B,grading/data_processed/potato/B/Potato_Sweet_1_r2_39__100.jpg,ffe3c1000081c3ff,5
4308.5,262.14927542209625,1.5,0.787841108499493,0.9722441611192598,15.11249434133092,8.662306672228699,116.3985966500679,46.957454210729395,56.93866002716161,32.98411890272197,12106.608852716348,338.2135126777984,0.4320441698638168,0.3104070428817109,B,grading/data_processed/potato/B/Potato_Sweet_1_r2_38__100.jpg,ffe3c1000181c3e7,10
4127.5,261.3797229528427,0.57,0.7591946856137743,0.9778488509831792,15.26025459688826,9.906382615825285,116.62965582272513,45.66679534829123,55.11857614332862,33.53790369847869,15235.826753185594,471.1523214285715,0.346535606780137,0.2313644917899557,B,grading/data_processed/potato/B/Potato_Sweet_1_109__100.jpg,f3c181818181c3e7,22
4154.5,261.8650052547455,0.58,0.7613313228342409,0.97443415034596,15.834582942830366,12.56002658984408,115.08739456419868,44.69690281583172,55.71602624179944,34.61788270736427,14128.354829488704,582.0907017543857,0.3520910637206529,0.237455411245875,B,grading/data_processed/potato/B/Potato_Sweet_1_108__100.jpg,f3c181818181c3e7,22
5536.5,293.32084906101227,1.2098765432098766,0.8086475989320683,0.968427496938954,16.199046273401624,13.261710132666208,110.79795125397386,40.166948617695006,72.79830448604733,41.51871742729222,6836.258755353993,338.3522973144966,0.4226347200546438,0.2737200901329489,B,grading/data_processed/potato/B/Potato_Sweet_1_r2_156__100.jpg,ff810101030387df,4
5531.0,289.0782080888748,1.2987012987012987,0.8317308579877706,0.980934645739115,16.49230769230769,11.587085522597013,106.00636604774536,39.77661712386131,72.76657824933687,42.36170693623626,7885.066826851071,507.5219729765185,0.3665704142639551,0.2521544850319949,B,grading/data_processed/potato/B/Potato_Sweet_1_r2_86__100.jpg,ffc301010080c1ff,5
5470.0,289.42135310173035,1.3157894736842106,0.8206085755811656,0.9805503271488752,16.040214477211798,12.503625581392324,106.14691689008043,38.921196786659515,72.17140303842717,41.917410231499865,8555.670356630886,495.9714247740564,0.3663050773433406,0.2505633235588922,B,grading/data_processed/potato/B/Potato_Sweet_1_r2_87__100.jpg,ffc301010080c1ff,5
4127.0,264.4507905244827,1.7543859649122806,0.7415741688950552,0.9658319681722444,17.345120226308346,20.380172344633287,111.73455917020271,41.572959541299504,54.72182932578972,32.741511018185925,12349.134417328409,306.263866737551,0.3742782769667971,0.2438259257614485,B,grading/data_processed/potato/B/Potato_Sweet_1_r_33__100.jpg,ffc38101000080ff,5
4117.0,266.10764586925507,1.7543859649122806,0.7305938718138969,0.966772337677586,17.468336483931946,20.81001329592034,112.66517013232514,41.43557684944518,54.59026465028355,32.918318165095066,14183.800625546324,347.0682261208576,0.3666215867958966,0.2453848711991842,B,grading/data_processed/potato/B/Potato_Sweet_1_r_32__100.jpg,ffe38101000080ff,5
4975.5,280.69343173503876,1.462686567164179,0.7935642491476739,0.9683729077462048,15.676147508826991,15.309532357319698,108.65515888583758,39.43245803185666,65.58885837583367,38.03749427093081,9559.134319822377,328.65825511617174,0.3620145115650445,0.2101800715383577,B,grading/data_processed/potato/B/Potato_Sweet_1_r_45__100.jpg,ffc78301010081ff,5
4078.5,257.52185785770416,1.7241379310344829,0.772826733950292,0.980290830429035,15.4920028646455,11.2158766814751,112.02052995941752,43.81885124712524,54.20888040105037,32.63124053102654,16970.666854904874,376.39289446186007,0.3916671054316694,0.2654882447470331,B,grading/data_processed/potato/B/Potato_Sweet_1_r2_120__100.jpg,ff8381000081c3ff,2
5120.5,280.8355668783188,1.4142857142857144,0.8158644629658516,0.9758909853249476,14.259110856706736,8.775324542570404,112.8526998664377,41.35286670677999,67.53634802518603,39.082126078811825,9307.660043206752,391.33615160349854,0.3437177429312764,0.2301209830860646,B,grading/data_processed/potato/B/Potato_Sweet_1_r2_187__100.jpg,ff8301000081c3ff,5
5239.0,282.59292697906494,1.4142857142857144,0.8243956416018011,0.9767875454460708,14.70527886588323,11.105019531568333,111.17328856556612,40.82672064037321,68.88267114344339,39.70778639911831,8060.148067793998,393.71632653061226,0.328461116315788,0.2131230481936302,B,grading/data_processed/potato/B/Potato_Sweet_1_r2_186__100.jpg,ff8301000081c3ff,5
3710.5,259.03657746315,1.8867924528301887,0.6948964825169621,0.9527538836821158,16.303688202981952,17.378541688547802,119.2589589327753,42.473932645755575,49.41668846455663,30.146972859755667,17592.538056924168,328.3453401943968,0.4155185778108182,0.265288326975464,B,grading/data_processed/potato/B/Potato_Sweet_1_r_118__100.jpg,ffc78381000001ff,33
3908.0,263.27921748161316,1.818181818181818,0.7084859825395524,0.9565536654020316,14.99204375932372,7.795875201936709,118.64594728990552,41.869661809536595,51.98533068125311,31.346018611177698,15820.84744710744,322.6934802571167,0.4160901897682032,0.2557204649453271,B,grading/data_processed/potato/B/Potato_Sweet_1_r_126__100.jpg,ffc78180000101ff,2
6227.5,306.83556711673737,1.1264367816091954,0.8312127582750193,0.9747984659935822,15.485458261279671,8.698814669419754,105.69831787454802,37.81360733728938,81.99669863229052,46.90311677214604,4198.635321500614,395.4461429079274,0.3860577077017026,0.23997678248935,B,grading/data_processed/potato/B/Potato_Sweet_1_r2_162__100.jpg,ff838101030387ef,0
6432.5,310.0071405172348,1.0898876404494382,0.8410973495786208,0.9761742165566432,15.6163215590743,10.512355197767564,106.69884287454325,37.710522168457125,84.65849573690622,48.27244387524294,3475.1057708528856,397.4509597378277,0.3753618811260472,0.2264018666272926,B,grading/data_processed/potato/B/Potato_Sweet_1_r2_163__100.jpg,ff838101030387ef,0
4309.0,264.45079231262207,1.694915254237288,0.7742774534905451,0.9722472924187726,15.013562386980109,18.594628630109227,116.74502712477396,45.30506498045808,57.04091320072333,33.87627604047421,13621.99693766159,401.1213833247732,0.3517402409049698,0.2380723872461481,B,grading/data_processed/potato/B/Potato_Sweet_1_r2_5__100.jpg,ff8301000081c3ff,5
3904.0,261.62236428260803,0.56,0.7167536956507596,0.9633559531153608,13.716774514683925,10.98702444575661,127.31483325037333,49.33434134982115,52.35813837730214,32.092324346329136,16232.42082114158,531.338,0.365646092098319,0.2569768938386136,B,grading/data_processed/potato/B/Potato_Sweet_1_182__100.jpg,f3c181818181c3c7,13
3918.0,264.4507907629013,1.851851851851852,0.7040192848296285,0.9617083946980854,14.992313414331765,8.816119764129423,114.47284899578476,43.7776012667068,52.5234316885693,33.008981622692986,12655.073133024693,425.9169472502806,0.3708082236067995,0.2422223806587831,B,grading/data_processed/potato/B/Potato_Sweet_1_r_24__100.jpg,ffe38101008080ff,5
3992.5,264.89444279670715,0.57,0.7150050251952424,0.9535466921423452,14.927737226277372,9.976536194586828,116.36107055961072,45.2720894754363,53.54403892944039,33.346662282606495,14528.439424438287,584.6407142857142,0.3689177415754452,0.2561521092265775,B,grading/data_processed/potato/B/Potato_Sweet_1_133__100.jpg,f1c183838383c3c7,34
4030.0,267.96551048755646,0.57,0.7052727594707046,0.95508946557649,15.118129218900677,8.573384459496827,117.79050144648023,44.80947275995687,54.03230472516876,33.57545824161928,14569.748602646969,585.2926785714286,0.3672501729973179,0.2492158940803032,B,grading/data_processed/potato/B/Potato_Sweet_1_132__100.jpg,f1c181838383c3c7,34
4010.0,267.7644989490509,1.7857142857142858,0.7028266872811194,0.9469831148895974,14.308363636363636,5.99833838516304,114.38181818181818,42.48262856777519,53.696969696969695,33.439396877703,14888.371326530612,469.2644300144301,0.3875485606218723,0.2501928918904166,B,grading/data_processed/potato/B/Potato_Sweet_1_r_105__100.jpg,ffc78101000001ff,5
4284.0,269.96550953388214,1.7543859649122806,0.7386569027227332,0.9659526493799324,15.540086304792188,12.016508392296457,109.93322734499203,42.33319155418315,56.94026799909153,33.94819532820837,13837.998162234537,422.1715399610137,0.3326344170647474,0.2153162554081794,B,grading/data_processed/potato/B/Potato_Sweet_1_r_196__100.jpg,ffe38101008080ff,5
4268.0,271.62236416339874,1.7543859649122806,0.7269477972323957,0.9609366205110886,14.903578755413722,8.545513832363536,110.97994073398678,43.19504334936119,56.82470936858901,34.289300714554464,12983.194699784548,442.468190678717,0.3421563867118646,0.2188622497742434,B,grading/data_processed/potato/B/Potato_Sweet_1_r_197__100.jpg,ffe381000080c0ff,6
4072.5,268.20814990997314,1.818181818181818,0.7114215495374188,0.9639053254437868,15.979236276849642,16.74078091006452,111.77732696897375,42.827319493552984,54.239379474940336,32.47199234672536,13857.431269421488,398.8310376492194,0.3545707052506627,0.2254026820122377,B,grading/data_processed/potato/B/Potato_Sweet_1_r_7__100.jpg,ffe38101008080ff,5
5308.5,290.8355669975281,1.4285714285714286,0.788654258936138,0.9673804100227792,16.529076186970922,17.652776553618406,104.4377990430622,37.95031299184464,70.21825542878175,40.8051447251899,9687.948569061224,533.9069264069265,0.3329242330621239,0.210838856303771,B,grading/data_processed/potato/B/Potato_Sweet_1_r_88__100.jpg,ffc78101000081ff,5
4152.5,268.20815074443817,1.7857142857142858,0.7253966767518001,0.9620062550677632,15.913817330210772,15.729164760713555,109.66135831381732,44.071249328317656,55.398360655737704,33.84491904735356,15889.565014158165,510.06078643578655,0.3512201943766188,0.2254745309560883,B,grading/data_processed/potato/B/Potato_Sweet_1_r_6__100.jpg,ffc381010080c1ff,2
4037.0,271.6223644018173,0.59,0.6876026832884939,0.9421236872812137,14.862127045235804,11.301856197645233,118.7189605389798,45.57810076107699,54.1395572666025,33.46096894775135,15705.989870841711,629.6125862068967,0.3791851837474143,0.2724352621396044,B,grading/data_processed/potato/B/Potato_Sweet_1_139__100.jpg,f1c18383838383cf,13
4458.0,267.76449942588806,1.546875,0.7813469727531097,0.9790271219940704,15.399737590203369,8.602163587568851,112.23332604417232,41.9357647166286,59.155915154165754,35.39619816633491,13896.25066656045,477.30580357142856,0.3872455026405484,0.2680358824194421,B,grading/data_processed/potato/B/Potato_Sweet_1_r2_102__100.jpg,ffc301000080c1ff,2
4532.5,268.6345567703247,1.3943661971830985,0.7892669526697589,0.9728482506975746,15.056201550387597,9.246834449090423,115.42700258397932,46.89922271962025,59.82170542635659,34.4475608287213,11736.537072143512,329.5722908881863,0.4385802850351341,0.3257286381165004,B,grading/data_processed/potato/B/Potato_Sweet_1_r2_41__100.jpg,ffe3c1000181c3ff,0
4913.5,276.35028648376465,1.5,0.8085017906994805,0.9764507154213036,14.953506854758594,12.924970484739683,114.15736141466324,42.7604683491565,64.65348698589311,37.41210158469836,10672.31134884945,362.9069264069264,0.3311428361587291,0.2159924813735304,B,grading/data_processed/potato/B/Potato_Sweet_1_r2_190__100.jpg,ff8301000081c3ff,5
3739.5,255.72286903858185,0.52,0.718595122394075,0.9744625407166124,14.066458982346832,6.935487221239824,120.10358255451712,49.82930278494192,50.179906542056074,31.14231529383172,18574.609236649405,434.6123529411764,0.3568451633441102,0.2339092825858252,B,grading/data_processed/potato/B/Potato_Sweet_1_1__100.jpg,e7c38181818183c7,0
3739.5,254.551295876503,0.53,0.7252250171676117,0.9742086752637747,15.064398857439626,14.833307571968923,122.80550506361983,49.73271932448615,49.94936380160997,30.208249443543444,17801.800322392308,360.54769230769233,0.3693367713404238,0.2464736129160793,B,grading/data_processed/potato/B/Potato_Sweet_1_0__100.jpg,e7c38181818183c7,0
5022.0,281.76449954509735,1.375,0.7949027956680274,0.9741053244108234,15.282853810264386,6.785474258081655,114.83106531881803,41.5375380542152,66.3386469673406,38.57101990350212,10073.018606200898,346.8850623582767,0.3999710733540345,0.2643927739902341,B,grading/data_processed/potato/B/Potato_Sweet_1_r2_146__100.jpg,ff830100010387df,4
5055.0,282.5929275751114,1.356164383561644,0.7954418688142086,0.9752098003279638,15.741549159745023,13.419014937906391,112.78153370677998,41.67059004942324,66.77631833107978,38.57833589103064,10408.3793588489,344.86832541235674,0.410076040313026,0.2698769741547409,B,grading/data_processed/potato/B/Potato_Sweet_1_r2_147__100.jpg,ff830100010387ff,4
4571.0,275.27921879291534,1.639344262295082,0.7580087711700918,0.9679195341450504,16.78959710083138,17.080291988312034,106.315284587508,41.08492614423133,60.54316776806651,36.01812710835648,13165.86028583714,468.0132472263619,0.332105610915856,0.2180821182181449,B,grading/data_processed/potato/B/Potato_Sweet_1_r_190__100.jpg,ffc38101008081ff,2
4009.5,266.55129766464233,0.57,0.7091506078832238,0.9511327244692208,14.96874242791374,10.02447897735516,117.50860188999272,45.95838196083179,53.903077295856555,33.709182681763934,16872.67261668206,623.6655357142856,0.3668932173412145,0.2522200218326556,B,grading/data_processed/potato/B/Potato_Sweet_1_134__100.jpg,f1c18383838383c7,13
4821.0,273.76449966430664,1.4558823529411764,0.8083375145105827,0.9798780487804878,15.705810892893298,12.618497200498268,108.947762705001,40.9133191107691,63.525207531889045,36.861526588987054,11802.958452265832,363.15291116446576,0.3710483284056335,0.2552779696658971,B,grading/data_processed/potato/B/Potato_Sweet_1_r2_97__100.jpg,ffc301010080e1ff,6
4155.0,268.9360728263855,1.7543859649122806,0.7219095293945288,0.9571527297857636,16.000468274408803,17.927936595560627,110.02247717162255,41.38084235855775,55.460079606649494,33.69279778684115,14259.622476423516,409.672514619883,0.3780894401330537,0.2375103765151755,B,grading/data_processed/potato/B/Potato_Sweet_1_r_102__100.jpg,ffc78101000001ff,5
4422.5,274.6934322118759,1.694915254237288,0.7365142501966491,0.9636125939644842,16.333333333333332,18.6893733379939,106.95530603258476,41.744209467011,58.75429326287979,34.9303886958517,13591.36568948578,484.0214004451293,0.3314483486016523,0.2157495701335816,B,grading/data_processed/potato/B/Potato_Sweet_1_r_1__100.jpg,ffc38100008080ff,2
5974.5,303.6639940738678,1.225,0.8141882480963178,0.9724912509156018,16.798067474615134,19.270949002738103,107.28054372748116,36.541655263186186,78.49639698657059,45.29193151170761,5053.458951852745,434.67564432989695,0.3605995614585798,0.2084049567780756,B,grading/data_processed/potato/B/Potato_Sweet_1_r_55__100.jpg,ffc78301010081fd,23
3822.5,264.35028517246246,1.851851851851852,0.6873814242559071,0.9458121984411728,16.7202743902439,19.629592195512217,114.6209349593496,41.71819913375043,51.04420731707317,31.45720051772415,16011.035313580243,394.47250280583614,0.3957609797900775,0.2573682417981058,B,grading/data_processed/potato/B/Potato_Sweet_1_r_108__100.jpg,ffc78101000001ff,5
4441.0,266.10764598846436,1.639344262295082,0.7880902069027332,0.9739035087719298,14.737708516242318,13.535596435639912,119.21158911325723,45.03991018240847,58.8134328358209,34.772247247565744,13338.034563396935,385.2131147540985,0.3475889347582834,0.2405059735284776,B,grading/data_processed/potato/B/Potato_Sweet_1_r2_196__100.jpg,ff8301000081c3ff,5
4883.5,284.3502858877182,1.4558823529411764,0.7589859169790503,0.9619816802915394,16.42440583183543,15.4171030232527,112.39444777311763,42.62791571555035,64.32294787297784,37.1364214665173,10077.360534211257,379.51860744297704,0.4016658485112899,0.2427195027796129,B,grading/data_processed/potato/B/Potato_Sweet_1_r_141__100.jpg,ffc78180000101ff,2
4040.0,266.10764467716217,1.7857142857142858,0.7169296255945918,0.959733935146692,15.527075812274369,14.428042156661386,111.37496991576414,42.28245461133238,53.83176895306859,32.71627439775006,14472.8025481824,359.8782467532468,0.3798369433651873,0.2465343392624356,B,grading/data_processed/potato/B/Potato_Sweet_1_r_28__100.jpg,ffe38101000080ff,5
4292.5,265.17871260643005,1.639344262295082,0.7670838726521735,0.9765669434649072,16.24103495233772,13.05075831239355,113.85950975941896,42.04317657415995,56.75442578302315,33.53934244675349,13828.289793576994,368.8221559860904,0.3884591559174573,0.2653348517837162,B,grading/data_processed/potato/B/Potato_Sweet_1_r2_105__100.jpg,ffc381000080c1ff,2
3870.5,254.00714087486267,1.6779661016949152,0.753850250853758,0.9705366098294884,14.216943187531422,12.650499506541015,125.35444947209652,48.78432188625297,51.38185017596782,30.046599343725212,16910.27022892006,312.56675890695254,0.4305438376286521,0.3055763860583585,B,grading/data_processed/potato/B/Potato_Sweet_1_r2_30__100.jpg,ffe381000081c3ff,2
3886.0,256.5929266214371,1.694915254237288,0.7416914965313437,0.9659458115833954,14.181226533166456,12.300195791862128,123.50012515644556,48.64926130751178,51.46458072590738,29.877420569185972,16112.809439931052,252.88837527820576,0.4309479974396765,0.3081325477410476,B,grading/data_processed/potato/B/Potato_Sweet_1_r2_31__100.jpg,ffe381000081c3ff,2
3923.5,266.2081506252289,1.851851851851852,0.6957301500310348,0.9595255563707508,15.187871287128711,13.07287651663076,113.65866336633664,43.791942545139285,52.3279702970297,31.77129144741751,15755.95227105624,373.6358024691358,0.370166315047992,0.2392526309934206,B,grading/data_processed/potato/B/Potato_Sweet_1_r_17__100.jpg,ffe38101008080ff,5
3709.5,254.89444136619568,0.51,0.7174712617517269,0.9736220472440944,14.498168498168498,9.612092930378113,119.47619047619048,48.370450750880664,49.86865515436944,31.24690278691394,15945.13776897347,408.8981999999999,0.3596652574051919,0.2256760510111784,B,grading/data_processed/potato/B/Potato_Sweet_1_7__100.jpg,c7c38181818183c7,0
5764.5,298.1492749452591,1.3333333333333333,0.8148993895235818,0.9719271623672232,15.430244399185336,10.607164399600151,102.81059063136456,38.89697477740108,76.03190767141888,44.09595397599714,7569.049746773333,568.6705723905724,0.3253820430790752,0.1996580872696454,B,grading/data_processed/potato/B/Potato_Sweet_1_r_84__100.jpg,ffcf8101000081ff,5
3679.0,258.45079135894775,1.9230769230769231,0.6921240163208506,0.9488072211476468,16.12424162490108,18.465153092009107,117.17330519651809,42.887617117925394,49.19651806911105,30.372498780180557,19454.191905177515,353.47591297591293,0.3978186051960717,0.2562236641835195,B,grading/data_processed/potato/B/Potato_Sweet_1_r_114__100.jpg,ffc78181000001ff,5
3695.0,260.10764467716217,1.8867924528301887,0.6863064394276721,0.9493833504624872,15.851326503808773,16.351663463704583,116.91489361702128,42.89309753334699,49.260572629366955,30.140253150596653,19503.885824528305,349.1162569087097,0.4118971657365816,0.2684985536107795,B,grading/data_processed/potato/B/Potato_Sweet_1_r_115__100.jpg,ffc78181000101ff,5
5173.5,285.1787134408951,1.3066666666666666,0.79939256866662,0.97539592760181,15.72399471398905,9.803877056416646,112.2758164999056,40.99602386152711,68.24504436473475,39.17596539179114,8377.909190726088,334.43079037800686,0.4055577858738988,0.2666315915572872,B,grading/data_processed/potato/B/Potato_Sweet_1_r2_150__100.jpg,ff830100010387df,4
4247.5,268.3502856492996,1.694915254237288,0.7412063438919048,0.9657798999545248,16.11987164794866,17.575587761275013,111.94567957827184,42.13350458466329,56.41416456566583,33.664816540553254,12685.706695891984,413.4375963020032,0.3798916333892455,0.2466814299801946,B,grading/data_processed/potato/B/Potato_Sweet_1_r_35__100.jpg,ffc78301000080ff,5
4094.0,258.1076455116272,1.7241379310344829,0.7722465273797353,0.9774382237077712,15.92294887039239,11.83140619355976,113.02140309155769,43.487519424688415,54.207847800237815,32.43420612192066,15700.595356004756,329.2739463601532,0.384422655309215,0.2628724823227672,B,grading/data_processed/potato/B/Potato_Sweet_1_r2_118__100.jpg,ff8381000081c3ff,2
4136.5,260.00714004039764,1.6666666666666667,0.7689043964896797,0.9761651917404128,15.61149046385684,11.478780899588113,111.77513538968684,42.826051627185635,54.757004944666825,32.405161217542876,16755.08168863889,319.06767676767686,0.4031699731726422,0.2788235594207058,B,grading/data_processed/potato/B/Potato_Sweet_1_r2_127__100.jpg,ff8781000081c3ff,5
4454.5,274.3502850532532,1.6666666666666667,0.7437003669176605,0.9576480705148877,16.270500765361906,18.266872567664446,105.69735403455064,39.38856191799891,59.04876448720752,35.1757019513071,13263.776750666668,427.7301346801347,0.3512259300759555,0.2252835068505624,B,grading/data_processed/potato/B/Potato_Sweet_1_r_98__100.jpg,ffc38101000001ff,2
6042.5,303.1198378801346,1.0769230769230769,0.8264142612894413,0.9731840876147528,16.12188006482982,9.97671800433213,106.42998379254458,43.71498275025969,79.4776337115073,45.1483838714047,5521.064951665724,429.9759827801065,0.4134746379983943,0.2937217637974463,B,grading/data_processed/potato/B/Potato_Sweet_1_r2_50__100.jpg,ffc1c1800181c3e7,10
3832.5,257.8650047779083,1.7857142857142858,0.7242812003968698,0.9664607237422772,13.638184584178498,12.07847784823194,128.82454361054766,48.5357832701992,51.24163286004057,31.416922239666977,15599.027703954083,435.10137085137086,0.4000055697172218,0.2833586729150238,B,grading/data_processed/potato/B/Potato_Sweet_1_r2_19__100.jpg,ffe301000081c3ff,5
4027.0,265.48022866249084,0.57,0.7180044362237674,0.9591520781231392,16.16453558504222,13.963434816591471,116.1826296743064,44.54988867846196,54.047285886610375,33.46751384527102,15193.886715020006,597.9475000000001,0.3648668097767044,0.2472426383006733,B,grading/data_processed/potato/B/Potato_Sweet_1_129__100.jpg,f1c181818183c3c7,13
4007.0,266.30865573883057,0.56,0.7100004789253124,0.9667068757539204,15.980848484848485,12.9728246220326,116.03660606060606,44.455372167397066,53.6310303030303,33.37341503442052,14587.497056632654,509.04181818181814,0.3611904324114557,0.239389616378305,B,grading/data_processed/potato/B/Potato_Sweet_1_128__100.jpg,f1c181818183c3c7,13
3955.0,265.9655101299286,0.56,0.7025960569516366,0.9547374773687388,16.23722986247544,16.688075251137693,118.30304518664047,43.91460066796732,53.44867387033399,34.33682430209543,17447.883785204078,602.617818181818,0.3916344557686504,0.2476814136035001,B,grading/data_processed/potato/B/Potato_Sweet_1_41__100.jpg,8f8381818181c3e7,29
3849.5,260.20815002918243,0.56,0.7144509168075379,0.9630973229922442,13.728236184708557,6.112791104090135,127.53343426696946,49.235867602610575,51.64017158718143,32.11754875213712,17488.49154205995,575.2785454545456,0.3755047003833786,0.2653004222567065,B,grading/data_processed/potato/B/Potato_Sweet_1_184__100.jpg,f3c18181818183c7,0
5412.5,289.17871284484863,1.3611111111111112,0.8133456209135141,0.9704168534289556,16.731852654387865,19.61567721387673,108.72571325388226,38.85973228813273,71.19375225713254,41.16313830586126,6879.999941430654,383.54395761741125,0.358915552513357,0.2038051818010776,B,grading/data_processed/potato/B/Potato_Sweet_1_r_49__100.jpg,ffc78301010081fd,23
5280.5,285.5218586921692,1.380281690140845,0.8139658543241314,0.9688990825688072,16.186308973172988,16.388672939408394,110.02294172062903,39.72105595132586,69.47548566142461,40.23909578015475,8781.665905526372,348.7505445041382,0.356669796225925,0.2118217118638695,B,grading/data_processed/potato/B/Potato_Sweet_1_r_48__100.jpg,ffc78301010081ff,5
3728.5,261.03657817840576,1.8867924528301887,0.6876085619560286,0.9523627075351212,15.887298282144716,16.05254094643926,119.8206663196252,41.13181866623261,49.798282144716296,30.58454743096653,16756.652488287647,356.7634838955593,0.417079305405287,0.2615244912986818,B,grading/data_processed/potato/B/Potato_Sweet_1_r_120__100.jpg,ffc78381000001ff,33
3745.0,260.10764491558075,1.851851851851852,0.6955933994437975,0.9520783017668742,16.733990147783253,20.43991855777796,118.58102151931551,41.033968901129946,50.06118745138709,31.240474035828395,18153.440103703702,400.2369996258885,0.4298388429437002,0.2743917430285468,B,grading/data_processed/potato/B/Potato_Sweet_1_r_121__100.jpg,ffc78380000001ff,20
