area,perimeter,aspect_ratio,circularity,solidity,hue_mean,hue_std,sat_mean,sat_std,val_mean,val_std,laplacian_var,glcm_contrast,glcm_homogeneity,glcm_energy,grade,path
29728.0,1719.661029100418,1.3333333333333333,0.12632516015808629,0.674081380451912,82.81394586801233,26.468648312494864,215.95592764925618,46.91471295573703,81.69919391834327,48.21586391158441,268.1194188843171,186.83247549019606,0.6678147660923175,0.37383481038598887,A,grading/data_processed/banana/A/Banana_Good__IMG20200729190248.jpg
26086.5,1872.2610955238342,0.956,0.09351749220790141,0.4924071539804634,30.811645362663494,36.06817134515378,43.36846016646849,63.016164181612424,57.048714328180736,36.22179759849295,3829.0032669612924,293.97581512605035,0.613797346258157,0.5453483870113437,A,grading/data_processed/banana/A/Banana_Good_IMG__8535.JPG
35828.5,1302.9919819831848,1.0253164556962024,0.2651886935718296,0.8670877651528902,93.30128786006536,45.53245545553729,63.17420435510888,41.28068197511227,72.80069747645331,42.96723206833207,2123.5811353030385,214.70626285873695,0.49605651952344504,0.3665972804677165,A,grading/data_processed/banana/A/Banana_Good_IMG__8521.JPG
43055.5,1361.0163668394089,1.0,0.29208671568713107,0.8195193909112539,54.81083804768558,46.681467941762584,99.40331188016765,58.433200767630815,94.24454318499347,63.38930927722179,904.4328445398714,167.20116421568628,0.5019451892523461,0.3306615678224008,A,grading/data_processed/banana/A/Banana_Good_IMG__9159.JPG
34875.5,1893.893565773964,0.9921875,0.12218535908877276,0.5954600556608445,61.004646866164656,47.12632844852588,97.24603196819976,53.47015510987282,75.54880609131372,47.61286252813191,1180.2396232136214,180.03257781620553,0.590693125208039,0.4472160042447301,A,grading/data_processed/banana/A/Banana_Good_IMG__9171.JPG
26577.5,2354.5596449375153,1.1962616822429906,0.06024272358820032,0.5817172999474698,58.16721620348564,62.92965230374379,46.445777020906554,69.34651427045455,59.47443747961883,37.87971933996605,3165.173197301884,431.79847901777526,0.5621612699720884,0.4895375179562433,A,grading/data_processed/banana/A/Banana_Good_IMG__8509.JPG
34511.5,1903.4082823991776,0.9921875,0.11970431073771055,0.5904650287434985,59.96171355860314,46.664435305845146,97.03011452000565,53.006731505015175,74.83175455959282,47.230559729515086,1203.2013400705346,179.72985116106722,0.594792258675024,0.45335255488659953,A,grading/data_processed/banana/A/Banana_Good_IMG__9165.JPG
23561.0,1325.6021535396576,0.9142857142857143,0.1684911837156545,0.7382537717965189,82.7918754399768,77.39189761619899,74.34581142076277,62.66131036378725,65.83092467597002,41.060302376099116,851.3651595544179,234.72266267763655,0.5242689716643489,0.3975430816233623,A,grading/data_processed/banana/A/Banana_Good_IMG__9398.JPG
35643.5,1137.7127641439438,1.0,0.34603891834848066,0.853164344870506,116.57047666445477,68.58303565105403,85.09046671090466,58.83549255762231,72.91014156160142,44.029890073278004,645.6154732366558,92.27771139705884,0.5905457487838368,0.45028128652953203,A,grading/data_processed/banana/A/Banana_Good_IMG__8938.JPG
36262.5,2171.59918820858,0.9765625,0.09662917342578205,0.6740241635687733,20.65143455834945,18.173825746910264,112.80034386417366,73.4785050089887,91.16502793896412,70.11502309344205,840.2524478493652,234.54425514558233,0.5328318149162751,0.4138707939081962,A,grading/data_processed/banana/A/Banana_Good_IMG__8910.JPG
38540.0,2164.2438489198685,0.9609375,0.10339729818523692,0.709662569626663,55.77151102447915,51.45504583227936,108.3358479102853,70.84795576180971,91.6116497481204,67.58980976517034,814.8069715034042,237.15149872448987,0.495768139235642,0.3682354559563451,A,grading/data_processed/banana/A/Banana_Good_IMG__8904.JPG
22113.5,1268.7909712791443,0.96,0.17261844126404063,0.7464598558625462,58.96274578961291,69.74624655416028,71.23807424389383,67.89789322487846,59.931355259677275,35.40535302775529,965.5733447204591,220.58065445026176,0.5337937832331278,0.4045476902763847,A,grading/data_processed/banana/A/Banana_Good_IMG__9429.JPG
30675.0,1848.8468817472458,1.25,0.11276973117268103,0.7683637046778132,79.55648004064912,47.81438654837213,83.85493346883038,40.49328931562259,63.336625488265746,38.09166325185783,882.10832013148,229.78525641025647,0.47761075990052015,0.2819133209996613,A,grading/data_processed/banana/A/Banana_Good_IMG__8737.JPG
34085.5,3307.5932542085648,0.75,0.03915212495076678,0.7293044055031346,31.818616961369525,31.141065354533836,99.99524158125915,71.77120700430675,113.65356459060705,75.51418469219132,12819.602392805946,1553.713248527487,0.31773268243919606,0.2599122545795714,A,grading/data_processed/banana/A/Banana_Good__IMG20200730132211.jpg
31827.5,2311.1382932662964,0.9212598425196851,0.07487908415812508,0.6532604010590916,28.00018265952265,21.918321342835824,65.16859473940575,71.98459201897002,67.58895518753044,41.47396324393991,2219.0010154278198,473.5490689736745,0.5143457858035075,0.43741765584347375,A,grading/data_processed/banana/A/Banana_Good_IMG__8723.JPG
23326.5,1399.4772639274597,0.75,0.14966758461518564,0.6335623879624097,39.09611050830482,61.23960478006717,72.89404056422669,55.508030704633356,62.977213922043234,36.486132409801584,273.65812162392666,188.1166353075916,0.6971403280237496,0.5106628842643339,A,grading/data_processed/banana/A/Banana_Good_IMG__9415.JPG
21994.0,1049.3279883861542,0.8571428571428571,0.2510103163868024,0.7088436251128013,48.43262001156738,64.74772629844303,62.24393824798683,59.264744106105645,60.88615028696,35.59671992840947,1176.753702721628,181.0873223635004,0.5788961356935055,0.4751056255911508,A,grading/data_processed/banana/A/Banana_Good_IMG__9373.JPG
20965.5,980.5411916971207,0.9846153846153847,0.274020719794455,0.8045705733364034,39.321423567325205,61.309258530745986,69.00135444397739,61.795703946434195,58.303722385689596,34.15981958637242,938.8970844455117,160.51985501409587,0.5678347429102741,0.42830548207879465,A,grading/data_processed/banana/A/Banana_Good_IMG__9367.JPG
23458.0,1303.4356322288513,0.8458149779735683,0.1735088644770211,0.6941263500517828,117.2160588797871,50.60934670154104,71.49278556280926,54.490958361487536,64.72689093101584,37.92382804149519,568.291414246778,187.19134165186713,0.5646643362676474,0.444260618549095,A,grading/data_processed/banana/A/Banana_Good_IMG__9401.JPG
33470.5,1278.2468149662018,0.71484375,0.2574202013256065,0.851439182915506,22.648237367802587,14.448833905924163,119.56980023501762,75.23503754307666,76.50431844888367,54.9000446718429,917.5959419219276,333.97817221840666,0.38105847050339975,0.2660100630653074,A,grading/data_processed/banana/A/Banana_Good_IMG__8858.JPG
35193.5,1335.6782742738724,1.0,0.2478954752463852,0.8253635084427767,29.75709497206704,19.705440999093298,105.5072625698324,77.44810014074982,79.62851955307262,57.650561365359984,1401.0793606077787,221.04874387254904,0.5466191001334264,0.4515222990255493,A,grading/data_processed/banana/A/Banana_Good_IMG__8680.JPG
31710.5,1868.6286257505417,0.9549180327868853,0.114121365307173,0.7016916898089243,71.5317775112997,47.45017823146067,90.86298926913261,67.12764252611147,65.14669618423885,38.141787625143856,634.2092216401111,313.31681034482756,0.5363872199958084,0.417368251310099,A,grading/data_processed/banana/A/Banana_Good_IMG__8694.JPG
37689.0,1551.317883014679,1.0,0.1967989970068999,0.771280351168002,24.123795384695526,26.880119592552838,110.20810543314059,66.30902609484441,84.18190342240975,59.95309925421983,1285.8924744387623,197.65393688725487,0.5422135858449252,0.4128930734525651,A,grading/data_processed/banana/A/Banana_Good_IMG__8864.JPG
37824.5,1705.2417632341385,1.0,0.16345986614177777,0.7595967507104056,24.39613401394035,27.70848630067439,109.74705257430104,67.04903080577203,84.91793848625399,60.71788789542051,1246.7437601496931,222.12291666666675,0.5408976079565919,0.4087237330593383,A,grading/data_processed/banana/A/Banana_Good_IMG__8870.JPG
32633.0,1200.1808007955551,0.80859375,0.28469085371758995,0.8484588484588484,26.973567618071673,20.06874755668299,89.36125259953585,71.05271042437352,70.67422164622201,49.07831704354754,760.2613457527491,145.6084079186893,0.514161594488479,0.37229881273492993,A,grading/data_processed/banana/A/Banana_Good_IMG__8643.JPG
29456.0,1719.508785367012,0.9956331877729258,0.1251914982729509,0.6928052308488369,28.976074655018365,14.876674827355574,111.89238558522784,68.85987933594755,65.26499884178828,46.96477677398164,868.412670582445,188.23088317334506,0.5787581167843737,0.41692375554486694,A,grading/data_processed/banana/A/Banana_Good_IMG__8657.JPG
39404.5,1939.148395895958,0.9375,0.13168417721888526,0.697048495944667,70.16899274858449,48.35894887130823,97.18433992251911,55.03730835113911,83.82206715009437,53.288123174861916,1415.3834635247124,284.95235682531387,0.45873243476796244,0.3391217698156301,A,grading/data_processed/banana/A/Banana_Good_IMG__9207.JPG
35529.5,2370.309867143631,0.93359375,0.07946734637211803,0.6347954261211364,73.03652268999453,49.39966143793698,99.45125751776928,57.46915593970425,74.72258064516129,45.919930774433304,1425.8723120457405,304.5459887079832,0.5067392708188145,0.39575974951082726,A,grading/data_processed/banana/A/Banana_Good_IMG__9213.JPG
25859.5,1737.2905323505402,1.4628571428571429,0.10766761221606966,0.7146074557161411,92.86213373403456,48.08129152483683,81.8168294515402,68.56213129343577,57.00837716003005,36.00986650622426,2382.731871898418,324.38816806722696,0.5059549115599025,0.39857577738120004,A,grading/data_processed/banana/A/Banana_Good_IMG__8482.JPG
28042.0,1651.2001328468323,0.984375,0.12924668689449975,0.5914910670969648,41.2577552367388,53.430544919970075,41.515163094452355,67.48697573058499,61.565672004724355,38.58044736282734,3330.877318121078,268.4087400398406,0.6239459823121609,0.551272512077276,A,grading/data_processed/banana/A/Banana_Good_IMG__8496.JPG
36206.5,2477.1281858682632,0.984375,0.07414800093332069,0.6907330567081604,68.69826453153081,50.56494516256309,94.43534239961375,58.21569043503911,81.38861618518817,54.595321874574395,1663.6564958300391,356.56970555278883,0.5214709234159093,0.41415859069709515,A,grading/data_processed/banana/A/Banana_Good_IMG__9039.JPG
39603.5,1861.7169386148453,1.0578512396694215,0.14358733419236897,0.7776675961198601,55.79359228104899,49.76664320966033,105.53755566551212,64.37368677109495,86.86472043542801,59.01477860920505,803.2555843259736,235.98246637497977,0.523175067868809,0.3430164081590462,A,grading/data_processed/banana/A/Banana_Good_IMG__9005.JPG
31238.5,2310.843916416168,1.0711297071129706,0.07351209689094756,0.6417968709872929,67.59983247502637,53.10117562362796,103.12331699447788,63.335069117943405,64.52810696779798,37.93214202028132,1102.683120340199,266.9573385839692,0.5687587605035394,0.46495677862581836,A,grading/data_processed/banana/A/Banana_Good_IMG__9011.JPG
30677.5,2374.5007708072662,1.0534979423868314,0.06837308866131225,0.6233807138575334,69.78021700731769,54.6269332309611,98.57194675750694,72.52734217975295,63.96044663133989,37.780360168160044,1171.5470113148465,285.93623819898323,0.5782562703842931,0.48205824947003206,A,grading/data_processed/banana/A/Banana_Good_IMG__9010.JPG
39854.0,1839.6753081083298,1.062240663900415,0.14797877294790504,0.7796242138518569,55.80623662789268,49.992652323503485,105.20032953790916,64.91907987634886,87.70289944175295,59.72945499515305,752.637759817605,239.19010658205195,0.5153626171514082,0.3364963216379771,A,grading/data_processed/banana/A/Banana_Good_IMG__9004.JPG
36694.5,2368.0154893398285,1.0040650406504066,0.0822321718745044,0.7150345392012627,66.59797449561229,50.90644142079673,95.72446247249397,61.44619139740072,82.3673215090538,55.32028264242154,1625.4412519303346,371.19107343512457,0.48820276231918713,0.37145602554265705,A,grading/data_processed/banana/A/Banana_Good_IMG__9038.JPG
27848.5,1931.148396730423,0.9759036144578314,0.09383835286320441,0.5897544498681717,94.85063396962519,44.55345747088115,41.01550090567089,62.70822082779527,61.74122195903581,38.394751965217985,3442.7328586137132,343.87188423113935,0.5943856669861942,0.5201007258469795,A,grading/data_processed/banana/A/Banana_Good_IMG__8497.JPG
24419.0,1510.5382244586945,1.4628571428571429,0.13448514005292578,0.6829629836803759,90.4798245614035,46.797445962514246,91.2066985645933,65.99888008167315,54.1183014354067,34.595825360324596,2542.8121062216005,258.2609075630252,0.540684568913125,0.43458646176029625,A,grading/data_processed/banana/A/Banana_Good_IMG__8483.JPG
38871.5,1936.8052508831024,0.9296875,0.13021747088533897,0.6976345591270482,69.91883321168801,48.601202082457704,97.22701532730979,56.35769847570413,82.7791256638059,52.70428460242852,1346.5138135863838,276.59325553797476,0.4632794202737767,0.3425777039219271,A,grading/data_processed/banana/A/Banana_Good_IMG__9212.JPG
39955.0,1951.0478937625885,0.93359375,0.131900104037892,0.6977028454681183,69.90439213188644,48.69151242237168,96.23192807975896,57.68463349585406,85.37591553780956,54.37100097261608,1311.9726733079162,283.1877790178572,0.4490690282779181,0.32781419992815813,A,grading/data_processed/banana/A/Banana_Good_IMG__9206.JPG
29567.0,1694.1950805187225,0.9869565217391304,0.1294464941180741,0.6916499994151841,29.65404531811735,16.859512363661754,112.75965566146641,68.7739211113763,65.4426927009466,46.86725722098999,845.5495891611826,190.08332050788763,0.5830611200511214,0.4156509389539259,A,grading/data_processed/banana/A/Banana_Good_IMG__8656.JPG
32798.5,1144.1391696929932,0.8125,0.31485176942899773,0.8499663107701876,26.05486194477791,16.48893706062021,88.82265906362545,70.59183164821832,70.9140456182473,49.246498777642365,746.1134019599865,138.17145984299518,0.5147050790288951,0.37332654427989803,A,grading/data_processed/banana/A/Banana_Good_IMG__8642.JPG
37553.5,1679.0996288061142,1.0,0.1673814602719078,0.7705811138014528,24.31262561666362,27.33930732504535,109.82127848398632,66.37921776123233,84.7819947273629,61.02693923390853,1253.98641750752,218.55451899509802,0.5450162731555317,0.4133622291099721,A,grading/data_processed/banana/A/Banana_Good_IMG__8871.JPG
37895.5,1598.8742312192917,1.0,0.18628114528319706,0.7665257494235204,23.786184040184352,26.154442207403548,108.63142768370359,65.85932693522113,84.55600434985242,60.085947789043615,1230.6220655532088,208.52060355392157,0.5377604212139588,0.409081128714724,A,grading/data_processed/banana/A/Banana_Good_IMG__8865.JPG
31167.0,1873.1555359363556,0.9471544715447154,0.11162389808223881,0.7063262739232417,68.68574287769334,45.377976392474636,96.61215873909373,55.68817619424991,64.21987678644025,37.88866862440031,596.6275768354818,293.3778385197645,0.5532452097992911,0.4308714209712712,A,grading/data_processed/banana/A/Banana_Good_IMG__8695.JPG
35168.5,1418.1046808958054,1.0,0.21975923175757348,0.8253482122950916,29.903769896676906,20.28812867337636,104.49480592013404,77.21522153422607,79.68422228427814,57.735853644188204,1362.3049571476877,233.4891544117647,0.5470775889154089,0.45089384440399166,A,grading/data_processed/banana/A/Banana_Good_IMG__8681.JPG
33598.0,1212.5483304262161,0.66796875,0.2871608127466958,0.8814439751292075,22.953835788980346,15.90812659953203,118.50815782536102,75.38917929003203,76.55508362869446,54.798584719249654,839.4082542595029,346.83380055147063,0.33588167593113555,0.2130829823851977,A,grading/data_processed/banana/A/Banana_Good_IMG__8859.JPG
21021.0,962.3574253320694,1.037837837837838,0.28522686799556274,0.808951145831329,48.90420724036714,67.26596475866333,70.91837115035177,61.1527734140764,57.93998974980199,33.92135436580895,895.6197029461895,160.52822980048114,0.5323446562397611,0.39609125114870125,A,grading/data_processed/banana/A/Banana_Good_IMG__9366.JPG
23777.0,1270.548330783844,0.7868852459016393,0.18509067612474409,0.6528376486093188,107.97613669035199,64.41941521160398,64.78625703372079,61.42300702631675,68.26188031379635,40.94785908392363,705.2001968320455,198.3396704145567,0.587437655794982,0.47666515747933674,A,grading/data_processed/banana/A/Banana_Good_IMG__9400.JPG
23283.0,1441.317882657051,0.75,0.14084104933811156,0.6312065389776748,35.77491329962813,58.06405607051596,73.43224836000502,54.92207224408558,62.9547904566916,36.44500941884171,289.29682558733555,194.36812827225137,0.6965033609903742,0.5106654503925071,A,grading/data_processed/banana/A/Banana_Good_IMG__9414.JPG
22518.5,1072.8843375444412,0.8648648648648649,0.2458348851355046,0.7385899601489087,49.49163443570466,65.13399110424506,61.912346269175615,59.77630071867784,62.25122767372126,36.4318581139931,1155.579855874997,193.3905947832649,0.5642297160473098,0.4588247941831229,A,grading/data_processed/banana/A/Banana_Good_IMG__9372.JPG
30617.5,2332.937282562256,0.921875,0.07069251998990587,0.6544648105595041,27.652752322568414,19.907313111402168,65.41616634013778,71.23607713618,65.66931049737724,40.808645940115575,2222.381037728809,447.1627825797872,0.5433538854889134,0.4657217652918715,A,grading/data_processed/banana/A/Banana_Good_IMG__8722.JPG
30117.0,1782.9057565927505,1.2648648648648648,0.11905970401170722,0.7623013060645946,78.34931883635893,48.01454738862361,83.78406627188299,40.82586821122395,62.314338413746235,37.61893973289009,910.3581272727497,221.51038162626148,0.48038730906236166,0.28074637419809034,A,grading/data_processed/banana/A/Banana_Good_IMG__8736.JPG
22118.5,1249.6782732009888,0.9458128078817734,0.17797913706019713,0.7308156151393501,59.24023454721806,69.81638595056629,69.93404461687682,66.5145377232654,60.17154571907239,35.65935143354793,977.9977586913618,202.38163154772653,0.5398110745697122,0.4153357834259071,A,grading/data_processed/banana/A/Banana_Good_IMG__9428.JPG
38168.0,2098.1017141342163,0.96875,0.10895726429220183,0.7031881868511474,55.16828644501279,50.809059011424985,107.25774936061381,71.48667008645508,91.58184143222506,68.33796994160355,872.2471973010329,229.0031471406883,0.5046748492416083,0.37987423056598496,A,grading/data_processed/banana/A/Banana_Good_IMG__8905.JPG
36415.5,1729.5849083662033,0.91015625,0.15297214873820528,0.7452113944255719,47.14114041454956,46.72453494228309,122.6555636207221,71.75630015818169,80.45656907815146,55.698799758363464,450.0045312032194,253.3912984913793,0.5244053111273553,0.3702547293058819,A,grading/data_processed/banana/A/Banana_Good_IMG__8911.JPG
24361.5,1247.5361386537552,0.8067226890756303,0.1967014761811231,0.6794355119856089,109.42088582203321,65.58381599723258,63.91089625290861,63.13267155210738,68.08729840327369,41.16547980846859,774.8264164562116,214.8556249725021,0.5603180336706806,0.4513832914630697,A,grading/data_processed/banana/A/Banana_Good_IMG__9399.JPG
35763.0,1305.4945087432861,1.0,0.26369002895672994,0.838572014772261,95.6567106710671,78.92121495541215,85.98817381738174,60.921240096578266,73.70134763476348,45.198304634778836,712.8678894406185,114.71193321078434,0.5873595800276052,0.44647613728236224,A,grading/data_processed/banana/A/Banana_Good_IMG__8939.JPG
41041.0,2561.12104678154,0.75,0.07862625454369157,0.8440134907251264,84.62693821423491,43.70350523128075,78.68694580112854,59.659008681872685,121.37502963630328,73.74400541217892,12810.484956224345,1817.9917784685863,0.1790446868227217,0.12983325238606402,A,grading/data_processed/banana/A/Banana_Good_IMG20200730132047__01.jpg
34782.5,2006.1189609766006,0.9921875,0.1086068686762672,0.5964793442285596,59.59724752641758,47.096729293930785,98.95408806794293,53.52794797227515,74.1109398211733,46.93087429905882,1192.6991705430019,193.5209980237154,0.5894960590245257,0.44720259296540243,A,grading/data_processed/banana/A/Banana_Good_IMG__9164.JPG
34807.0,1893.307777762413,0.9921875,0.12202084250185277,0.5959847609263302,61.43038649239917,47.121091697377814,97.67515566275874,52.692895079057415,75.29620799910248,47.34380682802058,1231.5306711799412,182.83734251482215,0.5909042053869815,0.44872743297893075,A,grading/data_processed/banana/A/Banana_Good_IMG__9170.JPG
27289.0,2104.4103717803955,1.2307692307692308,0.07743487794962695,0.6116621277835681,89.19767441860465,46.73372111687193,66.38354367555303,62.895327562460494,59.18143788996029,36.71180909658408,2294.4713158886107,298.60682503770744,0.5545760647855236,0.46474150263865516,A,grading/data_processed/banana/A/Banana_Good_IMG__8508.JPG
27578.5,1958.5108752250671,0.9142857142857143,0.09035007767354042,0.6729253592953176,87.92063603743053,44.413437158457576,84.84774502216281,54.48052234006802,58.348378245268414,36.04076265164739,2100.259071144623,249.06905829596414,0.5752283460602454,0.4739289786676437,A,grading/data_processed/banana/A/Banana_Good_IMG__8520.JPG
43067.5,1401.7859194278717,1.0,0.27542042227850716,0.8177476930087723,54.598448086431056,46.65294390333789,99.92274766526278,59.94041406485315,94.9352453763047,64.35498565003459,872.09025787469,174.32296262254903,0.5028955701070383,0.33014092690879776,A,grading/data_processed/banana/A/Banana_Good_IMG__9158.JPG
28850.0,1759.0823819637299,0.77734375,0.11716106845222654,0.6807777620463448,27.064307162859745,23.62766860969404,55.31691352609737,70.1205736022666,61.774317622052024,38.61115114792444,3059.9470980626816,379.7393860479799,0.5073964026342681,0.4110301367669857,A,grading/data_processed/banana/A/Banana_Good_IMG__8534.JPG
39287.5,2917.471332669258,1.0,0.05800308105745376,0.6162890107218209,67.38875883990833,47.67394059211566,100.90247147820516,58.8731170363073,84.3561836236848,52.842855287585365,1717.2075312426314,401.633900122549,0.4665597162663299,0.37107089339806704,A,grading/data_processed/banana/A/Banana_Good_IMG__9199.JPG
35899.0,1343.862039923668,1.0,0.24979448280304714,0.8679222474735264,93.45945649791804,45.47407764619083,66.3756026736796,38.52447952220765,72.93482905982906,43.12425918407947,2157.0244236430867,215.859239791175,0.48711633013593797,0.3492031908075403,A,grading/data_processed/banana/A/Banana_Good_IMG__8522.JPG
26487.5,1791.4082835912704,1.0161290322580645,0.10371980164820664,0.4910912933847523,28.76562213670515,33.309285894380665,44.660546087593914,64.92120087313324,57.985156679494224,36.87945038463403,3830.434034413891,276.9491389281582,0.6244588666880954,0.5595355250432182,A,grading/data_processed/banana/A/Banana_Good_IMG__8536.JPG
35091.5,2025.290533542633,1.0,0.10750709610079223,0.5989179317819138,59.945716190687854,46.84834367956065,97.68385376152906,52.887820678959876,74.69946660740082,47.13079615918492,1243.262588441372,199.83314950980392,0.587825074607789,0.44724155270116167,A,grading/data_processed/banana/A/Banana_Good_IMG__9166.JPG
35042.5,1896.2367095947266,1.0,0.12246721625738397,0.594944015755384,60.65201159032654,47.03451870326884,95.10264125710465,53.54209442218748,75.85350495932241,47.92817764112509,1117.2343876799569,183.63092830882354,0.5906687343171534,0.44910941667482673,A,grading/data_processed/banana/A/Banana_Good_IMG__9172.JPG
37635.0,2190.6702563762665,0.95703125,0.09854798778426274,0.7129798903107861,55.80367828001554,48.747448852824,103.34259810905323,71.0732876765064,89.54226136510815,66.68009217459496,863.3939876522396,245.496349897541,0.5032566646279076,0.379006349369221,A,grading/data_processed/banana/A/Banana_Good_IMG__8907.JPG
36778.5,1503.0163677930832,0.9296875,0.20458625690162555,0.7593450949220081,49.1683086370311,47.23948280141702,119.57896142037112,71.19526438873349,81.83948738486184,57.11018585107544,482.926049707064,221.98892405063287,0.5314025925674175,0.3810498487833279,A,grading/data_processed/banana/A/Banana_Good_IMG__8913.JPG
31051.0,2374.978911280632,0.91015625,0.06917767154190961,0.6478473591420733,28.73776365392404,23.493090077441217,64.529613359504,70.75307377377658,66.34997040221828,41.042934494978134,2323.818093182784,471.71780711206895,0.5273741101691818,0.4512390981724083,A,grading/data_processed/banana/A/Banana_Good_IMG__8720.JPG
20354.0,1069.6122586727142,0.9795918367346939,0.22356658391251982,0.70715352812424,31.74720529674231,49.92741602203681,62.63867965264117,59.93367485790652,56.707479729405556,33.41379464669584,1441.8405127831836,178.14673041991668,0.5693189925430253,0.4447026481077207,A,grading/data_processed/banana/A/Banana_Good_IMG__9358.JPG
30259.5,1914.3443549871445,1.2473118279569892,0.10376036424516688,0.7747622034744537,78.31428663301071,48.004996605609236,83.88353323257982,41.626984262038135,62.36608894176662,37.32199768957304,808.9604396011558,233.72201275427085,0.47658415504570484,0.27276256013952177,A,grading/data_processed/banana/A/Banana_Good_IMG__8734.JPG
22939.5,1120.7422014474869,0.9186602870813397,0.2294998259362202,0.7220150134554554,120.1517179640208,45.96848379138627,71.85062665188848,47.4041379791268,63.05592974678148,36.99877099770036,460.0978593772803,151.40709937623694,0.5626712541939972,0.41466344785991244,A,grading/data_processed/banana/A/Banana_Good_IMG__9402.JPG
20601.5,987.0853476524353,1.0158730158730158,0.26570473637987774,0.7671383355054925,37.905861119027264,57.346832776058164,66.94632848864823,61.099381997206066,57.19758715683481,33.590557387714476,1088.1196330655157,186.2594808720463,0.5382397666398492,0.4185152798808972,A,grading/data_processed/banana/A/Banana_Good_IMG__9364.JPG
21587.5,1237.5950142145157,0.8767123287671232,0.17711490577059646,0.7042540697484748,44.834191043698084,61.96998378699528,64.36091549295774,59.51108868780124,60.8663777537017,36.12823285212394,1247.7462803956998,231.7316933228143,0.575212667138163,0.46946094176987846,A,grading/data_processed/banana/A/Banana_Good_IMG__9370.JPG
23345.5,1366.9919826984406,0.758893280632411,0.15699329655763106,0.6394800997069056,37.75552866560961,60.545131542123826,72.29095385128933,55.605319939352256,63.01969456730368,36.52834834759992,280.3912623068733,189.0958549758914,0.696370925433291,0.5045184333979832,A,grading/data_processed/banana/A/Banana_Good_IMG__9416.JPG
39017.5,1125.3696177005768,1.248780487804878,0.38714970346057964,0.9163770022077129,26.565878335651956,19.50131811227979,91.39208296446186,70.57012534114781,84.08663209814088,55.67293473218094,695.9906638301235,164.3674988043998,0.42214490196505733,0.2462789790086397,A,grading/data_processed/banana/A/Banana_Good_IMG__8708.JPG
31372.5,1884.7118865251541,0.927710843373494,0.11098621808699409,0.7022148109184918,68.52979556328839,45.08075148184845,95.39868265705586,56.10577081661008,64.64347853103834,38.18230719186234,621.7616205348013,302.2371573249519,0.5496905413341379,0.429167237089469,A,grading/data_processed/banana/A/Banana_Good_IMG__8697.JPG
35169.0,1317.2934985160828,1.0,0.25468583249832183,0.8243829258573404,29.971511644161144,19.9123860045935,105.94626631999776,78.25704634743109,79.71805194442115,57.81370019335565,1354.623050780734,216.08484987745098,0.5492477698948032,0.4520599262985656,A,grading/data_processed/banana/A/Banana_Good_IMG__8683.JPG
37981.5,1667.5849083662033,1.0,0.1716350828897023,0.7567543335325763,25.164747495610865,28.147149956290615,108.35149230610348,67.47442261258897,85.18671899204791,60.92574235908634,1220.0254022991285,219.71781556372554,0.5392156773624408,0.40697368519660543,A,grading/data_processed/banana/A/Banana_Good_IMG__8873.JPG
37705.5,1573.359512090683,1.0,0.19140735769036857,0.7632228812015465,24.0402936123692,26.961925608018234,109.6932427507939,66.49781845347627,84.61354052787756,60.47037352404726,1243.9173031290993,201.58203125,0.5433464961876485,0.41224108724399827,A,grading/data_processed/banana/A/Banana_Good_IMG__8867.JPG
29386.0,1670.5382249355316,0.9956331877729258,0.13232365954254133,0.6889712088530432,29.350682112390878,15.722457603697794,112.57964616457,68.02261729945792,65.18153151657981,46.951877985389885,938.8039101281646,182.61108439297456,0.5830046888306588,0.41953614333693545,A,grading/data_processed/banana/A/Banana_Good_IMG__8654.JPG
41539.0,1450.0285594463348,0.94921875,0.24826345159280658,0.819794750345372,57.16369153450442,47.92733990520677,95.95562193300619,55.05933355751373,90.90164284190314,61.244398489202425,920.6660069920742,218.8464294938017,0.4528566021100755,0.31918778236028744,A,grading/data_processed/banana/A/Banana_Good_IMG__9238.JPG
34205.0,1881.1412581205368,1.0534979423868314,0.12146653460339109,0.6599396108468951,29.034169994295493,20.569658940295955,90.51525955504849,72.51843616254645,77.03873359954363,54.30111515123563,1188.8225623683809,210.34797062858067,0.5538344036555531,0.4337796371122331,A,grading/data_processed/banana/A/Banana_Good_IMG__8640.JPG
31354.5,1755.4671576023102,0.85546875,0.12785694581265059,0.6685109376998849,31.10448364914901,47.438987639606175,116.59578705000156,71.05628566993832,63.88543514110582,37.196349853970226,180.11266982913557,239.87867330848624,0.5872139111317555,0.4218890125458209,A,grading/data_processed/banana/A/Banana_Good_IMG__8898.JPG
30425.5,1473.619399547577,1.021097046413502,0.17606657969683187,0.7054370507767216,65.97170054026242,43.43029965335839,95.17812580396192,50.55570480857988,64.20015436068948,37.89831434890129,577.8005707757605,113.90339128455626,0.6230288145058995,0.45557934732471833,A,grading/data_processed/banana/A/Banana_Good_IMG__8668.JPG
46375.0,1274.9503524303436,0.97265625,0.3585149249142417,0.8222882219956559,63.709752305496984,47.8389606006662,92.5083381253594,52.79537385160112,96.82226907758823,59.72574529054668,1502.990418203773,227.6282919606855,0.3957179762646866,0.2611179230937812,A,grading/data_processed/banana/A/Banana_Good_IMG__9210.JPG
36871.5,2357.4814385175705,0.93359375,0.08336890662709008,0.6444263842281879,74.02719168688681,48.79299791319832,100.24208777297183,56.161897603149086,77.48786791855682,47.64881005406707,1405.388640062638,319.10592830882354,0.4900439864617877,0.37380014754204005,A,grading/data_processed/banana/A/Banana_Good_IMG__9204.JPG
28076.0,1682.1118195056915,0.984375,0.12469107607605495,0.593491380677074,40.40833882548822,53.23956403708582,41.77404696659614,67.84536730884504,61.57709251101321,38.570085027301694,3213.919915412409,283.20279818227107,0.6222119542514334,0.5504627151814568,A,grading/data_processed/banana/A/Banana_Good_IMG__8495.JPG
25906.5,1805.5159281492233,1.5058823529411764,0.09986560998706125,0.7315327271700457,44.83628053349318,53.399507847972664,67.12217143713472,80.34089071995392,56.863704480743294,36.221086567457625,1892.462155837749,363.7466666666668,0.490595988460457,0.3786136583509765,A,grading/data_processed/banana/A/Banana_Good_IMG__8481.JPG
30158.5,2346.299761414528,1.0987124463519313,0.06884186197958886,0.6162152774230458,70.30945200205339,54.047253694454504,99.26925051334702,71.5588694235428,62.77297227926078,37.01719987029561,1096.6454095718013,293.7864344020871,0.5696174762740127,0.46859183510276103,A,grading/data_processed/banana/A/Banana_Good_IMG__9012.JPG
39410.5,2048.2266043424606,1.0578512396694215,0.11804994879978023,0.7769366492198204,58.27622993524698,50.5876814567317,104.29178554593494,64.89476076845803,86.317463467884,58.41359309802578,842.3318052933471,265.12824501701505,0.5185181260046443,0.34386892659772195,A,grading/data_processed/banana/A/Banana_Good_IMG__9006.JPG
39097.0,1882.444859623909,1.0666666666666667,0.13864645534152972,0.777972341060591,58.117854816892944,50.49096573336238,103.64633535394019,64.2858124963343,85.84682631130705,58.39993695384433,855.4586192565494,243.92872549019606,0.517990234317733,0.3454215562448972,A,grading/data_processed/banana/A/Banana_Good_IMG__9007.JPG
30838.5,2350.157625555992,1.0711297071129706,0.07016315776657578,0.6173194142787081,67.84738791912596,53.25790110075847,102.21873037799824,64.963775565103,63.798788145171414,37.51000847361,1098.5136799826926,263.19143490031985,0.5738865988954396,0.47138442980581174,A,grading/data_processed/banana/A/Banana_Good_IMG__9013.JPG
25913.5,1786.40322971344,1.514792899408284,0.10204152685139768,0.7351138974780858,37.862366074773355,45.964483412818126,67.97205364501386,81.24560080004662,57.203528882895036,36.6194792442166,2627.9647952462733,401.4468035735004,0.4763047863729844,0.37469058003745265,A,grading/data_processed/banana/A/Banana_Good_IMG__8480.JPG
32159.0,1254.1808005571365,0.8031496062992126,0.2569165629725246,0.8469804314045669,94.68767566907002,43.090457059107166,72.72461200048882,30.956583847111485,66.17117805205915,39.715660339465416,2110.990381059398,182.086090531787,0.4982805425194045,0.36390923709767875,A,grading/data_processed/banana/A/Banana_Good_IMG__8494.JPG
36629.0,2324.0672231912613,0.93359375,0.08521921997317376,0.6401041530140589,73.99463579148632,49.00279255957506,99.36612050880315,57.099841858956665,77.12470457019943,47.35688460692146,1348.715029660077,310.78686318277306,0.4930765053424414,0.3784864937902674,A,grading/data_processed/banana/A/Banana_Good_IMG__9205.JPG
30561.5,1656.6143468618393,1.0423728813559323,0.13993994337660975,0.6947927204937878,66.95292088536843,43.30843465014702,94.58625315404517,49.3642835115912,64.44693219202146,37.988343196901916,604.3662565184529,136.959200968523,0.6247934849498005,0.45761720885015505,A,grading/data_processed/banana/A/Banana_Good_IMG__8669.JPG
35450.5,2326.937281727791,0.93359375,0.08227404942558093,0.6355300191821588,73.17384033336988,48.89269956546133,100.41545125562013,56.21542771599942,74.57569360675512,46.02676622312292,1357.0806714677983,291.95757287289916,0.5098298972696547,0.39746795820070857,A,grading/data_processed/banana/A/Banana_Good_IMG__9211.JPG
41590.0,1456.5727158784866,0.94921875,0.2463397198399514,0.8194750945775536,57.23119717809711,47.98208853577138,95.66523046329395,53.91739919574406,90.03865912265334,59.79144444569048,922.2246196015334,212.6230791580579,0.4509775380552687,0.3181922178420553,A,grading/data_processed/banana/A/Banana_Good_IMG__9239.JPG
38188.0,2246.3859845399857,0.9839357429718876,0.0950972626853389,0.7035631379195991,54.07968869609594,54.532308308532876,110.7972441949477,74.44339979448729,90.8032406226078,67.08702094588612,924.948665155748,257.9194976627823,0.4841518011087463,0.3530103547805678,A,grading/data_processed/banana/A/Banana_Good_IMG__8899.JPG
34032.5,1878.4133363962173,1.0,0.12120523870994032,0.6372351680038947,28.613305434533363,18.697456458000296,90.76020408163265,72.80354224365736,76.88904494382022,54.50855396251308,1233.571996129118,200.3246323529412,0.5792736479409546,0.4656878352183358,A,grading/data_processed/banana/A/Banana_Good_IMG__8641.JPG
29317.0,1628.5971012115479,0.9956140350877193,0.1388999457610922,0.6898117647058823,29.875008321682976,16.86379492474859,113.28313694161507,68.95464944502963,64.95839158511417,46.79829434734493,863.5387740237338,173.64302903275893,0.5825213853957218,0.41678677252351826,A,grading/data_processed/banana/A/Banana_Good_IMG__8655.JPG
37924.0,1586.0874347686768,1.0,0.1894391571308182,0.7594520986863185,23.9384332703605,26.223281222242587,109.79024869956781,66.2835405658732,84.68085712067493,60.16863595962357,1243.78471153602,207.25746017156862,0.5395768692521666,0.4088394904522063,A,grading/data_processed/banana/A/Banana_Good_IMG__8866.JPG
38075.0,1688.513839840889,1.0,0.16781876730433654,0.7671152838779869,23.82429126863558,26.268250497629865,107.70082653140047,65.98683077290782,85.29744830960166,60.772334709076134,1237.4836989492178,222.6071691176471,0.5378070208069531,0.4051514398531561,A,grading/data_processed/banana/A/Banana_Good_IMG__8872.JPG
35204.0,1417.5188933610916,1.0,0.22016291369914576,0.8246427734832513,30.87406890779746,22.2434002192602,105.73982424326964,77.95590056385288,79.80457525456828,57.82523345810857,1385.7192816825118,232.19457720588238,0.546563142575064,0.4498542764475559,A,grading/data_processed/banana/A/Banana_Good_IMG__8682.JPG
31199.5,2037.3636887073517,0.9471544715447154,0.09445400446017645,0.6944796883695047,69.31311966078444,44.68357999851009,95.620564943568,57.96001245743176,64.35477333665898,37.82028983161054,611.7314856848855,326.66132253994954,0.5472728304339096,0.4283408164599051,A,grading/data_processed/banana/A/Banana_Good_IMG__8696.JPG
21041.5,1051.854899764061,1.0052356020942408,0.23898733799555172,0.811473197069032,41.92955717671112,62.004089347390995,66.55016030853585,55.83772801929443,58.83193160169137,35.038110841054596,1026.9390304941544,178.40706120994494,0.547419662094647,0.4123327843432587,A,grading/data_processed/banana/A/Banana_Good_IMG__9371.JPG
26289.5,3703.2988802194595,0.8609865470852018,0.024088772089967306,0.6437666821754782,45.17495428960671,44.6773332921913,97.61904420463915,71.95728295681567,86.84447710895206,56.804355329634596,9043.164043503266,1382.5946751813678,0.3638523789456225,0.32517587037056583,A,grading/data_processed/banana/A/Banana_Good_IMG20200730132222__01.jpg
28171.0,1991.1799215078354,1.3005181347150259,0.08928759372434471,0.7042838035475444,63.37618850764779,44.458487581188606,94.77266776905057,48.55267764356171,57.87408708832851,34.22534668037153,942.5416929861025,230.27477720207256,0.5217168299345313,0.3919625017882823,A,grading/data_processed/banana/A/Banana_Good_IMG__8709.JPG
15976.5,658.0903993844986,0.5977653631284916,0.4635754169144909,0.9000338009126246,73.38952024080103,77.88638458044655,79.57988819952085,53.59768950136085,47.50611216905215,31.17674621223763,267.66426445346525,167.20580794771794,0.45985659191682765,0.15525436528785216,A,grading/data_processed/banana/A/Banana_Good_IMG__9417.JPG
23367.5,1357.5950140953064,0.8847926267281107,0.1593241634114954,0.7209854830996127,117.41430476825609,45.200753439285634,80.04026342114038,43.99167214905652,63.44644048016006,37.20642626015556,510.27252643650763,176.87420078654668,0.5720361841950984,0.42256671346396496,A,grading/data_processed/banana/A/Banana_Good_IMG__9403.JPG
20298.0,975.1858525276184,1.0267379679144386,0.26821825203156885,0.7622516804987044,50.055673382820785,67.23960728812195,64.15559625951991,60.35896976940611,56.48958835438157,33.16420897765954,1015.1794724277802,174.804014894868,0.5386785809796572,0.4204863863111259,A,grading/data_processed/banana/A/Banana_Good_IMG__9365.JPG
20218.0,2326.5180147886276,0.75,0.046939149554984586,0.5216202270381837,41.48593904564511,45.80540316803202,98.3326110509209,71.47364221553816,97.63851335437373,65.49243059244009,11043.458993749073,1101.7880399214657,0.5763131096019175,0.5547245612955288,A,grading/data_processed/banana/A/Banana_Good__IMG20200730132213.jpg
29839.0,1970.729131937027,1.2328042328042328,0.096547327222967,0.7500816972926774,78.45886529442419,47.7144435464089,84.65118551328817,41.63366166190363,61.816668837936426,37.17517868859816,907.6857577752487,233.42421547162928,0.4927029407912048,0.2961659477358939,A,grading/data_processed/banana/A/Banana_Good_IMG__8735.JPG
30775.0,2061.75856924057,0.91015625,0.0909771460806963,0.6735314715924013,27.24618151981823,18.62931372264288,65.33148194900278,71.33905386930226,66.03408230244888,41.12878754080969,2284.1640782191753,431.2785897090517,0.5346110974929651,0.4592673749452376,A,grading/data_processed/banana/A/Banana_Good_IMG__8721.JPG
20869.0,1129.7543942928314,0.9458128078817734,0.2054676361901835,0.735536170587717,33.42102309922379,50.811455752861164,63.12938370896848,59.873274396568995,58.3724399139624,34.50143936218523,1357.6767210940807,204.92827483042325,0.5681629038388208,0.4482609659931377,A,grading/data_processed/banana/A/Banana_Good_IMG__9359.JPG
37146.5,1503.8447943925858,0.93359375,0.2064057209642732,0.7605130619932847,49.48052772122782,48.48864237128769,122.10982735372657,72.15609406648909,82.59836607355312,57.645851771858,471.30871452633,221.68764771533608,0.5304241611934005,0.37739244080866047,A,grading/data_processed/banana/A/Banana_Good_IMG__8912.JPG
38364.0,2118.38598549366,0.96484375,0.10742950065550122,0.7261439454880991,56.142333723474636,48.44404031048956,103.55246552338303,68.07656976206955,89.07068342577986,64.5215051023044,850.1043493020173,233.9712588922764,0.5001105536447588,0.3741521462898606,A,grading/data_processed/banana/A/Banana_Good_IMG__8906.JPG
24329.0,1154.2051845788956,1.0989583333333333,0.22949228008973854,0.7442906309751434,57.68522544283414,40.05136787111174,181.29778582930757,60.9155477398856,67.02012882447666,40.263455025760365,1414.6058131250757,132.42872023809525,0.5823138277213695,0.3788379408556181,A,grading/data_processed/banana/A/Banana_Good_IMG20200729190231__01.jpg
34889.5,1917.8346890211105,0.98828125,0.11920165089376955,0.5958771338052825,61.91970680393912,47.10027041668457,97.93780774395702,53.196595404279854,75.61137533572068,47.73786113345667,1116.172773413919,186.16200086805557,0.5858654395555345,0.44496022947234126,A,grading/data_processed/banana/A/Banana_Good_IMG__9173.JPG
40986.5,2897.0936957597733,0.75,0.061365689126791356,0.8547134202925751,28.2022530411322,12.381331964160458,139.5454158186207,61.748164048884824,123.43290576040138,76.04493750217912,10856.190373854091,1660.1407272578535,0.18645029398365415,0.1253031485027537,A,grading/data_processed/banana/A/Banana_Good__IMG20200730132039.jpg
35292.0,2017.8763202428818,1.0,0.1089173451057413,0.6007455699865525,60.04238388638687,47.325231471841995,95.42908849777581,52.71732867229872,75.08396651286161,47.29418189348331,1233.7385812269058,203.0948835784314,0.585409217165025,0.44384547573423233,A,grading/data_processed/banana/A/Banana_Good_IMG__9167.JPG
26200.0,1791.1067653894424,1.0,0.10262855324975174,0.48661348587985104,28.14433371614863,32.534004379422754,44.44226280887638,65.32557161341927,57.67035898195829,36.94010510210556,4330.529330692096,291.1120803212851,0.6266000204223238,0.5644936853682527,A,grading/data_processed/banana/A/Banana_Good_IMG__8537.JPG
36982.0,1347.3767576217651,1.0210084033613445,0.255989501931699,0.8835742444152431,93.27408885341846,45.2482717206947,70.60191540303272,35.38553106917269,75.28635275339185,44.49189532532706,2512.9469771561285,210.6526147649142,0.4886635995285162,0.3473798379562033,A,grading/data_processed/banana/A/Banana_Good_IMG__8523.JPG
40241.0,2753.2043073177338,1.0,0.06671166007163769,0.6807009827968267,67.28883208334338,47.532283297118624,102.17891335278655,60.80794824764251,86.1556900668001,53.64594217457688,1700.7255988435354,390.914537377451,0.4560572772113272,0.3585912116102271,A,grading/data_processed/banana/A/Banana_Good_IMG__9198.JPG
32019.0,2069.4641939401627,1.0847457627118644,0.09395108392441323,0.6470118716847689,56.05527027437635,46.65667958125824,113.730424478138,67.98443716182378,73.5458661237884,48.83568204204608,1111.4769434294662,312.6016118311732,0.5395591438826479,0.44617202832834074,A,grading/data_processed/banana/A/Banana_Good_IMG__9188.JPG
34437.0,2088.7880066633224,0.9921875,0.09918510198590545,0.595667027027027,58.357264038907424,46.88130465248685,99.22538596392015,54.56062137640447,73.42676582027937,46.47923072579267,1175.010991746135,201.80578372035575,0.596958121883387,0.4516351492385007,A,grading/data_processed/banana/A/Banana_Good_IMG__9163.JPG
12170.5,1892.2854803800583,0.7357512953367875,0.042711514442772235,0.5437871408784236,47.59011851623826,25.339916275982503,110.32291826997076,69.4218760778612,74.69932276435277,51.07200976233105,9789.329695851053,1263.1518391945028,0.5307887278009493,0.5032876518520174,A,grading/data_processed/banana/A/Banana_Good__IMG20200730132029.jpg
37033.5,2296.3342489004135,0.97265625,0.08825400366423135,0.663641169460697,65.4583147101354,49.19232788883695,95.67827001446037,55.715182102953094,80.82192717234126,52.029843726158624,1473.2705846148992,360.586173765121,0.500749398561709,0.3960130090729741,A,grading/data_processed/banana/A/Banana_Good_IMG__9177.JPG
34900.0,1076.7838317155838,0.9872881355932204,0.37824939259300344,0.9222678805015657,93.60531743565112,45.772014622611685,61.885401068007795,42.56498110733798,71.24004746701326,42.28692410670285,1754.147719176212,184.44644944476914,0.4931406691247752,0.35586142689997685,A,grading/data_processed/banana/A/Banana_Good_IMG__8527.JPG
29111.0,1739.9108103513718,0.76953125,0.1208406396182852,0.6962605087238851,26.672566075610572,20.990883971596507,55.64740715958514,69.68353187366277,62.072900635664105,38.621262867110566,2813.8796618563174,374.1697425063776,0.4983478937379284,0.4010003174262097,A,grading/data_processed/banana/A/Banana_Good_IMG__8533.JPG
21938.5,2874.691674590111,0.8,0.033360630641951085,0.5647629712579321,70.96136099012463,31.959863798532027,104.87300012937169,63.95833650007064,79.82336452628401,54.303615731286214,8864.372152969454,989.5770942408379,0.5137073871250842,0.4779185069488086,A,grading/data_processed/banana/A/Banana_Good_IMG20200730132316__01.jpg
39206.5,2071.172781944275,0.98046875,0.11485113137863989,0.7277241046486808,51.402078556474926,46.060856904710555,107.93019140663942,62.97788281697634,90.35646994317615,64.70086193784464,802.7964026680489,224.59178125,0.5055935930437278,0.3708956969850043,A,grading/data_processed/banana/A/Banana_Good_IMG__8902.JPG
37102.5,1551.0163668394089,0.9296875,0.1938118274199669,0.759138200902311,51.026320662381295,49.221809392562584,120.4423193926408,72.3959606454666,82.4482977541465,57.350279549437744,465.18421104834687,234.80476991033757,0.5285879691880034,0.3747832132182189,A,grading/data_processed/banana/A/Banana_Good_IMG__8916.JPG
21298.0,1068.4995609521866,0.9504950495049505,0.23442287647192994,0.8036526234364093,38.94566564177872,58.24076236778179,59.24188885319627,61.15629279404882,59.31347804139324,34.65560092650262,972.8481514020182,184.98691099476437,0.5537028668271884,0.4365755782903445,A,grading/data_processed/banana/A/Banana_Good_IMG__9361.JPG
24369.5,1287.3107432127,0.9230769230769231,0.18479477832494848,0.7205647545830869,110.69799302968393,48.65711138385234,86.53511196570925,47.90955354048575,65.85758923206346,38.33193771012321,294.99225250723174,180.04767418445434,0.5613510729971785,0.3702090103604109,A,grading/data_processed/banana/A/Banana_Good_IMG__9407.JPG
31401.0,2063.4154222011566,0.90625,0.09267871391587998,0.6656562016407691,27.48003961131398,18.468187516982038,64.19462152627344,70.87893867050894,67.06715355573435,41.58777605037002,2301.6422156286867,435.3298329274892,0.5238942308556486,0.446683599915949,A,grading/data_processed/banana/A/Banana_Good_IMG__8719.JPG
22960.5,1500.0458043813705,0.7773279352226721,0.1282277920168458,0.6244441724799086,97.28602250613419,67.47324545901185,71.86813605211947,57.71881447263895,62.14607834842203,36.201329812647316,185.05357826731165,179.5555673315387,0.6865278712854539,0.49907345672550474,A,grading/data_processed/banana/A/Banana_Good_IMG__9413.JPG
22086.5,1146.2224296331406,0.8687782805429864,0.21125108996982464,0.6932904339637448,55.60680470754801,68.61461399812428,65.63277586054332,62.41562539043317,60.785151756481724,35.98075780429065,1231.8212157812673,201.75617729975602,0.5687200130444169,0.4637018718052062,A,grading/data_processed/banana/A/Banana_Good_IMG__9375.JPG
21380.5,3407.8775273561478,1.3177083333333333,0.023134481162974674,0.5049120321171331,49.51410946318415,23.367174348153902,125.70363564772279,74.54909928041174,80.6038850242814,52.430816201897834,9831.211973276924,1152.6725983796298,0.5438024054065247,0.5102607313799903,A,grading/data_processed/banana/A/Banana_Good_IMG20200730132108__01.jpg
30085.5,1851.5748020410538,1.1884816753926701,0.11027690627675564,0.7672230226835146,78.69209359526198,47.80459547103824,83.75455516359753,41.63833818779323,62.23547687627431,37.37949262830372,873.6604801471009,229.9480841402956,0.48285648099786,0.2819497002184903,A,grading/data_processed/banana/A/Banana_Good_IMG__8725.JPG
30461.0,1873.6753083467484,1.2459893048128343,0.10903485576855411,0.7724454475142325,77.97219292357849,47.97903750609923,82.54028829865439,40.3950499321559,62.851535781634546,37.63081566463968,856.7699063113315,231.86047851742578,0.4789420883193825,0.275634012435833,A,grading/data_processed/banana/A/Banana_Good_IMG__8731.JPG
21111.0,1039.5289993286133,0.9320388349514563,0.24549658285271364,0.716307003257329,81.56840496480177,74.13842002946657,50.65644683216006,59.46239853630855,59.099157095220455,34.970820091952994,1023.7683240341736,181.32369237025364,0.5603321242655815,0.45395175145994365,A,grading/data_processed/banana/A/Banana_Good_IMG__9349.JPG
32451.0,2176.7291312217712,1.0,0.08606551453721523,0.6288587872798093,91.46431670606542,64.33300626578455,97.9552649690296,58.10428011514053,66.3715551033843,38.71252983074168,510.6208528706338,174.52187500000002,0.6201574130762461,0.48800608632303777,A,grading/data_processed/banana/A/Banana_Good_IMG__8876.JPG
36464.5,1378.5066995620728,1.0756302521008403,0.24113617333835685,0.7972125054656756,22.94729321686617,24.944172518773975,111.30850318127898,65.67662840754143,82.72117976922247,58.39679539422142,1247.3519527803546,192.490443236118,0.5256214099348433,0.39050060580797413,A,grading/data_processed/banana/A/Banana_Good_IMG__8862.JPG
32819.0,1487.6854133605957,1.0578512396694215,0.1863429636316445,0.7434111424461736,27.412950628714793,17.49450373404167,103.80140975478629,73.94912845435883,68.20363788417312,42.227073789061876,715.1744055304075,236.09820126397665,0.5624699708601367,0.45331339471422816,A,grading/data_processed/banana/A/Banana_Good_IMG__8692.JPG
35334.5,1319.1929944753647,1.0,0.2551479842198652,0.8200067300216985,29.88771080313909,19.329362461320986,107.3353648355318,78.34365598562007,80.12984916791896,58.00939724516853,1323.3290387243032,214.27737438725495,0.5471284936415074,0.44948743477045244,A,grading/data_processed/banana/A/Banana_Good_IMG__8686.JPG
38751.0,2029.616434931755,0.97265625,0.11821289042853698,0.6845801203063306,67.73356872635561,48.534157293730225,97.87324085750315,56.58192754586616,82.69571248423708,52.771763861580745,1465.7296017615581,275.2266097530242,0.48840271749775105,0.37287907396128717,A,grading/data_processed/banana/A/Banana_Good_IMG__9215.JPG
35174.5,1283.0508576631546,1.0,0.2685035636348906,0.8280541921207198,30.784132222160075,21.645258579869196,104.93067285642374,77.31302800564687,79.53146149113485,57.52895712536123,1396.1143737649545,208.6949142156863,0.5474284833074574,0.4525622235904693,A,grading/data_processed/banana/A/Banana_Good_IMG__8679.JPG
38377.5,2735.4368439912796,1.0,0.06445151939767926,0.7107076056964018,71.45378491090611,48.1009314027517,97.92854795905473,62.3108100820328,81.77437128775433,50.909082043009654,1514.9275514930487,457.5333639705882,0.4741633583635032,0.3859648140298617,A,grading/data_processed/banana/A/Banana_Good_IMG__9201.JPG
40386.5,1454.271199464798,0.952,0.23996907361131536,0.8231307768345749,55.62563365178397,47.29445485565009,96.28699551569507,53.44639115005288,87.03979820627802,57.403393972291724,887.6160084680461,209.64605907173,0.4468483139941123,0.3070698164448641,A,grading/data_processed/banana/A/Banana_Good_IMG__9229.JPG
32568.0,1115.0681018829346,0.796875,0.3291532659473208,0.8573685041857526,26.20307776030959,16.711941804343912,87.64765993469585,70.85072551661642,70.37528721731769,48.90982783564091,731.9708673194115,135.95860914408865,0.5091356907299617,0.3655279210181825,A,grading/data_processed/banana/A/Banana_Good_IMG__8651.JPG
31989.0,1738.1950793266296,0.85546875,0.13304957623892008,0.6760357999513932,32.43631535573665,48.09366842196915,123.64563684644263,67.15569634302491,64.90071116808595,37.7750818853749,205.32851483166132,245.8763080561927,0.5731486554636761,0.4108293253028534,A,grading/data_processed/banana/A/Banana_Good_IMG__8889.JPG
32475.5,1256.4234400987625,0.8046875,0.25851970408267433,0.8465538814451802,26.271173106599292,16.826636619325157,89.06012284789253,70.86790375070223,70.4886683409483,49.06825642105233,803.3519885116838,153.77814405487803,0.5135692840627027,0.3718627016576674,A,grading/data_processed/banana/A/Banana_Good_IMG__8645.JPG
31576.0,1556.2295702695847,0.8046875,0.16383989125361154,0.8345160224644863,95.00867517660181,43.27991017724972,74.19664766389887,30.769108483138297,64.82940884868013,38.581855468043116,1936.2409212189914,210.05230564024396,0.5129662291479512,0.3824146841951683,A,grading/data_processed/banana/A/Banana_Good_IMG__8490.JPG
25518.0,1816.4448605775833,1.4545454545454546,0.09718786884470224,0.7055603174164293,92.06157354618016,47.61169916933135,83.54161915621437,67.44315509111235,56.68365640440897,36.02885265942977,2716.662079154952,335.3671791443851,0.5097311105238768,0.40874114261601807,A,grading/data_processed/banana/A/Banana_Good_IMG__8484.JPG
35353.5,2027.4915425777435,0.9921875,0.10807473440283027,0.6008667941363927,58.89225635651646,48.2111322918503,101.24182339639292,55.69312661322115,76.37309028735315,49.9085213194059,1454.0576157334262,206.62618885869568,0.5807917799632296,0.43831182162668186,A,grading/data_processed/banana/A/Banana_Good_IMG__9017.JPG
39661.5,1847.432668209076,1.0666666666666667,0.14602989106875502,0.778699467928455,55.39770228536133,49.6971232214439,105.9764051883879,64.66550230847065,87.28323656578135,59.627344062939684,745.9074915981294,239.21651960784314,0.5164019238238887,0.3368703252664308,A,grading/data_processed/banana/A/Banana_Good_IMG__9003.JPG
39853.5,1827.0895218849182,1.062240663900415,0.15002259656820227,0.7869498252473195,55.19775678866588,49.55951983606322,105.71676997245179,65.05822241934005,87.29538075560802,59.23785171550779,726.6258841514735,229.4180131803759,0.5181603493346172,0.3368586459452522,A,grading/data_processed/banana/A/Banana_Good_IMG__9002.JPG
34727.0,2205.273287296295,0.96484375,0.08973302269227325,0.6132370340285013,57.3255397194299,47.442396480596734,101.8304818973483,54.3897822903384,74.10564780332092,47.80260304776702,1695.339638713883,218.65493203760164,0.5780542522879673,0.4303763036912885,A,grading/data_processed/banana/A/Banana_Good_IMG__9016.JPG
24553.5,1549.266147017479,1.4628571428571429,0.12854974199638705,0.6874842503149937,90.32173430564363,47.06838839885536,86.81907894736842,67.45554358590816,54.41272986683576,34.79166402328501,2502.67989910515,274.18480672268913,0.5360877908065845,0.4312048409124401,A,grading/data_processed/banana/A/Banana_Good_IMG__8485.JPG
32392.5,1151.5117534399033,0.8046875,0.3069853009806826,0.854074933424737,95.14817289875764,42.95777188499303,73.03532699492725,31.090967765939848,66.37356094893836,39.73275826627578,2077.3307155738935,168.2962271341464,0.5048440970810688,0.3724132866249587,A,grading/data_processed/banana/A/Banana_Good_IMG__8491.JPG
32677.0,1234.6660811901093,0.80859375,0.26937234526545517,0.8477843503528435,26.886849784891243,17.94318097985521,87.6529678991546,70.20563375758319,70.6341346009206,49.09675612669694,728.3124475124578,149.25451304611653,0.5120891172126869,0.37106625813514543,A,grading/data_processed/banana/A/Banana_Good_IMG__8644.JPG
41432.0,1474.0874346494675,0.9490196078431372,0.2396068742096142,0.816410175569962,54.2500415746086,47.11353172804953,97.77055567434014,55.251597111423116,90.51419475922363,60.738288070000095,922.2761822483674,214.79202668619314,0.4529328681363506,0.31488062903604197,A,grading/data_processed/banana/A/Banana_Good_IMG__9228.JPG
31655.0,1973.0478922128677,1.0,0.10218259499269944,0.6119628047248052,92.00371918608225,63.788629542639775,96.80838507407636,55.032200087127976,65.45515460748756,37.98042193926425,461.6993916013744,153.85989583333335,0.6350549218435962,0.5020972438060042,A,grading/data_processed/banana/A/Banana_Good_IMG__8888.JPG
32448.0,1148.2396758794785,0.79296875,0.309266371403257,0.8565319536467545,26.348466927486125,16.978045514990253,88.6287568616747,70.90991691411304,70.14411791465744,48.775936265978515,699.4419174692359,141.0814511138614,0.5078082173573542,0.3645357216857356,A,grading/data_processed/banana/A/Banana_Good_IMG__8650.JPG
35164.0,1408.2051856517792,1.0,0.22283133228909507,0.8228865617504242,29.85109770403888,20.822787813232228,102.69188872130049,75.78752656139548,79.51351879783252,57.316665597469026,1396.5262989401817,228.37075674019613,0.5471934285071278,0.4510470985711803,A,grading/data_processed/banana/A/Banana_Good_IMG__8678.JPG
37556.0,2802.6500455141068,1.0,0.06008297782409044,0.6923722173572383,70.38881724867178,48.14469811139972,98.49963893330582,62.30678609356146,80.59008614019704,50.63244436396885,1631.6395879648626,437.3240042892157,0.4871677259755097,0.39765096524790156,A,grading/data_processed/banana/A/Banana_Good_IMG__9200.JPG
46499.0,1208.5239465236664,0.93359375,0.40007642120240544,0.8309773576138821,62.643315621679065,47.70873864723852,93.50206163655686,54.15524547183937,97.4640170031881,60.50682637396304,1380.3834045648439,229.7965631565126,0.36818465095542063,0.22841670939593686,A,grading/data_processed/banana/A/Banana_Good_IMG__9214.JPG
32460.0,1467.8864238262177,1.0121457489878543,0.18930996357050545,0.7427832633493896,28.283738487090442,18.57694820132192,104.75506568020535,73.6043703319067,67.22624188434244,41.480695933884206,643.3633693832713,237.25441035396648,0.5681211924483659,0.4583838009926271,A,grading/data_processed/banana/A/Banana_Good_IMG__8687.JPG
32570.5,1489.584908246994,1.062240663900415,0.18446066179388473,0.7406257816585943,27.209286230139625,16.778579960604446,103.37533100625903,73.66120065023117,67.69348820414059,41.974486094214406,678.2997224109934,235.7407371247254,0.5631338847587102,0.45498322932572866,A,grading/data_processed/banana/A/Banana_Good_IMG__8693.JPG
37592.0,1514.832601428032,1.0,0.20586191557170125,0.7758766588924894,23.980224660397074,26.071929494717423,110.69798850574712,66.13545231099518,83.83477011494253,59.78539903128174,1317.9375442927703,200.30206801470587,0.5448585028984311,0.41445821780155706,A,grading/data_processed/banana/A/Banana_Good_IMG__8863.JPG
39993.0,1654.915862083435,1.0,0.18350251037818266,0.7599980996721935,79.57188788533281,62.41830345605065,95.68751227174553,52.3362469621109,88.74482132338504,61.11342386866553,506.97714553773403,146.09428615196077,0.5356453109221989,0.3770357555264283,A,grading/data_processed/banana/A/Banana_Good_IMG__8877.JPG
30376.5,1993.8590742349625,1.2180851063829787,0.09601933158351802,0.7752568110763733,78.74312953898327,48.2921276168105,82.86642991969799,40.19388630344454,62.796333621268836,37.58118467179803,879.750946934963,252.4614594998133,0.4697013437748915,0.2671586332224966,A,grading/data_processed/banana/A/Banana_Good_IMG__8730.JPG
20727.5,1059.5117535591125,0.9696969696969697,0.23203058239711993,0.7232709889036221,88.28307402168788,74.85391979076704,48.862706270627065,57.9005260719531,58.232437529467234,34.50438211103997,1046.041687588103,164.0337934316992,0.5508197870425791,0.43971061653074534,A,grading/data_processed/banana/A/Banana_Good_IMG__9348.JPG
31082.5,2407.221552014351,0.8984375,0.06740524325098958,0.6434767307055317,27.934762319561973,21.00652038295927,64.23410278745645,70.6447365407499,66.36016052762568,40.98251906015226,2263.536667585463,494.227534798035,0.5200817159946812,0.44309783158558186,A,grading/data_processed/banana/A/Banana_Good_IMG__8724.JPG
22687.0,1081.386863231659,0.75,0.24379497855358834,0.6577371892440386,57.56056228709413,70.65917319681374,70.92863610883532,56.847110910926254,60.956189901254795,35.57958093713171,133.7013730700645,139.3506626308901,0.6870676695829998,0.5278490784840207,A,grading/data_processed/banana/A/Banana_Good_IMG__9412.JPG
22199.0,989.7300090789795,0.8421052631578947,0.2847802049661631,0.7090180296715054,55.01990466943243,68.15504630854781,60.992629534822136,57.625844193546975,60.15129314149528,35.47516960545912,1160.7808375378315,154.76164232570957,0.5845023530456186,0.4804319470934237,A,grading/data_processed/banana/A/Banana_Good_IMG__9374.JPG
20926.5,1127.7960240840912,0.927536231884058,0.2067499167700315,0.7465884157762358,36.828070339101636,54.866349904547086,61.9967815663044,59.799051208146956,58.419749055459675,34.327316346070766,1158.5032111252503,203.31003869792852,0.5676405534443255,0.4577081095446117,A,grading/data_processed/banana/A/Banana_Good_IMG__9360.JPG
31414.5,1885.4915444850922,0.9098039215686274,0.11104291079101565,0.6918198134710462,28.43265533920377,20.69425881713966,64.63698375294555,70.78081988630775,66.81390301376659,41.244866353943145,2147.3725204928382,409.8121212121212,0.523657943050586,0.4461952274764986,A,grading/data_processed/banana/A/Banana_Good_IMG__8718.JPG
25051.0,1181.9554044008255,0.9142857142857143,0.22533712523187538,0.7717260712855426,113.4273547681369,43.18977754343782,90.35285385006055,42.75408732286837,67.54717349689416,39.406722815070985,291.26482108841077,144.12545499875347,0.565189611412602,0.3622945659987658,A,grading/data_processed/banana/A/Banana_Good_IMG__9406.JPG
37044.5,1525.3595123291016,0.9296875,0.20007331682913204,0.7626012578098463,51.12352582619988,48.85262255720657,119.21941006545994,71.60028390102428,82.17679484801103,57.01099136616882,502.9098138132386,227.28960640822785,0.5306980531279379,0.3762316928132691,A,grading/data_processed/banana/A/Banana_Good_IMG__8917.JPG
39050.0,2059.9595782756805,0.9765625,0.11564144380695884,0.7238988580750407,51.7059927436507,45.96320783826417,108.39276867258852,63.208931652611774,90.32993869635932,65.02258361555045,800.429764251709,218.94728915662654,0.5041942655502797,0.3708152135860212,A,grading/data_processed/banana/A/Banana_Good_IMG__8903.JPG
28763.5,1921.9768245220184,0.765625,0.09784875441930437,0.6930629849163896,26.674184617462355,21.6115622272943,55.58396920791411,69.39123539870259,61.524106961982575,38.292003210591375,2982.2469083948067,413.0496594551282,0.49803361246561434,0.40231718184543375,A,grading/data_processed/banana/A/Banana_Good_IMG__8532.JPG
37156.0,1232.9503518342972,1.0084388185654007,0.3071479637392651,0.8929155051427473,92.45016307374115,45.439461256575235,71.01665208283616,35.17331715394623,75.23562166892053,44.36213893247219,2219.908360483946,190.01040669432328,0.4810599316640119,0.3331580187197605,A,grading/data_processed/banana/A/Banana_Good_IMG__8526.JPG
36788.0,2240.0083507299423,0.9765625,0.09213332974524319,0.6647452635002665,65.57936402870078,49.11613615283889,94.54041674389049,55.556009473469096,80.23371018560195,51.595685393801176,1472.565718173584,341.26350715361446,0.5084766154272393,0.4026881746368458,A,grading/data_processed/banana/A/Banana_Good_IMG__9176.JPG
5856.0,1026.3473199605942,1.2285714285714286,0.06985897784118743,0.619060204027697,22.884938898587524,16.143989752424808,106.35740358673226,68.07676418888128,90.07094112045706,58.15650901863538,18651.338510590664,1582.0686755952383,0.5353666824645961,0.5155860621850505,A,grading/data_processed/banana/A/Banana_Good__IMG20200730132028.jpg
34317.0,1936.4793515205383,0.9765625,0.11499883419941571,0.6010035114142855,57.369550389359404,46.30812193344035,99.53288239640766,54.29781355228332,73.20053430341613,46.42633604806972,1208.9509057067871,193.6126851154618,0.5950747864466722,0.4465194466822728,A,grading/data_processed/banana/A/Banana_Good_IMG__9162.JPG
31848.0,2074.0916122198105,1.0847457627118644,0.0930328141733932,0.6432250116131117,55.26106478511866,46.22681611065074,115.49308164574362,66.97023933438197,73.27160267570787,48.96920070143391,1099.4919966245923,306.7078431372549,0.5443279113723721,0.4489459002609913,A,grading/data_processed/banana/A/Banana_Good_IMG__9189.JPG
36232.0,2051.297672152519,0.95703125,0.10820436914271421,0.6742781639356465,64.58385628484473,48.86459437752714,92.073069568262,53.245420590116,78.65059656871986,50.330628196956646,1436.4092888539992,325.320360527664,0.509528939362233,0.4017541945466734,A,grading/data_processed/banana/A/Banana_Good_IMG__9174.JPG
43169.0,1438.3717066049576,1.0,0.26220416684053466,0.8166589419320665,54.89563550036523,46.459433626735404,99.67992147552958,59.04981814600766,94.87417823228634,63.983226191664095,875.2819943313953,178.22110906862747,0.5019687818111578,0.3281840155693479,A,grading/data_processed/banana/A/Banana_Good_IMG__9160.JPG
16747.5,2524.608413338661,0.512,0.03301959940804868,0.5778985507246377,59.1443073471677,29.26981996923949,103.2864273696018,76.51168343050472,93.21783510936623,60.62333989305451,14548.290111234375,1873.6938897637797,0.4407422021329115,0.4185578297312256,A,grading/data_processed/banana/A/Banana_Good__IMG20200730132758.jpg
26925.5,1752.2022188901901,0.9183673469387755,0.11020598711191806,0.6469832039791431,88.97081557465867,45.01314568719115,79.0661706277541,56.9043609146126,57.24694791591418,35.658772060879045,2164.2420555464855,220.6860422740525,0.5887333466455329,0.4908593850849062,A,grading/data_processed/banana/A/Banana_Good_IMG__8518.JPG
29080.5,1708.4965958595276,0.76171875,0.12519399487249622,0.702427536231884,26.87277174641469,22.61239030916549,56.215956306125186,70.2118176802548,62.0046910601796,38.61605993907441,2877.1019581229807,389.434318621134,0.49407639135411724,0.39567481356120676,A,grading/data_processed/banana/A/Banana_Good_IMG__8530.JPG
42183.0,1298.4894555807114,0.97265625,0.31439126591284217,0.8330058551131034,53.99190870398952,46.28610703259828,99.5165801412469,58.847395179255244,92.32418970113652,62.306414618474,892.5476743780843,162.41960685483866,0.501009727821374,0.32576819634337456,A,grading/data_processed/banana/A/Banana_Good_IMG__9148.JPG
35737.0,1321.0336121320724,1.0168776371308017,0.25733580706576975,0.8673923860147328,92.65095923591423,45.41532541567396,65.84641215490903,39.05054212093665,72.6867963997688,42.99776149722179,2115.5331092937845,211.2285161744023,0.4972989306656801,0.3619190602555382,A,grading/data_processed/banana/A/Banana_Good_IMG__8524.JPG
36690.0,1487.8031644821167,0.92578125,0.20828913652508982,0.7604145077720207,49.525239548204055,47.88362918223306,120.66666666666667,71.76288333920981,81.67172528237246,57.0869661494954,494.4415880123889,221.49273371292375,0.5312346956889554,0.3803175055132752,A,grading/data_processed/banana/A/Banana_Good_IMG__8915.JPG
39164.0,2107.557559132576,0.9765625,0.11079955524606187,0.7309853108610038,51.673317205775994,47.168830973534504,108.34623537920542,64.93336911770197,90.53831957503056,64.98960598242932,828.6119338271484,233.1441547439759,0.5027891813044596,0.3690890595133552,A,grading/data_processed/banana/A/Banana_Good_IMG__8901.JPG
22556.0,1031.9554042816162,0.9896907216494846,0.26616447545507815,0.7649602360402218,60.953836800277934,72.66256557324223,79.53163677422157,65.27708568559379,60.569809354236334,35.39261242742646,293.6813513262445,160.32414853996872,0.5604026281503836,0.38084833835954635,A,grading/data_processed/banana/A/Banana_Good_IMG__9389.JPG
36912.5,1516.4722114801407,0.9609375,0.20170395363129237,0.7629938919147968,57.06466801447117,51.099080518087334,111.61345499042349,71.26822152026202,81.27064268993402,55.92763030839935,530.129494427957,224.68282844387755,0.5399677878857106,0.39907416489094605,A,grading/data_processed/banana/A/Banana_Good_IMG__8929.JPG
22896.5,1310.5899612903595,0.8609865470852018,0.1675117556002535,0.6717076891483557,63.83775497168164,71.46382634429816,69.02452838223395,64.51630368913632,63.00549333560448,37.551329994234514,1114.1787343778062,225.67022750217166,0.5575093492908887,0.4480989468820316,A,grading/data_processed/banana/A/Banana_Good_IMG__9376.JPG
22790.5,1082.6000669002533,0.75,0.24435859427389947,0.6351070796583483,46.164863472436885,64.13635712166653,63.93001889060621,52.50030213874579,61.20504894384338,35.554826098060175,284.3271950069401,137.12608393324612,0.6896556698148923,0.5263530269921388,A,grading/data_processed/banana/A/Banana_Good_IMG__9410.JPG
23567.5,1357.3940033912659,0.8847926267281107,0.160735397010929,0.7281448411165866,116.97759312084006,44.967143348908905,84.66286328496425,40.74941631905731,63.9457191285295,37.39249931319265,366.175483732687,168.82850387241538,0.5826358611744676,0.4171257695832041,A,grading/data_processed/banana/A/Banana_Good_IMG__9404.JPG
21780.0,1022.8427072763443,0.9411764705882353,0.26160740528186444,0.8191203294533557,38.05433463664554,56.95802084890593,59.00548289964496,58.63165217205324,60.461642173385464,35.409652824790534,1095.5926811371119,169.52017246689252,0.5497524897482832,0.43118299685259565,A,grading/data_processed/banana/A/Banana_Good_IMG__9362.JPG
28137.5,4121.916189789772,0.75,0.02081119688205677,0.5814614287780786,66.26024466876127,61.95279761340557,98.0208235844642,71.067516857092,91.68694431445952,60.26427579733434,10412.641190646425,1490.1800556282724,0.398192014706323,0.3675470279743591,A,grading/data_processed/banana/A/Banana_Good__IMG20200730132214.jpg
30589.5,1892.8885114192963,1.2340425531914894,0.10728331180551869,0.7753894120480095,79.10661320094202,47.973087488912874,84.16539367322258,40.84830279106284,63.12411686079817,37.77648501981049,888.9417341187998,234.3833701759234,0.47346551777685797,0.27345953118692984,A,grading/data_processed/banana/A/Banana_Good_IMG__8732.JPG
21920.0,1000.0142792463303,0.9696969696969697,0.2754469774601061,0.733380173307906,125.11403038427167,53.46286367587567,62.484584450402146,55.930769827331325,60.03623771224307,35.398262385985234,518.5154208333234,156.03315881326355,0.5345436689949208,0.4110684824694829,A,grading/data_processed/banana/A/Banana_Good_IMG__9438.JPG
32951.0,1634.337213754654,1.2116402116402116,0.1550226383066298,0.8432325920618267,77.2568085295952,47.320938848476,81.49229307118885,40.126044227198484,69.09987823349469,43.448005440121,775.7081110493374,230.6527429685324,0.4351501353261026,0.21647120221661695,A,grading/data_processed/banana/A/Banana_Good_IMG__8726.JPG
32486.0,1199.6610276699066,0.640625,0.28365405923009696,0.8831437154236159,23.028773927792585,15.565984541641965,117.55100557305549,75.65623414685697,74.90640901381148,54.77847727609477,797.9711709189883,359.1799990414111,0.33179289476372853,0.20426740504043245,A,grading/data_processed/banana/A/Banana_Good_IMG__8861.JPG
38290.5,1571.0163662433624,1.0,0.19495729151964697,0.7761561616345891,24.637599035922157,29.08035470357203,107.0315632932489,66.43224597427388,86.23107099817953,61.7439562644007,1204.0562684200704,207.91377144607844,0.5326366086693436,0.40296022049763885,A,grading/data_processed/banana/A/Banana_Good_IMG__8875.JPG
35200.0,1355.5777704715729,1.0,0.24071527534069317,0.8211348924010031,29.83830797152031,20.121670006194744,106.43621387686723,78.45320429410444,79.72665084461818,57.7385969607575,1350.9427098406013,221.43765318627453,0.5481925741404533,0.4508186302582518,A,grading/data_processed/banana/A/Banana_Good_IMG__8685.JPG
39071.5,1350.6488358974457,1.0,0.2691442161832699,0.8514628166712067,23.7511780863342,12.727917242757911,118.98218380666785,75.78357789938569,88.8153617418038,62.87529946171329,1374.4577993517742,204.7523590686275,0.5043775272335635,0.39309033626887047,A,grading/data_processed/banana/A/Banana_Good_IMG__8849.JPG
32916.5,1475.9280543327332,1.0537190082644627,0.18988608432145718,0.7470241810114948,26.950107232217324,15.610825923840853,103.21208149648517,74.02986924990273,68.28887167877994,42.28554520832594,682.6843028419164,240.0372226198998,0.5573246204426282,0.4499743334003819,A,grading/data_processed/banana/A/Banana_Good_IMG__8691.JPG
39772.0,2512.341389298439,1.0,0.07918264203514179,0.7386867007791388,67.66229411908665,47.61662028136102,100.1049166687061,56.48087949664798,84.61978414625193,52.78373270876166,1617.0365647673607,418.97201286764715,0.4598727393400833,0.3671637502467821,A,grading/data_processed/banana/A/Banana_Good_IMG__9202.JPG
46488.0,1227.352373957634,0.9296875,0.3878039180622246,0.8324916729343504,62.532881312701925,47.57039931441933,92.77527206257439,52.944979219085994,97.43912599897976,60.51218953216936,1387.376436171967,232.51760284810126,0.3671135040355457,0.22526806212026085,A,grading/data_processed/banana/A/Banana_Good_IMG__9216.JPG
32391.0,1266.9503529071808,0.796875,0.25358001690949633,0.8485650288828053,26.396723797967542,17.132975033403564,88.83179129379646,70.26816486978522,70.27750644623084,49.05882686100807,788.732613263979,156.64485837438426,0.5107805835692987,0.36726214929482226,A,grading/data_processed/banana/A/Banana_Good_IMG__8646.JPG
32833.0,1143.2102375030518,0.80078125,0.3156953760186994,0.85605152005006,27.018019368572542,19.880739203408268,86.80622432764669,70.64247664632255,70.80616436302581,48.9955241257925,725.885627021676,143.39499080882354,0.508554874458242,0.36358502529905157,A,grading/data_processed/banana/A/Banana_Good_IMG__8652.JPG
31376.0,1369.7199037075043,0.8589211618257261,0.21015702265672215,0.8459080921504927,92.38961120140017,44.22607152757109,72.25371921490186,31.577409269978247,64.20761970246281,38.24460271596399,1722.7534667316204,190.2494460782339,0.5001110480409519,0.3528813047572088,A,grading/data_processed/banana/A/Banana_Good_IMG__8487.JPG
32551.0,1303.7787783145905,0.80859375,0.24063920473307715,0.84541464301483,94.66593247442898,43.19001576099814,72.30166249283408,31.94293102806205,66.88944875237607,40.008753130714254,2021.2956635656037,193.6259291565534,0.500666076859588,0.37001045839538127,A,grading/data_processed/banana/A/Banana_Good_IMG__8493.JPG
30466.0,2249.3464418649673,1.0711297071129706,0.07566806033780274,0.6402303198419703,66.06562122272409,52.94111218712608,104.46361091672499,63.29502048349714,62.86427253642089,36.825352058047706,1089.302999759751,247.21611288867012,0.5808627222305165,0.47848921177393955,A,grading/data_processed/banana/A/Banana_Good_IMG__9014.JPG
35568.0,1835.2833931446075,0.9921875,0.1326975912947842,0.623688155922039,62.80919281279191,48.76851482172275,99.30608824660696,54.60365784695722,77.53151272047914,50.627492108196414,1373.4515016534383,191.819926506917,0.5758479228115624,0.43720848613893554,A,grading/data_processed/banana/A/Banana_Good_IMG__9028.JPG
37284.0,2183.724080681801,0.9375,0.09825096776570699,0.6793236644559435,71.40278758400669,61.60629771858834,78.12381998378703,77.96169512698508,85.30367929708952,59.43544628507317,1609.9414308418168,405.84791775627616,0.474328242494556,0.37004452838576884,A,grading/data_processed/banana/A/Banana_Good_IMG__9029.JPG
31196.0,2233.630715608597,1.080168776371308,0.07857529666361476,0.6417213502561043,68.22487249657918,53.07067559986491,102.92396442343575,62.98514533252922,64.34680930463988,37.79991169963743,1153.2501662917061,257.9584181351866,0.5659611333593075,0.46242583181414043,A,grading/data_processed/banana/A/Banana_Good_IMG__9015.JPG
13835.5,1061.8792843818665,0.9,0.15418936709121542,0.7001416932341481,48.54962258876153,35.781380975125415,165.45967291026,82.60103044169834,47.56856304165502,42.40376278565888,2547.7016789923773,307.77233391608394,0.5384377399010932,0.361308260507251,A,grading/data_processed/banana/A/Banana_Good_IMG20200729190239__01.jpg
27758.5,1714.3544607162476,1.2352941176470589,0.11868739958651757,0.646651835113508,97.61278788516142,39.433570914326275,80.92813825498651,42.9895083251611,59.84625092018088,36.59857745677411,2407.663112412721,209.6211624091868,0.5624557745131445,0.44097662777476343,A,grading/data_processed/banana/A/Banana_Good_IMG__8479.JPG
39777.0,1681.994068980217,1.0893617021276596,0.17668226952125612,0.8128620911626766,54.03726554787759,49.21556270394469,107.61468410661402,65.51704281244932,86.09461994076999,57.446833918194656,784.0361649508668,216.70458072590733,0.511066457636328,0.3227744506542865,A,grading/data_processed/banana/A/Banana_Good_IMG__9001.JPG
31617.5,1463.903669476509,0.7890625,0.18540113667917962,0.843571990768533,94.45537346262276,43.19379299961196,72.166454970724,31.324881479091324,65.07887481024815,38.833592026225624,1985.4386347114496,206.8371618470149,0.503441652790302,0.37026632856634295,A,grading/data_processed/banana/A/Banana_Good_IMG__8492.JPG
31070.5,1334.6488358974457,0.8471074380165289,0.2191916885118057,0.8386665766920844,92.53264507166762,44.537015737718406,74.16581423249353,30.982386753325493,63.816221506598474,38.25043234341567,2017.078052591711,194.04496840058331,0.497815150624028,0.35570073954903436,A,grading/data_processed/banana/A/Banana_Good_IMG__8486.JPG
29044.5,1715.7514288425446,1.0269058295964126,0.1239838248608583,0.6943046674236538,29.61737963428955,15.04424453582523,113.38339204831404,68.02924807384616,64.65428619359167,46.6143075425473,996.2092644932966,190.63700731649755,0.5783460976241604,0.4122521731540202,A,grading/data_processed/banana/A/Banana_Good_IMG__8653.JPG
32751.5,1389.3351283073425,0.984375,0.21321955170672732,0.8167863733852062,25.917355619458423,16.289736926064005,88.61457584471603,70.85898530749307,70.92508387251378,49.08628143630957,842.303015034215,137.43841820219126,0.5979468487495843,0.48133975850306504,A,grading/data_processed/banana/A/Banana_Good_IMG__8647.JPG
35316.5,2281.824585914612,0.9140625,0.08523599012714873,0.6352288363476118,71.6339885475168,49.28500646309597,101.06442021803767,56.61877318282949,74.4957328488052,46.11769591986505,1367.5163587550267,290.3705907993562,0.5039751608832527,0.3871310693149966,A,grading/data_processed/banana/A/Banana_Good_IMG__9217.JPG
39238.0,2367.1454330682755,1.0,0.08799679301495963,0.7256553701049517,67.15914170764417,47.449243317469595,100.88551134952566,57.299133822278435,84.08617692345899,53.11386190703406,1586.9703907032963,386.6240655637255,0.4698023165472533,0.3765961641733629,A,grading/data_processed/banana/A/Banana_Good_IMG__9203.JPG
32668.5,1430.1290655136108,1.0666666666666667,0.20071904942883476,0.7555157261794635,27.571733125150132,17.810766841788105,103.91913884218111,73.95129962737322,67.97549843862599,42.37472529071876,689.7255976017316,232.80841503267973,0.5591669901013979,0.45173414427550057,A,grading/data_processed/banana/A/Banana_Good_IMG__8690.JPG
39173.0,1339.3767590522766,1.0,0.27440446834484455,0.8418145871835647,23.597455816175177,12.167831542927283,118.64311034014632,75.17051329272927,88.847172989416,62.74867995805627,1345.0672899400815,201.03555453431377,0.5024463193339582,0.39169638177745225,A,grading/data_processed/banana/A/Banana_Good_IMG__8848.JPG
35122.0,1419.7199045419693,1.0,0.2189695672988216,0.8199465384211325,30.054239941845836,20.337791572727426,103.55528839432996,76.93733848463658,79.50392820197389,57.51300382546127,1346.5286406241357,223.7598958333334,0.5478711464111636,0.4514622651000304,A,grading/data_processed/banana/A/Banana_Good_IMG__8684.JPG
37949.5,1568.1879394054413,1.0,0.193918705489791,0.7805327025915261,24.01652913939833,26.803686921375412,106.44610569337024,65.9303064571381,85.5516438604206,61.436124248352115,1183.1263210019097,206.48440563725495,0.5409023208354109,0.40906812049152125,A,grading/data_processed/banana/A/Banana_Good_IMG__8874.JPG
32853.5,1153.2762525081635,0.63671875,0.31040221271067403,0.8839308535683057,23.32029493750562,15.388530200833568,121.15804933609088,74.81786006250054,75.71588286425082,55.21043003907266,805.3641246321995,350.2150607638889,0.3178186508385049,0.19151851345725868,A,grading/data_processed/banana/A/Banana_Good_IMG__8860.JPG
32977.5,1609.1240116357803,1.216931216931217,0.16004737740196448,0.8388339883246213,76.89013892187128,47.317183218334286,81.1540904773213,39.55055889000125,69.09721562574211,43.65371571350656,856.9610032091281,228.10676740371062,0.43509584075169716,0.22111894132724716,A,grading/data_processed/banana/A/Banana_Good_IMG__8727.JPG
22015.5,1151.8548992872238,0.9365853658536586,0.2085176729475109,0.7425502133328836,124.1536039033045,47.599024289528046,70.55324905744068,54.492415079101676,60.13719228210246,35.09840594656478,490.0155741088876,167.49710126420635,0.548733454161836,0.42480820761181526,A,grading/data_processed/banana/A/Banana_Good_IMG__9439.JPG
32971.5,1618.295584321022,1.2486486486486486,0.15820961405835487,0.8487309514003295,77.14067741265177,47.55187942624432,81.20916080387093,39.83247053371039,68.95909401252709,43.324564500324236,746.281878397933,229.316357226792,0.42645702374896666,0.2073633687392295,A,grading/data_processed/banana/A/Banana_Good_IMG__8733.JPG
22169.0,931.0437172651291,0.9186602870813397,0.32137776029198006,0.7758723270220138,72.35438332522016,79.31913546594409,72.61875470195159,58.4004009533782,59.400539894676285,34.43835952638801,354.9299342426951,117.70237230391544,0.5893654958619102,0.4359409698190548,A,grading/data_processed/banana/A/Banana_Good_IMG__9405.JPG
21344.5,983.428493142128,0.9948186528497409,0.2773385723995755,0.8028171662842742,38.306386492934486,58.01640212662126,63.45893741971004,58.916921395860555,59.124885300055055,34.69482484324601,994.733997566303,173.6107207769308,0.5375936589630422,0.412057345503334,A,grading/data_processed/banana/A/Banana_Good_IMG__9363.JPG
24942.0,951.1269773244858,0.8240343347639485,0.3464688056449089,0.7760906092476196,52.692704843731526,67.91042221297839,76.5951602096717,62.46327056514949,67.30741339218855,39.672262252231874,881.5378276906124,165.79093544255443,0.5457763843142621,0.43289823526975696,A,grading/data_processed/banana/A/Banana_Good_IMG__9377.JPG
23189.5,1407.6193981170654,0.7710843373493976,0.14707225877135793,0.6439381317338665,40.28988122717925,58.1071716377794,61.04511688420699,52.958437169719666,62.56927015570571,36.420683840702644,289.6586321085988,199.82285161588766,0.6919073409815754,0.49990895429532867,A,grading/data_processed/banana/A/Banana_Good_IMG__9411.JPG
29824.5,4348.994397759438,0.75,0.019815513865425988,0.6206778144282696,106.85840931318421,33.231264730360266,75.68192573429663,56.18881831497218,88.98466731867369,54.38815246107789,9485.869689979487,1569.451304810209,0.3614688855931282,0.3317884154800463,A,grading/data_processed/banana/A/Banana_Good_IMG20200730132248__01.jpg
23030.5,1135.6538878679276,0.9014084507042254,0.22439917024289602,0.7451186566802013,57.83294407405835,69.73866847322975,70.95205741220434,63.876019449132116,62.189901906662705,36.56273530878912,280.25235126302186,172.464960794435,0.5960768278069402,0.4223475918889619,A,grading/data_processed/banana/A/Banana_Good_IMG__9388.JPG
36536.0,1474.0874347686768,0.95703125,0.21129264227424574,0.7624135304612752,56.83651907411888,51.1154568195148,113.48724359491356,73.08850302057076,80.5137511089604,55.66666164798533,487.5909558494406,213.81799116290983,0.5451689081114802,0.4025986717654722,A,grading/data_processed/banana/A/Banana_Good_IMG__8928.JPG
38869.0,1990.9057565927505,0.96875,0.12322868862622458,0.7281566129636567,52.118187077139766,49.47752057096428,109.66005181216832,68.59611453102274,90.82786287381474,65.77403740777,808.3608846158315,207.74680541497975,0.5049296247961003,0.369643609891592,A,grading/data_processed/banana/A/Banana_Good_IMG__8900.JPG
37044.0,1518.7737262248993,0.94140625,0.20180949167977708,0.760149797363156,50.3352063399507,48.148470552607535,118.29889474939702,70.91173289836775,82.04723157253042,56.94620352144435,464.9591718993464,221.94583333333335,0.5324975903819226,0.38440481361475237,A,grading/data_processed/banana/A/Banana_Good_IMG__8914.JPG
35535.0,1339.0336126089096,1.0168776371308017,0.24904809611992224,0.8696982305000123,92.86039625878577,45.8634415869823,64.38056893021196,40.90579551061353,72.3764458464774,42.831367735100876,2097.5248316203224,214.9691104078762,0.5011472085938369,0.3658304879780307,A,grading/data_processed/banana/A/Banana_Good_IMG__8525.JPG
28835.5,1814.4377197027206,0.765625,0.11006600894111568,0.6917393338211129,27.875366816204,25.727997538363525,55.27422673457686,69.26638659132753,61.66266401322225,38.40030874574236,2867.085605274981,391.38379407051286,0.4987694838928826,0.4027360851862278,A,grading/data_processed/banana/A/Banana_Good_IMG__8531.JPG
42359.5,1295.7615349292755,0.97265625,0.31703741766106686,0.8334382685686178,54.140641374973804,46.44779438038717,98.73699899857938,58.710906663531695,92.6165956356692,62.41657512675909,932.6404200489739,162.10524823588707,0.5000801694855911,0.3233755744018001,A,grading/data_processed/banana/A/Banana_Good_IMG__9149.JPG
43257.5,1331.3595126867294,1.0,0.3066765642037076,0.832835964574509,54.73889940477548,46.4703593944343,99.47957764145134,59.06714901931111,95.35186663321855,64.54447416857708,886.0922508239746,166.91314338235293,0.5028652567637681,0.32792282372902176,A,grading/data_processed/banana/A/Banana_Good_IMG__9161.JPG
27599.5,1640.2367091178894,0.9105691056910569,0.12891338839665092,0.6638883877563293,87.55192260160305,47.67518578353322,67.17220437131458,62.11255934083738,58.651954380141945,36.393205274419024,2405.90847937614,230.6493674578001,0.5769123036773397,0.48031113166478134,A,grading/data_processed/banana/A/Banana_Good_IMG__8519.JPG
36641.0,2159.8662160634995,0.96875,0.098701437773298,0.6690342724633447,65.04052256279267,49.12747244086778,92.35680076628353,53.369135916947585,79.73262558535546,51.0877258248178,1463.85591678019,340.1489277580972,0.506625443983474,0.4013153583624732,A,grading/data_processed/banana/A/Banana_Good_IMG__9175.JPG
34048.0,1854.2438498735428,0.96875,0.12444222736491148,0.7470516603951598,38.94399816387423,44.638264634996965,113.74641381684646,66.56515691912695,69.24406128069772,40.48699229317192,558.5351190160143,240.3311930668017,0.5676194533827,0.4469768326742436,A,grading/data_processed/banana/A/Banana_Good_IMG__8595.JPG
42607.5,1252.7320957183838,0.9959016393442623,0.34117681280989437,0.893566822209406,30.034682482681927,14.754572332980105,122.97196673076478,66.28267007127126,97.55612445844821,68.73132180423983,783.7713636667472,242.5337691369733,0.3880007771583238,0.268343321471365,A,grading/data_processed/banana/A/Banana_Good_IMG__8581.JPG
31876.0,1404.714850783348,0.7540322580645161,0.20300060604631623,0.8366953212153029,73.00178467029755,48.53489071144806,82.62146527585465,40.11428075706543,68.95806024800763,46.22363713038448,838.2859125333069,213.67960891432534,0.42236980069901386,0.29160298889555797,A,grading/data_processed/banana/A/Banana_Good_IMG__8556.JPG
33077.0,1570.513840675354,1.0429184549356223,0.1685203843823445,0.7239122822375909,27.782119597394907,27.081759202002182,73.34813499111901,74.05106568820915,68.04544108940202,40.22235608696654,1544.355447705914,279.5980385202001,0.5058090849469236,0.40013541819801707,A,grading/data_processed/banana/A/Banana_Good_IMG__8542.JPG
31379.0,1803.9595795869827,1.0925925925925926,0.12117006995151935,0.7086334996951288,23.3109183610023,17.114677620686543,114.95824783933345,81.33185385197848,64.18762046881801,38.13019691313838,648.4700640422986,253.87214342001576,0.5064739653255151,0.3644033457233918,A,grading/data_processed/banana/A/Banana_Good_IMG__9112.JPG
32865.0,1720.3372156620026,0.9790794979079498,0.1395456592600529,0.7420159624307147,23.529380278339477,17.849332395154825,112.53425716664684,80.82618238984752,66.63188414416558,39.11380950994545,630.9544230691889,217.94977283746658,0.5352126402840663,0.3961506239546035,A,grading/data_processed/banana/A/Banana_Good_IMG__9106.JPG
31676.5,1382.6488354206085,1.0448979591836736,0.20822039650966004,0.7230426843186487,19.311540366518077,11.325187165935546,44.2780770183259,58.42841019738513,67.04751733531451,41.18913029652684,2429.2456763618084,177.79495798319323,0.5930274148251734,0.48584365779209654,A,grading/data_processed/banana/A/Banana_Good_IMG__0122.JPG
42650.5,1240.4478281736374,1.024,0.34831885554109737,0.9358207809020197,23.796245717989073,13.123357446611653,131.37096102212757,72.74657261755765,95.66410517544672,65.21684920336563,1204.0363114990234,230.44738823529417,0.43866379631971636,0.3234520779350354,A,grading/data_processed/banana/A/Banana_Good_IMG__8797.JPG
27283.5,1278.5655755996704,1.062240663900415,0.20973162975267576,0.6297766749379653,28.787159979903826,28.572679244435136,56.74291250986866,80.30902290363333,57.31346443694825,35.53361201749013,3812.0270761415086,183.06217557562445,0.6204393047090984,0.5464565422647613,A,grading/data_processed/banana/A/Banana_Good_IMG__8783.JPG
29037.5,1918.8052508831024,0.8235294117647058,0.09910767552833291,0.6052190043456965,98.52462361993977,41.148775911523465,87.53425894948143,53.649514182252084,61.037571094011376,36.052336778751375,1738.9778482579088,285.81925133689833,0.5216818921739077,0.4352070066097857,A,grading/data_processed/banana/A/Banana_Good_IMG__8973.JPG
28451.5,1815.0062609910965,0.8299595141700404,0.10853224259871347,0.6189347052873163,97.88484019825671,41.99774677430331,86.448367800376,53.53444584056715,59.85301657836267,35.49585467204453,1691.9120469158895,282.0849210129397,0.5082184037004652,0.4155454742194062,A,grading/data_processed/banana/A/Banana_Good_IMG__8967.JPG
34834.5,1720.9473885297775,1.0130434782608695,0.1478033433493565,0.8236664144519058,75.55488113302984,50.2472164458443,85.43275445399877,45.49052531674398,74.20058449952228,48.21237145024653,1433.836131729854,255.30273613193404,0.46143750349570667,0.32902953132337187,A,grading/data_processed/banana/A/Banana_Good_IMG__8754.JPG
35255.0,2509.7240775823593,1.0,0.07033615584063685,0.6040383445699943,22.491958762886597,18.567308519218194,91.52371134020619,76.73955154355373,72.15353951890035,41.83065630682171,1685.3018212334719,463.7232077205882,0.5260580029245152,0.43540634907912834,A,grading/data_processed/banana/A/Banana_Good_IMG__8998.JPG
33829.5,1201.7960255146027,1.1689497716894977,0.2943363609593284,0.7515161612795734,79.09817039471771,50.20381325131592,74.33782250792635,58.292279874267315,79.1548619796969,58.709574565774076,1889.6233774607801,219.45443638642675,0.5106465853139736,0.3856621051167728,A,grading/data_processed/banana/A/Banana_Good_IMG__8740.JPG
21588.5,982.4579311609268,0.9458128078817734,0.28106347151288724,0.7832988643372882,32.813855367026584,52.42639996709101,65.97622720261319,59.05314249594774,60.39973686598312,35.5970839703417,1294.7765065061878,135.96017847471177,0.5588876146171317,0.4353049917408048,A,grading/data_processed/banana/A/Banana_Good_IMG__9338.JPG
44469.5,1689.501648068428,1.0,0.1957739353704593,0.7731943526793477,62.154228745744724,47.09463607490427,97.58406649277157,53.37087027876726,97.56666961404129,64.05504211231725,1697.381501067197,325.7041513480392,0.41694314682905814,0.3040558925333896,A,grading/data_processed/banana/A/Banana_Good_IMG__9310.JPG
26889.0,1003.8721446990967,1.9692307692307693,0.33529548691054484,0.8595678025701682,76.90443461411911,72.83200792225146,71.19138668518993,69.61188714344011,54.85895514203195,32.611056438653456,771.6241346153846,132.4577978883861,0.38564638132832907,0.1796502143053682,A,grading/data_processed/banana/A/Banana_Good_IMG__8768.JPG
43508.0,1780.9991219043732,1.0,0.17236598804705164,0.7349324324324324,59.83628568204897,46.66051138662962,96.5946293580052,52.93050798815245,95.42249802549927,62.511857220185256,1795.9874791763723,326.7463388480392,0.4257104338004677,0.3183307088222215,A,grading/data_processed/banana/A/Banana_Good_IMG__9304.JPG
31849.5,1451.2661467790604,0.796875,0.19002833072134423,0.8031951782314297,64.64835740016626,54.814901127046724,94.18359555405031,64.56421860311889,66.17432802734075,41.62701561087465,435.92556838813266,217.7267741687193,0.5205566807646476,0.3711762817446682,A,grading/data_processed/banana/A/Banana_Good_IMG__8807.JPG
33032.0,1888.3960902690887,1.0,0.11640149245158979,0.6822749382932799,81.17689765080864,48.541702542374445,94.12185692362176,73.76632550374732,68.83945224884901,39.75369384852878,886.058413045248,245.4288449754902,0.5933223045440722,0.4772733497154949,A,grading/data_processed/banana/A/Banana_Good_IMG__8813.JPG
41564.5,1622.839742064476,0.96875,0.19832668609070372,0.8189000423591067,65.85919689731826,49.38303496852156,94.78198458118526,55.72061048873029,87.57626637657853,54.833840572346524,1278.7518467729471,299.5503384362349,0.43591705489059196,0.32964526849115583,A,grading/data_processed/banana/A/Banana_Good_IMG__9258.JPG
36792.5,942.9432125091553,0.8515625,0.5199937037945663,0.8843394344361788,71.60607118871727,54.04018787332778,89.52676964405642,48.59465974414829,79.04330423102753,52.0261246029081,377.90888455206874,106.08640552995391,0.5089477986027423,0.333558375002839,A,grading/data_processed/banana/A/Banana_Good_IMG__8620.JPG
34305.5,1888.2123255729675,0.9765625,0.12091271167856674,0.6685798366821929,28.739697977988225,19.16788458725908,91.13690526974376,72.16291857157867,76.83189716463328,53.697494417826846,1215.405480433594,206.75379643574297,0.5688609401201089,0.44810411301980774,A,grading/data_processed/banana/A/Banana_Good_IMG__8634.JPG
41760.5,1590.0113143920898,0.96875,0.20757503718718898,0.8219519156013502,66.32894550934866,49.371545184815226,92.93422973673056,55.30650016223478,87.95728347383789,55.158609069498304,1295.754218482574,307.3427694838057,0.43191139019838426,0.3269389465889153,A,grading/data_processed/banana/A/Banana_Good_IMG__9264.JPG
32783.0,1741.3077770471573,0.9453125,0.13586496410339624,0.7274119108902104,39.234964534779756,44.14510836396504,113.15402038505096,69.82020097654696,67.08288132562437,39.65512293162499,672.3689125943775,209.5161760892116,0.5756368384804355,0.455003991955123,A,grading/data_processed/banana/A/Banana_Good_IMG__8608.JPG
41657.0,1542.5138411521912,0.9765625,0.22000862910428484,0.8192697629138682,66.78198649223067,49.58216032480444,93.78198649223067,55.101034557754176,87.532730364143,54.66960809796182,1330.715795906006,291.0849962349398,0.43931938968631884,0.33461511504494207,A,grading/data_processed/banana/A/Banana_Good_IMG__9270.JPG
38069.0,1739.1900287866592,1.0677966101694916,0.15815657784276818,0.7651675795186171,53.29987895645007,45.46531148175197,98.63117772798681,54.241605530137385,81.21826469906513,52.688915302340156,671.4848143821557,205.65169829157946,0.4954371554965958,0.3419778626569465,A,grading/data_processed/banana/A/Banana_Good_IMG__9099.JPG
37144.0,1508.5727165937424,0.9765625,0.20510017773119682,0.7036980903304032,22.096295708733244,18.427108342304166,87.46582586393802,70.84080003260132,91.4518124851273,72.66831457747055,1732.2796457692868,223.820249748996,0.5335471619967639,0.4060942091043429,A,grading/data_processed/banana/A/Banana_Good_IMG__9066.JPG
37520.5,1537.3838967084885,1.0,0.1994866446985279,0.7783932368653078,64.5568410857786,52.5906402779964,77.84370337408058,75.27882221844412,88.15778865534121,66.06879795041313,1536.9252499192953,226.6617800245098,0.5438389393834099,0.4150934821285222,A,grading/data_processed/banana/A/Banana_Good_IMG__9072.JPG
37154.0,1500.714850783348,1.0,0.20730944085324207,0.7664727482774271,58.31500330469267,53.623112016956625,79.06419035029742,77.48694044213708,88.61110376734963,67.43422407041822,1463.1783749153838,217.3009803921569,0.5481410391680516,0.42048599546675586,A,grading/data_processed/banana/A/Banana_Good_IMG__9073.JPG
37126.0,1462.6315912008286,0.98046875,0.21808114838543505,0.7063277653057342,22.534259626836047,19.26995211917995,87.75241497948922,71.81042795890004,91.24062458647612,72.418256105911,1771.8835642530007,218.89990625000002,0.5341638597231134,0.40948158872993184,A,grading/data_processed/banana/A/Banana_Good_IMG__9067.JPG
27712.5,2763.7556030750275,0.75,0.04559175372699197,0.6146518359154071,49.0973830677222,21.48300498761507,113.01023265461333,68.98615866858016,90.56932969198327,54.9844457084197,6578.608062320284,1123.44441263089,0.4339583697868505,0.39837642010682867,A,grading/data_processed/banana/A/Banana_Good__IMG20200730132111.jpg
33634.5,1664.0113147497177,1.048888888888889,0.1526448969160202,0.7360329999781168,52.299793466561944,46.82845770981505,114.69595950781046,62.08907667054102,70.1286906943596,43.60531071113403,453.2784605261011,162.1688888888889,0.5432368153505296,0.34789598314373904,A,grading/data_processed/banana/A/Banana_Good_IMG__9098.JPG
33690.5,1699.2072730064392,0.9609375,0.14663059735255807,0.7380741130207136,43.02868840558669,49.81060434516696,112.66866053021285,68.35216507113898,68.99245041958245,40.88834684224564,634.5250090612235,202.99818239795917,0.5700193553154946,0.45041539190817187,A,grading/data_processed/banana/A/Banana_Good_IMG__8609.JPG
41906.0,1630.2539545297623,0.984375,0.19814154632530528,0.8161969499250141,67.0057704487345,49.53594049930916,93.49937838662007,53.74394407990495,88.23152166263986,55.11289108327373,1322.8006293596445,302.4368930527889,0.4376748865135903,0.3351224736033009,A,grading/data_processed/banana/A/Banana_Good_IMG__9271.JPG
42067.0,1567.141257762909,0.97265625,0.21524601353759362,0.8235916009984827,66.67978487080556,49.41833274900978,92.6905413305273,55.211744147237475,88.62710160177716,55.51402020745826,1364.0965354792568,303.4367754536291,0.43125686955606574,0.3248963507001338,A,grading/data_processed/banana/A/Banana_Good_IMG__9265.JPG
34219.0,1877.1412570476532,0.99609375,0.12203468030683902,0.6495202482750766,29.696795164233578,21.28280108510714,90.1212078010949,71.59020412202419,76.87254790145985,53.86567777607988,1218.3016098729963,200.0763410433071,0.5754422564387816,0.4602509447941395,A,grading/data_processed/banana/A/Banana_Good_IMG__8635.JPG
41439.5,1502.4722114801407,0.96484375,0.23068081330099588,0.8251017949764552,65.92154255319149,49.44637188362112,93.83042838145897,54.98993459489145,87.18700132978724,54.58149754062895,1281.7227181022563,288.98269181910564,0.4357197310677121,0.33028249963023176,A,grading/data_processed/banana/A/Banana_Good_IMG__9259.JPG
37016.0,949.5290001630783,0.859375,0.5159206176284887,0.8819843217613,71.9447826551319,54.47721839254113,90.12490654704689,48.472369883053005,79.61136921926733,52.458896009726345,357.1478712551653,108.17041238584474,0.5081072138084861,0.33480884444206616,A,grading/data_processed/banana/A/Banana_Good_IMG__8621.JPG
33277.0,1981.8763185739517,1.0,0.10646354769279925,0.6942253932490507,80.11170960187354,49.41680069323366,94.74437939110071,73.39644761344536,69.26762295081967,39.9993498889581,982.3877284741029,251.23636642156868,0.5940761977390603,0.4731138910772747,A,grading/data_processed/banana/A/Banana_Good_IMG__8812.JPG
32332.5,1280.2712001800537,0.796875,0.24788211787667977,0.8210281738423839,65.89279742178711,55.34535946286297,95.07953543522544,65.68747955905766,67.01216138153295,42.18377379038502,422.90535270539857,200.97381080665028,0.5119894160172999,0.36404207652363546,A,grading/data_processed/banana/A/Banana_Good_IMG__8806.JPG
43700.0,1726.229570031166,1.0,0.1842867866835532,0.7607276525372095,60.582645835674946,46.38797235197217,100.19433516915814,53.68405296149559,95.77221535348994,62.69166862876287,1789.3173337576445,316.14149816176473,0.42455119145571074,0.31576281674102546,A,grading/data_processed/banana/A/Banana_Good_IMG__9305.JPG
44395.0,1676.2884446382523,1.0,0.19853927052091414,0.7714697806971814,62.46902125775022,46.70778993753665,98.67663861824623,55.47368668864736,98.09506200177148,65.09065336452923,1778.0210011564195,332.95052083333337,0.41519153593305597,0.3057487476020775,A,grading/data_processed/banana/A/Banana_Good_IMG__9311.JPG
31222.0,1408.489454984665,0.9780701754385965,0.1977713525447572,0.6989869591985224,94.88397790055248,42.26059078323364,92.83111501757911,42.07599727484139,64.8748744349573,39.14433123777974,3612.259318901413,206.1475817923186,0.47767835591910823,0.3702596686881658,A,grading/data_processed/banana/A/Banana_Good_IMG__8769.JPG
33528.0,1185.1513636112213,1.2549019607843137,0.29996450731936697,0.775841721624436,79.46720878346642,48.49552591432663,79.69017144199155,47.31313211289886,74.36730859558479,49.601631151673324,1977.4647467997108,199.93687043444828,0.48905283084718915,0.3469212033410893,A,grading/data_processed/banana/A/Banana_Good_IMG__8741.JPG
35307.0,2440.954526782036,0.98828125,0.07446484739012245,0.6045977995633375,22.1476454750261,16.829693988206934,89.96980603329854,76.85093390813556,72.32606187153141,41.9740127390455,1705.7473230912458,462.5977492559524,0.5210846441336076,0.428934347580127,A,grading/data_processed/banana/A/Banana_Good_IMG__8999.JPG
22037.0,878.2741657495499,0.9411764705882353,0.359006340779419,0.8178360023009408,31.000980217430048,50.153497222611676,65.74509891284976,60.158130418491204,61.23075209410087,35.896380965355675,1304.3378581245422,128.25562057283648,0.5546315815714349,0.42891315485627085,A,grading/data_processed/banana/A/Banana_Good_IMG__9339.JPG
34446.5,1671.8346878290176,1.0347826086956522,0.15487035770447444,0.8010348235567699,74.63227016885554,50.32561523948285,85.9191824435727,45.9158800802182,73.70296776394338,48.351560719584995,1405.6584883677701,239.46807925151344,0.47938523114339515,0.350787075617296,A,grading/data_processed/banana/A/Banana_Good_IMG__8755.JPG
28431.5,1906.2610937356949,0.8340080971659919,0.09832067891254524,0.6156802875766041,97.59725353556057,41.07689272962893,91.5281136844982,53.13259968185778,59.96262895402063,35.554014765975765,1717.6418800661045,283.11138540535205,0.5096969074532378,0.4176492717780564,A,grading/data_processed/banana/A/Banana_Good_IMG__8966.JPG
29093.0,1818.7636201381683,0.81640625,0.1105212666809372,0.6108189252459085,98.35663400113717,40.765772768676,89.89183584735275,53.77810544085563,61.251379644804175,36.221943431374086,1762.7406929746023,274.3695725661058,0.5218279183292301,0.4348249591343319,A,grading/data_processed/banana/A/Banana_Good_IMG__8972.JPG
27179.5,1284.9087218046188,1.0578512396694215,0.20687441021971248,0.6264434047064789,27.871245408053014,27.91368415239572,56.84297342073039,80.69876512290234,57.0732550601455,35.41939127203324,3714.767614167258,181.96093015718688,0.6227948020329648,0.5503862681046638,A,grading/data_processed/banana/A/Banana_Good_IMG__8782.JPG
42386.5,1152.2224298715591,1.0281124497991967,0.4012035530232631,0.9313769652490139,23.86171774851416,14.43873496101196,132.9444353804918,71.8383399136597,94.76366390863535,64.53905001513998,1197.9660720213622,212.5551933223088,0.4415047198110207,0.3260103357445354,A,grading/data_processed/banana/A/Banana_Good_IMG__8796.JPG
31636.0,1747.6753084659576,1.1013824884792627,0.13015771927413256,0.7163381525467863,23.37683261829069,18.104247177787588,114.22077841908701,80.82121250101459,64.66301429056452,38.291470308094105,631.6853974257759,244.15683692831976,0.5142782766902979,0.370654682381258,A,grading/data_processed/banana/A/Banana_Good_IMG__9107.JPG
30464.5,1495.4427733421326,1.391304347826087,0.1711844539731962,0.7419327342246901,20.056438919405096,14.738960652847526,43.4004368635765,56.14860608176312,63.974366387202465,38.19690415069542,2202.006264554981,301.2659633418585,0.4617820669684253,0.3377707688071519,A,grading/data_processed/banana/A/Banana_Good_IMG__0123.JPG
31342.0,1751.817442893982,1.0976744186046512,0.1283390669845074,0.71125937524821,23.44317084566267,17.91806314656891,116.18237034729793,81.20788668813421,64.0396822924778,38.01141208679632,620.6451931714139,242.62470064324597,0.5068644203531334,0.3627404673509326,A,grading/data_processed/banana/A/Banana_Good_IMG__9113.JPG
33630.5,1568.8986160755157,1.0649350649350648,0.17169333179419916,0.7388314641299691,28.670142732304107,28.96880545305261,72.57427905621905,73.37392691838573,69.20573842120594,40.91102786863274,1606.7520421047595,303.62606237300116,0.4972115199029897,0.39214271102559317,A,grading/data_processed/banana/A/Banana_Good_IMG__8543.JPG
32521.5,1426.0701899528503,0.7773279352226721,0.20095491337961127,0.8366950526126219,73.85420814479637,48.7490815593451,83.13511312217194,40.87342999907441,69.81085972850678,46.058051143400135,989.5483877402756,221.84498802382515,0.42287615393169037,0.29405324704733865,A,grading/data_processed/banana/A/Banana_Good_IMG__8557.JPG
32745.5,1227.300637960434,0.6953125,0.2731867114583923,0.8833899859717277,27.94396033653846,15.706365539180082,123.55931490384616,74.09468363384666,77.90501802884616,57.50156633579148,691.7868265253835,345.3334878177966,0.364925549961838,0.25914714422592705,A,grading/data_processed/banana/A/Banana_Good_IMG__8580.JPG
43173.0,1259.3178828954697,1.0,0.34209864243266563,0.8849011549852936,29.65272569285649,15.674755324244565,119.90471508277692,67.3236349821848,99.0489801518339,69.56455635772188,828.3434787216534,238.88014235340214,0.39950190696026755,0.28549898148210157,A,grading/data_processed/banana/A/Banana_Good_IMG__8594.JPG
42863.0,1227.9452992677689,1.0040816326530613,0.3572188651486156,0.8936307724382362,30.27431283551828,15.867436661043529,122.72370573462663,67.31654265781478,97.97440269105822,68.9297065052191,556.133621049451,222.4326364014994,0.39829623638816614,0.2764864952377445,A,grading/data_processed/banana/A/Banana_Good_IMG__8582.JPG
36741.5,1743.2905323505402,1.0,0.1519242858916946,0.7544920631661088,44.42898280229303,52.65541469649135,111.81498466871084,66.26179473400084,75.10793227569657,44.4490379364293,611.525737821823,229.80186887254905,0.545141364881084,0.42478209665371586,A,grading/data_processed/banana/A/Banana_Good_IMG__8596.JPG
33648.5,1551.727043747902,1.0603448275862069,0.17560824979453885,0.7406180529571017,27.004484696700544,24.880806343106325,72.81251638079152,73.28818347767852,69.07781239989517,40.747293726648586,1428.7902907567254,288.257512315271,0.5018772140474459,0.3946414080298918,A,grading/data_processed/banana/A/Banana_Good_IMG__8541.JPG
50121.0,1206.0386654138565,1.1428571428571428,0.4330191752150366,0.9319288981443605,51.72020050520998,43.52924639067394,93.64824755288917,50.081922223690675,108.59377960214714,70.25803016593181,588.2268666050264,196.44338235294117,0.3491224451984462,0.11510087070103006,A,grading/data_processed/banana/A/Banana_Good_IMG__9139.JPG
32242.5,1384.1290646791458,0.7854251012145749,0.2114878372369266,0.831699641447623,73.75772332978238,48.46582401371055,83.87103941561406,41.33313096703427,69.47645716024958,46.37581507642586,933.0130820546746,212.2771706068679,0.4372607944655172,0.3077128590144701,A,grading/data_processed/banana/A/Banana_Good_IMG__8555.JPG
32494.5,1916.9473872184753,1.0,0.11112181750939788,0.6732169679390895,20.823836372360844,14.572333495924164,44.42034548944338,56.97134155279919,68.82902471209214,41.58256140600559,2759.785363359144,322.3548253676471,0.583034438143352,0.48967617118261525,A,grading/data_processed/banana/A/Banana_Good_IMG__0121.JPG
37670.5,1813.7169398069382,1.0510638297872341,0.1439037893433847,0.7762311971976097,54.16558770766711,45.9897519616347,98.45482671658478,53.922278100412576,79.89241608818865,51.158587975230574,650.149259287832,211.52603355820793,0.4862371077125141,0.3320414141975754,A,grading/data_processed/banana/A/Banana_Good_IMG__9105.JPG
30892.0,1953.4398082494736,1.0921658986175116,0.10173158774451672,0.6917539047192521,23.810195979582833,18.98505986217325,112.49703825067742,80.6666338131838,63.44429390635831,37.80714783760363,658.0537589488903,270.5161680856049,0.5166880981722172,0.3772784207203193,A,grading/data_processed/banana/A/Banana_Good_IMG__9111.JPG
34005.5,1211.2173771858215,0.68359375,0.291282801539045,0.903104583842354,28.08604765627262,16.04252963431206,123.78103013984192,74.051492779916,79.2229653435247,56.9644813847487,587.1614203957071,333.0378277658047,0.33315160074281763,0.22051292667964628,A,grading/data_processed/banana/A/Banana_Good_IMG__8569.JPG
27479.0,1261.0092273950577,1.0448979591836736,0.21715721289229237,0.629422206951841,26.924113348779183,25.508768162271352,56.77843521653894,79.71495975367728,57.727428265906255,35.84743640745116,3690.1218179508137,187.34858743497398,0.6243846219604243,0.5509141537652034,A,grading/data_processed/banana/A/Banana_Good_IMG__8780.JPG
30574.0,1968.8468812704086,0.96484375,0.099114738889359,0.696113476469115,89.01618544899517,48.03606610356588,68.90310989570084,47.409207695361594,64.32692063088273,38.79959956968349,1619.1707893725109,229.03309197154468,0.6344942308151404,0.4979111097275568,A,grading/data_processed/banana/A/Banana_Good_IMG__8958.JPG
42216.5,1169.3940052986145,1.0158730158730158,0.38794518193578953,0.9219488758585296,23.70297585626053,13.525818212452162,131.74716919333707,71.99655639625229,94.32437301141681,64.27884542608217,1219.5931060389266,205.48873327108626,0.45285571558542814,0.3360415808905781,A,grading/data_processed/banana/A/Banana_Good_IMG__8794.JPG
28604.0,1716.7392362356186,0.8046875,0.12196296314404294,0.6164256621339138,97.48023560655068,41.46012698004352,89.50393245037623,52.949299172484444,60.19948248272105,35.79020381215201,1753.7787662185724,257.3943597560976,0.5260362563241173,0.4370744414261213,A,grading/data_processed/banana/A/Banana_Good_IMG__8964.JPG
29005.5,1778.9818774461746,0.8125,0.11517206997678497,0.6134380915118381,98.003221152233,41.285545271800494,88.02167567023454,53.434111212786796,61.02338690735832,36.117448835278495,1739.5297687011357,270.1368319746377,0.5212494603283416,0.43445439135961306,A,grading/data_processed/banana/A/Banana_Good_IMG__8970.JPG
33612.0,1213.4945086240768,1.147982062780269,0.2868326518693642,0.7480554164580203,79.18821532066856,49.499303105964074,75.71802827620525,56.39826971158618,78.03963352164622,57.17212455501265,1893.8699806414513,209.66325507781588,0.5231520374827241,0.40079859722790273,A,grading/data_processed/banana/A/Banana_Good_IMG__8743.JPG
25142.5,1465.8204089403152,0.75,0.1470472119073051,0.6266668328306871,114.46245932124593,41.95845697282929,81.66569812490314,41.0839269767543,68.67844413451108,40.12121968431324,884.5154699248573,207.51846776832465,0.5834110783131565,0.4700804516373739,A,grading/data_processed/banana/A/Banana_Good_IMG__9449.JPG
30173.0,1118.2152901887894,1.4143646408839778,0.30323372713329116,0.7242244224422443,34.018048542107834,51.97220365538787,67.10405603518488,59.13690225933041,60.71591464407884,35.19480924336714,1107.652338054677,111.79298017549561,0.5135719579271228,0.3418330061603951,A,grading/data_processed/banana/A/Banana_Good_IMG__8757.JPG
44211.5,1685.643782734871,1.0,0.1955300483718584,0.769036084850277,60.969228032728566,46.498616544239404,97.52674759871931,51.86748360178443,96.84409462824618,63.14439606447671,1671.729840166634,319.72305453431375,0.4176721934153729,0.30824745604539744,A,grading/data_processed/banana/A/Banana_Good_IMG__9307.JPG
44390.0,1694.087434887886,1.0,0.1943673736860616,0.7710144424083997,63.839086822701006,47.13547975739973,96.37769314231306,55.70697079187536,98.270565310777,65.61799412033459,1797.249490483664,341.67078737745106,0.4159891170883589,0.3056748809992198,A,grading/data_processed/banana/A/Banana_Good_IMG__9313.JPG
41215.0,1283.2934979200363,1.0,0.314494591105034,0.9035405020278418,23.982654672472368,12.500360705489484,133.20759366476864,73.43218990294041,94.63785348581271,66.33090145027062,1162.61250481545,183.70245098039217,0.4861010389851762,0.3605200057094092,A,grading/data_processed/banana/A/Banana_Good_IMG__8838.JPG
40986.5,1564.4722102880478,0.98046875,0.21043355468311645,0.7241175223490336,66.60861117774047,48.801027063682724,88.42856800191892,51.74295654312196,91.6055169105301,61.27874105143064,1463.3284901488942,270.23353125,0.4552326746781948,0.3471404903198866,A,grading/data_processed/banana/A/Banana_Good_IMG__9298.JPG
32474.0,1321.0579974651337,0.77734375,0.2338308892455878,0.80021684757833,68.71430300096806,55.23426958392937,91.8596321393998,63.361064356883176,66.5565706679574,40.74128517448293,448.61523727872054,190.83108428030306,0.49814077694642184,0.3462007746900679,A,grading/data_processed/banana/A/Banana_Good_IMG__8810.JPG
31898.0,1382.1950792074203,0.79296875,0.2098140817875014,0.8158786592150192,65.26183295377608,55.34339059155908,95.43654213085493,65.84579810544405,66.19594386655999,41.70316436948174,429.10188091803593,213.42456296410887,0.5199105039908967,0.36778628921740736,A,grading/data_processed/banana/A/Banana_Good_IMG__8804.JPG
34279.5,1905.0407520532608,1.0,0.11869592298675019,0.651187751108916,28.916261203585147,19.667237820020343,91.1719732536634,72.71237243382602,77.01644615165742,53.95478115310416,1221.5054100619163,202.01896446078428,0.5765849343331234,0.461632040108901,A,grading/data_processed/banana/A/Banana_Good_IMG__8637.JPG
36578.0,941.8721444606781,0.85546875,0.5181385598168906,0.881493173958622,70.6175191159385,53.5620548850038,90.35502958579882,48.898348885372826,78.98192429277782,52.30787901249578,379.9132637235018,104.47288919151379,0.5134879734479811,0.3399754885111004,A,grading/data_processed/banana/A/Banana_Good_IMG__8623.JPG
42229.0,1640.7392355203629,0.98828125,0.19712492178403213,0.8153024876678476,67.16180920899484,49.24994337262752,93.07814609618697,52.708937155328016,89.04173844219936,55.59619309030631,1326.1643993933897,296.37816220238096,0.4373620746399397,0.3323397895076907,A,grading/data_processed/banana/A/Banana_Good_IMG__9273.JPG
42091.5,1620.1534501314163,0.9765625,0.20150784888519754,0.8226137429643527,66.57785564120533,49.546693793357406,93.58565755664564,53.03960572635342,88.67075449661294,55.31899429868521,1318.868934964844,302.02618285642575,0.4333250773010896,0.32673253996129964,A,grading/data_processed/banana/A/Banana_Good_IMG__9267.JPG
37542.5,1246.8498466014862,0.9453125,0.30346229718956175,0.7896369678613495,69.32350085290645,47.93697126039266,92.57816559506627,52.0187826125292,80.09828106547697,50.48594949724646,1835.7570124539461,151.1046583246888,0.5133318379935431,0.38249260039949784,A,grading/data_processed/banana/A/Banana_Good_IMG__9059.JPG
37371.5,1481.7859191894531,1.0,0.21388457576072267,0.7730328479232169,62.86427219183845,55.73954343254851,79.90142511569205,77.19377008921025,88.67903344551956,67.27139512179019,1428.406111430144,214.71465992647063,0.5460214643419548,0.41775758466517954,A,grading/data_processed/banana/A/Banana_Good_IMG__9071.JPG
37117.5,1476.3300741910934,0.984375,0.21400388009126298,0.7027234260074404,22.25368591016173,19.074262453228528,88.72370893882845,72.42558941138022,91.52256544641203,72.83788915194236,1764.977483701814,217.18673742529882,0.540128342383685,0.4113724283714079,A,grading/data_processed/banana/A/Banana_Good_IMG__9065.JPG
36924.0,1594.6559752225876,0.97265625,0.182467111565648,0.6993579180635263,23.32194383186758,21.77752133244436,89.05316576772856,72.56563409838145,91.23506124292584,72.68179255291965,1759.4342875303532,240.55547505040323,0.5309614846047723,0.40622981409188647,A,grading/data_processed/banana/A/Banana_Good_IMG__9064.JPG
37242.0,1470.371704697609,1.0,0.21646544889302233,0.7775110127560074,56.249835079293874,53.43353724128346,80.0520357811964,77.16887325694904,88.59244795102515,67.37721783780492,1492.6181233813986,221.14140625000005,0.5479476981524892,0.41976485010670833,A,grading/data_processed/banana/A/Banana_Good_IMG__9070.JPG
36798.5,1222.222430229187,0.94140625,0.3095561815211771,0.7857051350485748,68.46768579995717,47.5355017752059,93.84332833583208,51.897840227075704,78.49957164275006,49.52876729444506,2110.099026452793,145.43846028645837,0.5210686011107628,0.392587757403627,A,grading/data_processed/banana/A/Banana_Good_IMG__9058.JPG
33066.0,2992.733306288719,0.75,0.04639332415597728,0.7636225073034422,42.06115442802281,23.379611488859755,118.31313278249738,64.71870057859212,121.2967240777377,77.39843705545456,7560.698937250508,1286.014029777487,0.3394858427749922,0.28511142918453114,A,grading/data_processed/banana/A/Banana_Good__IMG20200730132112.jpg
41927.0,1609.0823826789856,0.97265625,0.20349188400334334,0.8230582738685329,66.6598578832579,49.225311296327185,93.40191365118079,54.09444215901201,88.31162496189114,55.223769902637514,1322.2617305273802,300.31163369455646,0.43348947205462224,0.32684824970746534,A,grading/data_processed/banana/A/Banana_Good_IMG__9266.JPG
42175.0,1646.396090745926,0.984375,0.19552230247259153,0.8191388117388856,67.20430708991749,49.22066033027135,92.31286999487251,53.06256460699636,88.73817181746142,55.382879012410335,1353.4655496484838,313.066297310757,0.4338363458585533,0.33033414068859496,A,grading/data_processed/banana/A/Banana_Good_IMG__9272.JPG
36901.0,957.5289987325668,0.859375,0.5057595925897465,0.8805450163457179,70.98055756407166,53.53023773901521,91.23502316488579,49.572427849242935,79.62194370798854,52.84036551768204,367.8683085515676,107.19297588470322,0.511531400009945,0.3377811493281861,A,grading/data_processed/banana/A/Banana_Good_IMG__8622.JPG
11169.0,1900.1504826545715,1.0491803278688525,0.03887300930739515,0.5401654011703826,51.659959926531975,32.03658528191407,122.08390382367674,73.14409749175968,75.03114042411087,57.911880383181874,12814.09951570356,843.3642605784908,0.6653787307765422,0.6438820794427296,A,grading/data_processed/banana/A/Banana_Good__IMG20200730132304.jpg
34217.0,1856.8569868803024,1.0,0.12470816288488723,0.6506308173529439,29.450747205110655,20.423164843618423,90.73151950718686,72.16769622333558,76.8430869267625,53.86985722941764,1188.582261318108,198.3073529411765,0.5796195449055707,0.4628119032848137,A,grading/data_processed/banana/A/Banana_Good_IMG__8636.JPG
31408.5,1474.520980477333,0.80078125,0.18153281709331406,0.8016871713716882,64.66607371344756,55.47407107395988,95.7842586524358,67.22702308615351,65.41541054208408,41.503051028943304,416.9747636962746,218.05834482230392,0.5266417202360028,0.3817719146293936,A,grading/data_processed/banana/A/Banana_Good_IMG__8805.JPG
33606.5,1783.7270430326462,1.0,0.13273221908326274,0.7044427908146689,79.45758870194403,50.12046260872693,95.13218841716792,73.49118940645626,69.82457210937727,40.35702619494469,1149.5206498110201,218.56351102941173,0.5893147542797236,0.46974308303165013,A,grading/data_processed/banana/A/Banana_Good_IMG__8811.JPG
40924.0,1229.8376541137695,1.0364372469635628,0.3400105310104275,0.9020156713210417,23.877760100279627,10.506596136366198,132.1158760003857,73.69648317288677,94.13971651721145,66.22723476998573,1147.3420952748775,188.29791220131779,0.4683222124524023,0.34262697771880096,A,grading/data_processed/banana/A/Banana_Good_IMG__8839.JPG
41107.0,1571.5432790517807,0.98046875,0.20915726572621707,0.7262143469158813,66.66668261067132,48.54095755828498,88.66273646951905,51.48566898812217,91.82469566881113,61.232367598208356,1419.654681793158,269.4501406249999,0.4547521081896246,0.3454702264568743,A,grading/data_processed/banana/A/Banana_Good_IMG__9299.JPG
44280.5,1701.8447941541672,1.0,0.19212438005742996,0.7721098517872711,63.94455788352273,47.34901418040519,98.16645951704545,56.0267804113391,98.00603693181819,65.42169915752827,1922.4190974140074,343.85254289215686,0.4161048801929399,0.3071147000720161,A,grading/data_processed/banana/A/Banana_Good_IMG__9312.JPG
44435.5,1668.3889510631561,1.0,0.20060664985412852,0.7648501643802605,61.7170892517368,46.42650111475093,98.62389928757909,55.76417613142537,98.15952033275809,65.03157062929021,1651.830357393017,323.03936887254906,0.4148306793496416,0.3051968991215522,A,grading/data_processed/banana/A/Banana_Good_IMG__9306.JPG
28353.0,1084.55843603611,1.299492385786802,0.30290257711249335,0.669026298092238,30.6021345160955,47.07747922844009,67.87542880903705,59.149012457640076,57.17391455005371,33.23817371530527,1433.5232181070871,78.26358116850801,0.5948573739539169,0.4323558907745953,A,grading/data_processed/banana/A/Banana_Good_IMG__8756.JPG
23242.5,1456.8742320537567,0.7559055118110236,0.1376095516208579,0.6120232248890761,48.43648004017073,61.266277041410305,65.53343376014729,60.73467890168955,63.8381036069964,37.5993323420873,1405.0918838402483,239.16364348435513,0.5948728098515954,0.5043026711994985,A,grading/data_processed/banana/A/Banana_Good_IMG__9448.JPG
33870.5,1170.2813048362732,1.158371040723982,0.3107784793163688,0.755919833954516,79.48705054791733,48.81171562519504,77.63971165305351,52.29102544611769,76.85480917361858,54.14632046909483,1960.9667861865682,200.67262887055278,0.5185858587954731,0.39131287630600886,A,grading/data_processed/banana/A/Banana_Good_IMG__8742.JPG
28951.0,1803.6509244441986,0.8228346456692913,0.1118326087511659,0.6091420756404187,98.83145123344761,41.9837612397513,81.11867311958056,54.3915268402625,60.80691671708006,35.97846038068456,1766.7439312398371,280.2841081162931,0.5188908286919288,0.4327579017164903,A,grading/data_processed/banana/A/Banana_Good_IMG__8971.JPG
28547.5,1698.4965952634811,0.8408163265306122,0.12435080021849894,0.6300416018362189,97.04425714870675,41.59144967687582,92.38753156350235,52.401197942030194,60.19255442571487,35.7174625757836,1691.5117057794241,260.0704828272772,0.5077169188102575,0.4141858551551127,A,grading/data_processed/banana/A/Banana_Good_IMG__8965.JPG
42516.0,1141.4945085048676,1.0281124497991967,0.41002903334606283,0.9342635829258913,23.921475215542284,14.167756694570603,133.0874950616997,71.43571653601386,94.75027305895749,64.32197527170258,1183.9184974080617,209.9324828726671,0.44076629252082355,0.3241056884307173,A,grading/data_processed/banana/A/Banana_Good_IMG__8795.JPG
31986.5,1826.4377210140228,0.95703125,0.12049439620227753,0.7234555056713448,91.48405682233874,46.80681012567378,70.29462870381661,45.37874371173408,67.0132605779783,40.46978322420822,1640.7727549027422,219.04689100922133,0.6128806238704332,0.47373562358885646,A,grading/data_processed/banana/A/Banana_Good_IMG__8959.JPG
27194.5,1324.2224307060242,1.0491803278688525,0.19488080379718026,0.6235268491768698,27.53865246951329,26.300285800724584,57.270657217885535,80.36656405032845,57.20338861110112,35.45740339749067,3713.612097547696,186.08259402121507,0.6240437379745875,0.5531223170057376,A,grading/data_processed/banana/A/Banana_Good_IMG__8781.JPG
30656.0,1926.4692455530167,1.0825688073394495,0.1038009171710991,0.685770529942062,24.30783398431298,20.764865376335045,113.23419389666888,80.29381159526766,62.99698326505986,37.63886579240722,675.6247465862574,264.57966035526056,0.5225962288251266,0.38280208283475997,A,grading/data_processed/banana/A/Banana_Good_IMG__9110.JPG
33978.5,1192.7909715175629,0.68359375,0.3001133954423788,0.9055138044984543,27.73809730794865,14.848955948301985,123.8481265756759,73.98230352448773,79.10168361876612,56.824463249902934,645.1211195546676,330.72207255747134,0.33785955162082487,0.2214291658279957,A,grading/data_processed/banana/A/Banana_Good_IMG__8568.JPG
31699.0,1765.3077775239944,1.0,0.12782463363875335,0.6808935667490066,21.482698109722307,16.899709218643153,43.73803952958561,59.87650765968342,68.27790776430022,42.52570414226177,2963.9940655371174,417.1500153186275,0.5740746382480366,0.5008366773234794,A,grading/data_processed/banana/A/Banana_Good_IMG__0120.JPG
37968.5,1774.9473880529404,1.025,0.1514475789666213,0.7706445294660889,53.857640591529666,45.63248806389206,98.29310656308876,53.83516080020521,80.62391927116938,51.76665338671353,700.4033835392935,211.34362244897954,0.48858332715542435,0.338700082997685,A,grading/data_processed/banana/A/Banana_Good_IMG__9104.JPG
32950.5,1404.1290652751923,0.7741935483870968,0.21001862681099764,0.8442135738259332,74.40419384624549,48.83364578056206,82.38456497780955,40.20920994238228,70.75218181276621,46.739142147795526,819.7587323986543,222.92556156054718,0.4168973058993677,0.2879557374437569,A,grading/data_processed/banana/A/Banana_Good_IMG__8554.JPG
26144.5,1745.2661501169205,1.0081632653061225,0.107861603808113,0.48602048593683195,31.19393781806025,36.68587723226681,43.48423164072657,63.90588117797814,57.40243675940715,36.49786673012036,4221.733299533462,293.4170399867264,0.6160966608501873,0.5510203141119324,A,grading/data_processed/banana/A/Banana_Good_IMG__8540.JPG
48590.0,1361.9209138154984,1.0,0.3291948141304925,0.8563397160808227,53.68263935458961,44.666727201633144,89.59997154991973,48.9437434298838,104.70858989209292,67.67593495882255,676.1896529810037,182.52872242647058,0.4421835372069675,0.24735795050248638,A,grading/data_processed/banana/A/Banana_Good_IMG__9138.JPG
25412.5,1547.8447951078415,1.21875,0.13329149327520104,0.690819877127168,73.2097966374325,33.225272906032025,200.70950940216767,36.42191012405298,70.14679636934625,41.57462725695063,467.3638264064383,188.89961105150218,0.6590491125309835,0.4120417108412661,A,grading/data_processed/banana/A/Banana_Good__IMG20200729190229.jpg
36727.0,1760.5626122951508,1.0,0.14889920168713228,0.7550005139274334,47.16255566518226,55.35994179609812,111.99389349617344,64.93357574883095,75.17116876883283,44.48567208818345,557.7849173916038,225.79489889705889,0.5494010716281474,0.4247715073587265,A,grading/data_processed/banana/A/Banana_Good_IMG__8597.JPG
42614.5,1318.4722106456757,1.037344398340249,0.30805289884469594,0.8797196589665779,30.368260215302698,16.357208228175562,125.52043060539414,71.95735169862301,97.92374117374696,69.29923185152543,730.923350767652,236.10726724324684,0.39856360406412583,0.27918172489552484,A,grading/data_processed/banana/A/Banana_Good_IMG__8583.JPG
15698.5,900.1391702890396,1.0457516339869282,0.24347181863678338,0.7401112630239027,45.445086346129955,36.578308663733225,176.98279289352715,75.99438788024126,46.01136787178532,33.536110380392344,4041.7830568304394,251.53409791589596,0.5051084763824203,0.3289100499305703,A,grading/data_processed/banana/A/Banana_Good__IMG20200729190239.jpg
42697.5,1219.7615337371826,1.0,0.36063049208603337,0.8834849002141594,29.592335622933,14.838812717580337,120.97967113022965,67.03856106900875,98.04993177455538,69.20966937004869,818.0608789281017,234.4447808631649,0.3943088722916345,0.2769379483946478,A,grading/data_processed/banana/A/Banana_Good_IMG__8587.JPG
42708.5,1340.1290646791458,1.0,0.29883463438161983,0.873072008994736,29.945218134367998,16.958849570437618,121.19942723850436,68.16173927762378,98.12917157440125,69.25241384312456,772.9007794809986,248.58408826945413,0.39673280684037043,0.2807876318150293,A,grading/data_processed/banana/A/Banana_Good_IMG__8593.JPG
38329.0,1790.6458711624146,1.076271186440678,0.1502166046513614,0.7635715281789749,53.429623379611876,45.918167726282086,99.53499015622204,54.75764213977684,81.92559637953516,53.18724001783629,654.1557519824678,209.83163060226437,0.49572978971681947,0.3413910447914022,A,grading/data_processed/banana/A/Banana_Good_IMG__9100.JPG
32715.0,1198.5727161169052,0.6953125,0.28617257672991897,0.8852538864309778,28.02250503956434,15.390410458083997,124.82766194301531,75.37572780023535,77.67879170803623,57.39425820530132,621.1406442362647,335.10237906073445,0.3679513085016071,0.26034125526652524,A,grading/data_processed/banana/A/Banana_Good_IMG__8578.JPG
31061.5,1257.678273677826,1.5238095238095237,0.24677046044124182,0.7736363636363637,19.120427455815864,14.656991998899613,42.75889215593285,52.93440466324481,64.69063201492301,38.13231117395061,2035.4495408778287,276.1406862745098,0.4001398536131168,0.2643008844212939,A,grading/data_processed/banana/A/Banana_Good_IMG__0124.JPG
26807.0,1468.6559764146805,0.9422222222222222,0.1561773050701856,0.7602665910380034,96.5759915504243,44.585068969852664,62.97461485231453,53.484327681965894,57.53454492479149,34.36949586252302,1095.2376386179346,211.85051079515537,0.5340926510337094,0.4166178571772485,A,grading/data_processed/banana/A/Banana_Good_IMG__0130.JPG
31392.0,1772.8468812704086,1.0825688073394495,0.12551233070690634,0.7087110137827496,23.087136284506343,16.924140579383028,113.2549117135041,80.37643686403071,64.17302909723949,38.09787300012925,652.2475996188326,242.55807144251418,0.5132068830689054,0.3710807362361625,A,grading/data_processed/banana/A/Banana_Good_IMG__9114.JPG
33687.5,1611.526032447815,1.0649350649350648,0.16300615209509353,0.7386961670028945,29.15707019328586,28.86727979621936,72.37387007702368,73.4265814683569,69.276791164075,40.9519109013758,1591.4484241260311,304.80519480519484,0.49645573670943477,0.39010216217313387,A,grading/data_processed/banana/A/Banana_Good_IMG__8544.JPG
29920.5,1865.2905312776566,0.83203125,0.10806516962022562,0.726684315344635,24.183964872336965,26.866291318197593,40.147601235973326,59.18314729641606,64.72073507887461,40.71976437368589,2923.9727629219474,498.2410819575473,0.49983917947435574,0.4275178431314588,A,grading/data_processed/banana/A/Banana_Good_IMG__0118.JPG
32560.5,1440.2123255729675,0.7791164658634538,0.19726402151337866,0.8304978829770954,73.73886847020546,48.58037335736305,82.44261011026089,40.61416462895638,70.09143218653973,46.67603013946098,940.940462123502,219.1498012776495,0.4327232920173389,0.3060262010253745,A,grading/data_processed/banana/A/Banana_Good_IMG__8550.JPG
28277.5,1636.9230009317398,1.2307692307692308,0.13261552617619476,0.6657367188143754,25.28807889927239,20.46356067222712,94.88840994517052,77.60372218949861,59.318459257215764,36.475769241256494,1128.331591989867,220.82352941176472,0.5602909506395025,0.45235936299994384,A,grading/data_processed/banana/A/Banana_Good_IMG__9128.JPG
28274.0,1767.023507475853,0.8401639344262295,0.11379219199548951,0.6271265387601198,97.07246576285183,41.42516586293367,91.69709586401487,52.939998125398894,59.7238662170532,35.506384767326495,1713.4715112659453,266.07383076181304,0.505150721345707,0.4131610576946448,A,grading/data_processed/banana/A/Banana_Good_IMG__8961.JPG
27189.5,1498.5310860872269,0.80078125,0.15215266801369318,0.8031755409497083,96.84607931096357,67.98108127969432,85.44220348106944,57.30573270181512,55.679454512829714,33.13323287935347,950.6799533529469,158.33896292892157,0.6172349497657545,0.46758600832927694,A,grading/data_processed/banana/A/Banana_Good_IMG__8975.JPG
28622.0,2121.9007045030594,0.7578125,0.0798839860974115,0.658014828438416,31.451273551398707,31.1208864718056,52.88512667861854,71.36809460905414,63.40743496938741,40.36161570751656,3238.584626421511,505.98656088082896,0.46954500405369637,0.39512720753145203,A,grading/data_processed/banana/A/Banana_Good_IMG__8785.JPG
33331.0,1744.4793504476547,1.2037914691943128,0.13763425663010426,0.8266207033381281,92.49088083509265,49.884747876716936,61.42344006568145,43.32328059495135,69.35799319727892,41.37985083960891,2126.641092268764,316.1211247026207,0.4991655758335083,0.3593441574009467,A,grading/data_processed/banana/A/Banana_Good_IMG__8791.JPG
28340.5,1591.6437833309174,1.0,0.14058067279545425,0.6028546814009637,97.9208479592539,40.96298073679022,75.25273590749535,49.70672607913546,60.69770803221144,37.36256696930764,3387.1224580965936,167.2090379901961,0.6492879174163857,0.5556725828702176,A,grading/data_processed/banana/A/Banana_Good_IMG__8949.JPG
44054.5,1714.6732215881348,1.0,0.1882944024668396,0.7634698369235569,59.2194218931216,46.25527757101272,97.91480060665536,53.77944797417753,96.6446828441431,63.02950778697831,1719.210572711192,326.25615808823534,0.41714651341247,0.3103074271964021,A,grading/data_processed/banana/A/Banana_Good_IMG__9302.JPG
25495.0,3662.0268030166626,0.75,0.02389031318154767,0.5512790018812032,107.19670556950805,33.4187707644246,73.96495050967647,55.535948111562384,86.599608509381,52.695176864584994,9695.401557693467,1267.0404941099478,0.45583984635206454,0.429500433997919,A,grading/data_processed/banana/A/Banana_Good__IMG20200730132248.jpg
44357.0,1720.2295699119568,1.0,0.18836456735198226,0.7625211658630086,63.77595870533242,47.05323846750906,97.68071955515187,55.883159777289464,98.38279536542679,65.67780074152492,1735.2136683089193,338.8733915441177,0.41696412922569576,0.3056451788030663,A,grading/data_processed/banana/A/Banana_Good_IMG__9316.JPG
29461.5,2190.736272215843,0.9208333333333333,0.07714086791113328,0.6698764225054286,76.45860731194108,50.87517856748064,86.50874539715939,51.36874360311229,61.745397159389796,37.254215732022445,1856.5558765941043,343.9377083333333,0.518934532828359,0.41698607118916015,A,grading/data_processed/banana/A/Banana_Good_IMG__8746.JPG
29252.0,1976.410370707512,0.876984126984127,0.09410467098511871,0.6436437647835415,74.65310392931876,50.31348467896284,86.96386222473178,44.42467880536455,60.65293785498389,36.32426789204535,1537.6227753154735,260.38371212121206,0.5533453920107102,0.4507651893087088,A,grading/data_processed/banana/A/Banana_Good_IMG__8752.JPG
33250.0,1729.827549815178,0.875,0.13963551610977756,0.7332995170147542,80.77317739707914,48.25670150652949,97.3675178513708,68.74843221727544,69.08592165966324,39.86856353804078,808.1037185824647,254.55882146860986,0.5362733502155684,0.40077213787983723,A,grading/data_processed/banana/A/Banana_Good_IMG__8815.JPG
31436.5,1269.3838976621628,0.7890625,0.24516478089688973,0.8182646381300676,63.36432702829451,54.67497993786999,96.67959981241206,64.9375829845811,65.23751758636861,41.254517027883004,430.0307109269216,196.4823538557214,0.5250126927973798,0.37450933231874206,A,grading/data_processed/banana/A/Banana_Good_IMG__8801.JPG
33466.5,1677.727043390274,0.9835390946502057,0.14940927187106243,0.7609049053600864,22.27407948568089,12.117530818675876,109.67124488603156,72.94186165245434,70.12749853886616,43.603424657281444,921.2488821231433,186.13768717363487,0.5447742845896714,0.4076295807374576,A,grading/data_processed/banana/A/Banana_Good_IMG__8829.JPG
41020.0,1643.484402179718,1.0,0.19084217025145367,0.7238908693043448,65.56668343032305,48.702229589023645,88.85382091625357,53.494158693422996,91.82481979069378,61.347777965165186,1373.5145507676061,272.56642156862733,0.46328104009952026,0.35841488025799545,A,grading/data_processed/banana/A/Banana_Good_IMG__9289.JPG
42143.0,1621.0823817253113,0.984375,0.20152324168058147,0.8174456158046339,67.06467116160792,49.69926090808347,92.87754006952383,54.11063232160037,88.82535053542682,55.59647244028785,1352.6661296331722,307.5570219123507,0.4350044973273134,0.33111089508648606,A,grading/data_processed/banana/A/Banana_Good_IMG__9276.JPG
41495.0,1585.2833930253983,0.96484375,0.20748744018353768,0.8211547024192352,66.46161137440758,49.46322004972625,93.24462085308056,54.41259476164526,87.53547393364929,54.88367554315513,1258.449374472484,296.6499460111788,0.4336473224911814,0.3285231912122203,A,grading/data_processed/banana/A/Banana_Good_IMG__9262.JPG
34644.5,1821.7859189510345,1.080168776371308,0.13117451886003229,0.6726173141514745,29.314362226920366,21.498204676143185,96.88794926004228,71.649992900814,79.16862579281184,56.29164299101083,1089.4170613322071,207.18982377761233,0.541834749915457,0.4125282533259085,A,grading/data_processed/banana/A/Banana_Good_IMG__8632.JPG
8255.0,1691.699693441391,1.2972972972972974,0.03624769546026527,0.4836252856054836,36.198596569391846,16.31688354457873,141.0007796836712,71.43120557680751,72.53619959901982,50.09238595057827,13789.477978171588,803.0892528654311,0.6857361889031637,0.6670951346772205,A,grading/data_processed/banana/A/Banana_Good__IMG20200730132300.jpg
34035.0,1936.714851975441,1.103448275862069,0.1140260953776285,0.670363002501428,28.740006872065056,19.83233124107015,98.34337418394227,71.98584928533373,77.58965181537052,55.37894369909559,1071.381612916055,201.8062880324544,0.5386000701039907,0.40936475335221584,A,grading/data_processed/banana/A/Banana_Good_IMG__8626.JPG
34396.0,1438.9747376441956,0.84765625,0.20874278098048848,0.7513899053007548,76.5974774569113,48.42021928346455,81.79228969295743,50.56304910323254,74.52953429973748,49.84089983107007,1914.692265130681,219.09857855902783,0.4779269191698969,0.36593726668564275,A,grading/data_processed/banana/A/Banana_Good_IMG__9074.JPG
31047.0,2261.8174443244934,1.0,0.07626309163342393,0.5621146969628389,28.666334009044128,35.71326245906652,76.01269296740995,68.3521426220716,63.92633712770934,37.681151832709546,1510.1326498528942,302.0479473039216,0.5994740719907157,0.5054377949513784,A,grading/data_processed/banana/A/Banana_Good_IMG__9060.JPG
29971.5,2525.848969578743,1.0,0.05903418680748197,0.5538994640547034,31.039756827173598,24.53827003431872,67.41487342790055,75.28644880170445,63.19228666087684,38.16477330636913,2115.940082104644,356.4967371323529,0.5970635758968447,0.5168727989981636,A,grading/data_processed/banana/A/Banana_Good_IMG__9048.JPG
7535.5,414.89444231987,1.2777777777777777,0.5501064075403375,0.8866337216143075,75.51785714285714,21.105723026622094,112.17430124223603,69.1846071199963,39.51798654244306,28.99568375610927,7936.563844981214,386.4476608187134,0.3170186973333638,0.24495744798804156,A,grading/data_processed/banana/A/Banana_Good__IMG20200730132102.jpg
6717.5,711.3452322483063,0.47058823529411764,0.16682329277180627,0.7161513859275054,62.02130681818182,24.857425278456457,121.4669034090909,65.68460744052302,52.24289772727273,36.12265768768088,9674.367546366782,429.5099032017869,0.5210484585763454,0.4714241741174422,A,grading/data_processed/banana/A/Banana_Good__IMG20200730132103.jpg
29725.0,2585.0621733665466,1.0,0.055897159841105694,0.5450678011167243,33.08030710421458,25.821303295293383,66.24555379182999,76.09185595933279,62.50280216398328,37.61510437599494,2067.8990098440554,359.29811580882364,0.6004033931072227,0.5200278987061812,A,grading/data_processed/banana/A/Banana_Good_IMG__9049.JPG
30896.5,2274.8885122537613,1.0,0.07502377510113666,0.5656058068118369,29.058646616541353,36.108412979419946,74.15852130325814,67.35575506718334,63.670864661654136,37.5411754329351,1698.5767290443182,306.77670036764704,0.5987241874055161,0.5078360097366045,A,grading/data_processed/banana/A/Banana_Good_IMG__9061.JPG
35737.0,1573.2590081691742,0.875,0.1814376874872676,0.7449476262442024,77.30684811237928,48.06113503786171,80.80657374890255,48.52657213377593,76.73367537313433,50.19248118542825,1935.0020572701283,242.12167180493273,0.4680132949023846,0.36021067684247626,A,grading/data_processed/banana/A/Banana_Good_IMG__9075.JPG
12609.0,1632.586995601654,1.271523178807947,0.059448081426228185,0.5723169098790368,60.82234913955061,32.436583715453494,107.99924851581873,71.31906552545661,87.7486285413692,63.67649398766625,11731.04444804881,1057.5019590166776,0.5535578502586901,0.5245264174637934,A,grading/data_processed/banana/A/Banana_Good__IMG20200730132301.jpg
34755.5,1816.6732219457626,1.0158730158730158,0.13233653994069416,0.6645156972964705,30.364785882881872,23.03102541495696,97.60006181859053,71.59527189119186,79.06993930538384,55.90509852970956,1123.8808188915373,185.42905384375976,0.5696920874254874,0.4464991428976854,A,grading/data_processed/banana/A/Banana_Good_IMG__8627.JPG
34294.5,1919.869179368019,0.9921875,0.11692060824765331,0.6576946311620816,29.618648164472376,21.695434114566428,91.05826485057014,71.59143144954155,77.15682315807433,54.150120113414246,1121.1035252895776,202.91327507411066,0.5754665964852892,0.45687242212754026,A,grading/data_processed/banana/A/Banana_Good_IMG__8633.JPG
41655.0,1678.3372156620026,0.96875,0.1858311665889476,0.8197382662599626,66.21956742222326,49.48980807267588,94.05373021676061,55.016824218247294,87.75283628558624,54.88941187249657,1312.5563252833085,310.1057534159919,0.43269641062446546,0.32747777009708584,A,grading/data_processed/banana/A/Banana_Good_IMG__9263.JPG
42450.5,1585.3838975429535,0.98828125,0.21223831462657453,0.819507722007722,67.39817410848761,49.7763396185565,92.97307505155595,53.106073465152875,89.31285770558658,55.655200988894116,1360.1320465990893,300.1794084821429,0.4343010839737514,0.32976476434794605,A,grading/data_processed/banana/A/Banana_Good_IMG__9277.JPG
33550.0,1696.4549655914307,1.0368852459016393,0.14649328504984951,0.7528836228176473,21.95278482119437,11.048075240699328,109.32109236105039,72.89639894617784,70.26839788988954,43.7256121457985,959.1715715236526,178.56911917772572,0.5677000207706,0.4415508552399453,A,grading/data_processed/banana/A/Banana_Good_IMG__8828.JPG
40490.5,1600.33007645607,1.0,0.19867529609159673,0.7185983157782648,65.23564808074926,48.047057765607484,89.61517930800214,50.78911502930741,90.25357888096278,59.76384326161951,1519.6990286028013,261.587331495098,0.47327429935703874,0.36778867603470916,A,grading/data_processed/banana/A/Banana_Good_IMG__9288.JPG
31331.5,1201.9869297742844,0.78125,0.27251572083505166,0.8201641296807717,62.559535394757496,55.13875388429325,97.21601004551876,66.43806585863392,65.1199183801601,41.43459591781566,431.04350341186523,186.96154601130652,0.5219709862765405,0.37152318285033215,A,grading/data_processed/banana/A/Banana_Good_IMG__8800.JPG
32806.0,1748.7148514986038,0.890625,0.13481094334901958,0.7231566185385209,80.1330615160263,49.881813858043074,91.70355048956877,78.49599217203496,68.31320496413797,39.587641864349855,823.4360789175436,261.10465996696036,0.548622395902409,0.41839300137667407,A,grading/data_processed/banana/A/Banana_Good_IMG__8814.JPG
34858.5,1665.9768236875534,1.0043668122270741,0.15782676260418307,0.8413627477009968,75.74756217507377,49.898348644443146,86.58929324153435,46.80890947761586,74.03054657861459,47.89209330044895,1347.6440790822662,252.214927251578,0.4545409825387524,0.31778273638417015,A,grading/data_processed/banana/A/Banana_Good_IMG__8753.JPG
29520.5,2019.1971679925919,0.8709677419354839,0.09098632336947114,0.6628457876773846,76.0189144736842,50.59989212470543,89.01457236842106,50.86152205551898,61.49121710526316,36.924455976717546,1733.3244259026944,310.0366091522881,0.5279396638216245,0.423930279568734,A,grading/data_processed/banana/A/Banana_Good_IMG__8747.JPG
32826.0,4539.604571938515,0.75,0.02001666771324162,0.6753209348255431,76.5426082456443,41.3406451757922,78.7217238801679,65.20588968143275,109.87453280432408,74.15405509934278,16207.562784935037,2069.088453043194,0.30534609494498455,0.26588870585644503,A,grading/data_processed/banana/A/Banana_Good_IMG20200730132027__01.jpg
18936.5,1011.4284937381744,1.0105263157894737,0.23261579868292445,0.6999907587099159,41.07488918668179,63.79482116605088,84.04757241521493,58.09394865168485,57.15977734254201,34.31262126771908,1581.8720619197434,147.4110498759989,0.5884042138872934,0.46975681733241675,A,grading/data_processed/banana/A/Banana_Good_IMG__9317.JPG
22707.5,3417.416631937027,0.7933884297520661,0.024433367623581285,0.55794439598511,101.88059392836463,38.8526746592472,70.41947224749772,61.03968030941153,84.68198362147406,51.81665109754533,10721.019849633412,1262.8802950975728,0.48450480201053187,0.4594475658640891,A,grading/data_processed/banana/A/Banana_Good__IMG20200730132249.jpg
43485.5,1865.0407528877258,1.0,0.15710054079543156,0.7377363452060837,60.15639168978819,46.801373990935005,98.45787372267714,54.26611939028524,95.45512169813449,62.67682085738836,1897.4144017824437,329.78713235294117,0.42315090825769974,0.31786941709271294,A,grading/data_processed/banana/A/Banana_Good_IMG__9303.JPG
24540.0,1134.9259672164917,0.80078125,0.23941389751598113,0.6474336143100241,22.121827613727056,14.33006631145291,54.17833200319234,61.22536706299388,56.16324820430966,35.07519408197328,2769.111255832289,216.33003982843135,0.5979643408575648,0.5213526785850582,A,grading/data_processed/banana/A/Banana_Good_IMG__8948.JPG
33492.5,1781.6925537586212,1.2190476190476192,0.13258423898279278,0.8351827839010523,92.44747819491847,49.385836173703886,62.053761558881014,42.08539713010525,69.39249146757679,41.24538616586753,2074.3730095726237,325.39172735760974,0.4980221836093184,0.35742356068118486,A,grading/data_processed/banana/A/Banana_Good_IMG__8790.JPG
31461.0,1781.9940699338913,0.7578125,0.12450015089611623,0.7094999154310199,29.385285545978792,26.897618769526463,51.08873318038073,70.0060534825579,67.43293855025733,41.47696515533755,2958.1496090843875,505.86026554404145,0.4221971740087924,0.3424454218750958,A,grading/data_processed/banana/A/Banana_Good_IMG__8784.JPG
29317.5,1804.437720298767,0.81640625,0.11314959496139404,0.6132470140356014,98.49123622360908,40.86256631278,90.28980215110874,52.69987529934888,61.671325189217896,36.457676230272035,1766.9815447547003,275.48097581129815,0.5192131894130926,0.43112833446942983,A,grading/data_processed/banana/A/Banana_Good_IMG__8974.JPG
31522.5,1871.8935642242432,0.95703125,0.11304938787753248,0.7157047497956589,90.863469204858,46.95217937591903,69.21598318860286,48.046394821061455,66.24086034797119,40.06215879217532,1654.4628872793785,224.74012231045083,0.6183395554835669,0.48011695083133193,A,grading/data_processed/banana/A/Banana_Good_IMG__8960.JPG
31873.5,1483.52603328228,0.7620967741935484,0.1819907337312792,0.8279046208992441,72.86282165585513,48.79300941433824,82.78125864666278,40.817518399840885,69.22439819227104,46.67651239484308,934.8671059029248,227.5209119766643,0.42711300308397127,0.2991530334344244,A,grading/data_processed/banana/A/Banana_Good_IMG__8551.JPG
29164.0,1142.6072071790695,1.2780748663101604,0.28071332951517275,0.8423545722373058,59.22679022746419,51.61151615571412,94.85364785172705,60.39791484559375,69.21607413647851,49.64509477246159,464.12558788980857,165.06536197366646,0.5243077407866626,0.3334852021389492,A,grading/data_processed/banana/A/Banana_Good_IMG__9129.JPG
31373.0,1743.9108084440231,0.9765625,0.12963353820762366,0.7079464295788155,26.353113142999316,32.92502086914991,38.616439634260125,58.33636683837429,67.22019033401754,41.479965259851475,2684.836796659912,426.99741152108425,0.561244912819114,0.49266244084807154,A,grading/data_processed/banana/A/Banana_Good_IMG__0119.JPG
33770.5,1556.129064321518,1.0695652173913044,0.17524923316139343,0.7407679568312184,29.382285531927238,29.523368357372437,71.86796831935942,73.52073085490743,69.37744059879893,40.98827711604827,1606.222047571415,301.4183673469388,0.4915116539349998,0.38726217981540045,A,grading/data_processed/banana/A/Banana_Good_IMG__8545.JPG
28752.0,857.2203427553177,1.7902097902097902,0.49169182341971546,0.888106380021313,28.380101515879005,28.632430009541096,34.37283078400439,55.4318639515199,59.919678990328556,35.438033785313124,934.8306735759435,194.3996160702043,0.33120842382650933,0.20505356867876892,A,grading/data_processed/banana/A/Banana_Good_IMG__0131.JPG
31317.5,1734.604240655899,1.087962962962963,0.13079650594186695,0.7103729074989793,23.26091971940764,16.775135966165514,115.28904130943103,81.53753192827129,63.97141075604053,37.99921186517624,646.1104059117024,240.80733618233623,0.5074005943664982,0.3639822667980157,A,grading/data_processed/banana/A/Banana_Good_IMG__9115.JPG
38604.0,1816.1605905294418,1.0723404255319149,0.14707324539225253,0.7756479807112718,53.7313959390863,45.58252302317369,99.75170050761422,54.69026070881015,82.21723350253806,53.07814937980546,726.3834052122601,213.07735865050435,0.4827085437061428,0.3295112605023627,A,grading/data_processed/banana/A/Banana_Good_IMG__9101.JPG
27599.5,1286.3056907653809,1.641025641025641,0.2096151635748509,0.8233741050119332,20.578429980836113,16.976253146799433,42.28206402157711,54.71760011623546,57.20054652565832,34.131282051704275,1272.2974190188427,173.2069632981398,0.4500301732787155,0.2942550304801895,A,grading/data_processed/banana/A/Banana_Good_IMG__0125.JPG
32771.5,1270.070189356804,0.6953125,0.25529995548885137,0.882270591877667,28.080907508552908,14.893989348494515,123.81354660584599,74.47200066986497,77.71025148550507,57.26924886077038,643.0182490566135,350.817531779661,0.3665578806601912,0.2578962500213084,A,grading/data_processed/banana/A/Banana_Good_IMG__8579.JPG
43094.5,1313.0163661241531,1.0040322580645162,0.31411699306165386,0.8785203910016615,29.67274933601978,15.988430259066407,120.25659401044052,67.25935747832827,99.13107885337485,69.73192170846383,857.8013767515578,251.78102237252864,0.40426616331498033,0.289160043088452,A,grading/data_processed/banana/A/Banana_Good_IMG__8592.JPG
42910.5,1338.3300757408142,0.9959514170040485,0.3010557756899758,0.8740388434549695,29.68333218398731,16.18792897592357,120.10151024067305,67.15508904172925,98.55488127255592,69.42715595947206,698.6317494545407,235.25522597703053,0.4012387125089505,0.28074582662052694,A,grading/data_processed/banana/A/Banana_Good_IMG__8586.JPG
15145.0,1534.7636206150055,1.3783783783783783,0.08079716992685075,0.5782410323960063,52.0774875071162,38.38091745031787,173.09987981529508,68.3417436164525,48.10519324435448,37.790236454130685,5323.302037758557,248.11556383970176,0.5861629817719587,0.46028095736816466,A,grading/data_processed/banana/A/Banana_Good__IMG20200729190238.jpg
42790.0,1323.0579957962036,1.0081632653061225,0.30718102626096777,0.8757585370595881,29.395361169391094,14.747806825494298,120.43112074331958,67.24329859296441,98.24685864477901,69.22944806901982,823.8041105108935,250.08246225319397,0.39605156949225695,0.2794106861035808,A,grading/data_processed/banana/A/Banana_Good_IMG__8590.JPG
42925.5,1290.5310878753662,1.0122448979591836,0.3238830981653429,0.8867347676544408,30.22879738832563,17.183125100640588,119.30399797687197,66.93312623581224,98.54780789479734,69.4267978130948,774.4904364336574,244.10886557051978,0.39897127486818323,0.28064363651509217,A,grading/data_processed/banana/A/Banana_Good_IMG__8584.JPG
30441.5,1820.1433446407318,1.087557603686636,0.11546882019060814,0.6905339805825242,23.80016650123275,19.145522972501166,114.18846658768531,80.0652356185248,62.612628478114694,37.427459035712864,666.8544204529231,256.01162859103835,0.5223686399037988,0.38485994599426177,A,grading/data_processed/banana/A/Banana_Good_IMG__9117.JPG
27107.0,1180.8670909404755,1.4463276836158192,0.24428077017010974,0.8185592849269979,21.213311629589438,21.380319736428607,37.43725809368783,54.35301385221471,56.24463736661241,33.74962900058777,1147.0978799574168,131.30074221779108,0.5365667798590352,0.38921858098569656,A,grading/data_processed/banana/A/Banana_Good_IMG__0127.JPG
37826.0,1730.7047457695007,1.0756302521008403,0.15869173673682702,0.7582032111287057,54.44721768654589,46.05862506830505,98.62947412072674,53.412788028166645,80.74571702563306,52.48039838795449,588.4192843071176,199.8098368759269,0.5123580410798162,0.36183459993520517,A,grading/data_processed/banana/A/Banana_Good_IMG__9103.JPG
33016.0,1477.4844025373459,0.7710843373493976,0.19005903078546402,0.8420408319412387,74.01095931095931,48.73499341225954,82.75304425304425,40.06909667752051,70.85928125928126,46.70618348488002,895.4148674107827,232.1541243508064,0.4168763833909821,0.28869030686139896,A,grading/data_processed/banana/A/Banana_Good_IMG__8553.JPG
34433.0,1567.1412572860718,1.0782608695652174,0.17618480016759513,0.7497414346836794,29.62426347100851,31.71635352407034,67.61415843556972,72.80545111095266,71.01078819276422,42.08389336507242,1752.6691331382815,336.20605527195914,0.4783133265041419,0.379489915165133,A,grading/data_processed/banana/A/Banana_Good_IMG__8547.JPG
27980.0,1302.0630489587784,0.80078125,0.20739273817879278,0.8422256671131647,95.44943466237267,69.32939298974296,87.72300206532013,56.782165705968886,56.6141351909546,33.307474859991096,731.5121723127394,141.80991498161768,0.6147659081137379,0.45369419229734476,A,grading/data_processed/banana/A/Banana_Good_IMG__8976.JPG
28010.5,1731.8103042840958,0.8319672131147541,0.11736269847794825,0.6293999348365859,96.4199207893274,41.70698423474334,93.39198860478044,52.66610749130399,59.2024388549194,35.296793806651294,1724.8907354164219,255.8652207433858,0.5074799382376572,0.4129826364334153,A,grading/data_processed/banana/A/Banana_Good_IMG__8962.JPG
41811.0,1150.5239466428757,1.0448979591836736,0.3969255854734,0.915522564540498,23.331514421373395,12.968910970159582,130.84277041551508,73.02926539436875,93.8618099355113,64.22315213916326,1142.636324444079,198.33259703881552,0.4432724518763408,0.3236435109600217,A,grading/data_processed/banana/A/Banana_Good_IMG__8792.JPG
28031.0,2032.645870923996,0.7529411764705882,0.0852560114668168,0.6572872334189207,31.249740789382734,30.51227978996221,52.12314232390959,72.137640859156,62.40129259694477,40.07713220277286,3215.283660180363,477.95411148752703,0.47417895468313764,0.39860104637456056,A,grading/data_processed/banana/A/Banana_Good_IMG__8786.JPG
44270.5,1668.5310858488083,1.0,0.19982769852813967,0.7632450045687292,63.44920166107792,46.91263769224206,97.86418245208856,53.41174529368404,97.61131220714618,64.57595873761646,1837.6463951431215,333.79292279411766,0.4172185917299213,0.3074682530286795,A,grading/data_processed/banana/A/Banana_Good_IMG__9315.JPG
43856.5,1784.8986163139343,1.0,0.17298829882189298,0.7372451123774942,58.4008149740283,45.85250228745127,99.83418413039584,52.304458298167916,96.08483342289092,62.410609111257706,1667.1273636592086,318.86439950980395,0.4207600167575227,0.31283872791281525,A,grading/data_processed/banana/A/Banana_Good_IMG__9301.JPG
30375.5,2381.020541191101,1.0079681274900398,0.06732975206798046,0.5485368077940606,99.73594093122433,38.97557421401894,76.81598294134496,49.87225845407415,64.56860061742147,39.24871926999645,2551.319964364238,278.418737747423,0.5956317295715563,0.4977481344189174,A,grading/data_processed/banana/A/Banana_Good_IMG__8779.JPG
18708.0,1063.4945083856583,1.3374233128834356,0.20785798934242125,0.6589644240929905,116.0670871559633,48.11765939966855,80.86066513761467,38.66513047074701,55.36327147623019,34.45225461799616,476.8503792695139,155.28987023267646,0.628856588108816,0.4581677775968873,A,grading/data_processed/banana/A/Banana_Good_IMG__8989.JPG
29035.0,1890.8712682724,0.884,0.10204876865494678,0.64898634301169,74.11792484426284,50.38150315302231,88.055462522607,45.18004045814419,60.2092906423739,36.172173306775704,1632.7366795893613,252.5858363636363,0.5546161298095138,0.4515704438790519,A,grading/data_processed/banana/A/Banana_Good_IMG__8751.JPG
19908.5,942.6833283901215,1.1636363636363636,0.2815248595154934,0.8176311142141361,43.91044115477303,63.121741869406755,66.60704273840555,64.37132628156228,63.280430826734865,37.712801497824884,1253.5796006785024,268.22579723940976,0.47020438264081077,0.3546906579945285,A,grading/data_processed/banana/A/Banana_Good_IMG__9329.JPG
33555.5,1167.45287835598,1.2097560975609756,0.3093818684685743,0.7814508616674429,79.32179423240531,49.068666286947995,80.28485933053656,48.76122129761581,74.68087540704667,50.42054682093426,1763.3258677413785,205.69422336328628,0.47338874224020316,0.3284893495109621,A,grading/data_processed/banana/A/Banana_Good_IMG__8745.JPG
31723.0,1235.8275482654572,0.79296875,0.2610167460379178,0.8187954108431091,63.98335245063087,54.69206637345196,94.78355085717828,63.72796204703492,65.73661530830518,41.43504050026421,430.6056787772765,194.20703124999997,0.5248648482974491,0.3728679234380405,A,grading/data_processed/banana/A/Banana_Good_IMG__8802.JPG
33658.5,1995.4082819223404,1.0,0.10622850776316876,0.6369588872593083,77.05425661207246,50.00650147812204,109.06056484750275,60.70697801052653,68.51345563979397,40.47496428713667,1698.5937726348639,204.5821231617647,0.5984002634758931,0.4672491274427715,A,grading/data_processed/banana/A/Banana_Good_IMG__8816.JPG
36374.5,945.2863581180573,0.84765625,0.5115406081264452,0.8825013647115909,71.57692412181804,53.870959375609296,89.54220435219648,48.64560313847873,78.30508842946018,51.672094218234584,400.0284312043537,105.64196325231478,0.5114409175692454,0.3381682608968709,A,grading/data_processed/banana/A/Banana_Good_IMG__8619.JPG
41420.5,1546.8986179828644,0.96484375,0.21752115379528988,0.8200780074443652,66.33698259279488,49.37798237799462,93.83407347597901,54.67889413741135,87.17262342967062,54.50423936775156,1257.0123107214356,292.8368267276423,0.4357261221213514,0.3296843653565219,A,grading/data_processed/banana/A/Banana_Good_IMG__9261.JPG
42134.0,1581.1412572860718,0.98046875,0.21178793355551262,0.8182868684514619,67.15513900884707,49.5492191500148,93.29753262214338,55.04148999855459,88.79012115128738,55.566840004203186,1364.398879034633,305.622125,0.4329752285463838,0.3294962206147653,A,grading/data_processed/banana/A/Banana_Good_IMG__9275.JPG
36898.0,972.3574249744415,0.85546875,0.49041169778691557,0.8731394495847038,70.91476770652028,53.49321900952355,91.02417994376758,49.24992757959649,79.70906413174454,52.902602383201916,375.48028323518173,110.69595756880734,0.5068008325584814,0.3341716713144747,A,grading/data_processed/banana/A/Banana_Good_IMG__8625.JPG
12480.0,1663.8763192892075,1.054945054945055,0.056647711265220814,0.5221101953729658,60.3401999394123,43.69788307223663,121.53226295062102,73.82790852343756,66.59466828233869,45.40562638762658,10295.473568371352,568.8597031241011,0.6401184671867747,0.6103457198197793,A,grading/data_processed/banana/A/Banana_Good__IMG20200730132303.jpg
22556.5,2564.868299126625,0.75,0.04308751396064948,0.5642087095725256,64.84307263277982,27.312272832078445,115.64211771665188,64.9052531044567,77.64325854565429,47.25987870493446,5965.417370239894,723.2419625327225,0.5421301017497522,0.5025521448951844,A,grading/data_processed/banana/A/Banana_Good__IMG20200730132317.jpg
41241.5,1405.0163667201996,0.94921875,0.26253157871225646,0.821633844345496,59.556879791731355,48.573810591438416,94.55387040531181,53.18461035669214,88.86512694356206,58.75584998427075,927.6403516795799,207.43268982438022,0.454672835543555,0.32420728915920977,A,grading/data_processed/banana/A/Banana_Good_IMG__9249.JPG
34577.0,1756.9158614873886,1.0893617021276596,0.1407651821382448,0.6787789556340793,29.914638627434353,21.95979704599304,96.11184601034512,71.73955489313671,78.85559230051726,56.05083266786947,1108.1763276552863,194.69416770963701,0.5396533785107493,0.4097807455019894,A,grading/data_processed/banana/A/Banana_Good_IMG__8631.JPG
34321.0,1719.1412568092346,1.031111111111111,0.1459307019702363,0.7458006475586171,53.22983330958826,47.372886181784715,114.81940447357174,63.75076072011854,71.18780453055992,43.441747716454195,450.7779965352094,159.59059163059163,0.5247871897252856,0.32387687573507495,A,grading/data_processed/banana/A/Banana_Good_IMG__9088.JPG
38494.5,1337.5950142145157,1.0,0.27037047525329,0.7578403386160055,29.076120586054362,35.79546348264972,102.30414993991153,67.68776752805078,93.81221713672045,73.94048172743246,1882.8451079612132,201.33108149509803,0.5272367137565379,0.40278796237739417,A,grading/data_processed/banana/A/Banana_Good_IMG__9063.JPG
12303.5,1835.1727808713913,1.2151898734177216,0.0459076032061749,0.5460940967598757,65.65229336793101,35.36290401580133,101.8714798137831,72.70904988675859,69.5578111882775,48.20952321400923,12439.424346853739,954.0085824110281,0.5752197146246159,0.5491700404572447,A,grading/data_processed/banana/A/Banana_Good__IMG20200730132129.jpg
38403.5,1674.0113146305084,0.9919678714859438,0.172212191172652,0.7330381087813398,71.50913131209931,48.79188840242416,85.23897218461853,45.09654705476585,81.90827820489898,52.797329567184,1780.734073190399,244.04505828190804,0.47099383701753333,0.35924331642565743,A,grading/data_processed/banana/A/Banana_Good_IMG__9077.JPG
14669.5,2883.8287587165833,0.546875,0.022165944348580085,0.44735678453257705,32.556575308021124,9.1586335447634,161.89810158410862,65.37387101305544,85.10849886849384,52.11749115960966,10665.484118748878,1282.742159397482,0.5503238084022848,0.5307413609339956,A,grading/data_processed/banana/A/Banana_Good__IMG20200730132115.jpg
19963.0,2565.797232270241,0.75,0.0381057931934646,0.5204525901400006,45.09190984578885,20.437600510348414,123.53290628706999,70.15903842564263,86.24759193357058,53.147465595110155,9551.112719827228,994.038039921466,0.581907342924237,0.5562607390838938,A,grading/data_processed/banana/A/Banana_Good__IMG20200730132114.jpg
35400.0,1486.3717052936554,0.900398406374502,0.20135307533775246,0.7641414741022957,77.4707317749494,48.01265351701974,84.52483154479661,45.47154691363807,74.89412971743893,47.44712504980443,2310.7051450275817,222.34610004426736,0.4720596731587575,0.3604093170564506,A,grading/data_processed/banana/A/Banana_Good_IMG__9076.JPG
16259.5,2730.774935364723,0.8609865470852018,0.02739966382778312,0.4861055054785715,55.16608341460616,31.80191562540897,103.18948998909988,73.21676037651729,75.62727324880959,54.799858228264966,13710.685471747762,1096.1658253703658,0.5950073650623643,0.5738243539941086,A,grading/data_processed/banana/A/Banana_Good__IMG20200730132128.jpg
36930.5,1214.683326125145,1.0,0.3145349513696967,0.7253648380570777,27.327518604465073,34.815630417825304,103.71982609159532,65.75836748162298,90.99274492544878,73.21720505612552,1903.3398262774572,165.62285539215685,0.5658349930759269,0.42897628669381604,A,grading/data_processed/banana/A/Banana_Good_IMG__9062.JPG
34858.5,1850.9230040311813,1.0308370044052864,0.12786210587154975,0.7408269310465746,54.240984111861465,47.737635265442826,112.71796452489703,61.36221829956775,72.47580351388461,44.329546794871874,494.46756522775115,180.08324667712847,0.5244095774965215,0.3236532912142747,A,grading/data_processed/banana/A/Banana_Good_IMG__9089.JPG
40900.5,1402.8742318153381,0.9453125,0.26115659946122,0.8185911997518238,59.21334489152159,48.53663810825071,94.82347275397915,53.92111189368488,88.66743721255027,59.07020258738441,919.8049561530707,205.43944502074683,0.4554304028010142,0.32685891540348033,A,grading/data_processed/banana/A/Banana_Good_IMG__9248.JPG
12445.5,1678.1433435678482,0.7766497461928934,0.05553465828583927,0.5444821174669146,70.70145852324521,29.438076178293848,106.4991643877241,66.61803813132975,78.51542084472804,50.175901366164375,10713.021274162922,943.6983368955383,0.5692329835040214,0.5447762271662819,A,grading/data_processed/banana/A/Banana_Good__IMG20200730132316.jpg
34669.0,1810.2295696735382,1.0711297071129706,0.1329486309628354,0.6669552336430619,29.252845391029975,20.387748567606764,97.21447487040793,71.96522442200781,78.7830459770115,55.64379498321258,1119.5375461833144,201.2871113298876,0.5449880028420927,0.417850054694502,A,grading/data_processed/banana/A/Banana_Good_IMG__8630.JPG
36603.5,998.7422018051147,0.8515625,0.4611324403473579,0.8742491371795025,70.50800032379051,53.52632133171334,90.40964895712474,48.89215868029933,78.9561533687704,52.19314342763952,372.33696277221236,111.48997335829495,0.5117033379424958,0.33619777876449236,A,grading/data_processed/banana/A/Banana_Good_IMG__8624.JPG
8828.5,1136.0458040237427,1.9793814432989691,0.08596172094473054,0.6589908188400389,57.80040755040755,38.35566966957187,114.06091806091806,66.97680707070369,75.11786786786787,43.75911679627362,8127.354413260778,782.5896799265936,0.5174682716084359,0.48204580710843964,A,grading/data_processed/banana/A/Banana_Good__IMG20200730132302.jpg
42103.5,1664.780866742134,0.984375,0.19090350924256527,0.8155404685578143,66.95980485983054,49.67864866274107,93.32522583506454,54.208272986826195,88.79440255829695,55.551735020878276,1347.1678953776284,307.82868525896424,0.43495747282986374,0.33159240047677613,A,grading/data_processed/banana/A/Banana_Good_IMG__9274.JPG
36459.5,958.9432127475739,0.84375,0.49823564324203407,0.8753466261719266,70.7840379403794,54.11309796369764,89.5970460704607,48.87181326895686,78.52910569105691,51.85511495403971,358.19040147234546,105.86813226744187,0.5094635047812746,0.3331734377804097,A,grading/data_processed/banana/A/Banana_Good_IMG__8618.JPG
41512.0,1551.4844024181366,0.96484375,0.21671486119641262,0.8205574224154971,65.7430988318366,49.25105904437489,93.27118925194891,54.51296994401536,87.31438523327725,54.60898150052362,1262.7354902449315,292.66642848069114,0.4340864025251748,0.32883936393365526,A,grading/data_processed/banana/A/Banana_Good_IMG__9260.JPG
33616.0,1959.8519328832626,1.0,0.10997890109735042,0.6398659966499163,76.97634782608695,50.002381015715336,109.1011884057971,61.12663115425879,68.42144927536232,40.42837865655947,1757.0637555979192,203.66579350490193,0.5981935168100085,0.4683951389558539,A,grading/data_processed/banana/A/Banana_Good_IMG__8817.JPG
31901.0,1312.7981107234955,0.79296875,0.2326045871034969,0.8139048348003571,64.91835791937422,55.50293887640778,96.50472729512488,67.34950625097552,66.33882541344585,41.997549479246494,405.0103682003527,204.53962329826732,0.5173215451857576,0.3689762549943507,A,grading/data_processed/banana/A/Banana_Good_IMG__8803.JPG
16354.5,1359.6681693792343,1.0647058823529412,0.11116837924321607,0.6621389096945283,54.84826487252125,39.88709491143423,181.2157105760151,68.00855037141648,52.88934135977337,42.62396484738595,3685.1243682636405,255.6095751633987,0.560118639782728,0.4339390642900658,A,grading/data_processed/banana/A/Banana_Good_IMG20200729190233__01.jpg
33828.0,1203.636645436287,1.1382488479262673,0.2934238307725256,0.7674489830643058,79.08408006516932,48.657184635807745,77.2747585243803,50.50826076340915,76.35185616199232,53.05002992197948,1926.149253596234,213.46925930088793,0.4923569008591027,0.35739577751957424,A,grading/data_processed/banana/A/Banana_Good_IMG__8744.JPG
29104.0,2029.3220573663712,0.8804780876494024,0.08880973904992549,0.6495703604508425,74.30282206951765,50.127567927147524,87.88298085262525,44.950458454674624,60.47057842417773,36.30691613530117,1682.8943126909944,273.5781781963058,0.5521680755064032,0.45083844319655747,A,grading/data_processed/banana/A/Banana_Good_IMG__8750.JPG
32697.5,1936.545365691185,0.88671875,0.10956429837248921,0.6820504797663747,110.78552055080326,47.29259212859286,77.61518285595064,36.387324641815866,67.03818068015856,39.616227028420504,784.0992425351028,214.85733545353983,0.5704139474694812,0.41943947821981564,A,grading/data_processed/banana/A/Banana_Good_IMG__8988.JPG
21612.0,1275.837654352188,0.927536231884058,0.16684530563457894,0.6898731146756045,46.081414733047986,63.44964491724868,66.93719306150034,66.93979449346354,60.810633025456184,36.38561037091151,1145.5044121346018,236.9715203480284,0.5494650807781374,0.438311715302674,A,grading/data_processed/banana/A/Banana_Good_IMG__9328.JPG
40912.5,1615.4427733421326,1.0,0.19700748490911105,0.718809845915983,66.27318139244458,48.734166023992145,87.77989384951609,52.26244619868868,91.76409135666083,61.62106684867927,1443.9009910782333,268.6946691176471,0.4664543391490836,0.3606368995445575,A,grading/data_processed/banana/A/Banana_Good_IMG__9300.JPG
30584.5,2228.653009057045,1.012,0.07737957441567454,0.5512061492435096,100.0536353556154,39.01627120205186,76.59502613654364,50.480784994906955,64.97129732298431,39.57043298540145,2567.7563816298334,266.2493174603174,0.592058651680181,0.49508691322866705,A,grading/data_processed/banana/A/Banana_Good_IMG__8778.JPG
44404.5,1712.8742319345474,1.0,0.19018921953328818,0.770276247885858,63.558201292378506,47.044803652843626,98.02688766929273,55.69527193737934,98.10312472337789,65.38367765762511,1847.1108071655035,342.8859528186275,0.41614566517460055,0.3052181020311844,A,grading/data_processed/banana/A/Banana_Good_IMG__9314.JPG
27934.5,2068.8296353816986,0.7559055118110236,0.0820165145004338,0.6613437818130165,32.00915077989601,33.475725230299005,49.34298093587522,70.6135122903412,61.34478336221837,38.46716461541272,2882.412079450909,472.7522364678239,0.47467460758619046,0.3974114949406037,A,grading/data_processed/banana/A/Banana_Good_IMG__8787.JPG
42329.5,1117.45288002491,1.0199203187250996,0.42598525257307923,0.9300631694589399,23.671351199925297,14.608462072333422,130.06730320291345,72.7471057770456,94.63332243906994,64.36346811302626,1167.0398974389652,197.6363096633076,0.44685362281412,0.3320350648611243,A,grading/data_processed/banana/A/Banana_Good_IMG__8793.JPG
28738.0,1723.9108091592789,0.8408163265306122,0.1215169383828993,0.6304958315050461,97.38750889559118,41.46658631805762,90.92520925819241,52.706442604619596,60.534819885458674,35.90641038079692,1719.9289209585238,266.90729716276746,0.5033300206983546,0.41002824010898914,A,grading/data_processed/banana/A/Banana_Good_IMG__8963.JPG
28960.0,1179.352372765541,0.7421875,0.2616503085703335,0.872591409675038,95.99494846758883,68.43207247905805,85.04203959858964,56.06815719869641,58.60228505560076,34.554535364047794,561.5307192811412,143.9184027777778,0.5675857040177454,0.3928580360986203,A,grading/data_processed/banana/A/Banana_Good_IMG__8977.JPG
34438.5,1655.952439069748,1.0873362445414847,0.1578186677075252,0.7459710609539488,27.57616854315933,27.393754805725404,67.33344706016149,72.71514729168982,70.98640964403502,42.01128570347448,1625.4290987163558,339.6819798563177,0.4809735935485732,0.37871903779836047,A,grading/data_processed/banana/A/Banana_Good_IMG__8546.JPG
31449.5,1331.6437829732895,0.752,0.22286787775328037,0.8231991414511569,72.44623404188907,48.847720949906815,83.99497456066423,41.14983283965955,68.4702999656647,46.56200511098633,943.3759406858306,209.15681283422458,0.43733020814320595,0.31127789071515644,A,grading/data_processed/banana/A/Banana_Good_IMG__8552.JPG
27727.5,1322.3645668029785,1.4797687861271676,0.19925910288271706,0.8214216942424197,19.99290479720428,17.44449306530914,37.17649758198313,52.463054717379094,57.687881676021036,34.58741058041706,1194.3405262648416,138.92433412671429,0.5111417820656458,0.3592837228626869,A,grading/data_processed/banana/A/Banana_Good_IMG__0126.JPG
38313.0,1755.8763169050217,1.0756302521008403,0.15615941786015883,0.7582903682299037,53.59220121280352,45.70527317030247,98.90776040733823,53.883765995516534,81.9483151242228,53.49390738181925,663.8324974592894,205.61115505025538,0.5032903067295897,0.3532189833784287,A,grading/data_processed/banana/A/Banana_Good_IMG__9102.JPG
29208.5,3019.7211134433746,0.75,0.04025181309193729,0.6023302572562768,27.10044540512216,14.354065627457427,144.4038776445929,64.82963383639115,99.57752014148163,61.23561077120171,12472.553176650987,1475.1491124018326,0.39499798036573086,0.362756588793505,A,grading/data_processed/banana/A/Banana_Good__IMG20200730132048.jpg
30641.5,1888.9128956794739,1.0972222222222223,0.10791853036885786,0.6902171464612336,23.40924984106802,17.941872936220854,114.57447552447553,80.36669347249632,62.992593769866495,37.57021791018893,626.1102426966711,265.3590709353422,0.5186558349852876,0.38045126961584347,A,grading/data_processed/banana/A/Banana_Good_IMG__9116.JPG
33530.0,2080.2438490390778,1.0,0.0973677029269691,0.6550363366414004,98.91898638646194,40.201287716116674,80.1296914458216,40.663655977257655,69.03950538445909,40.337669842086854,4013.597679361701,266.57389705882355,0.5506600439334992,0.46708293645616006,A,grading/data_processed/banana/A/Banana_Good_IMG__0132.JPG
42968.0,1336.2295686006546,1.008130081300813,0.3024077019210926,0.8748269403045851,29.71433490977547,16.504057461656156,120.54153083245328,67.58987947873857,98.87414481840305,69.66190317183049,808.3044382885639,250.95126888515847,0.3978207687404431,0.2821961565659033,A,grading/data_processed/banana/A/Banana_Good_IMG__8585.JPG
42925.5,1268.0458030700684,1.0121951219512195,0.3354712791353405,0.8838590783675823,29.69892151677513,16.48260718401266,119.83199576885046,67.54836270305287,98.82794858233495,69.63681438643187,790.7525819449377,240.09541371623394,0.4024008334613272,0.28680705522156746,A,grading/data_processed/banana/A/Banana_Good_IMG__8591.JPG
20067.5,1596.7219920158386,1.3409090909090908,0.09891098384967213,0.5951392390047154,53.09404796301647,39.164285343617266,173.72936530867764,70.48231801454244,60.463738803813925,41.775906224869416,1208.333772891294,148.00019342359766,0.6031980882980807,0.48785860362342626,A,grading/data_processed/banana/A/Banana_Good__IMG20200729190236.jpg
22447.5,1834.5453670024872,1.0989583333333333,0.08381484230080209,0.6380212034221072,60.150623655913975,36.60506840513188,200.5094193548387,57.85720145960996,66.73655913978494,43.25252154983021,613.2721555090106,220.3591765873016,0.6244874526093349,0.41375641706212657,A,grading/data_processed/banana/A/Banana_Good__IMG20200729190222.jpg
42708.5,1358.6732215881348,1.0122950819672132,0.29073288021793614,0.8714330895030555,29.81243073513114,16.243070037267124,119.50228574067233,67.20149001884103,97.96412079793129,69.12002301996327,803.5469886624176,254.515243902439,0.3944110495307923,0.27757517572482854,A,grading/data_processed/banana/A/Banana_Good_IMG__8588.JPG
33108.0,1202.7737276554108,0.6953125,0.2875907703930661,0.8877210387312142,28.067727070016353,15.539772091516665,124.37261780883009,74.76846317469804,78.20790842872009,57.15859318317667,674.2370733721752,342.7195003531073,0.3605699694134505,0.2520041775270794,A,grading/data_processed/banana/A/Banana_Good_IMG__8577.JPG
34219.0,1613.342267036438,0.9525691699604744,0.16520536781746462,0.6423690632626243,70.22468019345791,47.0234554668614,80.46109378130097,52.577847962395715,77.25341270068397,56.15339237395457,1801.9305887976618,197.53479907773385,0.5251301408716504,0.4218787515254287,A,grading/data_processed/banana/A/Banana_Good_IMG__8563.JPG
25053.0,1660.5626100301743,0.55859375,0.11417186427608393,0.7333050388561226,22.393994646390194,24.3907415722679,46.00349148465686,62.70222594615563,54.40136555844357,33.87037941929383,2375.616016304926,411.41497029049293,0.3995683238277641,0.28578474892781336,A,grading/data_processed/banana/A/Banana_Good_IMG__0117.JPG
45971.5,1415.903669834137,0.9140625,0.28815829364976764,0.865280731803723,56.94578300328263,48.20673714515672,90.90810787616125,56.57762683110122,99.91396511403377,66.05958686455587,615.146313691472,201.47978138412017,0.4162504284553931,0.21842488632291035,A,grading/data_processed/banana/A/Banana_Good_IMG__9133.JPG
28900.0,1971.6996920108795,1.0281124497991967,0.09341705449919621,0.6281174949196379,24.756207371568728,17.186677541449832,94.23307462285388,77.76565414585367,61.41746463730135,37.41023370044113,1205.3653620562725,236.83834947633665,0.6209286388040383,0.5289867760885065,A,grading/data_processed/banana/A/Banana_Good_IMG__9127.JPG
30113.5,1740.354461312294,1.0,0.12493832448321042,0.6151261362475743,96.22511733290176,41.47377448686937,84.87509305712898,43.83149958112626,62.85272697847548,38.09238431665484,4570.353805478662,169.3764399509804,0.6310330248590198,0.5273575667314733,A,grading/data_processed/banana/A/Banana_Good_IMG__8952.JPG
25236.0,1535.4600183963776,1.0,0.13450962377195752,0.5700667517535042,21.163472291851452,13.510772579796681,54.25213065442906,61.44071938044145,58.162585322586864,36.833348462965745,3168.000701732002,230.3034007352942,0.6655571648667785,0.6020626802702562,A,grading/data_processed/banana/A/Banana_Good_IMG__8946.JPG
29357.0,2013.2732865810394,0.8049792531120332,0.09101564993902415,0.7616193848828009,93.83152048137005,43.27427782468175,67.25738089727906,52.78001452450545,61.933712434291,37.34098545491609,1735.3179431657381,385.9904757809644,0.44301465205476176,0.3439635333813956,A,grading/data_processed/banana/A/Banana_Good_IMG__8775.JPG
27954.5,1181.369618177414,1.4065934065934067,0.2517039305098435,0.6311766897345872,32.93975438596491,47.46561361373022,67.99305263157895,62.81109931651478,56.244350877192986,32.85994433609988,1439.740599015559,103.67797888386124,0.5596460783841757,0.39267785301593755,A,grading/data_processed/banana/A/Banana_Good_IMG__8761.JPG
20162.5,1330.8498467206955,0.8888888888888888,0.14305272220852622,0.6930599477519593,48.50079452978283,66.81355207538843,83.36952857899553,62.28384869249224,56.61771079115905,34.351465910319455,2217.845258359556,187.0353887919333,0.6033874865570037,0.4972276221285211,A,grading/data_processed/banana/A/Banana_Good_IMG__9319.JPG
24538.0,3171.978032231331,0.75,0.03064705052418489,0.5560011782566333,81.0735578036914,54.24756652347999,68.4416171132906,65.75471960434666,83.13356243725384,52.07535700007239,10180.850161128574,1223.9544543520942,0.47972919023534044,0.45460803570885244,A,grading/data_processed/banana/A/Banana_Good__IMG20200730132247.jpg
20992.0,1164.2396748065948,1.1428571428571428,0.19461615662919687,0.7991472514085579,24.671730545876887,39.777768522957786,63.775516840882695,57.77610729037994,59.80088269454123,35.075157786702505,1046.465277224171,183.22905759162308,0.4844629797575474,0.3318597234194493,A,grading/data_processed/banana/A/Banana_Good_IMG__9331.JPG
30614.5,1683.9280548095703,0.94140625,0.13567191963344352,0.6670843047959384,27.818129661503157,40.82237208436798,84.82482310193154,58.747781927686205,63.047810288774144,37.73464329754173,769.1119136310158,188.98717447916664,0.6153751907608852,0.49037435950340774,A,grading/data_processed/banana/A/Banana_Good_IMG__8991.JPG
24185.0,1374.832602739334,0.7649402390438247,0.16078899136719232,0.7244922413276617,113.4703463290731,49.60623847142276,78.70560012901664,51.85229110869034,65.76442365842841,37.81220640439286,644.9692295823174,217.95757284996137,0.580570821968929,0.4796733823515494,A,grading/data_processed/banana/A/Banana_Good_IMG__9457.JPG
28804.0,1970.611382484436,0.8764940239043825,0.09320961030848768,0.647491879376426,73.88077817863044,50.23262062553278,89.32580329748137,46.191641912287515,59.8062982568529,35.864172295316024,1581.8045278341376,261.08501155196564,0.5579530335977617,0.4546088739245834,A,grading/data_processed/banana/A/Banana_Good_IMG__8749.JPG
30114.0,1732.7392369508743,0.99609375,0.1260410145594612,0.665458643625837,112.5362103014018,54.60604118156109,68.49522483732073,44.82795899645858,63.460552300171585,37.51004492052888,645.9060619241903,147.69423597440945,0.6646400849987051,0.5254926088802039,A,grading/data_processed/banana/A/Banana_Good_IMG__8985.JPG
15853.0,622.5929265022278,0.458128078817734,0.5139406379190593,0.9408029435328329,114.97788789098792,61.08325279842088,93.52802725301952,55.263345756343305,50.03592443480954,32.97764773539294,268.0222482541156,178.64778325123154,0.37833605341085513,0.14494125530168375,A,grading/data_processed/banana/A/Banana_Good_IMG__9443.JPG
21652.0,1451.460018992424,0.8847926267281107,0.12915098637194725,0.7065080841205358,109.27361578121497,54.989808973258704,63.74776955839498,57.500171028482065,60.36408876933423,35.70584839677417,1108.4231813687459,237.97403913431611,0.5593927625906963,0.46032502199018244,A,grading/data_processed/banana/A/Banana_Good_IMG__9325.JPG
40990.0,1653.3422677516937,1.0,0.18843529203264087,0.7249350052172683,65.11700292327599,48.629835214840654,88.35429146499257,54.07028226768748,91.9938659126851,61.79040975633413,1382.9556568181142,274.9549785539216,0.4664132670073567,0.3594725767268444,A,grading/data_processed/banana/A/Banana_Good_IMG__9286.JPG
33686.0,1555.6021534204483,1.0717299578059072,0.17492917059620886,0.7575420250744926,22.1654308063625,11.960659222909849,106.71895082729942,73.543263526311,70.5936200529239,44.02333301539702,1018.2293457968318,170.43826820766833,0.5543345179141789,0.42616962419862325,A,grading/data_processed/banana/A/Banana_Good_IMG__8826.JPG
33481.5,1615.442771911621,0.9754098360655737,0.16122471415011078,0.7616442407215732,22.3790049111319,11.234974897028826,108.28724275023386,73.57871882171784,70.08541861552852,43.62836304981765,936.9041239491077,182.44787991976207,0.5446956126326425,0.40844960377144074,A,grading/data_processed/banana/A/Banana_Good_IMG__8832.JPG
41420.5,1643.2417613267899,1.0,0.1927623774293992,0.7236222604624348,66.33592675174344,49.11022876274597,87.14950898999004,53.48088360492653,93.22107310593482,62.85694572554806,1351.3112112246454,277.56343443627446,0.4595169393435185,0.35255134861805876,A,grading/data_processed/banana/A/Banana_Good_IMG__9292.JPG
42551.5,1582.7564811706543,0.98828125,0.21345018574015182,0.8232136120488687,67.56581137309293,49.79439502717314,92.65025427646786,53.54138317358378,89.5035136384651,55.85890819909458,1356.0166261502497,299.8240792410714,0.43071002636043304,0.3279514884443265,A,grading/data_processed/banana/A/Banana_Good_IMG__9279.JPG
33524.5,1882.3443540334702,0.98046875,0.11889785559353723,0.7303017100533711,41.65168277628974,47.26511024737353,115.27107837428672,67.28731810487709,68.46174449749621,40.25880332625806,611.4636556090983,225.34535937500002,0.5815029175357371,0.4619338058016351,A,grading/data_processed/banana/A/Banana_Good_IMG__8601.JPG
36871.5,915.2863594293594,0.8359375,0.5530783896752922,0.9005238798861874,65.89675793086803,52.326671683969806,91.17800541685662,49.55303220515625,78.52835804885898,51.01326798525248,425.5298682766009,107.84516211854461,0.5005099558486348,0.3202516226281268,A,grading/data_processed/banana/A/Banana_Good_IMG__8615.JPG
41412.5,1468.472210764885,0.953125,0.2413291860617582,0.8201713125711739,57.93586574118095,48.33676478459172,95.35858609869734,53.9722850427963,89.69846439098602,59.66397499384499,940.9184387397203,217.9590406378601,0.4541629937525859,0.32370686309785207,A,grading/data_processed/banana/A/Banana_Good_IMG__9245.JPG
34513.0,1888.1706943511963,1.024,0.12164942761805059,0.6468499030090619,30.21168089557302,23.00680141953899,97.18312885169898,71.32791649164038,78.21914400407078,55.03481969495946,1144.3557835585939,194.13576470588237,0.5676677119980523,0.4450200333130866,A,grading/data_processed/banana/A/Banana_Good_IMG__8629.JPG
41628.5,1461.1585025787354,0.953125,0.24502250019194105,0.8230473422501656,59.25814767513363,48.52332347253126,94.6381911924696,54.595649117234125,90.52145120855211,60.43982462447667,941.8142938201256,217.86938978909467,0.44965787308641125,0.3205875434094365,A,grading/data_processed/banana/A/Banana_Good_IMG__9251.JPG
31864.5,2062.4864914417267,1.0,0.09413144958055439,0.5654446080953986,24.476476690261165,26.628087353575935,71.57465828655114,78.46747399372815,65.5979985355138,38.782078153936176,1547.6688835916575,263.0386488970589,0.5924102118232385,0.49546714950817383,A,grading/data_processed/banana/A/Banana_Good_IMG__9084.JPG
35162.0,1787.910808801651,1.0042372881355932,0.13822663440870867,0.7360532540662745,54.057694981231755,47.23686399681239,112.39847073543723,61.967834163371435,73.07312665091061,44.63373089958559,520.0916845438574,167.81871229531743,0.5395116754475884,0.35274763892753697,A,grading/data_processed/banana/A/Banana_Good_IMG__9090.JPG
15990.5,2972.7160600423813,0.9846153846153847,0.022738669477280267,0.5153986237127525,69.9911448084269,31.061210516823802,107.34853571015164,73.80413080058054,88.23046648917699,57.906044440784754,11963.949116946089,1246.5260840381259,0.540358710276889,0.5170360549675781,A,grading/data_processed/banana/A/Banana_Good__IMG20200730132131.jpg
27747.5,4682.273619890213,1.3333333333333333,0.015904504590224168,0.5699042885310549,41.27274254232733,22.955802008450892,115.49160171996775,70.64623283897323,86.97708949207203,55.685834825228284,11231.346791260774,1786.140196078431,0.3966031143287984,0.3661908934652466,A,grading/data_processed/banana/A/Banana_Good__IMG20200730132119.jpg
29958.0,2602.518015027046,1.0,0.055582130757623804,0.5540031992307052,30.25743401806667,24.156638936181583,68.3835471115826,75.63634712519075,63.25344777702768,38.22078104342113,2228.0339197812136,365.7949295343138,0.5961646426759419,0.5163361692607678,A,grading/data_processed/banana/A/Banana_Good_IMG__9047.JPG
35844.5,1862.6631162166595,1.0,0.12982662311769325,0.6735598921387164,41.435030405497535,40.55502050008979,80.71369747211693,81.6996652085333,84.18360557388672,64.60119259157594,1886.38111681398,291.78690257352946,0.5343871812637667,0.43582538152168837,A,grading/data_processed/banana/A/Banana_Good_IMG__9053.JPG
35857.5,1850.035700559616,1.0,0.131652664386721,0.6741905764674915,30.5660696273275,33.028704855975285,81.7130394482157,81.50212193205165,84.36959188680788,65.00284178699751,1911.5463897055015,283.3019148284314,0.5353716961398924,0.43617843723182026,A,grading/data_processed/banana/A/Banana_Good_IMG__9052.JPG
29932.0,2511.6063274145126,1.0,0.0596269319359673,0.5467531281395561,29.09873401410946,23.695605055402602,69.03688432174725,75.54072721308289,63.2486228779435,38.27828676072415,2261.757899685763,353.0961550245098,0.5965125554998472,0.5177734488160989,A,grading/data_processed/banana/A/Banana_Good_IMG__9046.JPG
20322.0,2989.58611702919,1.0729166666666667,0.028572890371511596,0.5529269321289129,50.512075506616085,27.506435183613455,108.72439159803831,74.1468745672068,93.62838900712501,56.990682348513324,10898.516338449268,1689.8314532520326,0.4542961022864568,0.431893994780024,A,grading/data_processed/banana/A/Banana_Good__IMG20200730132118.jpg
11631.0,2235.890597820282,1.1428571428571428,0.02923652960837256,0.4546111903691688,93.1047619047619,30.660477784261186,108.86825396825397,61.833430433492545,66.72714285714285,44.31266965368631,8265.546156786408,761.4916479680877,0.6162072559577533,0.5907477762480549,A,grading/data_processed/banana/A/Banana_Good__IMG20200730132130.jpg
26895.0,4438.266476750374,1.3333333333333333,0.01715752595609123,0.5706798506195893,75.88710349135837,28.978662568871023,97.03814118137016,65.93989848188535,86.06181023113764,55.113541225896846,10411.235865776738,1524.4229779411764,0.42013470096063993,0.3879593328754897,A,grading/data_processed/banana/A/Banana_Good__IMG20200730132124.jpg
35485.0,1862.0529465675354,1.0169491525423728,0.1286087810563013,0.7384247216730829,53.627839110205656,47.21214429085108,113.1152713156953,63.69229405055236,73.64237535445861,44.82251381354706,508.08126824263263,174.59332671441734,0.5426501406103456,0.35495309659855195,A,grading/data_processed/banana/A/Banana_Good_IMG__9091.JPG
31789.5,2171.6824474334717,1.0,0.08470341473290514,0.5647651364411598,26.731370632787687,29.125556535309048,69.72324700708526,78.48171748870915,65.59705594918152,38.76462136615574,1592.1719432433601,282.00078125000005,0.5899773630846444,0.4950335394217907,A,grading/data_processed/banana/A/Banana_Good_IMG__9085.JPG
34780.5,1889.2417615652084,1.0078740157480315,0.12245333313865368,0.6611571033447073,29.605987486321933,20.90560987072735,97.0776353076513,71.61567079597806,79.02471872281923,55.669148054727614,1085.2712947415716,192.83583449127678,0.5714730865447036,0.44946694956448635,A,grading/data_processed/banana/A/Banana_Good_IMG__8628.JPG
41602.5,1455.1585030555725,0.953125,0.24689295091726057,0.8271696987772145,59.63817953754763,48.56222108253584,94.00487539346318,54.03287501173474,90.06070574870424,59.85243003467638,954.5591002712644,220.85030864197532,0.44812047307284436,0.32076501848727823,A,grading/data_processed/banana/A/Banana_Good_IMG__9250.JPG
41385.5,1420.3889503479004,0.953125,0.2577766054009657,0.8198557816121556,57.76882257757472,48.20657782913198,95.82300590138968,54.510546800550365,89.69303255282695,59.68257061884314,917.9053548194171,206.3319026491769,0.4547095093290607,0.32487777175020555,A,grading/data_processed/banana/A/Banana_Good_IMG__9244.JPG
29982.5,1483.1240140199661,0.8359375,0.17128635700290737,0.7248189916718037,73.22507345739471,56.53846178116397,97.20404831864185,52.76655005804233,60.86487104146262,35.33141339496331,391.86300779628027,184.01923782276998,0.5833779620830623,0.43836455740682445,A,grading/data_processed/banana/A/Banana_Good_IMG__8614.JPG
42278.0,1610.1118191480637,0.98828125,0.2049331532427533,0.8178749335009914,67.23626003023607,49.61568831347488,92.68100941969996,52.288323296968734,89.09591813001512,55.59881514858981,1343.0320394159278,299.9183097718254,0.43490931255690823,0.33188965511683816,A,grading/data_processed/banana/A/Banana_Good_IMG__9278.JPG
34237.0,1853.4742971658707,0.99609375,0.12523693522381976,0.7298366037454301,43.52924393723252,50.11770241006548,115.2786305278174,66.76539009921474,70.03654778887304,41.280297284052054,676.1809741511303,223.42641178641736,0.5782293863002791,0.45930316300236196,A,grading/data_processed/banana/A/Banana_Good_IMG__8600.JPG
33824.0,1651.6854137182236,0.9836065573770492,0.15580455945288524,0.7653527628184822,21.868201805137698,12.064769094530925,107.73082041194168,73.02220860575409,70.77137815320528,43.856553123088574,931.6388474897424,184.56783730022633,0.5409076419963793,0.4066432459106677,A,grading/data_processed/banana/A/Banana_Good_IMG__8833.JPG
41224.0,1618.1706949472427,0.984375,0.197838736528151,0.7242318300802867,66.01895113230036,48.57158337110447,88.6553516090584,53.28195518072469,92.61673420738975,62.26651010099288,1341.991861748257,273.5399651394423,0.45475378655574217,0.34597254934814115,A,grading/data_processed/banana/A/Banana_Good_IMG__9293.JPG
40601.0,1559.4011429548264,1.0,0.20981227747268194,0.7187417019242685,65.1332348739801,48.223700690574695,89.57664092196693,52.30413804401805,90.93915696196402,60.71317950328623,1421.9713430991396,259.69257046568623,0.4728039575905043,0.36651482635577076,A,grading/data_processed/banana/A/Banana_Good_IMG__9287.JPG
33750.0,1661.827548980713,1.0327868852459017,0.1535718912778535,0.7542067979172719,22.25660202336435,11.785620397646452,108.17175406557092,73.69229582774435,70.59495028553208,43.75237104970668,990.9230302202891,175.61370909803412,0.5675792900180493,0.4366692766501776,A,grading/data_processed/banana/A/Banana_Good_IMG__8827.JPG
23084.5,1244.9087219238281,0.96,0.18717822177380755,0.7716052477646862,111.07403492452751,64.23904574557757,72.46399729398334,64.79591365475021,62.69506574774851,36.864058511671125,618.7190617668999,220.1123560209424,0.5007986098362706,0.38091442771179085,A,grading/data_processed/banana/A/Banana_Good_IMG__9442.JPG
25389.5,1069.1686078310013,1.3631284916201116,0.27910756938085496,0.728651580593781,102.86578296490957,58.07965598499418,63.94527747719895,49.43145316597771,57.98326634719431,35.6780964093082,547.5180929351461,125.45368646113525,0.5918179027463155,0.4078077693408589,A,grading/data_processed/banana/A/Banana_Good_IMG__8984.JPG
21355.0,1452.1463097333908,0.8533333333333334,0.12725905347510305,0.6966350780472688,106.43362108132666,60.18005979197391,60.90731485688323,59.82346015131152,60.13148568832349,35.678513980481654,1214.7431079903977,236.49298429319364,0.5795859291867288,0.4866608843433591,A,grading/data_processed/banana/A/Banana_Good_IMG__9324.JPG
20252.0,727.7056242227554,1.4328358208955223,0.48058069351372557,0.9102636132772995,34.45405982905983,56.90569297869861,72.69318181818181,60.926792819511476,59.94896076146076,37.81885123621206,796.2877177535441,182.76994608111275,0.38648083839712233,0.20180909145505913,A,grading/data_processed/banana/A/Banana_Good_IMG__9330.JPG
29137.5,1893.741324543953,0.8790322580645161,0.10209884707577425,0.665406837333577,74.58785633219841,50.56082572514526,86.11375926296816,45.992197948442836,60.51795847519861,36.41547907929448,1686.4924950069453,266.7572469154156,0.5432895648171813,0.43710179198994803,A,grading/data_processed/banana/A/Banana_Good_IMG__8748.JPG
23618.0,1352.891478896141,0.803347280334728,0.16215377343301254,0.7145061261533807,117.68353281056541,47.06476396413399,71.00222864217912,50.268870105442794,64.65724308708214,37.26946549590854,606.3472268453692,210.508707748253,0.5786703808885304,0.4676455627787398,A,grading/data_processed/banana/A/Banana_Good_IMG__9456.JPG
19032.0,997.7543946504593,1.3231707317073171,0.2402409266793995,0.671571481501085,115.24431555715239,48.37408924505433,79.88923677051788,37.6262936695781,55.929887594312994,34.549434300487384,464.9531017515859,142.27210365853657,0.6260811035506657,0.45202013174511485,A,grading/data_processed/banana/A/Banana_Good_IMG__8990.JPG
28533.0,1141.4701243638992,1.3763440860215055,0.2751871826686931,0.664423435171386,36.85560908465244,52.25506299154346,66.95037852718514,61.200495942214545,57.310426703372336,33.407198370767,1512.4503818683534,105.11431583386039,0.5545804522694759,0.3938606820105996,A,grading/data_processed/banana/A/Banana_Good_IMG__8760.JPG
18723.0,1033.1858524084091,1.0052356020942408,0.2204085309648451,0.690223401902234,40.70307291666666,63.284824166019035,81.87770833333333,57.37331917434824,56.8378125,34.15116743072653,1689.5689276102617,152.986732819824,0.5924548560703473,0.47795080041510996,A,grading/data_processed/banana/A/Banana_Good_IMG__9318.JPG
29609.5,1933.432667851448,0.8166666666666667,0.09953660717199007,0.7679110961266646,89.71995010831746,49.53749146788501,45.49064530952537,58.185129402552576,62.77341954966192,37.92794761265117,2001.2016261869328,463.5737393162394,0.4330626367036761,0.3460111948203043,A,grading/data_processed/banana/A/Banana_Good_IMG__8774.JPG
23945.0,1121.269112944603,0.79296875,0.23933432409968253,0.6424393646705302,21.37773416738215,13.786927212172925,53.281736784005886,61.65431178873007,54.755877182223315,34.21443846218535,2611.6764481993064,203.67558787128712,0.6057984007061582,0.5283131768760476,A,grading/data_processed/banana/A/Banana_Good_IMG__8947.JPG
29567.0,1566.9158617258072,1.0,0.1513302576639242,0.5948615805568969,98.07537821232741,39.88984385562821,82.54773072603554,44.16123589978877,62.63741164035146,37.88267601017367,3834.3454378393944,159.45899203431372,0.6387249343296966,0.5374891739722963,A,grading/data_processed/banana/A/Banana_Good_IMG__8953.JPG
29641.5,1758.520981669426,1.2190476190476192,0.12045225430038752,0.6683012614562549,24.32322966664475,15.882154039920067,101.1845288973634,77.1652461922647,62.12926556644092,37.99259876490494,1204.5468191908924,243.60242763772177,0.5448570299057884,0.4313886325270354,A,grading/data_processed/banana/A/Banana_Good_IMG__9126.JPG
29247.0,1209.3178815841675,1.5802469135802468,0.2513102718183233,0.8212219913517156,101.40190054061314,39.54611642477145,46.42825962862228,63.085516648610835,60.4975319834794,35.50893066018894,1431.786590905837,258.6016702977487,0.4182456181164682,0.27765053418824925,A,grading/data_processed/banana/A/Banana_Good_IMG__0116.JPG
44331.0,1256.406195640564,1.0407239819004526,0.3529045464429948,0.9177025866084274,55.78539290805417,47.78743342371269,91.25314059158946,56.8543913923053,97.09706878118318,64.97317504181643,544.3855311140595,212.37214724653722,0.34661845546205244,0.11383046984922139,A,grading/data_processed/banana/A/Banana_Good_IMG__9132.JPG
34436.5,1652.8986157178879,0.9404761904761905,0.15839316503859477,0.6562958586647862,70.3610495195861,46.559296322880265,79.40565125930979,48.42968570826385,75.49013588037978,52.88972559421048,3240.0623807585575,214.75411958568745,0.5120787897512021,0.40519362858458835,A,grading/data_processed/banana/A/Banana_Good_IMG__8562.JPG
32800.5,1246.9574930667877,0.6953125,0.2650861449978604,0.8865239601070299,28.003119001919387,14.742503214189705,124.94946617082533,74.58861821809913,77.61792226487523,57.04197225007368,570.3640424576452,335.3036502471752,0.36850849911552536,0.2575533082356297,A,grading/data_processed/banana/A/Banana_Good_IMG__8576.JPG
26704.5,4981.209691286087,0.75,0.013524607373550096,0.5484821721984884,56.044775602148675,48.5513817649366,86.26106394039161,72.1815844000833,91.11044879570265,59.13232988849299,18643.253915468853,2173.7734170484296,0.4110827293797165,0.3869241610497852,A,grading/data_processed/banana/A/Banana_Good__IMG20200730132050.jpg
42872.0,1319.7442893981934,1.0081632653061225,0.309317167898396,0.8738687321646963,30.080842250604075,17.53272922864122,119.16025773788976,67.64046286383343,98.26655160510873,69.1686539784778,742.7149614420098,246.61614401858304,0.39539125854171336,0.2782511645621534,A,grading/data_processed/banana/A/Banana_Good_IMG__8589.JPG
19221.0,1229.259008526802,0.9739583333333334,0.1598449953785084,0.7226619043143152,53.93917004048583,40.84502462428065,181.8705971659919,64.84513165254634,61.18466599190283,51.08776640453375,4373.894458889282,335.84397401433694,0.5783212026798839,0.43970225800850343,A,grading/data_processed/banana/A/Banana_Good__IMG20200729190223.jpg
38711.5,1619.9625455141068,1.3333333333333333,0.18537019925361328,0.7951749070517429,75.51647404703974,33.26629027758903,208.13625304136252,48.54119127291468,112.97120843471208,71.29878725753446,830.0808102670643,363.5178513071895,0.46821814123083483,0.19152230203456752,A,grading/data_processed/banana/A/Banana_Good__IMG20200729190237.jpg
21320.0,1323.9452995061874,1.1555555555555554,0.15284702155603266,0.6860489437356202,71.16432353478181,36.78526183392477,190.078281906153,78.6538318638584,60.47001095490232,36.811763834408254,299.9133726205519,143.93550724637683,0.6556546919430284,0.4059097792660004,A,grading/data_processed/banana/A/Banana_Good__IMG20200729190221.jpg
44149.0,919.6812385320663,1.3333333333333333,0.6559278652397771,0.946205448037892,73.4117765768998,34.0623112931294,209.93217032535821,60.958197747844935,119.80902302845483,71.33768864823598,491.66249732010897,224.47898284313726,0.5002293353741013,0.09879320123779817,A,grading/data_processed/banana/A/Banana_Good__IMG20200729190235.jpg
34099.0,1602.8569852113724,0.9601593625498008,0.16678690838485716,0.6454659890021485,68.641575002154,46.61536856142775,80.67804934087711,53.21765508286359,77.05474022803642,56.24965216268659,1732.065012089584,200.02533200531207,0.5232601895787685,0.4192513186581824,A,grading/data_processed/banana/A/Banana_Good_IMG__8560.JPG
40774.0,2966.5079103708267,0.75,0.0582240164724187,0.837214077450618,82.76216845707766,44.894385738076906,78.25268561650347,59.808490642752076,120.85138796463542,74.61185007182989,12884.94090254936,1867.9226521596856,0.18190167473822486,0.12883389966482323,A,grading/data_processed/banana/A/Banana_Good__IMG20200730132046.jpg
32796.5,1533.5849080085754,0.9529914529914529,0.17523534617535633,0.7644248138263778,23.34820788530466,15.807236172914902,105.87377538829152,81.98360608020207,66.41188769414576,38.957861033946806,760.6949529551931,204.3968968968968,0.49789590574064546,0.35607626259102876,A,grading/data_processed/banana/A/Banana_Good_IMG__9118.JPG
28394.0,1350.2051845788956,1.3403141361256545,0.19572076268970767,0.8047615673492524,21.822570078957348,24.305674552547778,32.40768196393476,51.808038036330345,58.54783987863325,34.78996751277063,1247.2161169234332,177.7464326044554,0.5278519664960638,0.4050041059509242,A,grading/data_processed/banana/A/Banana_Good_IMG__0128.JPG
33142.0,1270.5138393640518,0.69140625,0.25800598286251264,0.8883111313624058,27.72078943463422,14.188146204282601,125.31283573230449,74.4658819445583,78.12461789583024,57.133905170496355,603.7933630963541,352.9188343394887,0.35505313100033964,0.24619389357597105,A,grading/data_processed/banana/A/Banana_Good_IMG__8574.JPG
30320.0,1915.8174450397491,1.0578512396694215,0.10380799762129764,0.630222406983995,25.428236804107172,19.673132528445446,101.30614471362105,77.44442702467123,63.53887373656345,38.66169823143459,1301.7469645773042,239.35279533300923,0.5918723479222797,0.4940322316389835,A,grading/data_processed/banana/A/Banana_Good_IMG__9124.JPG
29555.0,1198.2051857709885,1.297872340425532,0.2586892835231016,0.836635905565306,59.594256846583356,50.96638445135662,95.76262961978198,61.51310722467493,70.29284099973411,50.52472956476019,495.4705061225552,176.14134051308992,0.5292314649424207,0.3413291034150839,A,grading/data_processed/banana/A/Banana_Good_IMG__9130.JPG
22920.5,953.6538888216019,1.3369565217391304,0.31670315014192224,0.8171301247771836,125.73213979784136,62.20772220965617,58.22764262463594,68.3773062994265,55.59499743018674,37.77700857523325,1629.7655980558377,162.36594942324754,0.598518047240937,0.4852925504105312,A,grading/data_processed/banana/A/Banana_Good_IMG__0114.JPG
34224.5,1581.3838976621628,1.0695652173913044,0.17197778513652437,0.7489031608660927,28.072718944143833,28.643008246993734,68.16702453548628,73.31268274411727,70.52560909273097,41.72169048901212,1748.0859284666674,329.9494409937888,0.48047190188323924,0.37816090508237205,A,grading/data_processed/banana/A/Banana_Good_IMG__8548.JPG
30447.0,1194.1219242811203,0.7836734693877551,0.2683224600329954,0.8824066426118332,95.0315636598354,71.8821811223688,85.42284976601582,61.39061080064947,61.838792964337586,36.68143095386108,548.4155391303789,168.70907148199598,0.5230841873304819,0.3400264621802749,A,grading/data_processed/banana/A/Banana_Good_IMG__8979.JPG
25601.0,1415.234622836113,1.0,0.16062380294008105,0.5761384478626324,21.444313202514763,13.581216876549844,54.513697847208995,60.897410938449404,59.44778052962469,38.367480278128426,3238.2830395959318,224.21864276960784,0.6609375431083221,0.5973902340616187,A,grading/data_processed/banana/A/Banana_Good_IMG__8945.JPG
32477.5,1818.7219916582108,1.215311004784689,0.12338427654687313,0.8224754669199114,92.22423168203804,50.62421789953874,56.811758344098294,49.60145923203161,67.71253041728002,40.395051091924174,2039.0011487804275,350.2610586833596,0.4976204280228775,0.3681857041921661,A,grading/data_processed/banana/A/Banana_Good_IMG__8789.JPG
29120.0,1872.4793516397476,1.0,0.10436795166411436,0.6010443972011806,94.63264011750175,41.98295235008144,87.71625997262743,44.21302381394787,60.90135861401342,37.01383189025728,5470.760206978535,166.80291053921573,0.6449474521502347,0.5406699207509904,A,grading/data_processed/banana/A/Banana_Good_IMG__8951.JPG
33119.0,925.7644991874695,1.4301675977653632,0.4856082249070864,0.8143148680878267,24.463099246193725,27.23048259006878,58.71078270714775,63.766215114461865,65.90146887942079,38.294995284159974,1398.390736680468,146.628853105488,0.4457909049280394,0.2719124193653473,A,grading/data_processed/banana/A/Banana_Good_IMG__8762.JPG
30768.5,1874.4621049165726,0.8091286307053942,0.11004311070999424,0.7914421308502566,82.27827710614596,55.243033152253496,37.94059750617128,60.16362310468382,65.27704285081334,39.53252402696738,2291.3979831657484,532.7028061770116,0.4031364935904456,0.32135113583747354,A,grading/data_processed/banana/A/Banana_Good_IMG__8776.JPG
18754.5,2723.4612276554108,0.75,0.031774078235676975,0.5097578212062732,78.7704276249749,55.78499859151877,66.08161011845012,64.6270978758973,84.03950010038145,51.962296916265586,9904.025343632946,968.0231920811517,0.6000870231905269,0.579798770422216,A,grading/data_processed/banana/A/Banana_Good__IMG20200730132250.jpg
21106.0,1263.6366443634033,0.9186602870813397,0.1661006663291364,0.6912520879048898,110.01591328413284,55.681174115009426,66.79524907749078,60.39079074312896,58.725968634686346,34.734616560755185,849.5304258871362,184.77619679851696,0.5633835832075151,0.4576185855452078,A,grading/data_processed/banana/A/Banana_Good_IMG__9326.JPG
30730.0,1595.4011433124542,0.97265625,0.1517164340211754,0.6745321846018767,114.76470588235294,51.974675508656006,65.9118918918919,43.79113994947113,63.9272813990461,37.862475054485046,681.5733024804019,137.9273405997984,0.6392390539224442,0.5063402002263527,A,grading/data_processed/banana/A/Banana_Good_IMG__8986.JPG
21796.5,1162.3401803970337,0.964824120603015,0.20273565002924857,0.7431216119464048,127.31276309897,56.57273798042785,66.14733542319749,58.839350028686454,59.70935960591133,35.164093449886714,507.66112798666586,179.1554105606567,0.5448292209849654,0.4148720890258006,A,grading/data_processed/banana/A/Banana_Good_IMG__9440.JPG
32607.0,2460.410371899605,1.0,0.06768705351462355,0.5977068382413594,22.788274388796584,18.172980316015835,98.92671492997864,76.05466910345514,67.07533230477095,39.00000370163676,1455.6971558025107,378.39560355392155,0.566123336797885,0.4764180531439438,A,grading/data_processed/banana/A/Banana_Good_IMG__8992.JPG
12997.5,810.9188275337219,0.3984375,0.24837902764029957,0.699806170247133,112.0930023923445,58.13792577958173,94.72293660287082,57.39348961118804,49.7639802631579,33.850503693532005,737.731537638147,197.48526454207914,0.5980455460692803,0.4830817627246782,A,grading/data_processed/banana/A/Banana_Good_IMG__9454.JPG
18994.0,680.1076447963715,1.5,0.5160252875333626,0.9008940640785449,33.805135638848625,54.76963585347233,63.98700559121971,57.76685658161367,58.39086767446676,36.99279965888929,779.894972441925,148.03415412303667,0.39914417369483457,0.21977984475458362,A,grading/data_processed/banana/A/Banana_Good_IMG__9332.JPG
33905.5,2059.3494077920914,1.0,0.1004661914243943,0.6337239729355912,77.97206591639872,49.34135020018534,110.7456936150666,60.02164987839075,69.22295590261828,40.91298188491123,1584.7389777170029,217.0072610294118,0.5928087133838986,0.4631274919303741,A,grading/data_processed/banana/A/Banana_Good_IMG__8819.JPG
40989.5,1652.070188999176,1.0,0.18872328852124562,0.7192339074056202,66.03953895185833,48.820763383076276,88.16441015072728,53.596921207324804,92.38800891423642,62.34888080291879,1401.6563387354836,274.5043198529412,0.46521263002072916,0.35896961243107145,A,grading/data_processed/banana/A/Banana_Good_IMG__9291.JPG
33790.0,1678.7981112003326,1.0244897959183674,0.150661092367742,0.7610617475815624,22.40636308369279,11.782646486499974,109.15270821874186,72.99014670824195,70.57464609327505,43.711303257323365,1010.0671965285703,179.8447020408163,0.5635354282482008,0.43579315254305595,A,grading/data_processed/banana/A/Banana_Good_IMG__8831.JPG
33640.0,1661.969684958458,1.0406504065040652,0.15304517966563752,0.7541924491077033,22.34384179147884,11.164852928676103,107.75841209829868,73.58008739260946,70.33625127235713,43.64872345181521,1007.9962715480748,177.0364578351666,0.5763039614447829,0.4517872091327514,A,grading/data_processed/banana/A/Banana_Good_IMG__8825.JPG
40485.5,1618.9574908018112,1.0,0.19410578549190557,0.7219240370898716,65.06291398762586,48.70814175526039,88.31968943345869,52.90285360676387,90.94327308018926,60.97238450533502,1435.9628262014594,269.0568780637255,0.4725870628972683,0.36772297728327014,A,grading/data_processed/banana/A/Banana_Good_IMG__9285.JPG
30703.0,1463.3666548728943,0.859375,0.1801707835147885,0.7068479274343007,70.50912571793235,52.97283333742227,94.54049138481174,52.75444724776638,61.98337587747288,35.994691491022536,289.44373153686524,172.0021939212329,0.5895847691872824,0.4415506812620252,A,grading/data_processed/banana/A/Banana_Good_IMG__8616.JPG
33394.0,1826.9890152215958,0.96484375,0.12572059696352775,0.7305382671756561,40.04029828922357,45.247907558697,115.21623044304722,69.19368781513278,68.22014914461178,40.11440895048062,675.1846976168055,219.62490472560978,0.576688636650919,0.45599644319553606,A,grading/data_processed/banana/A/Banana_Good_IMG__8602.JPG
41382.0,1405.3178828954697,0.953125,0.26331293556542384,0.8216501702588133,59.09839577283763,48.490253062531316,94.38994144808873,53.964250649847656,89.56864378540486,59.56828059154481,950.4271280657248,210.10633680555557,0.45280757944926947,0.324974436880902,A,grading/data_processed/banana/A/Banana_Good_IMG__9252.JPG
41585.5,1445.6437836885452,0.95703125,0.2500513510577623,0.8198064109135355,58.18666824532323,48.56953765502837,95.24331044281317,54.121800914658714,90.26275159838977,60.22419368338012,992.9423146442888,217.70795978483608,0.4521036440904294,0.3240730002828755,A,grading/data_processed/banana/A/Banana_Good_IMG__9246.JPG
21298.5,2902.632800102234,0.75,0.031766888976913,0.5168723381019985,54.313946271832606,23.25047071253809,128.69979608121287,69.54467922752973,79.81642876141503,50.20797637374252,7599.754170433928,850.0063399869109,0.5557870100850685,0.5220979622769082,A,grading/data_processed/banana/A/Banana_Good__IMG20200730132318.jpg
34004.5,1711.1240142583847,1.0663716814159292,0.1459430051866602,0.7288969390379834,53.277570039693956,46.98489277079393,112.98697002818847,60.32201148686742,71.11226485646897,44.33697794059969,497.7925885406613,165.78796091445426,0.5481331261122129,0.35685303518078515,A,grading/data_processed/banana/A/Banana_Good_IMG__9093.JPG
34401.0,1878.9646319150925,1.0308370044052864,0.1224457513566986,0.7312438223384242,54.897900113507376,47.17666962356467,111.70550510783201,58.93267184493901,71.57224744608399,43.81269986053462,466.3699922963987,181.11790285681872,0.5318004353494815,0.3315053542451295,A,grading/data_processed/banana/A/Banana_Good_IMG__9087.JPG
4870.0,1168.9991213083267,1.0508474576271187,0.04478271873166803,0.511877233550557,85.49636939117482,40.28086248986508,102.61292124371626,76.65611874172022,70.62651275367716,49.42699176849412,12980.171808842584,961.6185751688022,0.6259162115404033,0.6068240776812116,A,grading/data_processed/banana/A/Banana_Good__IMG20200730132132.jpg
38420.5,1581.9280531406403,0.992,0.19292984752388828,0.7424107746710209,72.26042065986864,48.646946969980675,85.36561118352117,44.26945504421879,81.75890004855734,52.55114045901,1772.8378602286678,234.26584615384616,0.4756795985753516,0.36516277855374185,A,grading/data_processed/banana/A/Banana_Good_IMG__9078.JPG
29658.0,2713.4297016859055,1.0,0.05061911824727945,0.5477817590779801,33.82550640090747,26.249110471900416,65.63594231080862,76.25762217986852,62.51534597309998,37.67082497643876,2084.723357066512,379.5531250000001,0.5993781335982976,0.5194763057747002,A,grading/data_processed/banana/A/Banana_Good_IMG__9050.JPG
33742.0,1950.846881866455,1.007905138339921,0.11141260208947315,0.7210060151500582,74.61077238708931,51.05475610574855,82.77033548126101,67.03515181861842,75.53327361516456,52.96669723098204,1889.2074149496793,254.86466340916877,0.560608258120601,0.4588562642793832,A,grading/data_processed/banana/A/Banana_Good_IMG__9044.JPG
33445.5,2130.2854804992676,0.98828125,0.09261299782273823,0.6840409866241257,73.15470512969641,52.6190676831249,77.52326392927766,74.21773428878657,76.03137722461324,54.59068965703742,1825.4416017629342,285.4557136656746,0.5591995250948378,0.4627741739560932,A,grading/data_processed/banana/A/Banana_Good_IMG__9045.JPG
36179.0,1746.1950801610947,1.0,0.14910111875092724,0.7022321428571429,66.68030413724058,45.53913783192759,86.39889601428688,72.94243439652398,83.63765998322374,62.63206895432536,2081.592234750977,268.13664215686276,0.5324335118817523,0.4316000570005213,A,grading/data_processed/banana/A/Banana_Good_IMG__9051.JPG
38919.0,1703.0823827981949,0.9880478087649402,0.16861655959816238,0.7469197405289218,72.68298891129032,48.835861452921854,83.93429939516129,45.166073400891456,83.31393649193548,54.019374299651346,1533.1378311197298,259.4808297175669,0.46836031388251004,0.3578878247503443,A,grading/data_processed/banana/A/Banana_Good_IMG__9079.JPG
21070.0,2325.2286916971207,0.8135593220338984,0.048971460141965004,0.6099555632752905,64.6260081558677,31.91710709048941,89.23638423198912,67.12961574168732,108.89963751699139,65.73640111249912,14030.051974479122,1310.793526488597,0.5224071107916396,0.49733451973003834,A,grading/data_processed/banana/A/Banana_Good__IMG20200730132133.jpg
34564.0,1758.9402470588684,0.9831223628691983,0.1403885498179969,0.7385312279652144,53.99052467826333,47.38664412232297,112.98455663979635,60.98208967747499,71.63241408570217,43.59922153674376,504.0923582879828,160.68379892332317,0.5494910059894085,0.35549427921562865,A,grading/data_processed/banana/A/Banana_Good_IMG__9086.JPG
35154.5,1864.236711382866,1.0530973451327434,0.1271126220410509,0.7400246292456504,54.9336167611426,47.882335825396076,112.18736801155941,61.081858440282595,73.08744581527176,44.69610121749005,471.290588170631,186.29349165453118,0.5240939076909508,0.32632481207365344,A,grading/data_processed/banana/A/Banana_Good_IMG__9092.JPG
21445.0,2548.6500458717346,0.75,0.04148733145570054,0.6021762021762022,61.749112531061414,30.19382972839825,115.45695775647852,71.55510183704281,87.88809016684417,57.9655711973958,8551.13120166088,1022.4118332787957,0.5536790811713322,0.5263853823817314,A,grading/data_processed/banana/A/Banana_Good__IMG20200730132319.jpg
41326.5,1458.8153574466705,0.94921875,0.24402697512187507,0.8228846211284012,58.87817428176664,48.744166646471044,95.23047786936014,55.21733512238641,90.55181285435228,61.126699065000736,963.7945567181124,220.78217006714877,0.451424477859744,0.3224897915988438,A,grading/data_processed/banana/A/Banana_Good_IMG__9247.JPG
41753.5,1450.9574921131134,0.95703125,0.24922601394744553,0.8226155998187442,59.48753508337461,48.784905532007826,94.69690322884973,54.75473745004329,90.93971555932923,60.93230559067395,961.2381838355011,224.28691726434428,0.44891018567101487,0.3213501548171256,A,grading/data_processed/banana/A/Banana_Good_IMG__9253.JPG
32986.0,1744.562609553337,0.96484375,0.1361966414734812,0.7287710577188622,39.7539405072292,44.66493182820977,114.86540056885518,68.97698421638573,67.48314173974876,39.73739214429104,682.4559606301923,209.3213605182927,0.5813435518847273,0.462459043491275,A,grading/data_processed/banana/A/Banana_Good_IMG__8603.JPG
35793.0,1017.4701249599457,0.84765625,0.43447483990059377,0.8665327071127681,71.82158420210712,54.38529536184983,88.77759391030945,48.034698911887325,76.8935407358376,50.57005422297836,384.91622520465734,109.48998119212963,0.5224975216053231,0.3478197113980145,A,grading/data_processed/banana/A/Banana_Good_IMG__8617.JPG
33034.0,1651.2001323699951,1.0364372469635628,0.15225501238637884,0.7513447738619176,22.715977382397348,12.819592840529948,108.46144053998046,73.55880660491317,69.10355546345363,42.90487660734024,1045.694424262351,164.73414304993253,0.5870594127133033,0.4632764405418864,A,grading/data_processed/banana/A/Banana_Good_IMG__8824.JPG
40944.5,1653.9280539751053,1.0,0.1880928160147685,0.7370415372845507,65.27146249610209,49.01635157328264,87.70421454100602,54.893509276441854,91.83715128691021,61.741441893231055,1358.1748500457034,270.52732843137255,0.4688784414775034,0.3603334181713094,A,grading/data_processed/banana/A/Banana_Good_IMG__9284.JPG
41108.5,1566.4722100496292,1.0,0.21052132987094913,0.7199828360757665,65.56384378064239,48.69140049064712,89.11089852438236,54.215631719820784,92.57484514385479,62.38375879158946,1379.3693518256769,266.08674938725494,0.4641540140588538,0.35792626394184873,A,grading/data_processed/banana/A/Banana_Good_IMG__9290.JPG
33470.0,1676.1118198633194,0.9795081967213115,0.1497130296327365,0.7620934230449583,22.478696668614845,11.641829233333363,109.56601402688486,72.99390018675565,70.15356516656925,43.69273994070099,908.2601732960155,186.16839440694312,0.5459846943506063,0.41022742142606317,A,grading/data_processed/banana/A/Banana_Good_IMG__8830.JPG
34068.5,2051.9768229722977,1.0,0.1016758880417241,0.6379570244838725,78.36784040242368,49.962507920688765,106.31470789985137,59.93464433159279,69.316108380016,40.92155307881986,1567.440298221074,218.86888786764712,0.5920901017408553,0.4608906341484266,A,grading/data_processed/banana/A/Banana_Good_IMG__8818.JPG
13553.5,810.2569204568863,0.34297520661157027,0.25942738976942376,0.8639130573349906,112.31132346601524,56.80021865668193,87.55122862480242,59.07166277625829,52.80507256789769,33.99952892021778,538.1343493117998,245.91236645837535,0.4455158188448424,0.29916810743595035,A,grading/data_processed/banana/A/Banana_Good_IMG__9455.JPG
34272.5,2443.8834598064423,1.0,0.07210986208477159,0.598212649345889,22.566108691964033,19.40545701818139,94.34191030933665,76.92607625109873,70.20005089634112,40.69541389510315,1573.682859612396,424.31580882352944,0.5424529315383557,0.4511958108094512,A,grading/data_processed/banana/A/Banana_Good_IMG__8993.JPG
19810.5,804.7766917943954,1.238709677419355,0.38437445867223174,0.7839067724511802,44.286655438874575,63.70009424937958,65.06469189617594,60.82396127780065,58.349960372498515,37.130204642428374,1030.0662896349559,144.6396216855261,0.48310278581918575,0.32423469419444045,A,grading/data_processed/banana/A/Banana_Good_IMG__9333.JPG
22040.5,1468.9331073760986,0.897196261682243,0.12835927872115202,0.6857440652126567,108.98775707931475,56.30518113049609,68.82727793191526,60.46721054112961,60.891355088739154,35.94172125744396,810.5009875847356,225.0278416597349,0.5520471418849476,0.44266638137743863,A,grading/data_processed/banana/A/Banana_Good_IMG__9327.JPG
23017.0,1194.9259675741196,0.964824120603015,0.20257067885331884,0.7619252540633586,118.3271523740824,53.069720170881155,74.06318156744601,57.85823884174974,62.32596427207536,36.16353708909674,580.9241590135035,201.70570128127545,0.5027262322729217,0.37930991945151143,A,grading/data_processed/banana/A/Banana_Good_IMG__9441.JPG
33234.5,2109.8834602832794,0.921875,0.09381711595463613,0.6937802039516946,109.41304411463365,45.243515253331566,79.99010567606335,34.191112739779946,68.21799713123153,40.23613359882362,830.1218244686307,221.16505984042556,0.5735545498661544,0.43030997839571766,A,grading/data_processed/banana/A/Banana_Good_IMG__8987.JPG
30835.5,2433.7900936603546,1.0406504065040652,0.06541760209490922,0.5525085110195306,99.69086577644035,38.71769183990329,80.7454391574196,49.159243654100585,65.25014105698702,39.46294846749304,2338.355287867439,277.1866889845369,0.5880378084401929,0.4858312988360448,A,grading/data_processed/banana/A/Banana_Good_IMG__8777.JPG
35294.0,3337.919155716896,0.75,0.03980696964442057,0.7417744664305755,58.273657846019816,47.1074548782987,92.21455406729827,70.81845461904744,108.16119459871501,70.12297938632747,8602.89297442966,1411.0744846204184,0.2791317201424408,0.23360848573901002,A,grading/data_processed/banana/A/Banana_Good__IMG20200730132251.jpg
32326.5,886.8944422006607,1.4628571428571429,0.5164457207854778,0.8425490323841793,24.826896656998933,26.962231822761723,59.85214471073119,63.04034344080687,64.27369867195848,37.3443437336439,1169.5189777338767,97.69091316526611,0.47555640510722685,0.2743772009231332,A,grading/data_processed/banana/A/Banana_Good_IMG__8763.JPG
28969.0,1749.4255284070969,1.0,0.11894671391072609,0.6047492302071917,94.98937957921623,41.866283139407365,84.7368757141897,45.530550414398036,60.92955568999126,37.317086941176434,4913.2666345720645,154.10540747549018,0.6476367618144903,0.5449655708467183,A,grading/data_processed/banana/A/Banana_Good_IMG__8950.JPG
33445.0,1737.994069814682,1.2549019607843137,0.13913759227523753,0.8598681081359026,93.78010287584756,49.39384785978748,59.74383329436521,45.988246972063784,69.16515665185878,40.86586437702396,2138.596257205011,338.8153787004999,0.4783011185967814,0.3405969399953026,A,grading/data_processed/banana/A/Banana_Good_IMG__8788.JPG
24850.0,1621.6854139566422,1.0,0.11874163813028409,0.5572123685449694,20.92466476406427,12.311787751402413,55.22518472184213,61.288208768344646,57.79717737206302,37.02305267457879,3159.1657430073246,240.36603860294116,0.6696687514014632,0.6066286000686932,A,grading/data_processed/banana/A/Banana_Good_IMG__8944.JPG
30340.5,1124.080293893814,0.7479674796747967,0.3017435037344424,0.8920790332539472,92.9567543034979,71.0028210711812,85.02502674490226,61.122535102182326,61.65170032742244,36.72248614094942,489.4477490348715,163.33306677329074,0.5098877264150621,0.3171476736869418,A,grading/data_processed/banana/A/Banana_Good_IMG__8978.JPG
30154.5,1184.5067019462585,1.2774869109947644,0.2700765959469591,0.830702479338843,60.37269023953071,51.299631627624144,94.1032100374776,60.90580672594631,71.7993482157406,51.53975752182629,509.351534236407,179.72162971581238,0.524770518378737,0.33876677909594216,A,grading/data_processed/banana/A/Banana_Good_IMG__9131.JPG
31892.0,1342.371705174446,0.749003984063745,0.2224057650821878,0.8265602322206096,72.77856109349506,48.56869704199588,84.07129883323584,41.20846111977538,69.20179786349783,46.69203348187102,887.2668735703419,210.34499435413426,0.43262077237421537,0.3049318035001921,A,grading/data_processed/banana/A/Banana_Good_IMG__8549.JPG
29557.0,1333.2833923101425,1.391304347826087,0.2089417734956473,0.8191959645792048,122.8780860100876,49.07708761262556,50.32350013273162,65.21274306567703,61.74890496416246,36.1505911850289,1712.3196719193052,271.51705029838024,0.4808887438077627,0.3558033650986477,A,grading/data_processed/banana/A/Banana_Good_IMG__0115.JPG
29803.0,1798.4204758405685,1.2190476190476192,0.11579435013260364,0.6627307093617968,24.951794234917315,18.048954332136837,101.62729590169292,77.24297769077785,62.494509445061766,38.220824765659536,1204.8774610506434,251.35716153127913,0.5423916607563128,0.4276590036252334,A,grading/data_processed/banana/A/Banana_Good_IMG__9125.JPG
5501.0,1423.6753089427948,1.24,0.034105906950639316,0.41850203507170297,77.5568666011144,32.965481999948494,95.80350704686988,73.35166415768326,89.99246148803671,58.91300083339624,18190.19020420129,1282.87812987013,0.672684066174738,0.6611057277536471,A,grading/data_processed/banana/A/Banana_Good__IMG20200730132053.jpg
33188.5,1240.9574913978577,0.69140625,0.2708218360390462,0.8872388488631655,27.687242432328265,14.403907539812392,122.82649945151057,74.0651319360799,78.305879213733,57.23147166129454,674.8748221293445,352.02443625710237,0.3561167944755769,0.2450658440421758,A,grading/data_processed/banana/A/Banana_Good_IMG__8575.JPG
26367.0,1760.2539551258087,0.84375,0.10693501276057843,0.6070729629544356,45.496888463379605,56.91512846041947,42.20480907316714,67.9335934116327,56.956217549803,35.4376344576311,1764.060352309414,314.96922238372093,0.5764807423242891,0.4997893770867656,A,grading/data_processed/banana/A/Banana_Good_IMG__0129.JPG
33856.5,1519.8447935581207,0.9523809523809523,0.18418465446183255,0.6418841417751278,68.95463362380939,46.68431740702853,81.22367621087983,54.63928892473737,77.80761992993834,58.20244532044635,1695.6315038879327,189.37206946934978,0.5289895299706749,0.4240951243583179,A,grading/data_processed/banana/A/Banana_Good_IMG__8561.JPG
28218.5,1807.089522242546,1.3264248704663213,0.10858865472619426,0.6871248554209534,24.855123918513666,17.12244657619542,103.90148564337665,77.11161865738848,60.02826514080866,37.286488131583916,1249.8068878461397,277.6686172914762,0.5277375815228219,0.4089775972089739,A,grading/data_processed/banana/A/Banana_Good_IMG__9119.JPG
39550.5,3153.4612276554108,0.75,0.049978918138065515,0.8135786723715879,84.02433125687065,46.066980026230056,78.29571271528032,61.25109170811723,119.71520703554415,74.78621750468616,14199.532311594734,1978.7567899214664,0.20011473260098683,0.15117197129945625,A,grading/data_processed/banana/A/Banana_Good__IMG20200730132047.jpg
19201.0,1526.8224958181381,1.3218390804597702,0.10350387550413472,0.6172268029638202,58.50397664351153,40.80974671142505,173.69998993254808,72.51142442194889,62.611698379140236,48.627313898327905,3664.3054584870238,256.1819003162175,0.6071647996096464,0.49254199612059996,A,grading/data_processed/banana/A/Banana_Good__IMG20200729190234.jpg
25072.0,1722.999122619629,1.3333333333333333,0.10612769468523492,0.660676170650083,72.34332688588007,34.664225213154516,193.1769825918762,74.10926047132902,72.64912959381044,45.671452047471064,367.7655785775019,163.71717728758165,0.722621977546989,0.4669897558720327,A,grading/data_processed/banana/A/Banana_Good__IMG20200729190220.jpg
17766.5,1226.9574919939041,0.9209039548022598,0.1483039473340906,0.7187531605882234,50.29983606557377,40.40357190798368,166.2968306010929,75.63764119743028,54.573934426229506,41.769104438726124,3384.2860762109835,281.03885052660945,0.48497279883779215,0.35124769909314435,A,grading/data_processed/banana/A/Banana_Good__IMG20200729190224.jpg
26526.0,1464.9747366905212,1.1354166666666667,0.1553178458347966,0.7189202374176762,75.3107367491816,32.388410244709036,201.7456872770074,36.47647137013478,74.07521977415676,44.25674580921695,554.1056333575281,196.97863863287245,0.6063266973865118,0.34263903277938396,A,grading/data_processed/banana/A/Banana_Good__IMG20200729190230.jpg
30138.0,1988.1017154455185,1.0534979423868314,0.09581799798056347,0.6386454900880474,25.231049492181203,18.72454071357632,100.97298081573432,77.3967323527199,63.221860390133806,38.44393460152743,1386.0736199314865,246.96378600823044,0.5939144696936169,0.4981124529220802,A,grading/data_processed/banana/A/Banana_Good_IMG__9121.JPG
34130.5,1590.9574917554855,0.9407114624505929,0.16944757679433672,0.642522990615499,69.52244160018367,46.63203255443544,81.21838948516329,52.32999139195667,76.72587958445733,55.376425119223725,1660.7318375173122,189.54271943429896,0.5228692160530252,0.4162884722386896,A,grading/data_processed/banana/A/Banana_Good_IMG__8559.JPG
32250.0,1788.170695066452,1.0,0.12674231528815583,0.6833061423395554,103.55364326547897,76.49176104449181,35.521853543449986,53.93538415080548,66.5773570067451,38.799314588561245,2303.085485463729,218.27075674019613,0.5872044706609153,0.49346760003079776,A,grading/data_processed/banana/A/Banana_Good_IMG__0111.JPG
47007.0,1380.548331975937,0.94140625,0.30993396207986773,0.8574946642587424,57.28875545851528,47.59349312002713,91.74193819281156,56.55821929339462,102.70448438024857,67.94313825041786,676.0001726606818,207.240380859375,0.41732217527336884,0.22526760523503558,A,grading/data_processed/banana/A/Banana_Good_IMG__9135.JPG
34830.0,1753.7097980976105,0.93359375,0.1423140839423642,0.6515760920400336,71.40656501839216,46.42001629970361,78.76269901440486,48.479452448151484,76.02754612079859,52.69451997913056,3769.580905128341,223.67957261029412,0.5192070501969025,0.41219751034781343,A,grading/data_processed/banana/A/Banana_Good_IMG__8565.JPG
33646.5,1210.5310856103897,0.6875,0.28853457756551465,0.8995668796620592,27.82798876470244,15.305873276051875,124.00664169933876,74.82595787115716,78.76048920358124,56.97011950053746,636.2243506199072,341.70055803571427,0.34480375818775355,0.23191058467031406,A,grading/data_processed/banana/A/Banana_Good_IMG__8571.JPG
31298.5,1808.3443551063538,1.063063063063063,0.12027382383649968,0.698549269054793,23.508555399719494,18.74861370516235,112.32348449431198,80.6287787018154,64.13339566775753,38.0979009476447,673.4096365367168,250.5233467510063,0.5210822077465667,0.38244063377887855,A,grading/data_processed/banana/A/Banana_Good_IMG__9109.JPG
31709.0,1305.4255284070969,0.78125,0.23382352710491275,0.8241669699017519,62.42758428358949,54.445999331652615,96.14275532969756,65.9641996543426,65.82381011403074,41.34484715747038,423.5586850582123,207.40389447236177,0.5183055210222106,0.36349642790903175,A,grading/data_processed/banana/A/Banana_Good_IMG__8798.JPG
35461.0,1293.494507431984,1.0,0.2663370988356937,0.8353297292204045,76.08887162986797,78.68903303711676,89.01844557860868,59.527733517591045,73.53295240208588,45.47772782688831,868.0996007323265,116.14880514705884,0.587965500309387,0.4512290669638806,A,grading/data_processed/banana/A/Banana_Good_IMG__8940.JPG
29704.0,1651.8275490999222,1.0,0.1368029272346663,0.6044831550992582,98.24522104709979,39.793439257133095,87.94987847336267,43.51650471454299,63.270281810418446,38.46193953225703,4700.3372750794515,169.06292892156867,0.6352029063482565,0.5341248897085492,A,grading/data_processed/banana/A/Banana_Good_IMG__8954.JPG
28666.5,1777.266147017479,0.8046875,0.11404587939005065,0.6090702417881273,97.95509012525883,41.58209992032242,87.78967378390305,54.15250124833951,60.28690722699345,35.70607170792924,1674.9341694873829,262.1428734756098,0.5235943467631325,0.4352077219103842,A,grading/data_processed/banana/A/Banana_Good_IMG__8968.JPG
14934.5,696.4335465431213,0.3721973094170404,0.38693782508361035,0.9275798888233284,110.04489742413318,52.36311239261669,105.57068886412794,43.99578564614475,47.021563872320904,32.465277235238645,552.2721286460728,167.1933172919173,0.40354948856797546,0.17146903302815278,A,grading/data_processed/banana/A/Banana_Good_IMG__9445.JPG
30217.0,1979.5331721305847,0.92578125,0.09690264709906088,0.7045560529751912,109.65235706476301,56.855707752407206,64.86156666023538,48.85687445099312,61.89018586404271,36.669148758384374,664.527068662033,185.97333487817795,0.6299689175901303,0.48491239395460983,A,grading/data_processed/banana/A/Banana_Good_IMG__8983.JPG
20804.5,1238.565575838089,0.8847926267281107,0.17042336503741834,0.6898386856110218,108.75377919221229,57.739556604542464,63.18650255066223,58.08188042724908,59.514297748865076,35.390360601912036,1191.7012209887423,188.11981566820273,0.5807549679634355,0.4846757447999138,A,grading/data_processed/banana/A/Banana_Good_IMG__9323.JPG
20618.0,954.7005712985992,1.0491803278688525,0.2842641122703423,0.7647200637946702,32.68314574725744,52.69742556498946,68.73405518354942,60.558230399183124,58.31666429215937,34.91573753850398,1123.3516247742832,138.41129516779674,0.5380411762904659,0.40138533791696673,A,grading/data_processed/banana/A/Banana_Good_IMG__9337.JPG
23272.5,1158.6244527101517,0.8648648648648649,0.21785499551241827,0.6368786174623373,38.04546218487395,55.36029916019141,80.22063025210085,61.83265993709897,63.202478991596635,37.42509115067193,1046.307244584023,169.15610112730533,0.548410078367105,0.4387912100543967,A,grading/data_processed/banana/A/Banana_Good_IMG__9451.JPG
34759.0,2440.126100063324,1.0,0.07335886393072526,0.5999603006792036,22.67916317991632,19.122254944626608,92.41299860529986,77.06127814767405,71.2529149232915,41.396752249458864,1735.591598293744,435.10814950980404,0.5337931244018795,0.4435538953702779,A,grading/data_processed/banana/A/Banana_Good_IMG__8997.JPG
26889.5,1060.0559095144272,1.9248120300751879,0.30070112152103085,0.8415855528778442,84.41719023962595,71.74523493420577,71.32415254237289,69.3557792731297,55.00467562828755,32.76635191775607,849.373378352762,141.10800530738612,0.39860957679263026,0.19632648345035653,A,grading/data_processed/banana/A/Banana_Good_IMG__8767.JPG
29289.0,1934.7880070209503,0.8200836820083682,0.09832130509394099,0.763688986232791,93.44042997909824,43.754710739773046,68.43615009455559,52.92917632530015,61.55937095650443,37.02363807408409,1498.9015503363528,353.7184422272289,0.4484571481130599,0.34856339939172615,A,grading/data_processed/banana/A/Banana_Good_IMG__8773.JPG
33436.5,1549.6437836885452,1.004201680672269,0.17497134008139698,0.7638438342395029,22.364691061436147,11.74698887977612,109.97515600738288,73.04350534678215,70.06937567749685,43.66366209341505,949.4954430141205,181.61920062142502,0.533795612091035,0.3970946743125879,A,grading/data_processed/banana/A/Banana_Good_IMG__8834.JPG
41082.5,1604.815356850624,0.98046875,0.20045485755313203,0.7242844424072001,66.24852297462148,48.61277605720231,88.37414786997392,53.281548175388174,92.4079699571842,62.20325976198963,1346.0536511666235,271.61796875,0.45549975725491454,0.3456390237180937,A,grading/data_processed/banana/A/Banana_Good_IMG__9294.JPG
42406.5,1611.8691792488098,0.98828125,0.2051080526523359,0.8192434750690648,67.4111304347826,49.63451549363452,93.38339710144928,54.02665556010892,89.3143652173913,55.66028410531219,1363.4905345702025,305.67370411706355,0.43300828417244175,0.33027479084574163,A,grading/data_processed/banana/A/Banana_Good_IMG__9280.JPG
33330.5,1918.2367088794708,1.0,0.113827526134902,0.6506241642835531,77.53095843935539,50.64036800234916,99.93855108069376,57.437518942356434,69.87721915123863,40.89645720507846,1530.665348782204,206.81505821078434,0.6014978452024863,0.47277913864203824,A,grading/data_processed/banana/A/Banana_Good_IMG__8820.JPG
32410.0,1229.3178825378418,0.7874015748031497,0.26950107173577287,0.8106756046924636,67.89057474054744,54.45238684264766,91.29368210232445,62.19583113026264,66.37922558718213,40.616231648013226,451.60730512586025,176.83701974439128,0.500504985709011,0.34653756870852065,A,grading/data_processed/banana/A/Banana_Good_IMG__8808.JPG
41571.0,1534.6559765338898,0.96875,0.22180854124777952,0.8191895007537465,65.71037061579969,49.39043240515083,93.6378567709566,55.35113336074035,87.50262697022767,54.83053432964049,1287.3308015834775,293.01364815283404,0.4358719479929454,0.33066839931792197,A,grading/data_processed/banana/A/Banana_Good_IMG__9257.JPG
41365.0,1410.2884446382523,0.94921875,0.2613527039894243,0.8175547474108625,57.87080029525919,48.11875567561957,95.30890301688216,53.27833369688212,89.12096102102531,58.83233141889511,912.5987073890595,206.4831159607438,0.4546350041384376,0.3220815007598172,A,grading/data_processed/banana/A/Banana_Good_IMG__9243.JPG
29838.5,1448.0113135576248,0.8359375,0.17883105594385487,0.7330336195354437,73.4438683424671,56.340713429878825,96.71010402651528,51.874581193701935,60.51983723296033,35.17423208136146,454.557238101751,180.55697990023478,0.5887634118918896,0.44102796177419984,A,grading/data_processed/banana/A/Banana_Good_IMG__8613.JPG
24683.0,2875.8460022211075,0.75,0.037503910566957545,0.5869218880038045,59.851808994831444,26.357810826228608,110.83391190310884,65.98534092763401,83.521715652241,52.095725002444034,8468.605153957587,949.9093177356021,0.49025181930521755,0.4546346055798595,A,grading/data_processed/banana/A/Banana_Good__IMG20200730132321.jpg
32788.5,1731.834687948227,0.9453125,0.1373784287505573,0.7308095216868007,39.13353204172876,44.31378956540859,112.27254843517139,69.68186207435372,67.075260804769,39.63181630183059,621.5581890421726,211.42848807053943,0.5777514200417624,0.45481358437794656,A,grading/data_processed/banana/A/Banana_Good_IMG__8607.JPG
34262.0,1688.3960908651352,1.0755555555555556,0.15103371288127293,0.7332926685714897,53.95053407208545,46.692282615751786,113.50214200034272,60.738186048913235,71.56817273090763,44.512556053526616,483.8569696969697,166.48923928077457,0.5417510619894492,0.3520126558466072,A,grading/data_processed/banana/A/Banana_Good_IMG__9096.JPG
32980.5,2102.0012086629868,1.0,0.09379964109895761,0.5767687101597545,78.78497921151181,50.88985067507389,69.55046737239407,71.67681594824178,67.2689234216967,39.22446265719247,1742.0207773437724,261.4826133578432,0.5808198767822178,0.478532422662098,A,grading/data_processed/banana/A/Banana_Good_IMG__9082.JPG
37474.0,1188.8670916557312,0.94921875,0.3331756893382482,0.7907742303066112,68.5239898989899,47.54042950955131,93.55450336700336,52.1750896474528,79.64186132154882,49.91600608687676,2085.48789713029,142.32877066115705,0.5154245457718075,0.38682761032821666,A,grading/data_processed/banana/A/Banana_Good_IMG__9055.JPG
33411.0,1942.5037360191345,1.1130434782608696,0.11126936584670193,0.7243891334041584,70.0715765516034,50.07084398500713,92.3828601441452,57.23731802160396,74.24933617344111,51.3758071604722,1507.7300701497588,238.42893435635128,0.5324666788087643,0.41276291277779126,A,grading/data_processed/banana/A/Banana_Good_IMG__9041.JPG
37419.5,1500.9574930667877,1.0,0.20872336014988566,0.7776773281792297,25.48214754528748,24.14775900927665,87.08041480703596,76.16654119508476,89.73011289052245,68.82028287701291,1452.5378130616155,237.5557444852941,0.5459602329179183,0.4161145107604613,A,grading/data_processed/banana/A/Banana_Good_IMG__9069.JPG
37075.5,2807.4957172870636,1.3333333333333333,0.05910968919409679,0.7658724010783008,56.44387009189641,32.85035169893001,97.54354636591479,67.96666659073918,108.8391812865497,69.3707736256044,9759.91499876976,1657.8008578431375,0.2569662592026096,0.20589002781546956,A,grading/data_processed/banana/A/Banana_Good__IMG20200730132123.jpg
24550.0,3744.938489794731,1.3333333333333333,0.02199743194523948,0.5254596434151666,59.00622969615899,32.402868411812186,106.21964456334798,71.55899526457115,82.86986432256832,52.2402313268381,9131.157075663408,1361.518402777777,0.4765056713685192,0.445442076045461,A,grading/data_processed/banana/A/Banana_Good__IMG20200730132122.jpg
37494.5,1770.2367097139359,1.0,0.15035391654767793,0.7528033489604771,25.68185261618035,24.487179519956783,88.25981557430579,75.93299685820092,89.47441289412502,68.35873058210512,1410.2142752967775,282.531418504902,0.5419418965823313,0.4117643461395033,A,grading/data_processed/banana/A/Banana_Good_IMG__9068.JPG
13664.5,2061.3393021821976,0.5432098765432098,0.040411469345843144,0.5539699592564815,96.50003433358512,35.50217407142166,88.58662363523999,66.34799061748002,64.73707340520497,47.9096851230607,14899.899220928228,953.6221216976096,0.5552097360004004,0.5283854745847305,A,grading/data_processed/banana/A/Banana_Good__IMG20200730132136.jpg
35929.5,2439.6723428964615,0.96875,0.07585741371951077,0.6971593224285465,67.96363783827624,50.989954978828855,93.12363134986077,58.69103588455147,80.65557327854226,54.04784138608132,1675.8201097534052,357.55041751012146,0.5186625431270712,0.4093250267231734,A,grading/data_processed/banana/A/Banana_Good_IMG__9040.JPG
36233.0,1931.876319527626,1.0,0.12199878905276426,0.6739957402085252,29.602410288210077,20.69935993648225,83.53379526030574,81.13211583710556,84.89183359844706,65.28119122955063,1900.0123356597032,303.6467524509804,0.5284300262392307,0.4290141647961171,A,grading/data_processed/banana/A/Banana_Good_IMG__9054.JPG
32231.0,1951.047890663147,1.0,0.10640150836572318,0.5666640294663186,25.043143297380585,26.33820476004305,73.42940874346657,78.71224994237905,66.18435602284057,39.10658932773722,1559.156364645809,242.55016850490202,0.5889505771550487,0.4915124699231572,A,grading/data_processed/banana/A/Banana_Good_IMG__9083.JPG
33553.5,1652.3544610738754,1.0582959641255605,0.15443340889811474,0.7356691040243809,52.57493219795282,47.12526119481245,114.71873086232539,60.660248017260464,69.88265142457205,43.32937472820308,487.87819392627716,159.95532869001048,0.5400209330978553,0.34378315994561853,A,grading/data_processed/banana/A/Banana_Good_IMG__9097.JPG
32792.5,1870.202220439911,0.94140625,0.1178168086526257,0.7239681646079633,39.283113173866475,44.45944653838679,112.2577353326193,69.29745850699065,67.0522729977389,39.49176901828435,617.2201288829189,227.0735514322917,0.5732491244498439,0.4508186803741067,A,grading/data_processed/banana/A/Banana_Good_IMG__8606.JPG
29739.5,1517.952442407608,0.8359375,0.16219116602793812,0.7270471464019851,71.50624917773978,55.481277995556546,96.1652414156032,52.15280880223591,60.432574661228784,35.07411044993101,435.617032083989,189.3795297828639,0.5856283322805067,0.44233941484931183,A,grading/data_processed/banana/A/Banana_Good_IMG__8612.JPG
41417.5,1439.1585021018982,0.94921875,0.2512907424747136,0.8181072966459921,57.90225867807894,48.08441944020336,95.17094626723728,52.91343492207549,89.01543033761294,58.50943020864755,900.075854873134,206.23279313016528,0.45201426831217484,0.3210154434956083,A,grading/data_processed/banana/A/Banana_Good_IMG__9242.JPG
41545.0,1573.969685435295,0.96484375,0.21073462565846757,0.8201640525520931,66.06206504757847,49.505091073223305,94.0357666998059,55.481964007897865,87.47377266486768,54.788664147578935,1271.6088490055884,297.2163522611789,0.4333880662863683,0.327714505616969,A,grading/data_processed/banana/A/Banana_Good_IMG__9256.JPG
33049.0,1416.1706945896149,0.7890625,0.20707943954364197,0.8162665481130211,68.08475381600047,54.25272694278157,90.83824315495634,59.69108024812881,67.60827344538814,40.94737362461149,481.44387548996554,208.40588075248755,0.49639042022767543,0.3425595727334448,A,grading/data_processed/banana/A/Banana_Good_IMG__8809.JPG
40611.0,1627.7442890405655,0.97265625,0.1926110448130417,0.7333417602658096,66.28102931217956,48.771612399547784,87.89583534874721,51.79223661422735,91.26528489890684,61.3368650650573,1434.1664651269093,275.73528855846774,0.45730455583694873,0.347469190530074,A,grading/data_processed/banana/A/Banana_Good_IMG__9281.JPG
34152.0,2093.876317858696,1.0,0.09788676045978643,0.6349607704607146,78.31372716650993,48.94364760744532,112.00019948134849,58.40988833324592,69.87674902396625,41.43150151811237,1636.5724357655272,220.4772824754902,0.5904985755814129,0.4591032108838922,A,grading/data_processed/banana/A/Banana_Good_IMG__8821.JPG
33443.0,1572.4305795431137,0.9714285714285714,0.16996994375085214,0.7615913645472764,22.126222404403585,9.93009302736571,108.52755167769514,72.77015272201173,70.09026761140716,43.585250775597146,963.0864843541846,170.71364849737364,0.5469015934373669,0.4122352070534668,A,grading/data_processed/banana/A/Banana_Good_IMG__8835.JPG
41112.5,1582.8986159563065,1.0,0.2061947255183877,0.7192215176033239,66.4838231425907,48.768371358538744,88.71455558478203,52.5884405023025,92.11975417872259,61.736071354620464,1392.237319408916,266.7189185049019,0.46471512423353306,0.3580793823797601,A,grading/data_processed/banana/A/Banana_Good_IMG__9295.JPG
29249.0,1782.4204753637314,0.8212765957446808,0.11569126282906786,0.7868768663743241,93.37118790784392,43.227830308238545,70.67242642162738,52.896822634618474,61.44166999600479,36.86884754402683,1716.9200824631653,346.87679521276596,0.43112120755709027,0.3295840944389459,A,grading/data_processed/banana/A/Banana_Good_IMG__8772.JPG
26744.5,1164.1391696929932,2.0,0.24799021362232387,0.8622807583182873,68.80847631617539,72.60558894252077,72.97261328640563,68.89201221299992,54.42161607273794,32.47500048976899,784.4135771906003,166.4189950980392,0.37715979945917333,0.1679041010537718,A,grading/data_processed/banana/A/Banana_Good_IMG__8766.JPG
21351.5,1273.2518683671951,1.0434782608695652,0.1655044252985997,0.7697146668108654,35.92075867414398,55.46447549286138,63.866456937035515,58.18790980840375,60.933980759586014,36.18823315464143,1214.9718061389854,196.9143239244252,0.5149009806319859,0.3792675091798629,A,grading/data_processed/banana/A/Banana_Good_IMG__9336.JPG
34878.5,2492.996157169342,1.0,0.0705219715400153,0.5989473322686449,22.57279395421205,18.903302150165615,93.03628584129807,76.59548861854566,71.5005001111358,41.45139849486905,1780.8708511441946,445.9007506127451,0.5317552196641225,0.44174696806274677,A,grading/data_processed/banana/A/Banana_Good_IMG__8996.JPG
23531.0,1449.8620394468307,0.75,0.14066851067548636,0.588989149343579,114.97044110959527,52.83689348411061,81.81512257637769,48.666063774334646,63.73735995700525,36.89713410860496,588.957824488067,177.25873282068068,0.6134724886751015,0.5038934469582154,A,grading/data_processed/banana/A/Banana_Good_IMG__9450.JPG
29147.0,970.984842300415,0.84765625,0.3884890876302395,0.8956044800196654,46.415376816492056,66.5142773472634,91.02412977357216,59.62910676975046,60.48445420750254,36.325055312065906,1248.770551517918,98.83107277199072,0.618503262655675,0.46894621542647863,A,grading/data_processed/banana/A/Banana_Good_IMG__8982.JPG
14890.0,576.3086559772491,0.40096618357487923,0.5633707263256901,0.9411244193028474,117.83822462573369,55.46830013432826,94.8838620325793,49.935162393374576,45.116929367539406,29.8668037037603,222.11293225985838,141.1109932838459,0.37147401586000994,0.11771198113007184,A,grading/data_processed/banana/A/Banana_Good_IMG__9444.JPG
20847.0,1388.5483309030533,0.8888888888888888,0.13587245701684666,0.7016829350387075,107.46274911529149,58.36038702465623,63.02682063699013,58.3601729384244,59.30946172471596,35.1005150861301,1179.8467925847478,220.61321989528793,0.5722463324178481,0.47843737388110497,A,grading/data_processed/banana/A/Banana_Good_IMG__9322.JPG
28792.5,1852.1778339147568,0.8046875,0.10546876840754446,0.6136182002237732,97.54337329056222,41.17720710753756,91.50075975012662,52.61890861251966,60.67776464629411,35.96635826005548,1699.7048212224527,274.9426829268293,0.5221284860321288,0.43199249726421224,A,grading/data_processed/banana/A/Banana_Good_IMG__8969.JPG
31953.0,1909.4499139785767,1.0,0.11012982809506744,0.7070342752196137,90.6758214960678,47.46776191984602,67.05480704749131,46.068772644703294,67.2324879595196,40.73389488466358,1747.7717571045662,231.01668862538423,0.619554376849833,0.4831550764201957,A,grading/data_processed/banana/A/Banana_Good_IMG__8955.JPG
31508.0,1691.8864252567291,1.0,0.13832105381965198,0.6821685286221529,97.76371804802478,49.48358696785208,89.59070487993803,47.67463871061665,63.795693261037954,37.008461695506796,1051.3469184488058,162.72959558823536,0.6286146200876541,0.5050847208545739,A,grading/data_processed/banana/A/Banana_Good_IMG__8941.JPG
31461.0,1307.4255270957947,0.78125,0.23128553196004223,0.8204506337036458,63.997158469945354,55.60189617662355,95.82076502732241,65.99536832120782,65.16131147540983,41.03236043807393,423.71594192466733,202.91137327261305,0.5200740753303769,0.3676981084838961,A,grading/data_processed/banana/A/Banana_Good_IMG__8799.JPG
33793.5,1247.158501982689,0.69140625,0.2730233145299814,0.8944930451699996,27.99944670937682,15.378210906660883,123.03750728013978,73.37477767696483,79.2834012813046,57.30655488622108,631.5333312074575,354.32399680397737,0.3445712733791272,0.23227978993041049,A,grading/data_processed/banana/A/Banana_Good_IMG__8570.JPG
30915.5,1883.5991877317429,1.1069767441860465,0.10949874707098207,0.6933203260784248,23.40522484479879,18.230466981869654,114.44130715658778,80.7533522281757,63.4220212397189,37.75693303532309,654.1286907524757,257.13884800314,0.5142367515843609,0.37517527943014556,A,grading/data_processed/banana/A/Banana_Good_IMG__9108.JPG
33924.5,1659.3838974237442,0.9563492063492064,0.154820896057205,0.6413070190362766,69.54323872158763,46.75661860080057,80.02757586246683,52.124265642875564,76.47957770854967,55.70137574689051,1738.7540230648144,200.49492394179896,0.5258939878812385,0.42381912586543324,A,grading/data_processed/banana/A/Banana_Good_IMG__8564.JPG
46752.5,1417.07524228096,0.93359375,0.29256938704431623,0.8604253126351532,57.38811166677217,47.80241906019965,91.40581545019097,55.92400600288917,101.61357641746324,66.97245233305794,665.4968358697984,206.58316373424367,0.4174497008113917,0.2224311841360242,A,grading/data_processed/banana/A/Banana_Good_IMG__9134.JPG
30899.5,1915.0895228385925,1.032258064516129,0.10587249682940335,0.6394764072847682,25.027783027783027,17.183086840341414,96.98475398475398,76.99688810646772,64.62606312606313,39.025522826037474,1250.7205531728625,235.42073055028465,0.594270919707429,0.49662887491671165,A,grading/data_processed/banana/A/Banana_Good_IMG__9120.JPG
31631.5,1430.4133365154266,0.751004016064257,0.19427036219802085,0.8312266778788038,73.1790596038806,48.68385181747921,83.99522673031026,40.81002624480097,68.86098626910083,46.61851540398096,957.6040291708621,220.81450533316055,0.4260002411832414,0.29955797257176925,A,grading/data_processed/banana/A/Banana_Good_IMG__8558.JPG
33534.0,922.4751765727997,1.0729166666666667,0.4952059422880226,0.9310215583658398,67.04327857269034,35.66912906909623,188.66660778425484,41.70747433461555,97.68439027262556,64.83210386684418,484.38114281858105,212.56082317073165,0.49470718626266713,0.13999881007940723,A,grading/data_processed/banana/A/Banana_Good__IMG20200729190231.jpg
34735.0,1810.3027238845825,1.0,0.13319096253903898,0.7339207234617985,44.612593593424535,51.26000879927162,115.25066148736137,67.20465668526897,70.98071834712604,41.85572885186417,624.7937727412209,218.5267003676471,0.5716678170772231,0.45479146338862914,A,grading/data_processed/banana/A/Banana_Good_IMG__8599.JPG
25830.0,1440.430579662323,1.2864583333333333,0.15644064752159223,0.6680287591165365,69.01401322001888,38.27040405185863,192.17457979225685,42.544659906736655,95.78832861189802,80.5464424869339,7225.34638255172,869.6096925813008,0.6326236337680821,0.4339370991021311,A,grading/data_processed/banana/A/Banana_Good__IMG20200729190233.jpg
47267.5,1400.1046797037125,0.953125,0.30300617735851826,0.8521042337055965,57.41724425887265,47.95697161451215,90.72688935281838,55.51251418404433,103.28686847599165,68.19889081623772,677.9541568256328,209.0322305812757,0.41999819289425916,0.2302512387963726,A,grading/data_processed/banana/A/Banana_Good_IMG__9136.JPG
31355.5,1619.5016475915909,1.1179039301310043,0.150231431733829,0.7024632307640608,62.24248184736202,70.9650716384449,39.89641310106267,58.29901764324808,64.89756614416154,38.269980754712996,1550.6398539602162,197.47041698775584,0.5779794476086886,0.45031126027538326,A,grading/data_processed/banana/A/Banana_Good_IMG__0112.JPG
29852.0,1894.9890174865723,1.080168776371308,0.10446478199976363,0.6361166455352292,25.473327467657313,19.886106375833158,101.86137452341383,76.71445992399747,62.59966761169225,38.121410307480204,1187.66694143299,237.79786547530404,0.5927678783389891,0.49107354446930934,A,grading/data_processed/banana/A/Banana_Good_IMG__9122.JPG
33280.0,1232.572715997696,0.69140625,0.2752758304981548,0.895297535779619,27.875661610337385,14.600073028668612,124.87439013572252,74.0063767596873,78.32159437002868,57.01835310789012,607.5770327533869,335.36257102272725,0.35741941585738257,0.24347975739969124,A,grading/data_processed/banana/A/Banana_Good_IMG__8572.JPG
34665.0,1642.1706944704056,0.96,0.16153419559344617,0.6579734077385189,72.19707369431968,46.593594261537994,78.93215264243143,48.24641313956384,76.14591983730192,53.20204448025295,2239.336738222222,205.22289539748954,0.512620332886521,0.4041604598195625,A,grading/data_processed/banana/A/Banana_Good_IMG__8566.JPG
20402.5,3252.078540325165,0.75,0.024242153639286113,0.47178864608625276,26.853834158869933,12.949202876610483,143.86263988259034,66.12373313127654,85.45248578242524,53.97250134515228,12315.04924768168,1171.4089087041882,0.5597352623547969,0.5369362803882101,A,grading/data_processed/banana/A/Banana_Good__IMG20200730132040.jpg
30586.0,1805.307777762413,0.9609375,0.11793155955245672,0.6894794977570389,88.00592564274109,49.15294181164894,66.57367230558476,49.00486428694531,64.43101086367835,39.075806595950255,1675.2294901864796,213.92168367346943,0.6335704741252437,0.49778935142087677,A,grading/data_processed/banana/A/Banana_Good_IMG__8957.JPG
28697.0,2106.9890162944794,1.0,0.08123100351297662,0.5789712602515863,20.922464403805925,12.083115536074843,58.99686213644645,61.10432832582791,62.440245630609354,39.406632781384396,3093.1951787413564,343.86902573529414,0.610209813985985,0.5419522253129035,A,grading/data_processed/banana/A/Banana_Good_IMG__8943.JPG
21826.5,1076.3401808738708,0.9896907216494846,0.23675265464173562,0.7318925625377238,57.115158847515346,72.39962807343238,78.26284894923153,58.92641859966145,64.06335977057849,37.895778057600054,985.951200103066,195.16000971555033,0.5086084502958331,0.39794281327471637,A,grading/data_processed/banana/A/Banana_Good_IMG__9452.JPG
34768.5,2506.5108770132065,1.0,0.0695435139707951,0.6016872890888639,22.26990805238228,18.733472813166863,93.54639175257732,75.53595097804194,71.28094176650878,41.28891884375053,1687.3450797460973,441.7839920343138,0.532991815270644,0.44336763939989093,A,grading/data_processed/banana/A/Banana_Good_IMG__8994.JPG
19899.0,828.6761870384216,1.238709677419355,0.36414252380103207,0.7780645161290323,38.8433972494701,59.7423005840792,65.150687632474,59.721174133741,58.372110218366444,37.094096549384375,1028.9145958889756,152.14663063671674,0.4752249785070285,0.32084989104781303,A,grading/data_processed/banana/A/Banana_Good_IMG__9334.JPG
20560.0,1709.851933002472,0.7901234567901234,0.08837226108762031,0.5836763662171753,55.05047141047891,68.48392456662282,72.07369013555983,68.48656406837787,58.47783667151367,35.82416057201973,2192.4005292626553,258.8261693921961,0.621404730549379,0.5389108013157413,A,grading/data_processed/banana/A/Banana_Good_IMG__9320.JPG
23057.5,1102.0559099912643,0.8807339449541285,0.2385694479156239,0.7676621387668131,39.238404413324844,55.9761098460635,84.39919371949925,66.7770826927529,62.388457458094635,36.3737605802492,996.5438871998437,154.29314568423078,0.5605118965158421,0.4353927926618698,A,grading/data_processed/banana/A/Banana_Good_IMG__9446.JPG
29139.0,1213.4945086240768,0.8791666666666667,0.24866168757650256,0.8341873980132261,91.17457056247895,74.01159417806493,80.98743684742338,57.850698742798386,58.68147524418996,34.35109606678791,597.681361838218,147.23420634920637,0.5780697864989492,0.41401295836506435,A,grading/data_processed/banana/A/Banana_Good_IMG__8980.JPG
30494.5,1084.1736599206924,1.4301675977653632,0.32601206840292,0.7379100071384497,33.423023578363384,51.046653475745025,68.53249685514305,60.77567928253151,61.29122988097926,35.51181548864516,1016.3773307191913,104.61336400481981,0.5052819735067632,0.32853945334148743,A,grading/data_processed/banana/A/Banana_Good_IMG__8758.JPG
32227.5,1649.8691791296005,1.0987124463519313,0.14877757025717098,0.6506728313429371,95.74946155012893,42.0662041695136,90.5578340664341,41.211384948049854,66.66452297891703,40.03415308211726,3625.9170897735958,207.94457628544984,0.537552950442762,0.44370720838198036,A,grading/data_processed/banana/A/Banana_Good_IMG__8770.JPG
44241.0,1785.2001321315765,1.0,0.17444598502667719,0.7642846654170734,60.94131356402459,46.34500818487601,99.49042239140567,53.75927990752776,97.14578385457128,63.49915710990904,1674.3639577291906,330.1248468137255,0.41812946886657326,0.3067931424821255,A,grading/data_processed/banana/A/Banana_Good_IMG__9308.JPG
32407.5,902.2081505060196,1.4628571428571429,0.5003131310437569,0.8340088785948658,24.666067839961027,26.720431312885356,60.734516777297365,64.22007490797414,64.49183971743498,37.507431134705925,1364.8786398751395,132.82426890756304,0.4556374532768017,0.2720128449732224,A,grading/data_processed/banana/A/Banana_Good_IMG__8764.JPG
33171.5,1894.2955842018127,1.0,0.11616611915767476,0.6857512016124865,78.72772961058045,50.27340377110887,100.8245113886848,57.934553046212976,70.06454077883909,40.9476288765098,1326.039696397027,206.46432291666667,0.6014190788222256,0.4752555794860961,A,grading/data_processed/banana/A/Banana_Good_IMG__8823.JPG
40552.5,1663.727044224739,1.0,0.18410405091291462,0.724675881664418,66.30242863023318,48.91871146997313,87.85992396910336,52.98844874711998,90.93748032640015,61.00653725376315,1395.595358427614,264.7424325980393,0.47423585467425994,0.36610557405930133,A,grading/data_processed/banana/A/Banana_Good_IMG__9283.JPG
41441.0,1643.4844032526016,1.0,0.1928008378124023,0.7223839489602036,66.52162264687752,48.686564797987295,88.11548674664517,53.18415129599124,93.09483617051544,62.64083845319697,1391.578007662436,277.89708946078434,0.4581843864391866,0.3524444315648166,A,grading/data_processed/banana/A/Banana_Good_IMG__9297.JPG
40896.5,1323.678273320198,1.0,0.2933128737448916,0.9022945394373966,23.697520302672483,12.18528909500857,133.79822637781044,71.6245606025363,93.92609104272599,66.01680234749298,1203.1316239868756,184.56485906862744,0.48922215568457966,0.3658003688387371,A,grading/data_processed/banana/A/Banana_Good_IMG__8837.JPG
34312.5,1917.8691787719727,1.0,0.11722608635302058,0.6497472021814463,29.293599363346974,21.127951221870248,91.01460891314234,73.02567817481479,77.12264097316962,54.02780740985433,1197.7998414279427,206.33342524509806,0.5754356072676923,0.460805994700618,A,grading/data_processed/banana/A/Banana_Good_IMG__8638.JPG
41624.0,1451.8864246606827,0.94921875,0.24813520625876528,0.8183069240750206,57.37096354474699,48.11096000482374,96.55359466300773,56.0228783592406,91.42147098483593,61.774024996322495,944.1912164579417,224.45877453512395,0.44590369642372624,0.3176350899154099,A,grading/data_processed/banana/A/Banana_Good_IMG__9240.JPG
41613.5,1519.785918712616,0.953125,0.2264014875706051,0.8205525101549868,59.30960206180692,48.78207822790865,95.18951126663987,55.72074658475054,91.31404724186035,61.565192480634686,983.6132351240462,235.84481095679013,0.4469584335359087,0.31977765512369105,A,grading/data_processed/banana/A/Banana_Good_IMG__9254.JPG
32736.0,1746.4204760789871,0.9453125,0.1348769842036697,0.7285027594801495,40.163289061334126,45.13942044250471,113.37134756006566,68.9297897418346,66.88130129831369,39.46030665972129,600.141954201703,209.39299144190863,0.5785048901555264,0.456027930931771,A,grading/data_processed/banana/A/Banana_Good_IMG__8604.JPG
42195.5,1656.6387310028076,0.98046875,0.193205898104813,0.8209640546719198,66.96114695674454,49.55310926512023,92.61603503295987,54.822307718858724,88.92918869814353,55.69272898513648,1348.9434388800216,309.33296875,0.43172889589276126,0.3274208922378475,A,grading/data_processed/banana/A/Banana_Good_IMG__9268.JPG
33376.5,1745.9768251180649,0.95703125,0.13758582966326452,0.7345099635787459,40.165568344902326,46.091837233626855,111.59994728055531,69.11243462801929,68.28773101367777,40.42121286572666,643.1203749025369,213.70639088114757,0.5720678397874206,0.45233869410223226,A,grading/data_processed/banana/A/Banana_Good_IMG__8610.JPG
32558.0,1942.846880555153,1.0,0.10839030393865326,0.5687831381078413,79.04497441575153,51.996044650038165,67.34890331847153,74.94131515909376,66.72348065471738,39.09182895233258,1728.926909818314,248.03618259803926,0.5847099206383446,0.4864913555862758,A,grading/data_processed/banana/A/Banana_Good_IMG__9081.JPG
33839.0,1695.7098001241684,1.0807174887892377,0.14788506760192488,0.7300203868100575,51.355505449079295,46.65020915394097,116.788396496401,64.92539654063395,70.80458474257797,44.445365151132044,464.1671999369206,170.21599402092681,0.5432691411463292,0.3517726036581344,A,grading/data_processed/banana/A/Banana_Good_IMG__9095.JPG
33442.5,2075.3737931251526,1.0406504065040652,0.09756991868406646,0.6928718676514767,71.4288956787429,50.965712408530706,85.241873999709,69.50934472865254,76.14628255492507,54.95698452467963,1757.3042555456082,262.61241830065364,0.5563441777762991,0.4485191704779452,A,grading/data_processed/banana/A/Banana_Good_IMG__9042.JPG
37470.5,1150.9675973653793,0.9453125,0.3554456123808809,0.7940599934306029,68.60881694959863,48.017382047715294,93.58823529411765,52.311759154513155,79.62908277404922,49.990431421186834,1989.7807396593728,142.55486579356844,0.5146676539816898,0.38473932535003874,A,grading/data_processed/banana/A/Banana_Good_IMG__9056.JPG
33525.0,2331.498681664467,1.3333333333333333,0.0775011777094896,0.6886528901852841,48.98715463619268,23.8797546429399,108.52584984811226,68.62018689331843,93.79728048604079,55.130131691744324,6005.022329210821,1178.3776756535945,0.333182155439305,0.28633581964450916,A,grading/data_processed/banana/A/Banana_Good__IMG20200730132108.jpg
11379.0,1291.626538157463,0.6614583333333334,0.0857116868399701,0.5875458253730572,34.95769810688557,9.256447801170461,158.3395878706651,63.7813222719872,93.83188138716703,57.608968316744935,7575.009509307702,1184.642857142857,0.5179934151703268,0.49407528021207614,A,grading/data_processed/banana/A/Banana_Good__IMG20200730132120.jpg
20080.0,5345.7508816719055,0.7619047619047619,0.008829907214341992,0.44203273419699957,70.01296552957481,35.22290104578204,91.64523628559932,74.18791743895926,83.84901864353735,56.30494271983675,20002.264467284607,1912.805846422339,0.5234852748837093,0.506199992551319,A,grading/data_processed/banana/A/Banana_Good__IMG20200730132134.jpg
24773.0,1704.3372144699097,1.1041666666666667,0.10717103198508905,0.6350178793432706,51.4899326230022,29.763152469695633,101.9137026010655,68.49789519043557,90.578227828267,56.73242523856832,7363.067171667701,1006.1864632701426,0.4076186388928766,0.36199912758755026,A,grading/data_processed/banana/A/Banana_Good__IMG20200730132109.jpg
37059.0,1265.2934980392456,0.94140625,0.2908847862212898,0.7858225808161664,68.02736959583345,47.64947428326575,93.52841920654744,51.95668266840103,79.05588180586187,49.862959298229065,1947.8948808402301,149.128271484375,0.5187394523125655,0.38843743150798604,A,grading/data_processed/banana/A/Banana_Good_IMG__9057.JPG
33833.0,1990.6458715200424,1.0,0.10729076890793239,0.7105011707634638,74.48840558836238,49.78980796501359,83.55975802967018,64.29895133507537,75.60443612271352,52.814881139620184,1775.788096143864,245.8958639705882,0.5684641669115198,0.465062216144868,A,grading/data_processed/banana/A/Banana_Good_IMG__9043.JPG
34105.5,1683.4671586751938,1.0711111111111111,0.15122548562326138,0.7306625247710353,52.26054398347392,46.68750354560909,115.13183565731336,62.18506265049536,71.2579044012165,44.41272283284678,490.91989353276534,169.04299999999995,0.5415526452351493,0.35220459438109974,A,grading/data_processed/banana/A/Banana_Good_IMG__9094.JPG
38231.5,1637.8691792488098,0.9919354838709677,0.17909059550126213,0.734028357764786,72.83787182711804,48.928432435145815,84.74819700741729,44.81568035839864,81.34997305135641,52.27089028306838,1655.2110550348775,245.0681533903884,0.4678455953655221,0.3570164676867425,A,grading/data_processed/banana/A/Banana_Good_IMG__9080.JPG
42271.5,1587.182887673378,0.98828125,0.21086455227633416,0.8163988566572675,66.63272524199553,49.49229976303755,93.55242460908414,54.16566834203744,89.0667814594192,55.737269434813854,1312.0284297519802,300.4031187996032,0.4362531945390813,0.3318599849978263,A,grading/data_processed/banana/A/Banana_Good_IMG__9269.JPG
33350.5,1780.4621068239212,0.953125,0.13220465377735086,0.7317396932663405,40.962089473530014,47.0933123125165,110.74233146808075,68.71979257008908,68.33996425746345,40.42653341789592,631.7051224679084,214.24469521604942,0.5718696963813141,0.4499456086785043,A,grading/data_processed/banana/A/Banana_Good_IMG__8611.JPG
32679.0,1842.5037360191345,0.9453125,0.12096559558994469,0.7292710413853896,39.283406491683834,44.19667577039162,112.8091910776673,68.81559875751947,66.85505688435009,39.380464691476966,643.6625629678042,221.20226594917014,0.5774644676386403,0.45549254556464863,A,grading/data_processed/banana/A/Banana_Good_IMG__8605.JPG
41770.0,1561.4844044446945,0.9609375,0.21527769625203486,0.8268012668250198,66.7934582960486,49.578636961308575,94.29418829180992,56.32854933683346,87.80073470541139,54.89537318657872,1291.9472629863058,302.7294483418368,0.4266414252597625,0.32136910637639843,A,grading/data_processed/banana/A/Banana_Good_IMG__9255.JPG
34173.0,1838.7148513793945,1.0491803278688525,0.1270176878344838,0.653197366031749,28.766029760374717,20.108707875001905,89.87676006054893,71.81320182096519,76.96549852911775,54.21484142736978,1171.603279980047,201.82513661202188,0.5576403392294161,0.43688730108868784,A,grading/data_processed/banana/A/Banana_Good_IMG__8639.JPG
41073.5,1423.8447946310043,0.9453125,0.25459289077829017,0.8197158081705151,57.24715895468712,47.82414016584293,95.2180771997123,53.253708576011995,88.78861184368257,59.00501000526245,899.4302844528324,207.16497017634853,0.4538587369127137,0.3240447175007875,A,grading/data_processed/banana/A/Banana_Good_IMG__9241.JPG
41097.0,1647.1412571668625,0.984375,0.1903523722624417,0.7217534092605439,66.37133978725947,48.40555195363,88.41606310505557,52.13487257664218,92.08313613003466,61.658210575221354,1401.579930582765,280.488016683267,0.4560495708290129,0.3475601448052359,A,grading/data_processed/banana/A/Banana_Good_IMG__9296.JPG
40786.0,1327.435633301735,1.0118577075098814,0.29086672152738785,0.9039149850957969,23.879098311145473,13.070871783916566,133.02203484017494,71.69113396119947,93.94056391794922,66.20078917473293,1212.981965691583,191.24443927768738,0.48497226782904623,0.359666388052189,A,grading/data_processed/banana/A/Banana_Good_IMG__8836.JPG
33002.5,1949.893564581871,1.0,0.10907742874463613,0.6828645030467934,78.53320739122735,49.22425857981025,110.60130468150422,60.8737678767512,69.91684869236673,40.97768963667188,1381.0746511286125,205.13164828431368,0.6057573548865667,0.47737479869428995,A,grading/data_processed/banana/A/Banana_Good_IMG__8822.JPG
40966.5,1659.5849077701569,1.0,0.18691311354657406,0.7373114718692632,65.50840265624626,49.244127943913746,85.77997267039052,55.99880058999223,92.72682377196557,63.108308861429485,1312.31207248196,272.3701746323529,0.4678956899440556,0.3597940911447451,A,grading/data_processed/banana/A/Banana_Good_IMG__9282.JPG
26870.5,1115.6538890600204,1.9541984732824427,0.27128553918902076,0.8773038183391286,50.60802074582709,63.45681772160884,69.23879615763907,58.59134630487657,54.80649402826984,32.79490704510092,692.2182857294918,159.5395000748391,0.3846581930469021,0.1833938726787445,A,grading/data_processed/banana/A/Banana_Good_IMG__8765.JPG
32309.5,1673.5260337591171,1.046218487394958,0.14496900421807318,0.6524799062967002,95.83916147377337,42.35276883151177,89.2852864662109,40.589861149062536,67.14335410490652,40.32767641225394,4163.742700446727,219.01994104093248,0.5289596095986248,0.43764500409735957,A,grading/data_processed/banana/A/Banana_Good_IMG__8771.JPG
44781.5,1666.187940478325,1.0,0.20270316369170208,0.7714098688233724,61.977162933684674,47.08301619384599,96.93456302151954,54.651496376274714,98.61499780412824,65.12488404334965,1750.0080176887568,336.2884650735295,0.4104128399418315,0.2997523275779812,A,grading/data_processed/banana/A/Banana_Good_IMG__9309.JPG
20916.5,1393.7615336179733,0.8727272727272727,0.13530751884476572,0.6871499203337769,100.18751450452541,62.92970526067552,59.83912740775122,61.792196397691114,59.623207240659085,35.520472000503226,1318.7847064304265,226.11520704426462,0.577984536460718,0.48589198817640916,A,grading/data_processed/banana/A/Banana_Good_IMG__9321.JPG
28672.0,1096.0731551647186,1.4065934065934067,0.2999084964625228,0.643079027935091,31.98817885900291,44.06341503077279,69.29991433955799,63.25982378888243,57.45225286962481,33.46292787605135,1530.2561972643093,95.31706528765352,0.5446218377774166,0.37800382333566374,A,grading/data_processed/banana/A/Banana_Good_IMG__8759.JPG
28843.0,1024.2985517978668,0.84765625,0.34545952902607685,0.8953004718152471,33.18515233188905,52.667910968321735,91.58408106171744,56.589163347345675,59.42751867899423,35.83726698572439,1323.563093902893,101.2926974826389,0.6253547380734343,0.47492287722810284,A,grading/data_processed/banana/A/Banana_Good_IMG__8981.JPG
23401.5,1367.075242638588,0.7619047619047619,0.15735071587323757,0.6387918327236993,42.572059129710595,56.49548984435322,65.09206745783885,59.21102172963818,64.02760774515927,37.50345154276941,1293.229942525749,232.50835203191227,0.594823616068622,0.49863176307656465,A,grading/data_processed/banana/A/Banana_Good_IMG__9447.JPG
35076.0,2489.2976731061935,1.0,0.07113220298334622,0.604581415791923,22.389119142351902,18.940468649173486,93.09982869142353,75.86236612533769,71.88754420866489,41.66531219226312,1803.0417630523443,459.40203737745105,0.5295974160253278,0.4386522745263312,A,grading/data_processed/banana/A/Banana_Good_IMG__8995.JPG
21325.5,1208.7665858268738,0.9795918367346939,0.18341049969124804,0.6911745640759707,54.90802706162004,70.62906645217437,76.0671055037484,59.544769772765505,63.132611080636316,37.70705760271263,1107.7156387040293,220.64136125654449,0.5182449652232392,0.41514214109402187,A,grading/data_processed/banana/A/Banana_Good_IMG__9453.JPG
19852.0,830.2741655111313,1.4222222222222223,0.36188541565480087,0.8590778285046627,33.769310600444776,54.80046386416568,67.75675809241413,58.41782257777546,57.795156906350385,35.43458453739913,687.150368939984,157.18095792127204,0.4062370461737068,0.22360296789049733,A,grading/data_processed/banana/A/Banana_Good_IMG__9335.JPG
28689.0,2080.7047457695007,1.0,0.08327302841349589,0.5791779383857553,20.933189291381115,12.230068886852111,58.551770703217315,61.751359548744595,62.41227507511563,39.3788480443341,3148.079366352409,340.4713388480392,0.6113932316884271,0.5427336897867602,A,grading/data_processed/banana/A/Banana_Good_IMG__8942.JPG
30456.0,1838.1362048387527,0.97265625,0.11327324688869048,0.6828163709125965,89.52329336530775,47.88174007029709,69.46362909672263,47.852923946548465,64.10458832933654,38.640614266257245,1672.3202205785997,213.34400201612908,0.6382113159871804,0.5056813435729778,A,grading/data_processed/banana/A/Banana_Good_IMG__8956.JPG
33473.0,1157.9209138154984,0.6796875,0.3137232500597668,0.8955507397597453,28.071785819358634,14.165963337784278,126.63345101500441,73.49351294514882,78.75713445130921,57.42188834497879,556.4884387845486,317.9638276734104,0.34344014011205504,0.2284466376280614,A,grading/data_processed/banana/A/Banana_Good_IMG__8567.JPG
33563.5,1239.1585017442703,0.6875,0.2746776891163109,0.8978999464954521,27.87450888406732,15.493883511242785,122.64103090365332,74.6217837255609,78.63918372133935,56.93276009331459,651.4989202864899,346.32281249999994,0.3459294863580264,0.23335806377652354,A,grading/data_processed/banana/A/Banana_Good_IMG__8573.JPG
30127.5,1946.6875002384186,1.0578512396694215,0.09990344827285975,0.6307970938631938,25.53333978827782,19.735664052158786,102.04492641363284,77.20512216766825,63.20287890524141,38.44838733940396,1267.6708254814473,243.49039053637983,0.595644191655272,0.49586664047816786,A,grading/data_processed/banana/A/Banana_Good_IMG__9123.JPG
47667.5,1424.1046801805496,0.98046875,0.2953577778112406,0.8506509150285975,55.22878373902964,46.27413604570388,90.97977728100679,53.87718689430318,103.5354363305183,67.82642111055668,666.656354941746,193.17587500000005,0.43725695802574543,0.24571808927006422,A,grading/data_processed/banana/A/Banana_Good_IMG__9137.JPG
31813.0,1652.3128296136856,1.0491803278688525,0.14642995855922014,0.6815927326484483,110.46418258892916,69.9144455488972,43.76724826442219,59.35338210721084,66.83731645880691,39.13762295259168,1488.6690690518064,213.22655094824816,0.5870949800431913,0.47624192056659836,A,grading/data_processed/banana/A/Banana_Good_IMG__0113.JPG
15002.0,1214.7148514986038,1.0463576158940397,0.12776454199501414,0.7089624536282224,49.68512556342563,38.181449280466246,170.4674179008371,68.55541702666197,46.135350933676754,36.26065355570747,4752.2407189206715,319.32855274813346,0.4850732512620994,0.3303865243271605,A,grading/data_processed/banana/A/Banana_Good__IMG20200729190232.jpg
35840.5,1713.8346903324127,1.0,0.15333668331006514,0.7495973898312175,46.05104801464761,53.38153109664907,113.84630940343781,67.19740474483048,73.33864400295138,43.42606690130945,621.2199435597286,212.70759803921575,0.5603532374377493,0.43842559764085104,A,grading/data_processed/banana/A/Banana_Good_IMG__8598.JPG
21144.5,1084.139170408249,1.1294117647058823,0.2260670213235803,0.7352307103863138,85.69342762063228,23.643901686428407,176.08139212423737,34.532530171797276,66.82145498243668,36.00826926901023,307.0516277834472,119.09821373575609,0.6729638638895947,0.3330797402946663,A,grading/data_processed/banana/A/Banana_Good__IMG20200729190241.jpg
36424.5,2613.353583931923,1.0893617021276596,0.06702041556387615,0.6885734000018904,59.7604771287076,46.785272688829465,107.26231428723574,64.28825933722905,79.27962085308057,51.63235245005939,1141.9867405775974,395.0138673341677,0.46681256294049533,0.3644590502155826,A,grading/data_processed/banana/A/Banana_Good_IMG__9193.JPG
30353.0,1039.8132704496384,1.5238095238095237,0.3527774156905543,0.8480149749951108,58.304184236133636,51.414566519116086,105.84171261758028,61.3557874095026,65.29944858903666,39.24457336729818,341.9714413251466,131.93548085901028,0.4992244851914795,0.282086122299225,A,grading/data_processed/banana/A/Banana_Good_IMG__9187.JPG
19086.0,1928.1849747896194,1.1428571428571428,0.06451005242638158,0.7189919195343843,81.67750677506776,36.243503855757275,75.50170631335943,65.88512438841461,97.49106694770651,60.745689055516735,16157.811473050626,1828.025492395911,0.39164233081856287,0.3666281127267622,A,grading/data_processed/banana/A/Banana_Good__IMG20200730132032.jpg
27197.5,1806.8296360969543,0.9259259259259259,0.10468981653692179,0.7087573455639959,87.77757129583304,43.72358187390503,88.35751554570795,53.398536858558074,57.45722250017869,35.709019823465354,2269.551220390515,229.37235449735442,0.5796445471961933,0.48138625589092376,A,grading/data_processed/banana/A/Banana_Good_IMG__8514.JPG
27305.0,1717.2833926677704,1.0534979423868314,0.11635046006229514,0.5706851147431342,42.40710927482547,55.27053384287064,42.07226812936316,68.5657329627118,60.08409317566605,37.79116741033703,3567.8217410910443,301.65319131767944,0.6142275846656129,0.5451544863468231,A,grading/data_processed/banana/A/Banana_Good_IMG__8500.JPG
36693.0,2279.606328010559,0.97265625,0.0887305916079345,0.6623643879632471,65.15638930163448,49.02335114816882,94.29651347909149,54.20563030896921,80.11971980471237,51.409384347485535,1500.8385987316485,361.98191784274195,0.504975308421679,0.40131902742715075,A,grading/data_processed/banana/A/Banana_Good_IMG__9178.JPG
42116.5,1392.1879405975342,0.9765625,0.27306522871711103,0.8265430281621038,54.306261406710654,46.617684781949436,99.88174458327484,59.78173763485731,92.64862651504517,62.68816915588598,865.7031853115235,167.47693900602405,0.5022379976307069,0.32850278673842603,A,grading/data_processed/banana/A/Banana_Good_IMG__9150.JPG
37209.0,1248.9503520727158,1.0726495726495726,0.29975574330701177,0.8862345333507997,92.96251389844866,44.72062578634538,71.01373960925504,32.844402893463155,75.38775348123048,44.39818050456878,2400.443336129486,192.81870085470086,0.4946305885707035,0.3546617101250515,A,grading/data_processed/banana/A/Banana_Good_IMG__8528.JPG
49698.0,1410.2051854133606,1.0,0.314039416117973,0.8620641803989593,52.166597135308024,44.197543689651624,92.26467608319923,50.05826684648568,107.37278741283748,69.36166877964827,592.8257279060781,189.21011029411767,0.43353002222734593,0.229481324214295,A,grading/data_processed/banana/A/Banana_Good_IMG__9144.JPG
37558.0,1597.7686731815338,0.9609375,0.18487769501967194,0.7666775536866172,59.22486150308352,51.38231976297923,110.71257970105572,71.61851220516324,82.54834326330094,56.499913642276,542.3983700197728,247.1326849489796,0.5291551203664724,0.387888795318017,A,grading/data_processed/banana/A/Banana_Good_IMG__8919.JPG
34468.5,1165.1686073541641,1.0491803278688525,0.3190470240301119,0.8571908184327671,115.64731594434762,66.28125774734538,88.62723195154702,56.13336447595935,69.83944233351427,41.44235144336369,555.0612154475978,94.75953069752491,0.5939781767511129,0.44072269365041244,A,grading/data_processed/banana/A/Banana_Good_IMG__8931.JPG
23373.0,1178.9503529071808,0.9504950495049505,0.21131644189559504,0.7464431137724551,69.80353930468979,75.04274630628514,67.35656612140735,54.99401753734226,64.43007153913734,40.10093051367379,663.3449151539463,207.6109584780468,0.5311697364913059,0.38076323153366143,A,grading/data_processed/banana/A/Banana_Good_IMG__9391.JPG
22844.0,1058.35742521286,0.9142857142857143,0.2562815213351012,0.7473785804256433,53.09059741150253,65.59532691732218,67.34314733864747,65.19613498466754,61.917930916259536,36.65269521818093,408.8523336718947,147.17636499626028,0.5763464854497248,0.4194071413908011,A,grading/data_processed/banana/A/Banana_Good_IMG__9385.JPG
37571.0,1620.4549664258957,0.9609375,0.1797995854840224,0.7623908036647356,57.45850524886405,50.684895942296876,110.91823784404868,71.33477337879172,82.77390713949966,56.894602859529925,558.8409711512628,249.65666454081637,0.5291917054196221,0.3872511163037756,A,grading/data_processed/banana/A/Banana_Good_IMG__8925.JPG
22671.5,1067.7127647399902,0.9795918367346939,0.24990862750005408,0.7402938775510204,52.236431932990804,64.71144324112336,85.6051120417944,71.55128442319915,61.1578947368421,35.90594262772942,442.82231458460666,178.0594080564163,0.5551328879047487,0.38133523015941384,A,grading/data_processed/banana/A/Banana_Good_IMG__9408.JPG
27901.5,2036.0499801635742,1.28,0.08457861057736205,0.6750090722148301,64.44879591340306,44.882303060458284,95.61545678840741,48.76993833835912,57.72418945685791,34.46536945023164,826.806183782959,215.34949019607836,0.5507090326660782,0.4299859456945187,A,grading/data_processed/banana/A/Banana_Good_IMG__8716.JPG
39072.5,1023.0020868778229,1.2610837438423645,0.4691676127447406,0.9276471984805318,26.22740834386852,16.266197948052852,92.60098609355246,70.62776377221275,83.90710493046777,55.41499491362684,773.4083905949363,136.66046556553658,0.41465784144131446,0.2391419845023921,A,grading/data_processed/banana/A/Banana_Good_IMG__8702.JPG
23252.5,1226.6244513988495,0.9142857142857143,0.19420315531858173,0.7138252313926537,123.0909968925842,50.077560491105444,71.12404467960023,58.42872291844382,64.59376837154615,37.73863747335,702.5494439695727,204.25058588880583,0.5068398167787044,0.40660520544692225,A,grading/data_processed/banana/A/Banana_Good_IMG__9434.JPG
22113.5,1100.5411902666092,0.8384279475982532,0.22943239909435542,0.7455789881825384,39.01697687784606,56.122035765703664,63.38029974799947,65.02838574659691,61.93249038419028,36.72728780628874,1185.0895375273712,175.41592171746035,0.5975428137980769,0.4844152988939331,A,grading/data_processed/banana/A/Banana_Good_IMG__9352.JPG
20652.0,1200.950352549553,0.9552238805970149,0.17993757880920289,0.7011373281276524,48.5952437125466,59.61696102005325,60.73123201056953,65.56003079455326,58.48166847544,34.69949398275861,1806.250870171926,240.06733348961995,0.5331793365394372,0.44713964184942134,A,grading/data_processed/banana/A/Banana_Good_IMG__9346.JPG
22611.5,1262.9087219238281,0.768,0.1781538911071632,0.6394022084918065,77.87044464570664,77.12832425489515,75.26915944279122,61.17545951764559,63.11959287531807,38.05535220908223,410.17512999956597,186.36347643979056,0.6338485498368401,0.5140370909405673,A,grading/data_processed/banana/A/Banana_Good_IMG__9420.JPG
32899.0,2139.13115298748,1.0,0.09034783212051122,0.6453694803538851,91.33508595734625,63.58186483051142,96.90113428250724,56.8671962417848,67.26307083357949,39.24363728833596,466.12227806053124,170.044362745098,0.6172109585584125,0.4813365956519352,A,grading/data_processed/banana/A/Banana_Good_IMG__8879.JPG
39317.0,1375.5188930034637,1.0,0.2611302092585132,0.8441472002748196,23.54127751208153,12.128744690020767,117.74975586548814,76.08543942304726,89.16536044269725,62.86802016946164,1302.8893420991953,203.54237132352938,0.498316882977588,0.3891985222265004,A,grading/data_processed/banana/A/Banana_Good_IMG__8845.JPG
39274.0,1358.4061965942383,1.0,0.2674580610160759,0.8452656386195616,23.574178992228628,10.448763607554318,118.60333416896465,75.61685269863233,89.12654800701931,62.81169979491977,1335.489165901905,202.07398897058826,0.49987270729808103,0.39016395396766734,A,grading/data_processed/banana/A/Banana_Good_IMG__8851.JPG
32807.5,1415.9869298934937,1.0454545454545454,0.20561960105390842,0.7493889764498961,27.969346252766314,18.107863429538313,102.5055326275495,73.57907372894074,68.04447036305999,42.128934075359716,716.1471689494556,234.06408238226425,0.5539688945358909,0.44836159946392806,A,grading/data_processed/banana/A/Banana_Good_IMG__8689.JPG
32547.5,2157.5159294605255,0.9140625,0.08786572116584827,0.606601373577732,62.45635500910203,43.63378680377716,100.90736816974544,57.88629334427891,67.01074338237488,39.08486880930323,667.1970110083786,335.7676200375536,0.5391741165168895,0.43217784310052815,A,grading/data_processed/banana/A/Banana_Good_IMG__8662.JPG
35389.5,1319.1929928064346,1.0,0.25554513606802903,0.8237012382459734,29.025118786295813,18.30869297419533,96.86284698102197,73.3022271895834,79.57234154880658,57.33219855943005,1051.0459903718438,213.22365196078434,0.5505790104613159,0.44890918642918776,A,grading/data_processed/banana/A/Banana_Good_IMG__8676.JPG
32319.5,2041.231657385826,1.0,0.09747425107860516,0.6292860063474757,92.02916303006592,63.45050334683619,97.43043308153008,55.61161476972409,66.96532940078852,38.92803774473292,440.45228948816657,163.5127144607843,0.6273305214996129,0.4908440105275302,A,grading/data_processed/banana/A/Banana_Good_IMG__8886.JPG
35670.0,2327.1799231767654,0.91796875,0.0827662065043116,0.6387951181511295,72.23196620793024,48.87223736773802,101.18419403188446,56.33822781324034,75.1603488213653,46.47699470847264,1382.975270891099,305.5085470085471,0.5011465820862069,0.38306095245717625,A,grading/data_processed/banana/A/Banana_Good_IMG__9226.JPG
40963.0,1416.430580496788,0.94140625,0.2565730461977769,0.8147138964577657,56.99228291181844,47.645003548938575,95.18460909702856,52.773588781878146,88.18621982882969,58.13307292115484,936.655123544284,201.89490559895833,0.45690535436483154,0.3229935101374461,A,grading/data_processed/banana/A/Banana_Good_IMG__9232.JPG
31399.5,1804.8641259670258,0.83984375,0.12112772788940712,0.6726398320515842,31.47996894409938,46.301998494619276,120.3114596273292,70.18112223644175,63.935434782608695,37.190381766377726,176.5248540120927,255.6531286507009,0.5754642158870346,0.4091895546272354,A,grading/data_processed/banana/A/Banana_Good_IMG__8892.JPG
34867.0,1906.337215423584,0.99609375,0.12056603905431407,0.6089773818880447,58.49584301430451,48.06409601072308,102.1553061053103,56.547394509551076,76.35635304985584,50.22995343172057,1449.7251650786266,191.42858021653544,0.5894554143880433,0.44934205980431213,A,grading/data_processed/banana/A/Banana_Good_IMG__9018.JPG
34917.0,1930.5382251739502,0.99609375,0.11773076785346623,0.6097601438961991,59.45286129428859,47.88790813716182,101.80088297753437,54.16038133694804,76.2298256398793,49.66395587932068,1416.2348390302766,187.75985789862207,0.5881809419400523,0.44778040694208066,A,grading/data_processed/banana/A/Banana_Good_IMG__9024.JPG
38211.5,2465.2459367513657,0.96484375,0.0790102520125351,0.6843340049250056,23.03273097480275,26.87919388833284,83.8691270043268,77.36820385634672,86.84764571137694,60.46043911997744,1772.0008825051923,449.56223005589436,0.4728819837477068,0.37064442470882164,A,grading/data_processed/banana/A/Banana_Good_IMG__9030.JPG
37070.5,2577.412457346916,0.94921875,0.07012461037769314,0.6651445283763658,23.595035479563247,28.910587571919983,85.0465554711843,77.55556714539773,86.18967819643372,61.33904069097453,1760.938468020276,470.19119641012406,0.479351358203268,0.3765656407793739,A,grading/data_processed/banana/A/Banana_Good_IMG__9031.JPG
35211.0,1814.1118193864822,1.0,0.13444978670518046,0.6125196788755425,60.10216486261449,47.88514305762437,101.27704690535664,53.45860388289973,76.63769081321121,49.79351324248002,1355.1667367508635,182.34957107843144,0.5871584082923257,0.44705978291096615,A,grading/data_processed/banana/A/Banana_Good_IMG__9025.JPG
34774.5,1956.7219908237457,1.0,0.11413333470207038,0.6092292329119912,58.50747482680279,47.90608223097841,101.89871820043194,55.77211740198151,76.29618825905253,50.28103340143843,1380.1679953353014,187.06018688725493,0.5933464720321387,0.45278499362672303,A,grading/data_processed/banana/A/Banana_Good_IMG__9019.JPG
41456.5,1407.7026582956314,0.953125,0.262893976890125,0.8146375971467592,57.058949319267235,47.844059452749356,95.93363746525056,53.50285868802262,89.31708128400693,58.815591698470215,896.9006620618292,200.4348797582305,0.45655493164249783,0.3241600100595743,A,grading/data_processed/banana/A/Banana_Good_IMG__9233.JPG
31272.0,1766.3372150659561,0.84765625,0.12595583259458962,0.6668372569089048,31.075301016906856,46.44608378902565,120.02879156528792,70.5029949346777,63.64040177178863,37.11504160438797,184.0503282348319,242.39758752893516,0.5840091738558592,0.4171652399245002,A,grading/data_processed/banana/A/Banana_Good_IMG__8893.JPG
32274.5,1958.5209821462631,1.0,0.1057335781843747,0.6265250856571578,93.64082531447015,63.73837308027389,97.1164670748997,57.062957250583615,66.79131851226208,38.79547300359812,440.21165039762855,150.38184742647064,0.6286452531010531,0.49292585040714154,A,grading/data_processed/banana/A/Banana_Good_IMG__8887.JPG
40017.5,1407.6437848806381,1.0127118644067796,0.2537898700437055,0.827722792756456,52.06328273011343,45.96578202384657,97.32081785301281,53.80668005363339,86.91304775730138,58.03285819039251,899.6875191814249,207.47648127047427,0.4222062412072273,0.2767551054688342,A,grading/data_processed/banana/A/Banana_Good_IMG__9227.JPG
35129.5,1365.1929922103882,1.0,0.23686109459130134,0.8251688296435492,29.91133363168494,20.1655079279283,104.45205862609085,77.83985384076585,79.26462855224882,57.10661481001033,1355.6282671166118,218.56326593137254,0.5502869735081249,0.4519830892040998,A,grading/data_processed/banana/A/Banana_Good_IMG__8677.JPG
32486.0,2213.5575585365295,0.9365079365079365,0.08331524301040974,0.6068179695526291,62.241395793499045,43.877716315518946,101.8779576959847,60.419903874578594,66.99163479923519,39.03437167288886,712.5009950895724,351.2481931779804,0.5351329829557606,0.427772781482252,A,grading/data_processed/banana/A/Banana_Good_IMG__8663.JPG
32733.5,1447.9869297742844,1.0329218106995885,0.1961882642790362,0.7494533673714698,27.33244457759137,16.11226888379416,103.49619532654285,73.4919205638321,67.90056920311564,42.054455193158326,721.1756386798781,235.5292839506173,0.5532708270220399,0.4468820486189911,A,grading/data_processed/banana/A/Banana_Good_IMG__8688.JPG
39070.0,1382.8914773464203,1.0,0.2567302685087528,0.8377109286219687,23.233695241454015,11.349549693216728,118.61674685744515,74.18071057671571,88.8504169080787,62.82341453310264,1345.1081354094204,201.76767769607847,0.5014185272478711,0.3931627759670057,A,grading/data_processed/banana/A/Banana_Good_IMG__8850.JPG
39319.5,1336.1635545492172,1.0,0.2767569955039534,0.8400076909108388,23.59887288666249,12.001436930542354,118.1368566061365,74.19188819136639,89.25039448966812,63.021606418345186,1356.9412769803312,197.29730392156864,0.4997749060248383,0.3896591917635432,A,grading/data_processed/banana/A/Banana_Good_IMG__8844.JPG
32713.0,2076.6458715200424,1.0,0.09532467903254606,0.6452077354713371,91.49952434746417,63.650331432689995,96.61626731672513,58.24273216876447,66.84267792377668,38.980420707231374,467.00331298983656,169.37452512254904,0.6213462237371993,0.4850109004215496,A,grading/data_processed/banana/A/Banana_Good_IMG__8878.JPG
20731.5,1221.5361392498016,0.964824120603015,0.174593451194309,0.6965995766271295,52.776253347742326,60.411219257909075,59.840952873185174,64.86989303511953,58.59108208429263,34.917842900517584,1739.3824815265564,232.95674708621644,0.53031422939839,0.4403774496941352,A,grading/data_processed/banana/A/Banana_Good_IMG__9347.JPG
22551.0,1196.3818106651306,0.7741935483870968,0.19798672228811132,0.654278005048307,83.94462724045371,76.81179063776223,74.62369036280198,61.56314083798584,62.95640315178803,38.05941250643303,471.28110526600165,183.97513089005233,0.6296723893173479,0.5114735648850585,A,grading/data_processed/banana/A/Banana_Good_IMG__9421.JPG
22915.5,1133.712764620781,0.9230769230769231,0.22404390250774522,0.7548297840802412,124.68171345677959,65.71345780482874,60.5532468640669,65.40165799634869,63.957504906561994,38.89942181157465,795.4430646626749,197.23902537253323,0.5081551551320936,0.41188451795407915,A,grading/data_processed/banana/A/Banana_Good_IMG__9435.JPG
20812.5,926.8010771274567,1.0726256983240223,0.3044816014503327,0.7733970011705468,49.08027684919252,67.01981035757643,73.25617966947597,63.69264262853884,57.62328734874523,34.212218083503345,1274.0403553991368,142.39228991780982,0.516742496576399,0.3807435423999568,A,grading/data_processed/banana/A/Banana_Good_IMG__9353.JPG
38882.5,1033.9726494550705,1.2549019607843137,0.4570312986924453,0.921998008157071,26.454182862078603,16.998119299524355,92.70464649543987,70.77913753352831,83.61141173182938,55.304027254606126,709.3350825326253,141.5258554402153,0.42565712300439407,0.24658960662526283,A,grading/data_processed/banana/A/Banana_Good_IMG__8703.JPG
31081.0,2311.0377875566483,0.9215686274509803,0.07312918848388471,0.650168917152151,27.73582554517134,19.904503944535968,66.53376947040499,71.81878640583616,66.2907476635514,40.907575885910994,2217.9219728874696,463.24126026478973,0.5325153947467047,0.4541329713314096,A,grading/data_processed/banana/A/Banana_Good_IMG__8717.JPG
23570.5,1055.0853476524353,0.75,0.26607463530793063,0.7018789827883986,63.83372822878996,73.76420172242851,65.96059359022323,53.814015982787765,63.99272561000956,38.19213884928766,327.3668269846174,152.35614365183244,0.6449224091134411,0.5100748027344433,A,grading/data_processed/banana/A/Banana_Good_IMG__9409.JPG
22063.0,1114.1564157009125,0.9056603773584906,0.22334801555871342,0.7306112987615074,55.44986269820179,66.75039069424625,61.22592789441049,61.974058156556154,60.1956772079015,35.5122115827585,524.4688632171849,163.43265336362742,0.5848339094766991,0.44340101460348486,A,grading/data_processed/banana/A/Banana_Good_IMG__9384.JPG
37505.5,1527.9280545711517,0.95703125,0.201882657671523,0.7699911720626579,57.711734359860685,50.60437174675885,111.43543614319009,71.18781767835428,82.56325451069736,56.7518281571713,551.9926838914776,237.21233030225406,0.5290590829316355,0.38685326212167814,A,grading/data_processed/banana/A/Banana_Good_IMG__8924.JPG
33596.5,988.1147841215134,1.1962616822429906,0.4324034053902487,0.9262761748528419,115.0303946904734,66.29129560377112,91.64809702807472,55.86782327523993,67.91419006225772,40.17009721701125,488.5727912235784,90.57531610775149,0.5546499386155369,0.37996608353698325,A,grading/data_processed/banana/A/Banana_Good_IMG__8930.JPG
23144.5,1179.050857424736,0.897196261682243,0.20921488985947365,0.7442559691293512,61.91362561243453,71.44854624920542,65.10905558371347,57.66763850375377,63.26258658557189,38.469334519782414,496.1435528909372,179.8887312227822,0.5752893380952074,0.422143258259544,A,grading/data_processed/banana/A/Banana_Good_IMG__9390.JPG
37575.0,1519.7442879676819,0.93359375,0.20444091395052,0.7752377808496153,56.11709969156777,50.40180634192321,113.93034136651158,72.24176193075694,82.96774530817083,57.09794378272619,532.9004617448852,242.20159860819322,0.5195669304833501,0.37105592636962725,A,grading/data_processed/banana/A/Banana_Good_IMG__8918.JPG
49966.5,1235.9381593465805,1.1327433628318584,0.4110506233428344,0.9202781103232341,51.98468267004413,43.96897572957569,92.85224911440501,50.26770803207448,108.31622172527756,70.19695969346493,604.9475802098101,197.67450980392155,0.35553948010294856,0.12460082732168991,A,grading/data_processed/banana/A/Banana_Good_IMG__9145.JPG
42509.0,1411.5432780981064,0.98828125,0.26810342133307186,0.8205341028635403,55.21033963138982,47.08694315132652,100.00697809203663,59.20488556316396,93.14162513040455,62.760209192898344,880.3618318342925,173.0559430803571,0.5023430465422579,0.32982740747906136,A,grading/data_processed/banana/A/Banana_Good_IMG__9151.JPG
29326.5,1733.3250230550766,0.76953125,0.12266201235991017,0.7023386140747926,26.516643412397848,22.64435980143838,55.88754900006644,70.09879849546152,62.292638362899474,38.63040499970454,2770.956744230719,387.75364716198976,0.49502090158014583,0.39688016044330404,A,grading/data_processed/banana/A/Banana_Good_IMG__8529.JPG
27372.0,1950.704746246338,1.0,0.09039269068094108,0.5656248385596941,42.825418747122775,55.43834487349828,42.43815290909735,68.9078879853235,60.321364070965686,37.75871395474376,3463.583646996878,312.7261642156863,0.6331646815383617,0.5650614743979399,A,grading/data_processed/banana/A/Banana_Good_IMG__8501.JPG
18426.5,4085.6319230794907,1.0666666666666667,0.013871845370483138,0.5427940201782163,34.7254989352746,14.292391086007601,126.78126083296192,70.51372808199447,94.6871192987669,60.11797329917424,16243.304976637517,2215.696102385108,0.4090740656074852,0.3828914650212958,A,grading/data_processed/banana/A/Banana_Good__IMG20200730132027.jpg
36796.5,2292.760656118393,0.97265625,0.08796277754408038,0.6636935896973414,65.33376554644086,49.22338257681889,91.77224133368615,53.793779854393975,80.38417570785923,51.74895292715846,1477.3449870012178,362.0899540070565,0.5039515842863248,0.3992261769162688,A,grading/data_processed/banana/A/Banana_Good_IMG__9179.JPG
20733.5,1901.8590731620789,1.0666666666666667,0.07203205742185768,0.7335267375422335,83.75,34.86438462502815,76.45405229970326,65.76336108963591,98.22264465875371,60.796674800063585,16520.981874175315,1831.0476439790573,0.3872865922244643,0.36249089764469516,A,grading/data_processed/banana/A/Banana_Good__IMG20200730132033.jpg
15797.0,1386.5138404369354,0.9552238805970149,0.10326093755226533,0.5684827983302145,40.618722574353974,17.49333774490787,118.86183568990737,71.96108560457442,94.18941979522184,56.36637551625402,9109.747038332616,963.2399260243288,0.5856690558624471,0.5654341239381686,A,grading/data_processed/banana/A/Banana_Good_IMG20200730132114__01.jpg
27358.5,1603.0062613487244,0.9180327868852459,0.13379248154600334,0.6696159776782437,89.28746079270032,44.7683231737705,78.11042201311662,57.951881628480635,58.151126318790986,36.31472777529104,2266.1160390352056,217.69852238476807,0.5803281966911817,0.4803991845020222,A,grading/data_processed/banana/A/Banana_Good_IMG__8515.JPG
29396.0,1064.03866481781,1.4382022471910112,0.32627461331050306,0.8239597494148809,60.30964653902798,52.21280891995998,103.8487749364038,60.03983725837235,62.87883250769849,37.648232210762146,433.0637702937079,132.94371006829698,0.5440133251668701,0.34285801728669524,A,grading/data_processed/banana/A/Banana_Good_IMG__9186.JPG
33050.0,1902.753515958786,1.1082251082251082,0.11471395721754608,0.6862684025831101,54.73583512946943,45.39189714671794,113.07357760784198,63.70832269585927,78.07806548761404,53.45614085209595,1226.225887966358,305.35025889143543,0.5185996274755796,0.4183899234104195,A,grading/data_processed/banana/A/Banana_Good_IMG__9192.JPG
15091.0,571.2792179584503,2.10989010989011,0.5810734494888021,0.955822275707002,98.69307897649587,0.6638750973483983,253.10241552184388,2.9790367291441617,85.20118497298002,28.97489471301001,6.245165053200767,36.42454404234509,0.8097841985660449,0.14441855133660442,A,grading/data_processed/banana/A/Banana_Good__IMG20200729190240.jpg
31202.5,1177.7127639055252,0.8,0.2826965393431845,0.8321443334711239,71.04009827700256,34.47211399981579,197.45550760701798,36.16575828249815,95.48436072699782,68.31441013316602,581.1925773714795,174.5423211169284,0.5782829119137913,0.3070161726317608,A,grading/data_processed/banana/A/Banana_Good__IMG20200729190242.jpg
37035.0,2240.9200377464294,0.984375,0.09267647206548182,0.662842517852988,65.4562340498303,48.89317801935499,94.56639217027546,54.319551870561085,81.15514746507407,52.45962808178057,1486.3251143068894,351.18091695717135,0.5060864187525222,0.4036471593116389,A,grading/data_processed/banana/A/Banana_Good_IMG__9184.JPG
31555.0,2062.6357678174973,1.0847457627118644,0.09320365840967679,0.6341948709703352,54.80159659721366,48.09688019014284,111.0507643940328,70.63616628640936,74.2363457033658,50.90495315160992,1138.1084668795907,312.58762047191766,0.5486201935248596,0.4547384939245374,A,grading/data_processed/banana/A/Banana_Good_IMG__9190.JPG
7211.5,800.7422013282776,0.855072463768116,0.14133510198206586,0.5332766397988612,69.48071334214002,18.40105707487091,116.27186261558785,67.16318630038845,47.71347424042272,35.11018610760836,12853.122578967252,492.03666542796964,0.5601955937220915,0.5226108883068363,A,grading/data_processed/banana/A/Banana_Good__IMG20200730132025.jpg
30219.0,2522.2581313848495,1.0,0.05969127989218918,0.6160416687901985,69.73180076628353,64.16168342255986,43.792752234993614,67.33933382341742,66.20913154533844,41.13165487595399,3240.0552596142516,454.159068627451,0.5831199619983393,0.5163348781041163,A,grading/data_processed/banana/A/Banana_Good_IMG__8503.JPG
27029.0,1776.1017144918442,0.9142857142857143,0.1076723458973627,0.6741996233521658,89.43899280575539,44.36297898046652,80.61053956834532,55.60462182277622,57.521258992805755,35.92543608819782,2058.4935910044787,226.60197675482758,0.5859062074785365,0.4864756851861649,A,grading/data_processed/banana/A/Banana_Good_IMG__8517.JPG
14027.0,2165.7484637498856,0.54296875,0.03758016053545206,0.5367851060980043,32.2670587449041,10.626252934936335,154.84822562320392,69.15527796768265,88.74590656953819,54.142589814893306,7108.531806664254,1020.8773777173906,0.5853199526294606,0.5620966261365054,A,grading/data_processed/banana/A/Banana_Good__IMG20200730132757.jpg
41575.5,1262.3645659685135,0.95703125,0.3278519368973591,0.8332264464797483,52.506133295370965,45.55384508953997,100.85154340759722,60.527361104412535,90.73350416399744,60.98492515478058,807.3248028775446,150.47240010245903,0.5050320215593268,0.3252535805931708,A,grading/data_processed/banana/A/Banana_Good_IMG__9147.JPG
43130.0,1476.5138416290283,1.0,0.248607528963295,0.8152117414684396,55.23961996985338,46.57756443488176,99.78751199013384,59.241504948346545,94.85977253003243,63.90281844460725,822.2910617643502,176.62550551470588,0.5019246454260413,0.32815229205349833,A,grading/data_processed/banana/A/Banana_Good_IMG__9153.JPG
37576.5,1593.0407527685165,0.96484375,0.18606831215991632,0.758148637606303,58.08060387609048,50.95465411788958,112.03831687823225,72.18036063138585,83.01386929948283,57.35048644835334,570.7661138885103,245.10008574695124,0.5288626070370233,0.38936056205159786,A,grading/data_processed/banana/A/Banana_Good_IMG__8926.JPG
22960.0,986.1320304870605,0.897196261682243,0.2966959493289112,0.7547914132614484,54.482175639328865,66.21598804265001,64.0131067753917,62.984408989728344,62.33727532766938,37.09891257344202,397.20598183459737,131.61603953613547,0.5815709185817277,0.4289707333715332,A,grading/data_processed/banana/A/Banana_Good_IMG__9386.JPG
23923.0,1152.6660808324814,0.9504950495049505,0.22626557173211823,0.7506550149829775,63.06942398952708,73.50333565865623,71.47827687776142,57.87202597388207,65.43192603501882,39.907500090182985,670.1198304673928,208.92867140117158,0.5148269800972313,0.36643345702819613,A,grading/data_processed/banana/A/Banana_Good_IMG__9392.JPG
34674.5,1205.511752963066,1.0,0.299831442184964,0.8407875753203768,113.11226227646893,73.64280598014057,87.47090547828556,60.95010865029112,71.17204087425489,43.341620434480646,706.1172820848878,93.56738664215685,0.6052950187701465,0.46371577691965876,A,grading/data_processed/banana/A/Banana_Good_IMG__8932.JPG
38956.0,1037.0437173843384,1.2673267326732673,0.45518725295293144,0.9265861925432598,26.692674392068362,18.163242284279466,91.99074473210437,70.50112223556668,83.61515835383015,55.23334614172887,733.0725474268324,149.8075519316637,0.42012992574463015,0.23756113738791873,A,grading/data_processed/banana/A/Banana_Good_IMG__8701.JPG
21515.0,973.5878739356995,0.9795918367346939,0.2852337437908449,0.7570905763952425,57.71417516387473,69.03639457387118,76.08703568827386,71.97254498613553,59.4614439184268,35.54057449587738,953.4073790013969,147.3891708515867,0.537210083422226,0.4157853700757257,A,grading/data_processed/banana/A/Banana_Good_IMG__9379.JPG
27755.5,2095.790095448494,1.292929292929293,0.07940783440200852,0.6749468052769165,63.900115171186265,44.52139657195957,95.69176002512826,49.043678853708144,57.5749136216103,34.31349883674039,904.3227295441088,229.72659932659928,0.5479186249998791,0.42565816275867,A,grading/data_processed/banana/A/Banana_Good_IMG__8715.JPG
22877.5,1417.5605231523514,0.7836734693877551,0.14306559568122257,0.6879726946035756,80.64541781841378,76.1813953439092,75.31826493727408,62.24236445565252,63.20025515628323,37.40032781211563,534.8991209608844,225.1656373544182,0.6039822545736941,0.49599419378346193,A,grading/data_processed/banana/A/Banana_Good_IMG__9423.JPG
20899.5,1137.9381598234177,0.9552238805970149,0.2028189067581708,0.6820429142530798,50.12986224608919,61.45086355735075,64.50749474667289,67.3290984415043,58.80107401354191,34.965343286750304,1793.82822716522,219.74543512802478,0.5277098155283607,0.44125621892734046,A,grading/data_processed/banana/A/Banana_Good_IMG__9345.JPG
22010.0,1152.0975399017334,0.8205128205128205,0.20837778056428755,0.7413645014062684,37.46372953547185,55.2486392092448,63.3706464350681,65.52009672349996,61.85256666222991,36.821873279222196,1240.6471151677242,179.7106770483734,0.6051398329725377,0.4971433520941431,A,grading/data_processed/banana/A/Banana_Good_IMG__9351.JPG
22275.5,1008.4579306840897,0.9696969696969697,0.27524646734242797,0.7437190124033854,128.4967021370152,57.2167466845422,61.39279746724123,58.36522001053569,61.23199366810307,36.3503869147828,544.0457609847147,158.64231318419797,0.5268738886938777,0.4017701968208951,A,grading/data_processed/banana/A/Banana_Good_IMG__9437.JPG
30330.0,2020.1849755048752,1.2063492063492063,0.09338991940844502,0.7801126572185498,79.37756278831368,48.136916586948885,82.9563685289595,40.93375958099646,62.643996668375195,37.410319356148754,808.8048612269481,253.86450830944224,0.47343774149524614,0.2687323459065393,A,grading/data_processed/banana/A/Banana_Good_IMG__8729.JPG
39402.0,1360.7493413686752,1.0,0.267406441774572,0.8417971670903924,23.424837581209395,10.971118451009724,117.8452523738131,76.4789778251121,89.3615192403798,62.886349011886004,1352.530517465435,202.38630514705883,0.49888510110758294,0.38825000350506716,A,grading/data_processed/banana/A/Banana_Good_IMG__8852.JPG
39196.5,1327.3351284265518,1.0,0.2795734825810372,0.8424282152682255,23.594301221166894,12.575500503485658,118.34388662746872,76.23765472639464,88.94964571083975,62.77397682712547,1332.426085472107,197.1153645833334,0.5015313810448739,0.3913139355551758,A,grading/data_processed/banana/A/Banana_Good_IMG__8846.JPG
33376.5,1374.839741230011,1.0425531914893618,0.22189448176515034,0.7901633522727273,64.71810796491435,45.13306899074585,90.72431859657385,55.34905638099733,68.15982810384412,40.67840342554008,435.3983353521215,166.0513254272759,0.5935044350144727,0.4073774648497415,A,grading/data_processed/banana/A/Banana_Good_IMG__8675.JPG
35292.0,2321.7240800857544,0.91796875,0.08227443775003097,0.6334323482693326,71.77077482240212,49.13596656207613,101.14009582025442,56.3995752418635,74.37653505148963,45.90470831849062,1360.6808040258668,290.0000166933761,0.5060926601883752,0.38929785289088986,A,grading/data_processed/banana/A/Banana_Good_IMG__9219.JPG
29893.0,1629.224516749382,1.013157894736842,0.14151989334531612,0.6978394593395819,28.994839131144865,15.50094556980696,109.39294463498285,69.44684474835363,66.14127061897763,47.59132809007222,888.2344651912854,175.3754004576659,0.574268562261803,0.4154003760521432,A,grading/data_processed/banana/A/Banana_Good_IMG__8661.JPG
32695.0,1313.0924869775772,0.93359375,0.23828712245602993,0.8257877123192524,25.92138780414539,16.62475188519574,87.084980474617,70.00681737180629,70.65100630820066,48.7434463530181,750.6744258933574,138.26654411764704,0.5787392428460881,0.45491322141850793,A,grading/data_processed/banana/A/Banana_Good_IMG__8649.JPG
31414.0,1699.0235073566437,0.84375,0.1367522019537211,0.6768435227578777,32.05350037304153,47.4182462877708,120.07075354389455,68.89226208605346,63.85849291221089,37.25352802123747,183.69913754214636,239.2069949127907,0.5777508809191179,0.41354081851021973,A,grading/data_processed/banana/A/Banana_Good_IMG__8891.JPG
40838.0,1440.5727152824402,0.9375,0.24728852208740915,0.817405750542929,56.62134471203684,47.52565940781946,95.64036546852776,53.370335705794425,87.89383091053736,58.005993799634076,886.3862425674332,206.5968063546025,0.4554317076303505,0.3220383226132432,A,grading/data_processed/banana/A/Banana_Good_IMG__9231.JPG
43248.5,1617.241764307022,0.91796875,0.20779304961205866,0.7763218122582325,64.99174493439156,48.42615735387316,95.84672412616833,54.149080878738005,91.9270006594956,58.26029732484995,1357.3744870670678,252.62944043803418,0.40123926886285516,0.26499551618436656,A,grading/data_processed/banana/A/Banana_Good_IMG__9225.JPG
32718.0,2185.699694752693,1.0,0.08606283118785528,0.6285456309374009,90.51822607456661,63.47454103473542,97.9228508667775,55.823833783001376,66.98334718594158,39.13583854066538,443.1310586964246,177.76436887254906,0.6218271680778213,0.48358677033964736,A,grading/data_processed/banana/A/Banana_Good_IMG__8885.JPG
31509.5,1423.21737742424,0.8401639344262295,0.1954829571320648,0.8401525150315295,93.06102833680674,44.121668690414566,74.16588385330803,31.77829702470993,64.63973996080749,38.62115596112255,1943.5679233368628,205.16755062680815,0.4939192001906474,0.3514482422136455,A,grading/data_processed/banana/A/Banana_Good_IMG__8488.JPG
38482.5,2017.859074831009,0.8984375,0.118765821608911,0.7696807872314892,70.81709206349207,52.758315603530264,88.67855238095238,67.54263038294651,84.60622222222223,55.95531220946406,1283.0047388202977,406.3153145469432,0.4265435104135412,0.3227609462847226,A,grading/data_processed/banana/A/Banana_Good_IMG__9033.JPG
35205.5,1843.3250222206116,0.99609375,0.13020166674817416,0.616434518441995,61.50885225885226,48.42656451287688,101.60606060606061,54.5548834674275,76.65664890664891,49.86450636839378,1373.5035838771353,190.097625492126,0.5826904750317544,0.444771348160911,A,grading/data_processed/banana/A/Banana_Good_IMG__9027.JPG
35226.5,1883.266147851944,1.0,0.12481188988926675,0.6156864458620991,60.56215347083611,48.15713595166401,101.13536815258372,54.37061609324365,76.8982867598137,50.194111954138826,1350.9423612952232,186.70958946078434,0.5846830266403316,0.44615349974493307,A,grading/data_processed/banana/A/Banana_Good_IMG__9026.JPG
39075.5,1644.4965952634811,0.87890625,0.18157182157092713,0.805680412371134,66.74800914412037,50.35941543775933,94.93192152134047,57.53462227870792,82.79443313990002,51.98405593694381,1224.5042777006172,331.3531494140624,0.412395106130844,0.30268057143534804,A,grading/data_processed/banana/A/Banana_Good_IMG__9032.JPG
33078.5,1202.2813054323196,0.8089430894308943,0.2875699375593375,0.8808132181229946,94.91429506051685,43.214810196664416,74.1514259374907,31.949352771351467,68.02197638802153,40.766241222283426,1798.6027688728109,207.2774698201528,0.44907320629131886,0.30810341222233395,A,grading/data_processed/banana/A/Banana_Good_IMG__8489.JPG
35410.0,2335.322057247162,0.91796875,0.08159099478403584,0.6331297996549166,71.54326645991712,49.19263328747993,100.69080879325959,58.793671845283,74.56549661058814,46.069254789462846,1332.1342766972027,304.4213408119658,0.503537501090393,0.38785791177473045,A,grading/data_processed/banana/A/Banana_Good_IMG__9224.JPG
32218.5,2052.1189593076706,1.0,0.09614132772497525,0.6268556530536802,92.94993360695317,64.03669520144712,97.77212095605988,57.94432755262393,66.70536576533075,38.681692994837626,441.282026915811,160.10160845588234,0.6270635848603345,0.4924797284642181,A,grading/data_processed/banana/A/Banana_Good_IMG__8884.JPG
31475.0,1754.3372141122818,0.84765625,0.12851370691898353,0.669509912362801,30.183692450782825,44.90363944368355,122.04306309099364,69.21984530833521,63.994388466904354,37.258443307731774,178.59676460710537,247.59563078703698,0.5797915179149769,0.4141228708323964,A,grading/data_processed/banana/A/Banana_Good_IMG__8890.JPG
32671.5,1341.3351279497147,0.93359375,0.22819406314760657,0.8247358921606988,26.429296875,17.049653197208333,88.02373798076923,70.61822364678686,70.61944110576923,48.801131106603805,826.8528146123863,143.48879004726894,0.5776785012729777,0.4545834949414042,A,grading/data_processed/banana/A/Banana_Good_IMG__8648.JPG
40904.0,1457.744288444519,0.94140625,0.2418872331042957,0.8175159140193267,56.314948503224564,47.834503383810194,96.75895177591684,54.86409245022849,89.08740013475791,59.66859186218005,891.415324500978,211.73121744791666,0.4568245438129938,0.3233989948607284,A,grading/data_processed/banana/A/Banana_Good_IMG__9230.JPG
38868.5,1913.6336805820465,0.9296875,0.13337979101991,0.6943469367703672,68.16544136159928,48.58918506107729,97.46842741326351,56.40046440423802,83.11939171156655,53.178562510308595,1362.776777744933,278.13563093354423,0.46514548993936405,0.34333242490393767,A,grading/data_processed/banana/A/Banana_Good_IMG__9218.JPG
29788.0,1588.655976653099,1.0087719298245614,0.14831718949194744,0.6988305122520557,28.551544363564823,14.365758722817898,110.55177388681226,69.66205410445741,65.90661682733294,47.472005634162095,894.072789527794,173.64619244618098,0.5785929225882142,0.4156481161390758,A,grading/data_processed/banana/A/Banana_Good_IMG__8660.JPG
33494.0,1361.6265386343002,1.0382978723404255,0.22701829897220574,0.7893477876627585,65.6764843933349,45.898512409267674,90.1701185167801,55.25587109852148,68.3850035203004,40.72698222189195,472.32163802669425,166.6251816828649,0.5873475457608015,0.4031156100001651,A,grading/data_processed/banana/A/Banana_Good_IMG__8674.JPG
21102.5,2643.9221217632294,0.8767123287671232,0.03793555618243683,0.5666697995408102,69.93575506901047,33.95351023867663,115.4540754394641,71.85781486808786,81.61547453131323,55.48244798594154,9619.34596953103,953.4076358507257,0.4884183208517605,0.4537238371953991,A,grading/data_processed/banana/A/Banana_Good_IMG20200730132303__01.jpg
38683.0,1287.778778910637,1.0,0.2931213711220217,0.844689980456595,23.494460997784397,12.454655110981019,120.11049991086664,76.00955368256297,88.2193954210915,62.683261341540195,1345.5507753749844,188.32990196078435,0.5091222932195582,0.3995524948256753,A,grading/data_processed/banana/A/Banana_Good_IMG__8847.JPG
39394.5,1354.6488367319107,1.0,0.2697689738469211,0.8508531317494601,23.659068186362727,12.865911779363286,117.84503099380125,76.3138962945171,89.32138572285542,62.85453843565325,1308.551742039388,199.75502450980395,0.499095536338577,0.3884940480564264,A,grading/data_processed/banana/A/Banana_Good_IMG__8853.JPG
22785.5,1224.4234405755997,0.8648648648648649,0.19098759357129852,0.7160522925112347,41.57109197618129,58.40072756569394,58.02476117037227,58.70525142905043,63.1748704108298,37.210669774089276,1177.6863963567444,227.93568699589645,0.559349880254571,0.4515020965884101,A,grading/data_processed/banana/A/Banana_Good_IMG__9350.JPG
32441.5,1504.6976059675217,1.2116402116402116,0.18005796212629874,0.8286673989118496,76.47284480154654,47.341483246618516,81.34591916873075,40.45810088317053,68.29526369842324,43.43100764962941,831.7721401915466,211.53163000092823,0.4461098580024964,0.23108275047461654,A,grading/data_processed/banana/A/Banana_Good_IMG__8728.JPG
21877.0,1226.5239460468292,0.9230769230769231,0.18274502710216056,0.7412288874959766,120.23599411686054,46.5005751606183,72.60315550207247,53.99855746291246,59.87418104024602,34.8675102761337,548.4892259098682,172.38672976238416,0.5580948793460504,0.4364971672973443,A,grading/data_processed/banana/A/Banana_Good_IMG__9436.JPG
22389.0,1191.5533833503723,0.7710843373493976,0.19816071110495245,0.6546491228070176,82.85157408214877,77.56858822617204,74.7192814162379,60.45153226578705,62.53649603209209,37.91131793992333,485.4951261457414,172.85777665636365,0.6339966991556163,0.5169178337403938,A,grading/data_processed/banana/A/Banana_Good_IMG__9422.JPG
21218.0,1229.2934976816177,0.9411764705882353,0.1764424746432657,0.6764110493010504,54.442775787636634,63.83738864322454,65.30458344814917,66.50531222245252,59.74281252870396,35.516004792301175,1581.4359280781264,236.47495123703928,0.5246125202274499,0.43959372635298677,A,grading/data_processed/banana/A/Banana_Good_IMG__9344.JPG
28024.0,2029.8662124872208,1.2864321608040201,0.08546831833277782,0.6794932411953688,64.1921320323853,45.071455462747316,94.37115078541278,48.820237604948,57.93948515673656,34.416935814882336,888.4328673867902,221.23350083752095,0.5468565532427557,0.4248325629919154,A,grading/data_processed/banana/A/Banana_Good_IMG__8714.JPG
39008.0,1022.9015817642212,1.2549019607843137,0.46848516983205596,0.9216737943907568,26.52674501063722,16.855854013938487,92.71773376557593,70.87705991286722,83.7172778847128,55.22736204008541,745.1972302759852,145.99086889657823,0.4224160246097738,0.24413213265889402,A,grading/data_processed/banana/A/Banana_Good_IMG__8700.JPG
21240.0,902.9015816450119,1.0212765957446808,0.3274036741914086,0.760268456375839,57.08482637606206,69.76641894698643,69.66277244181751,63.57595766640358,58.56520132988548,35.09589476446676,859.4104739576211,142.48877687423416,0.5284178870107861,0.40107825256528074,A,grading/data_processed/banana/A/Banana_Good_IMG__9378.JPG
12564.0,2347.9149836301804,1.3061224489795917,0.02864000286172377,0.5701191151446399,52.19923399867423,51.9773649412137,85.26765854017825,66.37554737478865,85.83103778448847,54.879283514402026,15859.66698806997,1541.8897674252946,0.5150354656483062,0.49623455414166784,A,grading/data_processed/banana/A/Banana_Good__IMG20200730132226.jpg
31174.5,2655.9221230745316,1.3333333333333333,0.05553652318987567,0.723742861122719,28.008415581201078,25.826639467367986,95.6422759196807,69.5397947299743,108.05355651124655,72.41075784698641,13620.674363274957,1738.1878267973852,0.3574530877743608,0.3261703863101124,A,grading/data_processed/banana/A/Banana_Good_IMG20200730132209__01.jpg
23310.5,1020.1980445384979,0.909952606635071,0.28144431431012845,0.7514910216319031,61.2659516298633,72.81198564045584,72.59777076761304,59.04147590685538,64.81560462670873,38.89590930550053,572.3326566473625,179.93759460063026,0.5509886001093964,0.41106326785782255,A,grading/data_processed/banana/A/Banana_Good_IMG__9393.JPG
34987.5,1185.3696180582047,1.0,0.3129069374721706,0.8395421660727783,102.83233431827776,78.38653364961351,88.00503728718165,60.97987361897217,72.0342479245814,43.98900028805395,753.6930614074226,94.2749693627451,0.6004913212763522,0.45993199258762346,A,grading/data_processed/banana/A/Banana_Good_IMG__8933.JPG
36397.5,1448.1879398822784,0.95703125,0.21808789756809593,0.7645971409665255,57.21785839609145,51.455916643248074,114.37147407347423,71.93741033226209,80.09045266823225,55.35453204299859,482.22260959763474,211.30385502049182,0.5472908055232153,0.40551068018172076,A,grading/data_processed/banana/A/Banana_Good_IMG__8927.JPG
23669.5,1095.085347533226,0.8847926267281107,0.24802931383294974,0.7728059292150973,55.48961780277962,66.55903609570129,61.98663964262078,60.746831003985946,64.6172236929186,38.89416660289228,363.73954016409584,153.47928680000967,0.5805724207186559,0.41834223629771666,A,grading/data_processed/banana/A/Banana_Good_IMG__9387.JPG
42664.0,1333.3178824186325,0.98828125,0.30158103470246433,0.8264453204451461,54.56287563569117,46.457712958646844,100.076213592233,59.19601260683123,93.44424410540915,62.88604097665613,845.4615660544071,160.86028955853175,0.5014919358602778,0.32923142659047533,A,grading/data_processed/banana/A/Banana_Good_IMG__9152.JPG
49892.5,1264.0802954435349,1.1327433628318584,0.3923700111800349,0.9150473640290144,52.422120509619766,44.58280038498706,93.42715330202698,51.75888767324394,108.51853613109037,70.50918932156313,577.9300834314594,199.054711087975,0.35689318621760696,0.12609700587442632,A,grading/data_processed/banana/A/Banana_Good_IMG__9146.JPG
17777.5,2124.65300989151,0.964824120603015,0.04948852678481444,0.6647658221931383,56.845397198759755,28.89470231199604,115.44285256067572,77.67385331634067,95.38597241526783,61.663853587479345,10080.371402195122,1180.784314241364,0.5223978600986666,0.49677445678897053,A,grading/data_processed/banana/A/Banana_Good__IMG20200730132756.jpg
27314.0,1929.8418282270432,0.9139344262295082,0.09216196770467332,0.6925456389452332,87.61348298643176,45.19739091845938,82.31366768487604,55.7682920762646,57.592988562904026,35.52478384112025,1845.7993657415723,238.13749815389158,0.5783742397537057,0.47465962839198916,A,grading/data_processed/banana/A/Banana_Good_IMG__8516.JPG
8660.5,3154.705954313278,0.75,0.010935409708998456,0.2591179726535619,102.82947052947053,44.006924241966075,71.92827172827172,66.12129176509902,73.64295704295704,48.71463309283741,20061.37077569299,797.6029532068061,0.7870981071966673,0.7785979085653986,A,grading/data_processed/banana/A/Banana_Good__IMG20200730132024.jpg
27387.0,1894.7636214494705,0.9718875502008032,0.09586150654987252,0.6033442016214311,93.25829761609577,42.70003753897895,43.12840494491871,64.58884481090114,61.01625872268074,38.082260497517815,3757.983978164033,341.34458164608645,0.599415488365729,0.5262216473255535,A,grading/data_processed/banana/A/Banana_Good_IMG__8502.JPG
35159.0,2759.218586564064,1.0666666666666667,0.05803288544538583,0.6331817567871775,60.22232921561614,49.270601409449576,105.46449500646546,69.23783156245408,75.89341623792885,48.822629328805874,1138.763538506561,399.5447058823529,0.49510231729825155,0.3980228796740584,A,grading/data_processed/banana/A/Banana_Good_IMG__9191.JPG
30165.5,1331.9625451564789,0.9723320158102767,0.2136664660405106,0.6982431368918106,60.47936033283495,51.755048152087696,100.70717675355912,59.41192142636513,63.311805239550154,37.26272868229858,970.1559017568812,125.83838025328711,0.6529593894211316,0.5039060883559197,A,grading/data_processed/banana/A/Banana_Good_IMG__9185.JPG
26328.0,1680.4549677371979,1.3333333333333333,0.11715854662620369,0.6434410704466305,79.87120121118127,28.44254085726034,194.01872161293895,36.82723310730562,73.18588678409216,43.795909511785304,634.7228795451423,149.79144199346402,0.6855193354641479,0.44477462547801555,A,grading/data_processed/banana/A/Banana_Good__IMG20200729190243.jpg
36658.0,2357.145432949066,0.97265625,0.08290980111216786,0.6639017676035932,65.29747087391523,49.29557409283177,91.705395292057,52.512576853273096,80.11077200711233,51.51295934195778,1487.8029967510604,368.347892515121,0.5031986496977393,0.40080081338160845,A,grading/data_processed/banana/A/Banana_Good_IMG__9181.JPG
39118.5,2228.2509903907776,0.9921259842519685,0.09900653032568697,0.7492530166634744,64.8351083730327,47.68392588707641,101.41381288504228,59.34701615836075,84.40578155787793,52.47919996578012,1476.8001993155976,357.526147378988,0.46471201849361304,0.3652902260395855,A,grading/data_processed/banana/A/Banana_Good_IMG__9195.JPG
30412.0,1856.9991221427917,1.3333333333333333,0.1108233946473194,0.6692781690140845,83.68298301180536,25.192836394901185,214.66855424384937,43.82375048275795,84.3562082093611,50.20279951723379,467.3993400596082,229.85406454248363,0.6821342874089065,0.35850893295866454,A,grading/data_processed/banana/A/Banana_Good__IMG20200729190247.jpg
39435.0,2029.734183192253,1.0,0.12028552762086668,0.6695530370559022,61.20565635534404,47.040681495668935,98.90752032520325,52.56601940372841,83.10878941106485,53.15605440074215,572.0782824419439,204.52806372549026,0.5405080138195875,0.3817121693993794,A,grading/data_processed/banana/A/Banana_Good_IMG__9142.JPG
42899.5,1370.8153569698334,1.0,0.2868825762528871,0.8313051060943707,55.07316064081642,46.726475447047775,100.7362493391868,59.13911602351458,94.56174868411979,63.90628209580409,844.8934794357046,167.50323223039214,0.5046123453898528,0.3327729925746497,A,grading/data_processed/banana/A/Banana_Good_IMG__9156.JPG
26961.5,2237.0205402374268,1.1962616822429906,0.06770394435112007,0.5866615895120492,64.76330767853946,64.69595782324527,48.26959011992125,70.73203281376313,60.14744943619116,38.03607684064336,2885.507243375756,410.0131207623236,0.5581936643651357,0.48442609757290434,A,grading/data_processed/banana/A/Banana_Good_IMG__8506.JPG
21333.5,3366.1374135017395,0.9365853658536586,0.02365964883516731,0.5541816575963424,75.1169452120893,39.146917193629676,84.83848752028776,72.93657318513276,94.9836381980085,59.528047960357554,17122.73122576829,2058.8374664793773,0.4220067269757322,0.3989179408478475,A,grading/data_processed/banana/A/Banana_Good__IMG20200730132034.jpg
27242.5,1683.2905322313309,0.934156378600823,0.12081995292011034,0.6585324582713901,88.48359307978266,45.24336397940602,76.78338575922218,58.59243401835561,57.90127251930226,36.14338784734495,2299.526802380035,226.04452092210198,0.5816561540134668,0.486218898913133,A,grading/data_processed/banana/A/Banana_Good_IMG__8512.JPG
21700.5,1121.227482676506,0.9411764705882353,0.21691627400870175,0.7352986022871665,106.38545323611486,72.1516943582144,60.67814384733099,62.389152907500815,59.54329822666307,35.3524153183461,521.736729863514,171.83058720870542,0.5623914256357335,0.4315588230665197,A,grading/data_processed/banana/A/Banana_Good_IMG__9383.JPG
37429.5,1547.5849076509476,0.95703125,0.19638798681760597,0.7691098508198743,57.73365687303253,50.78285997475348,111.29805876180482,72.53502418764315,82.3780167890871,56.7149475667037,557.2433308997228,237.60883068647547,0.5312549277600979,0.3876533698990123,A,grading/data_processed/banana/A/Banana_Good_IMG__8923.JPG
35493.0,1225.7543932199478,1.0,0.29685588032764826,0.8422938642808833,77.87317654889345,79.33830659421155,89.28293305230461,58.9407477509228,73.7180376060791,45.67301017515446,920.9924786014017,104.78397671568628,0.5886072232007431,0.4512588373755376,A,grading/data_processed/banana/A/Banana_Good_IMG__8937.JPG
24070.5,1360.4722096920013,0.9056603773584906,0.16342392087744775,0.7380306305477625,81.26876621271076,77.52982115560245,76.23601653696498,62.23453957805674,67.5593790531777,42.43648311641938,719.592491136322,236.46065889558426,0.5216352935382611,0.39045268182061404,A,grading/data_processed/banana/A/Banana_Good_IMG__9397.JPG
22070.5,881.688378572464,0.9504950495049505,0.35677285455597046,0.8403967709999238,31.081453801325683,49.975980643845304,64.90021798122692,59.969948577346806,61.58307753903643,35.947233476108615,1305.7946796084625,135.98452646311753,0.5413475285540325,0.4214172462424103,A,grading/data_processed/banana/A/Banana_Good_IMG__9340.JPG
15496.5,867.5462437868118,0.375,0.2587368086431745,0.7736645032451323,89.0137106918239,78.95169887604163,84.29949685534591,65.5708066062346,50.93635220125786,34.34185849011681,602.2602061960432,290.105427631579,0.4957484762240535,0.3475814032557397,A,grading/data_processed/banana/A/Banana_Good_IMG__9426.JPG
31778.5,1206.482315659523,1.0666666666666667,0.2743477083974821,0.7110715804076884,32.43569837931461,30.386968419267678,80.15136706668316,71.12492716643501,80.26354695038971,65.30132653665146,2096.7486471682123,187.7984967320262,0.5834440458865797,0.4728880276980405,A,grading/data_processed/banana/A/Banana_Good_IMG__8738.JPG
16601.0,932.499560713768,0.5213270142180095,0.23990916645016427,0.7774369541292997,108.73499353929284,60.935434964228605,88.58980382943733,49.72831696961541,56.63872900270175,35.737883769395005,520.5691458093601,272.29427366407236,0.4170915726589454,0.25999623722156134,A,grading/data_processed/banana/A/Banana_Good_IMG__9432.JPG
21102.0,910.70057117939,1.054945054945055,0.31972917333771783,0.7666206495676815,57.88377712718992,72.0456365140967,81.25633161392258,67.4550064323185,58.06612760816023,33.89273727871735,1385.334386115869,154.48089868246933,0.5063943868021825,0.3828932074395796,A,grading/data_processed/banana/A/Banana_Good_IMG__9354.JPG
26227.5,3445.0491005182266,0.8807339449541285,0.027770003059290452,0.6511295928500497,47.764996573242435,47.116454110051826,91.31367456624463,70.313091426018,84.49547307289976,54.50984137862615,8737.557977951286,1384.0212786397044,0.3512573145165649,0.31443217479284813,A,grading/data_processed/banana/A/Banana_Good__IMG20200730132222.jpg
39069.0,1029.386862874031,1.2549019607843137,0.46332412731898887,0.9269369016690986,26.36763850608137,17.404600481754063,92.4562925127064,70.26148078528175,83.87291071383417,55.23073645265138,733.7447473143944,145.51293733179546,0.4188900557622613,0.24278791644955816,A,grading/data_processed/banana/A/Banana_Good_IMG__8704.JPG
27475.0,1984.2093586921692,1.3403141361256545,0.08769454472287504,0.6865660452796242,63.173696657371785,44.94000967924865,96.33129787158943,48.8213376657966,56.77716988457873,33.72920369034671,868.964467888394,216.731896109229,0.536402955299629,0.41266749480182935,A,grading/data_processed/banana/A/Banana_Good_IMG__8710.JPG
21714.0,1282.1219248771667,0.8807339449541285,0.1659934853006502,0.748913568324481,45.92074811625404,63.19767647257551,64.87105310369573,59.88465406216718,61.30126480086114,36.098460148538734,1173.5892586558011,248.0046351890101,0.5645701156167627,0.4631577026410403,A,grading/data_processed/banana/A/Banana_Good_IMG__9368.JPG
33871.0,1186.264060139656,0.7109375,0.30246500689231404,0.8604671840664575,22.206668023137517,12.934646410521816,120.41275470162486,74.96598166254194,76.82763131122286,54.707891047257476,882.3738324824429,315.3256215469613,0.372890634861355,0.2547265935291031,A,grading/data_processed/banana/A/Banana_Good_IMG__8857.JPG
38782.5,1294.707711815834,1.0,0.29073826571141187,0.8460774902918976,23.5053719742958,11.679949226555134,120.12633664372254,74.89959542122561,88.4706001879556,62.96969317867421,1343.1557972989976,188.60010723039215,0.508683499628544,0.3985398560395083,A,grading/data_processed/banana/A/Banana_Good_IMG__8843.JPG
43295.0,2438.8367772102356,0.75,0.09147072830881102,0.8889231085104199,74.39934647887324,42.897812723662085,82.71197746478873,62.96476811122769,123.587538028169,74.1552138037289,11372.869927643076,1858.8637516361255,0.14100384917156317,0.08489630514648866,A,grading/data_processed/banana/A/Banana_Good_IMG20200730132039__01.jpg
41422.0,1405.1168714761734,0.953125,0.26364287044770124,0.8178569313088633,57.25923283631781,47.979446916466344,95.39839718437136,53.50708703070617,89.57753680055171,59.4180488472694,919.0319980351203,202.9492830504115,0.45574823940304404,0.3243990048183036,A,grading/data_processed/banana/A/Banana_Good_IMG__9234.JPG
31209.5,1677.3250234127045,0.84375,0.1393998231497277,0.6700984444277448,29.22880746002441,43.88336822267206,118.6096942766843,70.97731486701826,63.58359670807648,37.06722145911993,181.7123275303546,237.82710755813955,0.5829653771713799,0.4168268972993313,A,grading/data_processed/banana/A/Banana_Good_IMG__8894.JPG
29577.5,1663.4671577215195,0.9956521739130435,0.13432067489788133,0.6930548070389203,29.219323129700488,15.82252549332414,112.00620134582398,69.28160685750537,65.48014249901043,47.10311901854433,925.3265689348465,177.1973302822273,0.5812270989130638,0.42077996426036085,A,grading/data_processed/banana/A/Banana_Good_IMG__8658.JPG
32714.5,2129.658064723015,1.0078740157480315,0.09064219054728467,0.6391048683285145,91.7078431372549,63.51097306470778,97.04055258467024,55.18850633333809,66.88710635769459,39.095743425793074,465.54739926674216,176.9414852555195,0.6167807002394405,0.48020183671315414,A,grading/data_processed/banana/A/Banana_Good_IMG__8880.JPG
35487.0,2360.3514972925186,0.9296875,0.08004344775961637,0.6335946008677177,71.55454570341372,49.024313077073,101.3476415998248,57.583845532562144,74.72197432177174,46.0608150729805,1390.3341450634316,305.1708695938819,0.5097300018005617,0.39405607001205223,A,grading/data_processed/banana/A/Banana_Good_IMG__9220.JPG
35704.5,2335.9667208194733,0.921875,0.08222417355050893,0.6391783029001075,73.16403081362114,49.0547139468115,100.59248169420475,56.02422588814882,75.01434521055067,46.09197062806498,1393.6861705829342,299.11938164893616,0.5005674616161377,0.38551431056771784,A,grading/data_processed/banana/A/Banana_Good_IMG__9208.JPG
30804.0,1467.661028623581,1.004201680672269,0.17970719023963025,0.6989868276245476,67.80608872505402,43.51084044342926,95.72489513156222,51.44537848653678,64.58532477437397,37.810168022182495,512.834556842807,122.50609067156276,0.6084576679233142,0.4441508547305177,A,grading/data_processed/banana/A/Banana_Good_IMG__8670.JPG
32540.0,2222.8712681531906,0.9402390438247012,0.08275586602591856,0.6079856504923301,62.172328432103555,44.000523385842826,101.98088222136062,62.65312459930333,67.18157415968267,39.12353404814154,774.8481121164403,355.7051792828685,0.5332599056076377,0.4242252367270997,A,grading/data_processed/banana/A/Banana_Good_IMG__8664.JPG
27009.5,1597.986929655075,1.0041152263374487,0.1329168263351738,0.5834152347420376,69.11737766398615,56.73992759889147,37.75850131621651,67.25556277258872,59.97172839060978,37.83681257092523,3746.547277268142,295.5756236346085,0.6032307496757594,0.5281553185909893,A,grading/data_processed/banana/A/Banana_Good_IMG__8499.JPG
25987.5,3718.4115773439407,0.75,0.023618888135133013,0.5758045754168283,54.05435964340074,26.931064812929968,108.89388997608175,76.24027350310843,93.00536348481553,60.035300192439095,11653.693708389583,1522.597533540576,0.44421637343743486,0.41769844933529277,A,grading/data_processed/banana/A/Banana_Good__IMG20200730132801.jpg
36279.5,2624.466281890869,1.008130081300813,0.06618950939619782,0.6997955365237352,63.9989843374138,50.734053036652355,96.88290479499652,63.15553783994158,82.24167423958946,55.9245899214774,1617.8330572724499,401.79470721832723,0.4958684639029621,0.37725854922585494,A,grading/data_processed/banana/A/Banana_Good_IMG__9036.JPG
35220.0,1828.9402468204498,1.0,0.1323122887127571,0.6156589228590906,59.72673805692726,48.21907953026401,101.12348110747378,56.96650258276391,77.29964489818565,51.14607353694974,1318.754010839155,183.6797794117647,0.5843163438439636,0.44705455306893577,A,grading/data_processed/banana/A/Banana_Good_IMG__9022.JPG
35299.0,1876.5971007347107,1.0,0.12595928427592995,0.6152063090932857,60.2261259267456,48.25673132469977,100.94920880823283,56.079130637775776,77.43742392386854,51.085900860283814,1343.7846069426741,187.1851409313726,0.5847374533156295,0.4451898927356589,A,grading/data_processed/banana/A/Banana_Good_IMG__9023.JPG
36344.5,2568.6672928333282,1.016260162601626,0.06922020018035895,0.7016786848532237,64.81451914348267,50.54693769513945,97.22563678111817,60.18529090038113,81.81200939819512,55.054425165349905,1548.4410113924253,384.6887550200802,0.4995960946580242,0.3816594404984932,A,grading/data_processed/banana/A/Banana_Good_IMG__9037.JPG
25444.0,3930.9628759622574,0.75,0.020691756843287622,0.5658057127608712,66.94775239498895,30.881992993712032,98.08651436993368,72.10794609719406,88.47523949889462,56.44592640090673,10357.071711195838,1472.870071171466,0.45262259867679894,0.4265543396009044,A,grading/data_processed/banana/A/Banana_Good__IMG20200730132800.jpg
27657.5,1979.7758131027222,0.9718875502008032,0.08867286828359497,0.5904927622870318,86.6674258882893,48.987827297394126,39.81358189081225,64.37018664284432,61.30902656107646,38.19970580802144,3613.042432798902,355.16507523871417,0.5953387228901407,0.5210236491265424,A,grading/data_processed/banana/A/Banana_Good_IMG__8498.JPG
29362.5,1679.1585030555725,1.1082251082251082,0.13086379417513105,0.6199066841194105,63.11870539419087,43.10973030290279,96.2144398340249,51.13684925430173,61.96663900414938,37.08514168123142,748.3998493850773,120.09337068160598,0.6557410279724766,0.48796930339670386,A,grading/data_processed/banana/A/Banana_Good_IMG__8665.JPG
38693.0,2022.7880074977875,0.97265625,0.11883422195114031,0.6857239063206118,69.04039000732527,48.46850418843029,97.14205966303771,56.721408842990066,82.47212609563263,52.44611208220269,1435.0642972516007,272.7279328377016,0.4863374710268256,0.3739929789601648,A,grading/data_processed/banana/A/Banana_Good_IMG__9209.JPG
31122.0,1226.7737264633179,1.091743119266055,0.25986538271448084,0.7936754861332483,61.85373172041313,45.8211731974728,92.91026815324848,60.65334357885009,63.27980796563595,37.51656980236066,403.60785296222883,146.37020477683586,0.578061887128731,0.38816706617404306,A,grading/data_processed/banana/A/Banana_Good_IMG__8671.JPG
32643.5,2032.7463768720627,1.0118577075098814,0.09927506723281541,0.6399745135519287,91.2577500894241,63.68270714682749,97.45716585191367,56.42069676518538,66.64594014546321,38.92931017936363,465.34594640743876,162.44529179260633,0.6199644742297183,0.48011915292137636,A,grading/data_processed/banana/A/Banana_Good_IMG__8881.JPG
29440.0,1624.396090388298,1.0044052863436124,0.14020509582737561,0.6967552599815398,28.82483421750663,15.174840442846964,110.84814323607426,68.99647727140034,65.27340848806367,47.18219225901052,893.8388004528356,178.69962545362804,0.5753165655992666,0.4143806191857797,A,grading/data_processed/banana/A/Banana_Good_IMG__8659.JPG
35469.5,2304.854023575783,0.9140625,0.0839031142200935,0.6369325527941387,72.09040585349813,49.373980963590625,101.00424762270148,57.65306992737741,74.72289057575841,46.12426779378568,1345.9725877364876,299.35540168991423,0.5018916480086845,0.3844320067903201,A,grading/data_processed/banana/A/Banana_Good_IMG__9221.JPG
41662.5,1446.12906396389,0.953125,0.25034624493176594,0.8153051340006457,56.70871743960667,47.8242736269603,96.4159930033565,55.901659255093804,91.38290077057627,61.74799189954615,954.2880858634308,221.73220486111114,0.4509750399634626,0.3191777189107238,A,grading/data_processed/banana/A/Banana_Good_IMG__9235.JPG
31148.0,1696.2539547681808,0.84765625,0.13603738768463305,0.6677671776181798,30.789036544850497,45.96146411882883,118.7314611671786,71.11597580463295,63.47382937378549,36.91704138772678,177.38417651468032,234.2468171296297,0.5870503216235624,0.42039844846601515,A,grading/data_processed/banana/A/Banana_Good_IMG__8895.JPG
38746.0,1380.832601070404,1.0,0.25536106094182415,0.8476574891433947,23.76129753346712,12.661828136574185,120.2978636929408,75.6044267596391,88.2824954911474,62.77324699834822,1296.983111526817,196.73311887254906,0.5112644521558732,0.3981175704706302,A,grading/data_processed/banana/A/Banana_Good_IMG__8842.JPG
33683.0,1175.5777682065964,0.7109375,0.3062794796415496,0.8606873642519484,23.37043966323667,15.697783977043558,118.61912418147801,75.29695316244171,76.4071269878391,54.55623952616228,910.8338568389971,314.97552658839777,0.3762403598739224,0.2592689922281557,A,grading/data_processed/banana/A/Banana_Good_IMG__8856.JPG
27869.0,2014.209359407425,1.3061224489795917,0.08632210659000812,0.682854517611026,63.86927627000696,44.592179659793054,95.4338900487126,48.50390344761237,57.70160055671538,34.2823761235753,857.6847184068806,219.0834133653462,0.540403831723208,0.41890174344342457,A,grading/data_processed/banana/A/Banana_Good_IMG__8711.JPG
21406.5,1250.7665876150131,0.8888888888888888,0.17195031938908248,0.7275554422635738,44.88584038584039,61.88915842345613,65.42533442533443,60.0739253893424,60.51274001274001,35.76014558457856,1141.195731113168,236.41218247042855,0.5727270180561614,0.4649131604119407,A,grading/data_processed/banana/A/Banana_Good_IMG__9369.JPG
34766.5,1949.4570511579514,0.8421052631578947,0.11495913638444481,0.8436423198252851,53.78997164434712,49.687165249934694,92.74721356579354,69.42564598851517,109.52502877677644,69.66289071212269,9134.760483518647,1385.831220721962,0.23220233448225783,0.1749996228846629,A,grading/data_processed/banana/A/Banana_Good__IMG20200730132223.jpg
38955.5,1057.7716394662857,1.248780487804878,0.4375168761641769,0.917928296240442,26.70761820256053,18.565207449398578,93.01888705792877,71.0630400277487,83.83143617695525,55.43774753195666,768.0805970785037,154.57006217120994,0.4217959475764804,0.24797055828582537,A,grading/data_processed/banana/A/Banana_Good_IMG__8705.JPG
15626.5,818.3157961368561,0.4863636363636364,0.29324438916017104,0.7289159436514601,112.4175625,74.87325259435863,79.2664375,65.66658547966887,59.6446875,40.796380850846816,722.2067529428027,283.9795454545454,0.446941111390101,0.31888137521836163,A,grading/data_processed/banana/A/Banana_Good_IMG__9433.JPG
20840.5,927.1442233324051,1.032258064516129,0.3046655889674454,0.7367388422448078,68.4353488809479,76.01754104287849,90.74821327816437,70.79514026132138,57.258275343238665,33.1285931075198,1376.01634489744,150.26104824635476,0.5219230979399024,0.4030377145788231,A,grading/data_processed/banana/A/Banana_Good_IMG__9355.JPG
22399.5,911.8305143117905,0.9142857142857143,0.33854776006513193,0.8394670764156954,34.71171289601683,53.38045154147763,65.5362604618553,61.01627570493841,62.27904123395118,36.33802535188081,1363.0975673161336,135.04320618299676,0.5548032180096738,0.43445193776506513,A,grading/data_processed/banana/A/Banana_Good_IMG__9341.JPG
32566.5,1276.9087227582932,1.0578512396694215,0.2509927881831035,0.7065006345521797,35.417961326133515,36.779391595546144,77.71287218317295,70.87182361551753,81.43817309722768,65.82910825335246,2144.022070255544,200.8734240803759,0.575724644858914,0.4635753534901718,A,grading/data_processed/banana/A/Banana_Good_IMG__8739.JPG
23070.0,1226.7249556779861,0.8275862068965517,0.1926473581862657,0.6858620843429013,63.93238268522828,70.93101209942313,69.93458299834977,64.83826777079149,62.37176829010282,36.65817914292597,886.5915317719357,195.7524598302943,0.5825640185830533,0.4669808954509577,A,grading/data_processed/banana/A/Banana_Good_IMG__9427.JPG
35474.0,1245.837653875351,1.0,0.2872083885182458,0.8383810930576071,75.95180622606958,78.84014857577093,89.96701070972755,59.73845241793773,73.5627878586094,45.41965089101429,843.994906825712,109.74057904411767,0.5898940083531748,0.4509467081302129,A,grading/data_processed/banana/A/Banana_Good_IMG__8936.JPG
25537.0,1478.7737268209457,0.75,0.14674938459406492,0.659393720305722,77.39168765743074,77.12122254810271,66.31138844363026,56.779079261253514,71.40283184489734,44.43426841953482,724.7553599770698,237.2084015052356,0.5740137566944932,0.46128060941841814,A,grading/data_processed/banana/A/Banana_Good_IMG__9396.JPG
23089.0,1051.5289988517761,0.8767123287671232,0.2624052257121594,0.7235436056532231,67.25967085171361,74.18644268697427,62.55662538174415,59.502483746350904,63.61923142178487,38.77857694939669,579.6545105133887,175.94499031772216,0.5467715695758331,0.4384716005635862,A,grading/data_processed/banana/A/Banana_Good_IMG__9382.JPG
37437.5,1530.4133341312408,0.953125,0.20086266562807317,0.7696379746314989,58.81240326346441,52.091546319208184,113.36118471103649,73.78339857671311,82.52524987539023,56.794512121550795,562.4772447943848,239.22612847222223,0.5273051814287968,0.38486269459368694,A,grading/data_processed/banana/A/Banana_Good_IMG__8922.JPG
15063.0,3902.560856819153,0.9795918367346939,0.012428593152322441,0.45524057059961315,32.711153593404624,12.048824414053179,147.53049764024135,71.77006716056667,86.2161419439632,55.54691875085242,18765.042550449176,1665.1355112725714,0.5438270129427458,0.5268459147140581,A,grading/data_processed/banana/A/Banana_Good__IMG20200730132035.jpg
27099.5,1669.9768238067627,0.9180327868852459,0.12210972524189537,0.6636747688728342,87.72998418858704,45.89614579499571,76.69972689377606,58.34045694134415,57.57212160413972,35.9417642282347,2131.3324538041975,221.8510806439756,0.5847462414640628,0.48396381485094253,A,grading/data_processed/banana/A/Banana_Good_IMG__8513.JPG
27089.5,2274.1332384347916,1.1906976744186046,0.06582320755009234,0.5713517389745428,63.99351782597856,65.076955828238,47.34045660148876,70.37155790892989,60.554724507604085,38.41447663346164,2984.6027672778673,431.38984040127684,0.5554942106307544,0.48348613021005293,A,grading/data_processed/banana/A/Banana_Good_IMG__8507.JPG
43176.0,1350.0874363183975,1.0,0.2976654831715706,0.8342462974234125,54.77311250713878,46.5246348292465,99.78830382638492,59.369981706652275,94.75814962878356,63.73006153394974,864.7456758765038,165.3945006127451,0.5019673194023208,0.3289655746335648,A,grading/data_processed/banana/A/Banana_Good_IMG__9157.JPG
49554.0,1218.1807997226715,1.1327433628318584,0.41962860019087656,0.9145757393992525,51.919994412181445,44.10724075494128,93.8152228142649,51.50094063944429,107.82440280189188,70.17487015570626,585.8131511505102,192.61429810862398,0.36414532012245127,0.13250587268812875,A,grading/data_processed/banana/A/Banana_Good_IMG__9143.JPG
34858.0,2784.047013759613,1.0847457627118644,0.05651441024160378,0.6560703161025004,61.78628875700261,47.44249831921277,107.81158134117256,65.45216800552292,74.59179655000277,46.86313339090351,1163.1922642442898,398.6855599867066,0.4894787538706024,0.39155040792490425,A,grading/data_processed/banana/A/Banana_Good_IMG__9194.JPG
36930.5,2228.3342505693436,0.98046875,0.09346185151496048,0.6628347332902578,65.68367723890442,49.258009173089185,92.61343606522772,53.70420037341062,80.72009076996147,51.97486390037903,1518.2812635389328,352.89329687500003,0.5048740004533249,0.4028575651187867,A,grading/data_processed/banana/A/Banana_Good_IMG__9180.JPG
39627.0,2455.97386097908,0.9921875,0.08255693829745987,0.7448054205941227,65.53937443180422,47.76232693771021,101.61797587164304,58.805679746414754,84.43561266861593,52.67757355385872,1591.0265527479603,394.3155416254941,0.4634017833250701,0.3651614697671942,A,grading/data_processed/banana/A/Banana_Good_IMG__9196.JPG
36727.5,2274.3342512845993,0.9765625,0.08922625141604751,0.6598485460964238,65.3748342966223,49.22882800319213,91.71430086430883,53.14997716656545,80.32538840871732,51.8255279445625,1510.1902784665529,353.3575395331326,0.5062754139724117,0.4032168360505186,A,grading/data_processed/banana/A/Banana_Good_IMG__9182.JPG
43226.5,1386.4722113609314,1.0,0.28257751234021466,0.8345770303796736,55.16217695764239,46.688608519674716,100.58550215551652,59.94203037082149,95.2488994320385,64.29965517875864,848.6827122790273,167.71007965686277,0.5021726551202056,0.3280584698627789,A,grading/data_processed/banana/A/Banana_Good_IMG__9155.JPG
39300.0,2006.4793510437012,1.0,0.12266849160015485,0.6679016332149351,60.62745000497463,46.82604179178505,100.16373992637548,54.09298261865228,82.9413491194906,53.269841326554584,583.5995399912354,204.2778492647059,0.5411779291165382,0.38402089811977935,A,grading/data_processed/banana/A/Banana_Good_IMG__9141.JPG
26146.5,1743.9524402618408,1.025,0.10803243175409881,0.49701088247873404,31.00776259099688,36.37585319477441,43.366810280790375,63.45326172331,57.43381369781608,36.54540459401027,4108.148804858943,297.18823129251706,0.6059346457449176,0.5399362051886887,A,grading/data_processed/banana/A/Banana_Good_IMG__8539.JPG
27600.5,1609.9768240451813,0.9375,0.13380969014642977,0.7262333903433759,85.66133078907382,45.04541927903654,90.64772606805894,50.79193092805405,58.052828721862966,35.97339815454885,2110.347065182099,200.38223586309527,0.572661880953488,0.4697648020336351,A,grading/data_processed/banana/A/Banana_Good_IMG__8511.JPG
35242.0,2004.4204760789871,0.9921875,0.11022820865664015,0.6029891095122807,60.594659656889874,47.406719396904066,95.86189817376868,53.21721153008427,75.03367459878251,47.31432589523055,1207.5000931061434,204.58791378458503,0.5836388994514673,0.44011763777587487,A,grading/data_processed/banana/A/Banana_Good_IMG__9169.JPG
29982.0,2193.3220576047897,1.0,0.07831873270216981,0.6133169683952132,62.90888228069041,64.18396447799533,45.004331243131425,67.77530235756288,65.86750921197233,41.155337187906724,3015.6208796491846,401.85471813725496,0.5888403064949989,0.5235627011326253,A,grading/data_processed/banana/A/Banana_Good_IMG__8505.JPG
26924.0,1205.1513612270355,0.7901234567901234,0.23295189873495006,0.8042656789090855,75.31088460138332,76.6582706821558,77.08809610484164,60.31530995326913,75.75453221696397,45.96991775691955,619.9907738938028,219.6703294335639,0.5303636386708791,0.4079271329584719,A,grading/data_processed/banana/A/Banana_Good_IMG__9394.JPG
35375.0,1150.4406856298447,1.0,0.3358751304082546,0.8541694334110034,115.77105614973262,68.13789782105553,86.86901180926917,58.72265666330553,72.18215240641712,43.300971968790975,592.6544923165347,90.90261948529414,0.5967329032770746,0.45344438905535317,A,grading/data_processed/banana/A/Banana_Good_IMG__8934.JPG
37020.0,1484.229570031166,0.94140625,0.21117578586099744,0.7790567983332982,58.25334359409829,50.82652446124577,111.69379577539539,71.75794172161751,81.27773060184694,55.613235401270146,546.9130286150416,230.80323893229172,0.5289370792911448,0.38471218110181393,A,grading/data_processed/banana/A/Banana_Good_IMG__8920.JPG
21754.0,1094.8427067995071,0.9186602870813397,0.22805811418605582,0.7279237075455914,52.498989263734785,66.04396063201135,73.3348456942635,69.39914625763866,60.18094425227977,36.16443136159918,831.6859999202462,178.51732257822093,0.5602109847016983,0.44301124026321764,A,grading/data_processed/banana/A/Banana_Good_IMG__9380.JPG
38878.5,1971.0306459665298,0.98828125,0.1257571281672324,0.7337988958618412,55.162347791083825,46.0438564365605,104.59338834658348,61.34600559692837,89.39322733219281,64.2414783604342,896.6731294238831,216.21644035218253,0.5081686556380932,0.38190658529540156,A,grading/data_processed/banana/A/Banana_Good_IMG__8908.JPG
26923.5,2283.7900940179825,0.8495575221238938,0.06486777638377686,0.696777950310559,32.31348737238044,30.72442073411155,96.4703564391904,70.51321859604894,109.45516747268493,75.9460187643216,13239.45587171056,1486.0107723671408,0.38491251859714803,0.3426369534326719,A,grading/data_processed/banana/A/Banana_Good__IMG20200730132209.jpg
20518.0,988.9848424196243,1.0434782608695652,0.26361226857129383,0.7788786394867707,28.936242250834525,47.03489494699278,62.234048640915596,58.18858939334756,57.22584644730568,33.56546666967061,1329.5835245465362,170.17200660141137,0.5369830893263287,0.4063484524772752,A,grading/data_processed/banana/A/Banana_Good_IMG__9357.JPG
16557.0,923.8132691383362,0.5483870967741935,0.24379406059931436,0.7408053691275168,62.99028039585297,71.61697267402403,87.21542177191328,68.12541675657943,57.93367106503299,39.500845051164276,1112.1188110333132,284.9351323908459,0.46592901934094993,0.3385570161604251,A,grading/data_processed/banana/A/Banana_Good_IMG__9431.JPG
14086.0,816.3330408334732,0.328125,0.2656212392092734,0.7712017519846701,91.81405958388055,78.57309311410624,93.45932121379691,66.00105925203908,48.31402502246492,33.87489780768056,499.9419221402296,268.62914156626505,0.48341563350077,0.32169393171039434,A,grading/data_processed/banana/A/Banana_Good_IMG__9425.JPG
21736.5,1086.8843381404877,0.9320388349514563,0.23122395117841696,0.7029802234763345,36.10932721712538,54.42986695455601,66.20376866342868,62.89817855432767,60.08922468069797,35.078539188445525,1282.5398665594453,184.5033040207391,0.5458283855649723,0.43531092001927296,A,grading/data_processed/banana/A/Banana_Good_IMG__9343.JPG
28093.0,1964.552506327629,1.292929292929293,0.09147042605107777,0.6854040866117719,64.11275051831375,44.60782464849218,93.71883206634416,48.2142552969543,58.01772633033863,34.46732670876775,835.9866240432999,217.28057040998218,0.5445216937511006,0.42112885336285183,A,grading/data_processed/banana/A/Banana_Good_IMG__8713.JPG
23437.5,1436.6488355398178,0.768,0.14269866125060254,0.6559063050961297,79.17997675576954,77.52437653108491,75.15793624439648,61.14967024062757,64.33455088826166,38.12911573897782,318.1245199787326,218.8459057591624,0.6230253749155426,0.4935731000445425,A,grading/data_processed/banana/A/Banana_Good_IMG__9419.JPG
38986.5,1140.198045372963,1.2549019607843137,0.3768456686539004,0.9190919056543725,26.2003745792311,16.627043390301974,92.44387638885374,70.55742278490207,84.13672141935157,55.6819503867139,739.4441655649217,171.40353710111495,0.42035197228146165,0.24240318070278202,A,grading/data_processed/banana/A/Banana_Good_IMG__8707.JPG
41206.0,1223.4945086240768,1.0534979423868314,0.3459125137014803,0.9067224117064584,23.972008045591686,12.80688819223907,133.3733298213687,73.08562615134507,94.60028255351756,66.30543507640334,1163.5765121313443,189.320826272896,0.45459252729525246,0.32689611362606374,A,grading/data_processed/banana/A/Banana_Good_IMG__8840.JPG
31214.5,1813.0306457281113,0.926829268292683,0.11933173544354292,0.710154819188024,74.66695828776754,47.80556330366077,91.05839712544915,71.3572566749008,64.86111545071083,37.62418676904718,597.2053351866342,292.54149206690306,0.5421108093354319,0.4203698690580959,A,grading/data_processed/banana/A/Banana_Good_IMG__8698.JPG
29665.5,973.3940032720566,0.5859375,0.3934451569906755,0.913993899621037,23.346635653763084,14.669918516562545,137.97192224622032,70.04218823957022,72.61176275128759,57.888290034711616,710.1521814127605,292.4705327181208,0.33445642278947896,0.20711856384794022,A,grading/data_processed/banana/A/Banana_Good_IMG__8854.JPG
38049.0,1619.602153301239,1.0,0.18227890886131304,0.7702070808283233,23.916176773927393,26.834151592601362,108.99644183168317,67.00782080022957,84.94229579207921,60.23990833970104,1279.2132239600178,209.39008884803923,0.5380916381025311,0.40651329427481997,A,grading/data_processed/banana/A/Banana_Good_IMG__8868.JPG
35598.0,2318.067224740982,0.921875,0.08324984043107148,0.635247510617795,72.22417606422194,49.04685861518524,101.0116866450045,56.25498512482634,75.02056084973924,46.268795644487064,1328.8790162217167,298.1734042553191,0.5051359034932167,0.387424100373771,A,grading/data_processed/banana/A/Banana_Good_IMG__9223.JPG
32733.5,2213.94233417511,1.0,0.08392081615102247,0.6333023777739083,90.87148915977103,63.36873463173548,97.9020968650829,56.152864266297534,67.02669276626034,39.08998578480007,488.0949515243992,184.29857536764706,0.620892067071879,0.4827164529124889,A,grading/data_processed/banana/A/Banana_Good_IMG__8883.JPG
31152.0,1737.366653561592,0.84765625,0.12969189472396006,0.6687633502570763,30.947816826411074,46.23027711679487,117.82553404748481,71.21838169245962,63.443932844703376,36.98634561487516,185.44672003474668,239.76916956018516,0.5846056634754546,0.42010163896260766,A,grading/data_processed/banana/A/Banana_Good_IMG__8897.JPG
41546.5,1483.1585029363632,0.94921875,0.23733903684680138,0.8131624015266429,56.70114425149843,47.733779231500606,95.95380351093317,54.381846070052326,90.06095567506101,59.940980456752335,965.3861654858805,216.24572249483472,0.45351846175074434,0.3183077652692735,A,grading/data_processed/banana/A/Banana_Good_IMG__9237.JPG
30199.0,1521.6610288619995,1.0427350427350428,0.16389533412259874,0.6983477285603616,65.71016510197475,43.268265887324915,95.89546778892846,49.94617350863186,63.57769504694076,37.53779924324473,648.160457482774,119.02229960254652,0.6228424006788705,0.45639067086103685,A,grading/data_processed/banana/A/Banana_Good_IMG__8667.JPG
33063.0,1387.5676621198654,1.0256410256410255,0.21579619432292807,0.7935532647697681,65.29627209267785,45.601160993108614,89.49835140353483,53.98821544610234,67.45738897965246,40.18049102164196,509.0943855353752,171.59911311375748,0.5818432949725555,0.3978572544622515,A,grading/data_processed/banana/A/Banana_Good_IMG__8673.JPG
8044.5,969.7371491193771,1.3859649122807018,0.10749811624048426,0.6539446408974515,65.10775404225186,24.598905971090698,82.65478579015696,61.88116483331426,79.74542664935679,58.981490539672286,10761.055394375473,874.7231534249636,0.5455033546935748,0.5159046308655922,A,grading/data_processed/banana/A/Banana_Good__IMG20200730132802.jpg
34682.0,1839.9108092784882,1.0,0.12874206066311794,0.6105663433269369,59.0374531835206,47.56608281878331,101.9729661231731,53.82363981946253,75.74360057446988,49.3604858360732,1525.3620385220274,177.9415134803922,0.594728072781715,0.45491485874030874,A,grading/data_processed/banana/A/Banana_Good_IMG__9021.JPG
37972.0,1983.0134028196335,1.0128755364806867,0.12134504223372825,0.78406756212639,65.42871855609053,54.42489663523316,82.57619918123535,79.7713292914046,85.32570354540539,58.40771266573201,1799.6233150972466,442.6246004931058,0.4096862677760086,0.2865731382015093,A,grading/data_processed/banana/A/Banana_Good_IMG__9035.JPG
36926.0,2039.9839643239975,1.0364372469635628,0.11150353144413885,0.7363037257853859,60.3684127026098,51.01636867162782,102.66670192231418,60.36791658930945,80.9597292366271,53.88025256853791,1166.171135867249,239.58140827181077,0.5110742331385153,0.39563138859827396,A,grading/data_processed/banana/A/Banana_Good_IMG__9009.JPG
39316.5,2063.1971665620804,1.0711297071129706,0.11606552711480173,0.7807399022995354,59.39815505495052,50.64127759100434,103.80461484907255,64.45318653372235,86.15396091302402,58.27288770427479,816.9144056497865,267.4198375584544,0.512562921206087,0.33730910110757667,A,grading/data_processed/banana/A/Banana_Good_IMG__9008.JPG
38187.0,2026.444861650467,0.88671875,0.11685729323674451,0.7738934824902723,70.79459625422167,53.12959282432693,87.46295159144407,69.27401382740135,84.16582233138881,55.90902626340922,1270.6048207411,409.74656042588487,0.42466702376307075,0.3191964201289228,A,grading/data_processed/banana/A/Banana_Good_IMG__9034.JPG
35857.0,2090.1605899333954,1.0,0.10313937742038089,0.5963395062241699,60.29081272084806,48.60883848622535,100.27357977711334,57.62593649741705,77.67455830388693,51.29426177211974,1391.4001458799466,222.36326593137255,0.571998653282152,0.4346231406161644,A,grading/data_processed/banana/A/Banana_Good_IMG__9020.JPG
5243.5,650.8010766506195,1.05,0.15557313768266898,0.6915265413781734,67.22216196673898,26.09810999736123,91.01536514822848,59.96127892220058,55.71565437454808,34.352385019548414,9248.241936725624,490.81413461538466,0.5034472215656199,0.4543276149770881,A,grading/data_processed/banana/A/Banana_Good__IMG20200730132803.jpg
26409.0,4441.722318887711,0.75,0.01682127890348251,0.5785104052573932,34.500564852079364,38.260124979113165,98.9962931582292,73.08095205233838,89.85818682482525,60.68833240229753,14003.616875130268,1593.3424001963351,0.42777711595830253,0.4002186252379557,A,grading/data_processed/banana/A/Banana_Good_IMG20200730132211__01.jpg
31841.0,1327.4844020605087,1.052863436123348,0.22705847106070123,0.7857416067220255,63.39330660086367,45.02778768738545,90.76310919185688,56.14561592408967,64.90681677976558,38.5421844785248,445.81978081436154,155.57020693740054,0.5861474092120628,0.4002016439807489,A,grading/data_processed/banana/A/Banana_Good_IMG__8672.JPG
30948.0,1423.0924872159958,1.0126050420168067,0.1920331475479365,0.7140994727551715,66.33866067472624,43.54573307216689,96.71143743274891,53.21904681299326,65.0367428318248,38.32972566475203,500.1119910717622,110.24511554621849,0.6163426767616703,0.44721458427889726,A,grading/data_processed/banana/A/Banana_Good_IMG__8666.JPG
30862.5,1709.609293103218,0.8359375,0.1326927599019557,0.6675715429041119,31.169154386186833,47.14773448458398,115.6396496110303,72.24564838756181,62.880431345265954,36.66181098928583,183.26575605312658,242.97548048708924,0.5842977769677932,0.4172219309136157,A,grading/data_processed/banana/A/Banana_Good_IMG__8896.JPG
41638.0,1442.773726940155,0.953125,0.2513641133132735,0.8173528978750552,57.12484332505617,47.81110350982287,94.65895707697766,53.24389853077801,90.10232943124039,59.81820122733379,937.5778247120238,213.35415059156378,0.45258731892985143,0.32022527306643644,A,grading/data_processed/banana/A/Banana_Good_IMG__9236.JPG
35584.0,2245.439807653427,0.9296875,0.08868737369450298,0.6332743079346153,72.03953412073491,49.1878687863305,101.42123250218722,57.468251503346245,75.11195866141732,46.46261294898586,1374.5881170853745,287.1604694092826,0.5092890818533844,0.3940050118153791,A,grading/data_processed/banana/A/Banana_Good_IMG__9222.JPG
32644.0,2132.101714015007,1.0,0.09023964842302351,0.6359014317716957,91.4990623046468,63.663814241097604,97.09040573929093,57.409555533764404,66.71610156877921,38.90746271116044,460.5131274589803,172.51505821078433,0.6198509982464775,0.48505602116278623,A,grading/data_processed/banana/A/Banana_Good_IMG__8882.JPG
38109.0,1696.9991217851639,1.0,0.1662930817307031,0.7710860438059588,23.38737973967176,25.332280372793583,107.07524309306991,65.93713124163818,85.1795544579925,60.54229742063564,1251.0184764729347,219.7555912990196,0.5367048879293693,0.4051843005538215,A,grading/data_processed/banana/A/Banana_Good_IMG__8869.JPG
29382.5,935.7371490001678,0.578125,0.42168763448791985,0.9140044172084487,23.57840504799624,15.601623785946236,136.4554943948446,70.44973325194698,71.95462173591999,57.56504434715781,676.7812161323708,280.6740805697279,0.3365173485089524,0.20335523428496916,A,grading/data_processed/banana/A/Banana_Good_IMG__8855.JPG
31192.0,1820.9301418066025,0.9308943089430894,0.11821334774951273,0.7065085674809454,73.8662185399406,47.48855848943678,90.81012974831953,71.03607133206454,64.77445677661404,37.59901853111702,619.989472275683,295.09793538724864,0.540956910220264,0.423052961331426,A,grading/data_processed/banana/A/Banana_Good_IMG__8699.JPG
41374.0,1206.8670914173126,1.0711297071129706,0.35695912117731565,0.9095085787142371,23.80954084675015,12.403167871704445,133.08391174716755,72.23320689859423,94.80529516994633,66.31804643258769,1148.1185628858568,189.42636803675444,0.4435447428280712,0.3133460693646867,A,grading/data_processed/banana/A/Banana_Good_IMG__8841.JPG
39152.5,1036.8010765314102,1.248780487804878,0.4576974399972753,0.9232773664104136,26.457511227733765,18.610947995685507,92.03247211989706,70.4878893462665,84.00883080183681,55.33547330943188,750.827341597249,145.87074127211864,0.42143017209234557,0.24462105705225606,A,grading/data_processed/banana/A/Banana_Good_IMG__8706.JPG
16194.5,829.4284936189651,0.5580357142857143,0.29581453290473797,0.7789936985906007,80.28945621341059,79.03100911944766,97.71573420242622,55.4220514295908,51.73311606011226,35.17113677841628,213.5758413252551,166.09414602534562,0.5846579036704861,0.40625915441752164,A,grading/data_processed/banana/A/Banana_Good_IMG__9418.JPG
27993.5,2002.9372826814651,1.3061224489795917,0.0876864249992182,0.686047936476816,63.43133381848425,44.14459735404598,94.3816751568077,48.742312388103784,57.90626191218768,34.406472729941314,943.5379662595159,226.49191676670668,0.5384314363433594,0.4167018883909176,A,grading/data_processed/banana/A/Banana_Good_IMG__8712.JPG
22998.5,1508.673222541809,0.768,0.12697523092621765,0.6798456945224511,76.84541960552434,76.19032864910831,75.63040081091354,62.278496839108186,63.74114119187397,37.80561068966362,535.2305833502604,236.12293193717278,0.6091477641264265,0.5023450955216491,A,grading/data_processed/banana/A/Banana_Good_IMG__9424.JPG
22559.5,941.4873688220978,0.927536231884058,0.3198234754008206,0.7680091237148499,34.50023918243096,52.85886172465385,67.27179821700369,64.2371886544299,62.4870189171559,36.40982503088979,1281.8208642795523,158.7120671775805,0.5373589772416048,0.421022467357813,A,grading/data_processed/banana/A/Banana_Good_IMG__9342.JPG
20091.5,990.54119181633,1.1098265895953756,0.2573221342494785,0.7374380620297303,29.722763119462563,49.08336101268586,67.43671502287995,59.39919033258589,55.50564696718917,32.41594422537985,1297.9030861310644,172.09690403413734,0.5221795956132348,0.38157169907834376,A,grading/data_processed/banana/A/Banana_Good_IMG__9356.JPG
23780.5,2830.147518992424,1.2135416666666667,0.0373089218517958,0.5911944213103955,33.96976604679064,30.51535430493387,99.66910617876425,72.34336800842198,94.69350129974005,65.24011147545166,13791.320365360883,1749.4551454741377,0.4433764831387076,0.42132368550527677,A,grading/data_processed/banana/A/Banana_Good__IMG20200730132208.jpg
21216.5,1088.624451160431,1.032258064516129,0.22497146502933163,0.7460484906025283,63.85512920908379,71.30873065442907,85.83988207655811,72.75271949447085,58.6191441337694,35.372920395938934,997.2363103910021,173.37364183977928,0.5236373448840246,0.39001938329937497,A,grading/data_processed/banana/A/Banana_Good_IMG__9430.JPG
38740.5,2034.4864909648895,1.0,0.11761574522877649,0.7282596435822243,54.484736868661386,44.58808119165326,104.4387708764317,54.81530550647814,88.02926484686412,62.16959206741512,842.4211196219549,218.0698682598039,0.520110347194984,0.3902714751842145,A,grading/data_processed/banana/A/Banana_Good_IMG__8909.JPG
37115.0,1480.2295705080032,0.953125,0.21286348944596026,0.7707003062866635,57.848082166397546,50.84574108249274,111.41043492071896,71.76089276280686,81.77451888715356,56.36568255591774,541.4637886112463,226.85505079732505,0.5328163462280585,0.3907921058005623,A,grading/data_processed/banana/A/Banana_Good_IMG__8921.JPG
22862.5,1045.0853470563889,0.8687782805429864,0.2630450085939665,0.7102912621359223,100.61013536668952,69.64285569458494,64.86566141192597,66.90329401655303,63.44315455791638,38.61267846044588,612.5966682166356,154.82279500604108,0.5545154039496826,0.4486919377939187,A,grading/data_processed/banana/A/Banana_Good_IMG__9381.JPG
22984.0,1133.6955201625824,0.8495575221238938,0.22472046041167307,0.7366902785345684,73.33436888245808,76.77084425210047,64.65992850455358,56.539964033641475,65.57779385479616,39.169745614726864,529.9616057107089,189.50975304637907,0.5827572928988556,0.45539608782948476,A,grading/data_processed/banana/A/Banana_Good_IMG__9395.JPG
35694.0,1203.068101644516,1.0,0.3099022000304432,0.8378283219491585,75.42189482977432,78.9179167690171,89.5673729514981,59.012181261604596,73.966561827512,45.59542059354372,848.0429407244083,104.1527879901961,0.5895286697185363,0.4484969092519168,A,grading/data_processed/banana/A/Banana_Good_IMG__8935.JPG
27015.5,2054.3098657131195,1.2307692307692308,0.08044350226307716,0.6095486287383942,88.47835746022646,46.42257881357312,69.64049734843056,61.15274631170615,58.37956858248531,36.24505631702884,2046.4821983790962,276.3816930618401,0.5621463472293692,0.47027248122563053,A,grading/data_processed/banana/A/Banana_Good_IMG__8504.JPG
27059.0,2132.008349776268,1.2018779342723005,0.07480726969632356,0.5917381035689293,60.88590723933395,63.90334823349286,45.64907453726863,68.48382683017691,60.2114271421425,38.229622509496814,2786.5248097110716,389.47730829420976,0.5574382406959465,0.4820440914861563,A,grading/data_processed/banana/A/Banana_Good_IMG__8510.JPG
35291.0,2032.70474588871,0.99609375,0.10733101252369234,0.6005649813658255,60.30470454984944,47.19543021393822,94.87811818006023,52.52595812713538,75.2000055250145,47.56563085810199,1127.877288533247,203.30424151082678,0.584873978010087,0.44150629645773676,A,grading/data_processed/banana/A/Banana_Good_IMG__9168.JPG
20325.0,2937.017575621605,1.103448275862069,0.02960924458376116,0.6299981402268923,27.94870132876522,11.870317918142323,138.96296124820594,69.14157675011953,95.06727163294597,59.27076846444873,16550.26755024833,2022.43350183547,0.3589398271131584,0.33140805359882664,A,grading/data_processed/banana/A/Banana_Good__IMG20200730132036.jpg
51122.5,1391.0508576631546,1.0,0.3319983542907464,0.8786727739917327,52.5323029366306,44.38853544128429,89.96176584234931,48.72997574215314,109.52281684698609,69.99966839363118,562.4496904627886,181.6765471813726,0.4153424071376499,0.2084573778499701,A,grading/data_processed/banana/A/Banana_Good_IMG__9140.JPG
26210.5,1957.231657385826,0.953125,0.08598064652646326,0.48467505570605696,30.57962771458118,36.049963134852824,43.87313487959817,64.59332684829677,57.638831437435364,36.626737739536615,4227.9839950903415,307.03644225823035,0.6242517244216889,0.5621106863777959,A,grading/data_processed/banana/A/Banana_Good_IMG__8538.JPG
43094.5,1467.0996288061142,1.0,0.25160107700079465,0.8189134235329888,55.41617519316052,46.825448417935505,100.08453344305765,59.48891529294175,94.96575686919947,64.18780783250524,844.5566848719027,181.9638174019608,0.5025602151702698,0.32847356215487605,A,grading/data_processed/banana/A/Banana_Good_IMG__9154.JPG
27803.5,1841.2072721719742,1.3333333333333333,0.10306328259906862,0.6416241663397411,86.4124654997729,22.672935258425493,200.63089124130943,41.00769408173224,78.34336023477623,47.06152399082123,630.8623325013451,208.40498366013068,0.6651037798416679,0.41040541780870543,A,grading/data_processed/banana/A/Banana_Good__IMG20200729190245.jpg
36876.0,2230.719027042389,0.9765625,0.09312449423022195,0.6652895171256664,65.35146133925268,48.9774109791585,91.97159241054912,53.30238199531003,80.71745679403837,52.07069168660384,1542.1188493845216,353.9911991716867,0.5047100248748213,0.40127245624884994,A,grading/data_processed/banana/A/Banana_Good_IMG__9183.JPG
40363.0,2296.150484442711,1.0,0.09620388428935019,0.7461985709399813,66.39062122310854,47.77419936781994,100.59369108049312,60.48718999568726,85.8140681653372,53.61986899269248,1391.55101531744,373.3179993872549,0.4572564453222407,0.3603518156329241,A,grading/data_processed/banana/A/Banana_Good_IMG__9197.JPG
33857.5,1410.7564804553986,1.0131004366812226,0.21377683516215526,0.751437068601993,37.791908352668216,42.638648532503495,77.30107308584687,65.343481533316,74.13169953596288,49.4412799878117,1583.330218727661,326.7777651751451,0.44798305449310033,0.34648899410973627,C,grading/data_processed/banana/C/Banana_Bad_IMG_20190910__175831.jpg
32319.0,1496.6559767723083,1.0940170940170941,0.18131085667861602,0.7805673296380828,42.98696298092957,52.82312027910977,58.883727981081165,56.01307044053883,68.72243276839583,46.68370331790225,1717.8976062083836,250.28500083794205,0.5624527772942933,0.4481158009336836,C,grading/data_processed/banana/C/Banana_Bad_IMG_20190910_175317__1.jpg
27521.5,2177.814478158951,1.087557603686636,0.07291891587756733,0.7300519921481246,25.170732564679415,27.62770847006744,104.38020247469066,71.86751861831898,61.237837457817776,42.74202936163768,2852.8671362324258,531.3720953034612,0.4907180048793414,0.4305710680450315,C,grading/data_processed/banana/C/Banana_Bad_IMG_20190910_175546__1.jpg
33464.5,1566.1778353452682,1.0294117647058822,0.17143996031636427,0.7302115495815923,30.136129334582943,37.01198673858646,86.71438612933459,62.91667913797856,75.01036785379569,52.24482726022179,1385.8705183058596,393.81407563025215,0.4889864192801184,0.4095717066312874,C,grading/data_processed/banana/C/Banana_Bad_IMG_20190910__175825.jpg
31947.0,1491.1656415462494,0.9748953974895398,0.18054612384919827,0.7898289161392406,34.108268139285165,37.91727818985893,81.25540727105384,68.01370848315035,69.92047860101242,49.74652914067596,1473.5933270679318,324.16418987159136,0.5170020530412323,0.41073646865245267,C,grading/data_processed/banana/C/Banana_Bad_IMG_20190910__175819.jpg
29456.0,1386.34732067585,1.0735930735930737,0.19259257524171203,0.7998045018870998,27.25095575280077,41.63926449832482,70.17552607958513,60.51455151057933,60.50955752800771,37.57025952609354,1519.545845302382,153.55654871444347,0.6159093077170545,0.4732142946282609,C,grading/data_processed/banana/C/Banana_Bad_IMG_20190923__184125.jpg
23629.0,1719.4499135017395,1.361963190184049,0.10043293329170644,0.7773592354382906,28.32041661540985,38.71399984192177,62.290113585106816,65.05955977073413,49.80514208389716,31.33004271401747,1235.7987632779073,244.98603669877582,0.4873171787382638,0.3202858252449411,C,grading/data_processed/banana/C/Banana_Bad_IMG_20190910__175158.jpg
24745.0,784.6761862039566,1.136094674556213,0.5050290696485035,0.8960385283893395,35.981840627613394,37.48725971005145,56.722472223328424,54.07404650323165,65.58516188124726,37.73294506946197,707.4523997613296,137.02255336286748,0.5269929402167821,0.22658148413339263,C,grading/data_processed/banana/C/Banana_Bad__IMG20200729190502.jpg
29438.0,1711.4844026565552,1.2132701421800949,0.12629096267536538,0.816690016784342,23.432189082723692,23.40198275417657,57.7281935846933,63.73600111120957,61.29683206991294,37.20544319546272,1532.7629590354834,227.77115509710987,0.5508825703007865,0.43739018579020644,C,grading/data_processed/banana/C/Banana_Bad_IMG_20190923__184119.jpg
11437.5,552.2325364351273,0.6145251396648045,0.4712995113315344,0.8524315259921744,23.14788189987163,48.19981451170278,119.80898587933248,55.09580845437525,32.77227214377407,24.850063028798704,1241.7051756388573,169.85813131054277,0.5760851039775773,0.4012605964588163,C,grading/data_processed/banana/C/Banana_Bad_IMG__7713.JPG
26870.0,1391.2590070962906,1.3513513513513513,0.17444621562460588,0.778186451967911,21.803710440160057,25.837992350944127,52.03724990905784,79.07390988834149,56.87111676973445,36.292375223108465,2427.065308108108,340.8176706827309,0.4829933684124007,0.40225022221409845,C,grading/data_processed/banana/C/Banana_Bad_IMG_20190910_175209__1.jpg
21948.0,647.9310195446014,1.1333333333333333,0.6569726213529393,0.9240874068460275,19.343180898421693,30.45790269626553,89.45375241692523,57.14719177827145,58.54723683618868,34.020027883766254,878.0111308242292,114.11384815900942,0.5324486202159875,0.2771538386946824,C,grading/data_processed/banana/C/Banana_Bad_IMG__7707.JPG
28010.0,1663.5920485258102,1.1641025641025642,0.12718306914605118,0.7386895578675317,69.87264249425847,72.92280151342744,74.87024149210104,60.16675366504819,61.11427378384021,41.13370542429148,1557.666720520666,283.0216473791695,0.47241423125032467,0.3473302338138665,C,grading/data_processed/banana/C/Banana_Bad_IMG_20190910__175428.jpg
21998.5,942.4823149442673,0.8670212765957447,0.31121212817411503,0.8677738111674326,21.970561998215878,31.942398097279742,99.69812667261374,63.663221331330945,60.653835860838534,38.436991793013235,1886.266193407495,329.2651037562385,0.43380482741602355,0.2601425143118946,C,grading/data_processed/banana/C/Banana_Bad_IMG__7920.JPG
29309.0,1537.9696836471558,0.9956709956709957,0.1557095735911695,0.7218876614820015,42.81184982662043,55.33693060867122,64.9778607628701,61.886510867710705,64.55724859962656,41.322987314729566,2116.3545732022026,280.6643414809354,0.5467953128782986,0.43443321466290025,C,grading/data_processed/banana/C/Banana_Bad_IMG_20190910_175425__1.jpg
28067.5,1773.148397564888,1.0221238938053097,0.11218206434643582,0.7133598505547013,39.31374792013311,50.99318671236736,66.92075707154743,64.78020960438242,60.79180532445923,39.28626591976743,2730.847721215526,300.49769141977686,0.5524438707551619,0.44436080247410475,C,grading/data_processed/banana/C/Banana_Bad_IMG_20190910__175414.jpg
21071.0,928.4406856298447,0.8472906403940886,0.30717557781704413,0.7598766656448909,44.22406812787938,54.63104585236276,87.4026711340686,70.07616588679181,60.124575364139794,42.019151343292464,2600.459395624306,215.2131766197102,0.5730979625212971,0.3838694409488278,C,grading/data_processed/banana/C/Banana_Bad_IMG__7908.JPG
26046.5,1236.50670170784,1.1774193548387097,0.21407516537134003,0.6971854548374576,47.45592602338082,52.47127870581581,73.8830583016953,65.97935122707506,56.391271661090855,40.002498819291716,1216.039116457132,283.80714215251055,0.49191886633110654,0.3433963174585492,C,grading/data_processed/banana/C/Banana_Bad_IMG_20190910_175205__1.jpg
22425.5,797.2863581180573,1.0491803278688525,0.4433261328161821,0.8461973850536763,20.216360923374,25.52569843588127,102.92670938295444,63.5227012449227,62.70196611954709,42.275514521499396,1716.9751097522683,282.9111378136355,0.5076642110770604,0.3479376733205298,C,grading/data_processed/banana/C/Banana_Bad_IMG__7883.JPG
23634.5,1558.7463763952255,0.8544600938967136,0.12223775616599913,0.7019662003623511,20.449839519381122,26.398496179558006,105.97037280882232,58.648255890831884,66.25306559130935,41.18185992210156,1445.7049855210673,334.04368012865416,0.5139792736027748,0.36038327761953515,C,grading/data_processed/banana/C/Banana_Bad_IMG__7897.JPG
21836.5,1758.0945737361908,0.75,0.08877862757270677,0.6124558254333314,22.91365666032981,20.54524721106471,58.08010964233609,72.85977332432898,63.28038374817631,36.921970100927034,1614.940074402425,307.88671875,0.6231044842269792,0.5319909894675748,C,grading/data_processed/banana/C/Banana_Bad_IMG__7840.JPG
21830.0,714.1320301294327,0.6237623762376238,0.5379062307638847,0.9591599112458534,16.886085661416256,24.177323367410036,95.58897865234464,62.908603804059396,58.74807058717335,35.678229147672695,1327.0321551120785,165.80827722772278,0.4595270364231638,0.13014997570066933,C,grading/data_processed/banana/C/Banana_Bad_IMG__7698.JPG
17463.0,970.641695857048,1.28,0.23292217201969168,0.7446431997953222,30.923708461323653,54.06678660078167,76.05512426696454,70.3630099886556,51.37525830773527,33.337559701802505,920.8019009982639,149.27923211169286,0.5901090466700887,0.37491678794367495,C,grading/data_processed/banana/C/Banana_Bad_IMG__7854.JPG
28047.5,2196.843915939331,1.102803738317757,0.0730307258761112,0.7386071865906487,31.227040640309113,33.51587026828653,98.046746705306,69.99101322738187,61.45073483750776,41.639053908184756,2733.875468481806,540.0994631139391,0.47511028026222396,0.4114214120947481,C,grading/data_processed/banana/C/Banana_Bad_IMG_20190910__175548.jpg
26815.0,1208.950352549553,1.1818181818181819,0.23055297617761814,0.7216286767674049,32.18929093567252,41.677369968371664,66.23545321637427,63.371371659397724,58.01995614035088,41.04910281015357,1298.4461512972066,307.164316966456,0.4758111125509394,0.3365564234702386,C,grading/data_processed/banana/C/Banana_Bad_IMG_20190910__175206.jpg
14705.0,926.8427076339722,1.8640776699029127,0.21511109862546318,0.786973856733831,93.63815441565309,49.759124481325955,81.20723162347964,69.85156380270485,47.65078001057641,34.60075615073759,960.0052397429691,161.11645402328062,0.5271474241302158,0.23572351470868594,C,grading/data_processed/banana/C/Banana_Bad_IMG__7868.JPG
17418.0,1454.5971018075943,0.9896907216494846,0.10344814665200014,0.5523824625386506,23.023814798404963,45.16320265111874,107.7595813026141,62.73132703862443,52.28461453256535,37.2666186028597,2387.0609781119733,242.01438441193943,0.659033817397095,0.5076251199841616,C,grading/data_processed/banana/C/Banana_Bad_IMG__8018.JPG
20563.5,992.7665861845016,1.0607734806629834,0.26218787059320625,0.7351327196353562,25.036846615252784,42.86211253852828,80.15367037989147,64.76982879606373,59.29672474531086,43.43376268702862,1136.135089963422,215.35576060860257,0.5500835317437585,0.3901139530659567,C,grading/data_processed/banana/C/Banana_Bad_IMG__8030.JPG
17648.5,1158.3300775289536,1.177914110429448,0.16529244214729355,0.6262552783790497,17.319596716434358,33.09029141287045,94.82023029034212,59.621413360028114,53.83604209134483,43.58288300589915,1909.8964547131407,227.90383194680885,0.5592022018435512,0.41199761400414614,C,grading/data_processed/banana/C/Banana_Bad_IMG__8024.JPG
26009.0,1240.1463091373444,1.0208333333333333,0.21251406005637974,0.7872092495346479,80.10290684539498,36.11850832200701,190.48369606145042,75.21738319403488,71.63946833345885,42.958115505995025,502.58102335787106,177.75408653846154,0.5869859782143353,0.2868906520990622,C,grading/data_processed/banana/C/Banana_Bad__IMG20200729190310.jpg
27659.5,1552.3199702501297,0.921875,0.144241988172082,0.6236780987169948,32.51983762795623,35.47608002356933,84.74842922696787,62.13140773284883,58.77871514295799,39.351952049196335,1082.248779178248,221.09692486702124,0.6223508138391762,0.5255538335181201,C,grading/data_processed/banana/C/Banana_Bad_IMG_20190923__184045.jpg
21931.0,3276.605448961258,0.75,0.025669653157551077,0.4968734423852463,44.628748928877464,40.138053383971176,87.8044558697515,73.05923737102265,86.92472150814054,58.58950656918847,9499.813719007703,1219.0262393651828,0.529689468342535,0.5055684857095516,C,grading/data_processed/banana/C/Banana_Bad__IMG20200730132836.jpg
19269.5,3986.9700142145157,0.7421875,0.015233313191765598,0.5049593165707996,45.10918800362371,42.44814190097173,86.89853621322654,72.32667593319435,88.77761884327468,59.39260689185832,12508.924904013764,1331.7911292989418,0.5626151115039998,0.5427233108309614,C,grading/data_processed/banana/C/Banana_Bad__IMG20200730132837.jpg
27805.0,1307.3523732423782,1.4222222222222223,0.20443132535570221,0.7390622508106959,89.53927125506073,22.970861165759217,236.42172152790002,46.09773534499673,77.58341841225136,45.530168225322555,346.7399988226243,138.53191721132896,0.7504117001760986,0.3802708809138239,C,grading/data_processed/banana/C/Banana_Bad__IMG20200729190311.jpg
27966.0,1590.2194658517838,0.92578125,0.1389716092819436,0.6249874291844055,32.41390381796608,35.53527661381523,83.5781740769177,60.99092966526519,59.22942695609688,39.24962472004193,806.6602571200792,218.11270193326274,0.6230245126793237,0.5223720463559669,C,grading/data_processed/banana/C/Banana_Bad_IMG_20190923__184044.jpg
17532.5,1142.1879400014877,1.1925465838509317,0.1688801363895931,0.6273145249297816,18.73764490543014,35.223394311411276,97.70591824283099,61.29664559177201,53.54312496533363,43.35277083347101,1945.4165719234982,217.4994309128159,0.5551497850623259,0.409408573736302,C,grading/data_processed/banana/C/Banana_Bad_IMG__8025.JPG
19740.5,922.6833264827728,1.0491803278688525,0.29138196464847893,0.7540297937356761,37.70424212354254,44.40412280318087,69.45169933019102,65.51024914247279,56.50538327958323,41.16441741988981,882.417880794055,193.77681457957829,0.5805772335881262,0.4214618001198278,C,grading/data_processed/banana/C/Banana_Bad_IMG__8031.JPG
17091.5,1489.325023174286,0.9948186528497409,0.0968302538663485,0.5445407334246662,23.3185686108763,44.48436371891932,108.83471400394477,62.97940385117285,51.386531417300645,36.861280537639296,2349.5853874635327,242.7377587282641,0.6630903824090049,0.5134459600089506,C,grading/data_processed/banana/C/Banana_Bad_IMG__8019.JPG
14167.5,927.1442227363586,1.9393939393939394,0.2071135403299397,0.8432533777751324,17.306543336759162,30.227902781224664,81.1304556354916,83.4312946431411,44.48400137033231,30.34673780937818,1218.9100217123491,180.9621344333386,0.52695306814656,0.23465467194880277,C,grading/data_processed/banana/C/Banana_Bad_IMG__7869.JPG
25714.5,1300.1046788692474,1.12,0.19117509105797018,0.7225203708906996,32.489789709852836,54.08428601599766,76.92961174278435,58.35089254901638,53.18089515914363,32.528323286978384,1212.7009149374203,179.16062780269056,0.5666420665433998,0.41095973640345945,C,grading/data_processed/banana/C/Banana_Bad_IMG_20190910__175213.jpg
27343.5,1406.3889511823654,1.3617021276595744,0.17372130226624946,0.770271983323239,25.040071492403932,30.49610302231894,49.12260947274352,77.84024598196913,56.77419124218052,34.867336251911794,1694.6444943083957,276.49057154776807,0.5032247448361943,0.4153977782768329,C,grading/data_processed/banana/C/Banana_Bad_IMG_20190910__175207.jpg
27681.0,2218.7434096336365,1.102803738317757,0.07066062565752847,0.7321466356326704,32.98302420622446,35.18589513002744,96.77882566628244,69.00688598583793,60.31073387124943,40.514021366169366,2536.053741096652,511.0704513819845,0.4806855165456944,0.41841554771986056,C,grading/data_processed/banana/C/Banana_Bad_IMG_20190910__175549.jpg
18161.5,1061.1686073541641,1.1497005988023952,0.20267155125425823,0.699043513404284,21.25702638918687,18.41024885496961,64.04993563612959,68.5240803479368,51.66064149324179,32.339846745964074,1420.5934731154816,164.99372981785123,0.6109419418509157,0.41376371869946493,C,grading/data_processed/banana/C/Banana_Bad_IMG__7855.JPG
21823.0,682.3330411911011,0.635,0.5890219954943654,0.9602657748833935,17.97479333242987,27.114812911385727,96.46130912047703,62.47401126064437,58.66585354835795,35.6960899526087,1416.3407467279433,159.5365873015873,0.4637087878798017,0.13108479056208025,C,grading/data_processed/banana/C/Banana_Bad_IMG__7699.JPG
23938.5,1888.3788458108902,0.75,0.08435844087131714,0.6667548672812856,90.34492777015576,36.75783548786691,87.19263981922363,46.81391616012725,66.44362843999677,38.564273123264506,1263.133756597423,277.0001022578533,0.594273499692106,0.4886881237018105,C,grading/data_processed/banana/C/Banana_Bad_IMG__7841.JPG
28386.0,1420.4793519973755,0.75,0.17678451117521507,0.7593595762609847,23.133944890850778,24.982534684884765,93.42994102838225,67.99712462280164,60.89767907024865,39.48671929369958,2032.848518885416,467.7815560621412,0.4478925178608162,0.38088454257560467,C,grading/data_processed/banana/C/Banana_Bad_IMG_20190910_175501__1.jpg
18653.5,1002.9331072568893,1.1383647798742138,0.23303774003090336,0.8181718496425282,21.821291978833763,26.422627782197175,108.49871640383508,61.64381694523433,66.30717242101954,41.33398924047814,1110.5432095156668,291.9458770090846,0.4911050113738448,0.32665717263537714,C,grading/data_processed/banana/C/Banana_Bad_IMG__7896.JPG
22801.5,800.801078081131,1.037837837837838,0.4468111310427746,0.8459883127724701,20.176732139002805,25.213403411172127,104.83574357867472,64.55195362150636,63.67273904597453,42.669586758412535,1766.529787240788,282.0671289090137,0.4978364012612111,0.3442795680262728,C,grading/data_processed/banana/C/Banana_Bad_IMG__7882.JPG
21663.5,939.5117529630661,0.9885714285714285,0.3084139778624168,0.8579094311229036,24.101331160010865,37.25205162181744,105.27198225119986,60.19570440704216,59.89445802770986,38.65014013562026,1852.771387002573,316.0210299003322,0.41812256962776734,0.2618820544849401,C,grading/data_processed/banana/C/Banana_Bad_IMG__7909.JPG
32702.0,1374.8326013088226,0.9918367346938776,0.21741251216175567,0.7222173144876325,111.63364345738296,56.53732178015037,68.60243097238896,40.11164581196629,66.94873949579832,40.387406087045925,4610.328150076674,148.08746837578005,0.5734831124675295,0.4404764263008162,C,grading/data_processed/banana/C/Banana_Bad_IMG_20190910__175415.jpg
23743.0,1015.9797884225845,0.9312169312169312,0.2890515615357939,0.8567304743175709,20.206249483342976,30.16543129526471,105.54897908572373,61.5969267600688,65.03281805406299,40.65011488578594,1625.740695638812,353.11803476946335,0.42899759497736345,0.2637756251882422,C,grading/data_processed/banana/C/Banana_Bad_IMG__7921.JPG
32572.5,1533.938159942627,1.0,0.17395833955268195,0.630919867511186,49.97797872979631,43.57360142522615,74.01772516974103,72.04790284733332,67.79471850027038,42.86396064877137,1290.6053610143717,282.0675398284314,0.5793942497378496,0.49018766400464264,C,grading/data_processed/banana/C/Banana_Bad_IMG_20190910_175745__2.jpg
32313.0,1599.2245182991028,1.0158730158730158,0.15876993451343469,0.7243199623415487,33.50436099333737,25.079507956144084,45.51390066626287,66.36871353483066,70.43470623864324,48.596629630740054,2436.2378091607898,529.3587301587302,0.5672727512715433,0.483743322384357,C,grading/data_processed/banana/C/Banana_Bad_IMG_20190910_175221__1.jpg
32699.5,1628.8397424221039,1.158371040723982,0.1548796154211163,0.7072991358705645,44.829763044518906,55.291345426931976,69.38343705122068,66.56234050310476,70.32566419339396,46.285279890605615,2121.52675034147,436.7531541123236,0.4976839655561324,0.40789924129225763,C,grading/data_processed/banana/C/Banana_Bad_IMG_20190910__175429.jpg
23313.5,705.1442234516144,1.1294117647058823,0.5891982347285016,0.9375842030122057,18.6480744815912,29.867554573906343,96.15780787134997,56.07201121394288,62.17054591620821,35.97368007390965,730.9639781339735,120.94662765629813,0.5153275230520987,0.2736318394931788,C,grading/data_processed/banana/C/Banana_Bad_IMG__7706.JPG
12301.0,551.3624781370163,0.6174863387978142,0.5084823317082127,0.8320200209679056,22.206261950286805,46.534190939257336,114.80855640535373,51.65106285971373,35.029477374123644,27.09426203981455,1290.8070638460467,132.9671643247463,0.5721844378509304,0.3854686563729573,C,grading/data_processed/banana/C/Banana_Bad_IMG__7712.JPG
33660.0,1576.278340101242,1.0376569037656904,0.1702386473492553,0.8370427473702534,33.12010132184243,34.833353753091025,81.12883596343097,66.68514224345961,75.07584580446049,53.78800968685737,2295.367086182813,428.5851472904986,0.507271752052522,0.4153977477000004,C,grading/data_processed/banana/C/Banana_Bad_IMG_20190910__175603.jpg
31705.0,1403.5188937187195,1.1428571428571428,0.20225585138077937,0.8609523292283879,26.690435696836637,26.63677406357288,55.52020779863323,54.686097005850726,66.1715266396611,41.09608649234413,1308.7061842020069,195.95054271708682,0.5690347899934316,0.4341006128813901,C,grading/data_processed/banana/C/Banana_Bad_IMG_20190923__184118.jpg
23183.0,999.8965289592743,1.4166666666666667,0.2913864669550089,0.7325265419615774,34.09964879617484,50.92862046342842,74.36715609529048,55.32299620991004,47.17623661828799,28.291885671358926,632.9829035899824,101.26516978099258,0.5624695141298862,0.40888944595300597,C,grading/data_processed/banana/C/Banana_Bad_IMG_20190910__175159.jpg
30674.5,1485.4671592712402,0.9744680851063829,0.17468726554572286,0.7649692012269632,32.44327033584472,33.295103525363025,79.33533392925553,69.43345667084247,67.25590601455752,48.25759407143479,1500.6932708540703,323.43603956700264,0.5212406088245422,0.41332050536817455,C,grading/data_processed/banana/C/Banana_Bad_IMG_20190910__175818.jpg
27885.0,1802.3615996837616,0.9956140350877193,0.10786900207875344,0.711542632592914,37.1182132022178,48.28910956122384,66.51145517313526,65.89098080277408,60.24249398472644,38.75258977555163,2665.024503118087,306.17501164415467,0.546925716613613,0.44169543956345386,C,grading/data_processed/banana/C/Banana_Bad_IMG_20190910_175413__1.jpg
34081.5,2005.2215514183044,1.0847457627118644,0.10651329934346102,0.8073793307669529,26.87593726747181,30.476646372756836,90.66298437410566,67.23966203891389,74.5002289508328,50.30478382026591,3356.508622544005,536.7047856430709,0.491326806326391,0.4138650040814236,C,grading/data_processed/banana/C/Banana_Bad_IMG_20190910_175513__1.jpg
32354.0,2161.0377873182297,1.0133333333333334,0.08705888955173707,0.732256020278834,38.040933389392755,43.28940155347567,82.06775181692595,65.74900883397115,70.65745690431858,47.308959981802246,1598.1396554377604,435.39919725893304,0.44481488860583557,0.34093172549237916,C,grading/data_processed/banana/C/Banana_Bad_IMG_20190910__175830.jpg
31403.5,1714.4864910840988,0.9912663755458515,0.13425169664925332,0.7511091976703859,32.35086027192682,35.21642489246878,87.1895087271709,64.5466947773066,69.03724215176877,47.57125118104619,1844.1116701955004,417.4518877767902,0.4651204923497737,0.3756797731113974,C,grading/data_processed/banana/C/Banana_Bad_IMG_20190910__175826.jpg
22534.5,950.0559099912643,1.0607734806629834,0.3137324655376151,0.7933007111173696,39.488069319864145,37.04375343676712,55.87973526082034,70.37975139528247,60.67451885395803,35.795647776512645,605.6115118326458,166.85213039831075,0.6132364085635245,0.3388771370938583,C,grading/data_processed/banana/C/Banana_Bad__IMG20200729190515.jpg
23794.0,1650.9646311998367,0.6735537190082644,0.10969877615319892,0.8172419714923579,40.64313389616216,45.921889246524486,90.24850116236388,75.75069197583935,53.91651372405074,37.29070287902667,2510.051376092677,484.742985409652,0.4533653978287753,0.365687745053047,C,grading/data_processed/banana/C/Banana_Bad_IMG_20190910__175629.jpg
29203.0,1252.9503523111343,1.0347826086956522,0.23375968174614137,0.8298664393293549,20.968357406785355,34.07590777244644,71.67877057440376,59.72588686159481,59.36388982196843,35.674487082571886,1318.940955368915,133.2767749036874,0.6084781415480791,0.45569769529700366,C,grading/data_processed/banana/C/Banana_Bad_IMG_20190923__184126.jpg
29833.5,2199.672342777252,1.0950226244343892,0.07748151112868393,0.7362115341904597,33.486562896045236,36.06546404982517,95.62564585838234,68.6335158524662,64.60468592597407,42.86611086820741,2198.0095090492964,531.7430765475676,0.4753247684523322,0.4113596349550889,C,grading/data_processed/banana/C/Banana_Bad_IMG_20190910__175601.jpg
25284.5,985.771639585495,0.515625,0.32697277640645567,0.8029501897457882,19.720996192400342,30.05911979400498,74.96114694226435,58.14066076624951,71.2186650089362,44.58185875939411,1445.0477242088846,237.17682490458014,0.46198815942468496,0.23592373334018654,C,grading/data_processed/banana/C/Banana_Bad_IMG__7738.JPG
17763.0,609.4457391500473,1.4427480916030535,0.6009745620524718,0.9137815731261896,30.814094034153914,34.01459158249934,70.55078731426036,70.66652013521394,47.15530051009093,27.19477685889172,774.5250773455953,104.60735747929186,0.5550172131504376,0.2686492708400071,C,grading/data_processed/banana/C/Banana_Bad_IMG__7704.JPG
26847.5,1335.3595123291016,1.3405405405405406,0.18919833327944233,0.7799744342116731,19.614664188622864,25.726550082465135,51.33446302977297,79.24448335229324,56.86523814729784,36.416765528856125,2427.463797750224,337.2610570084255,0.47999186094328494,0.39842190023846763,C,grading/data_processed/banana/C/Banana_Bad_IMG_20190910_175209__2.jpg
22272.0,652.2741656303406,1.1130952380952381,0.6578225033160321,0.927903343401729,18.482362846760612,28.311457383539498,91.56793406009041,58.592089410296836,59.39448728175131,34.51516683640729,958.7039085768807,119.41321044546851,0.5428634261297249,0.28004766318530877,C,grading/data_processed/banana/C/Banana_Bad_IMG__7710.JPG
22674.0,1000.6660816669464,0.8994708994708994,0.28455069306492237,0.8510143186893614,19.32003979410874,30.723368746799302,115.90215839785458,61.37063257874948,62.632120766469136,40.23579028006005,1735.650699201007,327.3200588585204,0.44510971288727175,0.2715597530787126,C,grading/data_processed/banana/C/Banana_Bad_IMG__7923.JPG
31822.5,1342.3889504671097,1.0893617021276596,0.22191538990991871,0.7514611252140032,31.691043118869903,43.516268256277804,61.391678489914256,56.513608036007106,65.94346431435446,41.9443922241135,1318.3906279992602,320.4133833959115,0.5714170541416115,0.45880855773453016,C,grading/data_processed/banana/C/Banana_Bad_IMG_20190910_175141__1.jpg
32254.5,1472.045805811882,1.0,0.18704992120783195,0.7120041500187634,97.83987484051279,61.98995050649211,70.59435567166899,45.0290771680878,66.03982623488669,39.66968649492587,1747.6632558756974,133.0032781862745,0.6129082264387671,0.4964010767418847,C,grading/data_processed/banana/C/Banana_Bad_IMG_20190910__175403.jpg
27653.5,1323.2173781394958,1.2513368983957218,0.19847123781397177,0.7690072302558398,83.04981765393195,68.18845010538776,67.23779343554155,52.40992224471269,57.43061997663138,36.4924696813249,1560.2929236901457,223.33623281540477,0.49410555533344613,0.35401056933626746,C,grading/data_processed/banana/C/Banana_Bad_IMG_20190910__175417.jpg
18537.5,1013.7026587724686,1.1592356687898089,0.22669391192520283,0.8279735584438787,22.216910020557695,28.472559576659044,100.2301407411312,59.34946264479629,65.92962943439987,41.23782451396277,1117.104466898812,303.1602561846782,0.48314948845151756,0.32537896285050166,C,grading/data_processed/banana/C/Banana_Bad_IMG__7894.JPG
22567.0,800.5584366321564,1.0434782608695652,0.44248404497682337,0.8431376211914592,20.49984736819153,25.32388319750426,103.3874667480703,63.22572237414851,63.03370982512756,42.5246869596516,1805.9134202238843,277.0520999317095,0.495523145164776,0.34699591669935415,C,grading/data_processed/banana/C/Banana_Bad_IMG__7880.JPG
18370.0,1031.2102377414703,1.1925465838509317,0.21708238698953433,0.7127752449316132,17.121641711797814,20.625732752789617,88.47621323139003,67.5329486457106,52.52490177338855,32.929709460643245,1173.759934807884,164.47130174628467,0.5964005164448943,0.38939120238968966,C,grading/data_processed/banana/C/Banana_Bad_IMG__7857.JPG
24000.0,1755.9696835279465,0.75,0.09781086023280532,0.6685050555694827,89.16485156502097,37.312326581087994,85.08672152307196,48.6915234328117,66.3302274927396,38.365139007625146,1297.6687440636258,240.3633017015707,0.5976621044724717,0.4894484820331303,C,grading/data_processed/banana/C/Banana_Bad_IMG__7843.JPG
27184.5,1271.2762525081635,1.3689839572192513,0.21137389228535203,0.7587924970691676,14.99095593269196,26.95155719023078,50.89680394912262,81.48752179889922,57.68216048715454,36.840800728775335,2391.62135219904,320.31087344028515,0.4978830120475789,0.41764342504782986,C,grading/data_processed/banana/C/Banana_Bad_IMG_20190910__175211.jpg
25276.0,1037.5533837080002,1.0706521739130435,0.2950511478725892,0.7457257077106906,30.966128029832195,48.96518676153325,72.7802983219391,56.75575080012463,55.28853325046613,40.62172048961807,1464.6998717013819,325.12128438331865,0.4422051514750879,0.28832938110907064,C,grading/data_processed/banana/C/Banana_Bad_IMG_20190910__175205.jpg
19273.0,1007.979790687561,1.103448275862069,0.2383721620937168,0.746465781013982,36.29051724137931,41.82469367915491,68.18240365111562,62.86393468984572,54.97145030425963,39.438434398892895,993.094052425118,214.9526990431486,0.5624902463898377,0.40404057407276284,C,grading/data_processed/banana/C/Banana_Bad_IMG__8027.JPG
14557.5,948.139170050621,0.624390243902439,0.20349441076967612,0.7348190399273131,19.480141512582605,36.6323445302527,123.74928242440424,60.19782060245879,48.961885054402245,40.19757230474742,2584.3553077929223,292.39661993470327,0.5598423896547884,0.4216611829336143,C,grading/data_processed/banana/C/Banana_Bad_IMG__8033.JPG
27654.0,1579.6753081083298,0.91796875,0.13926185091342483,0.6246385977593061,32.49369992588148,35.51891426029673,83.56637136907493,62.37333741734542,58.759573642042845,39.41349934027209,972.5434561736081,221.7043603098291,0.6211026015189962,0.5236279987998844,C,grading/data_processed/banana/C/Banana_Bad_IMG_20190923__184046.jpg
24602.5,1133.5361374616623,1.4797687861271676,0.2406125990338948,0.7765327862384597,84.31286340103544,28.3698521735768,213.71119076065312,62.883704066895206,69.0121465551573,41.055731999804216,432.342788928263,119.20401224073446,0.729799487913202,0.4289832119369075,C,grading/data_processed/banana/C/Banana_Bad__IMG20200729190307.jpg
17167.0,2885.0175746679306,0.8205128205128205,0.025918349684987955,0.5343314243027888,65.312299755634,44.84020136117283,67.44990496877546,67.72641917539657,86.03980450719523,57.89711859156135,11675.552560021464,1222.462858549246,0.5889900844619183,0.5708989876882655,C,grading/data_processed/banana/C/Banana_Bad__IMG20200730132835.jpg
26840.5,959.7716388702393,1.4556962025316456,0.36615472347255773,0.9108973053688998,33.475679044023316,39.806561020113485,54.72786921300539,67.8055169385552,55.25875151204135,34.89671117182078,1400.0783289267358,188.0160853463048,0.4313141296749227,0.25134109666296106,C,grading/data_processed/banana/C/Banana_Bad_IMG_20190910_175153__1.jpg
30419.5,1152.2813057899475,1.034934497816594,0.28790214672167713,0.8775024519702302,20.921694729017872,34.86867494378609,65.15622273212036,59.58458699565873,61.67585560546812,36.63598176473036,1122.626460441995,132.21332617866926,0.5892758490670905,0.42961288369410094,C,grading/data_processed/banana/C/Banana_Bad_IMG_20190923_184126__1.jpg
29808.5,4160.769005894661,0.75,0.021637285475098234,0.6276332550770105,42.94844284086593,35.23917564813967,91.11033042157236,70.28140076838372,95.80608304848715,62.977354645058895,9988.928065377806,1650.3911362892668,0.36394854007039773,0.3318272312439303,C,grading/data_processed/banana/C/Banana_Bad__IMG20200730132834.jpg
28098.0,1156.3229348659515,0.6776859504132231,0.2640748202635724,0.8476401647133355,47.57512229210342,50.638315293746366,94.14510831586303,70.10284407860546,61.670859538784065,43.604422765654256,1540.9028799605428,399.5417025807433,0.38795392083604363,0.27127360978283743,C,grading/data_processed/banana/C/Banana_Bad_IMG_20190910__175748.jpg
27144.5,1504.8641266822815,0.90234375,0.15062502479463546,0.6286505014011441,31.35286922108293,37.44370124652925,84.90656592912394,64.27107783727453,57.604353300953406,38.38652983430439,814.5356125318585,209.26839334239125,0.6246607153428976,0.5245519729174242,C,grading/data_processed/banana/C/Banana_Bad_IMG_20190923__184047.jpg
17692.5,3608.0095579624176,0.803347280334728,0.01707904998519903,0.47954302131754056,28.278459299303464,18.346231863673797,128.83922445160619,72.09833391748226,79.84333090757875,55.05020900935785,15350.96992707458,1191.7761834870428,0.5813064951702563,0.5575654924440281,C,grading/data_processed/banana/C/Banana_Bad__IMG20200730132808.jpg
26908.0,1335.3767582178116,0.7798165137614679,0.18961978796367004,0.8530982990663095,46.47404580152672,52.54396472095176,80.61744820065431,71.19405340143116,55.51773900399854,33.363625009406455,1805.9953270531093,333.93121980348513,0.3724955740841487,0.251146528550965,C,grading/data_processed/banana/C/Banana_Bad_IMG_20190910_175657__1.jpg
13821.5,866.8254622220993,0.6237623762376238,0.23115416464442595,0.7241885200806896,20.582218780796847,39.197841134110156,120.20252006194566,59.98198398496124,46.934886667605234,39.84100525483921,2550.235812121125,301.3013465346535,0.5710167892413706,0.4346557125722823,C,grading/data_processed/banana/C/Banana_Bad_IMG__8032.JPG
17344.0,1109.1757479906082,1.2151898734177216,0.17715703311943362,0.6327155990077339,17.725406618059452,33.00865094276456,95.97106001121705,61.37285945859761,52.74397083567022,42.67026152435206,1976.6411207301276,213.9804161972298,0.5635214454624118,0.40486653879525986,C,grading/data_processed/banana/C/Banana_Bad_IMG__8026.JPG
30371.5,1454.045804977417,1.028225806451613,0.1805177575933027,0.691518670309654,38.4912653903178,49.901271098497595,60.40098626958035,57.522060804579525,62.477244891381424,37.37872434352155,1075.918650815083,226.49780924561855,0.6181649657889496,0.507290317942163,C,grading/data_processed/banana/C/Banana_Bad_IMG_20190910__175204.jpg
22650.0,3315.0074694156647,0.75,0.02590055365694325,0.4899945916711736,36.42393290151138,40.75178430625735,127.70245806344461,71.59263792657185,88.6767978741073,58.58126689651988,8667.213089623385,980.1342032068063,0.5215498907502317,0.49331969439579393,C,grading/data_processed/banana/C/Banana_Bad_IMG20200730132845__01.jpg
27119.0,1295.175747871399,1.3689839572192513,0.20315435082904543,0.7634101369515954,17.64564228464149,26.52653347284455,51.923207451801574,81.08730864510296,57.57137699472886,36.759299950489265,2230.2237923008593,319.214134423823,0.4977693909785481,0.41820967888351684,C,grading/data_processed/banana/C/Banana_Bad_IMG_20190910__175210.jpg
27195.0,2901.277461886406,0.75,0.040599473220083906,0.6317660177484551,42.95547981306441,29.952602374637323,130.18366773252748,73.60409099505225,92.70044625601743,61.872696911915945,6905.597989915146,1011.6871523232983,0.438791452629516,0.40494150566715353,C,grading/data_processed/banana/C/Banana_Bad_IMG20200730132855__01.jpg
23497.0,1842.8224943876266,0.75,0.08694713402868087,0.6690489749430524,91.1438322368421,36.9082950015167,87.69691611842106,48.79177063744656,66.01977796052631,38.685885778967254,1269.0440677400263,267.6509530431936,0.6042418774221311,0.49878600774142895,C,grading/data_processed/banana/C/Banana_Bad_IMG__7842.JPG
18247.0,1058.724956035614,1.1925465838509317,0.20456674528971278,0.7120919432574294,16.66431699241696,13.762910392743285,83.85319876108085,69.5296949614871,52.14760226423155,32.752074571378216,1183.7481954875695,157.99424408962312,0.5995395930818905,0.3926460866860279,C,grading/data_processed/banana/C/Banana_Bad_IMG__7856.JPG
22219.0,1158.5727158784866,0.5,0.20801170773258498,0.8578764478764479,39.54839135601426,45.61728041361259,107.13731789974032,77.73919306546081,53.33127943312354,42.83411269445344,3787.84330534935,594.5824003444882,0.37774807239472746,0.29354361576740756,C,grading/data_processed/banana/C/Banana_Bad_IMG_20190910_175634__1.jpg
22118.0,807.185852766037,1.037837837837838,0.42658800007683756,0.8403335802891283,20.966862378791923,27.779973119571633,105.84801174272752,63.08945348759315,61.934480918067784,42.0806847234506,1706.2835657672558,270.00591481533894,0.5109133962724968,0.3630251792453009,C,grading/data_processed/banana/C/Banana_Bad_IMG__7881.JPG
27880.0,1623.0478912591934,0.91796875,0.13299642404018983,0.6278289458869097,31.965295270081164,33.1894035648175,83.21337111670864,61.81101845831039,59.11873775538763,39.28003004081925,1054.4758495861656,222.0048911591881,0.6170809013352179,0.5194365247459953,C,grading/data_processed/banana/C/Banana_Bad_IMG_20190923_184045__1.jpg
18506.0,973.1757470369339,1.1320754716981132,0.2455499599165972,0.8236603168951397,21.53445360388924,25.805370964011285,101.50153244557175,59.43684444760161,65.95481927710843,41.12272154350299,1136.8046298994363,292.96862373071923,0.4816872176413311,0.3284761912954208,C,grading/data_processed/banana/C/Banana_Bad_IMG__7895.JPG
28488.5,1391.7859190702438,1.320855614973262,0.18481387386444378,0.7528573882480412,86.9410390324354,62.83760134804305,71.40131940626718,51.35806249991997,58.58998763056624,35.65459794574524,1503.1257049335113,196.6699491326464,0.49753859462989847,0.36711381874344123,C,grading/data_processed/banana/C/Banana_Bad_IMG_20190910__175416.jpg
30734.0,1472.4894559383392,0.90625,0.17812487136703187,0.7411498022571622,93.64117834394905,61.154049023655745,67.53656050955414,46.517497573779615,62.96257961783439,37.505613605756466,1167.0049057004,133.62941355519482,0.5922077511840154,0.471039164793216,C,grading/data_processed/banana/C/Banana_Bad_IMG_20190910__175402.jpg
32666.5,1591.0508569478989,1.0,0.16216022771967112,0.6224917582941099,49.41509998802539,42.6283990345626,70.69530595138306,72.09927072073314,67.7578733085858,42.42161468388179,1330.8957679122686,285.2193780637255,0.5786567431641894,0.48816636431995925,C,grading/data_processed/banana/C/Banana_Bad_IMG_20190910_175745__1.jpg
24785.5,1081.678273320198,0.923469387755102,0.26620201307167307,0.8433454124772453,20.892301603008114,32.273591682266705,104.6074411240847,59.93055503595278,67.90322580645162,42.196731103910835,1430.4080270510387,353.20289115646256,0.4482146765799369,0.27880574893215543,C,grading/data_processed/banana/C/Banana_Bad_IMG__7922.JPG
13460.5,702.8010754585266,0.6578947368421053,0.34245713700585706,0.796785745996981,20.5913611615245,44.58892196126769,118.59753176043557,50.62668085342337,37.83382940108893,25.381523833752354,1453.8179959561216,122.35144312393889,0.6075769443140504,0.41545320209928155,C,grading/data_processed/banana/C/Banana_Bad_IMG__7711.JPG
20987.5,761.8893887996674,1.1925465838509317,0.45434601491675053,0.8841495523959979,19.108814846056518,23.308459489985882,84.31069872065233,62.356745076752375,55.85116453442055,32.24710064781573,908.3502424825252,88.55331533933857,0.6332925085210851,0.3090193557337099,C,grading/data_processed/banana/C/Banana_Bad_IMG__7705.JPG
28929.0,1175.7199045419693,0.8962264150943396,0.26298776489125014,0.8289943117504621,39.34082575037349,46.25880581040771,83.75084883878854,70.77593791328157,63.227862284394945,45.86937451513763,1727.573177750163,393.34019666566826,0.3906980560248212,0.264529707305998,C,grading/data_processed/banana/C/Banana_Bad_IMG_20190910_175738__1.jpg
24007.5,1543.2762522697449,0.75,0.1266687412424288,0.6130931099647582,22.93104564584008,36.25459108566978,69.89231952088055,57.24577367813211,67.6778892845581,43.103990886901826,1269.476933737182,240.52427601439788,0.6578676488456155,0.4953709145905547,C,grading/data_processed/banana/C/Banana_Bad_IMG__7739.JPG
20700.5,3282.362808585167,0.7868852459016393,0.02414446203511472,0.554111569141817,45.252747252747255,37.60021018409536,93.82693438248994,75.77657009824864,90.81924659702437,65.88819345970046,13885.450528836122,1462.6008067977,0.5288103263992215,0.506206191540379,C,grading/data_processed/banana/C/Banana_Bad_IMG20200730132837__01.jpg
30058.5,2087.245936393738,1.0950226244343892,0.08670216055837178,0.7461739918328845,33.6532570763862,36.421220497085415,94.3530115031666,67.71832182797249,65.36021713842575,43.93882718534368,2352.4763371609884,540.8230600251592,0.4724850182308705,0.4083917548816515,C,grading/data_processed/banana/C/Banana_Bad_IMG_20190910__175600.jpg
30616.0,1137.210237622261,1.0394736842105263,0.2974930277631475,0.8880638143582306,21.435807663893616,30.020479825112556,67.31516397391835,59.79085799685134,61.862878617544084,36.76818444564148,1126.9283893354154,140.16417633065714,0.5799308211650042,0.42389521043760614,C,grading/data_processed/banana/C/Banana_Bad_IMG_20190923__184127.jpg
22033.0,1608.6214859485626,0.59765625,0.1069980266539421,0.768731573713867,44.34403589021816,47.91465046709491,91.43336558761436,75.94875717273483,51.31826178747361,36.88014152522886,2629.5253129028856,442.78785464638156,0.49333262148945795,0.40773279095291326,C,grading/data_processed/banana/C/Banana_Bad_IMG_20190910__175628.jpg
23805.0,1388.940246105194,0.6610169491525424,0.15506397948868225,0.8563411694875622,31.185940764409487,43.41699241804269,92.03309983204294,76.29623215185113,53.330998320429316,37.0254475029576,2424.183523224147,450.88384363039916,0.41977886846943424,0.3264573347721064,C,grading/data_processed/banana/C/Banana_Bad_IMG_20190910_175626__1.jpg
33013.0,1464.8569855690002,0.91796875,0.19333229349666406,0.8458257004137789,27.70859077946768,23.516605902949124,59.108038260456276,70.70180051142015,71.19293607414448,49.365093184846145,2607.534639223374,379.2175313835471,0.5384609210026929,0.4390476868478015,C,grading/data_processed/banana/C/Banana_Bad_IMG_20190910_175726__1.jpg
31759.5,1669.089522242546,1.0,0.14325977307326862,0.7567731789262993,32.38016808792291,34.553111360232776,84.01305298155958,64.74152997942907,69.45894775728843,47.4225007281478,1794.351476164704,413.2640273591467,0.4578245932590441,0.3690042263848455,C,grading/data_processed/banana/C/Banana_Bad_IMG_20190910__175827.jpg
31479.0,1798.5281203985214,1.0940170940170941,0.12229151537850887,0.7496517152280818,29.66857851495892,31.452224822202197,89.81788869942645,69.56935723933744,70.11102154704697,50.37073635991262,2005.4143186791175,367.9251215015921,0.5434939426705072,0.45528288864021166,C,grading/data_processed/banana/C/Banana_Bad_IMG_20190910__175604.jpg
33097.0,1371.8031642436981,0.88671875,0.2210115108311507,0.8718570130263557,38.271187446234165,46.846958292316764,85.7342707128237,66.51808312352577,67.75542107917298,41.28073007362511,1926.0164510027382,323.6139726216814,0.5053422239052459,0.41673993547349203,C,grading/data_processed/banana/C/Banana_Bad_IMG_20190910_175700__1.jpg
29646.0,2297.8561074733734,1.1,0.07055540826440083,0.7342571609020322,33.22684384080446,35.81886946488046,96.06177152371936,68.50636213962366,64.11260570047993,42.41180027543512,2324.340976612928,543.0278762731045,0.47362344259079797,0.41008001855099435,C,grading/data_processed/banana/C/Banana_Bad_IMG_20190910_175600__1.jpg
30915.0,1707.4742977619171,0.8847736625514403,0.13325108830320906,0.860638623646335,26.607486968883272,25.18961986926156,72.63250671299953,78.4798849242421,67.27389038066656,46.76047285733678,4125.521345317514,491.7184146763586,0.48133477044877765,0.3876297160655862,C,grading/data_processed/banana/C/Banana_Bad_IMG_20190910__175638.jpg
30400.0,1623.709798693657,1.2610837438423645,0.14489941247270677,0.7061966432429293,26.32788096921396,35.9547260280279,68.27263962979626,61.10404395866684,64.62327270390128,42.19413272741758,1330.917683759928,241.0968801313629,0.5294379194785003,0.39762053097536515,C,grading/data_processed/banana/C/Banana_Bad_IMG_20190923__184123.jpg
33542.0,2037.9839633703232,1.1116504854368932,0.10148393397112991,0.7589803930442259,37.87419411047221,51.531303100055304,84.18176801998025,62.06374078239057,72.24260904919556,47.566597585922985,2305.6690338554063,399.9673820473513,0.38016306234331265,0.26223253239741967,C,grading/data_processed/banana/C/Banana_Bad_IMG_20190910_175815__1.jpg
19919.5,703.8893886804581,1.465648854961832,0.5052187508323137,0.9401755793647047,16.877778875605177,21.924538491179316,95.86019168066396,65.19459002739283,53.000098804465964,30.498640598265936,1128.183906479647,109.0017185564126,0.5264610815571532,0.19426077215082757,C,grading/data_processed/banana/C/Banana_Bad_IMG__7701.JPG
20705.0,1437.661029458046,0.50390625,0.12588445320391067,0.6682696962850595,24.05418188629765,36.9731722789546,76.92254378570759,59.64323700235401,57.21686803409197,34.046364629228535,1037.7778105299371,228.80563354492188,0.5871135422716224,0.3456928425407334,C,grading/data_processed/banana/C/Banana_Bad_IMG__7715.JPG
21247.5,1459.2762532234192,0.53125,0.12538415902773184,0.6311263589378008,22.08251939753537,34.857111210760664,84.45340027384756,65.47734143942589,61.5259698767686,42.054926334361824,978.7622067334329,306.3473668981482,0.5634408155029009,0.36363913654773855,C,grading/data_processed/banana/C/Banana_Bad_IMG__7729.JPG
27274.5,1295.5605239868164,0.8421052631578947,0.20419788937195824,0.8072961373390558,33.65286704247603,45.88287590056296,69.23062008545475,64.84301360450131,61.91878209040968,45.70484865277805,2156.3783025230514,401.2551207862589,0.47527688832239,0.363485987091994,C,grading/data_processed/banana/C/Banana_Bad_IMG_20190910__175406.jpg
18206.0,899.0681015253067,1.6106870229007633,0.28303440048776535,0.9017112008122632,35.53966462431474,54.152591657718,83.78377942599161,64.11082388869872,42.852413200042996,30.83920872752192,2641.200266565664,150.98669574700108,0.5136936589812106,0.3292967676735826,C,grading/data_processed/banana/C/Banana_Bad_IMG_20190910__175412.jpg
20497.0,1182.5138396024704,1.0294117647058822,0.18419918346672778,0.8181945192902621,19.322479291630962,29.45556923807833,108.7101304389222,69.23139394839458,58.61715700276112,40.516551368667564,2272.726150030083,357.13607167004744,0.47882369198130526,0.28258222070043437,C,grading/data_processed/banana/C/Banana_Bad_IMG__7926.JPG
28010.0,1393.8864245414734,0.8163265306122449,0.18116245446705656,0.7060751197378372,52.87676400726561,34.69497679518455,67.03957663825625,82.92396622763309,64.09867961436356,48.452096331202576,2576.865397469388,428.7333811916726,0.4847768748946898,0.41039410351924943,C,grading/data_processed/banana/C/Banana_Bad_IMG_20190910__175348.jpg
25171.5,912.8254609107971,0.7973568281938326,0.3796150922895316,0.8110681488641855,17.943117400993003,22.22050802321651,115.34074827006529,62.12105419150974,69.89510926932249,45.402642654937985,1521.5861941990956,216.8635829662262,0.5555273016657244,0.37325515277811266,C,grading/data_processed/banana/C/Banana_Bad_IMG__7891.JPG
22929.0,804.7005718946457,1.032258064516129,0.44496551917885263,0.8418328009692697,20.727901086163225,26.922172890933766,103.74215429528185,64.54300225786281,64.03121109346155,43.0724137936897,1710.401809513412,287.9125147779091,0.5004201521584717,0.34401040640090663,C,grading/data_processed/banana/C/Banana_Bad_IMG__7885.JPG
27070.0,1610.2539563179016,1.3072916666666667,0.13119260935586047,0.7050121755889208,73.90095375202448,40.43551794154406,200.2556775238438,75.56971563204314,76.21803131185892,44.77603039388239,524.3267342300095,185.45431250000004,0.6312910635173651,0.4154096084530773,C,grading/data_processed/banana/C/Banana_Bad_IMG20200729190334__01.jpg
26882.5,1173.9625440835953,1.193069306930693,0.24511564792387497,0.7212131780866019,33.84969347540505,45.595585831954615,58.55426215151073,57.53713121205618,54.26704130783827,32.108116891675486,952.8719997248331,165.91976072607264,0.5758319189976127,0.4360865531266597,C,grading/data_processed/banana/C/Banana_Bad_IMG_20190910__175200.jpg
17510.5,889.9726513624191,1.2885906040268456,0.27781461508663274,0.7456035767511178,16.414085607455775,31.950899083962753,80.30213739606005,71.73007727702152,52.00418550142307,34.82730964451625,1049.6571080850963,141.63189149302505,0.581325796114571,0.37178585565225736,C,grading/data_processed/banana/C/Banana_Bad_IMG__7852.JPG
12316.0,561.8233751058578,2.430379746835443,0.49032036929209993,0.9239309827456864,19.832154494158786,27.482313545975483,85.87292378606055,73.0879940078159,35.860208217436224,24.23464579077844,543.5998274842161,68.73636423884949,0.5591755873275398,0.18195508989388418,C,grading/data_processed/banana/C/Banana_Bad_IMG__7846.JPG
22832.0,1909.4742971658707,0.75,0.07869120325649612,0.606186114429842,17.383686055844212,29.48503797150152,85.32868668947746,58.08385045323331,65.92472436953491,44.80090326660167,1218.3565608424444,314.2104875654449,0.6358774894414111,0.5103429325117047,C,grading/data_processed/banana/C/Banana_Bad_IMG__8022.JPG
19566.0,1014.7249566316605,1.0971428571428572,0.23878950194214274,0.7284166635642754,25.789891624631675,47.0394975761966,89.64620686210857,55.21106850145881,55.7986815162563,40.136600324033935,885.049174106257,173.81253552729996,0.583998585416838,0.40078257988700716,C,grading/data_processed/banana/C/Banana_Bad_IMG__8036.JPG
25163.0,3709.16388463974,0.810126582278481,0.02298371547140877,0.6051707551707551,35.11307988486412,33.08052289269669,119.31897872976711,75.53710415873275,85.5037568689021,62.967945683186905,5966.798114962629,957.5440387036915,0.43152142298367635,0.3885174489336804,C,grading/data_processed/banana/C/Banana_Bad__IMG20200730132830.jpg
31452.5,1171.217376947403,1.0723981900452488,0.28813102259081647,0.8255682713003307,34.336107113808424,36.7852688625782,83.80432334355253,69.45924591874106,70.31330163298504,50.8271971423467,1459.497134813593,314.9826482092185,0.4973719250486517,0.387288136846163,C,grading/data_processed/banana/C/Banana_Bad_IMG_20190910_175819__1.jpg
27990.5,1679.1727814674377,0.9296875,0.1247468961207209,0.6154598825831703,31.232585678461966,35.62796564811428,85.44159236556143,61.01630563351181,59.309591808303146,39.3204231363361,823.1813111694155,229.46242088607602,0.6239878541616024,0.5222487724904018,C,grading/data_processed/banana/C/Banana_Bad_IMG_20190923__184043.jpg
34341.0,974.8427066802979,0.8984375,0.45410230657544737,0.9343345712769865,44.678452339887315,36.800005486601044,67.44250891111878,79.14941304537098,70.8234736115902,44.694436404256244,2029.0659281578137,312.92155090065506,0.49349004854706074,0.40919738672943884,C,grading/data_processed/banana/C/Banana_Bad_IMG_20190910__175758.jpg
33275.5,968.2569205760956,0.859375,0.44601887138180923,0.9373248264108957,43.06705418310152,36.84455134968201,67.83484089089238,77.67329577738947,68.50885257569917,43.2392584803647,1952.9102381931652,297.82867793949777,0.4902267042695516,0.40133111957289586,C,grading/data_processed/banana/C/Banana_Bad_IMG_20190910__175759.jpg
24112.0,1165.5777697563171,1.4228571428571428,0.22302861492625528,0.728668348921896,81.71248782072101,34.197505506485285,181.08850276063657,77.90942910554762,66.88815362130562,40.02189786242502,288.2519770360518,120.91251152073733,0.7111045946476953,0.4289601437583819,C,grading/data_processed/banana/C/Banana_Bad__IMG20200729190317.jpg
32344.5,1152.506700515747,0.9234042553191489,0.30600138205732846,0.9140608441310706,41.80041997626221,53.06190550847837,87.66310599835661,64.05170642296638,66.46532152530509,40.704552114294785,1977.8516358831255,298.6651891252955,0.4535631686846973,0.3529072881299248,C,grading/data_processed/banana/C/Banana_Bad_IMG_20190910_175659__1.jpg
32273.0,2192.0083475112915,0.897196261682243,0.08440434318496368,0.8088673901601544,47.11363226000602,42.81696620244527,91.54002407463136,68.64326442607097,105.74026482094493,67.5219328229559,9493.157730351173,1501.3366932524343,0.2235373643651681,0.17698544524251253,C,grading/data_processed/banana/C/Banana_Bad__IMG20200730132831.jpg
33201.0,1389.8864240646362,1.0175438596491229,0.21597446301742668,0.7506698169732187,38.96306591359375,44.31614042863761,78.11171895792057,64.77767518114577,72.72992873406866,48.82701415595289,1544.0072659867028,310.273904458115,0.4598109867386105,0.35602138585199866,C,grading/data_processed/banana/C/Banana_Bad_IMG_20190910_175831__1.jpg
24113.0,1251.2001314163208,0.6932773109243697,0.1935564051425052,0.8696891004833008,36.01614080622922,48.316225049646455,88.81851731689513,72.42153586723094,54.04481304242031,38.00656476329004,2331.3924459098175,407.50112728018036,0.45335515757882866,0.364290272966714,C,grading/data_processed/banana/C/Banana_Bad_IMG_20190910_175624__1.jpg
19158.0,947.5533833503723,1.1162790697674418,0.2681344770293239,0.7324794494360543,24.74796997089015,45.32651868547503,87.6706501200143,55.08353987333623,54.808232470251774,40.28534332515062,980.1653999175943,168.9977474735176,0.5767070618715793,0.40267222008434245,C,grading/data_processed/banana/C/Banana_Bad_IMG__8037.JPG
17669.0,1210.371707201004,1.1636363636363636,0.1515598992912037,0.6203131582642887,18.578927118830382,36.12585116179769,97.81026712102891,59.2176546968471,54.03858414862042,43.76187783857312,1958.8686205001004,233.29379660479134,0.5651330143975456,0.4177939035653943,C,grading/data_processed/banana/C/Banana_Bad_IMG__8023.JPG
32757.5,1519.2417621612549,0.921875,0.17834742094142508,0.8455512248005989,30.005413812700027,24.133183649267448,59.329734095055784,69.63797814997879,70.62806209433793,48.942288353451396,2599.415695903836,374.1116023936171,0.5451240389640643,0.44485948763412836,C,grading/data_processed/banana/C/Banana_Bad_IMG_20190910_175724__1.jpg
26809.5,1421.7514281272888,0.9761904761904762,0.16666761936139596,0.8659539075243463,75.8613937205995,69.37537229072777,78.08288662801299,61.243369175573456,55.15239032928564,32.754802393743475,1554.1667880926077,241.6538982259571,0.47071451405617926,0.35980346346805053,C,grading/data_processed/banana/C/Banana_Bad_IMG_20190910_175647__1.jpg
14779.5,581.923879981041,2.1333333333333333,0.5484502605086763,0.9323429220287661,49.14842608580157,55.88507555739367,67.12750697303758,75.10151326638194,42.048014344534465,26.930682759686093,455.32692578392914,63.56055846422339,0.518647642007257,0.14039878996517333,C,grading/data_processed/banana/C/Banana_Bad_IMG__7847.JPG
27983.5,1185.050857782364,0.6790123456790124,0.2504020721325022,0.835390700798567,48.24012904130724,51.55625057848785,94.07135844028333,70.29152368757201,61.51521845851743,43.72897344511204,1489.8999934614076,396.4991217504768,0.39466485250411576,0.28110978951448684,C,grading/data_processed/banana/C/Banana_Bad_IMG_20190910_175747__1.jpg
17282.0,893.0437165498734,1.3241379310344827,0.2723067623577514,0.7590977972020293,15.535413487083828,24.103500193514503,87.84924537900628,69.68055251229563,52.00028262958566,35.071434001678384,981.6627265085691,146.82541975085752,0.5788416040966357,0.36204015885996604,C,grading/data_processed/banana/C/Banana_Bad_IMG__7853.JPG
28205.0,1374.087434053421,1.1830985915492958,0.18771856776181875,0.7125623697340997,28.499479455857855,36.40536932770273,54.625659355913385,56.606826756935355,57.189547473625765,34.13395215537201,989.9168348346641,208.35546078596417,0.5869163372710154,0.46118677768119914,C,grading/data_processed/banana/C/Banana_Bad_IMG_20190910__175201.jpg
28786.0,1081.4112476110458,1.0,0.3093210106434185,0.8212955962281916,33.00607965024933,37.74222673070914,59.82379260878475,60.079257471220465,57.58842817132318,33.51506220714635,301.4153490622062,125.78153915594676,0.5514751486156205,0.3429158915312946,C,grading/data_processed/banana/C/Banana_Bad_IMG_20190910__175215.jpg
22786.5,801.7716388702393,1.037837837837838,0.4454368137999326,0.8452279387217627,20.33035251425609,25.54405992610432,103.62951442889235,63.86805613875345,63.585104544669086,42.60920941708619,1747.620122554195,276.06769492005094,0.49677483345321083,0.3443329848700018,C,grading/data_processed/banana/C/Banana_Bad_IMG__7884.JPG
25333.0,934.8670922517776,0.7792207792207793,0.3642476359429153,0.8112660720862088,18.081948112474755,23.209578252549807,113.92904303246854,62.814253104714474,70.2077831287867,45.398170421205826,1773.2954997251427,229.5916708989334,0.5532886681129146,0.376441663012781,C,grading/data_processed/banana/C/Banana_Bad_IMG__7890.JPG
28353.0,1325.6021534204483,0.8104838709677419,0.202760092218037,0.7029291814902505,51.74230330672748,34.22690991039448,65.62067654884075,83.03111164970392,64.58118240558377,48.465678189157515,2526.25364431737,418.58875000000006,0.48638424589250295,0.4151109763265944,C,grading/data_processed/banana/C/Banana_Bad_IMG_20190910__175349.jpg
23761.0,1231.2590069770813,1.1497005988023952,0.19695895771142266,0.8478198815385714,17.405003909304146,23.99926266607241,103.02567795563968,68.5961421806438,66.66725649150241,42.71430544771469,2167.443337112576,354.1547794463429,0.43101812682917773,0.23390848850166668,C,grading/data_processed/banana/C/Banana_Bad_IMG__7927.JPG
28823.0,1860.7047464847565,1.0614035087719298,0.10461503743831461,0.710083516050356,37.09016697588126,46.02057002064539,65.60374430764041,65.83992306494794,62.707370551526395,40.88694203112886,2652.044363300596,317.11838465458266,0.5618894056466917,0.4599774312202395,C,grading/data_processed/banana/C/Banana_Bad_IMG_20190910__175413.jpg
25781.0,1421.6854138374329,0.8773584905660378,0.16028858960832765,0.7900163941961481,31.279136690647483,43.305809268593386,71.60143884892086,69.13303243472653,57.72290798939795,40.94156410497582,3141.384181631963,498.58824579296265,0.4312234368215809,0.3264852250052936,C,grading/data_processed/banana/C/Banana_Bad_IMG_20190910__175407.jpg
22098.5,983.3696179389954,0.453125,0.2871700125749229,0.7954107801673715,22.3008205810601,37.278368098554516,89.92770015524506,65.5207416217803,61.728232424040804,38.73739137261847,1473.7479690104972,246.42428668478266,0.4710579499149496,0.2352907943575733,C,grading/data_processed/banana/C/Banana_Bad_IMG__7728.JPG
27244.0,1600.3616007566452,0.91015625,0.13367324501180292,0.6209741754609897,31.28240558439234,35.54692575507934,85.80877035976374,63.68425909092977,58.14487202434222,39.086889802883775,1157.4862036633783,221.27185479525866,0.6239418039983964,0.5263045320479556,C,grading/data_processed/banana/C/Banana_Bad_IMG_20190923_184047__1.jpg
28803.0,999.3523740768433,0.8709677419354839,0.3624184439587596,0.8211363571571115,36.77093233956717,47.612411004409736,83.04499299121338,70.76901708549876,63.78614653492427,47.25062038853,1949.9061594930631,388.8128002745368,0.40462595124434403,0.28611195695012814,C,grading/data_processed/banana/C/Banana_Bad_IMG_20190910_175736__1.jpg
10874.0,530.4751770496368,0.6379310344827587,0.4855892456418438,0.8619896948077685,22.094959495949595,47.04160100186145,123.62853285328534,54.79293642930578,30.99063906390639,22.816315452033802,1418.061980063426,128.70078369905957,0.5961144800816952,0.4197343822693842,C,grading/data_processed/banana/C/Banana_Bad_IMG__7714.JPG
19767.0,684.4751754999161,1.476923076923077,0.5301945054454668,0.9448401128053152,18.517280876494024,23.136555477843416,88.7195219123506,64.8481863146343,52.5734561752988,30.281283955195363,1073.2630578091612,104.68062827225131,0.5341337284488507,0.19451677192875116,C,grading/data_processed/banana/C/Banana_Bad_IMG__7700.JPG
28619.5,1673.3250226974487,1.292929292929293,0.1284432527081156,0.6774728071109849,33.03732334411715,38.195536369988275,55.768023156819346,57.11977902850916,62.063068278562916,41.769700624521825,2134.8014430277763,278.97098435333726,0.5376445311336879,0.4178954219212215,C,grading/data_processed/banana/C/Banana_Bad_IMG_20190923__184122.jpg
24567.0,1369.2833919525146,0.926829268292683,0.16465514609388898,0.8101103032101696,34.7310443490701,52.21348372038719,83.10852805595295,64.98186797277529,51.59597043395327,32.431991884187426,1594.1222971743834,242.57679700606536,0.46185875663667314,0.34986194226676115,C,grading/data_processed/banana/C/Banana_Bad_IMG_20190910_175655__1.jpg
30980.0,1793.356549859047,0.897119341563786,0.12104810385064177,0.8475944241528843,23.936163512109093,22.98197382618293,69.35514754511385,76.04465236830472,67.44074575630648,47.00986158290131,4120.204593366328,503.5411427812861,0.4862168102275154,0.39398525004413,C,grading/data_processed/banana/C/Banana_Bad_IMG_20190910__175639.jpg
17061.5,3130.33842420578,0.8888888888888888,0.021879857554470042,0.5148931675519073,39.69831613253667,34.32864019491123,92.70678978815862,73.09274400399404,82.92346550787616,56.41120904930288,9870.072576624283,1319.3249466744232,0.5547188660407439,0.5331370946754677,C,grading/data_processed/banana/C/Banana_Bad_IMG20200730132836__01.jpg
33475.5,1378.9818762540817,0.9877049180327869,0.22121767308242413,0.7860312764158918,29.85833357790626,34.371309825297594,88.45660787133508,66.43570350293878,72.52343497784169,49.25593687209264,1849.3929920953742,368.16724726775954,0.49939369159186714,0.4156711488633148,C,grading/data_processed/banana/C/Banana_Bad_IMG_20190910__175836.jpg
32379.0,1666.0529450178146,1.1490384615384615,0.14658708160599554,0.8181887097589327,60.61088800990368,71.03096596104297,80.85905371538996,55.727333837795676,66.56505329267188,39.7736794607436,1217.1324618825192,250.84013413057534,0.448569781257274,0.331315531730021,C,grading/data_processed/banana/C/Banana_Bad_IMG_20190910__175808.jpg
32042.5,1636.780866742134,1.0078740157480315,0.15029868388832884,0.7250254553682544,37.44439357870964,24.115706521190898,47.58176158212782,66.09757446811486,70.14698162729658,48.54315814095364,2438.906686859585,533.3222633935465,0.5702269112960251,0.49112584552472066,C,grading/data_processed/banana/C/Banana_Bad_IMG_20190910_175219__1.jpg
27900.0,2107.8905975818634,1.0976744186046512,0.07890743641038019,0.7348390070454994,32.19958340565874,35.095839519397266,94.36976219406353,67.73832573131843,61.005658739802115,41.328138955480284,2635.6175031337543,520.5652251360714,0.47992924268142,0.4184475775129857,C,grading/data_processed/banana/C/Banana_Bad_IMG_20190910_175548__1.jpg
29876.0,1201.626537322998,0.80078125,0.26001194074883605,0.8033018297191563,20.936590983876275,23.995719709096186,95.91214215202369,66.9631104260506,67.18743007568278,47.05425320061367,2877.934222717466,458.9349532781863,0.49377391503819346,0.41516278062716716,C,grading/data_processed/banana/C/Banana_Bad_IMG_20190910_175448__1.jpg
32331.5,1368.8986163139343,1.2673267326732673,0.2168169091007524,0.7836989455823536,30.25489660198597,34.43063811268475,92.54766025933012,67.27500523381869,73.12204305973096,52.73767603261684,1983.6014379043813,363.6734032226752,0.44568357559393534,0.35893967958118994,C,grading/data_processed/banana/C/Banana_Bad_IMG_20190910__175834.jpg
30947.0,987.0092276334763,1.0412844036697249,0.3991958272922618,0.8406312815776606,33.177499522079906,44.74629664249527,84.6637991461161,63.76516838712812,68.32148091505766,48.981563855238,1272.5104775503853,260.32721035966557,0.4905812965231623,0.3643671497282872,C,grading/data_processed/banana/C/Banana_Bad_IMG_20190910__175820.jpg
27729.0,1225.0336128473282,1.2901554404145077,0.23219243256223385,0.8230265794043008,51.177294429708226,45.15204306403357,62.28972590627763,52.523653402713045,57.88145004420866,38.19038843836626,1327.3123304565884,184.20834029750964,0.5493453756775377,0.4085699608747059,C,grading/data_processed/banana/C/Banana_Bad_IMG_20190923__184108.jpg
34227.0,1444.631591796875,1.0893617021276596,0.2060935893151976,0.7382475060663252,100.33626745419618,60.243365399610035,77.70438971241792,48.64628040733787,68.74590704475729,40.021618805972125,1712.5250287696906,151.03262411347518,0.5700765877494676,0.4195069982439198,C,grading/data_processed/banana/C/Banana_Bad_IMG_20190910_175435__1.jpg
26040.5,1243.6193982362747,1.2795698924731183,0.21158467443097362,0.7593753645165053,38.250413596029475,50.56322060838896,61.710144382613926,61.126115811940686,54.36836366370883,35.43420487203126,672.9048936095219,173.70500431014926,0.5484459249967875,0.39789648005601125,C,grading/data_processed/banana/C/Banana_Bad_IMG_20190910__175149.jpg
29688.5,1387.6193989515305,1.2736318407960199,0.19375699676916786,0.834896441176057,24.95942736508774,28.321015076468218,55.902559704446496,63.80266650679016,61.8590843119145,37.75790672157777,1484.0141854278052,190.6686567164179,0.5328405477687731,0.40893823404834034,C,grading/data_processed/banana/C/Banana_Bad_IMG_20190923__184120.jpg
10227.5,725.060962677002,0.5471698113207547,0.2444726643007612,0.6979799358493142,21.451661774453175,5.819911794169283,33.41804753337752,10.100242389660982,78.0516996496544,18.658300106454814,1853.9802424229658,125.36968826907304,0.7344317539634133,0.5655508920070448,C,grading/data_processed/banana/C/Banana_Bad_IMG__7716.JPG
20280.0,673.1614675521851,1.465648854961832,0.562392237407657,0.9485500467726847,17.841808732818496,21.677215779698,89.64432463937054,64.59905083630267,53.94006508329691,31.012939569239155,1297.3051867482857,105.11622237320651,0.5202524858349119,0.18053668195936165,C,grading/data_processed/banana/C/Banana_Bad_IMG__7702.JPG
24348.5,1530.094575047493,0.6408163265306123,0.13069095297506444,0.8024553019691851,38.68901147219891,55.75058039038556,80.32365991126035,57.88094914668936,52.38106087860255,33.91055505826507,1568.2857144181864,258.6944531658818,0.491830783719882,0.34352226752803067,C,grading/data_processed/banana/C/Banana_Bad_IMG_20190910_175307__1.jpg
25519.0,1865.9007028341293,0.9471153846153846,0.092107810620787,0.7117377177202304,39.23879690110892,51.67426461465757,70.9044508582713,70.10371475001146,55.59748594865563,35.210590575158584,3381.2684514633265,380.2612343014128,0.45643689098299295,0.3495456656948718,C,grading/data_processed/banana/C/Banana_Bad_IMG_20190910__175411.jpg
23527.0,982.9259667396545,0.9679144385026738,0.3060094229072287,0.8590572169277394,22.463893871761712,30.830561597820513,95.99820616578366,63.564683106421576,64.37582912686162,39.868429664664255,1652.5972227308869,339.2800653594771,0.44597659646487275,0.2831974965476452,C,grading/data_processed/banana/C/Banana_Bad_IMG__7919.JPG
31780.5,1672.1534485816956,0.92578125,0.1428296368419364,0.7531727316893981,47.04664104534973,58.70440347022868,70.97712528823982,61.70627081579886,69.66859338970023,47.79259661394961,2154.7343095139904,292.2860169491525,0.5686432623750524,0.4625157110660233,C,grading/data_processed/banana/C/Banana_Bad_IMG_20190910__175405.jpg
23801.0,1019.2102379798889,0.9783783783783784,0.2879237654429449,0.8578791810841984,20.800981079187107,33.35137537681796,110.29481841790675,57.73379176029894,65.33195927284719,40.810589990949076,1765.4900688972832,328.3042942942943,0.4171885856466408,0.26714404488120314,C,grading/data_processed/banana/C/Banana_Bad_IMG__7931.JPG
21253.0,1180.5138404369354,1.0818713450292399,0.19164078447028834,0.8230578576407714,18.364505307660494,24.553471689548964,110.9384219475208,69.3094409653561,60.15123385873811,40.49613348041139,2034.9701416921898,346.17407195525044,0.48727420839684066,0.30209477144980307,C,grading/data_processed/banana/C/Banana_Bad_IMG__7925.JPG
22871.5,800.9432133436203,1.037837837837838,0.44802377455852505,0.8438422373081464,20.042396591055827,24.159829892255214,103.16653036628934,64.07988986971512,63.81014074807386,42.9697569720862,1621.6517266125923,280.08062827225126,0.5053888812379272,0.34271376405432324,C,grading/data_processed/banana/C/Banana_Bad_IMG__7886.JPG
20192.5,950.82546210289,0.7276785714285714,0.280671521712703,0.8061682802674918,18.686648237062904,24.908765514567513,116.38639119258936,58.28213738165691,58.40734274213104,42.22354172771656,806.1845965448263,167.35380842151673,0.6182109852905638,0.4324753821769364,C,grading/data_processed/banana/C/Banana_Bad_IMG__7892.JPG
22472.0,806.7005717754364,1.0434782608695652,0.4339371783527079,0.8394941815940378,19.90331479616412,24.472080277333657,106.11087270657266,64.46799245077302,62.92126811752857,42.69919842035096,1868.5366900098898,278.10764284088316,0.4999403042893848,0.3498174442466668,C,grading/data_processed/banana/C/Banana_Bad_IMG__7879.JPG
30968.5,1578.5554698705673,1.3473684210526315,0.15617457737341608,0.7044138887941133,85.75467289719626,71.28471329886054,69.27371179590806,58.423726188741576,66.4490717352867,43.55416689363535,1866.854173012097,308.26862745098043,0.4717828054370998,0.34734118227030936,C,grading/data_processed/banana/C/Banana_Bad_IMG_20190910_175427__1.jpg
30735.0,1516.8569861650467,1.053941908713693,0.1678625473052775,0.7359737554177342,34.56978224882211,45.41562383406835,61.326531261938115,59.53495810657117,63.75974150006367,39.6598896056732,1474.6167027428837,282.97426729864037,0.5962037135196862,0.4839576112239806,C,grading/data_processed/banana/C/Banana_Bad_IMG_20190910__175203.jpg
32242.5,1941.7068331241608,0.9399141630901288,0.10746604215247664,0.8184518143395652,24.982007862110674,29.22640747167689,92.82848503175083,69.14060061916922,70.49277290595705,47.71493056172241,3202.3335263672607,505.3121234791512,0.4349052666857851,0.3413686703191666,C,grading/data_processed/banana/C/Banana_Bad_IMG_20190910_175527__1.jpg
33230.0,1500.1706951856613,1.0281124497991967,0.1855490991533564,0.7479601598109279,33.50833407086173,22.240216951957247,45.25550933710948,64.86386151651004,71.27686815942414,47.69195715841928,1931.0543824391502,470.80170092133227,0.5503296585029563,0.46458520439984397,C,grading/data_processed/banana/C/Banana_Bad_IMG_20190910__175217.jpg
30230.5,2092.819531083107,1.1,0.08673445120955257,0.7482889639723264,33.24649041087089,36.060297694844294,95.42992065276752,68.0369017027877,65.5216036493302,43.874052670349755,2275.6523241649593,540.2981516408902,0.4651891409216786,0.4020458404941745,C,grading/data_processed/banana/C/Banana_Bad_IMG_20190910__175559.jpg
14465.5,578.8944420814514,2.1818181818181817,0.5424310651724195,0.9557016384778013,22.462211668928088,25.860669298122286,101.39837177747626,71.43352498122414,41.40047489823609,27.299513413434354,611.7962618706094,88.6811637315564,0.5277738289915768,0.13447930652880175,C,grading/data_processed/banana/C/Banana_Bad_IMG__7845.JPG
15150.5,852.8010768890381,1.3061224489795917,0.2617829452830327,0.6900705989524026,93.5566924066924,63.742314778386536,63.30836550836551,66.69891641738843,45.51486486486486,30.791401345122374,825.0566647376544,102.02094240837695,0.6595213939887659,0.4480247261551893,C,grading/data_processed/banana/C/Banana_Bad_IMG__7851.JPG
20702.5,1573.325022816658,0.9504950495049505,0.10509831603795838,0.6728800338024506,19.769277502570333,35.34280991495693,94.23511543134872,62.37270957121639,58.70529956070661,38.41863206563774,1803.0466030724865,246.47369239541754,0.6010819842920602,0.4411782875728589,C,grading/data_processed/banana/C/Banana_Bad_IMG__8035.JPG
22616.0,1824.4793508052826,0.75,0.0853783494349474,0.5710750583927783,21.57945281488753,39.02400424671023,90.78419906952922,60.360265777126585,64.68705450510052,41.52598489773103,1688.6555534067254,276.3211714659686,0.669299539510799,0.515780212715842,C,grading/data_processed/banana/C/Banana_Bad_IMG__8021.JPG
24010.0,1246.239675283432,0.75,0.19426693014773316,0.6223512487201752,24.838350146436706,45.87345690377558,102.3237064757566,61.228183169580596,66.06845916042954,40.16198174935865,1209.8641842984491,218.3205988219895,0.6091179509559268,0.49491615370009945,C,grading/data_processed/banana/C/Banana_Bad_IMG__8009.JPG
29665.5,1247.134116411209,1.2018779342723005,0.23968188790811876,0.831408873069701,45.54374007411329,59.33244593199878,61.355313658020115,55.24674944944272,60.581822392800426,35.87474333396873,1526.7208699522748,166.19464236398784,0.577848591768444,0.4455525374880752,C,grading/data_processed/banana/C/Banana_Bad_IMG_20190910_175315__1.jpg
28419.5,1123.1097322702408,1.116591928251121,0.2831274096926044,0.7860788028821553,33.03214878318584,45.05994275420851,71.01973866150442,58.69063434935525,56.96353014380531,33.19025575003451,327.86953062051543,122.08153117315203,0.6450469564773162,0.47929420287413077,C,grading/data_processed/banana/C/Banana_Bad_IMG_20190910_175215__1.jpg
23023.0,2007.8662127256393,0.8727272727272727,0.07176327236783366,0.66023343179146,43.84005860192549,30.637064380443995,127.87764755127668,72.49172391492301,94.13407283382168,70.4634605322837,7458.390463673826,933.4147786768203,0.4615996279699778,0.4213724522152034,C,grading/data_processed/banana/C/Banana_Bad__IMG20200730132833.jpg
25150.5,1200.766586303711,1.3333333333333333,0.21919936858469288,0.7822861586314153,83.93287154142507,31.411114279814704,202.5206444332023,73.19681708869284,68.5491691637156,40.37923994376858,332.97244954067804,93.10931372549018,0.7643152157280471,0.4754149081885621,C,grading/data_processed/banana/C/Banana_Bad__IMG20200729190329.jpg
30365.5,2068.535260438919,0.8671875,0.0891793790418561,0.7538417616245873,24.51551702073202,27.548719248721905,103.017116713591,72.42139058497744,65.44663424622472,42.29924089389466,2681.1737127571114,507.4112874717194,0.497148158555471,0.4387483632496071,C,grading/data_processed/banana/C/Banana_Bad_IMG_20190910_175539__1.jpg
26717.5,1061.6538879871368,1.5058823529411764,0.29787892162937024,0.8560694660279723,81.74465973013714,33.638605501104834,199.94694657891833,76.7573037642866,72.66568623846464,42.88016809607795,228.41472540462718,99.50385236447521,0.6866592427757923,0.3728311550188408,C,grading/data_processed/banana/C/Banana_Bad__IMG20200729190328.jpg
22909.5,2149.3048117160797,0.8847926267281107,0.062320288179149905,0.6415519679637072,42.3895112229914,29.002043270398048,127.65601006922593,71.40211888559996,94.69339207048458,70.6794901038817,7903.37499903911,949.6987236711946,0.45293843880370194,0.4133491699313518,C,grading/data_processed/banana/C/Banana_Bad__IMG20200730132832.jpg
23818.0,1299.4945085048676,0.75,0.1772418432183031,0.6198326675601473,24.248115680812717,45.12140947261307,102.28260691463215,61.67549361100701,65.7326314927085,40.23802474442728,1253.586786504835,229.67101603403142,0.6120057832437464,0.49802295641767386,C,grading/data_processed/banana/C/Banana_Bad_IMG__8008.JPG
23309.5,1869.3494065999985,0.75,0.08382273998846576,0.6050643754542623,20.965370117227952,36.933695798230886,91.36063129116441,61.08298551158387,67.79449898512904,43.82136442435168,1762.6579333924585,324.8308859620419,0.6519721750276233,0.5015577272603127,C,grading/data_processed/banana/C/Banana_Bad_IMG__8020.JPG
14072.0,821.1269772052765,0.6188118811881188,0.2622678458878534,0.7437632135306554,19.265687768388972,37.104681160470676,127.75308214434132,58.89980759443638,47.45331763402133,39.810885920403514,1888.5952708699149,278.3499281379751,0.5700783026367016,0.4214252051748193,C,grading/data_processed/banana/C/Banana_Bad_IMG__8034.JPG
27088.5,2120.108855009079,0.8958333333333334,0.07573183869262629,0.6304929708593241,41.75720252757845,48.327067679592616,62.74028060404841,62.24108945292056,57.0791831780372,35.069293631527295,2298.00188266593,300.22686915887846,0.5628064606718709,0.4502516654013871,C,grading/data_processed/banana/C/Banana_Bad_IMG_20190910_175323__1.jpg
14807.5,930.8843370676041,1.465648854961832,0.2147336762781408,0.7308375697152164,68.81482697485062,63.010413069864455,62.54547245387091,72.5869020319572,43.961783439490446,29.411122078362062,1180.125556457704,124.16102473921904,0.6250593345136538,0.3897493004833117,C,grading/data_processed/banana/C/Banana_Bad_IMG__7850.JPG
13596.0,576.6518017053604,2.3703703703703702,0.5137995426605569,0.9258111742875625,22.55126171593367,16.600290676217895,83.98428262436914,75.03083652235254,39.14902667627974,26.009860259211145,677.7333850250428,74.3930579794454,0.5412375487267594,0.11921538342973538,C,grading/data_processed/banana/C/Banana_Bad_IMG__7844.JPG
30053.5,2052.96166574955,1.0954545454545455,0.08960726888213151,0.7483161734496968,33.75108309085031,37.47683780370576,94.16055609440673,67.85833426967896,65.22327837051407,43.75607076797257,2174.7448460620894,528.2217234848486,0.46865322822341426,0.4041185303155765,C,grading/data_processed/banana/C/Banana_Bad_IMG_20190910__175558.jpg
20104.5,1256.0802936553955,0.515625,0.1601283897560085,0.6692353783163011,20.62634811626445,30.70696491554416,77.10514097789815,66.3470358705769,55.310248101755576,32.794040409021264,598.9755002661951,173.26168893129773,0.6109813442112341,0.38446023878665836,C,grading/data_processed/banana/C/Banana_Bad_IMG__7878.JPG
30154.0,1462.2884454727173,1.0811965811965811,0.17721019269008625,0.7440196404998951,33.196579254835775,43.661215923447806,60.44482669089965,59.33296930410555,62.3443788134493,38.59447524311652,1459.4666119400072,264.2061287477954,0.589692090590102,0.4770813360965818,C,grading/data_processed/banana/C/Banana_Bad_IMG_20190910__175202.jpg
18375.0,959.3178831338882,1.1730769230769231,0.25090662626738447,0.831579661937411,22.739246166950597,28.224541176867177,107.89421848381602,62.26261341089456,65.53460391822829,41.17946935179303,1085.4217335761914,288.0397647224571,0.4925933335894212,0.3312419499766525,C,grading/data_processed/banana/C/Banana_Bad_IMG__7893.JPG
22810.0,821.1858524084091,1.032258064516129,0.425061951754291,0.8377251776631104,20.18713601656529,26.10171821711329,102.26771925283637,63.92847791362801,63.83344118027695,43.11321410751222,1568.972453010402,281.75232224286435,0.519508356913189,0.347345812429474,C,grading/data_processed/banana/C/Banana_Bad_IMG__7887.JPG
23767.5,1005.1341177225113,1.0223463687150838,0.29562784475960924,0.8589472542960915,18.514563106796118,27.639316870706235,112.64156166081388,63.04035758237167,65.27089444329684,41.061958990614386,1742.1467331383171,332.32049235680523,0.4330995670131319,0.25269521889908675,C,grading/data_processed/banana/C/Banana_Bad_IMG__7924.JPG
23824.0,1040.6660821437836,1.0108695652173914,0.2764405474070764,0.8424030267670874,21.94277244843345,33.7288158889893,103.59281979496892,62.23536522412379,65.30820536045124,40.70641141496207,1507.1370378430483,316.15613983548764,0.4534363696827375,0.28025617597751085,C,grading/data_processed/banana/C/Banana_Bad_IMG__7930.JPG
32969.5,1698.212324976921,0.9453125,0.14366078920324474,0.7602089049782103,97.13479781809558,62.99858643173183,64.1007648523657,44.80829308049653,67.93125222340804,40.942132323015365,2946.6330852528085,193.8089179201245,0.578399806106059,0.4550982228239336,C,grading/data_processed/banana/C/Banana_Bad_IMG_20190910__175404.jpg
22513.0,969.0681023597717,0.967032967032967,0.3012552596537528,0.8567079551724794,22.851795363430366,33.341327305651696,96.7232438556737,65.34305341559009,61.7096043228168,38.73537599482304,1616.4296290924597,306.0996546310832,0.4660040231148911,0.27420601117121485,C,grading/data_processed/banana/C/Banana_Bad_IMG__7918.JPG
25383.5,1627.8935643434525,0.8657407407407407,0.1203675320389815,0.7588830590310477,89.33144302245383,58.05254563045037,64.90650624568933,51.19279585928258,53.95926890949498,33.84468278467491,1930.1571957407768,267.16119076065314,0.46844260206443566,0.34854801715210193,C,grading/data_processed/banana/C/Banana_Bad_IMG_20190910__175410.jpg
20265.5,669.7472542524338,1.465648854961832,0.5677345229449411,0.9498488434768344,17.289359840567734,22.75826189461848,93.20969231517037,64.76912524691349,53.8439702522724,31.01554587875363,1237.7365391685094,104.66404220454814,0.523154680574456,0.18195790627695296,C,grading/data_processed/banana/C/Banana_Bad_IMG__7703.JPG
11233.0,844.2396749258041,0.7659574468085106,0.1980496627010479,0.6216896809364363,23.835602274685506,45.8974164363117,135.73022574530415,52.02247384883909,33.675426503532655,25.564413398997672,1904.4154061664735,205.34931557803898,0.6792729929018246,0.5616664180403155,C,grading/data_processed/banana/C/Banana_Bad_IMG__7717.JPG
26306.5,1526.212324500084,1.2311557788944723,0.14191981026626718,0.7434785066274765,55.765074306044546,41.34855219512639,45.164770410999516,65.49949916839967,56.05751769632732,34.74872755019946,1405.7666536614013,229.70580360820497,0.559137714252347,0.44297532722136634,C,grading/data_processed/banana/C/Banana_Bad_IMG_20190923__184135.jpg
29105.5,1668.0356984138489,1.1320754716981132,0.13145413341556084,0.7674691488239637,40.05985655875059,51.27858454884032,68.63466050003352,66.4955494868003,60.903512299751995,38.27680921040415,1628.282824789599,336.01184179363713,0.526545770216507,0.4082214161557803,C,grading/data_processed/banana/C/Banana_Bad_IMG_20190910__175148.jpg
28355.0,1655.709797859192,1.292929292929293,0.1299783675178485,0.6804573979193914,30.895699405273472,34.413953192869165,55.634776032177115,56.30511527750699,60.9379834301626,40.38648078904471,1814.8386810975298,262.7592592592593,0.5475219116270422,0.4235832713820087,C,grading/data_processed/banana/C/Banana_Bad_IMG_20190923__184121.jpg
32877.5,1356.5554703474045,0.9711934156378601,0.22450888677136774,0.7942672158672255,28.338751120406332,33.39245822788647,88.27618763071408,66.69132300482,70.82925007469376,47.78961749178663,1628.2360229723954,339.92144295595836,0.4995300812221726,0.41182208365218465,C,grading/data_processed/banana/C/Banana_Bad_IMG_20190910__175835.jpg
30225.5,2155.505821585655,1.1932367149758454,0.08174947223513972,0.7387027396925483,38.76140193215008,56.40915716074012,96.80341496292968,57.26351050720142,63.531084507494306,38.83624730641437,1257.9834191414297,256.33484544990375,0.4922890598092653,0.3848228112757777,C,grading/data_processed/banana/C/Banana_Bad_IMG_20190910__175809.jpg
32124.0,1451.2245180606842,0.8765957446808511,0.19167711635822038,0.7996017423771001,34.55114937265317,34.02090134250868,81.29251762981959,67.82072045855743,66.73675855542326,41.21701833752286,1831.8117822615395,482.21415672029065,0.39166259125463354,0.3158455292601222,C,grading/data_processed/banana/C/Banana_Bad_IMG_20190910__175846.jpg
31693.0,1668.9890164136887,1.0221238938053097,0.1429770254036808,0.7492346426165175,33.019065247570566,35.41068728003169,85.15026993675768,64.23806684029523,69.64772481875674,47.89071714667924,1852.2179979427199,419.7742978068488,0.4608432959289706,0.37287205229695947,C,grading/data_processed/banana/C/Banana_Bad_IMG_20190910_175827__1.jpg
25786.0,1071.8376548290253,0.6328125,0.282056311275906,0.8711486486486486,20.988693036890396,39.49398289176507,109.12601362926867,55.18404088231152,69.56157916777705,41.1668692757178,946.596348808299,253.7985248447205,0.5107828962488121,0.3617459426444405,C,grading/data_processed/banana/C/Banana_Bad_IMG__8127.JPG
25266.5,980.080294251442,0.9040404040404041,0.3305457942310252,0.8349525792273884,31.940119061515116,41.31283145145878,82.25504844169488,67.76942496163346,53.39010155246878,36.054499880989155,1398.0226497349056,257.8009590284871,0.43593595799592966,0.27133782262496603,C,grading/data_processed/banana/C/Banana_Bad_IMG_20190910_175732__1.jpg
26432.5,1418.0945732593536,0.957345971563981,0.16517248956712177,0.8623277057336269,74.08441486411536,70.45639880907746,77.10109077463487,61.03148117269351,54.763764096875576,33.08343021974935,1635.186658003205,251.13222984603055,0.4708475890538374,0.36188135609705646,C,grading/data_processed/banana/C/Banana_Bad_IMG_20190910__175649.jpg
20282.5,1326.18794131279,0.9795918367346939,0.14491762213290454,0.648936170212766,24.346653250922333,27.285941241183355,72.19242010445116,54.40673946191701,57.95994442048776,40.16838123110866,1971.1295370052237,270.62474623357195,0.5818388205696629,0.4377597696760715,C,grading/data_processed/banana/C/Banana_Bad_IMG__7994.JPG
11585.5,1057.796023607254,0.9675324675324676,0.13011302842498065,0.6355706722988727,31.52615435629611,53.338664580309725,105.38754870264445,60.66933930449177,41.80925142999254,34.156051232887094,2492.9510156098554,159.30427342927342,0.6615618559176191,0.4728312949876996,C,grading/data_processed/banana/C/Banana_Bad_IMG__7758.JPG
23644.5,1226.3401806354523,0.75,0.1975686728881589,0.6707659574468086,64.25567947129285,43.50476021378247,56.058488228004954,59.3512507861033,66.84935976869062,43.30503490023685,1008.779889156007,236.6041803010472,0.6343373724401983,0.5048333909317924,C,grading/data_processed/banana/C/Banana_Bad_IMG__7770.JPG
33015.5,1505.1240121126175,0.9874476987447699,0.1831399849259033,0.7897311390709467,31.505464156322386,34.153152566242525,85.25791411771694,67.17547621429563,70.76973332541426,47.19195683265805,1788.604773064646,368.86117688952186,0.48670334275140376,0.3982063555283138,C,grading/data_processed/banana/C/Banana_Bad_IMG_20190910_175839__1.jpg
23926.5,1255.595013141632,0.75,0.19071720517569704,0.7386090016669754,41.804,39.411960687389644,57.554979591836734,62.40558940903785,67.48885714285714,43.251390426157684,922.5683239694271,246.52002208769628,0.6354388683594885,0.4990746983988294,C,grading/data_processed/banana/C/Banana_Bad_IMG__7764.JPG
25288.5,1340.2123240232468,1.0205128205128204,0.1769235802887951,0.8222298088177916,55.755217996289424,65.16015152030658,82.08677334570191,67.33312539590965,53.26341218305504,33.64057069254729,2022.8730193104223,262.9249935249936,0.44689855316608534,0.33056389041527523,C,grading/data_processed/banana/C/Banana_Bad_IMG_20190910_175651__1.jpg
31334.0,1316.4894551038742,1.1636363636363636,0.2271909007860491,0.8369571024093168,46.736889919178,60.14490186666559,64.47970052001754,57.035449684426254,63.5973623206566,37.59988801556323,1470.2726687593697,180.79729055258466,0.5626205239399001,0.43195760678001205,C,grading/data_processed/banana/C/Banana_Bad_IMG_20190910__175311.jpg
30018.0,1226.038665652275,1.4143646408839778,0.25094773705959567,0.8768603852951057,26.860296281761993,34.86733941174909,63.19824062264953,67.38468991045988,62.27989796919454,38.42680094857775,984.1665261616977,171.02695265951684,0.4869858013347782,0.33883895212642745,C,grading/data_processed/banana/C/Banana_Bad_IMG_20190923_184120__1.jpg
32345.0,2091.7484629154205,1.080168776371308,0.09289623278839412,0.7831624314475611,32.370292383588016,38.168771564614055,90.82658524846589,66.8790222087438,71.33236072674768,48.28211322815899,3264.0209962371855,500.3718706047821,0.5150712030180583,0.4431813871315426,C,grading/data_processed/banana/C/Banana_Bad_IMG_20190910_175515__2.jpg
30920.5,1168.7077108621597,1.100502512562814,0.28447529289128015,0.8141472919244845,71.57558990014628,59.165542884545175,69.23573745468423,55.430194289025806,65.55221649812377,44.09857093544299,1726.6992343273978,299.2245401318519,0.44055010752717827,0.27737923263285846,C,grading/data_processed/banana/C/Banana_Bad_IMG_20190910_175620__1.jpg
22028.0,1575.4844037294388,0.70703125,0.11152101545307205,0.6224620992695367,27.32022348334873,40.5667669335498,79.9905415511856,68.38688439244685,61.56442743390084,37.42875883407036,880.5699486024964,199.80872395833333,0.7200240443506937,0.5056736825566042,C,grading/data_processed/banana/C/Banana_Bad_IMG__7823.JPG
31767.5,1485.2661464214325,0.8803418803418803,0.1809607293511564,0.7995243248684972,35.09912383537977,35.469788497637886,79.03137533164681,68.22774062620762,66.06771765286605,40.802364937650665,1790.5514634243038,476.23539712320195,0.39746339008757126,0.3196968412593597,C,grading/data_processed/banana/C/Banana_Bad_IMG_20190910_175848__1.jpg
23425.0,1002.2152894735336,0.4609375,0.29306733544473657,0.8237942009108333,18.611285528904517,24.29704788559081,89.65557369500607,72.89907366203504,64.51232784963791,38.310578044641886,826.0703124298648,220.356937767094,0.5114642433742173,0.21018174715692572,C,grading/data_processed/banana/C/Banana_Bad_IMG__7837.JPG
28188.0,1461.4499138593674,0.7661290322580645,0.16584647867869673,0.7557915057915058,24.090120415032793,27.10069785916357,94.90981018149009,68.35471879483082,60.656660998716035,39.373606778014285,2077.168678142862,470.9076847584912,0.44767266239048886,0.3782816258291573,C,grading/data_processed/banana/C/Banana_Bad_IMG_20190910__175503.jpg
32446.5,2063.9911024570465,1.0893617021276596,0.0957110495885195,0.7832494478038889,24.74702229156041,28.11759215665846,95.18040262818397,67.07780786095479,71.52548678407489,48.48865798788468,3248.534752582431,497.34853566958714,0.5117176098429017,0.4367000651335131,C,grading/data_processed/banana/C/Banana_Bad_IMG_20190910__175517.jpg
18037.0,792.1807985305786,0.6666666666666666,0.361181540843017,0.8853601668916431,15.818379672452256,17.2678664797262,112.05908917786604,70.47470799905956,56.73437074922466,36.98830457503911,1065.1241943439672,266.9297930110371,0.5212826222743151,0.3501463166453001,C,grading/data_processed/banana/C/Banana_Bad_IMG__8053.JPG
23472.0,1100.2884449958801,0.7741935483870968,0.24363902692684783,0.7447173043974872,42.352290283519146,46.505389041928204,73.4755522151238,64.5408379903777,63.3817278383231,38.043740110531004,978.8882473489015,241.2371009964533,0.6485246859652272,0.49274522965748024,C,grading/data_processed/banana/C/Banana_Bad_IMG__8047.JPG
27217.5,1176.4823169708252,1.3333333333333333,0.24710827428236762,0.754271224486968,83.57778498342701,31.678539575823322,207.22730220492866,74.57112158416452,74.01668107796513,42.75233630541708,370.79908713657,98.10200163398689,0.752054497489904,0.432977231818788,C,grading/data_processed/banana/C/Banana_Bad__IMG20200729190401.jpg
28657.5,1118.5655760765076,0.788,0.28782284758943116,0.7829490191792798,27.367901234567903,32.51635610140971,79.38703703703703,67.88494863896562,62.35641289437586,45.55592998972488,1258.743003951042,243.89785714285708,0.5386497392588767,0.40647916725347527,C,grading/data_processed/banana/C/Banana_Bad_IMG_20190910__175729.jpg
22189.0,845.4701225757599,0.845360824742268,0.39007764695657243,0.8738234946638838,20.049672102091456,30.976989520005716,100.60018610421837,58.19112243158951,62.36906238922368,42.05637425778331,1283.8893989942026,234.8512111820884,0.4905114436575351,0.2879908307882451,C,grading/data_processed/banana/C/Banana_Bad_IMG__8090.JPG
33301.0,1378.9747372865677,0.890625,0.2200667953342745,0.8705916185197773,39.77399097850762,48.797799087210215,86.99979362599133,66.0135909196473,68.11088180665703,41.30849424861399,1889.70557472573,321.5692455947136,0.5024346277383385,0.4154407304504135,C,grading/data_processed/banana/C/Banana_Bad_IMG_20190910__175701.jpg
25491.5,1448.957491517067,0.706140350877193,0.15257871964680997,0.7856955724390883,48.728152739516375,50.84719719614208,77.06362871135599,82.18018522144202,55.757920110192835,38.541580788397546,1775.3463132235825,439.7864309210525,0.374747537255574,0.28168266368135103,C,grading/data_processed/banana/C/Banana_Bad_IMG_20190910__175715.jpg
26886.0,1320.3128303289413,0.8034188034188035,0.1938127621807924,0.8069027611044418,28.652161246859183,46.116803116310386,103.46651615017662,50.87532644215439,78.04934270419868,52.739570505447105,913.3391367657946,314.2144750674163,0.49064490668939464,0.36643289773605064,C,grading/data_processed/banana/C/Banana_Bad_IMG__8084.JPG
30121.5,2436.5596446990967,0.810126582278481,0.06375765939079489,0.7178194816800715,50.052911749615184,33.36521127592081,109.86698306824012,72.71083095808198,102.87233837865573,68.54488544391651,6879.740528148729,1128.095036119027,0.34314156266568707,0.3004868324017206,C,grading/data_processed/banana/C/Banana_Bad__IMG20200730132855.jpg
24967.0,1528.4549654722214,0.6986899563318777,0.13429842855767588,0.7903700655291399,43.93951801591015,49.21628070466633,77.10501481828108,82.08922973921962,54.82272656371861,38.12045703885198,1712.677811775972,439.61769794842223,0.38710019163704606,0.29318947531724904,C,grading/data_processed/banana/C/Banana_Bad_IMG_20190910__175714.jpg
30484.0,1357.6021535396576,1.1111111111111112,0.20784365955608214,0.7844166538006279,38.511740864642306,49.23158761219354,61.6388960370561,64.75266500329619,64.13465002573341,41.94830775506529,1676.30777463383,374.4971137455447,0.5124786301293844,0.3975728638390861,C,grading/data_processed/banana/C/Banana_Bad_IMG_20190910_175147__1.jpg
27554.5,2883.7698830366135,0.75,0.04163716916722096,0.6633165224299178,72.02014728359039,51.90868800959369,71.45348756426289,66.70904222911695,98.70553702931777,67.02727696920084,9420.387593704792,1254.3664103403141,0.4298710560257787,0.3957996542364679,C,grading/data_processed/banana/C/Banana_Bad__IMG20200730132854.jpg
24026.0,1147.5188933610916,0.863849765258216,0.2292828900809636,0.7511411242418559,20.002608837436817,32.231147777378766,113.727865644872,54.7390572684127,68.50957932496331,46.095715268559836,1007.6431738888093,270.41755817234923,0.5184968547764287,0.36697477943074375,C,grading/data_processed/banana/C/Banana_Bad_IMG__8085.JPG
22765.0,852.7838315963745,0.8571428571428571,0.3933685212721441,0.8719215596154583,19.2795731443878,29.81045849491246,100.6715199170483,58.515877374108065,63.72582735677871,42.43887961016923,1282.7512941479174,233.99367591347914,0.4982085612869065,0.2937732193986184,C,grading/data_processed/banana/C/Banana_Bad_IMG__8091.JPG
18095.5,3215.132360100746,0.75,0.02199797673994567,0.4676141869629821,77.02994504083415,54.76608091868219,88.0374955056757,75.21334547967072,75.6473881555293,56.46934212668156,11535.055420904937,863.8929769306285,0.611167045334752,0.5849603429268888,C,grading/data_processed/banana/C/Banana_Bad__IMG20200730132840.jpg
32458.0,1199.5777678489685,0.9201680672268907,0.28344891795750565,0.9093659821253467,38.866707076829826,50.5692037076172,90.98330050007577,64.84494189078136,66.60739505985755,40.60584984383144,1833.5178138254591,291.0764012026829,0.45993564779759655,0.36379416257189123,C,grading/data_processed/banana/C/Banana_Bad_IMG_20190910__175700.jpg
26759.0,1215.7199022769928,1.4134078212290502,0.22751639127273762,0.8013956065347928,80.68006006885942,32.68572495455927,199.3284374771079,76.24470710998813,72.86638341513442,42.38311136039497,324.341572181527,129.27223552363216,0.7088896090510224,0.39222091194804787,C,grading/data_processed/banana/C/Banana_Bad__IMG20200729190400.jpg
22905.0,1493.567663192749,0.7966804979253111,0.12902989849394483,0.8227666223643091,42.03718166383701,39.6366623370979,69.40853140916808,66.81195352888473,63.97398132427844,40.676393337917794,1532.0093769832813,332.225891247203,0.6448229499665926,0.48422100282889136,C,grading/data_processed/banana/C/Banana_Bad_IMG__8046.JPG
17809.5,1011.4528777599335,1.0909090909090908,0.21876119250608234,0.6842176034423143,20.594371132891638,30.344012280452958,69.94776323714615,58.68993498738783,48.94349230684991,29.121398203512896,1982.7086525830355,133.88791051880062,0.6726241636324704,0.456775313493623,C,grading/data_processed/banana/C/Banana_Bad_IMG__8052.JPG
32534.0,2068.0916088819504,1.0756302521008403,0.09558896986176955,0.7846135294826962,25.970318951588773,30.369592463228535,93.519059302256,67.77036544910118,72.04173897432828,49.22130841684195,3368.340091208315,507.5718734552645,0.5158573065932742,0.44285406115352044,C,grading/data_processed/banana/C/Banana_Bad_IMG_20190910__175516.jpg
28644.5,1472.7219911813736,0.7569721115537849,0.1659623463196089,0.7543783413657792,24.346948533178512,26.52929645824965,93.4786721764967,68.68996301086499,61.32983846180117,39.44197974321942,2102.094772962096,467.83275364151865,0.44410649430174487,0.37603800147817235,C,grading/data_processed/banana/C/Banana_Bad_IMG_20190910__175502.jpg
22077.5,1252.0214191675186,0.72265625,0.17698491029065008,0.6144159187365199,22.74928233891269,38.17944581057504,96.79079627257872,68.98542858184457,60.88234774544009,36.34690610095304,985.8378791241753,170.1213697350543,0.7224135054499901,0.5187286356480704,C,grading/data_processed/banana/C/Banana_Bad_IMG__7836.JPG
21838.0,1590.312829732895,0.70703125,0.10850696107353856,0.6118200792861446,25.075217314174207,38.57554719712319,88.36464431435161,70.91638565529034,61.252616640056765,37.23195080924026,860.5034481928988,195.39733072916673,0.7247159660618248,0.5097208217655892,C,grading/data_processed/banana/C/Banana_Bad_IMG__7822.JPG
29488.0,1243.3767576217651,1.0776699029126213,0.23968987679556136,0.8705201629568401,39.850852083610704,39.84179148450813,58.64788310477966,56.92962753135952,59.794401544401545,36.22603147951413,678.0199687443887,176.40401089487324,0.5257934361212405,0.3414973741421931,C,grading/data_processed/banana/C/Banana_Bad_IMG_20190923_184104__1.jpg
23731.0,1611.449912428856,1.0655737704918034,0.11483976126114166,0.8102497567304573,59.343932883159404,64.95361887055462,73.64272559852671,57.01681262769135,53.970493145078784,37.14350346458737,1359.8573879438643,265.9030195481944,0.4697621275226784,0.30973990766264486,C,grading/data_processed/banana/C/Banana_Bad_IMG_20190910__175304.jpg
32877.0,1828.3514935970306,0.9356223175965666,0.12358980981026932,0.8303425980881183,24.276022940005348,27.96417738036258,94.37916381897602,67.98038390954837,71.73684366921225,48.231299053699715,3254.0976931994614,514.0406241965151,0.41837458692777607,0.32795142547136436,C,grading/data_processed/banana/C/Banana_Bad_IMG_20190910_175531__2.jpg
32175.5,1521.0996268987656,1.1327433628318584,0.17475107211707405,0.823450376209244,44.928136604370856,57.69993713861425,66.06315821513363,56.518687928738494,66.71300298289401,41.03017896721418,1670.0422736308394,235.59748394933192,0.5542896517780997,0.43002656855586135,C,grading/data_processed/banana/C/Banana_Bad_IMG_20190910__175310.jpg
30983.5,1774.001209139824,1.0987124463519313,0.12371789342760639,0.7546459799790535,32.25932224741749,34.43842421449705,86.2029793398841,69.7392497113869,68.85267069790879,49.441771945382264,2338.2731324276515,367.7107969368004,0.5478119153022001,0.4619439031217453,C,grading/data_processed/banana/C/Banana_Bad_IMG_20190910_175604__1.jpg
23522.0,1478.690466284752,0.75,0.13518532953577572,0.7088889893464732,40.70517483673638,38.87650202065874,59.092626270976275,62.87871239039723,65.67868066462759,40.2903706208259,1058.2104868089987,266.96359620418843,0.6341206062960103,0.5047444434954235,C,grading/data_processed/banana/C/Banana_Bad_IMG__7765.JPG
23870.5,1230.624450802803,0.75,0.1980707293058478,0.698948817053174,65.19534255545551,42.34006235623881,61.26958336743881,57.054476413394966,67.28194319391012,43.44803181011684,1089.3419161836307,261.7765461387435,0.6372076838564817,0.5005675870444706,C,grading/data_processed/banana/C/Banana_Bad_IMG__7771.JPG
27909.0,1128.2640603780746,1.2525252525252526,0.2755069956707284,0.8171995783555868,53.27784034914825,46.606320575281146,65.05159791637337,52.36703843043771,57.615373785724344,36.84790761024401,1041.6365658906066,138.38561730666999,0.5669695280503099,0.4197036552934561,C,grading/data_processed/banana/C/Banana_Bad_IMG_20190923_184108__1.jpg
12929.5,573.8061293363571,1.4390243902439024,0.4934705376162213,0.8347806437033929,35.15363043807791,60.31927683361957,125.02971047445808,47.224341425082045,37.29680157647415,29.63786754712838,1693.6078614886264,68.36141906873615,0.6547480755243199,0.3987804440876496,C,grading/data_processed/banana/C/Banana_Bad_IMG__7759.JPG
20068.0,1328.0874336957932,0.9948186528497409,0.14297516996352913,0.6479923795992831,21.374322230828813,27.78421692495806,75.01592757552285,54.7542206458548,57.46853214562355,40.07714623526534,2084.6531325649576,242.5346824729404,0.5843866116657138,0.43491935143471017,C,grading/data_processed/banana/C/Banana_Bad_IMG__7995.JPG
26534.5,1391.124011039734,0.9619047619047619,0.1723015082676468,0.8509693247598736,69.85307340801887,68.79488222034111,80.115234375,63.93570939589449,55.08368956367924,33.686792741311685,1719.266218044516,253.3401326699834,0.46849755905864343,0.35688808925191884,C,grading/data_processed/banana/C/Banana_Bad_IMG_20190910__175648.jpg
23693.0,983.4356336593628,0.7737556561085973,0.307849205893275,0.8476468168076847,15.631238600563753,23.815221904007885,107.69312717625601,64.95654364737527,63.87340407892555,37.69700992285588,1179.5269105794061,245.80987490018634,0.5087442785968312,0.35718752990863994,C,grading/data_processed/banana/C/Banana_Bad_IMG__8126.JPG
31726.0,1457.9940687417984,0.8760683760683761,0.1875485321321524,0.8021440400490499,35.16113978428161,34.84483187693682,79.00312142658467,67.8324023463015,65.78882467472262,40.44016634208065,1800.586455677318,467.3651541813307,0.39541667022871924,0.31768373328941724,C,grading/data_processed/banana/C/Banana_Bad_IMG_20190910__175847.jpg
32450.5,1547.0651369094849,0.8666666666666667,0.17037821266933556,0.7871844942811745,34.064784905660375,33.68231918317742,82.97965283018868,68.6294468480677,67.65950188679246,41.881252624679306,1823.6839149032683,489.9274758454107,0.40293684063708196,0.3289115177373215,C,grading/data_processed/banana/C/Banana_Bad_IMG_20190910__175845.jpg
23641.0,1058.8914773464203,0.7433628318584071,0.26495541595063,0.8351201935814332,15.930515224425454,24.02242568397383,113.85841699162035,63.7386468896662,63.53812328880777,36.84652787990813,1183.6419403418035,247.11870065179374,0.5083947523600661,0.36038892227712244,C,grading/data_processed/banana/C/Banana_Bad_IMG__8118.JPG
26513.0,1222.2051844596863,0.65625,0.22303883738114516,0.8533449202594184,18.827851282430334,35.19792202189553,111.77071476088403,55.4026184055163,71.57118042723039,41.66925345696667,966.3171186895868,300.0914811002994,0.5023079646647937,0.3656844386921925,C,grading/data_processed/banana/C/Banana_Bad_IMG__8130.JPG
24603.5,1070.849846124649,0.8767772511848341,0.2696184448545078,0.8507434301521438,35.00259191323072,47.323059081894144,75.32327139325305,71.24899089249263,55.54346439109977,40.25001622208639,3012.151100690346,444.3807953842982,0.455274231502504,0.3554218365827024,C,grading/data_processed/banana/C/Banana_Bad_IMG_20190910_175407__1.jpg
23447.0,992.6072065830231,0.7567567567567568,0.2990489621514687,0.8420239890828126,16.119248000669934,25.164978716869367,109.15148850646904,64.36954058791456,63.27835699032785,37.413372975998655,1222.0015932166482,246.10106813400228,0.5009827016170273,0.3548525273262492,C,grading/data_processed/banana/C/Banana_Bad_IMG__8124.JPG
25209.0,950.239675283432,0.9086294416243654,0.35083197089771334,0.8334655822257488,31.08995513945777,39.85524840681067,81.53637604837137,67.41018219467914,53.285157011897795,35.872211867262536,1421.6907240719527,257.5818741801175,0.43405605134944264,0.2693577038311616,C,grading/data_processed/banana/C/Banana_Bad_IMG_20190910_175732__2.jpg
29683.5,1326.4722108840942,1.2281553398058251,0.21199648460761078,0.7397388292172353,28.527454737676756,24.09992124635787,52.430289414563234,68.66833254106291,61.047574996696184,36.61705917282484,1561.9813522271156,282.08485513946687,0.49894150440023943,0.41679515414263685,C,grading/data_processed/banana/C/Banana_Bad_IMG_20190910__175138.jpg
33219.0,1983.3220576047897,1.0940170940170941,0.10612310170157156,0.811872960785991,39.752568241855,45.35012412823998,88.21543880246551,64.2567331642928,72.32788376871147,48.325083685904666,3013.7358369408566,500.85483492542323,0.4993843097181195,0.4223620587854364,C,grading/data_processed/banana/C/Banana_Bad_IMG_20190910_175519__1.jpg
28019.5,1407.6437834501266,0.8278688524590164,0.17769888868976774,0.7032300973797811,51.1123407226392,34.076187311957106,66.06755105603072,83.12356241785342,64.36495025309827,48.82853853996495,2670.2359423638973,450.04055541962316,0.48434422564369367,0.41341503315143435,C,grading/data_processed/banana/C/Banana_Bad_IMG_20190910_175348__1.jpg
27387.0,1106.1219248771667,1.2216216216216216,0.28128613413473863,0.8104820810274925,90.14651554822281,62.66573133819314,66.58039525124637,48.473331417251416,55.63143359276927,32.9584856638364,660.1375572659566,158.00355555555558,0.4821128950191925,0.3324759017888596,C,grading/data_processed/banana/C/Banana_Bad_IMG_20190910_175419__1.jpg
20044.0,1289.3178828954697,0.9896907216494846,0.15152149452182542,0.6475310536432506,23.42205839557668,27.830112188579964,71.42215539819576,56.57375585514431,57.15830827432341,39.6714494997646,1897.5485442211752,242.81035785610183,0.587143434289258,0.43931059155493696,C,grading/data_processed/banana/C/Banana_Bad_IMG__7997.JPG
24033.5,1346.7077116966248,0.75,0.16652528732836502,0.7223775172828374,49.80136319376826,41.89803151944415,56.26038623823434,61.86696841054829,67.82120253164557,43.694494181683034,912.0581440093616,262.19330824607323,0.6246957722580704,0.4959438129529815,C,grading/data_processed/banana/C/Banana_Bad_IMG__7767.JPG
23605.0,1236.867091536522,0.75,0.19389553101018228,0.7025088539031576,65.03247693517025,44.560228677534106,57.10107153200116,57.976099270673195,66.6708865996442,42.950467550597736,1175.1611610348855,257.43285749345546,0.6342062860288612,0.5055718280698946,C,grading/data_processed/banana/C/Banana_Bad_IMG__7773.JPG
24472.5,1459.9036717414856,0.75,0.14429118480539382,0.612831332089599,20.31131625019895,30.06466468490443,90.09999204201814,66.14375381717917,71.74323571542257,49.241683146161904,1348.0482851399313,273.91299901832457,0.6068434852716887,0.48546987165881667,C,grading/data_processed/banana/C/Banana_Bad_IMG__7798.JPG
29837.0,1190.8569868803024,0.8046875,0.2643904720222146,0.802145363139005,20.918289347962176,24.238968060804726,94.83269085038384,65.92058895950126,67.18977957892656,47.05704922227118,2988.5689512528425,455.7868140243903,0.49646240227651817,0.41909737138289865,C,grading/data_processed/banana/C/Banana_Bad_IMG_20190910__175448.jpg
24363.0,1276.2295699119568,0.6363636363636364,0.1879676117399372,0.8073500903020563,41.06897243510011,61.110500051649126,79.03338281908277,56.481354540457716,52.83761986919713,35.137496444197815,1357.212865837714,248.34408253659598,0.48280645591972504,0.3273576059125211,C,grading/data_processed/banana/C/Banana_Bad_IMG_20190910__175306.jpg
30542.5,1252.7909715175629,1.1689497716894977,0.24454411549087232,0.83422102043046,49.719062469858216,62.9899721407494,62.268334244285114,55.180625292382125,62.352699096550175,36.90761925791521,1383.141203869672,166.70896230638374,0.5746066630086225,0.4448962563133395,C,grading/data_processed/banana/C/Banana_Bad_IMG_20190910__175312.jpg
32588.0,2064.719025373459,1.0756302521008403,0.09606067907545193,0.7855369410630348,25.676227181739417,29.89355913027154,93.86199994024678,67.15306420246483,71.98613725314452,49.00712675050228,3431.1384794683613,511.12278793870496,0.5157290654449359,0.4418487254738698,C,grading/data_processed/banana/C/Banana_Bad_IMG_20190910_175515__1.jpg
21942.0,1402.6315908432007,0.71875,0.14015185250104076,0.6193231533489514,24.89477648309778,43.39180099623921,98.03132337955783,65.1358629766452,60.50587036462718,36.07525643808357,1126.711919531705,192.80970372267757,0.6959439633330555,0.5161770036621456,C,grading/data_processed/banana/C/Banana_Bad_IMG__7834.JPG
21827.0,1592.31283056736,0.70703125,0.10818003641567321,0.6009967509224077,24.95185908243855,38.29927939248534,85.62334723577958,70.23629526490559,61.29545656225042,37.26627554572123,891.5741758385274,195.11254340277782,0.7266992779186079,0.5101349100392281,C,grading/data_processed/banana/C/Banana_Bad_IMG__7820.JPG
22927.5,1498.5310852527618,0.734375,0.1283024807285573,0.6386401303603014,20.596788543829174,35.49565610315126,94.44363004702792,66.65073740084078,66.93403380926154,47.05021799765847,1837.0882751668616,311.40731534090907,0.6642209357552235,0.5039722815036729,C,grading/data_processed/banana/C/Banana_Bad_IMG__7808.JPG
33730.5,1851.1971675157547,1.0847457627118644,0.12368792071352012,0.8175109064469219,40.34304582054104,45.89033398071543,87.64224063024967,63.013271083372175,73.32262642646121,49.05171049518613,2970.3271501862228,482.7120471917581,0.4971791304691368,0.4208572407848425,C,grading/data_processed/banana/C/Banana_Bad_IMG_20190910__175514.jpg
28426.5,1442.2367094755173,0.7529880478087649,0.17173553352272866,0.7578278082137002,24.35684533030397,27.197842543743445,93.08316981651691,67.82344932403583,60.9210988330063,39.276095733269116,2100.866114802201,475.7488768330931,0.44573162176562203,0.3768930576159671,C,grading/data_processed/banana/C/Banana_Bad_IMG_20190910__175500.jpg
21157.0,893.5533829927444,1.0726256983240223,0.3329836758926992,0.7987993657026353,19.691829443696932,27.97386874702738,94.36264093165684,66.85654421039986,58.210040365610354,35.870939044809035,894.0360818625616,239.73947760975756,0.5114544174276884,0.36658038712715046,C,grading/data_processed/banana/C/Banana_Bad_IMG__8078.JPG
22111.0,1163.8376549482346,0.9056603773584906,0.20513201211954543,0.7669973636742057,47.69498188885944,40.33430669953626,62.73628412403922,55.87644669742877,60.155755808817034,36.157550285709334,460.60501475560693,181.63679245283015,0.6360847171720817,0.44282119424086686,C,grading/data_processed/banana/C/Banana_Bad_IMG__8044.JPG
18029.5,1019.2518675327301,1.0847457627118644,0.21808736999393125,0.6976550710056882,21.844081367669336,33.0184535913494,70.2322549231768,59.06663200418173,49.43718892014716,29.33051961503819,1826.2829955317402,132.4311533114444,0.6577411228704755,0.45274662771145174,C,grading/data_processed/banana/C/Banana_Bad_IMG__8050.JPG
24856.5,1099.2762526273727,0.8317757009345794,0.2584854775090369,0.8027418495373735,21.033308338924186,32.89879737813802,109.06152571135404,55.23404099785467,69.96329768341292,46.03270296826619,1029.3716116220348,284.452795818153,0.4925199667184505,0.3278388285183375,C,grading/data_processed/banana/C/Banana_Bad_IMG__8087.JPG
24812.5,1395.300637602806,0.7030567685589519,0.1601565860800169,0.7914294371880133,43.93047854980142,49.17935366859796,78.75978136919508,83.18774120760922,54.655459871809995,38.51777121280035,1804.967160872204,424.9751364628822,0.3968775555278618,0.3043058542521071,C,grading/data_processed/banana/C/Banana_Bad_IMG_20190910__175716.jpg
18739.5,2735.80437207222,1.0104166666666667,0.031462830059999544,0.5543328748280605,46.08018678449488,30.85010061016692,108.11980317332798,79.0981756891433,88.48332998594095,70.25331016508906,14880.25612417565,1608.561852331607,0.47123181946683224,0.4425090718969067,C,grading/data_processed/banana/C/Banana_Bad__IMG20200730132842.jpg
24109.0,1273.0823830366135,0.8135593220338984,0.18692872518424702,0.7011079768517172,22.729588318799433,35.66341229451308,106.62092881768405,59.25588643411744,65.96771445954168,39.07308010841687,829.9793828657208,270.2974310054131,0.5782309033628467,0.44807921776663984,C,grading/data_processed/banana/C/Banana_Bad_IMG__8093.JPG
23158.5,863.8548988103867,0.8724489795918368,0.3899767264930465,0.8721777610394501,20.10541963982331,31.321779505788275,100.99706931702345,58.683051297540594,64.6261043153245,42.698221358925124,1235.6103711800756,240.83484393757504,0.49616263126405097,0.2944257220162445,C,grading/data_processed/banana/C/Banana_Bad_IMG__8092.JPG
21645.0,3349.3161247968674,1.1927083333333333,0.024246841502287342,0.5249690766656157,39.13929809358752,33.07810668657331,111.72261698440208,77.84502117730125,90.13851819757366,65.29561234277902,13825.281013399264,1608.7243238304093,0.4747373088295733,0.45035057737894174,C,grading/data_processed/banana/C/Banana_Bad__IMG20200730132843.jpg
25533.5,3667.784160375595,0.75,0.023851333912710923,0.5442328391930344,54.71926395751899,42.52582706853476,111.07463677262335,77.3967180859034,80.46194409617229,51.918248661506446,4341.052059557289,862.9452715968587,0.4665010847299338,0.4279182862881347,C,grading/data_processed/banana/C/Banana_Bad__IMG20200730132857.jpg
24272.0,1135.5188930034637,0.8425925925925926,0.2365520404114159,0.7623355004868243,20.218674309704504,32.39815205830059,113.79375908283546,55.05375047562129,69.11642176651057,46.43086751030747,1047.9058119086371,280.6774861878453,0.5152141022106209,0.36253307511726734,C,grading/data_processed/banana/C/Banana_Bad_IMG__8086.JPG
15882.0,999.8132698535919,1.1851851851851851,0.1996536538477271,0.604326401704686,65.43491033722994,41.5311907141939,154.7101413795214,51.25611670163034,64.38496848032315,39.017623770567894,152.13398610551295,89.65335143171095,0.7767707291215654,0.4752975450548426,C,grading/data_processed/banana/C/Banana_Bad__IMG20200729190403.jpg
17561.0,1015.4945075511932,1.1098265895953756,0.2139951592301609,0.6922364349488539,20.877255315605396,30.35546327136852,70.74257480708377,58.81675166980551,48.27124854271915,28.871897193370344,1731.332150802871,136.99845655660803,0.6723379385741474,0.4550258385636534,C,grading/data_processed/banana/C/Banana_Bad_IMG__8051.JPG
24168.5,1045.9970334768295,0.8,0.2775867009388914,0.8363815687020919,28.83950817676419,44.03451233732294,71.95333360386317,72.60939238209032,66.87655723734935,41.94343396874854,1417.0465034951103,212.92048429319374,0.6327667770255458,0.4641708496024869,C,grading/data_processed/banana/C/Banana_Bad_IMG__8045.JPG
22020.5,991.5950136184692,1.0786516853932584,0.28142869156230654,0.7804259994329459,18.47578131956193,24.223906130476472,89.8532632891105,66.97368251734218,61.513890125545366,40.24301080142332,1292.785307233009,281.9792046590976,0.48543938026875794,0.33778384624406627,C,grading/data_processed/banana/C/Banana_Bad_IMG__8079.JPG
28602.0,1517.3910382986069,0.7470355731225297,0.15610299543270229,0.7554276055147642,24.40384220961236,27.015095334890294,91.89327955151433,67.5010415256982,61.32248581390579,39.39135874359906,2034.6145563363016,479.53521570936016,0.44570692781953836,0.37727869303558076,C,grading/data_processed/banana/C/Banana_Bad_IMG_20190910__175501.jpg
32952.5,2106.334249138832,1.0847457627118644,0.09333481130200211,0.7911479778639424,26.312117900705868,30.453288885161506,92.6284591984406,67.84414508699508,72.46891520718273,48.858356692312135,3365.591046283725,511.0895314057826,0.5065325582423094,0.4305269598102129,C,grading/data_processed/banana/C/Banana_Bad_IMG_20190910__175515.jpg
23319.0,1432.288445353508,0.73828125,0.14284294967806518,0.6390167707990793,20.49106919288874,35.85011236032377,94.72427176362574,64.6411599675791,67.2944662382105,46.5880399413809,1630.4931093062537,275.4528341090425,0.661595906824288,0.49975236240543836,C,grading/data_processed/banana/C/Banana_Bad_IMG__7809.JPG
22305.0,1712.881372332573,0.70703125,0.09553390249951157,0.583839388545702,23.988945725680598,36.615795747597154,90.05886942951274,69.13166308797082,62.08041442691174,37.16576022268937,888.3791692590602,217.57855902777777,0.7155141125880412,0.49791860776623675,C,grading/data_processed/banana/C/Banana_Bad_IMG__7821.JPG
33313.5,1827.3393025398254,0.9399141630901288,0.1253694546944847,0.8349771288927877,24.53072297990908,26.84310902916356,93.65012465170847,66.80587153048444,71.71368235811703,47.37323819971479,3049.336698525877,487.47582391621063,0.41340090998076595,0.3222432223982964,C,grading/data_processed/banana/C/Banana_Bad_IMG_20190910__175529.jpg
21926.0,1271.7199038267136,0.775,0.17036733766794235,0.6337085796037515,24.65866559985776,43.33876101277607,97.5086900475619,64.17147323470614,60.31266391074365,35.921831094072935,1173.4007240701399,171.22900900900905,0.6829427676624896,0.49217773530423975,C,grading/data_processed/banana/C/Banana_Bad_IMG__7835.JPG
30614.5,1288.589961886406,1.158371040723982,0.23169013742561395,0.8306179203689886,44.32968900288554,57.72608168608686,62.673260660468095,55.100886573327585,62.36159025328631,36.83863758534925,1500.5953988252377,166.25003992547244,0.5778677351464759,0.44844679276466504,C,grading/data_processed/banana/C/Banana_Bad_IMG_20190910_175311__1.jpg
30263.5,1368.7320959568024,1.158371040723982,0.2029981661077273,0.8350048974298839,46.526508404313894,59.93014187157646,61.036434886808955,54.94487605849308,61.960682708812385,36.72055915439704,1545.8472837032332,173.94820335373973,0.5805527367100574,0.4536389803966977,C,grading/data_processed/banana/C/Banana_Bad_IMG_20190910__175313.jpg
33001.0,1857.866213440895,0.9316239316239316,0.12014566081212591,0.8316155532595821,24.20812002485722,29.023143026124515,92.78297280501879,67.41522926256134,71.88331903056846,48.256180135643234,3079.5083534153086,507.0159911772815,0.4203249160079596,0.3276783008045309,C,grading/data_processed/banana/C/Banana_Bad_IMG_20190910_175531__1.jpg
24457.0,1420.6559760570526,0.6326530612244898,0.15227731215070187,0.8025398283811055,36.627516644739465,54.2188789558338,78.65534425706655,56.22943012327538,52.504445241797235,33.935787791553075,1548.8531462039969,258.76196660482384,0.48870799502512785,0.33377166640121797,C,grading/data_processed/banana/C/Banana_Bad_IMG_20190910__175307.jpg
27473.0,1514.999122619629,0.9174757281553398,0.15041501367441135,0.7624082476515561,41.57167726578321,55.78717193938304,79.52197392262053,70.20233337601576,62.51454861974633,45.0589933936423,2606.9343560868374,484.62843420780814,0.38528795982261477,0.27313326740700417,C,grading/data_processed/banana/C/Banana_Bad_IMG_20190910_175431__1.jpg
30034.0,1186.1706944704056,0.80859375,0.2682431621948516,0.8010134684624617,20.830997904662127,24.3415983560765,94.6567247249869,66.35319427683413,67.69951545311682,47.44172701101091,2976.840791150262,469.81255688713594,0.4958134369775847,0.41773160072725,C,grading/data_processed/banana/C/Banana_Bad_IMG_20190910__175449.jpg
24171.5,1372.7320972681046,0.68359375,0.16119140809600466,0.6293678071134718,19.581917940856094,27.956747232171182,93.22616694234881,67.41693804412287,71.13281155444386,49.2571471191241,1590.7714682911158,280.55731411637936,0.5687121436164309,0.44254786109396127,C,grading/data_processed/banana/C/Banana_Bad_IMG__7799.JPG
23839.0,1224.523945569992,0.75,0.19978520946416303,0.6996448801103513,67.3515042216575,43.459854764334445,59.279449135175014,57.43733891916651,66.91650954996311,42.389189493683226,1074.223854182495,248.00355857329845,0.6360278216299813,0.5010618405385029,C,grading/data_processed/banana/C/Banana_Bad_IMG__7772.JPG
24082.5,1309.050857782364,0.75,0.17660312890592264,0.7178306357864616,41.134932533733135,38.157817965251816,57.76907492199846,62.858504422098044,68.23250536893715,44.34179354440341,968.5427388333611,260.8429523887434,0.6258226841604728,0.49519543631516527,C,grading/data_processed/banana/C/Banana_Bad_IMG__7766.JPG
19888.5,1357.158502817154,0.9896907216494846,0.135690908352545,0.6456466692637319,26.096778916544658,28.207942115821155,68.03445583211322,54.721748640189304,56.76920448999512,39.47941965483718,1763.9521070223059,266.98302477465325,0.5886023722847143,0.44135755914878344,C,grading/data_processed/banana/C/Banana_Bad_IMG__7996.JPG
28087.5,1448.9574917554855,1.1173708920187793,0.1681170110299293,0.6344804996781007,61.436064318529866,51.67165527912834,52.361165251287765,56.83763128256915,57.15672420994014,33.79166712445665,1336.0522644273256,185.4325389750599,0.5690555322154296,0.4309185419104755,C,grading/data_processed/banana/C/Banana_Bad_IMG_20190923__184144.jpg
23700.5,992.3645671606064,0.7623318385650224,0.30243000308072937,0.8411143642977553,16.347681982019306,26.35747686491776,104.94941376310229,64.68557047986226,63.936487550234084,37.86726010535251,1252.1886675365256,248.35871786027016,0.5017887636866833,0.3581484557034421,C,grading/data_processed/banana/C/Banana_Bad_IMG__8125.JPG
30449.5,1724.8397415876389,0.9609375,0.1286152687285856,0.7168467641311769,38.67971302286849,48.418079208912104,62.258503619242845,59.46834483530271,62.884280315162385,37.95099690640343,1500.270618843917,280.9293526785714,0.6069810968677247,0.49972448292894583,C,grading/data_processed/banana/C/Banana_Bad_IMG_20190910_175203__1.jpg
24053.0,1068.9747395515442,0.8458149779735683,0.2645112999459517,0.754852578888732,15.954805025289607,23.640401276686056,111.98311306901616,63.69309834664126,64.83439386523087,38.38409014856801,1154.415684662921,245.9811103166732,0.561708574332341,0.4330964821677123,C,grading/data_processed/banana/C/Banana_Bad_IMG__8119.JPG
28499.5,1546.780865907669,0.8765432098765432,0.14968887436270764,0.7260649138897382,96.27232846665295,69.4642176990753,67.6769483857701,48.781209277996474,63.49143190074714,42.13871301246589,1332.993161265592,261.9102803012657,0.5508525343682698,0.43309128332580227,C,grading/data_processed/banana/C/Banana_Bad_IMG_20190910_175303__1.jpg
33451.5,1540.9230023622513,0.8448979591836735,0.17703681361080714,0.7898539603083716,31.139750915750916,32.6018065199298,84.31290842490843,66.76639253821149,69.43478388278388,42.761115509365375,1610.72192944259,506.5411333465425,0.39329163378717164,0.31911148780475357,C,grading/data_processed/banana/C/Banana_Bad_IMG_20190910__175844.jpg
24121.5,1036.3056908845901,0.7577092511013216,0.2822528974382474,0.830029937029008,17.274181078331637,29.63319505129381,103.02518819938962,64.77034141879973,64.85599186164802,37.64913315161595,1214.5156877090146,254.58162660689896,0.5059215029169332,0.36528194980489903,C,grading/data_processed/banana/C/Banana_Bad_IMG__8121.JPG
26086.0,1568.5382252931595,0.7713004484304933,0.13323770398541637,0.7842936816945025,85.25123244696744,57.08788184313791,58.76396773229758,61.20364573880163,56.37757693456827,35.96485431759362,2510.4704226681465,364.1288385387983,0.4021274101126756,0.2957493859557802,C,grading/data_processed/banana/C/Banana_Bad_IMG_20190910_175409__1.jpg
33020.0,1497.3666524887085,0.9833333333333333,0.18506769644632595,0.7905668282755731,31.359980994238878,34.40925459807539,83.91604798954683,67.01195812802045,71.0135119082972,47.5188495848676,1823.52076622517,373.3583156028368,0.4866431337304304,0.400515097451149,C,grading/data_processed/banana/C/Banana_Bad_IMG_20190910__175840.jpg
19992.5,943.1686081886292,0.9491525423728814,0.2824218500443876,0.8025571032877042,22.19151645768025,31.151944257259572,99.187940830721,62.93433637605001,54.752889890282134,32.99055442849743,1549.792856606345,210.58442437159582,0.5066084486022455,0.30665710419509795,C,grading/data_processed/banana/C/Banana_Bad_IMG__8109.JPG
18048.5,1013.1097321510315,0.57847533632287,0.2209723850360813,0.7089380756918122,51.623932547832666,66.29991723309202,75.2103556372284,66.10760060408862,42.22802940222679,26.88929544425191,1923.1992513466619,137.71076233183857,0.5561516627425046,0.3564604659885572,C,grading/data_processed/banana/C/Banana_Bad_IMG_20190910_175325__1.jpg
21295.0,1406.8082166910172,0.625,0.13521277188488645,0.6129380441821976,26.478784011667653,43.031666515923625,83.0785743585069,60.53102466341667,58.58506904881273,34.66857968565131,1038.1305210018159,131.29697327044028,0.7079959224897642,0.4624050668038369,C,grading/data_processed/banana/C/Banana_Bad_IMG__7762.JPG
12603.5,955.6538891792297,1.3241379310344827,0.1734202334865848,0.590853687122029,105.51381215469613,65.11744684887816,74.8446132596685,78.1279468894633,56.04343155310006,42.038513336834924,1563.5118318642963,209.37212493229825,0.6510462047427418,0.5294661029429821,C,grading/data_processed/banana/C/Banana_Bad_IMG__7776.JPG
33717.5,2052.250987768173,1.103448275862069,0.1006014599782093,0.8064940501106261,30.475783146457058,35.457643757267434,88.01153045890648,66.1974992026496,73.54776904404115,49.43410430124535,3211.97875441524,532.2609026369169,0.4865290081629871,0.40901606415078096,C,grading/data_processed/banana/C/Banana_Bad_IMG_20190910_175517__1.jpg
20522.5,1416.8153564929962,0.9846153846153847,0.128473518275693,0.6551371885524573,24.10376778707512,28.249949100008262,70.25504656549899,55.90088928591115,59.305441308561434,41.64937373497687,1953.4294911858976,308.87627869512687,0.5708419002992535,0.4270106640479301,C,grading/data_processed/banana/C/Banana_Bad_IMG__7992.JPG
28588.0,1549.3666521310806,0.8493723849372385,0.14965293170686805,0.7302171136653896,97.53204865381987,69.23349467438112,67.35369687030203,48.59109229804938,63.18621019543529,41.31981386348894,1642.2789843894634,278.03347280334725,0.5150622412899897,0.39410828181640284,C,grading/data_processed/banana/C/Banana_Bad_IMG_20190910__175303.jpg
30833.5,1813.2072724103928,1.0847457627118644,0.11785222468069063,0.7507913704100516,41.40228831505421,51.25751186256105,57.57615600998767,56.578482063764,63.34858876702803,37.9925336363358,1681.9022982136264,227.08276836158197,0.5845487178994392,0.47435053178112885,C,grading/data_processed/banana/C/Banana_Bad_IMG_20190910__175317.jpg
28256.5,1481.2072732448578,0.75,0.16184398339986691,0.7494894034640991,23.011108803986712,25.154967812824932,93.53052325581395,67.72796016203795,60.72172619047619,39.376376296631456,2051.767181910894,477.1673421141507,0.451497784695394,0.38252860554762563,C,grading/data_processed/banana/C/Banana_Bad_IMG_20190910__175459.jpg
13077.0,752.6416965723038,0.6787564766839378,0.29009579815003805,0.7139659314260756,29.392170022371364,44.70038676590076,101.82945563012677,62.281566371569575,41.27874720357942,35.391556481285285,4265.05437486063,359.7548824232761,0.6090994041558755,0.4630282645662997,C,grading/data_processed/banana/C/Banana_Bad_IMG__7789.JPG
31784.0,1461.5676627159119,0.8760683760683761,0.18697371826968687,0.8007961602902458,35.27218332665083,35.028468197311085,80.65108102273078,67.68735165399995,65.91977916910835,40.50139686404395,1781.7185141728103,467.3853276353276,0.39278288384430066,0.31634214599606497,C,grading/data_processed/banana/C/Banana_Bad_IMG_20190910_175846__2.jpg
29114.0,1413.5676629543304,0.7935222672064778,0.18309586587678867,0.7670157412896003,23.899962999091795,25.561765020008377,89.91449426485923,67.38273467515305,62.34182111742743,40.07765697212294,2103.4160831009463,474.7609052216339,0.444205124564432,0.376325065927523,C,grading/data_processed/banana/C/Banana_Bad_IMG_20190910__175505.jpg
22449.0,1707.5087872743607,0.6953125,0.09675668249834418,0.5950538090441605,29.84404895285702,43.23006296663149,71.84180815306387,69.72996952092275,62.93126777557528,37.96625132173506,1006.5679146759801,230.75745939265533,0.7040985657633415,0.4870529275567611,C,grading/data_processed/banana/C/Banana_Bad_IMG__7819.JPG
22008.0,1258.2051861286163,0.7551867219917012,0.17469782559845543,0.6472274912876615,24.984183243985644,43.62739990308068,96.79243276771078,63.83724575560358,60.535953214301536,36.05885218834196,1190.7959485590168,187.24976502143465,0.678584182523011,0.4825512658411685,C,grading/data_processed/banana/C/Banana_Bad_IMG__7831.JPG
30326.5,2071.706832766533,0.87109375,0.08879235162117424,0.7533598310768849,23.94311156667414,25.56288325343449,101.32175918511163,71.2161642173803,65.28338511803709,42.2093534304951,2736.7125467908986,501.8145059121622,0.49979540722370897,0.4419955209292042,C,grading/data_processed/banana/C/Banana_Bad_IMG_20190910__175539.jpg
22440.0,1752.1118202209473,0.7265625,0.09185632742951005,0.6493055555555556,23.353624935422765,33.87554926728304,85.89706388841054,68.1534614191921,64.45462372998105,41.25577184776387,1811.442659718327,387.70217483108115,0.6706862824706291,0.5058584201700589,C,grading/data_processed/banana/C/Banana_Bad_IMG__7825.JPG
24715.0,1419.2346222400665,0.75,0.1541920861720203,0.6980258141045556,18.993572808643194,25.78242898315356,84.08114821970743,65.29840298200682,68.95106659832025,41.761743578924296,1088.9092932140663,265.2118373691099,0.614925166115773,0.4809073071198661,C,grading/data_processed/banana/C/Banana_Bad_IMG__8041.JPG
16762.5,785.3940020799637,0.6984924623115578,0.34148646452072084,0.8884795802083058,15.737864077669903,18.075068485627263,109.25312902093812,71.24130278468031,54.08632588606854,35.408789132332586,956.8592891150455,257.9270992644381,0.5520827336934706,0.37548720942023484,C,grading/data_processed/banana/C/Banana_Bad_IMG__8055.JPG
32288.0,1788.5281195640564,0.9914529914529915,0.12684094336660912,0.7415283918011139,33.44378232856408,36.063159130728764,85.82038174173448,64.08784585749261,70.90716597598234,48.704855236751314,1801.8730921546185,425.2938542938542,0.4698708246742376,0.3849366897859466,C,grading/data_processed/banana/C/Banana_Bad_IMG_20190910_175825__2.jpg
19107.0,794.80821621418,0.7397260273972602,0.38008232303376,0.8925585088989583,23.574587339949606,37.77674970097449,89.06823674602767,61.6954229637623,53.587031418727825,34.23936868188482,1509.7019590345278,198.81820244476586,0.6091367985307746,0.4460052346787763,C,grading/data_processed/banana/C/Banana_Bad_IMG__8069.JPG
24338.5,1090.8498467206955,0.7017543859649122,0.2570240265363263,0.8771262793714862,27.89566128187568,42.451076017015026,83.6782822382468,83.92796570118841,53.772428795874795,39.10405964312688,1769.5976819422503,395.274440030895,0.4053065108486488,0.3147763057147626,C,grading/data_processed/banana/C/Banana_Bad_IMG_20190910__175713.jpg
23375.0,1256.0630507469177,0.7566371681415929,0.18618239086538352,0.7135988277135835,74.89544258323238,37.74132912347076,176.59701741927398,83.29591581929003,65.78399264798028,39.39853155448321,525.4974285351467,124.2802706923477,0.6649434632211042,0.3757425822942457,C,grading/data_processed/banana/C/Banana_Bad__IMG20200729190349.jpg
25163.5,1241.1341160535812,0.734375,0.20527850870438635,0.7089707829712901,65.07173684824448,65.79704110402494,74.44274660756639,63.685157992363315,72.99171818499941,51.85877482154226,846.8714778890649,282.1988427473261,0.5826134513043719,0.4619108576992349,C,grading/data_processed/banana/C/Banana_Bad_IMG__8082.JPG
30182.0,1804.4793499708176,1.1179039301310043,0.11648071983762173,0.6995561427296643,40.28439567532677,49.656834283611815,69.68129740196869,60.55610713281549,62.53803453283847,37.946660638536926,1694.5131015769948,232.06882438564944,0.5730972109981577,0.4675194796772062,C,grading/data_processed/banana/C/Banana_Bad_IMG_20190910_175329__1.jpg
26214.5,2770.490665078163,0.75,0.04291786015484354,0.5762695097823698,51.571032469901496,47.612901672586055,104.91415541773075,74.63348582024378,96.95344764684421,66.27818079239846,9622.314841349506,1136.4906331806283,0.45789633774020766,0.4260213927010111,C,grading/data_processed/banana/C/Banana_Bad__IMG20200730132847.jpg
21304.0,949.4945086240768,0.8469387755102041,0.2969518961480129,0.8199364957182719,20.507296413939144,30.582883830456545,102.78345532385029,63.64449399937297,58.407678497445104,35.75811133601672,1105.5157324664042,228.104514533086,0.5064461725773144,0.3274127933645408,C,grading/data_processed/banana/C/Banana_Bad_IMG__8096.JPG
27992.5,1447.4427723884583,0.8441558441558441,0.16789924640553353,0.7612449689981508,33.03785577090973,43.85891987901759,85.98875502008032,71.69113133801046,59.283953204120834,38.48031939634917,1326.0521315336898,314.16367652965596,0.4643823197063143,0.35786348166347764,C,grading/data_processed/banana/C/Banana_Bad_IMG_20190910__175707.jpg
17714.5,622.2325356006622,1.08,0.5749543058427442,0.8831638249077675,80.34800244485191,39.37274727267932,228.34894704673002,36.451083398766556,60.35328110240596,36.041339515441955,188.96268213009535,77.78467908902691,0.6738565022912076,0.26024091000745325,C,grading/data_processed/banana/C/Banana_Bad__IMG20200729190413.jpg
25905.0,1128.4650715589523,0.7966804979253111,0.2556331773871868,0.8266322037143404,73.4464049070463,39.9841667605924,203.03229714891523,38.634557526528226,70.71746620726212,41.55642450798514,212.1074688004564,103.12432925637071,0.7444645837998639,0.42892654455294527,C,grading/data_processed/banana/C/Banana_Bad__IMG20200729190412.jpg
21642.0,996.6072062253952,0.85,0.2738162450266081,0.8158480039205338,22.42205615942029,35.78419101965972,98.31970108695653,61.37500709511342,59.33731884057971,36.18231164733282,1205.395290532872,228.51103550295858,0.5165905337369114,0.3448311355495559,C,grading/data_processed/banana/C/Banana_Bad_IMG__8097.JPG
23097.5,4447.562938809395,0.758893280632411,0.014673395873861723,0.5173765497776832,39.69769301507337,33.708661346627395,126.77617848146815,74.87871420020116,77.08388309143977,50.19482255808734,8608.180400849375,1093.246342321462,0.4889253797818318,0.4600919350834529,C,grading/data_processed/banana/C/Banana_Bad__IMG20200730132846.jpg
27814.0,1457.0579961538315,0.9262672811059908,0.16463404058919745,0.764078896763914,30.400505902192243,39.949269682212815,82.08069842608207,72.10106696404276,58.522344013490724,37.54251468080444,1453.1224934755444,303.4397004608295,0.45575467321460594,0.34065429071331643,C,grading/data_processed/banana/C/Banana_Bad_IMG_20190910__175706.jpg
23837.0,1135.7199041843414,0.6916299559471366,0.23223035509821013,0.8746720484359233,33.18931799506984,45.590746559402476,86.14819227608874,83.99911287790415,52.92797863599014,38.84475598646293,1763.613853181271,405.0522421777929,0.4047907037311422,0.3114150461484205,C,grading/data_processed/banana/C/Banana_Bad_IMG_20190910__175712.jpg
23476.0,1696.9057573080063,1.037837837837838,0.1024515465273373,0.8096987255764223,53.86527106816962,48.71558985381942,88.2575663735084,65.30834710459744,106.39506172839506,67.39292631711909,9905.252060189414,1401.6048676949201,0.33939825034989246,0.3058977483301464,C,grading/data_processed/banana/C/Banana_Bad__IMG20200730132852.jpg
25631.5,1244.5655760765076,0.734375,0.20794492115709934,0.734353288352171,51.81604763904264,60.16647088970456,73.64381417719586,63.458318442626336,73.85227316104897,51.82543877310259,866.576631531342,281.7411221590909,0.5744213245765123,0.45149382581188335,C,grading/data_processed/banana/C/Banana_Bad_IMG__8083.JPG
22765.5,1202.1635539531708,0.7614678899082569,0.1979520221544425,0.7113996437611325,73.60538963268108,37.3465076801247,184.18717816683832,80.4757367939652,65.94777720562993,38.54385548002614,461.05963386672886,126.53983875451765,0.656379890624869,0.35150732609080537,C,grading/data_processed/banana/C/Banana_Bad__IMG20200729190348.jpg
19261.0,745.0681037902832,0.7045454545454546,0.4360103029396774,0.9091166544733674,23.27532679738562,37.873137746980454,89.43484477124183,60.889254976771454,53.92927900326797,34.18202148649767,1461.1208556307563,198.3332054309327,0.591447642598802,0.42102983959063334,C,grading/data_processed/banana/C/Banana_Bad_IMG__8068.JPG
29849.0,1173.827550292015,0.80859375,0.2722269097709386,0.8080510023145955,20.64269240906695,23.84021306671112,94.80235239852398,66.73138540129891,67.42758302583026,47.458674705543686,3019.706647219158,474.0753754550972,0.5008365297366809,0.42154315890690486,C,grading/data_processed/banana/C/Banana_Bad_IMG_20190910_175450__1.jpg
17449.5,727.7960246801376,0.6847290640394089,0.4139744072838923,0.8902579015841433,15.39015876590474,15.946937613949043,109.66456480126112,70.73485522080416,55.26303344217993,36.00133952936957,917.4549592055612,244.55911330049267,0.5341054083940648,0.36451005220573557,C,grading/data_processed/banana/C/Banana_Bad_IMG__8054.JPG
18829.0,1281.2590081691742,1.037837837837838,0.14413294346682004,0.6497239475500345,23.237186758791378,35.54603379793602,89.2819944312674,62.209591269962786,51.54367330102093,31.155702739224456,1192.914653713046,175.35256827508135,0.6152138297126443,0.44643948514192267,C,grading/data_processed/banana/C/Banana_Bad_IMG__8040.JPG
22070.5,1467.5016481876373,0.71484375,0.12878486905367945,0.6272790575395416,24.017687434002113,38.42007782226119,94.05319429778247,67.30464275960578,61.34437697993664,37.13728938676361,684.1523436729975,180.06337997939556,0.7392417540734509,0.512907869308427,C,grading/data_processed/banana/C/Banana_Bad_IMG__7824.JPG
30474.0,1898.8956506252289,0.76953125,0.10620308386516106,0.8000315035047649,24.31800313209115,28.695683088269803,104.81063632586532,71.07515022690079,65.58940841829397,42.527843509298904,2848.0176240350474,555.4965720663266,0.43183419185724153,0.36689097950918553,C,grading/data_processed/banana/C/Banana_Bad_IMG_20190910__175538.jpg
16802.0,1034.180800318718,0.600896860986547,0.19741397934236954,0.6270221857332114,24.50518389805966,46.960447453401564,114.43944396177237,62.49785582822477,48.721575441644944,31.004550746524206,2229.781661080669,161.89922114703802,0.6202157525529371,0.4172343100429358,C,grading/data_processed/banana/C/Banana_Bad_IMG__7830.JPG
24157.5,1523.1828869581223,0.71875,0.13084518595430225,0.6950898444805709,25.70096657269432,26.373181282707517,63.32565445026178,54.000790092116524,68.55352396294805,44.56340781872281,1599.4421046744674,281.2276724726776,0.6647598708794136,0.46655499098728676,C,grading/data_processed/banana/C/Banana_Bad_IMG__7818.JPG
28310.0,1407.508787870407,0.7701612903225806,0.17957567321051057,0.7586558044806517,24.30812324929972,26.576366082436767,95.35916588857765,68.26503706314806,60.87975931113186,39.54858926333558,2104.2283796393976,468.64193548387107,0.4477362987975327,0.37917785404220405,C,grading/data_processed/banana/C/Banana_Bad_IMG_20190910__175504.jpg
23100.0,1655.3077778816223,1.4580645161290322,0.10594106452071823,0.7654582808668566,35.315553130770525,45.66553910749287,65.03416149068323,71.75460747924042,50.01896927983884,33.06857946558408,1567.7010011026803,264.4886308243727,0.46668334207040285,0.31441662170023293,C,grading/data_processed/banana/C/Banana_Bad_IMG_20190910_175157__2.jpg
23518.0,1575.5432776212692,0.75,0.1190555308930128,0.6506570756674506,28.124989680508545,31.151827736195155,70.11962354495171,60.10226546204393,66.53867745397507,42.04213362473792,2340.22125661994,387.8096367801048,0.6286696530208942,0.5011259082929792,C,grading/data_processed/banana/C/Banana_Bad_IMG__7788.JPG
27816.5,1356.8397413492203,0.7346938775510204,0.18986951337760966,0.7783016228315612,24.71645837000528,26.131348961478736,90.36919556416125,67.98787368349508,58.819327583171976,37.25437366674933,2034.1537726826784,447.40531296317414,0.4248402773860498,0.34629978120104643,C,grading/data_processed/banana/C/Banana_Bad_IMG_20190910__175458.jpg
30692.5,1775.8346892595291,1.0940170940170941,0.12230298533263499,0.7497313009917436,43.506354047528276,52.6364651404876,56.060808234845595,56.34773138544598,63.090545177277924,37.75372837780846,1733.2210035921144,232.22141779788836,0.5792399596595452,0.47228514248711834,C,grading/data_processed/banana/C/Banana_Bad_IMG_20190910__175316.jpg
27734.5,1556.2955850362778,0.875,0.14389510947971454,0.7171633589760166,98.95207431647842,69.10969588982982,68.33069425384426,48.27284508123554,61.41841725606108,40.42788212177688,1649.9586879748517,271.7904574940253,0.5255478812595602,0.394643405471955,C,grading/data_processed/banana/C/Banana_Bad_IMG_20190910__175302.jpg
20134.5,1258.2468155622482,0.9696969696969697,0.15981554987207633,0.6446650124069478,29.862665506910215,30.764811865883857,69.3348796752682,56.31350416310929,57.43553687059051,40.03421600403321,1810.9197525321772,252.3715426516474,0.5921593128179669,0.448508631951907,C,grading/data_processed/banana/C/Banana_Bad_IMG__7993.JPG
30523.5,2130.6773949861526,0.87890625,0.08449067859183826,0.7529880478087649,24.802754190121806,27.481279204631836,102.19753204210794,73.01175529703174,65.89940527303375,42.612774814486755,2713.8160135389544,515.9830671037946,0.5003135206476051,0.44287868908934325,C,grading/data_processed/banana/C/Banana_Bad_IMG_20190910_175542__1.jpg
12980.0,993.5533843040466,1.3150684931506849,0.16523503716381158,0.5998705980219984,99.66326530612245,71.80249811442545,77.1970802919708,79.43281008973051,56.82325338894682,43.23715393883856,1735.9469523198518,244.03998422147308,0.6292135877182418,0.5179219679580183,C,grading/data_processed/banana/C/Banana_Bad_IMG__7777.JPG
23011.0,1776.0285592079163,0.75,0.09167384905774163,0.5618880179718213,24.89444957595096,39.44752961642537,76.42048030900999,57.701806955175655,63.44743471324209,37.4696006816164,909.6801755324833,177.18707051701574,0.7179994294883314,0.5125658188638852,C,grading/data_processed/banana/C/Banana_Bad_IMG__7763.JPG
26757.5,1371.0752419233322,1.09,0.17886806992914642,0.6543936021912984,59.90837686771636,50.37280669905057,59.17002155408614,56.82534998029769,55.116282468125526,34.61471127554882,1427.3882070448615,192.6098617511521,0.523509975287457,0.3703846477887988,C,grading/data_processed/banana/C/Banana_Bad_IMG_20190923__184141.jpg
27992.5,1353.785919547081,0.9425837320574163,0.19193384577935713,0.7935619215013678,37.39917450767778,49.558758442238,63.82972471929763,69.32825173410384,60.438490328448005,40.36068064948669,1999.4539785993245,356.30287569573284,0.4289432453048114,0.30360833266184584,C,grading/data_processed/banana/C/Banana_Bad_IMG_20190910_175421__1.jpg
33414.5,1944.3098640441895,1.0940170940170941,0.11107437340739479,0.8059066132844532,40.66428237767138,46.41948969141537,86.65911479621629,64.94733936675058,72.87953988088287,48.869909971209545,3113.9837965434754,516.2004189710073,0.49625611656583773,0.41994557676524763,C,grading/data_processed/banana/C/Banana_Bad_IMG_20190910_175521__1.jpg
33028.0,1478.538225531578,0.9833333333333333,0.18985717995203,0.779927976858138,32.57654500638494,35.03412176349308,84.67202209485345,67.33581876020111,70.78163513794435,47.13012641045509,1817.3060373263886,371.8549822695035,0.4883256003477936,0.4007288525677526,C,grading/data_processed/banana/C/Banana_Bad_IMG_20190910__175841.jpg
19737.0,949.2691127061844,0.96045197740113,0.2752404790515854,0.7874798013046861,21.25380609967766,28.93759543355228,100.61001735680635,63.80077983759291,54.184626828663525,32.841987810850405,1449.0008158972732,211.24955704877482,0.516278303638572,0.32300981108332893,C,grading/data_processed/banana/C/Banana_Bad_IMG__8108.JPG
24372.5,1057.9625442028046,0.7510917030567685,0.2736335585597229,0.8299281506452821,15.873167981961668,25.935230721724064,106.22737155741666,65.67489826832634,65.49408117249155,37.995585591985105,1191.7823818125817,257.76661814653085,0.5102008610457613,0.364908149211916,C,grading/data_processed/banana/C/Banana_Bad_IMG__8120.JPG
24129.0,1042.6904656887054,0.7577092511013216,0.2788934936509629,0.8361576047406175,16.418378554285482,25.727781159054334,111.96212830004475,64.36515133518073,64.9011512020502,37.61852023965606,1198.5550983063395,257.0291882422649,0.5075429482610716,0.36521154138387585,C,grading/data_processed/banana/C/Banana_Bad_IMG__8122.JPG
27531.5,1373.2173771858215,1.070754716981132,0.18346835064568495,0.6488457867386258,57.559688765721596,47.43873302473845,51.17260001421161,56.21562467926864,56.13067576209763,33.3612645223523,1758.433455149347,177.9720320587745,0.5564327178595708,0.41369295649368526,C,grading/data_processed/banana/C/Banana_Bad_IMG_20190923__184143.jpg
30015.5,1734.687503695488,0.899581589958159,0.12534671201261438,0.8332893768826085,35.24471819541052,38.5324496432381,73.95378014691542,77.7969920884295,66.06185399466943,46.51248864770732,4266.098489830716,501.638133969421,0.48813222432248415,0.3940382489847016,C,grading/data_processed/banana/C/Banana_Bad_IMG_20190910_175641__1.jpg
27547.5,1380.5310866832733,0.7509881422924901,0.18163505709862554,0.85394773551567,56.020416134071866,54.26587146127031,78.43385172560716,69.31006129085924,57.3527552904417,36.48080177927282,2567.77536450185,289.40339209904425,0.508602101223838,0.4096983176254068,C,grading/data_processed/banana/C/Banana_Bad_IMG_20190910__175658.jpg
23005.0,1549.8031656742096,0.75,0.1203591229224931,0.5991041433370661,30.429644002024634,49.63761440566162,87.20415049772228,57.773062539306665,63.334233170237894,37.33299098620401,616.4690278106265,164.8253231348168,0.6716728257003131,0.5138911199364397,C,grading/data_processed/banana/C/Banana_Bad_IMG__7775.JPG
32193.5,1594.3300758600235,0.80078125,0.15915547426822632,0.7074950278550002,86.42434830163457,62.54736362420839,69.75062283526766,54.93284888277108,66.19897308136355,39.98749421891851,1751.902627991558,325.24440870098044,0.47195901114795424,0.36916059591768746,C,grading/data_processed/banana/C/Banana_Bad_IMG_20190910_175622__1.jpg
11155.0,675.1614673137665,1.3884297520661157,0.30751346860083406,0.7805611923588273,39.75970344526821,64.15179133667831,133.85564762320104,47.05961562011343,31.15368512865242,20.28349707365919,1641.9403424312543,54.42440738357995,0.7049905650718811,0.44087540472769504,C,grading/data_processed/banana/C/Banana_Bad_IMG__7761.JPG
33432.5,1284.732095837593,0.92578125,0.25453855202970177,0.8708421244562528,28.570521115162922,26.473099881988016,59.21862133866604,68.65547715410695,71.97864957063875,49.78327116944458,2668.2494866044603,356.5723152807203,0.5379238687663953,0.43812628393697933,C,grading/data_processed/banana/C/Banana_Bad_IMG_20190910_175722__1.jpg
20479.5,1510.0701897144318,0.9846153846153847,0.11285867438095665,0.654025484623,22.546052009456265,32.21174524447111,76.60354609929078,57.09245735811944,59.48018912529551,41.8103289008961,2102.5941526927413,309.254074372399,0.5715567213120161,0.4259176571254253,C,grading/data_processed/banana/C/Banana_Bad_IMG__7991.JPG
23689.5,1699.5016487836838,0.75,0.10306769839976425,0.5949893256310436,22.233209336549073,36.03407875065202,73.64844867759473,58.91469845404221,65.21113518374688,38.70079009871289,898.1949418319596,229.34884244109952,0.6746971438001669,0.49979941822160545,C,grading/data_processed/banana/C/Banana_Bad_IMG__7749.JPG
30268.0,1359.1168723106384,1.158371040723982,0.20591120565291823,0.8403342680252089,50.54408239942994,63.15546709532332,61.586091857226144,55.298665448017424,62.04686791475027,36.81118041968908,1538.2234281011658,174.3199006299352,0.5820049696231464,0.4537117142656393,C,grading/data_processed/banana/C/Banana_Bad_IMG_20190910__175314.jpg
29917.0,1957.758568406105,1.1179039301310043,0.09808659049930321,0.6899756685386133,38.25878874520762,46.96888629782983,71.16099161738904,61.0112027602861,62.11576450711547,37.663096291265695,1738.9955224464006,246.61780974398494,0.5760387953564233,0.4708193837339332,C,grading/data_processed/banana/C/Banana_Bad_IMG_20190910__175328.jpg
29790.5,2745.5201001167297,0.7773279352226721,0.04966362332491634,0.7040174878884556,64.58270919421487,53.27619651668365,100.22175232438016,71.88983268242346,106.42339230371901,70.96772420388187,8068.264857150499,1085.8651673484962,0.3712796261565486,0.33043078531741343,C,grading/data_processed/banana/C/Banana_Bad_IMG20200730132900__01.jpg
29538.0,1480.077329158783,0.7975708502024291,0.1694424168136545,0.767041470825002,24.125575845954994,25.115179734795973,90.86941967984622,67.79866114732735,63.29330858714745,40.8918036073294,2092.094987123066,498.2819755432538,0.4389709558043871,0.3698022526631769,C,grading/data_processed/banana/C/Banana_Bad_IMG_20190910__175506.jpg
36164.0,1906.871266245842,1.0548523206751055,0.12498087917079793,0.8327538167499482,34.13012569266117,35.39999288914246,81.44214082984188,63.97046954001915,76.37751047438843,48.772960967622225,2983.736246156848,517.4791656075779,0.45123808518184283,0.3691110670479336,C,grading/data_processed/banana/C/Banana_Bad_IMG_20190910__175512.jpg
31847.0,1462.2539547681808,0.8760683760683761,0.18716850983481007,0.8018682646792225,36.105577443979314,35.32843223975378,80.48371706476237,67.97770698151,66.0229315439547,40.56360733119285,1794.4966791571012,472.89909083291434,0.3914345435811387,0.31523298222246576,C,grading/data_processed/banana/C/Banana_Bad_IMG_20190910_175846__1.jpg
14123.5,1031.8792842626572,0.48497854077253216,0.16668419070633106,0.6488044651675586,23.406419312804335,45.6455299713006,121.15115561346958,66.95147617025468,43.67903435978328,29.175177699786936,3059.9272395783355,157.94117872470872,0.6269382230721516,0.43828760850586995,C,grading/data_processed/banana/C/Banana_Bad_IMG__7826.JPG
21939.5,1345.7615336179733,0.756198347107438,0.15223004253492287,0.6399340800373352,24.612313697657914,43.105077567566354,95.3151614620298,62.68673090981859,60.39283179559972,35.80414244841492,1074.2209908650516,190.28968758514216,0.682756021443994,0.4867542693346355,C,grading/data_processed/banana/C/Banana_Bad_IMG__7832.JPG
25427.0,1434.7392359972,1.0,0.1552240593463211,0.820715588334974,30.485932522166355,46.83535888934293,86.67285917168849,67.79418911410392,53.62902544812498,33.960096074606014,2164.572333838759,286.7145322572458,0.4500130498948641,0.3385752729555488,C,grading/data_processed/banana/C/Banana_Bad_IMG_20190910_175653__1.jpg
20815.5,1286.5899609327316,1.0212765957446808,0.15802157812509018,0.6578544000758497,24.28901355773726,40.50012340938296,81.3391304347826,62.35199284749177,58.612061711079946,39.11349143401544,2113.4211492830586,225.50089116631398,0.6067428754007796,0.4028963893289922,C,grading/data_processed/banana/C/Banana_Bad_IMG__8056.JPG
24701.0,1210.8326028585434,0.7142857142857143,0.21171722216739486,0.8273933141287599,77.808733209177,57.90443672684684,80.99936601022308,49.16512476944643,51.470895906803506,31.28335292559953,1094.5609960932604,166.81313628899835,0.5081268310287467,0.40439753256159244,C,grading/data_processed/banana/C/Banana_Bad_IMG_20190910_175630__1.jpg
24450.0,1422.7493407726288,0.75,0.15178607869929553,0.6850946383288734,18.82202478186382,24.873945710606385,83.0654607753297,65.57948801033027,68.32240328299932,41.48240634248352,1086.671817401631,272.82685700261777,0.6215038565301402,0.4861200642739508,C,grading/data_processed/banana/C/Banana_Bad_IMG__8042.JPG
32233.5,1753.3149168491364,1.0043290043290043,0.13176421333741375,0.7435039846840509,29.75713852682631,31.737497601139932,87.13367687177933,63.10484942831164,70.60324340709306,48.22420478387525,1765.5713314046307,425.68803058413437,0.46439233323178963,0.3772553629462038,C,grading/data_processed/banana/C/Banana_Bad_IMG_20190910_175825__1.jpg
30169.5,1887.2905324697495,1.1130434782608696,0.10643891873725572,0.700728146883601,40.635639412997904,49.346729577501456,69.81190130624093,61.53844644229446,62.42983389775843,37.80284821449756,1699.9086123117834,230.64426257459516,0.5771070014781795,0.4698363451929083,C,grading/data_processed/banana/C/Banana_Bad_IMG_20190910_175329__2.jpg
21300.5,1007.87928378582,0.8461538461538461,0.26350121656885006,0.8174892539146453,20.33445231306907,29.99997587932661,103.6315644256415,62.73772158336701,58.463487537938015,35.7491551334785,1101.510949842698,223.37332707942468,0.49790710171768304,0.3188904645589219,C,grading/data_processed/banana/C/Banana_Bad_IMG__8095.JPG
25241.5,1123.7371480464935,0.6796875,0.2511860682352334,0.757843696520251,89.4802501262283,69.93554526283563,62.73460985745912,69.38419340657096,73.86402299297005,53.30000295649983,986.4839648068983,314.7551481213874,0.564353950198143,0.4181640566340402,C,grading/data_processed/banana/C/Banana_Bad_IMG__8081.JPG
25873.0,4813.854349255562,0.75,0.01403042287449518,0.537112963328178,42.09039184111648,29.544813995062547,109.07729468599034,74.97281025448402,80.98840579710145,52.535573492089036,8153.811685878369,1303.4382976112565,0.4331230887141926,0.40405237759204676,C,grading/data_processed/banana/C/Banana_Bad__IMG20200730132850.jpg
27419.5,1508.8986166715622,0.8834080717488789,0.15133844745486316,0.7425225103242841,42.27996724696501,63.578548075133206,72.22339705934708,68.74375802926285,57.02385275374702,34.90684266550524,1269.847215689604,249.72517616912236,0.48174972521197473,0.3556822474255998,C,grading/data_processed/banana/C/Banana_Bad_IMG_20190910__175710.jpg
28908.0,1054.6660808324814,0.8755760368663594,0.32658629233584235,0.8150330575017268,39.83958475153165,48.220212948427076,84.01061946902655,69.78669842661505,63.60255275697754,46.56429052498107,1860.0614312556836,387.81237656352874,0.40428109511933846,0.28533746077338873,C,grading/data_processed/banana/C/Banana_Bad_IMG_20190910__175738.jpg
20582.0,4025.8156856298447,0.75,0.015958411613030223,0.48449325000294247,52.36642316138574,43.32162345176477,104.14879218392865,77.15575734161428,79.9809976247031,54.889302004318196,10467.005150403827,1267.4771760471203,0.5435774240377317,0.5204809279987747,C,grading/data_processed/banana/C/Banana_Bad_IMG20200730132835__01.jpg
27663.0,930.7838323116302,0.8840579710144928,0.4012467047474595,0.8496659755816632,37.254709254709255,43.50956841136752,81.73304134173699,72.021675434541,60.74144500231457,44.53072048421554,1795.7770407756932,346.8034188034188,0.3869586884159249,0.2581592737253317,C,grading/data_processed/banana/C/Banana_Bad_IMG_20190910__175739.jpg
26206.5,1282.2468148469925,1.3461538461538463,0.20029754621951368,0.7556551952826517,35.00153110762566,46.008185314005715,66.751213682874,68.63281785027499,55.113750093360224,36.777230717879135,1333.8763660112033,242.33070617906685,0.5429359193751417,0.3983047807097367,C,grading/data_processed/banana/C/Banana_Bad_IMG_20190910_175149__1.jpg
32966.5,2785.3779666423798,0.75,0.05339670194343525,0.7366733332588463,59.95037162755311,49.2124783297831,105.31474220167378,69.32919112714664,101.29282495464388,63.909031239953315,7125.055070290548,1147.9302396924083,0.3294494472481644,0.28860479854061927,C,grading/data_processed/banana/C/Banana_Bad__IMG20200730132851.jpg
21817.5,980.0214190483093,0.9792746113989638,0.2854589825059723,0.7552051783519964,19.31995325212388,26.277803802054375,88.68126039465996,66.72970646482972,61.5903717355149,42.333541536814145,1142.4285756079785,250.40783816558263,0.534269907310264,0.3852580071452482,C,grading/data_processed/banana/C/Banana_Bad_IMG__8080.JPG
12086.5,643.3452340364456,0.9803921568627451,0.3669629719420754,0.7786188236809894,71.68896969696969,36.38178237021257,183.4811313131313,60.70660246930769,58.24856565656566,31.994842276312195,179.33197646868962,66.94516822388913,0.7172158232767101,0.4601180967253886,C,grading/data_processed/banana/C/Banana_Bad_IMG20200729190318__01.jpg
23406.5,1233.2417631149292,0.8421052631578947,0.1933970722001168,0.704410370615586,21.836208697105143,33.32668821134864,105.43765403734491,59.51207461767544,64.11587785621789,37.996336210612796,896.5325412955714,257.77868099568286,0.5771660927870954,0.44599962224318496,C,grading/data_processed/banana/C/Banana_Bad_IMG__8094.JPG
28358.0,3482.1445540189743,1.3333333333333333,0.029389477849579477,0.6240551038147949,43.880973910713685,28.061564239438205,113.0839947754446,73.35486243710261,95.69801399912924,64.23314811786409,7342.588771157795,1228.4331699346403,0.4050275163938104,0.3710069586404616,C,grading/data_processed/banana/C/Banana_Bad__IMG20200730132845.jpg
30062.0,1163.827550649643,0.8046875,0.2789012539666094,0.8081725922441024,20.968193717277487,25.1058355867141,93.99384816753927,65.95640785415918,67.4538612565445,47.06171693700984,2817.363337282434,459.64959984756103,0.49383688352796423,0.41544473628643913,C,grading/data_processed/banana/C/Banana_Bad_IMG_20190910_175450__2.jpg
24216.5,1490.7909702062607,0.75,0.13692657082995024,0.6897519154632715,18.607005141388175,24.428145492190684,83.77165006426735,65.83319461181797,67.6646850899743,41.11734668275478,1030.7124480141536,262.57785912958116,0.6305788668974978,0.49003185969863206,C,grading/data_processed/banana/C/Banana_Bad_IMG__8043.JPG
15111.0,803.2691135406494,0.7119565217391305,0.29429367826400693,0.7722893721411597,26.89751713435924,45.613339995089746,99.32859174964437,59.400431234764866,49.13293676451571,40.97967870928509,1618.600687978421,254.4936872909699,0.5865829788731611,0.35264427026322376,C,grading/data_processed/banana/C/Banana_Bad_IMG__8057.JPG
22213.5,1416.7320960760117,0.7193675889328063,0.13907574347429924,0.634789318016203,24.424970460811345,42.663929132926384,95.95181830116844,63.18648285645895,61.28615815500416,36.455721646893366,1165.0511649497485,213.0381280981809,0.686997578657879,0.4992188351088241,C,grading/data_processed/banana/C/Banana_Bad_IMG__7833.JPG
15964.0,1058.8082157373428,0.5565217391304348,0.17894393285723306,0.622341773385572,25.729982964224874,48.560816884655495,117.61651253346312,64.09686039647978,47.14151861766853,30.424178171425094,2266.8202127715545,164.39976035604246,0.6375791467274154,0.43683714111068195,C,grading/data_processed/banana/C/Banana_Bad_IMG__7827.JPG
34419.5,1888.2266039848328,1.0847457627118644,0.12131267986332861,0.8123554401699316,26.54824611193098,30.105355257648824,90.96412759677602,67.31517049628874,75.15387671699398,50.845765325423095,3294.06171978948,530.8487869724163,0.4857206168689294,0.4094471775143616,C,grading/data_processed/banana/C/Banana_Bad_IMG_20190910__175513.jpg
27785.0,1419.3422675132751,0.8464912280701754,0.17331892749920172,0.7702757024243516,34.335668027593975,49.81080838025457,83.33538645642686,72.24548969135091,58.71536674644516,38.01595042421367,1299.046404791204,310.34697094298247,0.45630243123683256,0.34751721626291265,C,grading/data_processed/banana/C/Banana_Bad_IMG_20190910_175706__1.jpg
22296.5,1581.4671584367752,1.5337837837837838,0.1120279022520521,0.7573410777670216,36.63381751761329,48.10578368102772,65.77755066539098,72.0324821785768,48.37657649821693,31.882401544256354,1484.1710539076262,246.9670234393686,0.46403230464885487,0.31030229562658573,C,grading/data_processed/banana/C/Banana_Bad_IMG_20190910_175157__1.jpg
30325.0,1841.8763188123703,1.1179039301310043,0.11232844458785836,0.695902608057095,42.50366112145931,50.696311526551646,70.1099942192819,61.554013663131784,62.9467531633374,38.55147371411031,1750.9893889887373,243.10646459457146,0.5701031841978554,0.4648811547886935,C,grading/data_processed/banana/C/Banana_Bad_IMG_20190910__175329.jpg
29996.0,1379.945298910141,1.1851851851851851,0.19794724713465658,0.8357177683360033,50.960113680909444,63.685790614027916,61.08111198222919,54.673553855092244,61.39004312034496,36.378505889424254,1510.3752881574694,175.66377995642702,0.577747018321111,0.4462998912480405,C,grading/data_processed/banana/C/Banana_Bad_IMG_20190910__175315.jpg
23848.0,1684.5727163553238,0.75,0.10560447018214808,0.6043129006917872,21.738146507942957,34.9073806615063,69.92516150002031,55.724419340164346,65.7860886523382,39.24149129794022,909.4648471656774,250.08100867146595,0.6601036626862057,0.49634656267340194,C,grading/data_processed/banana/C/Banana_Bad_IMG__7748.JPG
19332.5,1253.1341183185577,1.054945054945055,0.15470443856002752,0.6675471763263756,21.58213531718106,40.85507916109206,92.94636573841359,54.753329599706966,55.01020408163265,37.67284080048478,1167.6090850140117,205.98317127898275,0.5888981254975851,0.42340047555144356,C,grading/data_processed/banana/C/Banana_Bad_IMG__7990.JPG
11982.5,656.2325359582901,1.4180327868852458,0.34965664323060514,0.8006213877660108,36.01343429408891,61.16023544924341,132.36199316072302,48.11102391260052,33.49454486240026,22.28465701609171,1710.7128362193284,57.76177087304613,0.6689973621072116,0.42158883382820056,C,grading/data_processed/banana/C/Banana_Bad_IMG__7760.JPG
23621.0,1295.979789018631,0.75,0.17673057327986993,0.7097442985487215,65.16367916735503,44.897549519919565,57.94139269783578,57.62346868459708,66.68536263010078,42.83070819364943,1161.7551227791441,277.3710732984294,0.6371004501044106,0.5042871778634649,C,grading/data_processed/banana/C/Banana_Bad_IMG__7774.JPG
31893.0,1153.778778910637,0.9137931034482759,0.3010649120933175,0.9180615725614935,41.46319037334156,52.29268099687821,88.04026535020056,65.14764624752421,65.57778463437211,40.30751677817069,1897.1694373611135,304.6055932341886,0.44619260898665725,0.3380220022528589,C,grading/data_processed/banana/C/Banana_Bad_IMG_20190910__175659.jpg
28026.0,1327.5777695178986,1.1414634146341462,0.1998255600077993,0.6440611750106287,52.26394662381668,47.9415615271901,53.49463792922765,55.3851899200267,57.26258427358787,34.71301036834373,1368.6000502815823,161.75015178477966,0.5585164553865978,0.4023938148581959,C,grading/data_processed/banana/C/Banana_Bad_IMG_20190923__184142.jpg
28059.0,1264.548330783844,1.1237623762376239,0.22050131702553166,0.7389781406373452,41.14623069936422,48.55020064586558,69.83584852930902,64.09144829519994,59.56158736812688,39.65699803615252,1309.3662639694494,290.13767195303603,0.5020252914664916,0.3733575958810406,C,grading/data_processed/banana/C/Banana_Bad_IMG_20190910_175145__1.jpg
33277.5,1982.2509895563126,1.0940170940170941,0.10642490458325662,0.8030381640705124,25.390489026927245,28.709036301365362,90.65486829382637,67.68230724484867,73.07369099592722,49.48239088544163,3333.874734007003,533.4146639852523,0.4973461200100494,0.4220053303097238,C,grading/data_processed/banana/C/Banana_Bad_IMG_20190910_175521__2.jpg
33277.0,1487.7097984552383,0.99581589958159,0.18893724741857806,0.7837996985114001,32.12945441683615,34.903008253595516,82.79438205558995,66.59558025318604,71.33704718955404,47.5248515503378,1797.033165637228,378.3039740126759,0.4858337961447436,0.398620650785767,C,grading/data_processed/banana/C/Banana_Bad_IMG_20190910__175842.jpg
23576.5,1048.790971159935,0.7623318385650224,0.2693464881483075,0.8437958555527719,17.786228416892033,31.086682757676886,103.68237986270023,65.37939946390875,63.34037861452049,36.74291932260727,1230.2542141792599,250.31642210841943,0.5058805701709453,0.36069235296415997,C,grading/data_processed/banana/C/Banana_Bad_IMG__8123.JPG
19542.5,900.0559095144272,0.9425287356321839,0.3031454186417741,0.8024349182885768,21.552258258559327,29.131424101942702,98.14206225875984,63.032895315081774,53.50037595869467,32.44564837710116,1516.2439381996558,195.3037514984839,0.5030347743802892,0.2952169978853252,C,grading/data_processed/banana/C/Banana_Bad_IMG__8106.JPG
28503.5,1395.3595130443573,1.1394230769230769,0.18396526059919618,0.6537125164841465,53.60778658976208,46.61575607072406,51.28962818003914,55.92503795664986,57.716517320699005,33.955025238096795,1008.8228936437043,172.5300277053455,0.5619880799341371,0.40737919649154897,C,grading/data_processed/banana/C/Banana_Bad_IMG_20190923_184144__1.jpg
22852.0,1015.719905257225,0.8691588785046729,0.2783467484759235,0.7797853645220181,15.803133719682336,23.655297328585196,117.59965657866495,63.95621100613474,61.69924876582958,36.598377120433405,1177.4795648183688,233.40017681232635,0.5468061258191574,0.41080757189962913,C,grading/data_processed/banana/C/Banana_Bad_IMG__8112.JPG
26261.0,1379.4255269765854,0.9665071770334929,0.1734301527380665,0.863834476406638,75.7562637280816,68.83957154879052,80.21011875953985,62.30063981629,54.10606455455866,32.24958788989299,1489.2552698498107,233.5418838820253,0.47418711375614714,0.36092638778134334,C,grading/data_processed/banana/C/Banana_Bad_IMG_20190910_175648__1.jpg
27952.5,1129.595013976097,0.6721991701244814,0.27528654595303553,0.8500851529712304,48.155816322945576,51.099979966643374,93.27463724835752,70.01169494925726,61.40347117310192,43.56134992661246,1516.3449715402396,398.40243808149273,0.38027625780302815,0.26416664832640985,C,grading/data_processed/banana/C/Banana_Bad_IMG_20190910_175748__1.jpg
29776.5,1236.9919825792313,1.462962962962963,0.2445399070664801,0.8120789811001718,19.744659105894765,26.73515182604453,46.46808650929711,76.79790304448427,64.70489911644468,42.82301654650636,3391.61976090801,469.77874555346307,0.31832561813676613,0.20886944862291787,C,grading/data_processed/banana/C/Banana_Bad_IMG_20190910__175132.jpg
25004.0,1313.6265383958817,1.0,0.18208556872525386,0.8481826353906953,30.90267459138187,47.27914238816364,87.70157190897005,67.78038729864689,52.864510831313055,33.12169957117835,2160.0451254843747,257.0066834170854,0.4677794397511274,0.3569066579702209,C,grading/data_processed/banana/C/Banana_Bad_IMG_20190910__175654.jpg
30912.5,1812.0255941152573,0.9369747899159664,0.11830833384417579,0.8228741032568911,32.71124715980813,32.03251349744505,72.87051880838172,77.80435301755968,67.75864680636202,47.274137846722546,4260.925133297751,520.4411953970778,0.4868649365224964,0.3955488459594598,C,grading/data_processed/banana/C/Banana_Bad_IMG_20190910__175640.jpg
28556.0,2586.223639369011,0.758893280632411,0.053650661760539606,0.6747876224346326,29.08870315448908,17.75998055512638,142.9401455918037,66.18506618005273,107.65772445403074,73.75744449029607,7942.171929135656,971.4797094551252,0.4163562662618005,0.3736811132084381,C,grading/data_processed/banana/C/Banana_Bad__IMG20200730132900.jpg
12533.5,951.1686084270477,1.381294964028777,0.17408734898792952,0.6079796264855688,105.07152225908494,66.59212626059072,80.63042975079084,78.95117673528085,54.33623948769385,41.70059149388583,1474.4561642488504,205.31127349429352,0.646025887807143,0.5123550476851271,C,grading/data_processed/banana/C/Banana_Bad_IMG__7779.JPG
19701.5,1122.0802943706512,1.0434782608695652,0.19663520987422223,0.6760053527312654,19.35269955955857,37.50664632231227,92.41643984757758,54.45227509218597,55.22343742267531,37.12312887784177,1133.7930002603127,175.53442977464147,0.5875675500855864,0.42156116237203645,C,grading/data_processed/banana/C/Banana_Bad_IMG__7989.JPG
24206.5,1441.9625450372696,0.75,0.14629648923155206,0.6064284193253416,20.194232161531655,21.57525704111375,75.99593757541629,64.26996540100528,67.29422411712653,41.570779473092095,1204.1775485657981,237.28035013089007,0.65733037704991,0.49125528527715323,C,grading/data_processed/banana/C/Banana_Bad_IMG__7751.JPG
23758.0,1595.8031636476517,0.75,0.11723602870836446,0.6032245778849816,22.30293252736481,35.81891876609151,70.1661493220062,56.000381481273074,66.47051135435386,41.834585745519185,945.9300228551859,242.852135143979,0.6595036314165726,0.4990632305480458,C,grading/data_processed/banana/C/Banana_Bad_IMG__7745.JPG
30511.5,1808.1189595460892,1.1327433628318584,0.11727877543081565,0.7714469924907082,42.19414188520139,52.51103402829726,57.556105663270195,56.39211071114864,62.607915162743154,37.31086465819616,1702.9029107462388,234.27985424258196,0.5703913673895805,0.4564460095391643,C,grading/data_processed/banana/C/Banana_Bad_IMG_20190910__175318.jpg
20603.0,1471.8864225149155,0.56640625,0.11950655528460752,0.6511282472662916,22.373659454374412,38.66190599333372,80.80324553151458,62.983896453145036,58.99186265286924,38.45421927278624,3257.3300286117715,369.4914279513888,0.586261337279038,0.42073104006492973,C,grading/data_processed/banana/C/Banana_Bad_IMG__7792.JPG
30615.0,1654.8468821048737,0.828125,0.14048452769360403,0.7317510397246523,22.244414655942805,24.96701914438599,86.52515000638326,65.46099993023523,68.38021830716201,47.02538471628262,2756.1804459905575,466.1364040284362,0.49604766126322014,0.4167927485961178,C,grading/data_processed/banana/C/Banana_Bad_IMG_20190910__175456.jpg
30106.5,1817.4915426969528,1.1130434782608696,0.11453160234764766,0.6975556070435589,40.8258168877386,49.851427985052304,69.30071174377224,61.26033248849436,62.2822387576836,37.65515503076233,1655.9866091682418,229.01843137254903,0.5787962716494847,0.47094893326558984,C,grading/data_processed/banana/C/Banana_Bad_IMG_20190910__175330.jpg
27043.5,2029.6824482679367,0.899581589958159,0.0824928996552637,0.6385940470146523,41.81347799620439,48.0024846155746,62.3990403552118,61.303501941116636,56.89239803774125,34.76578769611357,2203.5224192462915,286.1798576623783,0.5636567010232857,0.4514059204245015,C,grading/data_processed/banana/C/Banana_Bad_IMG_20190910__175324.jpg
29905.5,1596.3544590473175,1.1130434782608696,0.1474695220015232,0.7413177660444709,39.52905438510534,51.3296869263617,66.95342152539605,60.60635890028693,61.341793238608524,36.676487991244585,1509.7145222132779,194.1696504688832,0.5938536811091955,0.4777912342385489,C,grading/data_processed/banana/C/Banana_Bad_IMG_20190910_175332__2.jpg
23884.0,1295.0092279911041,0.75,0.17896627561019565,0.6436955086310285,18.019732810393432,23.08059693106217,75.51574947910284,61.42633572581185,67.00555623646689,41.46073533394209,1310.7203630502854,215.5025155431937,0.6460878460023932,0.4995497449733489,C,grading/data_processed/banana/C/Banana_Bad_IMG__7786.JPG
28248.5,1094.5411911010742,0.66015625,0.2963064023491408,0.836286395192208,50.7501304302459,40.6196358522853,70.6072484435324,76.80162420382621,61.350666063789085,44.17584981748499,1978.4383535214508,462.3427501860119,0.43427427175525923,0.3337800550426122,C,grading/data_processed/banana/C/Banana_Bad_IMG_20190910_175756__1.jpg
33152.0,1415.5432776212692,0.921875,0.20790900234013557,0.8574051803287168,29.303197158081705,23.662803319653555,60.27430432208407,71.54785591954142,71.34677323860272,49.3340643792795,2547.603521716899,367.2328124999999,0.5405051267283655,0.4396741230592358,C,grading/data_processed/banana/C/Banana_Bad_IMG_20190910_175727__1.jpg
24274.5,1418.7320964336395,0.75,0.1515511963828762,0.6138837959157868,19.666720186248142,28.481165818739385,89.96267009191988,66.09461114989459,71.11644522939831,48.90432835332559,1472.9116351202956,258.9476439790576,0.6124901120867223,0.4901795340496741,C,grading/data_processed/banana/C/Banana_Bad_IMG__7802.JPG
24561.0,1476.312830209732,0.703125,0.1416116949659027,0.7172037201968142,29.93241849766003,35.255133533070264,52.57249940509241,55.306239798671996,69.45934798128025,44.95563496649436,1735.0931502914432,351.16028718575427,0.6332483492595479,0.4466586405227473,C,grading/data_processed/banana/C/Banana_Bad_IMG__7816.JPG
20976.5,934.3645641803741,1.0555555555555556,0.30193271451846604,0.7517919862375457,19.836887392442947,25.602521496126933,95.27029554807332,67.36304908584725,56.8294986906098,33.49800120245636,788.9103378808865,239.61331569664904,0.5036024342683539,0.3673338402019995,C,grading/data_processed/banana/C/Banana_Bad_IMG__8072.JPG
30894.0,1711.7585685253143,0.9012345679012346,0.13249484616832027,0.8412596838536632,24.01036924633283,23.27565034653779,71.59417678300456,78.23751446674676,67.35441957511381,47.07350511412841,4267.418552443743,495.2759089364594,0.4901633965882296,0.3991409212144905,C,grading/data_processed/banana/C/Banana_Bad_IMG_20190910_175639__1.jpg
18871.5,714.0559108257294,0.625,0.4651058996801613,0.9270730988406367,25.162627052384675,34.760349801933934,94.05645035183737,61.494766867269966,53.15543393275997,33.650354204335876,1642.1421354851711,220.51371614151466,0.5206969949350662,0.3366426793784351,C,grading/data_processed/banana/C/Banana_Bad_IMG__8066.JPG
16077.5,1106.6488355398178,1.4883720930232558,0.16497142262087372,0.7347027372846502,84.68376893825074,22.206269021682942,235.61254300718295,33.3072074455267,102.75988410695962,41.09710723435866,745.289243397071,241.34867486505135,0.6850991287359475,0.32143441053579563,C,grading/data_processed/banana/C/Banana_Bad__IMG20200729190346.jpg
29212.0,1364.631591796875,0.8755364806866953,0.19712436787360163,0.7500160468310718,74.56652806652806,57.810399014360065,72.46448930319897,55.97024353077757,59.37304674401449,35.225805630258556,1026.1525140299943,184.7012410410368,0.5037200970418453,0.3705393205147172,C,grading/data_processed/banana/C/Banana_Bad_IMG_20190910__175708.jpg
21357.5,1085.9970352649689,1.5238095238095237,0.22756370698979125,0.7109450417762392,72.25146439685155,40.02560113544651,169.98416620904266,89.13624928884595,59.418771737140766,35.905237883107375,409.6344168521379,96.07392623716154,0.7330411923622884,0.4882445265832598,C,grading/data_processed/banana/C/Banana_Bad__IMG20200729190352.jpg
22072.0,849.0681034326553,0.8606965174129353,0.3847392544005623,0.8705529699455707,19.513119793290862,29.556433232210953,92.48220252149508,63.67409706856977,60.23103310019156,36.28166288766756,1271.4199274628097,190.28734235797754,0.535460557227097,0.35154569085343007,C,grading/data_processed/banana/C/Banana_Bad_IMG__8099.JPG
15890.0,2543.194200873375,0.8767123287671232,0.030872707055768934,0.5239123625513115,58.27387822400188,62.86923821450329,103.80950418089742,72.7324099649627,87.12684018372394,56.84606942136656,10527.8388637594,941.1329938559375,0.6016242196340249,0.5802383433925988,C,grading/data_processed/banana/C/Banana_Bad__IMG20200730132848.jpg
33524.0,1354.288445353508,0.95703125,0.22969066744855943,0.8573474502582988,29.090922409751524,24.636108616068675,61.776576418190345,69.52484222191026,72.43498007501172,50.339009457937536,2553.2945284107595,350.33099065061475,0.5527115148845002,0.4545102362819668,C,grading/data_processed/banana/C/Banana_Bad_IMG_20190910__175720.jpg
26828.0,1569.7930580377579,1.0252525252525253,0.13680858570162613,0.8243355354125058,30.922106717068914,47.323682214343116,87.46132596685082,66.77441561770226,57.5414364640884,37.68896692363473,2784.528390652229,340.6700670067006,0.42778344686195524,0.31151936198595304,C,grading/data_processed/banana/C/Banana_Bad_IMG_20190910_175644__1.jpg
25407.0,929.9554046392441,0.9137055837563451,0.3691807145733804,0.836196682464455,32.15344407015914,40.7788354432638,81.87911875169397,67.15821839803928,53.76299996128083,36.44713156426581,1455.6271289846538,253.526614298273,0.43221032734547177,0.2679082582797913,C,grading/data_processed/banana/C/Banana_Bad_IMG_20190910__175734.jpg
27375.0,988.7249571084976,0.7990654205607477,0.3518949210215993,0.8616212643406826,31.96969696969697,38.28267812225435,89.53970308062834,73.59411170672414,60.78733958805133,45.89521019543207,1982.5909949421473,400.5361462341945,0.36886213116395716,0.2389928996998415,C,grading/data_processed/banana/C/Banana_Bad_IMG_20190910__175735.jpg
33482.5,1432.4133356809616,0.9453125,0.2050647582176704,0.860212981874703,28.601876007621282,24.327193848517926,61.25068151839367,68.83637479447516,72.3123259563242,50.16021850678973,2549.304485464086,372.58054006742736,0.5461894628034443,0.44731324466219313,C,grading/data_processed/banana/C/Banana_Bad_IMG_20190910__175721.jpg
28099.5,1270.0458042621613,1.0251256281407035,0.21891206012226763,0.7997011739594451,32.3589421533738,47.68373570293345,83.54793803642454,67.87699690097013,58.994452585304586,37.33322560497059,1807.447606422993,295.4882788325867,0.4083628823504331,0.28883420063535764,C,grading/data_processed/banana/C/Banana_Bad_IMG_20190910__175709.jpg
28605.5,3116.681569457054,0.75,0.0370062042666182,0.6434419776413163,57.03639642046213,59.08810408709482,82.99011620141579,67.67643417048481,99.09202617870976,61.82175958178912,12207.373027940179,1603.9244723494762,0.39778982758756837,0.3726849546775129,C,grading/data_processed/banana/C/Banana_Bad__IMG20200730132849.jpg
22493.0,858.3818116188049,0.8578431372549019,0.3836155770989515,0.8727011717234422,18.969743343098248,28.60808609963305,92.08298718901666,64.30570885843403,61.44221940448603,36.8966329496058,1238.5712202143602,192.2642551273383,0.5340749163468814,0.3561485952503394,C,grading/data_processed/banana/C/Banana_Bad_IMG__8098.JPG
20486.0,1085.9797893762589,1.0057142857142858,0.21828482585088801,0.7519039841441706,79.79629982834255,29.349520020390788,226.1334159832157,51.523526557885354,91.20360480640855,45.233877691301615,948.6104885984145,201.57110204081636,0.6621973843793462,0.31234560894182506,C,grading/data_processed/banana/C/Banana_Bad__IMG20200729190347.jpg
19353.0,728.9259662628174,0.7004608294930875,0.4577109667053548,0.9197538198322363,24.44387391967463,38.72929890451266,92.13289273004575,60.61469425857965,53.96070157600407,33.85272284532818,1510.7579091405212,192.1633960997345,0.5736134857646418,0.39904300466981923,C,grading/data_processed/banana/C/Banana_Bad_IMG__8067.JPG
20789.5,837.6538891792297,1.0502793296089385,0.3723271362326312,0.8134402817176954,20.700931045890638,28.922798305332506,87.87258377049955,67.77035102177572,56.79219244765821,34.459579299808176,731.816813377507,222.37967914438502,0.5070612449672807,0.3647696226466978,C,grading/data_processed/banana/C/Banana_Bad_IMG__8073.JPG
30410.0,1922.694639801979,0.76953125,0.10337265079146131,0.8003895351897669,24.048216686943714,29.32481734190993,101.44384324774285,69.38710361406876,65.37747326631235,42.289882870409606,2803.834711628569,556.3434709821429,0.43359855162409694,0.3678254448869183,C,grading/data_processed/banana/C/Banana_Bad_IMG_20190910__175537.jpg
24089.5,1348.472210407257,0.6953125,0.16647677274765355,0.7419002155836156,30.811018837350616,34.63412012456019,52.242211869556414,56.089262612397896,67.42005266356087,41.865328750951356,1817.0517239194373,252.3893891242938,0.6333103846870364,0.45281379112601006,C,grading/data_processed/banana/C/Banana_Bad_IMG__7817.JPG
23305.5,1292.1635557413101,0.63671875,0.1754015039369642,0.6554958654441132,20.373686634015655,30.202732949628334,90.27259408095776,66.78044798730704,68.84926116622714,48.13238029082866,1621.0789494392243,263.16227816358025,0.5637809640059392,0.42508236566193747,C,grading/data_processed/banana/C/Banana_Bad_IMG__7803.JPG
18128.0,919.3279877901077,0.5981735159817352,0.2695372498205421,0.7293795767280921,53.254933678421224,67.42401160061921,72.85446996656961,65.0478343987853,42.77003127358999,27.090822422287374,1943.066023914957,134.19265893923426,0.5527234590749124,0.3553649078575086,C,grading/data_processed/banana/C/Banana_Bad_IMG_20190910__175325.jpg
32415.0,1820.018455028534,1.175257731958763,0.12297145352458685,0.7891565531764677,36.27562848110793,50.66052391619735,86.54071955441819,63.16907216162227,71.09399367755532,47.11392777436226,2280.342843085424,370.0078568509015,0.37036292997469145,0.24214459953313427,C,grading/data_processed/banana/C/Banana_Bad_IMG_20190910_175816__1.jpg
21022.5,1425.7026584148407,0.5390625,0.12996796123794735,0.7011239327641409,29.546302280491183,35.67124316970363,70.45078940079402,62.91934751294837,60.502262025667065,40.82465380709624,2761.998623754017,457.6513458029197,0.5441708598182766,0.37893471450152927,C,grading/data_processed/banana/C/Banana_Bad_IMG__7787.JPG
23351.5,1733.8103033304214,0.75,0.09761610799384242,0.642982033454946,21.812443007543727,35.74897647162071,73.09292879051645,59.504767549245585,66.75433142667661,43.040753511473255,2015.1784581591685,397.39177028795814,0.6477373633387985,0.5038663388464178,C,grading/data_processed/banana/C/Banana_Bad_IMG__7793.JPG
29616.5,1702.9230009317398,1.1179039301310043,0.12833749987721121,0.7293895996749129,33.76780481380264,44.92820307499361,69.6941160975931,60.23192647749687,61.1405617200619,37.1769880838793,1521.313113163211,204.9842966007364,0.5963539443405098,0.4792908195915498,C,grading/data_processed/banana/C/Banana_Bad_IMG_20190910__175331.jpg
30685.0,1766.0773301124573,1.1327433628318584,0.12362791929667366,0.7733797083916172,44.50967803451673,54.56338205244073,57.92645329434574,56.66730240256925,62.93236500015892,37.611415423416695,1695.512074225174,229.82283532882184,0.5681321319547525,0.45364052182092635,C,grading/data_processed/banana/C/Banana_Bad_IMG_20190910__175319.jpg
28652.5,999.4284934997559,1.372093023255814,0.3604698380025039,0.8889733486395085,38.38399972519923,45.47062770506777,53.511885133278376,66.41983327897636,59.32405880736466,37.560920941680806,1540.4566421664724,214.6001484413656,0.4409610944337915,0.28307011587042474,C,grading/data_processed/banana/C/Banana_Bad_IMG_20190910_175152__1.jpg
24128.0,1594.832601428032,0.75,0.11920678587618964,0.6108818391270223,22.26556968136466,35.40556893791444,69.64958158995816,56.35091878810801,67.40650144834245,42.20550894242079,961.9218278920484,245.13401914267018,0.6582482653089,0.4919005164716101,C,grading/data_processed/banana/C/Banana_Bad_IMG__7744.JPG
23993.5,1478.9331068992615,0.75,0.1378498844296824,0.6037467602727662,20.486195013176566,32.29431572072153,81.37137644435435,65.5756824392836,66.80677072775188,41.0649700897126,1149.2119375430048,225.28593340968587,0.6644042615314297,0.4949600374820106,C,grading/data_processed/banana/C/Banana_Bad_IMG__7750.JPG
20299.0,1177.092486858368,1.0212765957446808,0.1841040456714557,0.6799196114553676,23.257130509939497,44.14052844194377,93.21857293767407,54.1174173005003,56.561509651397294,37.37642830684738,1180.9922125690523,197.88827002339315,0.5849185237791834,0.41619703530043445,C,grading/data_processed/banana/C/Banana_Bad_IMG__7988.JPG
11707.0,941.9554052352905,1.443609022556391,0.1658039211910801,0.5889425495522689,22.028352427264487,36.64128433465072,107.72216269677739,75.704476474098,54.76881233000907,45.00072851099096,1851.5927482200175,225.05806400818798,0.654191751529248,0.5244448911200927,C,grading/data_processed/banana/C/Banana_Bad_IMG__7778.JPG
30536.5,1825.8834581375122,0.9243697478991597,0.115102038158215,0.826427604871448,37.196449666358035,36.89056999948313,72.73315028255803,76.62063605423147,67.06235433096006,47.027361417366315,4268.21553393939,517.9413107708838,0.4861215362522594,0.3942164235813469,C,grading/data_processed/banana/C/Banana_Bad_IMG_20190910__175641.jpg
28940.0,1258.690466284752,1.478527607361963,0.22954641019085661,0.8205506251949304,22.99257677445597,29.298286289417966,45.1463629584435,75.21492536582095,62.406141956477526,40.888606780278074,3001.1718336482986,443.0233895705521,0.35437221052009493,0.2474407041241015,C,grading/data_processed/banana/C/Banana_Bad_IMG_20190910__175133.jpg
25159.0,1307.3422693014145,0.995,0.18497993943104327,0.8228618152085037,33.92825495530509,51.1276089444027,87.23186941313642,67.44906807787433,53.39055577147299,34.22363201280882,2193.6772936990224,273.04646464646464,0.45961082238190076,0.3504753998207322,C,grading/data_processed/banana/C/Banana_Bad_IMG_20190910__175655.jpg
23204.0,1122.430580854416,0.8687782805429864,0.23144816375836436,0.7576074180488442,15.443098353735753,22.366432777234824,116.04698184888139,63.55376790157786,62.295398902490504,36.13897638449442,1129.581520475792,235.1857098860486,0.5683211729804722,0.43711319679349925,C,grading/data_processed/banana/C/Banana_Bad_IMG__8113.JPG
19973.5,946.3401807546616,0.9548022598870056,0.2802653948105083,0.7996757016455138,22.358546987597432,30.381126913907107,97.82205010049512,62.75880248749498,54.73341830481886,32.96259233127454,1529.912407996361,209.95682001614207,0.5109973597161424,0.31143129096951105,C,grading/data_processed/banana/C/Banana_Bad_IMG__8107.JPG
26284.5,1471.300637960434,1.4382022471910112,0.15258320657744043,0.7139035254495084,41.71322519579822,42.59470258772194,60.92353661705208,57.821924461417055,58.97019412790913,45.86570217065074,1670.051580332036,261.275413086583,0.5666388218976931,0.40587051646910227,C,grading/data_processed/banana/C/Banana_Bad_IMG_20190923_184111__1.jpg
28251.5,1476.0356991291046,0.7430830039525692,0.16295123364020273,0.7504814780379604,24.373373026862364,26.399836304682733,93.02696621434505,68.247647180371,60.54804763223484,38.94738714356041,2097.192939882651,457.7678341189153,0.45155434487926716,0.3821279911485024,C,grading/data_processed/banana/C/Banana_Bad_IMG_20190910_175500__1.jpg
23880.5,1096.5310870409012,0.852017937219731,0.2495809206926876,0.7722568961614332,17.247669882980908,29.237641245190805,123.0807226442209,60.81068262485493,64.31463765140629,38.08692902642325,1247.3701910008758,239.11464635679874,0.5516866921383867,0.4209225942611362,C,grading/data_processed/banana/C/Banana_Bad_IMG__8111.JPG
20789.5,1006.9675959348679,0.8851674641148325,0.25764571143630394,0.7358333628287261,19.258450240090387,32.76145483486811,98.88979380472648,62.00145062680107,58.35533377271443,39.582473910504774,1383.696925015948,215.31147285209073,0.60450195327887,0.4465183994437674,C,grading/data_processed/banana/C/Banana_Bad_IMG__8105.JPG
26921.5,1347.0752419233322,0.7798165137614679,0.18643412533620013,0.8562001081321757,44.483415077202544,51.49286545432162,80.72730245231608,71.60124292534532,55.564977293369665,33.435866484914456,1790.3811334225884,340.46153846153834,0.3736506727516564,0.25081917984581786,C,grading/data_processed/banana/C/Banana_Bad_IMG_20190910__175657.jpg
29824.5,1314.5899608135223,1.4814814814814814,0.21687146483325787,0.8042200350546043,26.450202216157564,22.4839109069413,48.980370236412064,75.61545746989805,64.83359089862887,43.03048861944522,3500.7231491960065,492.53631385918703,0.32498786652828776,0.21603277464511464,C,grading/data_processed/banana/C/Banana_Bad_IMG_20190910__175131.jpg
24147.0,1623.6021527051926,0.75,0.11511020018689987,0.6082444363279135,21.444703423886835,34.269414042035876,69.64250120559396,56.53083298866798,67.32591223276,41.95173456419354,978.5772189162672,244.87502045157063,0.6564346288851453,0.4911216390161208,C,grading/data_processed/banana/C/Banana_Bad_IMG__7746.JPG
23734.0,1423.033612370491,0.75,0.1472822755037617,0.6321901844576147,46.09528692727347,33.69910118608665,63.48246441609582,63.8400074119112,65.17958078674269,39.49120074692097,912.3159193690452,242.60334178664928,0.6564589258165627,0.5006118639862416,C,grading/data_processed/banana/C/Banana_Bad_IMG__7752.JPG
23839.5,1332.849846959114,0.75,0.16863377166950755,0.6402959819510099,18.656166905297606,24.277187649420707,75.62544487625281,61.5235557039297,66.85154428308448,41.289305144763915,1297.222251969907,214.4779941099477,0.6463785086552818,0.500145512438996,C,grading/data_processed/banana/C/Banana_Bad_IMG__7785.JPG
18467.5,913.0853474140167,0.5707964601769911,0.2783525630284466,0.7117667463192785,58.3547635439284,69.92268312326766,73.75221098342425,64.18405275483046,43.14732828470052,27.49261900216407,1834.3193515378393,124.14840293141593,0.5513499778879871,0.3534053649855,C,grading/data_processed/banana/C/Banana_Bad_IMG_20190910__175327.jpg
29847.5,1641.668169260025,1.1179039301310043,0.139170462225156,0.7406511327824512,38.24985283537183,50.37485850527783,67.17365426123357,60.685780414615635,61.244881941264964,36.60592302837733,1567.190202814234,201.1961983046494,0.5918893859044327,0.4758381675742193,C,grading/data_processed/banana/C/Banana_Bad_IMG_20190910_175332__1.jpg
30082.0,1609.0235059261322,1.1130434782608696,0.14601309060092496,0.7511673783304617,40.30739501802475,51.50673704572237,66.50202981390666,59.733617698963506,61.67422298723653,36.737679286623816,1529.1804330103967,197.80654731457798,0.5906362572983578,0.4747728227056702,C,grading/data_processed/banana/C/Banana_Bad_IMG_20190910__175333.jpg
20181.5,1462.6143456697464,0.52734375,0.11855057062519121,0.6527532950594324,24.343509984639017,33.71257656814217,76.39996159754224,64.12821884614802,57.47825460829493,37.43636956224839,3081.299239312735,386.0229419309701,0.5618845978997508,0.388827312000788,C,grading/data_processed/banana/C/Banana_Bad_IMG__7791.JPG
30818.0,1305.4255298376083,0.8359375,0.22725325436079036,0.7721197088704324,21.41231955641949,24.105970172207094,89.61585035531054,64.21666547052068,70.02342181574838,49.762037154503574,2711.11032869764,462.68971904342726,0.49676036156268105,0.4215294496525156,C,grading/data_processed/banana/C/Banana_Bad_IMG_20190910__175455.jpg
33705.5,1240.305690407753,0.91015625,0.2753297659703103,0.8765945826452192,30.120603601762937,23.40201343222469,59.498117392954086,70.93314555877538,71.92790636583871,49.10103984373837,2569.911994186306,351.0277478448275,0.5278154630867615,0.42494216674070484,C,grading/data_processed/banana/C/Banana_Bad_IMG_20190910_175727__2.jpg
18989.5,915.3107422590256,1.5140845070422535,0.2848303575757099,0.8914211946954583,35.83064391400732,55.07624277009939,82.23782028148683,62.87148420438936,45.12986544310976,32.18378382152608,3165.505439693057,150.79001579570883,0.5234035135640822,0.3649191879429078,C,grading/data_processed/banana/C/Banana_Bad_IMG_20190910_175412__1.jpg
23049.0,1449.1412584781647,0.6875,0.13792421127062676,0.7036358640901181,34.0669959473151,36.81727879393912,55.837977034785546,58.8666007745918,64.92105707531239,40.817838373026675,1926.865608124201,286.5342857142858,0.6536083739998829,0.46815821620877146,C,grading/data_processed/banana/C/Banana_Bad_IMG__7815.JPG
24014.0,1369.6610283851624,0.68359375,0.1608600401705407,0.6277103237358358,20.27658451419059,30.525816720783745,89.93572617645864,65.21866238433361,70.69332900239554,48.9168092301722,1513.5668521683676,278.56665319683907,0.5773759781836424,0.44697182185157486,C,grading/data_processed/banana/C/Banana_Bad_IMG__7801.JPG
16827.0,1049.0092272758484,0.5955555555555555,0.1921577664532654,0.6221967498012535,25.39446146730647,48.35113085154004,114.90940625542001,62.67467124120833,48.92628779557149,31.11499967866216,2116.8913648276034,160.8649289891395,0.6261451780035598,0.4210209725403979,C,grading/data_processed/banana/C/Banana_Bad_IMG__7829.JPG
33746.5,1904.996155500412,1.0940170940170941,0.11685583251331322,0.8145622631490019,40.52809118787248,45.2458571544301,86.398512989643,65.11818653805578,73.47393392350865,49.0562280531681,3060.1677198717266,515.7585218702866,0.4905951063921205,0.41518866328564147,C,grading/data_processed/banana/C/Banana_Bad_IMG_20190910__175521.jpg
16658.5,816.4823162555695,0.6632653061224489,0.31401629931941955,0.7877104217892945,23.72333548804137,40.56443995383673,94.39824881001351,58.356945252174754,51.164188752424046,39.767786365107966,1739.49684794643,256.733349153615,0.5586454066563736,0.3258480024078153,C,grading/data_processed/banana/C/Banana_Bad_IMG__8059.JPG
25325.0,903.8721445798874,0.6769911504424779,0.3895339483331779,0.8370793944602367,38.49232681922375,60.59454168691413,97.57177823536269,53.1543863935161,72.63922452309724,48.982303824909046,1031.1439865075424,199.02165812762,0.5103761339931937,0.2524164012878852,C,grading/data_processed/banana/C/Banana_Bad_IMG__8065.JPG
31265.5,1697.1727817058563,0.8975409836065574,0.13640274994597162,0.8477745088734934,30.018377297162147,36.93108481273258,67.07991623952994,74.9789583047611,68.13876734591824,47.09255537903305,4144.686449380964,491.1709843585503,0.4861095862697862,0.39504301495134847,C,grading/data_processed/banana/C/Banana_Bad_IMG_20190910_175639__2.jpg
21245.0,985.9797893762589,1.0726256983240223,0.27461899516770394,0.7206091852655858,19.181541441815416,24.097921339242323,93.80097781467644,67.91346851488622,58.31608320649416,35.61654919719563,801.6880780218878,254.70592880751119,0.5026998024332135,0.362571313852549,C,grading/data_processed/banana/C/Banana_Bad_IMG__8071.JPG
24889.5,1238.3056908845901,0.7555555555555555,0.20397187992827953,0.7172146500302568,80.98514384530735,34.37139507294688,206.33088350888224,78.07933539931655,70.30238956138972,40.87573788638562,489.8620877296766,130.67613412228795,0.6848679206298535,0.3305554740715555,C,grading/data_processed/banana/C/Banana_Bad__IMG20200729190351.jpg
32099.0,1554.9402469396591,1.0078740157480315,0.16682992611591568,0.729846181830584,36.082225204343054,25.487031246658916,46.75728925216543,65.84413874574763,70.18833109674271,48.63990825556087,2438.164898380609,520.3580824455767,0.5721380466296929,0.49137356437088603,C,grading/data_processed/banana/C/Banana_Bad_IMG_20190910_175220__1.jpg
29404.0,1040.6660826206207,0.8772727272727273,0.34118778746258793,0.8227081322309425,37.4448424788242,46.41223505957397,83.55284743379424,69.28284602531096,64.6895108641066,47.214508720650926,1814.2461070007096,388.92251420454556,0.41287815868909916,0.29464100146290356,C,grading/data_processed/banana/C/Banana_Bad_IMG_20190910__175737.jpg
30067.5,1495.467157483101,0.953125,0.168948143605521,0.6431206887332228,32.61109302779767,36.52442162120814,89.5367489095762,60.95451314458323,62.22052600742139,39.77766186175262,204.47101833909403,185.03809799382722,0.6234412034660188,0.5044295045363488,C,grading/data_processed/banana/C/Banana_Bad_IMG_20190923__184038.jpg
33260.0,1325.4011427164078,0.92578125,0.23792354797147922,0.8733670321013589,30.70429901019353,26.54201374904117,60.45404047865268,68.85714329603904,71.71771310385581,49.80909842035034,2616.3569249745674,365.0658103813559,0.5411298762695764,0.4404946591588741,C,grading/data_processed/banana/C/Banana_Bad_IMG_20190910__175723.jpg
33649.0,1351.9452987909317,0.9453125,0.23134695428045943,0.8633926051368896,30.03509386587253,25.450528560768465,60.699249656944325,68.11891165525927,72.48319757087384,50.02972258379953,2575.126177091138,359.18576568983417,0.5430683795057843,0.44561146056824286,C,grading/data_processed/banana/C/Banana_Bad_IMG_20190910__175722.jpg
26753.5,998.8254625797272,0.7777777777777778,0.3369855355901378,0.8593431301694371,33.910491104249374,43.69523797522458,84.50988825172769,71.48839271756833,59.36446846052051,44.85836542558345,1921.9999352621705,389.4799567531604,0.37607616555342577,0.24883326223695562,C,grading/data_processed/banana/C/Banana_Bad_IMG_20190910__175736.jpg
29092.0,1635.0823825597763,1.1584158415841583,0.13674270431222987,0.7505579133396112,44.94604111472551,60.627467935010586,72.03833126530064,61.428959450485486,64.85646735302994,43.24013376470067,2472.7034680019055,324.709259337951,0.49460515720723874,0.36795785689554933,C,grading/data_processed/banana/C/Banana_Bad_IMG_20190910_175424__1.jpg
18627.0,824.2640600204468,0.7873303167420814,0.34452445210163657,0.8444363850669809,23.481979133733798,37.04455703992489,84.50295078511961,61.53685570717304,53.35114342923385,35.1828009932439,1211.1541252058357,196.47155598566678,0.6637484384865373,0.5022508532948161,C,grading/data_processed/banana/C/Banana_Bad_IMG__8070.JPG
25326.5,886.1147850751877,0.6623376623376623,0.4053265710179588,0.83417871611607,33.5658932804788,56.257332428943116,95.65551280556527,52.60281380856386,74.81034549764875,52.20889039439765,1039.2941585155802,195.20907382091588,0.5164720460933364,0.26913373421063136,C,grading/data_processed/banana/C/Banana_Bad_IMG__8064.JPG
15913.5,750.5411903858185,0.6595744680851063,0.35499849269388484,0.8153452030229281,25.98670278256587,43.659272286925024,97.86290322580645,58.06036525578194,49.850406303866045,39.92992853446772,1645.5307704833663,254.79743988929255,0.5427588063554943,0.29718867169456076,C,grading/data_processed/banana/C/Banana_Bad_IMG__8058.JPG
33235.0,1993.179921388626,1.0987124463519313,0.10512658093761962,0.8008337248948808,34.815885958994514,39.047244910718995,87.7414718563928,66.52372433604474,72.86545625201654,49.267176509813865,3276.057056883383,516.9132710594969,0.49480570618636255,0.42012975265613856,C,grading/data_processed/banana/C/Banana_Bad_IMG_20190910__175520.jpg
33495.5,1858.2509905099869,0.9240506329113924,0.12189547474376096,0.8302782425481812,24.979991249817704,29.476966175281,91.75190316464926,68.46499510382617,72.92340673764036,48.8033399169814,3356.3778992767193,546.9328959083344,0.4190510420638561,0.32989217227095874,C,grading/data_processed/banana/C/Banana_Bad_IMG_20190910__175534.jpg
16365.0,1070.808217048645,0.5745614035087719,0.17935045522320392,0.6192530366670451,26.118506204357892,48.83640492965253,118.37944546695957,63.8649609736059,47.96289259633082,30.770136025453557,2346.2072380157438,168.54412955465588,0.6314890506026822,0.43028257417878507,C,grading/data_processed/banana/C/Banana_Bad_IMG__7828.JPG
23867.0,1276.8914775848389,0.64453125,0.1839499696206231,0.6641159775168346,20.073360337138414,29.401045609900844,92.06268155967432,66.22663995531595,70.37269342498261,49.08343499091581,1607.2044717634217,269.37578601371956,0.5567701310697976,0.4171458270406913,C,grading/data_processed/banana/C/Banana_Bad_IMG__7800.JPG
24184.5,1435.0163666009903,0.69921875,0.1475819581844244,0.7070560891110819,31.52378458935836,36.83246490621994,51.55628952350264,55.41233844551021,69.83836146131227,47.932126133674636,1731.4410132708192,328.73665730337075,0.6426339739139902,0.45328824267378676,C,grading/data_processed/banana/C/Banana_Bad_IMG__7814.JPG
27708.0,2091.003296017647,1.0930232558139534,0.07963529775263092,0.7349504648479463,25.582937062937063,28.34443820906767,105.67583916083916,71.95228889891155,61.77979020979021,43.532872041800005,2864.118665182726,528.062631683562,0.48502121308531193,0.4204597668945627,C,grading/data_processed/banana/C/Banana_Bad_IMG_20190910_175547__1.jpg
30558.5,1757.5504186153412,1.0893617021276596,0.12431579503555724,0.7473617276251269,41.89877780259757,51.58997490328293,58.461371541628104,56.951827521299236,62.76028337109487,37.59872443529844,1754.2840944714806,217.6075427617855,0.5868127842073261,0.47638706767146216,C,grading/data_processed/banana/C/Banana_Bad_IMG_20190910_175316__1.jpg
29763.0,1639.425528049469,1.1130434782608696,0.13915639895162032,0.7369450565776116,33.6670055422556,46.01632756953554,69.40474863083331,60.79535495594326,61.24671236021382,36.697530154954535,1524.9401321587084,199.11069053708434,0.5966810096648003,0.4797218177403728,C,grading/data_processed/banana/C/Banana_Bad_IMG_20190910__175332.jpg
23092.0,1569.5432772636414,0.75,0.11779444836712236,0.6361432506887053,26.290414758162793,34.27340514313262,67.57990503004581,62.301593575351184,65.51687187460604,41.64148531194402,2356.7481160027287,379.88835487565456,0.634208159557516,0.510816686253384,C,grading/data_processed/banana/C/Banana_Bad_IMG__7790.JPG
23625.0,1305.8376537561417,0.75,0.17410181819044246,0.6400964547461967,17.262064979564876,26.74986571314623,70.49874086611898,64.24457089296278,65.93398835817199,40.63956934257432,1275.426237258646,203.4942531086388,0.6502912554830056,0.5049459802176763,C,grading/data_processed/banana/C/Banana_Bad_IMG__7784.JPG
18319.5,1030.2813053131104,0.5752212389380531,0.21687617302578596,0.6988974515489089,64.350335427537,73.73019147371733,74.47119582579064,63.63799472935701,42.8022574805665,27.172347529290757,1805.9267006447292,135.88564176442338,0.5604455121229248,0.36053060102936435,C,grading/data_processed/banana/C/Banana_Bad_IMG_20190910__175326.jpg
27724.0,1076.8914791345596,0.99,0.30041517938394235,0.8053449527959332,98.5743669763813,68.04155875959539,80.85321654018016,55.77403083780898,55.794949996453646,32.71935440912376,601.0374009182736,155.00779187817258,0.45350861251384816,0.2856396845234037,C,grading/data_processed/banana/C/Banana_Bad_IMG_20190910_175436__1.jpg
20544.0,1223.6366443634033,0.54296875,0.17242090555533243,0.6652634305883877,38.196321926248935,37.35831123159388,68.71584984358707,68.07808061473588,56.38145795810029,34.23312455883947,1206.6783601859483,206.10450634057972,0.5995018782906555,0.402558152258767,C,grading/data_processed/banana/C/Banana_Bad_IMG__7753.JPG
24110.0,1569.4600180387497,0.75,0.12300041063613193,0.6136577668049581,21.878696317782612,35.11982306656428,69.73898154862621,55.97920088292057,67.21130448795424,41.910252798817545,950.4759817218616,247.0306773560209,0.6540223748464706,0.49223458369501966,C,grading/data_processed/banana/C/Banana_Bad_IMG__7747.JPG
26521.5,1338.6488366127014,0.8088235294117647,0.1859835860981371,0.8550082207679165,40.766579422715374,46.49732680611271,76.12703210823165,74.05473378488716,54.87536402845873,33.11365740887421,1791.5569081503936,352.6923122907701,0.31578890628177453,0.18695848435150322,C,grading/data_processed/banana/C/Banana_Bad_IMG_20190910__175656.jpg
32276.5,1613.9524389505386,1.1797235023041475,0.15570940085507287,0.7191893758773591,43.41907908696838,53.872584819929386,70.39543484191701,67.6774518569101,69.77483403558762,46.33014620850077,2166.025450642666,454.58053673082134,0.4964226938586791,0.40443532769079704,C,grading/data_processed/banana/C/Banana_Bad_IMG_20190910_175428__1.jpg
31044.0,1490.3372160196304,0.8658536585365854,0.17563798482590035,0.8591235522838285,39.20453111195254,46.25420224378799,67.78019689511548,74.018012169812,67.90713744793639,47.73634337330641,3814.175907524879,482.0035664979291,0.48868000362209335,0.39044954781535185,C,grading/data_processed/banana/C/Banana_Bad_IMG_20190910__175642.jpg
30830.0,1440.1950792074203,0.82421875,0.18678446092322937,0.7442455551666285,22.52137974884756,26.60060449205014,86.31161977428071,65.12062185156596,68.98238753775234,47.89642173311888,2739.0926571439427,450.1110119047619,0.4938333461897682,0.412899754122352,C,grading/data_processed/banana/C/Banana_Bad_IMG_20190910_175455__1.jpg
20468.0,1029.0092270374298,0.8761904761904762,0.24291074960524156,0.7237111943992646,20.04333906727829,33.995767924646955,100.30437691131499,61.873748990795555,57.61243310397553,39.44911260020822,1305.2849069280753,221.53723653395787,0.6097159735656421,0.45360842894476283,C,grading/data_processed/banana/C/Banana_Bad_IMG__8104.JPG
30546.5,1358.4478262662888,1.103448275862069,0.20801056511680685,0.7146550312331844,34.32459321544337,47.658807707057655,61.31464424403864,55.948767795707354,62.98921659873552,39.536228121631545,1353.6752523168232,263.7512339418526,0.5932413249236898,0.4734925876715848,C,grading/data_processed/banana/C/Banana_Bad_IMG_20190910_175204__1.jpg
20217.0,970.7249565124512,0.9388888888888889,0.26960887541380113,0.7917678389598183,20.554232035638194,28.0656484807086,98.27193492155723,62.306585799618055,55.51394538059268,33.521372329507734,1524.0890003451573,220.09705687830692,0.5058138384844458,0.3136993663938287,C,grading/data_processed/banana/C/Banana_Bad_IMG__8110.JPG
23606.5,962.5655760765076,0.717391304347826,0.3201701307516677,0.8356874822996319,16.385002704839582,26.0685756429539,114.6407140776497,64.05639054415767,63.778827348008825,37.90746475242497,1153.0805655204736,236.90665429480381,0.5062985852093697,0.3621866510769727,C,grading/data_processed/banana/C/Banana_Bad_IMG__8114.JPG
22303.0,865.2102389335632,0.8480392156862745,0.37439483425755776,0.8697669883981671,18.351260800564276,27.62876201169629,92.73104390760007,64.10667072115467,60.93867924528302,36.666061865177,1327.3765116626332,193.38138394892843,0.5309437987825387,0.3541315441792986,C,grading/data_processed/banana/C/Banana_Bad_IMG__8100.JPG
31736.0,1469.2245169878006,0.8723404255319149,0.18475054059696808,0.7982794833419276,35.27172771635061,34.881177785481846,79.60883933535116,68.30127440382911,65.9785348075854,40.68143235971249,1840.458754053196,478.05369211514403,0.3968522819927739,0.3201674994332761,C,grading/data_processed/banana/C/Banana_Bad_IMG_20190910__175849.jpg
26249.5,1176.8498460054398,0.64453125,0.23817095041834047,0.8641526204898604,20.34215931583075,38.33449520553752,110.03189304253651,54.952397099848156,70.49202673936587,40.90226950956289,828.6683471292963,270.49911871189016,0.5039379660092173,0.3613382548274722,C,grading/data_processed/banana/C/Banana_Bad_IMG__8128.JPG
26433.0,1485.2245169878006,0.9850746268656716,0.1505816670299965,0.8410920546027302,35.74877229258206,53.34277629898829,85.16139275560315,65.95169684951657,56.564819259313964,36.930114576294585,2562.3186860088995,326.49973482839613,0.4284575405460371,0.315215974134298,C,grading/data_processed/banana/C/Banana_Bad_IMG_20190910__175646.jpg
32490.5,1467.9280549287796,1.0,0.18947709484904987,0.7288705932498065,25.306589825598937,27.74540479430858,41.13143443364915,65.34895479787924,70.9637921670388,49.13911786131321,2411.9720104178414,514.4605392156864,0.5723640274942057,0.49042832501396716,C,grading/data_processed/banana/C/Banana_Bad_IMG_20190910_175222__1.jpg
25277.0,1422.8813712596893,1.0101522842639594,0.15689099071564347,0.8141527361741875,37.689129175516506,54.878815567949175,87.21150801312994,68.95353746577968,53.381965630430585,33.53946759245552,2223.6982952504636,282.3738142849819,0.45063952562218423,0.33605153139758026,C,grading/data_processed/banana/C/Banana_Bad_IMG_20190910__175652.jpg
24697.0,1429.6366432905197,0.75,0.1518457788532542,0.6248450347881088,21.424193421156424,33.23246743772634,68.69894296757909,56.69957705317209,68.97104993294944,43.39692386713634,1001.2601853410403,222.08147905759165,0.6443371108752066,0.4825474401767665,C,grading/data_processed/banana/C/Banana_Bad_IMG__7743.JPG
13675.5,1330.3645656108856,1.2307692307692308,0.09709832543504066,0.5724601280924275,26.7220082627267,44.784776869544814,84.93585883341503,62.50000952128754,59.68811707863595,44.7820018788935,1990.3509767872185,237.05383272922535,0.6632208230161127,0.520566902369589,C,grading/data_processed/banana/C/Banana_Bad_IMG__7757.JPG
23825.5,1352.9574924707413,0.6923076923076923,0.16356244102801593,0.8586848791739499,32.91990827942019,47.07713747156509,89.0289902546884,73.94648365627049,53.89165506510523,37.989724935725135,2521.580987388743,447.87460848330414,0.4355300721076267,0.3465621333335019,C,grading/data_processed/banana/C/Banana_Bad_IMG_20190910_175625__2.jpg
26768.5,2147.564699411392,0.8796680497925311,0.07293590674175399,0.638348356941861,44.41521966716003,49.261046880943724,60.72109310133208,60.106939693499385,56.33132377892495,34.37219389932567,2271.152618710211,295.64852215295673,0.5619550494547652,0.4509433871398828,C,grading/data_processed/banana/C/Banana_Bad_IMG_20190910__175322.jpg
19043.5,921.7716399431229,1.1925465838509317,0.281650126143962,0.7371344519924906,18.056357564860004,30.30520253319394,78.59604418186488,68.32152973550477,54.644849730285124,36.96605022950557,1531.7699543845947,248.75548762641867,0.5761113291132212,0.3686547549888098,C,grading/data_processed/banana/C/Banana_Bad_IMG__7780.JPG
22817.5,1537.0752437114716,0.75,0.12136338123163397,0.6032944224845657,21.282573566933152,35.34175077186524,96.93442762374553,66.86063033453021,65.51530872597381,42.77634981453448,1133.1709306223524,201.5990469568063,0.653294299010474,0.5187804033560338,C,grading/data_processed/banana/C/Banana_Bad_IMG__7794.JPG
29888.5,1189.2417623996735,0.80859375,0.2655667386630477,0.8026990734523969,21.179183525773873,25.40239982268817,94.75614329418731,66.37740461748223,67.47409454258364,47.46151347501756,3013.0568981235197,475.6185148665048,0.4972185513295714,0.42085861592387824,C,grading/data_processed/banana/C/Banana_Bad_IMG_20190910__175450.jpg
32784.5,1799.3393028974533,0.9310344827586207,0.1272483899299434,0.8323474154564842,24.221149260848833,28.063144677484654,94.28636146876491,67.16509062833124,71.46676800190748,48.22477601819754,3384.386419983971,505.44556936647973,0.41279338635772594,0.32079090592214216,C,grading/data_processed/banana/C/Banana_Bad_IMG_20190910__175530.jpg
31607.5,1751.1971669197083,0.9213973799126638,0.12951793714371632,0.8335750830740017,23.795289463110066,25.991866799890257,97.41733378666584,67.19401562464454,68.33443575557135,45.79811993797724,2649.240870022679,425.98652526512785,0.4223138148474654,0.32191171616245234,C,grading/data_processed/banana/C/Banana_Bad_IMG_20190910__175524.jpg
20393.0,1351.9209153652191,0.4453125,0.1402130412203223,0.7734289073463041,18.308706621602322,22.72941523281581,97.18884181463322,76.28610710238166,57.39534440900652,34.099082820048366,623.6326743678043,290.1011476769912,0.5648236340367974,0.27549497325996625,C,grading/data_processed/banana/C/Banana_Bad_IMG__7838.JPG
14841.0,972.1808006763458,0.6584158415841584,0.1973235630992566,0.6525093978764097,24.392260852484778,47.910136644525835,119.10122438289793,59.29063497278357,45.58862044130164,32.46287969953114,1932.132775433361,171.95255775577562,0.6159942117284269,0.42242176133292797,C,grading/data_processed/banana/C/Banana_Bad_IMG__7810.JPG
34328.5,2217.848969221115,1.108695652173913,0.08770023449077474,0.7960047303250939,29.356709735917487,32.96089095709455,86.63311798707923,66.89439999464281,73.42426045562733,47.50309156417899,3361.540811785783,538.4880178021225,0.47105581837140537,0.38947676960264455,C,grading/data_processed/banana/C/Banana_Bad_IMG_20190910__175518.jpg
22908.0,1472.1463094949722,0.65625,0.13282966866224105,0.6541871921182266,20.085479149874857,29.33113784942923,94.33746235099478,73.32408322277433,67.71225554659992,49.036536422046005,2035.6241223725604,361.083317739521,0.6276505425721881,0.4465668158638533,C,grading/data_processed/banana/C/Banana_Bad_IMG__7804.JPG
15802.0,784.9259686470032,0.6542553191489362,0.32230313233754915,0.8126510671123682,24.326748002724965,41.3924598544309,95.53842819099523,57.58661886695439,50.19111909333003,40.5470123403443,1633.4069902639922,283.5943930938263,0.5430016429649248,0.2951421569061774,C,grading/data_processed/banana/C/Banana_Bad_IMG__8060.JPG
20604.0,863.2102383375168,1.05,0.3474787413178322,0.8076041156295933,21.396349599695007,29.89090004449424,83.45410789172703,67.76188652646576,55.94796035074342,33.202681949993995,948.5229217795943,228.89855200945624,0.5080848450218258,0.3758505161581423,C,grading/data_processed/banana/C/Banana_Bad_IMG__8074.JPG
32961.5,1491.7615345716476,1.0,0.18613070489605918,0.722895397673067,97.90401022622551,62.12934350327331,68.02199827581082,44.635770007105805,67.24034602693303,40.26228029353072,1958.9077652895357,145.51473651960785,0.6018603873660768,0.4864536304157559,C,grading/data_processed/banana/C/Banana_Bad_IMG_20190910_175402__1.jpg
18039.5,1095.3940027952194,1.0726256983240223,0.18892683205624655,0.689438382603046,21.33426875337291,32.56382129911999,69.65984889368592,57.44671198740662,49.54781435509984,29.49167849966404,1740.746533445937,148.43247828248852,0.6693377580295178,0.4581383072506161,C,grading/data_processed/banana/C/Banana_Bad_IMG__8048.JPG
28551.0,1480.6214858293533,0.7630522088353414,0.16366020599027123,0.7557773248272759,23.569270298047275,26.021290355124123,91.08280232956491,67.13046688602779,61.23614251455978,39.526239119770715,2121.682671383953,489.4740443254499,0.442011448026413,0.37268363282606426,C,grading/data_processed/banana/C/Banana_Bad_IMG_20190910_175502__1.jpg
25287.5,1066.5655761957169,0.8317757009345794,0.2793448278542063,0.7753809830435716,32.61915851575842,40.93098067080474,81.86081353827045,67.72079842451772,53.18471510634995,35.26911418422046,1300.9943531616955,239.00947779713815,0.4700764412845716,0.3189211413313367,C,grading/data_processed/banana/C/Banana_Bad_IMG_20190910__175732.jpg
33130.0,1365.9452998638153,0.91796875,0.22313345171128154,0.8537339586661856,26.447345801594594,24.6869592897494,58.14760366341623,70.04893280527668,71.38237647825959,49.5424974357039,2667.059856578159,363.15983907585473,0.5378996735165078,0.4383292279102655,C,grading/data_processed/banana/C/Banana_Bad_IMG_20190910__175726.jpg
26051.0,984.6660807132721,0.757085020242915,0.33764187806233303,0.8210211156634101,75.74392177589851,37.26073676920707,179.95741467834492,91.1928993641013,74.01159015403202,45.65215193404384,481.93664836447186,98.85684123460017,0.6989872576611925,0.423663716183166,C,grading/data_processed/banana/C/Banana_Bad__IMG20200729190340.jpg
29931.0,906.7594463825226,1.2988505747126438,0.457453456732406,0.878476145752315,75.22849329511384,33.384324807637775,236.61217093341241,31.661638529237223,91.09624065104938,66.63867140141689,497.9907306664401,174.42370370370372,0.5906397367176377,0.22516794401504123,C,grading/data_processed/banana/C/Banana_Bad__IMG20200729190355.jpg
33075.5,1569.3250229358673,0.91796875,0.1687681473079008,0.8482093628588647,28.580680505789335,23.096051489807326,59.29701797506589,70.7284520559009,71.3292368740561,49.42066681222859,2646.5581107638054,395.8104967948718,0.5370687266231425,0.43669622956930504,C,grading/data_processed/banana/C/Banana_Bad_IMG_20190910__175727.jpg
25449.0,982.0386646986008,0.9187817258883249,0.33160678764527846,0.8337783602260628,30.322234239802224,39.35781229727776,82.16671817058096,66.8556586705645,53.907408838071696,36.376643075269556,1459.1201919655216,265.8114213197969,0.4325130360523478,0.2694617006234241,C,grading/data_processed/banana/C/Banana_Bad_IMG_20190910__175733.jpg
18050.0,1048.6660815477371,1.0726256983240223,0.20625886698680063,0.6978947164923541,20.346184999190022,30.40384055672242,71.03337113235055,58.401305908452855,49.48312543873859,29.487058298345033,1844.5468819279386,149.6276287694873,0.6643098537097433,0.4574941370691261,C,grading/data_processed/banana/C/Banana_Bad_IMG__8049.JPG
20793.5,866.2813055515289,1.0611111111111111,0.3481926312733887,0.8106627680311891,23.75351846604326,35.414754106037385,78.10654576367243,67.20799783313223,56.82421838103334,34.42233606561511,1012.5861916781644,234.57666666666668,0.5074331520116679,0.37694674915425175,C,grading/data_processed/banana/C/Banana_Bad_IMG__8075.JPG
29812.5,2258.5007680654526,1.1,0.07344593690375256,0.7371576930209557,34.011338163152594,37.00622920622824,94.47906175887724,67.58338825333949,64.35275007309704,42.39395078061175,2286.70078034252,543.9918144096567,0.47275309939889204,0.40725318088418144,C,grading/data_processed/banana/C/Banana_Bad_IMG_20190910_175557__1.jpg
15916.5,774.1980452537537,0.6542553191489362,0.33369776408874563,0.8156660773310784,23.78275310616312,40.46361803580817,96.25249108131382,58.54252928872939,50.575470537581495,40.51447643667611,1521.829753070328,282.93425183118245,0.5360466350597806,0.28940996738764857,C,grading/data_processed/banana/C/Banana_Bad_IMG__8061.JPG
22773.5,1328.3056896924973,0.71875,0.16219728469766218,0.6681874862466075,19.657596371882086,31.973227649802492,90.44709707782484,68.19477072775885,66.97548453343602,47.88358995874702,1866.4497568670429,317.760438012295,0.6664341450683965,0.49947563149312063,C,grading/data_processed/banana/C/Banana_Bad_IMG__7805.JPG
33360.0,2055.464192032814,1.103448275862069,0.09922385023782096,0.8038360521433219,33.00294933566944,38.181604420295734,86.46187764637173,66.04827417337367,72.87309096218426,49.04400318991563,3152.0928075381607,521.4855476673429,0.4921241259309412,0.41499767395484116,C,grading/data_processed/banana/C/Banana_Bad_IMG_20190910__175519.jpg
29925.5,2200.5007684230804,1.0950226244343892,0.07766193915265807,0.7384180721256461,33.6831362384578,35.80384175132645,95.21882391057832,67.84401069067795,64.54239429774826,42.710890239528204,2278.055500039163,537.5877846829765,0.4726833003901102,0.4092549287978426,C,grading/data_processed/banana/C/Banana_Bad_IMG_20190910_175601__2.jpg
23546.5,1587.1828873157501,0.734375,0.11745791330830958,0.6578796641660729,22.250958723351616,33.36547225165746,68.36996412519072,57.35732341427747,66.24139210754196,41.261896427129045,1600.1755689791069,264.6962525066845,0.6865132671785488,0.49095393181347424,C,grading/data_processed/banana/C/Banana_Bad_IMG__7811.JPG
27865.0,1347.4945086240768,0.75,0.1928478952883031,0.761827949639796,89.72067549064354,35.81555308018341,93.34483727135485,41.85892509650506,78.04658919355406,48.92404343095856,2134.532645897319,285.30088350785337,0.5394482240237781,0.41757875658433924,C,grading/data_processed/banana/C/Banana_Bad_IMG__7839.JPG
31997.5,1766.5108742713928,0.9102564102564102,0.12885262822729768,0.8267340163034351,23.746557146783108,27.021280035844114,96.24901523710648,68.5564071006897,69.89022565574521,47.499062432584005,3157.7549175421623,475.6353007579423,0.42814996903868613,0.3334977071157882,C,grading/data_processed/banana/C/Banana_Bad_IMG_20190910__175525.jpg
31868.5,2232.868300676346,0.9234042553191489,0.08032398936873196,0.8030566475153714,24.210526315789473,29.63462303456084,94.3741504891354,68.81194935261449,68.59647091091945,43.87069122168469,3318.815394212481,511.1356973995272,0.4352531818416949,0.34519524969561327,C,grading/data_processed/banana/C/Banana_Bad_IMG_20190910__175531.jpg
32052.0,1410.9158623218536,1.1327433628318584,0.2023311574425014,0.8078231721148272,44.88271472721153,54.538406006576835,59.26829044398886,56.396558034949045,68.19598543496221,46.45178333040751,1677.1657572732909,242.39512406732607,0.5513399895626968,0.4346947529104402,C,grading/data_processed/banana/C/Banana_Bad_IMG_20190910_175318__1.jpg
32542.5,1652.6387317180634,1.0078740157480315,0.1497286552033531,0.7239469205699476,36.821162399326845,24.500862123283536,46.15395480225989,66.50829810692399,70.69169972352447,48.301635862881966,2370.9825199374827,528.6881889763779,0.5641150468736985,0.4832687395131419,C,grading/data_processed/banana/C/Banana_Bad_IMG_20190910_175218__1.jpg
28253.5,2029.7068341970444,1.102803738317757,0.08618178623339554,0.7448951343940732,31.793270386266094,33.91284172230695,95.26575107296138,68.25487429947974,61.840446351931334,42.26162030988714,2586.3770906916293,514.2454762378208,0.4730598728169482,0.4100253924756661,C,grading/data_processed/banana/C/Banana_Bad_IMG_20190910_175549__1.jpg
29697.5,1211.5849092006683,0.80078125,0.2542272175679042,0.799426625570346,20.791760423560557,23.275189203102475,94.5312045003309,66.26773842522985,66.68345466578425,46.549072448778254,2875.526009623875,452.40827971813735,0.4970188700378359,0.4186824574924975,C,grading/data_processed/banana/C/Banana_Bad_IMG_20190910__175451.jpg
24318.0,1561.5432778596878,0.75,0.1253226783562998,0.6100623408552112,19.31044406251249,27.61978101810248,90.41756265238419,66.21590514285548,71.50965266397537,48.952944342274776,1388.5685149592657,285.5728280431937,0.6078040958596069,0.4874543957496632,C,grading/data_processed/banana/C/Banana_Bad_IMG__7795.JPG
17303.0,2401.5129618644714,0.58984375,0.037701740663000756,0.5706417782468175,27.724600534438565,15.29275713619645,126.99296504335497,69.4655577412459,104.6209848939303,73.25502381176074,14587.477387121071,1299.0802343750001,0.531441657192558,0.5066905497894993,C,grading/data_processed/banana/C/Banana_Bad_IMG20200730132807__01.jpg
27041.0,2086.410369038582,0.8958333333333334,0.07806082688105656,0.6337759131871609,42.65564738292011,48.530620835435016,62.99173553719008,61.87710779610572,56.978176093878574,35.10166301411879,2279.8065448256566,295.38946651090345,0.5623733849652764,0.45168622731234376,C,grading/data_processed/banana/C/Banana_Bad_IMG_20190910__175323.jpg
32961.0,1325.36665391922,0.875,0.23579693958539258,0.7962363513382935,26.877777446389693,30.817990686786793,83.1372244922306,60.45487195047634,71.13853678904829,46.48604922044969,2193.6999974418054,438.8192439742153,0.48373531726721947,0.4092297411117344,C,grading/data_processed/banana/C/Banana_Bad_IMG_20190910__175445.jpg
23813.0,1490.1463092565536,0.75,0.13476159825440376,0.6394897616649883,20.17691019724752,28.899214568010798,78.39335157430473,62.54651692802342,66.80336505084331,41.2676507442166,1334.5048421223958,248.15874509162302,0.6418123743287268,0.4977324036275472,C,grading/data_processed/banana/C/Banana_Bad_IMG__7781.JPG
23037.5,1732.6143465042114,0.75,0.09643649110483964,0.5628718374726658,22.663434496075222,36.23466673283513,77.11375561432229,63.3959584470809,63.962683121353315,38.16958770277216,824.0624326463375,195.74026505235605,0.7117914220332814,0.5129805592016831,C,grading/data_processed/banana/C/Banana_Bad_IMG__7756.JPG
32781.5,1285.3838983774185,0.87109375,0.2493291033994321,0.7974675845962975,26.49337092807007,30.923703731699383,83.97090407342972,60.70046751683668,70.93574899514068,46.67561981744324,2091.183062382439,437.3315033783784,0.4863934612962386,0.4100556493586647,C,grading/data_processed/banana/C/Banana_Bad_IMG_20190910_175445__1.jpg
23871.0,1539.3767578601837,0.75,0.126587442748053,0.6028030303030303,22.776358087487285,36.2578540207671,68.62734486266531,56.101441773307165,66.76337741607324,42.011135005890935,1109.7833202613724,226.24049001963357,0.6601831757034746,0.4987807710569269,C,grading/data_processed/banana/C/Banana_Bad_IMG__7742.JPG
30247.0,1315.86203956604,1.1689497716894977,0.21951866530805628,0.8347684495225479,47.86296128153577,61.50829755791487,60.221706984888776,53.95860997606254,61.84486672287438,36.69117106242623,1482.9741992336012,165.56699794072875,0.5816102358596537,0.45010444925263865,C,grading/data_processed/banana/C/Banana_Bad_IMG_20190910_175314__1.jpg
26028.5,2125.800199151039,1.2768361581920904,0.07237925657168083,0.7014350198746884,25.74805339265851,26.295557090214697,49.66110493140526,71.23645692806512,56.61583240637746,36.79145783539688,2367.956449775131,408.79093534212177,0.4325907905301879,0.3193861378595601,C,grading/data_processed/banana/C/Banana_Bad_IMG_20190910__175135.jpg
25419.0,1451.22451710701,1.0,0.15166979912567563,0.817817672892235,36.70938891447874,53.008892492004755,86.13008598188239,68.30099132543727,53.40588054659911,33.333549565032946,2187.5211481236274,272.54664737830564,0.4503453768959511,0.33878020896437844,C,grading/data_processed/banana/C/Banana_Bad_IMG_20190910__175653.jpg
26205.5,1347.6681673526764,1.0097560975609756,0.18131610206611484,0.8551034392742936,51.98674829220949,64.98820054324047,79.78711411400202,64.81912884058674,55.4393221098212,35.07979024778777,2157.0726773427027,267.80812218801793,0.4711350460659172,0.3658110549357609,C,grading/data_processed/banana/C/Banana_Bad_IMG_20190910__175647.jpg
26686.0,1229.3767573833466,0.65625,0.22188265276776845,0.8557868069140236,22.151716541215347,42.1314068991483,110.31334679640169,55.390168690230624,71.92733614833854,41.81488276579732,935.4693096770723,296.70890250748505,0.5016733947348443,0.36195285207547967,C,grading/data_processed/banana/C/Banana_Bad_IMG__8129.JPG
21064.0,947.4356334209442,0.8620689655172413,0.2948840487413826,0.8147446187170015,19.574428458350795,30.321204424116566,97.10038645993389,62.87471331369402,58.115705172975744,35.601354148690966,1201.3296117295558,215.71131306268052,0.552116057006056,0.3912161026907835,C,grading/data_processed/banana/C/Banana_Bad_IMG__8101.JPG
31455.0,1422.0529441833496,0.8760683760683761,0.19546455804582966,0.7972070508027828,33.945842297259375,34.92513603846873,79.41848283603031,68.1804355603744,65.56368284850186,40.65140948125551,1820.9076738666793,463.38042567454346,0.4006750717120769,0.3239611292480321,C,grading/data_processed/banana/C/Banana_Bad_IMG_20190910__175848.jpg
23862.0,977.2934980392456,0.7292576419213974,0.3139544814009671,0.8396052145458384,15.752552280586201,23.17380012018833,113.9859624567759,63.46079843600985,64.38646467972995,38.1924287212104,1133.043915846236,248.99247645604248,0.5073205883071313,0.3604170531304626,C,grading/data_processed/banana/C/Banana_Bad_IMG__8115.JPG
20389.5,1070.0802937746048,0.8899521531100478,0.22376064608519816,0.7118617439120188,18.22301020652643,30.335365828963678,100.44213905793282,62.07849380050862,56.35329915185203,36.1271693732677,1336.480370649162,195.15559291348765,0.6187843590010649,0.4587712165981634,C,grading/data_processed/banana/C/Banana_Bad_IMG__8103.JPG
23657.5,1019.1929948329926,0.757847533632287,0.2861975112230578,0.8365452616690241,16.3744140706019,25.170266446005634,114.08288049114365,64.32186740130906,63.57493674036587,36.82745882961475,1184.05791045884,245.628309844117,0.5012415121316814,0.35532748708379275,C,grading/data_processed/banana/C/Banana_Bad_IMG__8117.JPG
26670.0,1193.1168721914291,1.0362694300518134,0.23543276614479344,0.8643515742736303,69.70282793365939,65.94591076676733,76.92483359688156,61.81373851663387,55.1328283014011,34.31110638889001,1526.6366055672636,234.4613742286562,0.4208146248939612,0.2929937175129009,C,grading/data_processed/banana/C/Banana_Bad_IMG_20190910__175651.jpg
25952.5,1396.5554703474045,0.98,0.16721401817032108,0.8367320619670175,29.227931488801055,45.202039231026596,91.25017880670055,67.97239874271956,55.897496706192356,36.707680234521895,2587.3822475114534,317.25176923076924,0.43262090779440476,0.31817650752503457,C,grading/data_processed/banana/C/Banana_Bad_IMG_20190910_175646__1.jpg
26471.0,1292.9158608913422,1.02020202020202,0.19899386424980364,0.8333123465340301,30.960430457453498,47.266615815981325,90.51743648533709,66.77223980078519,57.775230205983505,38.55587915043155,2824.3457182120605,322.4134881149805,0.4360364965882771,0.3218350586280906,C,grading/data_processed/banana/C/Banana_Bad_IMG_20190910__175645.jpg
21850.0,1110.0975420475006,0.54296875,0.222812228957346,0.7033639143730887,44.97781554700778,36.33934803003315,66.39323731997496,64.30265337267757,60.00330977726094,36.97528915383246,1004.1149130590671,226.08851336050716,0.5737263233459076,0.3677017601286903,C,grading/data_processed/banana/C/Banana_Bad_IMG__7754.JPG
20658.0,1417.0579969882965,1.0491803278688525,0.12927748258077298,0.7263074624241892,22.246007140172868,30.233491540653635,77.690201052236,63.25199978715006,59.09686208192409,40.12116201473242,2323.687284327503,366.9230967298944,0.5573913609391865,0.3878078195576363,C,grading/data_processed/banana/C/Banana_Bad_IMG__7998.JPG
24404.0,1482.0630501508713,0.75,0.13961674882641248,0.619430166888762,21.388899964116263,33.1958212450624,68.86926358598141,56.48851676603265,68.66265300426618,43.614140392515864,1244.130633983347,234.64215886780102,0.6474639225940471,0.48788708850777723,C,grading/data_processed/banana/C/Banana_Bad_IMG__7740.JPG
23995.5,1301.7960237264633,0.75,0.17793188781184333,0.7116314244194668,38.159991868265905,36.085670595987814,56.59337263671478,61.51039173266342,67.96592803415328,44.072104260699255,1001.0320380292833,256.57587532722505,0.6334755618929182,0.49803643631739136,C,grading/data_processed/banana/C/Banana_Bad_IMG__7768.JPG
23724.5,1248.472211241722,0.6949152542372882,0.19127101918050377,0.8616594330542793,34.88594973217965,49.04382822846893,88.98805109188298,73.45862013724953,53.540832303255044,37.86844980364288,2467.6433715694625,416.41288863470925,0.4511524041258951,0.3647855431576147,C,grading/data_processed/banana/C/Banana_Bad_IMG_20190910_175625__1.jpg
24182.5,1299.8204082250595,0.6640625,0.17986404559103988,0.6551747493904091,19.601114296095925,28.591977745132073,89.50910412208809,65.19833379699928,71.14049820339942,49.229700881867146,1492.0244246639265,271.29033376479293,0.5615750017602356,0.4283347523449107,C,grading/data_processed/banana/C/Banana_Bad_IMG__7797.JPG
30415.0,1388.8813716173172,0.80859375,0.1981378193135471,0.7674354057327413,20.765411400567448,23.20595368043225,90.95931132318803,66.06788376155617,67.97443255094144,46.87447797835472,2956.2421778505936,476.51226865898053,0.48811369385506675,0.40965457676399436,C,grading/data_processed/banana/C/Banana_Bad_IMG_20190910__175453.jpg
23707.5,1274.423440694809,0.75,0.1834290519446418,0.6390678491522226,17.57151090983944,25.644000279427253,70.69135446685878,62.824187325829705,66.19419514203376,40.947380597919974,1259.8648399706515,204.87690199607334,0.6477339280296408,0.5034098338918698,C,grading/data_processed/banana/C/Banana_Bad_IMG__7783.JPG
30163.5,1206.2123260498047,0.80859375,0.26052180167323796,0.7996050155077804,20.89504563233377,24.308571550233555,95.41662320730117,66.06790260754411,67.81597131681877,47.40235794683314,2651.1690391275765,446.57063486043694,0.49338796535833596,0.41559091333211595,C,grading/data_processed/banana/C/Banana_Bad_IMG_20190910__175447.jpg
26887.5,2055.1382927894592,0.8713692946058091,0.07999782594944434,0.6430262591476539,44.45838732901368,49.56619767150755,60.53574514038877,60.451102846150505,56.57508999280058,34.80523220302895,2271.6248911807857,293.0855089439934,0.5545204463321659,0.4449906575036468,C,grading/data_processed/banana/C/Banana_Bad_IMG_20190910__175321.jpg
25885.0,1380.4549672603607,0.6791666666666667,0.17069214883622352,0.8188475712952564,42.953375113258836,57.979168160529596,77.4562443370583,58.935539478491854,54.528427967381454,34.15958061533577,1507.8074447344388,252.61661522633747,0.46583704736344067,0.3180635267099838,C,grading/data_processed/banana/C/Banana_Bad_IMG_20190910__175309.jpg
31902.0,1174.3229355812073,0.9646017699115044,0.2907051251442933,0.9036497797668787,37.40054882372892,47.07760978842875,78.33166836247032,68.45324580338577,65.76641075447846,40.95560280700281,2076.5914577496055,332.3247624485134,0.44709940693201794,0.33845306616251297,C,grading/data_processed/banana/C/Banana_Bad_IMG_20190910_175658__1.jpg
31894.5,1926.5352590084076,0.9444444444444444,0.10798706528321857,0.8000025082773151,24.533135660573453,29.144231217703897,94.65714984410344,69.05524088965461,70.03139328727762,47.800896246234885,3269.5637152368163,496.9547591297593,0.44828145936162467,0.35695129567411465,C,grading/data_processed/banana/C/Banana_Bad_IMG_20190910__175527.jpg
32842.5,1863.706830739975,0.919831223628692,0.11882036405407966,0.818392494486737,25.147245101245876,28.760266852539722,91.83027563854777,67.17707890510933,71.71240819482026,48.217985990675025,3354.7615265437007,525.381224600906,0.4306403655280001,0.33920684693051745,C,grading/data_processed/banana/C/Banana_Bad_IMG_20190910__175533.jpg
29513.0,1024.4995610713959,0.69140625,0.3533455844051706,0.8663095325456813,41.265541622198505,38.05900750433342,67.88467182497332,78.49780924587107,63.317636072572036,44.55665665362791,1990.3082273827195,434.97560813210225,0.43688733484080877,0.3375566158617162,C,grading/data_processed/banana/C/Banana_Bad_IMG_20190910_175754__1.jpg
22980.5,1415.0752427577972,0.734375,0.14421494606659235,0.655107044100459,19.295367939707003,32.13895880546224,90.90541112710645,65.39610953800829,67.12401558133627,47.370593682540516,1770.2988890561112,302.5067680481284,0.6649158803429385,0.5046957909268058,C,grading/data_processed/banana/C/Banana_Bad_IMG__7807.JPG
24169.5,1537.099626660347,0.7109375,0.1285504188462781,0.6923374391291893,32.85564853556485,35.8022791040812,49.66438686836177,53.936793342051935,69.40762793691664,46.46254254149191,1690.1918873556021,336.3317075276244,0.6525499647841266,0.4609441462795365,C,grading/data_processed/banana/C/Banana_Bad_IMG__7813.JPG
20991.0,874.3818099498749,1.0614525139664805,0.34501721414555153,0.8015809371061977,18.98124152126117,25.8785215030899,93.4887963699303,66.81884877808984,57.61098376760069,35.35960250764399,710.4094452294977,238.18586503502712,0.5082954102273057,0.36540619398133756,C,grading/data_processed/banana/C/Banana_Bad_IMG__8077.JPG
25196.5,880.1147857904434,0.6710526315789473,0.40876287745318374,0.8342797543168385,38.40452379092117,60.72324024182972,97.57574810532073,53.891721324627056,74.9573794827721,52.53175515507467,1179.0717049365085,205.0699734533702,0.5126170665393056,0.26247146149033895,C,grading/data_processed/banana/C/Banana_Bad_IMG__8063.JPG
33031.5,1363.84479367733,0.921875,0.22315584144844972,0.853703607980978,27.63113145846959,24.74336021559884,56.835929603424695,68.70247499198781,71.1023842083358,49.23540653651966,2710.437093328724,370.3660239361701,0.5399768471038033,0.4420460679849901,C,grading/data_processed/banana/C/Banana_Bad_IMG_20190910__175725.jpg
25532.0,1077.3523728847504,0.8411214953271028,0.27642616888316324,0.7803059244204703,30.919091363339355,37.68130668589383,81.15951108890341,67.52726093458233,53.67448206941615,35.586727825397254,1337.9925206039882,236.17331488539645,0.4702943881904945,0.3206213326126105,C,grading/data_processed/banana/C/Banana_Bad_IMG_20190910__175731.jpg
18677.0,2897.218584537506,0.9142857142857143,0.027961113221290208,0.5536304486371922,46.329687970302,41.903900249956685,101.11176883716264,71.59921315995365,82.30335105849302,55.48937976755931,6588.979551671942,959.8826227873348,0.5139912616856472,0.4863697893220531,C,grading/data_processed/banana/C/Banana_Bad__IMG20200730132859.jpg
24435.0,1084.0630496740341,0.8301886792452831,0.2612841852179657,0.8065021866490635,19.618070886685665,30.036558989802476,109.67992614297756,57.37473925425826,68.59976718982058,45.07424857926915,1126.9644610049854,272.883423180593,0.4964383274093522,0.32658236214094183,C,grading/data_processed/banana/C/Banana_Bad_IMG__8088.JPG
27091.0,1504.1706948280334,1.3478260869565217,0.15046678924911513,0.704211073563816,88.85900576368876,28.209592859006335,230.73130403458214,57.478129782928214,74.36865994236311,42.61513609877647,592.0395469921332,121.27812004928711,0.7282691341243936,0.3865928852447884,C,grading/data_processed/banana/C/Banana_Bad__IMG20200729190356.jpg
24329.5,1080.163555264473,0.8130841121495327,0.2620378380399389,0.8095665917976874,19.376587253597776,29.760706953841233,108.07030273713065,57.00486556382102,68.36122868545169,45.0638135344855,1042.7761037445803,272.05202312138726,0.5021342106593116,0.3280207478783981,C,grading/data_processed/banana/C/Banana_Bad_IMG__8089.JPG
30645.5,2607.0104360580444,1.3333333333333333,0.05666188732947515,0.7174159867966711,51.37290322580645,43.05816623606094,103.9745397324941,72.50289457368295,105.58388670338316,70.87736689301106,6809.188757697328,1020.418995098039,0.38199655164815954,0.3384985142156325,C,grading/data_processed/banana/C/Banana_Bad__IMG20200730132858.jpg
26066.0,1197.7787790298462,0.801762114537445,0.22831320260638133,0.7715943401811616,31.153016350310093,35.43881973751167,83.90520578838564,70.63198772153032,55.25393722984401,37.10705895745324,1473.2377187838385,256.19977121717335,0.49107671425884036,0.3519773290459874,C,grading/data_processed/banana/C/Banana_Bad_IMG_20190910__175730.jpg
33221.0,1325.945300102234,0.921875,0.23744954880866723,0.8664614903106336,29.7703933747412,24.79707322832887,59.41354628808045,69.28783369488738,71.31700680272108,49.00233421366507,2646.887657603598,360.5239694148936,0.5382359108707472,0.4390100196616033,C,grading/data_processed/banana/C/Banana_Bad_IMG_20190910__175724.jpg
15559.5,691.4284920692444,0.648936170212766,0.4089883688964627,0.814484256811579,23.476898833911125,40.258862803770434,94.19123857548061,57.30496419186856,49.777056413488815,40.41727081244504,1702.4616799978685,271.39260594337964,0.5466783784861969,0.30304543105416826,C,grading/data_processed/banana/C/Banana_Bad_IMG__8062.JPG
20721.0,873.2102372646332,1.0614525139664805,0.3414938898636678,0.8070653761514343,22.064152373732586,31.62371536566284,82.36169809532834,67.92782260251478,56.906424713351655,35.01504745425413,970.0422845357157,246.87529189205176,0.5087335016112036,0.37247180523820445,C,grading/data_processed/banana/C/Banana_Bad_IMG__8076.JPG
22772.5,1370.3300753831863,0.62890625,0.15239481663475724,0.7052165430531254,46.41388306744793,45.393431394530246,48.208502630340874,56.9518665177323,65.7592917326034,45.3244632754804,1626.0565540529615,336.74189453124995,0.6215024215576598,0.42691763043646974,C,grading/data_processed/banana/C/Banana_Bad_IMG__7812.JPG
30151.5,2013.020540714264,1.09009009009009,0.0935023172000387,0.7470083987810618,33.15977170863831,35.39134768227647,94.38364556798761,67.76827747086574,65.64047334988553,44.29591389224093,2368.789109928848,535.2784755710068,0.4734118348195988,0.4101376786589561,C,grading/data_processed/banana/C/Banana_Bad_IMG_20190910_175601__1.jpg
22573.5,1397.075241804123,0.734375,0.1453346511397049,0.645076942860817,20.52361865356435,34.75642184476286,93.97788983708301,67.61854568665413,66.41617101973968,47.5305288238127,1953.3285391061972,300.5457887700535,0.678737295043678,0.5126715187384738,C,grading/data_processed/banana/C/Banana_Bad_IMG__7806.JPG
31852.5,2137.814476966858,0.9319148936170213,0.08758169801756875,0.7996711186985338,24.484477548154704,29.031199096512896,94.3682346835984,69.16855976814198,68.61030556488294,44.04428169800054,3385.5014156086468,506.38559437829394,0.43993525833355274,0.3520349098545145,C,grading/data_processed/banana/C/Banana_Bad_IMG_20190910__175532.jpg
30781.5,2038.5697511434555,1.1875,0.09307831056916345,0.7513913977444711,33.15148070973038,45.54361966039489,90.80267727473638,64.54380220936912,68.04031697922586,45.88088024345647,2102.771470310155,385.3056167400882,0.3840922287552535,0.26722540908817594,C,grading/data_processed/banana/C/Banana_Bad_IMG_20190910_175814__1.jpg
32397.0,1869.1210463047028,0.9316239316239316,0.11653055223630619,0.8204056825951531,24.178287332770882,27.759672832285258,94.01289622755213,69.0808349666157,70.82086898879113,47.98792963284135,3234.054910520806,505.96453188388665,0.43239886575603115,0.3389525426691946,C,grading/data_processed/banana/C/Banana_Bad_IMG_20190910__175526.jpg
30431.5,1730.9230008125305,1.1377777777777778,0.1276373344299543,0.7685207399457037,44.955096153846156,54.46160200194695,58.348814102564106,56.57676735518737,62.47073717948718,37.4253065019412,1736.7084417426213,225.50985620915034,0.569633684468056,0.4556718491153065,C,grading/data_processed/banana/C/Banana_Bad_IMG_20190910_175318__2.jpg
25099.0,1469.2833921909332,0.6224899598393574,0.14610165761194518,0.7981619283851682,40.94414666355939,56.0892824033006,81.29853181076672,59.64246365640204,53.62615551930397,35.021591561631006,1480.7596335563114,265.39107077661293,0.48040714330493595,0.326256326195779,C,grading/data_processed/banana/C/Banana_Bad_IMG_20190910__175308.jpg
31563.0,1441.7097977399826,0.9789915966386554,0.1908237558684848,0.7847295600611613,31.22851817334576,35.463130778598625,83.0847468157813,68.01088367725445,69.4793724759242,50.0108828800357,1526.3677287794935,314.46059113300487,0.5196941877523693,0.4158456756407773,C,grading/data_processed/banana/C/Banana_Bad_IMG_20190910_175818__1.jpg
32012.5,1305.6681674718857,0.859375,0.23597382020909233,0.7978391984846974,26.46050652340752,31.98454295799172,85.27097467382963,62.43197891298909,69.55376822716808,46.269166636891526,1851.4580605234194,416.3326376997717,0.4953982989186714,0.41619464855333266,C,grading/data_processed/banana/C/Banana_Bad_IMG_20190910__175446.jpg
23805.0,1343.4356336593628,0.75,0.1657464834173931,0.6374176618647245,18.334452817824378,23.385827033850514,76.74582241153342,62.003606920977774,66.65301441677589,41.17535759197228,1238.220433022827,209.2390993128272,0.6485094206657354,0.5007371826863922,C,grading/data_processed/banana/C/Banana_Bad_IMG__7782.JPG
26791.0,2085.866213798523,0.871900826446281,0.07737949466700929,0.6331623850825987,42.276925298768816,47.38474519000203,63.72935697006896,62.89087765871608,56.518323284110195,34.931334161849506,2285.8666132896174,301.5590909090909,0.5579299858121175,0.45014975469241364,C,grading/data_processed/banana/C/Banana_Bad_IMG_20190910__175320.jpg
29804.5,1593.4671581983566,1.1130434782608696,0.1475045682037357,0.7468582812323807,40.32027664874787,51.851452701619394,66.34866264586339,59.46796706605921,61.12311524845942,36.52242449675596,1560.618954286341,193.61986359761295,0.5953598149173227,0.4797307937670955,C,grading/data_processed/banana/C/Banana_Bad_IMG_20190910__175334.jpg
30413.5,1429.9524385929108,0.80859375,0.1869102336731499,0.7532941992371328,22.65644132242057,26.507342406142698,91.33037958368242,66.28514335814535,67.8696913063092,46.6780836715878,2949.804789502667,473.7589312803399,0.48788235488603054,0.4085985187011605,C,grading/data_processed/banana/C/Banana_Bad_IMG_20190910__175452.jpg
24572.5,1415.7026584148407,0.75,0.1540689463777657,0.6121012841111485,19.7399135160868,28.48219175335206,89.45872178363153,65.8325573555108,72.06537866465665,49.28979331459403,1293.1479118598832,253.42398151178008,0.6093497179428781,0.48470049623658895,C,grading/data_processed/banana/C/Banana_Bad_IMG__7796.JPG
24107.0,1286.3818100690842,0.75,0.18306834323136648,0.7172140902058789,49.90805295760962,38.593924381443244,54.0440503664116,57.34186498772386,67.57577229847362,42.921423918661624,866.0236350629065,234.72026341623038,0.6241537157215133,0.4945570957047701,C,grading/data_processed/banana/C/Banana_Bad_IMG__7769.JPG
23975.0,1568.8326017856598,0.75,0.12240954066693528,0.6068544814842939,22.826893479141354,36.20515893522545,69.44151478331308,56.736260381662014,67.21227217496963,42.502840770153526,1148.8210724290047,256.10340314136124,0.6581690202357878,0.4964494519445906,C,grading/data_processed/banana/C/Banana_Bad_IMG__7741.JPG
25666.0,1104.4995621442795,0.75,0.26438508903144003,0.6709188341393282,16.608816900332354,22.532256305318835,82.32387210146311,53.95175977757114,70.89731443633724,43.83301356214066,1670.795153770182,264.8488424410995,0.6193866053358278,0.46757114786339143,C,grading/data_processed/banana/C/Banana_Bad_IMG__7999.JPG
21482.0,1154.0386650562286,0.53515625,0.20269538318343944,0.6991131722398503,41.9670559367474,35.607687987190424,67.12941336847366,64.48516498713819,59.153814695324215,36.58711150376665,1092.8486254298443,237.15039062500003,0.5821866296746041,0.3690230598824985,C,grading/data_processed/banana/C/Banana_Bad_IMG__7755.JPG
26252.5,1415.0407507419586,1.0256410256410255,0.1647565302595655,0.8577566490230674,61.32102854165891,65.61924767487942,80.13865217876679,63.59411346299993,54.784951438246566,34.41471452710163,2002.9602559658122,255.02605334364128,0.43040807095816536,0.3073481640231622,C,grading/data_processed/banana/C/Banana_Bad_IMG_20190910__175644.jpg
26237.0,1367.7686730623245,0.957345971563981,0.17623766663677262,0.8660790915692876,73.9234496124031,69.55037437238767,79.04830053667263,62.512913812708085,54.289542337507456,32.5935580261711,1551.582810688777,237.03862205559878,0.4782234462477409,0.36784155516696576,C,grading/data_processed/banana/C/Banana_Bad_IMG_20190910__175650.jpg
23706.5,962.9087227582932,0.7466666666666667,0.3212972898010607,0.8382779349363508,15.705992043759323,22.988744835056146,113.89801922758163,63.083366979836114,64.02316426321896,37.967260213693045,1199.1010665819826,244.00886227544905,0.5022316269028456,0.35761804935864394,C,grading/data_processed/banana/C/Banana_Bad_IMG__8116.JPG
20902.0,904.7249557971954,1.2467532467532467,0.32089619494002786,0.8504353486858166,17.083317686819377,27.492223246750033,98.83449117536613,62.65478782859754,57.59791588434097,36.79463905481577,1435.6169951456366,211.90932889100435,0.49574819395597414,0.27723478883896235,C,grading/data_processed/banana/C/Banana_Bad_IMG__8102.JPG
34245.0,1774.7047449350357,1.161904761904762,0.13663275132547625,0.7906584780199483,52.124257651895846,65.85888242799045,85.56504111466423,58.7747250335862,71.85589881224303,44.94555476252106,1054.7156799883576,250.29437585733882,0.4371131228078447,0.31295874547189484,C,grading/data_processed/banana/C/Banana_Bad_IMG_20190910__175810.jpg
27098.5,1310.589961051941,1.3689839572192513,0.19825376414670484,0.7634455557120722,23.7364276684125,24.17229088183133,54.177605201372586,80.27784596308027,57.52674733610258,36.8291956116135,2331.9770552211307,318.07165775401074,0.49869935008647726,0.41888108671567525,C,grading/data_processed/banana/C/Banana_Bad_IMG_20190910_175210__1.jpg
32599.0,1413.2245168685913,0.9711934156378601,0.20511235257822674,0.8008991966194138,29.891157077048145,33.53938341339155,89.12760063830427,66.7052084781998,70.53397765935026,47.72450298257667,1819.5969966251794,359.8164784169512,0.5001591770416418,0.41539113371475045,C,grading/data_processed/banana/C/Banana_Bad_IMG_20190910__175838.jpg
32470.0,1369.1168724298477,1.1327433628318584,0.21767628030931485,0.8319774517968099,38.516943260481845,52.59539225557446,68.07971343067017,58.35945947792355,66.49324385598985,40.15927704056011,1635.2566611966415,216.43753253513793,0.5515314753429601,0.4270188916162767,C,grading/data_processed/banana/C/Banana_Bad_IMG_20190910_175310__1.jpg
28722.5,1098.9087227582932,1.050251256281407,0.2988882627593354,0.8918369247966218,40.103812979189485,43.20692594152979,60.679285323110626,56.9747027003356,57.76266429353779,34.011071055573616,843.7493148329168,161.34388287591804,0.4799691019601267,0.2968081178607253,C,grading/data_processed/banana/C/Banana_Bad_IMG_20190923__184104.jpg
21184.0,954.4406861066818,1.864,0.2922267333001789,0.8407850608243536,39.71653944020356,43.91269503723838,58.1853342586167,65.3171899419951,57.46782327087671,34.85438156762387,1396.196720101678,166.47200000000004,0.5642291602776326,0.25776959842844066,C,grading/data_processed/banana/C/Banana_Bad__IMG20200729190523.jpg
26464.5,1346.673220038414,1.4431818181818181,0.18337879286571376,0.7563122472600489,42.54873993052989,38.72290282842952,60.62877836080112,59.14202191727785,55.30197324661888,36.21465183951223,1328.0513224901063,202.26500179662236,0.5711360557765799,0.39109913284279274,C,grading/data_processed/banana/C/Banana_Bad_IMG_20190923__184110.jpg
31587.0,1397.8275520801544,0.922077922077922,0.20314729858646033,0.9165747780163659,41.182504192286196,31.975682498616578,73.70716104589778,76.9502157882105,68.2281535308366,47.07478742733496,3890.76759362047,493.4062321326473,0.4422961438269105,0.3404434888361967,C,grading/data_processed/banana/C/Banana_Bad_IMG_20190910__175637.jpg
26134.5,1565.04075217247,1.2737430167597765,0.13408270361968117,0.7600331530273948,35.77346254193068,44.09946450340063,59.27301528140141,67.4111580173157,55.01222512113306,35.25355787584689,1622.019047542954,279.1316171584673,0.4848269788499756,0.3388303594905742,C,grading/data_processed/banana/C/Banana_Bad_IMG_20190910__175151.jpg
28009.5,1319.2173780202866,1.1182266009852218,0.20224718848598555,0.737489961689859,40.72143931181593,46.56623308694952,70.54554673567158,64.99397244100606,59.55603734657482,39.7163137848999,1313.8973982690309,303.31751602075065,0.5062415037541097,0.3770557074539657,C,grading/data_processed/banana/C/Banana_Bad_IMG_20190910__175145.jpg
25332.5,1494.3544600009918,0.7510729613733905,0.14255441333518853,0.7707110042897563,72.99053518525643,65.5516968319566,80.97710746027471,66.85426078378218,54.680774114116424,35.453995790418304,1738.26728485321,355.9814266686399,0.45582920270900573,0.3558014108057303,C,grading/data_processed/banana/C/Banana_Bad_IMG_20190910__175623.jpg
11937.5,948.1391705274582,0.6101694915254238,0.1668703091959205,0.7307704080071011,22.326834398511448,39.90824723635904,114.67057681417361,65.76213014653584,38.51152819351185,31.631786322188212,2092.30838511847,333.31522255662924,0.5173255534827397,0.34410061517794643,C,grading/data_processed/banana/C/Banana_Bad_IMG__7732.JPG
22114.0,960.2152901887894,0.45703125,0.3013977006270487,0.7729465221950367,21.419116017200867,35.08878388707227,88.5855831892539,66.45630708595705,60.6316442789378,36.47582495684628,1217.052776068312,223.75003367456895,0.48842788017756855,0.24504312024668742,C,grading/data_processed/banana/C/Banana_Bad_IMG__7726.JPG
22779.0,1359.8275492191315,0.8223350253807107,0.1548020999360857,0.8640846673241788,39.12757219251337,49.37388410098313,72.94459893048128,72.64584232189225,51.76350802139037,37.65290661233052,2221.2334474385984,437.0533783144686,0.3771156161996909,0.2619271374419247,C,grading/data_processed/banana/C/Banana_Bad_IMG_20190910__175409.jpg
22111.0,961.7543941736221,0.9558011049723757,0.3003930566883754,0.8480582989740147,22.77067068843151,32.25289747126357,96.44339957416608,64.85035449737946,60.73354329311569,38.584806309870885,1640.2832765544877,295.17107799049217,0.46320825088021284,0.2700031520428205,C,grading/data_processed/banana/C/Banana_Bad_IMG__7915.JPG
19235.5,839.77163875103,0.9606741573033708,0.3427606336903256,0.7872754062129088,64.74714518760196,61.37135987755548,79.65767740619903,65.4637507815109,55.09629893964111,38.67926442022998,2215.762779464456,191.59348975545277,0.5714861584901096,0.35422554005123563,C,grading/data_processed/banana/C/Banana_Bad_IMG__7901.JPG
35692.0,1580.5727169513702,1.0,0.17953609967841244,0.7858731312063765,103.23065512978987,43.044582053883715,63.640543881334985,38.12358342501239,72.94838621068534,43.842763220003896,2534.70128845796,190.0741881127451,0.5789521662726356,0.44331956390139116,C,grading/data_processed/banana/C/Banana_Bad_IMG_20190910__175353.jpg
30418.0,1314.4894556999207,1.2537313432835822,0.22122097706285593,0.7326990244489944,95.61061119174327,69.60978432768827,72.19390420899855,53.36356069147249,62.29501693275278,37.883935874282415,1154.6366420910265,193.1793423321639,0.5290240843962798,0.38751534393126563,C,grading/data_processed/banana/C/Banana_Bad_IMG_20190910__175435.jpg
23967.5,1046.4234410524368,1.0108108108108107,0.27505381976752497,0.8383762417797678,21.721067277786872,32.402430947201395,101.82509412342445,62.878823606902934,65.71451956130299,40.97627088045558,1531.3363520251196,320.41644870677135,0.45505663351013015,0.2838582003185793,C,grading/data_processed/banana/C/Banana_Bad_IMG__7929.JPG
27933.5,1376.8986179828644,1.224390243902439,0.1851532293212154,0.7421523174409183,87.36096996881241,64.75233428047316,75.90808424151102,58.55812434372679,57.43725689455794,34.71567234223428,1147.8758899142522,191.7783804878049,0.5563062861877408,0.4431750019258141,C,grading/data_processed/banana/C/Banana_Bad_IMG_20190910__175421.jpg
31938.0,1558.2539545297623,0.8828125,0.16528791644140262,0.7093077486841228,42.6966622735771,26.96236794400779,64.53933858460783,83.34745639623588,71.82042480154473,51.57090978135209,2879.953532629187,461.93619791666674,0.4971507249999661,0.4314031197975678,C,grading/data_processed/banana/C/Banana_Bad_IMG_20190910__175347.jpg
29910.0,1206.3128306865692,0.80078125,0.2582892806816739,0.8024898380800344,21.21559090311555,24.43184269919569,94.06227816484817,66.49165782834932,67.06980412777705,46.78427333093867,2911.3948763524313,462.0449601715686,0.49272167540815864,0.41472425110244693,C,grading/data_processed/banana/C/Banana_Bad_IMG_20190910_175453__1.jpg
28422.5,1437.2417633533478,0.8961038961038961,0.17290696281751036,0.7252950558213717,99.63055373920226,67.36380122184654,66.30474584437485,45.72967342033188,62.43566094228585,40.25498535367782,1448.6869598808976,249.58241919892407,0.518388111092043,0.39096325054251935,C,grading/data_processed/banana/C/Banana_Bad_IMG_20190910_175302__1.jpg
30051.5,1453.5605232715607,1.0897435897435896,0.17873507183106843,0.7383116723583029,32.9971667697919,44.36371722972066,61.311134269059174,59.82921150977129,62.192789917608366,38.529806923321615,1397.8847509548425,260.29877515310585,0.5937997468084033,0.4829617763066588,C,grading/data_processed/banana/C/Banana_Bad_IMG_20190910_175202__1.jpg
17801.0,1069.5533839464188,1.2075471698113207,0.1955461780022374,0.6793237673637612,17.877276456111566,22.571931151970436,92.5327864369702,68.08424288165786,51.36395952966913,32.810274747872455,1067.6366450460966,162.2563798610425,0.6169896417147076,0.4001515151754068,C,grading/data_processed/banana/C/Banana_Bad_IMG__7861.JPG
24367.0,1620.3473200798035,0.75,0.11662608495978595,0.628696011146086,21.062925644191324,29.194503457316962,74.91377593691504,70.6341152410628,67.38197459078418,40.00478260154447,990.5889652156167,259.8798061191099,0.6183255424331254,0.4855423844556338,C,grading/data_processed/banana/C/Banana_Bad_IMG__7875.JPG
30246.0,2011.037786245346,0.875,0.0939804132156885,0.7482096253509629,24.07183030692592,27.139434074168015,100.52145267555841,71.24577158566328,65.22712518078097,42.3695926922351,2695.501414043258,495.3032686378925,0.5032115566677997,0.4463010032352039,C,grading/data_processed/banana/C/Banana_Bad_IMG_20190910__175541.jpg
17408.0,745.8477593660355,1.8285714285714285,0.3932406119555243,0.9306353746224373,18.027147282455648,14.521538233125458,86.67012109264996,68.53322454660385,49.85846240495635,31.644814313541243,745.9969802074476,121.24233358264776,0.44900922618521866,0.1246376299783252,C,grading/data_processed/banana/C/Banana_Bad_IMG__7849.JPG
18732.5,734.1980454921722,1.1666666666666667,0.4366959429726419,0.8975587551807576,18.38191455862286,25.510044090909428,97.37514432665057,63.9255712859579,51.07200587803086,31.681638375188417,1205.9383399560998,139.64954022988505,0.5316052754817504,0.27205345406560655,C,grading/data_processed/banana/C/Banana_Bad_IMG__7691.JPG
18931.0,1293.1168720722198,1.0491803278688525,0.14226820859347772,0.6529507122408857,21.816858080393764,38.66961204176197,96.74707752255948,63.22705145388806,51.89899507793273,31.295699169708577,1406.4122279132232,175.86367407661717,0.6023830907951788,0.4382665467897705,C,grading/data_processed/banana/C/Banana_Bad_IMG__8039.JPG
23951.0,1325.9797891378403,0.75,0.17118263444871915,0.6267598262416916,24.104613755751924,45.184734470295,103.57971250559922,61.39224566025232,66.00248401677729,40.130718955938065,1204.7296349700125,239.37219813481678,0.6095008753040186,0.4946313985354525,C,grading/data_processed/banana/C/Banana_Bad_IMG__8011.JPG
24470.5,1293.6538894176483,0.75,0.18374541466917454,0.6213231093450469,25.26160842508377,46.5214975639974,99.69139939364928,61.0278642755548,67.72091910004787,41.943138710331354,1288.899096959167,242.87931528141362,0.605758786845513,0.4840300410070202,C,grading/data_processed/banana/C/Banana_Bad_IMG__8005.JPG
25056.5,1146.624451637268,1.0052083333333333,0.2394902697471112,0.7913870157762583,76.06181093126906,35.31342150742534,222.50656814449917,48.143738002133134,74.96207678473688,55.99557331400384,501.75634299979345,192.3495822482639,0.6427364856458384,0.3050098513265093,C,grading/data_processed/banana/C/Banana_Bad__IMG20200729190331.jpg
31904.0,2191.1698157787323,0.9316239316239316,0.08350316316941829,0.8016583956278661,24.273239522417153,27.483471113773927,95.7108918128655,68.48743717260456,68.60873538011695,43.828623940521645,3350.831193039227,508.18856591437236,0.4341524346646513,0.3448155914923718,C,grading/data_processed/banana/C/Banana_Bad_IMG_20190910_175530__1.jpg
27853.0,1049.3523738384247,0.8544600938967136,0.3178623900254821,0.8387057920173444,36.356058466318316,44.01044530983252,87.28294026267476,70.97599611856154,61.26281598644259,45.25532377322198,1701.929575633544,368.82240033201043,0.3880599241411564,0.2658208430553095,C,grading/data_processed/banana/C/Banana_Bad_IMG_20190910__175743.jpg
15199.5,719.6051195859909,0.6979166666666666,0.36885075507297116,0.6853104287839848,77.75659842925197,29.684971740418746,201.7445603192996,40.32435795112692,62.67941290073387,31.330119363207686,282.4202412667863,78.75097901002505,0.7080426763112555,0.3936110194154142,C,grading/data_processed/banana/C/Banana_Bad__IMG20200729190319.jpg
28204.0,1054.984842658043,0.66015625,0.31844037743238446,0.836913946587537,50.19815957335564,40.05578322236544,71.03342744605946,76.8114749368276,61.1293527135836,43.81161007925202,1992.7387715736975,453.6471586681548,0.4356280307046223,0.3357993281661813,C,grading/data_processed/banana/C/Banana_Bad_IMG_20190910__175757.jpg
29760.0,1551.4255279302597,1.1179039301310043,0.15537492226352806,0.748359192295119,43.80976154503055,55.04001940186073,66.95707153649083,60.165848675093116,61.08063456611706,36.520992084604316,1500.997429066443,188.40789451151645,0.5939172808772241,0.47857728706044655,C,grading/data_processed/banana/C/Banana_Bad_IMG_20190910_175334__1.jpg
28519.5,1147.1097320318222,0.66015625,0.27235907005293103,0.8403040704783512,51.3676652892562,40.24796396374832,70.19211432506887,76.04689840732901,61.70123966942149,43.972335074529774,1877.9633558414957,461.16975911458337,0.4253248781902098,0.3258826500342832,C,grading/data_processed/banana/C/Banana_Bad_IMG_20190910__175756.jpg
27864.0,1006.5239466428757,0.8418604651162791,0.34562496271992377,0.8377252980172272,35.170233806597444,43.710607437455636,86.77371618280709,70.34204999861474,61.208271526453345,45.31615639718511,1618.4976937830004,353.2285271317829,0.3940777214778509,0.2704855247983765,C,grading/data_processed/banana/C/Banana_Bad_IMG_20190910__175742.jpg
23180.5,1030.5655754804611,1.23121387283237,0.27427195401957466,0.7494867193688669,83.63902872371928,32.3496844945147,178.60789373492958,78.79964149947484,62.98680147214349,37.020512903699725,226.82358378132855,111.35189224561023,0.6532245232476872,0.3542075891265077,C,grading/data_processed/banana/C/Banana_Bad__IMG20200729190318.jpg
23551.5,1089.5117530822754,1.0989583333333333,0.24932429379011967,0.8041622562911872,76.08640691920662,36.66477389234487,183.16886357021082,73.12912599774515,64.38770842862489,38.38573803471352,244.56577973091254,99.0642361111111,0.6933147047298391,0.4039259312259188,C,grading/data_processed/banana/C/Banana_Bad__IMG20200729190330.jpg
24319.0,1441.435633301735,0.75,0.14708387698206551,0.612045099914431,24.423876055886947,45.157636543659606,98.98470715400937,61.81174344161381,66.75291244645503,39.64005498924998,1331.5289096828137,256.1063890706807,0.6060703779220297,0.48537703863544507,C,grading/data_processed/banana/C/Banana_Bad_IMG__8004.JPG
27711.5,1470.7564816474915,0.776,0.16098609147277163,0.7006611800103665,47.930228458609506,35.67833548495513,64.42895924411225,83.75441647697961,62.823085601466644,47.20829431234382,2358.4092361968324,425.2388393782384,0.49060714907808894,0.41187839333261017,C,grading/data_processed/banana/C/Banana_Bad_IMG_20190910_175349__1.jpg
34145.5,1807.741322517395,1.1082251082251082,0.13130182712950275,0.8209236909169592,39.686882570225926,44.77810757745196,86.7270566675257,64.41212825429263,73.97984136528935,49.44711348495316,2995.932938311505,503.2281130634072,0.48107176245454913,0.40223516978039203,C,grading/data_processed/banana/C/Banana_Bad_IMG_20190910_175518__1.jpg
23780.0,1279.6955189704895,0.75,0.18247711913711756,0.6192708333333333,23.1029260885624,43.323446239003516,102.52255099109452,61.40154196780162,65.45721672754135,39.79794720192211,1206.7259046766494,227.34710405759165,0.6122814716573037,0.4988414328494553,C,grading/data_processed/banana/C/Banana_Bad_IMG__8010.JPG
18068.5,1242.3300758600235,1.0847457627118644,0.14711534192899933,0.6425840638725394,21.963036587331434,36.960504598649386,96.22204910546392,62.83399268048172,49.526298823402996,30.202625566848525,1246.289225615422,166.9057591623037,0.6189374656356397,0.4450820554098744,C,grading/data_processed/banana/C/Banana_Bad_IMG__8038.JPG
18753.0,769.4112488031387,1.174496644295302,0.3980737635534867,0.9017599538372764,17.22892765467023,22.500863000722813,98.22410812509823,64.96263801495003,51.25119178584525,31.853958269178968,1293.526025300938,146.45865154670986,0.5319864768318031,0.2655694414444171,C,grading/data_processed/banana/C/Banana_Bad_IMG__7690.JPG
17472.5,706.6345564126968,1.8640776699029127,0.43971893708292326,0.943057617055728,17.95714205470988,15.823466347621663,91.42532157501545,66.3982533617269,49.27416727517834,30.798693164151405,670.0943811357716,102.07695826767652,0.4478349594116032,0.10995874142244627,C,grading/data_processed/banana/C/Banana_Bad_IMG__7848.JPG
29764.0,1882.268234372139,0.765625,0.10556941957988797,0.7869181857839703,23.460456597108653,25.611947630974054,105.10577614966965,71.49130805645206,64.38529469483875,42.10555986953495,2976.1920826191804,554.2296274038463,0.4418121837023596,0.37825811181591945,C,grading/data_processed/banana/C/Banana_Bad_IMG_20190910__175540.jpg
24231.5,1708.4722093343735,0.75,0.104321620706009,0.6236231212682726,21.5909145439277,30.52908834481527,74.12140600631822,69.05649044637707,67.0626224657096,39.645280019504966,972.9126890992953,273.0731143651833,0.6297250415470409,0.48660706484353666,C,grading/data_processed/banana/C/Banana_Bad_IMG__7874.JPG
17922.5,1008.6833260059357,1.2075471698113207,0.22135980801774857,0.6854121651337552,16.884330794341675,21.396640344299584,95.16735582154516,68.03823463163829,51.825788900979326,33.11461792549492,1113.997216931645,143.33145641937506,0.6180676465769385,0.3971410910519191,C,grading/data_processed/banana/C/Banana_Bad_IMG__7860.JPG
26009.5,1287.8447939157486,0.8592233009708737,0.19706741242696596,0.8410237340748884,29.725487245089923,43.98548421572829,72.96324027391076,71.33713423992194,58.04014598540146,41.3407813949475,3180.6973276396557,526.5155560458957,0.38087578447217896,0.2681922381960686,C,grading/data_processed/banana/C/Banana_Bad_IMG_20190910_175406__1.jpg
26851.5,1409.8691790103912,1.1216931216931216,0.16975429937427355,0.7801019741142633,88.11536641304744,60.55618758606251,70.27576540827842,50.96173328116318,55.26469838727293,33.19916324009124,1256.4535761421566,238.710699867098,0.44203227445074794,0.3089725902347099,C,grading/data_processed/banana/C/Banana_Bad_IMG_20190910__175420.jpg
18405.5,977.3696184158325,0.5707964601769911,0.2421251006422564,0.7031306706396959,59.204838452968325,70.0086941686831,76.41445169505013,64.87165072772208,43.048702848957504,27.53302657112756,1788.0231264848628,130.91306001106196,0.55616878342762,0.3553080839052909,C,grading/data_processed/banana/C/Banana_Bad_IMG_20190910_175326__1.jpg
23717.5,1041.1097325086594,1.0441988950276244,0.27497028293059067,0.8395278043255106,22.508827785817655,34.074279709792364,103.60401075046516,61.64835241452259,65.05871407897457,40.79348019856975,1463.3430664832638,313.15028799811915,0.4637873798554535,0.28312959744004945,C,grading/data_processed/banana/C/Banana_Bad_IMG__7928.JPG
29594.0,1028.38181078434,1.2473684210526317,0.35164525402444957,0.799827029364468,100.6254117177363,63.846259575487686,71.65628638919387,48.20556773490319,59.716106065142895,34.867259792029024,741.6180540261139,168.1508697591436,0.4882277348359647,0.3310458898101171,C,grading/data_processed/banana/C/Banana_Bad_IMG_20190910__175434.jpg
18927.5,853.5706290006638,0.9135135135135135,0.3264556529484116,0.7728191413347488,61.413525269262635,59.667445901547765,80.38287075393538,67.44227987723814,54.73912593206297,39.33865675000434,2564.783615578196,217.33915701415705,0.5955030273541296,0.3816590280105064,C,grading/data_processed/banana/C/Banana_Bad_IMG__7900.JPG
21722.5,932.198045372963,0.9438202247191011,0.31412557312373984,0.8635631795503786,23.678092399403877,33.967623702474945,96.27092083276882,64.79587928532207,59.79076909181231,38.46989803514769,1677.4806902676671,290.43833680952696,0.45128845129336886,0.25075890002067114,C,grading/data_processed/banana/C/Banana_Bad_IMG__7914.JPG
23921.0,1281.4011421203613,0.7678571428571429,0.18307075878588192,0.8509782995375311,39.600963894788435,52.696018260566426,80.4962832870446,72.02759115442797,54.7359500081686,40.109776213343025,2677.0218838019,394.35596804511283,0.4561872127121822,0.35914926476265946,C,grading/data_processed/banana/C/Banana_Bad_IMG_20190910__175408.jpg
19809.5,1311.9625433683395,0.453125,0.14462404553088637,0.7037247553242508,22.692450980392156,38.65143025373543,95.45950980392156,67.41255212550287,55.17892156862745,34.35450346957331,1612.4033493423008,310.1279211956522,0.521960671470653,0.3049640014516599,C,grading/data_processed/banana/C/Banana_Bad_IMG__7727.JPG
17965.0,1406.5483313798904,0.42578125,0.11411106689113157,0.6766988097031792,32.47040799870989,36.71942990837545,80.80943933774122,71.02501445024177,50.41041767456862,31.86999159215419,1494.640268764234,296.90711805555554,0.5278220990363326,0.3250785469067889,C,grading/data_processed/banana/C/Banana_Bad_IMG__7733.JPG
31803.0,1421.057997226715,0.96875,0.19790389748214735,0.6766955689132401,41.489162941267146,48.84446169194717,70.33143209495915,60.3566638604185,67.49144442731617,45.49009157502233,1330.3109455366662,320.2734691295547,0.5917349180448834,0.486335401509675,C,grading/data_processed/banana/C/Banana_Bad_IMG_20190910__175144.jpg
32022.5,1504.3889507055283,0.86328125,0.17780535163695488,0.7016861503401882,79.68525823318961,61.081167394495395,68.35908020670887,57.611727109551204,67.36553221416996,43.86401500790726,1532.918720503965,289.42070312500005,0.5398899677948567,0.4201774953451203,C,grading/data_processed/banana/C/Banana_Bad_IMG_20190910__175622.jpg
22269.0,1466.1362046003342,0.6307053941908713,0.13018529834562922,0.8111386318933489,43.07069251593747,47.013974472345,104.00349314470353,82.3943256172417,51.82944720985067,38.97619782721138,3254.8815899019573,516.6823115605507,0.4419728789519113,0.3609588388665953,C,grading/data_processed/banana/C/Banana_Bad_IMG_20190910__175636.jpg
26396.5,1352.6732209920883,1.3444444444444446,0.18128857091774409,0.7593165245156558,37.21320887506019,45.39389687617807,63.4294921657962,67.80041945925383,55.345519872578436,36.21851497718018,1355.2152298825133,255.1790456431536,0.5167334463273374,0.3782212197601997,C,grading/data_processed/banana/C/Banana_Bad_IMG_20190910__175150.jpg
26641.5,1610.1534490585327,1.4628571428571429,0.12913203764179912,0.7518838371010076,40.69179309084262,37.93769459852737,62.563443611771156,60.44269470812202,56.50575763114604,38.64816757619653,961.5083484355071,226.99825210084032,0.5788656128437547,0.38513004710466525,C,grading/data_processed/banana/C/Banana_Bad_IMG_20190923__184111.jpg
30147.5,1251.6193996667862,1.052132701421801,0.24183357495801322,0.8823572452951679,41.89950174227375,40.97600975606852,54.672322271794705,53.746704754316816,63.426515126844045,43.443032393940484,803.4657054688785,210.07765220561427,0.523176718790369,0.3427550740139172,C,grading/data_processed/banana/C/Banana_Bad_IMG_20190923__184105.jpg
33235.0,1417.7686731815338,0.975,0.20777571960470592,0.7862736284274527,31.130409097622213,33.94067871962822,84.62941958351794,66.55809843016841,71.38150937823069,47.87572168408693,1789.7445291355057,369.33385193133057,0.4786710318851313,0.3925832033558098,C,grading/data_processed/banana/C/Banana_Bad_IMG_20190910__175839.jpg
33809.5,2011.0205410718918,1.080168776371308,0.10505472710149741,0.8045858023369268,29.57816556100375,36.384837613654966,90.91900778771272,67.31681969065247,74.22561292183444,50.312551026182305,3243.151403539489,526.2787788533135,0.4961287329310059,0.42017503067147327,C,grading/data_processed/banana/C/Banana_Bad_IMG_20190910_175514__1.jpg
32173.0,1657.2245168685913,0.96875,0.1472104783096431,0.6715509773839715,104.13397550821963,58.08686701747304,65.64170895499711,37.10305235800533,66.37691816828223,40.429383026616605,5070.5505093483725,176.82045483299598,0.6041889737277871,0.48054168186794877,C,grading/data_processed/banana/C/Banana_Bad_IMG_20190910_175414__1.jpg
29675.5,1516.4377222061157,1.0913461538461537,0.1621656065132277,0.7886966459363206,59.51539323620542,66.40935300072614,82.45691871580196,58.47572134857079,62.820093611971785,40.67174513218622,1352.876699949261,246.01323179033358,0.48313835903288715,0.35273697533836657,C,grading/data_processed/banana/C/Banana_Bad_IMG_20190910__175813.jpg
29400.5,1302.2468163967133,1.2190476190476192,0.21786023690679854,0.8337492555936817,40.22643586151691,40.39172381040193,57.4950637048896,56.255844060643895,59.36732039223534,35.15056653048196,735.4275564886599,158.14502334267038,0.5930376617221321,0.44154822706922675,C,grading/data_processed/banana/C/Banana_Bad_IMG_20190923__184107.jpg
32035.0,1230.5483312606812,1.155,0.26585035264283186,0.8074659407413008,71.63259168328986,59.856555395405685,70.68427190425042,53.25432674581982,67.7486266687126,45.14261308756792,1678.619084807256,287.9416086956522,0.46172307058560014,0.2931662491986196,C,grading/data_processed/banana/C/Banana_Bad_IMG_20190910__175620.jpg
28086.0,1315.3178828954697,1.0561224489795917,0.2040038229456652,0.7931209759403592,34.82432950859694,47.84017620189698,88.53883444355317,67.43134736814879,59.29979423150699,38.034185589943526,1570.0305183397868,294.15526550426,0.4077999500427411,0.2888300540441413,C,grading/data_processed/banana/C/Banana_Bad_IMG_20190910_175709__1.jpg
28149.0,1224.4061963558197,1.1336633663366336,0.23595098654759997,0.7376958960113214,40.87176806746115,47.903203627532065,67.97728064673497,62.98084891198543,59.73496410899714,39.73662514045369,1283.9714526564146,288.1791080423832,0.5050974520358162,0.37705443107392655,C,grading/data_processed/banana/C/Banana_Bad_IMG_20190910__175146.jpg
26533.5,1271.1341171264648,1.2881355932203389,0.20635816360706014,0.7825952307215857,35.77401859504132,43.66063941218426,61.104080578512395,68.69344496546647,55.74564639905549,36.92419825800702,1392.4617277771101,260.01294208417335,0.4764041574674448,0.3256808526570969,C,grading/data_processed/banana/C/Banana_Bad_IMG_20190910__175152.jpg
22445.0,1221.5432786941528,0.5137254901960784,0.18902174010839815,0.8519643196052382,27.568680362116993,36.367033021781815,110.87578342618384,80.34128854303316,53.9210045264624,43.11118255045941,3659.0634704814374,580.1020814479638,0.37998215976886957,0.29775686273042873,C,grading/data_processed/banana/C/Banana_Bad_IMG_20190910__175634.jpg
22755.0,1170.832601070404,1.3058823529411765,0.2085917322462546,0.7960886525443001,21.662842164066863,38.770000201567704,86.93236216750462,63.866356565298325,47.09647200378153,28.814296692492942,923.6334695848004,154.8885813148789,0.5392237440439727,0.38068716080555676,C,grading/data_processed/banana/C/Banana_Bad_IMG_20190910_175158__1.jpg
13080.0,1196.6904691457748,0.6600985221674877,0.11477675541583457,0.5836940514971664,20.685842333406804,40.24382985002014,128.27823084270076,55.83000751537424,42.32650062449489,32.25685002845668,1730.6813686274977,260.99922219341454,0.6267563693815527,0.4919085808662094,C,grading/data_processed/banana/C/Banana_Bad_IMG__7719.JPG
23917.0,1054.156415104866,0.53125,0.2704621247441982,0.6948172680262623,21.411482665355297,33.32947521063702,78.62457995246291,62.72526775959576,65.00795016801902,38.41759257762233,995.0697353554433,233.01712962962964,0.5240506401858838,0.29658453167134025,C,grading/data_processed/banana/C/Banana_Bad_IMG__7725.JPG
12587.5,858.0559101104736,0.6114285714285714,0.21484149886082832,0.7800880019831433,23.76559007168735,38.81793461860436,104.98142295536884,66.83899005411345,40.21120789331689,32.05242094295452,1759.2399907337062,326.58743935309974,0.48409428035522123,0.2997540882500178,C,grading/data_processed/banana/C/Banana_Bad_IMG__7731.JPG
19176.5,830.2569199800491,0.8936170212765957,0.34958613588350457,0.7736359051941503,60.406935706613474,59.69598203876319,80.28796480998415,68.22047030827342,55.64794639660376,40.471732330703155,2573.1480597411337,219.55427442986374,0.586838452728012,0.3799053214494109,C,grading/data_processed/banana/C/Banana_Bad_IMG__7902.JPG
22416.5,972.4823166131973,0.9617486338797814,0.29786141142056805,0.8457620404082326,23.060779766332647,32.92065341008829,96.5280707128167,64.76749081843664,61.56867807290071,38.80121186135566,1555.5780642994837,295.72711943793917,0.4668971960256118,0.2806002874967987,C,grading/data_processed/banana/C/Banana_Bad_IMG__7916.JPG
28345.5,1240.3889515399933,1.1009615384615385,0.23151450596673095,0.7318556195295758,38.21135875960407,46.972874797139134,65.63258808057036,62.22656794979761,59.925659306430404,39.943475288388385,1348.4543824183113,281.5281713900135,0.5161217327495674,0.3912080759022928,C,grading/data_processed/banana/C/Banana_Bad_IMG_20190910_175146__1.jpg
27076.0,1483.2245172262192,0.8862559241706162,0.15466091607603827,0.7979605970853042,41.41828674481515,52.12301054490668,66.68634806131651,71.47018887889935,58.47787195671776,39.01269436852091,1501.8215362683434,329.8314732711615,0.42395688209067084,0.29184249375151566,C,grading/data_processed/banana/C/Banana_Bad_IMG_20190910__175422.jpg
28602.0,955.3279883861542,1.5060240963855422,0.39382316969648756,0.8905702676194479,95.29953853571183,72.39191520327016,91.57693367311798,62.91333072848405,57.37003237137544,33.439365475109845,519.832146125127,132.47261334494604,0.48166449296541675,0.29948198650539504,C,grading/data_processed/banana/C/Banana_Bad_IMG_20190910__175436.jpg
28030.0,1383.401143670082,0.7862903225806451,0.1840503726158075,0.7195574323890693,38.22004608294931,31.224560682767947,61.65088674766094,83.8028760746519,63.134478424801,46.75042779772857,2512.7736441723605,438.26411290322585,0.479231710595099,0.4041398792887175,C,grading/data_processed/banana/C/Banana_Bad_IMG_20190910__175350.jpg
24646.0,885.8965300321579,0.759825327510917,0.3946301903471017,0.8189944505366696,18.600343464195856,24.40215113699788,112.80442509684892,61.86470168308971,68.4554894364791,44.643131066748076,1944.4584520302276,235.60479087260518,0.5449272413592845,0.3670223757627802,C,grading/data_processed/banana/C/Banana_Bad_IMG__7889.JPG
24396.0,1470.891476035118,0.75,0.1416991438780043,0.6113136628453298,20.21594127737663,28.73141277869148,65.47157617584872,61.808822138886136,66.9112777755615,39.558883719305584,643.7388878957264,226.19095631544502,0.6489343234362193,0.488238889854461,C,grading/data_processed/banana/C/Banana_Bad_IMG__7876.JPG
17879.5,1072.2813056707382,1.2,0.19541044090099483,0.6823585535731324,16.339541469258837,17.78948026105171,92.30120350705222,69.20599347950919,51.66525077601699,32.85994572634577,1135.710297440423,161.32742146596863,0.6159907075727175,0.40132988251279744,C,grading/data_processed/banana/C/Banana_Bad_IMG__7862.JPG
32813.5,1713.5504179000854,1.0118577075098814,0.14043282932963375,0.7445176806924796,34.050104259755734,22.551383570466474,46.81185582365207,65.84792910255419,71.23139708072684,48.51924446988442,2409.880428273505,551.2877625358444,0.5559465625557458,0.47654486009486136,C,grading/data_processed/banana/C/Banana_Bad_IMG_20190910__175218.jpg
29947.0,2045.2631812095642,1.1004566210045663,0.08996317745349015,0.7487311548366128,32.49179211004412,35.31112867880761,95.27011419672982,67.5742699299532,64.78049571762263,43.19812517035137,2174.429589144082,524.269710806697,0.4688511511728916,0.4031297339082044,C,grading/data_processed/banana/C/Banana_Bad_IMG_20190910__175556.jpg
18725.0,737.8132692575455,1.1523178807947019,0.432253747613497,0.8993108085392503,18.613353629730724,26.673569136411615,97.8085664794499,64.51510419226373,51.22812450789985,31.92267520619217,1262.9351481508347,136.0812310990315,0.5326481690201915,0.2713413613887105,C,grading/data_processed/banana/C/Banana_Bad_IMG__7692.JPG
30459.0,2081.807337284088,0.87890625,0.08831702580880084,0.7527152759758312,24.19634543019325,26.95842037322084,102.03386695580075,72.44081490289317,65.69392180623764,42.56762037516164,2746.4423649929468,508.458984375,0.5029725168216629,0.4442577306067741,C,grading/data_processed/banana/C/Banana_Bad_IMG_20190910__175542.jpg
23691.0,1129.61225938797,0.75,0.23331059579674804,0.6402280834504378,22.883477901693514,42.27977971154339,99.2266418835192,61.317791191163856,67.18868236266006,42.22883906991982,1223.887010090881,224.7478116819372,0.6189584606822275,0.503259485329429,C,grading/data_processed/banana/C/Banana_Bad_IMG__8006.JPG
23877.0,1233.0681027173996,0.75,0.19734016932241003,0.6232250991856337,23.499099983636064,44.7746740461964,102.97222222222223,60.44222027907078,66.11540664375715,41.43258618623212,1164.8095785375272,228.26006217277495,0.6128024432924539,0.49814929857763973,C,grading/data_processed/banana/C/Banana_Bad_IMG__8012.JPG
19336.0,1500.822495341301,0.7312775330396476,0.10787426266089253,0.6724980436483784,65.71818090854512,47.82103916400183,78.8281969181509,64.29987702882816,102.74649789873925,70.7416995701795,6066.040344502872,741.886156721399,0.49325450965350826,0.4572222195068663,C,grading/data_processed/banana/C/Banana_Bad__IMG20200730132828.jpg
23417.5,928.2569212913513,1.170731707317073,0.34151831629942614,0.8035928760166089,70.7419151881213,37.846352799270264,192.08112075835746,68.38849314934616,63.24256532863554,37.181166868392744,439.14579756912815,91.5065125782148,0.6196819079838353,0.24364784797433112,C,grading/data_processed/banana/C/Banana_Bad__IMG20200729190332.jpg
24813.5,1340.1879394054413,0.65234375,0.17360669932089567,0.6541229503875151,82.12798614664095,32.51775841149289,212.63564091463655,71.73240598053621,68.20843008382856,39.662576856820856,284.917143693176,110.5543580572289,0.6918363654910696,0.3996476507971414,C,grading/data_processed/banana/C/Banana_Bad__IMG20200729190326.jpg
29116.5,979.1442227363586,0.6875,0.3816415940087764,0.8715688328793366,49.11227595536016,39.79349350404641,66.97730808251606,77.9930617375167,62.19614474129185,43.40788386324099,1807.794815077269,406.28714285714284,0.44225810095381973,0.34319244156470874,C,grading/data_processed/banana/C/Banana_Bad_IMG_20190910__175754.jpg
27898.0,2201.665205478668,1.4628571428571429,0.07232365668498278,0.6787421689678244,29.38376243113067,42.07067395246799,97.08011365605184,61.415926536503974,59.394331057902214,37.04719836510812,1494.0429393290615,270.52329411764714,0.462044856836536,0.3491973915376724,C,grading/data_processed/banana/C/Banana_Bad_IMG_20190910_175810__1.jpg
28057.5,957.1686084270477,0.8932038834951457,0.3848415381206501,0.8480301038219159,38.10636057287279,44.62477251259455,83.74175091266498,71.27872666670564,61.213072170738556,44.49103914615968,1808.2975428765037,360.8972624542416,0.37427245954991867,0.2463730741536598,C,grading/data_processed/banana/C/Banana_Bad_IMG_20190910__175740.jpg
25199.5,1370.3544594049454,0.9850746268656716,0.16863043213211387,0.8452520712440882,59.64816250581485,66.7061377991883,83.98329198325322,67.00487845648779,52.761590944332454,32.9047831654876,1919.406567440791,249.55799681794076,0.4615050900658112,0.3487499338225281,C,grading/data_processed/banana/C/Banana_Bad_IMG_20190910_175650__1.jpg
28438.0,976.3818113803864,0.8714285714285714,0.3748603901465304,0.8434070822705974,36.91051082251082,44.05087997213045,85.10219913419914,71.41511145466194,61.91989610389611,44.90604013391417,1644.8458061539686,353.416823652538,0.3756561993620233,0.2465992592091285,C,grading/data_processed/banana/C/Banana_Bad_IMG_20190910__175741.jpg
28610.0,1169.210237979889,0.66796875,0.26299197878680913,0.8355602283845154,51.92251998764712,40.99595835425497,72.61836461585973,75.92258382656938,62.07796040215489,44.407466587268665,1953.88472199961,470.0360294117646,0.429220542791727,0.3317142010164162,C,grading/data_processed/banana/C/Banana_Bad_IMG_20190910__175755.jpg
32203.5,1466.295585513115,0.8697478991596639,0.18822178378852894,0.7917368375763685,35.31129921139969,35.805163333049386,77.9357245075054,66.32287482787692,66.97070913132174,41.324839316734504,1837.6578519489474,482.00717957085755,0.3993240477832877,0.3257813096431366,C,grading/data_processed/banana/C/Banana_Bad_IMG_20190910_175845__1.jpg
25234.5,3067.0835897922516,0.8170212765957446,0.03370958014085943,0.6037539477461958,47.5452217787484,31.075043075680508,122.5167557798027,73.535598351099,85.95379923186987,60.76898596762552,5819.669543148923,877.8663473320707,0.43076214685637065,0.39134865802728647,C,grading/data_processed/banana/C/Banana_Bad__IMG20200730132829.jpg
33644.0,1800.5281196832657,1.103448275862069,0.13041203493547046,0.8103375603646568,27.307138084309,31.08261881715848,89.429534295924,67.41769622132257,73.66662793062375,50.037469924924125,3312.3820065780146,512.4718221771468,0.4919784016919567,0.4133085593397737,C,grading/data_processed/banana/C/Banana_Bad_IMG_20190910_175518__2.jpg
23917.5,1259.109732747078,0.75,0.18958260421685866,0.6249755026849058,27.442965624234507,50.004219558617685,102.7316893933208,60.26237530149034,66.27712909283906,41.48886095957891,1136.385789360851,236.47508998691092,0.6124249069150418,0.4963717100402433,C,grading/data_processed/banana/C/Banana_Bad_IMG__8013.JPG
30075.0,1498.3717058897018,0.8548387096774194,0.16833575567546608,0.6493506493506493,30.181238615664846,35.69978660727473,63.23962399167317,81.65785405662048,66.36813687223523,47.49539928240483,2179.9418302992112,415.672852010396,0.49362842595944,0.412709041054354,C,grading/data_processed/banana/C/Banana_Bad_IMG_20190910_175349__2.jpg
23986.0,1271.3523734807968,0.75,0.18648152713161462,0.6207878254568042,24.338651904916965,44.995455655410936,100.71666395310973,61.133722987917224,65.58690166069684,38.90246785550753,1187.8958210150402,216.6110929319372,0.6092340671975947,0.49483396720044337,C,grading/data_processed/banana/C/Banana_Bad_IMG__8007.JPG
32741.5,1372.1534495353699,0.9711934156378601,0.21852597799853696,0.7994896588772495,30.07649388048956,33.92831970121765,87.54460643148548,66.06867188429686,70.78851691864651,47.91678421880488,1811.1354978160402,364.3643288678749,0.49642833673598286,0.4133214887317025,C,grading/data_processed/banana/C/Banana_Bad_IMG_20190910_175838__1.jpg
30228.5,2086.049978852272,0.8828125,0.08729252230310222,0.7472960779223989,23.990491181856147,27.055328241528603,99.96479167335924,71.54651067890279,65.27906453789072,42.37373234737481,2715.814259250308,505.1615451388888,0.5075309353087686,0.45068112731914245,C,grading/data_processed/banana/C/Banana_Bad_IMG_20190910__175543.jpg
19120.0,769.4112482070923,1.1241830065359477,0.4058641481861617,0.9069563361240899,17.45518092105263,22.71546245778793,96.02862870065789,63.98557843954216,52.16647820723684,32.27163233158982,1284.0709785745944,152.60891335091546,0.5169588720875571,0.2570982854877631,C,grading/data_processed/banana/C/Banana_Bad_IMG__7693.JPG
29635.5,2280.5007696151733,1.090497737556561,0.07160802185103772,0.7354087051466573,31.844030703903314,33.943101291983254,95.44076433121019,68.08786014078088,63.89612934835865,42.05693383028796,2203.1118360930095,532.5117081447966,0.47347154591430485,0.4106772407130693,C,grading/data_processed/banana/C/Banana_Bad_IMG_20190910__175557.jpg
18228.0,1083.6955181360245,1.1925465838509317,0.19504477896223388,0.6712575952863192,14.4913180531068,15.719549236476555,88.39391996580649,61.36617799648358,52.07196666132393,32.45720594102095,923.0925019409519,150.78160059835454,0.6148919892029968,0.39429989065689053,C,grading/data_processed/banana/C/Banana_Bad_IMG__7863.JPG
32410.5,1611.4671581983566,1.003921568627451,0.1568384989041073,0.7236021031245465,35.73199891314192,24.95771139063955,46.006581529450834,65.92450997743923,70.58174078434925,48.560159651297965,2316.3275410815177,522.8913033448672,0.570063842956341,0.4879105499123735,C,grading/data_processed/banana/C/Banana_Bad_IMG_20190910__175219.jpg
21098.0,1289.4356342554092,0.51171875,0.15946002065226228,0.6919645785503443,20.751176090766535,30.87222985007613,73.1284936813947,64.87098234895143,58.45747624757864,34.94131842776084,643.706453541096,216.69753605769233,0.5779881900313076,0.3497100312522875,C,grading/data_processed/banana/C/Banana_Bad_IMG__7877.JPG
31740.0,1628.7047451734543,1.0,0.15035991207541202,0.7636783600404216,31.586173950564014,33.90374593009109,85.1136966035875,64.89182877161676,69.20221290760033,47.04773769455583,1830.2326282698928,420.653923303835,0.4486100167012912,0.35877308478349973,C,grading/data_processed/banana/C/Banana_Bad_IMG_20190910_175826__1.jpg
28373.5,1518.4722100496292,1.102803738317757,0.15463545584810037,0.636105817733438,44.19529152612377,45.35018435044432,48.12328767123287,53.21365101635206,57.82219315756866,34.37535381263207,1283.264257814573,183.38655796380993,0.5711806012949475,0.42166736187616194,C,grading/data_processed/banana/C/Banana_Bad_IMG_20190923_184142__1.jpg
24320.5,884.3401801586151,0.7307692307692307,0.39079018528548254,0.8253329939764147,18.670483512037226,24.544542587225894,111.23524175601861,61.06568211395444,67.58041675096095,44.159330688066625,1768.449087297004,222.58511814982404,0.5556889452079369,0.37817865608057877,C,grading/data_processed/banana/C/Banana_Bad_IMG__7888.JPG
27386.0,1116.4894542694092,1.0047619047619047,0.27607635805336805,0.8233543285780858,98.03178589366435,70.55308863989211,83.56414579895242,56.69235040810113,55.63525148884265,33.13639193933508,632.9157014109524,142.4919954648526,0.504000921882122,0.36809547556668754,C,grading/data_processed/banana/C/Banana_Bad_IMG_20190910__175437.jpg
28003.0,1019.553384065628,0.8457943925233645,0.33852791271401267,0.836297391330317,35.11000632422177,43.082718950079254,87.0727988194786,70.32215367092192,61.41374464197878,45.33447776224718,1683.8676886321919,364.94428868120457,0.38733626036259367,0.26318971479589093,C,grading/data_processed/banana/C/Banana_Bad_IMG_20190910_175742__1.jpg
18343.0,987.1269773244858,0.5752212389380531,0.23655611994179687,0.7006894971064042,56.52266922094508,69.03246005955526,75.76410174542359,64.67448260846109,42.86068539804172,27.274058546586172,1835.0484619265594,131.59391507168826,0.5570332075651702,0.3620469723483291,C,grading/data_processed/banana/C/Banana_Bad_IMG_20190910_175326__2.jpg
28232.5,1383.6437829732895,0.765625,0.1853150148463833,0.7028867339698505,40.53626152672814,30.643992451997256,62.34573251057339,84.02215353220537,63.370241974623866,46.664349639449604,2308.700515967913,413.0364783653846,0.4965903575335601,0.4217943266593854,C,grading/data_processed/banana/C/Banana_Bad_IMG_20190910__175351.jpg
33510.0,1325.5188937187195,1.0848214285714286,0.23966932178346217,0.777882238239493,96.57894736842105,58.059960130561485,69.0185016859698,44.05460730423884,67.38223134437766,39.29836670065593,1411.0743128471343,173.47022579693035,0.5180397778156326,0.37444123809130275,C,grading/data_processed/banana/C/Banana_Bad_IMG_20190910__175423.jpg
22645.0,978.8670918941498,0.9619565217391305,0.29698514876806836,0.8534172492415535,22.80266008144875,32.35213449509797,95.32657482020622,64.81852997578319,62.09085001299714,39.17991228563494,1565.0716402912642,310.6129570158103,0.4657016759427441,0.28140517319979125,C,grading/data_processed/banana/C/Banana_Bad_IMG__7917.JPG
19274.0,848.6416954994202,0.9090909090909091,0.3363047390324051,0.7701128758365797,53.7925209870262,56.433549913751676,82.03668277791911,70.67110595985729,56.132943271432204,40.999430798880596,2582.2985214843284,218.75568775116284,0.5855426811214208,0.3797830207163973,C,grading/data_processed/banana/C/Banana_Bad_IMG__7903.JPG
19284.0,1359.778779387474,0.421875,0.13106009191207543,0.7386524686865592,30.097166398713828,36.500046855137775,80.46669011254019,70.74019818210651,53.54622186495177,33.156628469269585,1404.5633321573707,306.7424065420561,0.4955465931368234,0.2720083259845245,C,grading/data_processed/banana/C/Banana_Bad_IMG__7730.JPG
21077.0,1353.0924867391586,0.5078125,0.14466507430102638,0.6768138978533468,22.644246726903926,34.759905699750206,77.41559100129079,59.88865461697537,58.20099575880509,34.36238824249573,1255.4604409519172,250.36415939922486,0.5654003016524992,0.34059361003111616,C,grading/data_processed/banana/C/Banana_Bad_IMG__7724.JPG
14183.0,1194.5483301877975,0.6699507389162561,0.12490232303894541,0.625214899713467,20.736595310907237,39.218783980159586,122.75256540944615,58.612703433490395,48.51063540604825,37.23125797692399,1821.7229461926233,261.6193030468893,0.595211498727936,0.4584886254106437,C,grading/data_processed/banana/C/Banana_Bad_IMG__7718.JPG
27222.0,912.0731545686722,1.4375,0.41121651424778066,0.910084750012537,35.86604203595847,41.04506315248477,54.373982563397604,65.70210186294108,56.17092934920233,35.803015597433145,1446.306565139857,188.39593340611358,0.42952512436560863,0.25099683898370434,C,grading/data_processed/banana/C/Banana_Bad_IMG_20190910__175153.jpg
22185.5,1357.6092933416367,0.640495867768595,0.15126187536350275,0.810370018628776,29.269401379068032,40.879294994842915,97.64302340902104,82.25150751015107,51.237735517589705,38.641327444093015,2874.765700909332,483.37541590640774,0.45777199113817674,0.3812852468493038,C,grading/data_processed/banana/C/Banana_Bad_IMG_20190910__175635.jpg
33348.5,1582.4965958595276,1.3264248704663213,0.16734032164522455,0.7876079024125268,73.03644747275985,63.53904738591756,71.03025052130752,57.901081117974776,72.01762166289758,49.06759312147011,1550.446562610571,335.4239764299502,0.4475529003013979,0.30722218593585,C,grading/data_processed/banana/C/Banana_Bad_IMG_20190910__175621.jpg
28391.5,1346.4722108840942,1.0857142857142856,0.1967901753801976,0.7294741845556969,38.02239011936797,47.41902730532901,67.6961981646312,65.35803888145723,59.19402470158008,37.786816079635464,1221.6281537137015,270.5016362492133,0.5182966619155459,0.3910874139172432,C,grading/data_processed/banana/C/Banana_Bad_IMG_20190910__175147.jpg
29944.5,1222.849846959114,1.1414634146341462,0.2516405714621469,0.8850416740556837,39.986915887850465,39.63161476210728,55.970880472208556,55.83781768343497,60.66289555664863,36.39341994723459,606.7351698908996,168.90329739348897,0.5546642762598246,0.3620235881497107,C,grading/data_processed/banana/C/Banana_Bad_IMG_20190923__184106.jpg
25047.5,1590.6976050138474,1.5120481927710843,0.12439387447200453,0.7025552563671043,43.23898272180159,41.56779964165756,61.279790331974375,58.19298983922715,54.42286934575811,39.32820919438628,1432.2992030630614,212.64016867469883,0.5562082970807514,0.37805714452838907,C,grading/data_processed/banana/C/Banana_Bad_IMG_20190923__184112.jpg
32663.5,2135.304811477661,1.0940170940170941,0.0900228640290168,0.7875277268781946,24.881901018402715,28.829192082072243,94.96632124352331,67.90821457126509,71.75406467750581,48.3257734236377,3347.470910979603,508.32662979721806,0.5056704832712999,0.4304348335385436,C,grading/data_processed/banana/C/Banana_Bad_IMG_20190910_175514__2.jpg
34703.0,1562.1706941127777,0.984375,0.1786980904316755,0.7064080120506453,77.31044320781899,62.09851841058522,65.65811700234457,55.83855593562713,73.56583147368718,48.459652531750216,1608.8055985984886,301.88209661354585,0.5630158516423408,0.4486801131215923,C,grading/data_processed/banana/C/Banana_Bad_IMG_20190910_175621__1.jpg
33047.5,1330.1879397630692,1.0364372469635628,0.2347050657953977,0.7939911585219355,30.18220464950354,23.755704574744218,68.03213627445152,73.1380917062377,69.26211427552172,45.331354954719636,1942.1628254218576,299.93374613003095,0.5609493076002265,0.46680705577927034,C,grading/data_processed/banana/C/Banana_Bad_IMG_20190910__175802.jpg
31703.5,1951.4570533037186,1.1865284974093264,0.10461623303157698,0.776218982212592,34.25509107104463,48.755400928054144,86.61919095739779,64.28623771109454,69.93399268974414,46.63901268665431,2310.0441413053973,362.4489819107355,0.3817800424284282,0.25542440820587037,C,grading/data_processed/banana/C/Banana_Bad_IMG_20190910__175816.jpg
30949.0,1220.2640597820282,1.0940170940170941,0.26118536862825825,0.7171424599128742,35.33554511397549,45.82530753672782,71.40313670709251,60.284556822556276,65.19404406628992,43.666048505348506,1296.8244756578363,287.7530584883527,0.5825384086321426,0.47242844824201685,C,grading/data_processed/banana/C/Banana_Bad_IMG_20190910__175143.jpg
23636.5,1227.9869292974472,0.6949152542372882,0.19697247592364278,0.8710063750598813,37.86753816241261,50.51654083149165,89.75464361063997,72.61377459605885,53.33094775162371,37.86310269771571,2393.7954069215193,413.85328064885096,0.454749377940615,0.3676439934713885,C,grading/data_processed/banana/C/Banana_Bad_IMG_20190910__175625.jpg
24421.0,1527.7686737775803,0.6929460580912863,0.13147951885048217,0.7495587851629042,85.49892413133567,57.77643491718662,69.17544628626077,44.80756880735571,52.06542875358623,31.86518921878699,1495.1999928406906,209.5305454181873,0.4814381945280055,0.3701263565313959,C,grading/data_processed/banana/C/Banana_Bad_IMG_20190910__175631.jpg
22301.0,1408.8569866418839,1.5337837837837838,0.14118884376117813,0.7886482185483158,35.9839033327517,46.34986733045031,66.0860233816088,71.82909189102502,48.30653463618915,32.25679371476541,1611.613761037722,245.9686378856733,0.4663086211910889,0.31294526942716683,C,grading/data_processed/banana/C/Banana_Bad_IMG_20190910__175157.jpg
29488.5,1539.52603328228,0.9557522123893806,0.15634661083497284,0.7366140011240867,69.92313556513092,59.04100381065654,63.12323500165728,66.39870177463366,60.81455087835598,36.76580578536077,1449.839425801941,272.4628524387735,0.49024035275670363,0.3776217225761235,C,grading/data_processed/banana/C/Banana_Bad_IMG_20190910_175707__1.jpg
20893.5,1694.0701907873154,0.51953125,0.0914867627266455,0.6449805519540656,23.582332840783156,36.06170649472241,80.87481529368304,60.67975507257565,61.13012560029553,42.46476913140515,1792.4136665530132,371.15903172348493,0.556316938663474,0.3521943848903706,C,grading/data_processed/banana/C/Banana_Bad_IMG__7720.JPG
18013.0,1523.0579977035522,0.44921875,0.09758049797151705,0.6494564727515278,25.527492511767225,32.693705245654876,83.82712879760376,71.83344649327742,50.7742297817715,32.99919121549182,1641.7789610951068,312.25065104166663,0.5658126823081467,0.356115776765652,C,grading/data_processed/banana/C/Banana_Bad_IMG__7734.JPG
30340.5,1395.124014377594,0.80859375,0.1958876106302793,0.7668035635306755,21.44767967942089,23.659406008544263,91.78212254395036,66.42190801199588,67.63285289555326,46.56833410725579,2937.250280030419,472.0572853458737,0.4899440849993266,0.41030260854075035,C,grading/data_processed/banana/C/Banana_Bad_IMG_20190910_175451__2.jpg
21931.0,642.4751762151718,1.1144578313253013,0.6676603635206351,0.9269034889372583,19.232461863834764,30.05878467306727,89.35782747603834,57.58775775085921,58.48787292444764,33.97761549809615,937.0302588653786,112.37031822943952,0.544550730342418,0.27553534119178663,C,grading/data_processed/banana/C/Banana_Bad_IMG__7708.JPG
31572.5,1753.8103040456772,1.3617021276595744,0.12898927485920875,0.6981591022168169,79.06038878758847,73.64107048878716,73.23429242513213,56.80703679802144,71.66402942176344,53.92309446167226,2155.5045225036365,345.3774301209846,0.4697972875966893,0.32642623882347244,C,grading/data_processed/banana/C/Banana_Bad_IMG_20190910__175427.jpg
29836.0,1132.8082166910172,0.9299065420560748,0.2921713865513129,0.9009134143579678,41.483934750370736,56.668429818991854,64.9304003954523,58.25524967363172,60.25595650024716,35.26812721182647,1398.9570046703684,219.5190219956575,0.4521396343475958,0.2872793695721982,C,grading/data_processed/banana/C/Banana_Bad_IMG_20190910__175341.jpg
33343.5,1653.1585029363632,1.0,0.15331761630687346,0.7697821795892925,103.16868565394655,49.166787928358474,55.77534977854692,43.99203390207354,67.70117032821987,39.84936715177685,1078.5907896754798,180.14424019607844,0.6109463885356068,0.47797578709150235,C,grading/data_processed/banana/C/Banana_Bad_IMG_20190910__175355.jpg
29046.5,1682.9818773269653,0.9107142857142857,0.12886791266217087,0.6962498651677314,77.72774869109948,68.04465909143667,76.57897033158814,60.53247780603922,63.55114780507451,42.719460562346164,1920.08607376008,391.59891801548207,0.45040853759116894,0.34386876778755676,C,grading/data_processed/banana/C/Banana_Bad_IMG_20190910__175433.jpg
20217.5,878.3990558385849,0.9153439153439153,0.3292710853573911,0.762363543807387,45.46710973125061,51.89811779682268,87.54196177355196,71.00974424798211,57.89332492480838,41.2644242997858,2628.304781108315,209.21600836717113,0.5721281233649173,0.3687432173186875,C,grading/data_processed/banana/C/Banana_Bad_IMG__7907.JPG
21753.0,934.5828211307526,0.9717514124293786,0.31296331705599395,0.8592250266619268,23.890447411149196,37.32754735907271,102.92661915930002,59.67168866379662,60.08046184376691,38.825486295418514,1826.9358160148213,318.66263587405416,0.4202453086350251,0.26368532999274236,C,grading/data_processed/banana/C/Banana_Bad_IMG__7913.JPG
23686.5,1534.7463771104813,0.8418604651162791,0.12636811953893987,0.6907195450900343,22.69106893435215,32.05624911495335,106.66966559855393,58.76944531625578,66.20733711280914,41.31305470944212,1452.252083785795,328.85547803617567,0.5117252584950105,0.36279725280634567,C,grading/data_processed/banana/C/Banana_Bad_IMG__7898.JPG
27944.0,1977.9494726657867,1.0833333333333333,0.08975694249145806,0.7384973175823886,32.28434471499531,36.737770383709766,95.1837854736184,69.09078907785577,61.583278335475356,42.50781122839789,2651.718147801915,505.565867906533,0.48114782445303894,0.41780219944153124,C,grading/data_processed/banana/C/Banana_Bad_IMG_20190910__175553.jpg
21416.5,698.7178163528442,0.6188118811881188,0.5512577738400631,0.9562218154217083,16.39814133235186,23.602403455632597,96.85043246227457,63.536886873344464,57.69704637467795,35.282960279525554,1346.1341485564162,161.79124081763015,0.47512913002472523,0.13981263911195607,C,grading/data_processed/banana/C/Banana_Bad_IMG__7697.JPG
34990.5,1140.6833262443542,1.1689497716894977,0.3379323945680021,0.9054692250960705,43.4129920594695,41.653011327331086,60.15512192374838,64.23191872107266,71.20493326575435,43.19407832981326,1118.8186849998683,183.13349449368786,0.4935660863621093,0.36688304023585866,C,grading/data_processed/banana/C/Banana_Bad_IMG_20190910_175800__1.jpg
32468.0,1601.2245173454285,1.0118577075098814,0.15913325231530973,0.7257040679481448,35.40532312515071,24.382620781289194,45.87322160598023,66.6586828304283,70.56290692066554,48.4204295805108,2432.0560461803957,525.8099356738744,0.5655102190696597,0.48327302167027814,C,grading/data_processed/banana/C/Banana_Bad_IMG_20190910__175221.jpg
27796.5,2026.476383447647,1.0930232558139534,0.08505833661031052,0.7374739662788692,25.012944419245663,28.267471329591828,104.13680611283625,71.42901269672161,61.97268064617425,43.669283272773455,2885.0608887516314,526.5765454184061,0.48421620818806943,0.41934580748305916,C,grading/data_processed/banana/C/Banana_Bad_IMG_20190910__175547.jpg
23713.5,1682.187939286232,0.75,0.10530681863011584,0.6087330415474067,20.598937908496733,29.48444697210922,76.76736111111111,70.74311097246378,66.03484477124184,39.390013621434875,971.1931902302636,260.09923102094234,0.6345721422306493,0.49706886957131985,C,grading/data_processed/banana/C/Banana_Bad_IMG__7873.JPG
26819.0,1312.974736571312,1.3387096774193548,0.19549682331050475,0.7744217608501054,18.226207852868196,32.30186831884037,52.47011385199241,81.94644317530128,56.70493358633776,36.16104166978325,2384.188077917947,323.7849679153659,0.4862487069301977,0.40478124338739313,C,grading/data_processed/banana/C/Banana_Bad_IMG_20190910__175209.jpg
14829.0,863.3868629932404,1.7142857142857142,0.24998321929406594,0.7790795418724388,89.25899894902786,50.56402563935134,83.48857067787704,71.70372972330956,46.035930110352076,31.46181796458596,678.828030123462,117.0567501869858,0.5922332762656508,0.29221276353360753,C,grading/data_processed/banana/C/Banana_Bad_IMG__7867.JPG
24754.0,1381.1513624191284,0.75,0.16306948450270548,0.6088795966055836,22.719513155821648,42.14555422798022,97.67397983299196,62.42557583363571,68.03734047581534,40.61228572417577,1378.7939310852025,241.27562581806285,0.603071028551739,0.477411470491698,C,grading/data_processed/banana/C/Banana_Bad_IMG__8003.JPG
17953.5,1440.8986159563065,0.9746192893401016,0.10866561484794242,0.57072240324247,23.0136101995804,44.27546776017879,109.18075205766851,62.54379440327753,53.105761471838186,37.08410204094843,2119.0853602979396,226.3633826773327,0.6641708669542022,0.5019612141574997,C,grading/data_processed/banana/C/Banana_Bad_IMG__8017.JPG
26634.0,1012.4995608329773,0.6475409836065574,0.32647999296278335,0.865625558607017,45.626222369829144,39.308813406273934,72.6727554522307,76.74347059395234,57.441270895605,41.27862004218191,1872.3075245385064,429.0718387804113,0.41388773397317974,0.295766638711397,C,grading/data_processed/banana/C/Banana_Bad_IMG_20190910__175751.jpg
32508.0,1511.2102378606796,1.0,0.17887528589730362,0.6214490537182183,49.073166325424545,41.20824603529425,69.19504998193425,72.16717649282981,67.18402986872215,41.84453140118904,1316.0869033948984,265.54961703431377,0.5815164239524421,0.49182623601903824,C,grading/data_processed/banana/C/Banana_Bad_IMG_20190910__175745.jpg
9543.0,941.3523724079132,1.794392523364486,0.13532883555906572,0.5829388228826242,46.96937751004016,13.668771241154891,155.8058232931727,63.94544962965005,44.50100401606426,34.890399235768555,5665.489133930816,262.8268826148652,0.5943624451475913,0.506693465106024,C,grading/data_processed/banana/C/Banana_Bad__IMG20200730132805.jpg
21305.5,3215.4511218070984,1.3333333333333333,0.025895110600306213,0.5540804119421616,76.74678300722722,63.74588224247506,72.25176273576591,66.46741376965295,95.46787414066631,72.72800770727814,14144.86219711726,1008.4368259803919,0.5563008456470158,0.5218639988820792,C,grading/data_processed/banana/C/Banana_Bad__IMG20200730132839.jpg
19022.0,3368.7475830316544,1.3229166666666667,0.021063430277489737,0.4828102592738302,29.297094017094018,26.333682732502684,112.98813186813187,74.25027542070758,82.52927960927961,61.42984411766855,11960.199106590055,953.1430953557315,0.5876609032226213,0.5623179919459644,C,grading/data_processed/banana/C/Banana_Bad__IMG20200730132838.jpg
32391.5,1584.9087227582932,1.0,0.1620437976663923,0.6154920478081594,51.00301859454238,39.09019722413419,65.82428761168799,72.18585065705236,67.06176044433711,41.75558895611206,1309.2637644985225,265.10464154411767,0.5863511752165339,0.4925817169240888,C,grading/data_processed/banana/C/Banana_Bad_IMG_20190910__175744.jpg
26860.5,1039.5117535591125,0.61328125,0.312367001241548,0.8583411890648218,52.9379138769985,45.453724921902264,70.26085683971756,74.25622419990731,57.63403212234296,40.682020913058814,1714.524452021593,399.359124599359,0.4355860783282739,0.31938190233439523,C,grading/data_processed/banana/C/Banana_Bad_IMG_20190910__175750.jpg
33249.5,1404.1290640830994,0.9296875,0.21192438184577775,0.8618995774684397,29.913763580538497,24.730053622655053,60.4413970240907,69.12525036728952,71.64814596126594,49.60256863007694,2617.112363558723,370.295292721519,0.5403222040376892,0.44279872327555614,C,grading/data_processed/banana/C/Banana_Bad_IMG_20190910_175723__1.jpg
25742.0,1466.4549642801285,0.7489361702127659,0.15042315376816315,0.7464261895786818,71.87361679551312,65.71528796256149,80.98802485978474,68.06951096170005,56.6168713051387,37.606162479751696,2112.656235207958,408.6815805471126,0.45030613557137156,0.3557037769917749,C,grading/data_processed/banana/C/Banana_Bad_IMG_20190910_175623__1.jpg
24211.5,1230.4823155403137,0.75,0.2009466672752282,0.6420786040097592,25.60237316866449,48.47491052509672,105.78201557896436,61.19559940892742,67.74569156879365,43.95901485919016,1153.4021383656398,251.19218340968584,0.610434007966048,0.4904915507487913,C,grading/data_processed/banana/C/Banana_Bad_IMG__8016.JPG
22166.5,1138.9675968885422,0.9948186528497409,0.21472581098322652,0.7403887905407662,18.57694511791933,32.64134077697535,85.52351774300199,58.446364721733026,61.19396076702667,37.95938607352469,1819.078460707651,221.72009874399805,0.5441962920199194,0.38361931024212015,C,grading/data_processed/banana/C/Banana_Bad_IMG__8002.JPG
18139.5,892.4579309225082,1.2467532467532467,0.2861934363871837,0.6950665772583581,16.013855941341383,25.81546196157826,94.77108043993961,64.5337485485106,50.52447703256416,30.64676441394679,531.4034246788311,116.06078738015914,0.6027585860251222,0.3726185452977726,C,grading/data_processed/banana/C/Banana_Bad_IMG__7866.JPG
26424.0,1267.6122587919235,0.75,0.20665007331713156,0.6643368950345695,19.821819931882125,28.085794272163458,71.58847919443211,67.42111886068005,73.27335998815342,44.27338299138455,891.5029190364812,220.5974108311518,0.5925888732157928,0.4494898775156216,C,grading/data_processed/banana/C/Banana_Bad_IMG__7872.JPG
27101.5,1427.0996271371841,1.3457446808510638,0.16722245973274946,0.7722215098801841,26.52706162333682,24.76534153087444,54.997511989326796,80.95284357442203,56.82757004290917,35.89246803840867,2124.58391612023,315.5858029381966,0.4955749688984446,0.4128406152127433,C,grading/data_processed/banana/C/Banana_Bad_IMG_20190910__175208.jpg
31973.0,1560.1706955432892,1.0118577075098814,0.165062728209494,0.7299605031848588,37.83553719008265,25.137173312325075,47.886531986531985,66.49860505498698,70.09543924089378,48.64400406346859,2489.317139020632,526.9790436332637,0.572367873458882,0.4912376067066384,C,grading/data_processed/banana/C/Banana_Bad_IMG_20190910__175220.jpg
27569.0,2226.4002633094788,1.0688073394495412,0.06989150429750533,0.7280577819444628,25.447931276297336,27.567531946110087,105.27338709677419,72.0714395954309,60.9757713884993,42.01310498897339,2738.9481163950118,519.9085930085416,0.4878173550938858,0.4237073817087916,C,grading/data_processed/banana/C/Banana_Bad_IMG_20190910__175546.jpg
22422.0,790.4163007736206,0.6865671641791045,0.4509957361865448,0.9274870734229576,17.916385023921343,27.030553519550978,93.21630162840715,61.599563064658405,60.5558530483255,36.8154346880331,1461.0994817661303,180.782510803646,0.48261415814112274,0.17914560497026635,C,grading/data_processed/banana/C/Banana_Bad_IMG__7696.JPG
27850.5,2230.15762424469,1.0833333333333333,0.07036743840555681,0.7295768006601439,32.5582210804055,36.42277451126409,95.92348284960423,69.6971525661538,60.89598666851826,41.08097009415036,2621.3798496945665,527.2299515180415,0.4798293182653822,0.4153605312363069,C,grading/data_processed/banana/C/Banana_Bad_IMG_20190910__175552.jpg
31617.0,1808.8123936653137,1.0398230088495575,0.12143488703217561,0.7346127930481656,32.32780761869482,34.93494161187344,85.5694264369945,64.5531494614184,69.96221522504167,48.50675948369421,1893.0857875809104,432.4390552908252,0.4694459806948446,0.38351130645402753,C,grading/data_processed/banana/C/Banana_Bad_IMG_20190910_175828__1.jpg
25807.5,1476.177835226059,0.8044444444444444,0.14882587335309108,0.7064354538486806,20.964034490583163,30.031479334732083,110.17426820966644,60.48001423678845,71.79714091218516,44.68979122601685,1519.394623694162,337.8424691358025,0.4891573970625126,0.34073944533659656,C,grading/data_processed/banana/C/Banana_Bad_IMG__7899.JPG
21970.5,950.1391694545746,0.9719101123595506,0.3058266729862215,0.8567334126225896,23.957758428220586,38.009654382498084,103.62750613976334,59.575313509349606,60.74204063407011,39.17749282595572,1785.7576197682913,320.2872027697934,0.41926447460861493,0.2644064250407816,C,grading/data_processed/banana/C/Banana_Bad_IMG__7912.JPG
19468.5,879.5706290006638,0.8947368421052632,0.3162284344101444,0.7510705605493615,51.02360817477096,54.48708323439892,86.33242726265982,71.46965749556068,56.00961441659116,40.29088531700216,2605.826996440108,206.41532232949237,0.5872628801898371,0.38295302869890496,C,grading/data_processed/banana/C/Banana_Bad_IMG__7906.JPG
29510.5,1589.668167591095,0.9777777777777777,0.1467484343084192,0.664157270497153,80.06768161509184,64.64656404094555,69.87830547741189,50.00853990589655,61.59804732748635,37.99773863203174,1242.2896771937558,292.8751090816844,0.4924771250589218,0.38640383006196233,C,grading/data_processed/banana/C/Banana_Bad_IMG_20190910__175432.jpg
33797.5,1291.8792841434479,1.1531531531531531,0.25447819305726654,0.7979012229094858,42.74896030245747,53.57881104531985,67.028878871601,59.64016872753003,76.93555329358732,58.68779662187896,1500.064735008248,333.4535771065183,0.5291152332692493,0.39531742605738396,C,grading/data_processed/banana/C/Banana_Bad_IMG_20190910__175426.jpg
23671.5,1897.5159269571304,0.7589285714285714,0.08261611778265107,0.715313137417844,37.52528261845488,43.49524983548602,54.95494429253561,63.63740624406639,52.60968044729217,33.21174117721207,1678.488979757344,364.00472844463235,0.44725595945574115,0.3484061328369975,C,grading/data_processed/banana/C/Banana_Bad_IMG_20190910_175631__1.jpg
22076.0,646.7594470977783,1.1197604790419162,0.663200259117158,0.931083930830873,18.880264687472057,29.552198561388412,90.21599749619959,57.613293445964395,58.83300545470804,34.158715082998626,959.8351136167289,116.93532290258192,0.5468745850547524,0.2828214547826153,C,grading/data_processed/banana/C/Banana_Bad_IMG__7709.JPG
31975.5,1379.678273677826,1.0711297071129706,0.21109189449160884,0.743348327928305,92.88571954361429,67.78987752246674,64.77232854864434,47.835729890848185,65.60176665439823,39.66466964725644,2250.991008190424,152.10018869472475,0.5889187624169286,0.46806377934453686,C,grading/data_processed/banana/C/Banana_Bad_IMG_20190910_175404__2.jpg
11716.5,1012.4234397411346,0.5957446808510638,0.14364263987027265,0.6746609852301846,21.495808678500985,42.22439136744804,120.6086456278764,63.97514411064474,39.882725180802105,36.08044199578928,2519.568960750688,357.68669733563337,0.5639235723931256,0.41484668621841425,C,grading/data_processed/banana/C/Banana_Bad_IMG__7735.JPG
20335.5,1871.349408864975,0.5234375,0.07297178173724667,0.6250057627587479,24.226568405139833,37.87845023931887,84.51299130763417,62.83853456348293,60.297808012093725,43.05655361561288,1868.4642603163147,417.824453712406,0.5625407986516036,0.3694932159799431,C,grading/data_processed/banana/C/Banana_Bad_IMG__7721.JPG
32085.5,1415.668169260025,0.8760683760683761,0.20118506654441426,0.8072636240124792,35.26939424517629,34.65245897605907,80.92119988991836,68.79889188833235,66.46965110234535,40.719374310418885,1795.8846056962934,464.5928649237472,0.3906341666641552,0.3114035135383563,C,grading/data_processed/banana/C/Banana_Bad_IMG_20190910_175847__1.jpg
31669.0,1209.8965291976929,1.1531531531531531,0.27186152723376544,0.8630801515275394,27.059769116186693,26.03111374807368,56.65637413108242,54.2115852849469,66.49171425024826,41.6670298763289,1673.3111972615332,172.43396926338104,0.5649246875164133,0.432453830897142,C,grading/data_processed/banana/C/Banana_Bad_IMG_20190923__184117.jpg
25657.5,1469.7270443439484,0.8532110091743119,0.14926254086637908,0.7427483788791107,77.82335500057019,55.17498474973038,83.96468620519254,53.18588145212712,55.27935530467176,34.165827373777695,1469.4897811804994,237.24438383337463,0.45339074382802635,0.34346443807055316,C,grading/data_processed/banana/C/Banana_Bad_IMG_20190910__175630.jpg
24045.0,1882.3616001605988,1.3694267515923566,0.08527633676071614,0.7586848830972139,34.19182377296298,43.220439331977765,59.058728946416366,70.93228207233557,51.26458174217149,33.164674996199125,1756.3735172903826,333.2657003393059,0.40119575566399623,0.2564325655006307,C,grading/data_processed/banana/C/Banana_Bad_IMG_20190910__175156.jpg
25422.0,1360.7981114387512,1.0255102040816326,0.17251711333812128,0.8177300287887804,34.500192189421895,50.342606191160534,86.43354089790898,68.60801482027449,53.827183271832716,34.37622245170076,2215.060513192681,273.3313775510204,0.45053114257380517,0.3362511031630736,C,grading/data_processed/banana/C/Banana_Bad_IMG_20190910_175652__1.jpg
30873.0,1350.773727297783,1.0893617021276596,0.21262948485400385,0.708486322746466,38.30174111965432,48.587859103401485,73.3199783948656,61.08889611037921,65.18615365063226,43.855079992011014,1300.1912690689965,289.1711806424697,0.5863491532567934,0.4738724996095351,C,grading/data_processed/banana/C/Banana_Bad_IMG_20190910__175142.jpg
24156.0,1347.7686730623245,0.6763485477178424,0.16711066588671541,0.8581629571735616,49.596216806111315,57.477807923565564,87.71205690958328,70.3421654301066,52.69851663231074,35.283770118230485,2030.4068071714125,364.4660109625531,0.4542709062482717,0.3609820586453882,C,grading/data_processed/banana/C/Banana_Bad_IMG_20190910__175624.jpg
32907.0,1449.4844028949738,1.003921568627451,0.19682083149178556,0.787060511839273,31.47658508957582,24.484100970498744,66.66608042447909,73.1301127929676,69.01442751959937,45.10779906780952,1915.2638263319602,302.03300269127254,0.5761073982105592,0.4848946805142016,C,grading/data_processed/banana/C/Banana_Bad_IMG_20190910__175803.jpg
31517.0,1720.6458708047867,1.0,0.13377400904157197,0.7548168460884456,32.78688321348872,34.71705198483557,82.5353644929333,65.29181848559054,69.37115670716588,47.76113259970509,1863.374797289629,423.5674366046119,0.4688996389449249,0.37858633131198777,C,grading/data_processed/banana/C/Banana_Bad_IMG_20190910__175829.jpg
33584.5,2130.6530097723007,1.105263157894737,0.0929658180545709,0.7505587091583605,38.789575848881675,53.247148810566095,83.5844825588133,62.268779306905714,72.37536215088655,47.52020595048693,2315.4791087765716,399.13449136675683,0.39033617540246013,0.2769965067299458,C,grading/data_processed/banana/C/Banana_Bad_IMG_20190910__175815.jpg
33039.5,1516.212324976921,1.0,0.18060230346285377,0.7848980852378011,30.720417667823558,24.725290213982344,66.67942214707365,72.67926848564476,69.34955949096734,45.198508691651156,1901.0974659323692,308.1843596813726,0.5750897087070412,0.483845722215358,C,grading/data_processed/banana/C/Banana_Bad_IMG_20190910__175801.jpg
27585.0,951.043717622757,1.4472049689440993,0.3832497587852816,0.9105763517528224,37.72244227955608,40.12595661119704,55.30185918709631,65.3721900621915,56.71145130785426,35.72703713480114,1449.5745796513677,188.013198757764,0.4337281650860391,0.2545297563511945,C,grading/data_processed/banana/C/Banana_Bad_IMG_20190910__175154.jpg
29810.0,1278.5483310222626,0.9715639810426541,0.22915932838500924,0.7838548514330792,25.45820168509742,29.129367323776634,57.28120063191153,59.94184841667658,61.68127962085308,38.5390931474389,887.2100818525693,221.65005575689992,0.4522722282103434,0.2955768896696886,C,grading/data_processed/banana/C/Banana_Bad_IMG_20190923__184129.jpg
24063.5,1282.8153570890427,0.673728813559322,0.1837555048458131,0.8579093728831687,34.54383400332968,47.917776956009554,89.85767653388557,73.68595976572065,54.197141348925975,38.28120105793771,2452.8985043126745,443.89870735893595,0.4259077556106746,0.3345055560281998,C,grading/data_processed/banana/C/Banana_Bad_IMG_20190910__175626.jpg
31903.5,1423.7026587724686,1.0578512396694215,0.1977924008938348,0.7493042099700546,36.89253887284125,49.034310730354456,62.289226230717226,57.15996200406492,66.14313809845738,42.01662330521847,1362.1881543152906,307.0462485820774,0.5796799426421001,0.47123768588855264,C,grading/data_processed/banana/C/Banana_Bad_IMG_20190910__175140.jpg
29244.5,1523.099626660347,0.9952380952380953,0.15841541566089692,0.7343343921455385,79.16424943189413,65.39266241628331,71.4730650982489,60.95669937191588,63.73810319476006,42.04858891242411,2085.760631328316,406.2417811355312,0.4254770707389398,0.3156850656332762,C,grading/data_processed/banana/C/Banana_Bad_IMG_20190910_175432__1.jpg
25240.0,986.8427069187164,0.515625,0.32568918905819166,0.8075378733342932,19.832794924687658,30.01126015474674,75.7372825283151,58.78949656427107,71.41801268828085,44.99911758227382,1388.4219232765877,238.05078125,0.4599637193762872,0.2357857408382191,C,grading/data_processed/banana/C/Banana_Bad_IMG__7737.JPG
29871.0,1286.9402457475662,0.80078125,0.22664328735771144,0.7675171510059354,21.23374745283639,23.618411100965325,93.37964241109577,65.99182111869766,66.89811345559718,46.44394934690172,2958.391519315358,455.85221354166663,0.4936701565065558,0.4148963386288064,C,grading/data_processed/banana/C/Banana_Bad_IMG_20190910_175451__1.jpg
27632.5,1264.2468148469925,1.2019230769230769,0.2172532622243494,0.7192872854112166,32.1815570136549,39.2835480675201,57.90955843234616,56.313247274059066,56.02532363894308,33.25156224713696,959.7303933713018,177.77469493358046,0.5896082582756743,0.4568304078097314,C,grading/data_processed/banana/C/Banana_Bad_IMG_20190910_175200__1.jpg
18829.0,1694.2539528608322,0.515625,0.08242901388661347,0.5983063503916366,23.489788624527723,36.79903144503596,82.00183804758501,62.71853326636129,53.87741243745533,32.34900487452432,1536.0716236760795,247.72689050572518,0.6210639407957824,0.4099080607605913,C,grading/data_processed/banana/C/Banana_Bad_IMG__7723.JPG
35888.5,1336.7077115774155,0.91796875,0.25240169311175986,0.7969201048096993,103.56186640363856,56.99698192384786,69.90783056605841,37.34018384172686,72.29056386651324,42.363188611177684,2728.7567567821693,142.6901041666667,0.5483181397154829,0.3938201723400001,C,grading/data_processed/banana/C/Banana_Bad_IMG_20190910__175356.jpg
30604.5,1361.3595134019852,1.0327102803738317,0.20751499842971471,0.8319831453037924,41.8256063567332,56.37289618502053,73.21578930505271,62.29442424497987,69.09419755855308,51.22751671184435,2366.2423559129534,424.08948598130837,0.4693434732585878,0.33748813020142115,C,grading/data_processed/banana/C/Banana_Bad_IMG_20190910__175424.jpg
22702.0,963.2102377414703,1.0056179775280898,0.30749057135051827,0.8598428179149702,24.011585682171884,37.175612297684374,102.07694968009683,60.01662006452058,62.66323707418295,39.97403543909788,1775.5972517208363,333.6601754828936,0.4211512969298566,0.2654791917738605,C,grading/data_processed/banana/C/Banana_Bad_IMG__7910.JPG
19905.5,914.683326125145,0.8398058252427184,0.2989795130979544,0.7326278984173721,55.547794841504235,57.41816839454464,82.1104055916519,71.4127153149645,57.77598936798582,41.40143156364868,2378.775463481753,211.096664032513,0.6172462197066756,0.4278272158359926,C,grading/data_processed/banana/C/Banana_Bad_IMG__7904.JPG
34034.5,1405.2762526273727,0.9755102040816327,0.21657375386021852,0.8028140774637921,99.8216036919527,59.04387393042788,64.18598211710412,42.33427444549932,68.70686472454571,40.29684555808834,2312.9237976482273,176.75465614817352,0.5440083405868248,0.4073658188967137,C,grading/data_processed/banana/C/Banana_Bad_IMG_20190910__175418.jpg
18183.5,1046.8254619836807,1.2,0.20851571423035428,0.7100572075677998,16.00171508200236,13.685109982769943,87.77671776181799,68.86121679109586,52.35507557080073,33.082764738990726,1217.0560139804415,169.10039267015705,0.5996222701713103,0.3908174853320055,C,grading/data_processed/banana/C/Banana_Bad_IMG__7858.JPG
32397.5,1619.3250230550766,1.0118577075098814,0.15525775733958463,0.725547281787134,25.836514071747796,29.075709350507644,42.02913999275275,66.24581084871292,70.70579176229013,48.83324963953266,2450.39070198407,544.9379989149812,0.5664213965908982,0.4840025767974387,C,grading/data_processed/banana/C/Banana_Bad_IMG_20190910__175222.jpg
28260.0,2034.5768872499466,1.102803738317757,0.08578943513597054,0.7443208006847962,32.287298317885345,34.38887514828041,94.15825609337453,67.77844159606235,61.877445932028834,42.23607109339974,2588.5263077373797,520.6958639888646,0.47287687536588097,0.4098271854665807,C,grading/data_processed/banana/C/Banana_Bad_IMG_20190910__175550.jpg
21102.5,689.2619740962982,0.6510416666666666,0.5581811085480598,0.9592917537957997,17.075720087764342,24.96519511979473,98.68428177956211,62.87427788050055,56.878810513047945,34.94097365000351,1383.9867048888889,164.6053427419355,0.4435861593636453,0.10980296034692653,C,grading/data_processed/banana/C/Banana_Bad_IMG__7694.JPG
18142.0,1077.2691127061844,1.1851851851851851,0.19644754717812837,0.6335050196420777,14.431684018460878,17.04036135439311,89.55302135880649,61.372987225312194,51.55060641837501,31.96968885661951,979.533596790336,138.64724322926767,0.6173961534000794,0.40106851221488116,C,grading/data_processed/banana/C/Banana_Bad_IMG__7864.JPG
33421.5,1879.540312409401,1.0940170940170941,0.11888649184890071,0.808640108394527,31.942422294928722,36.93216794404606,88.37803809301239,66.61111709797271,73.28026408039261,49.70639995155859,3204.440155416925,511.1011396011395,0.4972287220052502,0.42084867736177023,C,grading/data_processed/banana/C/Banana_Bad_IMG_20190910_175520__1.jpg
27119.0,1334.9158623218536,1.1041666666666667,0.19123868459293564,0.7774831209415003,89.04070732587513,60.97513857069488,69.35016239624684,51.03694976055653,55.78722482858174,33.763513796123725,1311.3245814095467,246.82930983412325,0.4474728692088054,0.31515795122025675,C,grading/data_processed/banana/C/Banana_Bad_IMG_20190910_175420__1.jpg
14409.0,836.2741657495499,1.8823529411764706,0.25890852104729695,0.8284129128697502,18.822575194322408,27.344778077907183,91.02244001351808,75.75295868972918,46.025819533626226,32.93713341323826,1496.7122230528155,207.36680012319064,0.5415616721024208,0.2510801204123479,C,grading/data_processed/banana/C/Banana_Bad_IMG__7870.JPG
23922.0,1222.0975400209427,0.75,0.20127767643462843,0.6307546274323683,26.004043126684635,48.64859424939496,104.10810258923466,60.520201579048404,66.23462386669934,41.41206987583542,1163.9384154938161,225.857963841623,0.6143279526178367,0.49672317658030524,C,grading/data_processed/banana/C/Banana_Bad_IMG__8014.JPG
30422.5,2099.2215509414673,0.87890625,0.0867537409500035,0.7502836144816021,24.334439834024895,26.762591703640513,99.30446856048516,71.36953475205485,65.6555059048835,42.58309271714424,2719.801388560655,513.8933105468751,0.5030486398464856,0.4449868474597483,C,grading/data_processed/banana/C/Banana_Bad_IMG_20190910_175543__1.jpg
30448.0,1277.8620388507843,1.1636363636363636,0.2343153268596946,0.8397595013514259,47.04848484848485,60.0246003401621,61.16044487427466,55.32983347875936,62.11254029658285,36.75764376698557,1518.0705628749754,162.85450980392156,0.5769790485345133,0.44926787166976234,C,grading/data_processed/banana/C/Banana_Bad_IMG_20190910_175312__1.jpg
19371.5,918.9675985574722,1.1098265895953756,0.28825225719103387,0.7512409834794074,35.183316481294234,42.781547820231765,70.36638018200202,63.666414440788294,55.22972699696663,39.709146114756656,979.7214619222307,202.2856580818933,0.5518336325799784,0.3999565270452662,C,grading/data_processed/banana/C/Banana_Bad_IMG__8028.JPG
17436.0,3874.501978993416,0.75,0.014595700738068686,0.4283555872200862,54.48075210810244,37.91083559246231,115.36322212329127,87.06130046695564,69.91153826009533,48.96318701766439,14912.776844872371,1171.8028877617796,0.6109142149762683,0.5862483615413201,C,grading/data_processed/banana/C/Banana_Bad__IMG20200730132806.jpg
28153.0,1147.6366451978683,0.6507936507936508,0.26861219751913973,0.8363684976679243,47.13858174334647,52.15697536280336,95.8001325473508,69.9614287476852,62.195646865952774,44.21143126613373,1504.3282055355453,371.3122261174408,0.40911737925848496,0.3001633208406097,C,grading/data_processed/banana/C/Banana_Bad_IMG_20190910__175746.jpg
27360.5,1076.198045015335,0.625,0.29685850507497835,0.8529897742860706,44.67569023085485,41.60473347272319,70.35310379492334,77.5085043158025,58.9689081966036,41.96274420926807,1743.7158134365084,421.74216293239,0.4328173922665388,0.3189541204651018,C,grading/data_processed/banana/C/Banana_Bad_IMG_20190910__175752.jpg
22228.5,1184.5067006349564,1.55625,0.1990879512609741,0.8008827238335435,83.76519179225801,30.05320734194975,216.39474493606926,63.58468973803,61.643393822224176,36.67713416173259,309.5262982596803,112.84690020161288,0.7279299439227838,0.422860263050024,C,grading/data_processed/banana/C/Banana_Bad__IMG20200729190308.jpg
25255.5,795.7472534179688,1.1677018633540373,0.5012051656498994,0.9380815303185068,71.88332162647312,35.67738055361989,219.975337547803,36.94947751672028,82.05954889565285,68.31931444211278,343.7516994639526,128.03547347792872,0.5661015495272451,0.15435091991614827,C,grading/data_processed/banana/C/Banana_Bad__IMG20200729190320.jpg
34324.5,1692.4478257894516,1.3333333333333333,0.15058562128932282,0.7047428395441946,83.61844804010939,37.93201676378714,225.92297174111212,49.413084966628574,94.41362807657246,56.35055635657725,775.6993627742762,219.3956290849673,0.6056531614059714,0.2838840871630516,C,grading/data_processed/banana/C/Banana_Bad__IMG20200729190334.jpg
15233.0,916.4650710821152,0.9464285714285714,0.22791004722400574,0.7470452650679221,53.02437152178085,41.95515459876721,150.46069212563168,81.1773982083075,58.866116548327255,43.43346916062885,655.9973888378414,192.10122814948764,0.5622011190649949,0.40571753953722006,C,grading/data_processed/banana/C/Banana_Bad__IMG20200729190335.jpg
24996.0,1037.4701237678528,1.695364238410596,0.291829493794628,0.7325049818309695,80.47049585803462,32.06551338777573,229.40610890817007,50.97946664080482,71.05716304817243,46.011874194215615,541.2504278209501,150.09697441890665,0.6603662548635821,0.3405256117901537,C,grading/data_processed/banana/C/Banana_Bad__IMG20200729190321.jpg
27818.0,946.2152897119522,0.64453125,0.39044138432267356,0.8647455624980571,51.93222198626743,39.574474051201186,65.71993346074892,75.9564233059577,59.77224463792737,42.644979792328684,1799.7032463842975,421.5154582698169,0.43978230033819027,0.3304135148692313,C,grading/data_processed/banana/C/Banana_Bad_IMG_20190910__175753.jpg
22364.5,1216.933106303215,1.032258064516129,0.18977353389405718,0.7684338922484881,82.28452302990614,31.838862988398454,199.68439205413665,70.55451104980295,61.429425889543765,35.99245365068926,233.875131879408,130.78474919777065,0.6698874026689765,0.3510462534945967,C,grading/data_processed/banana/C/Banana_Bad__IMG20200729190309.jpg
16356.5,3662.980120539665,0.736,0.01531902477739418,0.45771012018860796,53.96385340547777,34.393088086366326,123.57282311597032,87.36490600921023,76.45757795503988,52.238958337898325,17498.74545388989,1348.1687650273225,0.604726517094559,0.5845248343511037,C,grading/data_processed/banana/C/Banana_Bad__IMG20200730132807.jpg
27277.5,1644.7463760375977,0.9140625,0.12671165173206894,0.6218369580084804,34.607367443189936,37.406540371582665,82.92779048163499,62.812804781321326,58.07628269258254,38.715743863966416,1199.3510616273788,234.32857765557935,0.6212563164073679,0.526908420738456,C,grading/data_processed/banana/C/Banana_Bad_IMG_20190923__184048.jpg
27941.0,1224.063049197197,0.6666666666666666,0.23433881700949497,0.8438585364380418,49.320579872933415,53.42987908934268,92.9911193794096,69.30504040505946,61.761100775738,44.09716950610213,1511.7883965274211,393.10546660681337,0.3991488848169676,0.28601409928559157,C,grading/data_processed/banana/C/Banana_Bad_IMG_20190910__175747.jpg
32489.5,2053.0205409526825,1.080168776371308,0.09686487058834836,0.7806691896437796,26.462407479548112,31.631656185141317,93.84567438794163,67.82410068653178,71.88028527763628,48.97829596018631,3332.4597394311936,503.6494250020684,0.5152152839323829,0.44126732776662186,C,grading/data_processed/banana/C/Banana_Bad_IMG_20190910_175516__1.jpg
19311.5,937.1097331047058,1.103448275862069,0.2763407775432763,0.7457473306172887,30.78420438992244,40.48425653291975,71.85638971967354,63.186860305422684,55.338774268768695,40.27985878138343,943.7881710449914,199.1793344165614,0.5580248148211576,0.40456807063505135,C,grading/data_processed/banana/C/Banana_Bad_IMG__8029.JPG
28866.0,1269.661029100418,1.3225806451612903,0.22501988175711377,0.7677740245232333,91.98882131086269,65.4844906984988,65.66671197037138,47.1249750054503,58.43780367639564,34.4858476421232,1053.9781662776431,165.63335527759497,0.4983855873605646,0.35683177147231876,C,grading/data_processed/banana/C/Banana_Bad_IMG_20190910_175416__1.jpg
22165.0,1092.3818103075027,1.0158730158730158,0.2334149559605823,0.7549901219429116,19.300926743159753,35.89011803880262,73.91668137687554,60.684192086706666,61.96813768755516,39.77701804869299,1811.5522118248018,238.2565999058146,0.5397688065598905,0.3718093974054888,C,grading/data_processed/banana/C/Banana_Bad_IMG__8001.JPG
23907.0,1234.582821726799,0.75,0.19710356797821574,0.6346682241129856,24.899329955875142,47.30027377518341,105.75951952933485,61.87125400961282,66.04065206733127,41.181499974543236,1127.2480572755967,224.53000245418843,0.6141420659018214,0.4971960121341872,C,grading/data_processed/banana/C/Banana_Bad_IMG__8015.JPG
13730.0,638.5929263830185,1.8823529411764706,0.42308944804408344,0.8217620301651903,19.20263720598717,30.373977991333753,88.52651461154669,75.61384888849662,46.10548823948682,34.1183361380238,1746.7357865888875,156.03664921465972,0.5538334719183298,0.2946619408501915,C,grading/data_processed/banana/C/Banana_Bad_IMG__7871.JPG
18318.0,1141.210237979889,1.1851851851851851,0.17674885149249492,0.6441267999367055,14.839889579020014,16.03801011946683,91.81212507299463,62.13429061402811,52.35292243987896,32.71950004279321,934.4045326173346,163.52646887725427,0.6127349567923086,0.39161535905578687,C,grading/data_processed/banana/C/Banana_Bad_IMG__7865.JPG
22057.0,763.3036024570465,0.6683417085427136,0.4757312528872856,0.9386756319686782,16.712704716854834,23.328324767194164,95.09942433843545,62.64589326092633,59.53911374894016,36.278045245871304,1407.9910652571944,180.13590680676108,0.4707930884709089,0.15382523664964526,C,grading/data_processed/banana/C/Banana_Bad_IMG__7695.JPG
29630.5,1720.0844676494598,1.0976744186046512,0.1258488628476917,0.7768470452519532,31.62390910587848,33.31540367332152,95.99229375926231,67.409764947176,66.29319940721226,47.561458120591944,2566.500634983793,539.1225136071254,0.45480685800235554,0.3904693330961545,C,grading/data_processed/banana/C/Banana_Bad_IMG_20190910__175551.jpg
18109.5,1025.9970335960388,1.2,0.2161842813607677,0.7021635454228219,16.150640680521157,16.523211006291174,88.02729622052331,67.84107768062772,52.09001830515775,33.01022408956836,1112.4486640665266,155.00006544502617,0.6072347496717047,0.3930664741666202,C,grading/data_processed/banana/C/Banana_Bad_IMG__7859.JPG
27220.5,2031.3393030166626,0.9004149377593361,0.08289742096690124,0.6369901481290806,44.10895246228295,48.51366835445296,62.665350128095646,60.59441939096301,57.32290777113578,35.057200123920815,2297.6743999135824,285.84095973566923,0.5680800815392218,0.45596536116901404,C,grading/data_processed/banana/C/Banana_Bad_IMG_20190910_175324__1.jpg
25330.0,1258.808217406273,1.3333333333333333,0.2008750117743562,0.747539435435081,80.72577407150027,32.76057444466355,199.61609142151184,77.57030392193194,68.9100455563277,40.707175549652526,409.87016640065445,99.77322303921565,0.7530937846906102,0.4714519944912682,C,grading/data_processed/banana/C/Banana_Bad_IMG20200729190329__01.jpg
9543.5,1011.5605244636536,2.0425531914893615,0.117201668934228,0.681873392397828,47.11365003006615,16.515258713729935,155.05411906193626,68.75121294923485,65.98226097414312,55.75982544730495,6195.221346491604,622.5860532471872,0.5029126221063025,0.43258553072838246,C,grading/data_processed/banana/C/Banana_Bad_IMG20200730132804__01.jpg
29253.0,1227.5777688026428,1.4709302325581395,0.2439395652592733,0.8273960204211509,95.51187760032211,63.70335675537081,68.71869547711717,46.78502032909068,59.259126291772915,34.759626565353614,875.8883857918092,184.70717977113324,0.46904734093872097,0.3148436837316391,C,grading/data_processed/banana/C/Banana_Bad_IMG_20190910__175419.jpg
19485.0,836.4995601177216,0.9886363636363636,0.34992811742046886,0.7841204048371194,51.692528446279326,55.07866202745927,81.75108246903635,72.3021884323409,56.51787332594905,41.417609109222234,2799.1316946580696,240.41618497109823,0.5617365440871745,0.35004674386445866,C,grading/data_processed/banana/C/Banana_Bad_IMG__7905.JPG
22456.5,952.1391694545746,0.9888268156424581,0.3112798941072478,0.8590035382997036,24.00471986714448,37.3940910348854,104.69194126387553,60.41713790089449,61.92024298575299,39.50504977100648,1890.7272657513229,324.5320911630269,0.4233015956098655,0.2690915344736217,C,grading/data_processed/banana/C/Banana_Bad_IMG__7911.JPG
29287.0,1631.9108092784882,0.9913419913419913,0.1381948672715804,0.7162036584172944,43.84219645475143,59.0580681412989,66.5172930827669,60.814815827231136,64.71008263361323,42.0597551716344,2087.3294775330965,289.4525328472697,0.5446134342127279,0.43115932001672397,C,grading/data_processed/banana/C/Banana_Bad_IMG_20190910__175425.jpg
26468.0,1486.3717057704926,0.94,0.1505483953282547,0.7658675617413446,46.241937267332574,59.52408464995224,78.73502635361763,69.09020814354909,60.293170174339316,43.466610331608216,2304.0277590963105,467.8871657754012,0.3872201879053294,0.2723786450048585,C,grading/data_processed/banana/C/Banana_Bad_IMG_20190910__175431.jpg
33602.0,1349.719903588295,0.9453125,0.23178625950506251,0.7782834775156632,102.2044604232433,63.499467376094174,68.37524845083597,43.68703886370117,67.80954051210102,39.69287306066948,1180.508040959486,159.03066649377593,0.5811734129515446,0.44827971051006954,C,grading/data_processed/banana/C/Banana_Bad_IMG_20190910__175357.jpg
35919.0,1238.9259674549103,0.89453125,0.2940650355864717,0.7997550793209017,109.65860075087008,59.07935276110407,69.77756159052917,41.88605137396159,72.40834726370886,43.327310353412955,2888.414436017791,149.51934279057016,0.5392621748173171,0.3789616988030463,C,grading/data_processed/banana/C/Banana_Bad_IMG_20190910_175355__1.jpg
32722.0,1568.7148518562317,0.9609375,0.16709432020334022,0.7437832431695232,94.19789391809017,65.20603426332936,63.11012056122296,46.74391529730802,67.18589762766626,40.44869309424026,2848.8609282910697,176.68762755102046,0.5896739414492921,0.4696621679123121,C,grading/data_processed/banana/C/Banana_Bad_IMG_20190910_175404__1.jpg
28262.0,1423.793058872223,0.7710843373493976,0.1751939132057935,0.7542466740502529,23.85855297336612,26.443614019585727,92.91078169916531,66.87314765570866,60.829806393516435,39.51062889412124,2062.0083873797707,478.22119893185294,0.45140293792978986,0.3846298106197756,C,grading/data_processed/banana/C/Banana_Bad_IMG_20190910_175504__1.jpg
19419.5,1982.6042405366898,0.5234375,0.06208345050174429,0.6030245159687612,22.299049307915865,34.898631218793184,84.83754494852471,62.44711756088027,56.50716713462391,38.22448799587474,1831.018527929383,372.5358317669173,0.592364799963092,0.39488007445924533,C,grading/data_processed/banana/C/Banana_Bad_IMG__7722.JPG
17807.5,1167.2518671751022,0.48828125,0.16424178728940206,0.5838141761195987,20.71242364746946,30.84221071370903,76.09647687609075,59.87148664779028,59.16519415357766,31.847732517029495,1792.642825741211,196.01023815524195,0.6180071648798775,0.4197543438488286,C,grading/data_processed/banana/C/Banana_Bad_IMG__7736.JPG
22357.5,1480.153449177742,0.612,0.1282388516607778,0.8031720941928763,38.34273667738851,42.370036172783095,92.78740328609928,77.95285958431977,52.12692341128401,37.45872653101218,2514.0112605551712,453.5519210526317,0.4750837909650692,0.38707925419798833,C,grading/data_processed/banana/C/Banana_Bad_IMG_20190910__175627.jpg
30351.5,1002.0559101104736,1.087962962962963,0.3798447389084852,0.9314704844327825,22.090330747508844,29.22544838625208,66.22110422279204,63.940013210037435,61.46087182316855,36.73320763274287,1211.0579278927985,129.0592948717949,0.5434480964967187,0.39328592211269825,C,grading/data_processed/banana/C/Banana_Bad_IMG_20190923__184128.jpg
31174.5,1368.1046798229218,1.1130434782608696,0.20930071104353917,0.7611054822446564,36.75577993771822,45.896164593853925,64.88477871095593,59.6489249015063,64.4877795602529,40.78160704913566,1272.4254768345622,302.8614833759591,0.5767687886358539,0.4572694922007339,C,grading/data_processed/banana/C/Banana_Bad_IMG_20190910__175141.jpg
28127.5,1034.541191458702,1.4691358024691359,0.33025197447670823,0.9095097975813231,37.56479020979021,40.57874583347796,55.371013986013985,64.06140415623676,57.97300699300699,36.93323079709984,1448.893305290055,198.45986352034174,0.43351104793488365,0.258872617360716,C,grading/data_processed/banana/C/Banana_Bad_IMG_20190910__175155.jpg
25108.5,1287.8447941541672,0.9504504504504504,0.19024076291702663,0.7961726887891808,34.59839545118199,50.380485034789665,98.02593760953383,72.76115475884848,59.602445768586676,37.81281532574388,2103.1908338931667,373.38642213642214,0.5258076418963267,0.4445832040081394,C,grading/data_processed/banana/C/Banana_Bad_IMG_20190910__175633.jpg
33922.0,972.3574253320694,0.90234375,0.45085765082364015,0.9387314589329201,43.156303645727256,37.20200982802308,62.38211760598214,69.72439199529099,69.57339462888068,43.642983106739386,1812.3445425259652,261.7207370923913,0.5121406571148308,0.41817923892580844,C,grading/data_processed/banana/C/Banana_Bad_IMG_20190910__175800.jpg
34393.0,1179.4356340169907,0.9012345679012346,0.3106929752302602,0.7581395348837209,27.561479869423287,35.02031387992329,86.0023480900292,64.65308377670536,75.41022850924918,53.11315403999774,2219.5391142649787,407.5252387963908,0.4454179167805638,0.3411241129147247,C,grading/data_processed/banana/C/Banana_Bad_IMG_20190910__175814.jpg
31735.0,1755.5575587749481,1.0265486725663717,0.12939521618597616,0.7483875532077964,32.67105749107473,34.74525141763669,85.14314292748985,64.18390736097213,69.74649144404776,47.921604150361716,1897.4420365180088,427.13590391908974,0.4605671363653899,0.3743375185488094,C,grading/data_processed/banana/C/Banana_Bad_IMG_20190910__175828.jpg
