area,perimeter,aspect_ratio,circularity,solidity,hue_mean,hue_std,sat_mean,sat_std,val_mean,val_std,laplacian_var,glcm_contrast,glcm_homogeneity,glcm_energy,grade,path
7286.5,322.634556889534,0.97,0.8796442515685302,0.9869294324800216,24.648215488215488,47.38938371338765,158.33468013468013,54.173912888882825,96.20646464646465,54.29691471996656,2532.9263102455097,404.42343750000003,0.36728954302352995,0.21757764967283008,A,grading/data_processed/onion/A/Onion_Red_2_r2_112__100.jpg
5302.0,334.39191710948944,1.2658227848101267,0.5958515111212199,0.9179362880886427,29.405177161740408,46.465755316266176,97.74958692858455,52.349660492281814,70.06554066458601,40.115130809242345,5515.117428296747,447.2284874057027,0.46945276893170773,0.2966062976272214,A,grading/data_processed/onion/A/Onion_2_r1_50__100.jpg
5164.5,314.49242091178894,1.1904761904761905,0.6561721270993859,0.9115700291236432,34.04716091303528,48.55571892153497,83.5365025466893,49.92630710983518,68.12922090171666,39.08740244547351,4941.069499773243,370.71007696007695,0.4875050204668704,0.357303943829027,A,grading/data_processed/onion/A/Onion_2_r2_101__100.jpg
7514.0,328.048770070076,1.0,0.877413327996014,0.9846678023850085,74.7106466361855,82.19625562779089,120.64114957544089,40.87205704885441,98.55545395166558,56.388058051008336,3310.4780006399997,509.0155555555556,0.34494255321840056,0.2214306839650837,A,grading/data_processed/onion/A/Onion_Red_1_r2_30__100.jpg
4507.0,305.70562422275543,1.139240506329114,0.6060250340241279,0.9200775747677861,51.788826574633305,75.73402134474257,116.7739430543572,50.427707103610835,59.853753235547885,34.935355204867655,15019.648963821483,404.70829185037695,0.4630837771608852,0.3323780309029851,A,grading/data_processed/onion/A/Onion_Red_1_r_153__100.jpg
4709.0,291.7056245803833,1.1294117647058823,0.6954228366863539,0.922700107769178,142.62388739391432,53.03505010577018,93.05692403229145,45.60618039144215,62.09045746222314,35.977998377205445,9306.537522692595,356.6422291021672,0.5675474989527057,0.3932318252524062,A,grading/data_processed/onion/A/Onion_Red_3_r_52__100.jpg
6720.5,320.49242174625397,0.88,0.8221970606661415,0.9727871462690888,24.749854227405248,40.533984499375876,100.62755102040816,51.29059921147247,88.0430029154519,50.49413890032914,2423.469617975207,584.6826436781608,0.36521801002368676,0.2054641185939638,A,grading/data_processed/onion/A/Onion_2_r2_313__100.jpg
6714.0,312.5340517759323,0.93,0.8637668178627824,0.9802175341265785,19.297984224364594,8.656374753057174,131.89278410750802,50.35908931512162,88.30908559742916,51.184771198476106,4537.688841195514,410.4215217391306,0.43471523348804525,0.249770274887528,A,grading/data_processed/onion/A/Onion_White_1_r_46__100.jpg
4014.0,327.9066352844238,0.66,0.46912310434973575,0.8138686131386861,48.58551840269425,66.29323195023257,72.76810199663218,54.4998878872877,53.65961029588646,31.813048993401935,11206.788255280073,507.5647692307693,0.46539458426243385,0.34852043991912457,A,grading/data_processed/onion/A/Onion_2_r0_248__100.jpg
3554.0,294.73506236076355,1.694915254237288,0.514119030979636,0.8804657500309674,29.213315217391305,47.53768398641169,81.3288043478261,54.319180861275726,47.59130434782609,28.740221974929838,14210.803762596957,314.15168635507615,0.5312527138145055,0.3626216307001384,A,grading/data_processed/onion/A/Onion_2_r1_100__100.jpg
4293.5,289.8061295747757,0.67,0.6424009841590057,0.9197729220222793,49.92481884057971,74.00616748659657,149.93772644927537,52.97714906534567,57.05661231884058,32.3182692440268,15922.476649944307,375.4921212121213,0.4887576612644361,0.32043649207689423,A,grading/data_processed/onion/A/Onion_Red_2_r0_270__100.jpg
6522.5,329.32084834575653,1.1627906976744187,0.755762781611332,0.9542096408455856,28.959945994599458,52.645110851880005,91.58430843084308,53.50681419890243,85.81878187818782,49.04802885121629,2533.8431045970797,477.8394409208363,0.37386329109790084,0.2120105258173536,A,grading/data_processed/onion/A/Onion_2_r1_334__100.jpg
3651.5,298.8355664014816,1.694915254237288,0.5138266198434869,0.8912618989504516,37.46125363660407,58.591827651674265,87.57577360486644,55.044545786639915,48.7006083046813,28.665039655297935,10795.28614064924,297.14877589453863,0.5081780867071095,0.34655074979460637,A,grading/data_processed/onion/A/Onion_2_r1_286__100.jpg
6962.5,317.3208487033844,0.92,0.8689161271818979,0.985980315796927,16.94774647887324,14.406862673904481,140.1492957746479,53.33574726319836,91.57802816901409,53.0913506819956,3831.000757844991,480.14472527472526,0.36265361595724477,0.21434911713469493,A,grading/data_processed/onion/A/Onion_White_1_r2_28__100.jpg
6515.0,344.5340527296066,1.0101010101010102,0.6896996070746246,0.9263472202474051,78.18205012757016,84.82079720316273,114.83265796187904,44.50904225219106,85.85457001350743,49.67670971662695,5131.665241046831,444.1633506785022,0.442087422994687,0.31508181837897237,A,grading/data_processed/onion/A/Onion_Red_1_37__100.jpg
6555.0,352.1909055709839,0.89,0.6640889984075362,0.957353585511903,22.379212645392187,42.67559584936059,86.79943334327469,50.32111800887168,86.3273188189681,49.720774964262816,2344.655729465977,542.556931818182,0.3591395349585199,0.2294333659725359,A,grading/data_processed/onion/A/Onion_2_r2_138__100.jpg
3846.5,303.52185797691345,0.56,0.5246813855266003,0.8681864349396231,44.757286432160804,62.359199267950835,85.94020100502513,53.22471034129174,51.561557788944725,30.72585017424373,12661.74385255102,470.7376363636364,0.4088228042424652,0.26687533846534367,A,grading/data_processed/onion/A/Onion_2_r0_286__100.jpg
6896.0,321.2203425168991,1.0,0.839848662929208,0.97594112652137,26.24338925220358,51.01504697773458,178.36735854421383,48.82219652083852,91.03170315609894,51.631169282553195,3045.877144873683,390.4101159793814,0.383685135511038,0.23552026659104183,A,grading/data_processed/onion/A/Onion_Red_2_r2_276__100.jpg
7327.5,346.7766914367676,1.0204081632653061,0.7657127765017165,0.972139303482587,82.17750133761369,85.46134944695373,123.1954253611557,37.56713178461531,96.9153290529695,56.293139219442914,2190.7018862036653,376.82962275819426,0.3965169897072385,0.22171491463511556,A,grading/data_processed/onion/A/Onion_Red_1_r_84__100.jpg
4110.5,321.1198365688324,0.65,0.5009221642967575,0.8637318764446312,43.459618554273604,60.527309325148934,73.86461031316223,48.83070023419131,54.598304685660466,31.985577408944714,11427.627334698225,498.03906249999983,0.46750794623830944,0.32625714641358805,A,grading/data_processed/onion/A/Onion_2_r0_149__100.jpg
6631.5,314.2914116382599,1.098901098901099,0.8436389272575993,0.9780252193791018,17.824242424242424,18.154978810674162,141.15535846267554,52.33630195503894,87.16230598669623,50.615171717442784,5724.837616906171,527.4927294927295,0.3902115542449901,0.2439913990052642,A,grading/data_processed/onion/A/Onion_White_1_155__100.jpg
5518.0,312.04877042770386,1.0898876404494382,0.7121092200504746,0.9405949032642973,137.84303663068482,54.212767900318454,83.78658644487702,45.77050038211972,72.70111484692974,42.27255687096781,7320.281454300102,456.7095037453184,0.4744096999758427,0.33251548684211873,A,grading/data_processed/onion/A/Onion_Red_3_r_166__100.jpg
5894.5,318.14927566051483,1.075268817204301,0.7318043024057034,0.9295119451233935,26.455736074270558,42.79206901609648,82.97480106100795,49.81295945835968,77.51243368700266,44.49015081052738,3507.194818406753,429.53415879222337,0.4731768979755723,0.3403371438311086,A,grading/data_processed/onion/A/Onion_2_r2_112__100.jpg
6365.5,323.4629830121994,1.0,0.7645276764632958,0.9494369453352226,22.309963099630995,37.678637888532414,83.20679581795818,49.708645064628804,83.57749077490774,48.01155390979338,2740.403272636818,512.4116347569956,0.43807723648321173,0.3092434529346836,A,grading/data_processed/onion/A/Onion_2_r2_118__100.jpg
4492.0,332.048770070076,0.75,0.5119715873029551,0.8519677572309151,46.40992448759439,62.466427908409024,72.61208198489751,54.24303955846572,59.50658036677454,34.2605617989345,9096.59309616,483.57621621621627,0.47694574733159284,0.3629956373355146,A,grading/data_processed/onion/A/Onion_2_r0_222__100.jpg
6753.0,321.5634890794754,1.1111111111111112,0.8206786761391058,0.974247998268773,20.486506094022054,8.03228888258978,123.95008705745792,51.73948766239941,89.03438769587927,52.013088850774956,5590.696334802468,461.76958473625143,0.4135070140365221,0.22239308580515915,A,grading/data_processed/onion/A/Onion_White_1_42__100.jpg
3878.5,312.49242186546326,1.6129032258064515,0.4991081711838486,0.9004062681369704,37.053811659192824,57.846855478579585,86.68211260587942,56.29490374150967,51.77204783258595,30.181977647764366,8691.491677003121,316.91544477028344,0.500040720143769,0.3377832800071228,A,grading/data_processed/onion/A/Onion_2_r1_297__100.jpg
7031.0,316.7350620031357,0.92,0.880713551067921,0.9877774655802192,146.8486328125,49.55991420278135,102.62541852678571,40.70830272583405,92.36732700892857,53.30821587729507,1822.5182534971646,376.3437362637363,0.40874057243369805,0.20583840296281763,A,grading/data_processed/onion/A/Onion_Red_3_r2_97__100.jpg
7027.0,320.0487713813782,1.0416666666666667,0.8620798395386023,0.9810820244328098,80.41596873255165,85.47882868051595,114.37674483528755,42.02832684789997,92.25795644891122,53.19048512180864,3185.309583333333,339.81944444444446,0.3835940207883054,0.24089536923695684,A,grading/data_processed/onion/A/Onion_Red_1_r2_143__100.jpg
7038.5,317.80613017082214,0.9494949494949495,0.8757203436766359,0.9859223980949713,148.28,48.49053714215382,113.51400696864111,41.28505199331278,92.8011149825784,53.63552724387934,1896.7301257565155,403.82263495166717,0.3788375475104256,0.21534357313477187,A,grading/data_processed/onion/A/Onion_Red_3_r2_63__100.jpg
4016.5,318.63455617427826,1.3333333333333333,0.49713219330767505,0.8517654543526667,139.70695882494581,54.54882116870809,91.44064531663858,50.777228171805554,53.39417288706959,31.15750646702081,13629.261283982223,290.63353535353536,0.5745352441844206,0.4327730544253239,A,grading/data_processed/onion/A/Onion_Red_3_r_149__100.jpg
4328.5,289.4629843235016,0.67,0.6491741459411431,0.9244980777445536,50.22898876404494,73.27414992541316,149.03662921348314,57.28499819194665,57.62,32.811502573390335,14625.040602784584,395.6216666666668,0.48463088696876316,0.31468429454639113,A,grading/data_processed/onion/A/Onion_Red_2_r0_250__100.jpg
4230.5,307.8061293363571,1.2987012987012987,0.561108743352243,0.8666393526579945,145.5389729481889,51.58031684990151,102.08046767537827,50.112063221292615,55.90692342961944,32.31565079518698,11788.010087704504,258.3244129607766,0.5704703262608141,0.4196227088483048,A,grading/data_processed/onion/A/Onion_Red_3_r_124__100.jpg
6260.0,318.3919166326523,1.1363636363636365,0.7759971578950834,0.9595340282035562,29.60200093793966,52.420028782900296,93.88525871502267,51.40814954456344,82.08441456932937,46.769706128083115,3303.941239346591,555.0537190082645,0.4055720885870801,0.26075654604665044,A,grading/data_processed/onion/A/Onion_2_r2_184__100.jpg
4245.0,273.42135310173035,1.5151515151515151,0.7135471933002432,0.9371895352687934,18.73062815222375,39.692619076953775,147.49679046309032,65.6472700560409,56.18454837230628,32.184255887665145,13286.925375941231,280.1371288644017,0.44264802906894785,0.3254935036987003,A,grading/data_processed/onion/A/Onion_Red_2_r2_20__100.jpg
6592.5,363.9482653141022,0.88,0.6254328597544214,0.9610758801661928,24.34548148148148,46.041431160278805,89.91688888888889,51.88214903836887,86.86340740740741,50.173403108626005,1970.3269632102274,543.2309195402299,0.34748519999611255,0.21772880609381648,A,grading/data_processed/onion/A/Onion_2_r2_144__100.jpg
6511.0,321.22034335136414,1.1111111111111112,0.7929603561370722,0.9683944374209861,17.893066626560383,13.341410255624615,127.95803880282749,57.141900260247425,85.74702962851556,49.920575364912345,5288.162417172839,419.671268237935,0.4274477745790826,0.24830284604242756,A,grading/data_processed/onion/A/Onion_White_1_6__100.jpg
7173.5,321.9482647180557,1.0204081632653061,0.8696986369875963,0.9813940762022026,24.17154582763338,42.39919223595609,161.70027359781122,52.495367914282525,95.2280437756498,53.35965630321272,3425.9808952936273,465.09255823541537,0.3722273481930494,0.2392202097446931,A,grading/data_processed/onion/A/Onion_Red_2_r1_120__100.jpg
6948.0,324.7350616455078,0.9,0.827963725324416,0.977558916637355,87.65241924107772,85.05520479681974,110.74763718437015,40.96016031580865,91.24220623501199,52.761735146892946,3143.2403128888886,394.8855056179775,0.37905514348832503,0.19642858142993208,A,grading/data_processed/onion/A/Onion_Red_1_r2_165__100.jpg
4334.5,291.3208501338959,0.67,0.6418088982765232,0.9276618512573569,41.1325409284593,67.61717408368467,150.85422740524783,55.168426994335135,57.46176272706885,32.49211000384049,14443.724345622632,391.26606060606053,0.4875086053642607,0.31317857455328685,A,grading/data_processed/onion/A/Onion_Red_2_r0_244__100.jpg
4577.0,285.42135310173035,1.4142857142857144,0.7060213838719538,0.9335100958596777,18.50468085106383,40.74665603567517,158.26531914893616,63.12638142077431,60.617446808510635,34.126274177323964,9659.854116593684,298.4151603498542,0.4390500025884409,0.30621755082521124,A,grading/data_processed/onion/A/Onion_Red_2_r2_305__100.jpg
7064.5,335.1198385953903,0.97,0.7904802381383143,0.9639104925637877,16.75332963374029,15.694818684222884,139.83310210876803,54.568926953194634,92.98251942286349,53.60111571263419,3657.4271258901053,452.1985416666667,0.3879029887146779,0.24109044765326726,A,grading/data_processed/onion/A/Onion_White_1_r2_67__100.jpg
5784.0,390.8183218240738,0.93,0.4758699896412127,0.8666466886424933,34.96420769618552,12.571525334740508,51.310199966392204,31.81169751232562,76.76508149890775,44.54659195309364,3205.7678480286736,525.3145652173913,0.5720425976161952,0.3435315468435885,A,grading/data_processed/onion/A/Onion_White_2_r1_158__100.jpg
6949.5,321.462984085083,0.95,0.8450871139329862,0.9819145178382197,149.58035840270918,45.56579692363476,107.02441089318471,42.19964840509541,91.3581205023282,52.44985791802366,2688.522053584487,411.44989361702125,0.40774754830694604,0.23989864126455457,A,grading/data_processed/onion/A/Onion_Red_3_r2_52__100.jpg
6732.0,359.5046133995056,1.0,0.654553328286892,0.9364306579496453,15.380973129992737,12.658440784345485,141.59840232389251,49.5230565236047,89.1514887436456,51.744047748988535,3637.027502640595,414.2825583841785,0.39838644939223744,0.26768224204494495,A,grading/data_processed/onion/A/Onion_White_1_r2_84__100.jpg
3743.0,311.07820749282837,1.6129032258064515,0.4860607084708548,0.8732065787938877,29.30582774626096,50.723093402359524,74.03223310985044,51.177846656149185,49.95513151108819,29.2740522888754,11773.6402289282,308.8300749429782,0.5197233918942579,0.3602204880573361,A,grading/data_processed/onion/A/Onion_2_r1_117__100.jpg
6320.5,323.32084822654724,1.1627906976744187,0.759790537836883,0.9545420222004077,14.195325800959603,34.8282306340797,172.20213589227674,49.569519736214296,84.29360780065005,46.1980923879787,3993.4288395754465,424.34954193093733,0.36270250083083955,0.23382881727097718,A,grading/data_processed/onion/A/Onion_Red_2_r1_274__100.jpg
5081.5,343.806129693985,1.065934065934066,0.5402248568504895,0.8735602544266804,33.77690690116612,14.967016884103497,63.227681131714775,46.7044908856914,67.58860638501243,39.421850951342286,1708.4403244168466,285.9040750915751,0.6023744722108739,0.39470869614976317,A,grading/data_processed/onion/A/Onion_White_2_r1_4__100.jpg
4518.5,280.1492749452591,0.7,0.723477692954529,0.9481691323051097,15.467759327151175,29.01088278255297,155.8969161095536,52.75662343988847,59.87405650204874,33.64596546102431,12443.154223489795,373.97318840579715,0.46864747585111227,0.3179890803793358,A,grading/data_processed/onion/A/Onion_Red_2_r0_205__100.jpg
5950.5,317.46298336982727,0.95,0.7419542674662062,0.9283151326053042,146.9858692080184,46.66164062702762,93.87019388761091,40.547666826941395,78.18862964180086,45.038982372532956,4445.843019113574,383.09851063829785,0.5134564597999046,0.3451433149821496,A,grading/data_processed/onion/A/Onion_Red_3_173__100.jpg
7349.5,322.2914116382599,1.0204081632653061,0.889140091118516,0.9881016402258672,27.66087885668492,54.149442692469684,144.99065046079872,54.88098436594935,96.59823694403633,55.12369312348851,2912.5567392648895,378.06060606060606,0.3588646748040595,0.22203209677761085,A,grading/data_processed/onion/A/Onion_Red_2_r1_82__100.jpg
7363.0,321.7056237459183,1.0204081632653061,0.8940202558462591,0.9883221476510067,28.724666666666668,51.88735033598086,150.46893333333333,55.48858112136356,97.05066666666667,55.00458010828638,2960.7886650458145,402.0867862296435,0.34853407152572147,0.2205536907464223,A,grading/data_processed/onion/A/Onion_Red_2_r1_93__100.jpg
4740.5,340.1492748260498,1.36986301369863,0.5148668330267052,0.8741471510234188,31.692370627940274,46.76896761365908,93.16056453262426,50.3876666219542,63.10840662712211,36.52726461753292,7155.614701519984,436.88487615884867,0.48433233963815875,0.31596646658591576,A,grading/data_processed/onion/A/Onion_2_r1_60__100.jpg
4629.5,276.49242198467255,0.7,0.7609874364946778,0.9614745586708203,12.571308194649252,15.5538885476334,153.90667790183272,57.28318895401374,61.14156309247946,34.711434550614435,11242.458340489797,407.88289855072463,0.44564492110571924,0.301983222770237,A,grading/data_processed/onion/A/Onion_Red_2_r0_169__100.jpg
5016.0,304.5340509414673,1.1046511627906976,0.6796661997753238,0.9231618662004233,149.02332814930014,48.04813310617554,102.33786936236392,44.56689099269013,66.08825816485225,38.14897215847733,9675.961198521623,357.0189262741217,0.5205290788043919,0.35789990895165535,A,grading/data_processed/onion/A/Onion_Red_3_r2_38__100.jpg
4352.5,329.80612897872925,1.4285714285714286,0.5028415999337786,0.8602628718252792,30.669632925472747,47.32386324291966,90.66896551724138,49.67517944485642,58.08031145717464,33.98281319047941,8579.133369714285,417.44415584415594,0.49816578442768344,0.3437139778539695,A,grading/data_processed/onion/A/Onion_2_r1_66__100.jpg
6465.0,320.391916513443,1.1363636363636365,0.7914350733869088,0.9582746609352998,23.834772073300016,43.81152191745118,106.00711797667726,51.80417622020022,85.03134938664243,48.28135853629948,1722.6226848011363,463.28007346189173,0.38186880887603586,0.23944004566708843,A,grading/data_processed/onion/A/Onion_2_r1_22__100.jpg
5801.5,302.9777032136917,1.1666666666666667,0.7941980613168027,0.9661920226496794,24.075366717248357,48.356853871165214,173.36705445961894,53.386812341546054,76.50784016186141,42.84602142658931,5869.48166881288,382.57682866961215,0.40314257126891045,0.2630942021318336,A,grading/data_processed/onion/A/Onion_Red_2_r2_284__100.jpg
6785.0,340.2497807741165,0.88,0.7364851728366003,0.9587395789176204,24.222494592645997,37.61321327228901,104.9436193222783,50.69511758216744,89.05277577505407,51.00663214304849,3082.421249883781,615.0751724137931,0.3699906776630027,0.1942712022911151,A,grading/data_processed/onion/A/Onion_2_r2_324__100.jpg
4806.0,325.8477603197098,1.1204819277108433,0.5688059752437142,0.8909074056909816,61.392069593364354,80.91551325348873,110.67206150111268,47.3539865568559,63.968642524782524,37.140732023426324,11891.250887917437,368.8098480880042,0.4804646111875223,0.3431032667670383,A,grading/data_processed/onion/A/Onion_Red_1_r_131__100.jpg
7014.0,318.1909066438675,1.0526315789473684,0.8705627839646191,0.9869143098353735,25.787213206491327,51.462795564024816,148.29854504756574,51.03903465857434,91.88724118634583,52.154688341547256,3569.2993061385046,400.34396597554496,0.38438960587835364,0.23335947741231036,A,grading/data_processed/onion/A/Onion_Red_2_r1_66__100.jpg
5919.0,337.3624794483185,0.96,0.6535286694325794,0.9223936418887331,56.91918192314036,78.8049077883433,118.3963384463137,41.785485736013,77.80735609434274,44.882291471490916,6436.285541493055,428.0353684210528,0.5002570161550366,0.35423694278596785,A,grading/data_processed/onion/A/Onion_Red_1_7__100.jpg
5941.5,334.77669191360474,0.95,0.6661860561926438,0.9266942213210637,59.66042077580539,80.01514529275043,120.44444444444444,42.32133467347282,78.17570677186062,44.94670883778482,6349.7199988919665,473.920744680851,0.48744232654645997,0.3441746841629275,A,grading/data_processed/onion/A/Onion_Red_1_9__100.jpg
7238.0,324.3919155597687,1.0309278350515463,0.8643475359690526,0.9824228028503563,72.17958796421794,81.75556385298735,122.91040932502032,42.06853890235143,94.96150718351856,54.46160627838958,4049.884160739717,507.56201187129034,0.34081451972765275,0.22575353604798087,A,grading/data_processed/onion/A/Onion_Red_1_r2_34__100.jpg
7078.5,319.8061304092407,1.0526315789473684,0.8697161432936891,0.9825109306683323,72.7530487804878,81.84854829297423,123.33827605321508,44.75650937457118,92.8079268292683,53.07908089368073,4027.595851523545,504.5836257309942,0.33503548496156815,0.22666588759660025,A,grading/data_processed/onion/A/Onion_Red_1_r2_39__100.jpg
3891.0,321.42135322093964,0.58,0.4732838056235654,0.8433943860409667,39.29786706349206,56.39091973699212,74.94097222222223,50.607044021660776,51.861607142857146,30.72571621784647,12771.115414506541,469.8303508771929,0.4445762234291334,0.28196205560366855,A,grading/data_processed/onion/A/Onion_2_r0_106__100.jpg
6850.0,314.04877066612244,0.93,0.8727829227954123,0.9823605334863044,18.797823596792668,8.32068220895916,133.71463344788086,49.086763461702645,89.93184421534937,52.134193803056334,4201.363119250781,359.5725000000001,0.4304807284881949,0.2362545945783008,A,grading/data_processed/onion/A/Onion_White_1_r_50__100.jpg
4413.5,282.35028553009033,1.4705882352941178,0.6956912361272098,0.9307254323070434,20.872795414462082,44.545924826415835,153.6221340388007,63.32137929816346,58.40321869488536,33.374047598876416,12508.39454738322,309.85398098633397,0.4466474580364141,0.31765046051346846,A,grading/data_processed/onion/A/Onion_Red_2_r2_309__100.jpg
5933.0,360.81832134723663,0.95,0.5726734499212073,0.8994163571590995,56.29153656532457,78.53211121605777,114.78718159408382,41.928626995599586,77.90287592440427,44.82249039237712,6354.148921207757,416.8508510638298,0.4978639799256727,0.34441447054931706,A,grading/data_processed/onion/A/Onion_Red_1_195__100.jpg
5894.0,308.04876959323883,1.1494252873563218,0.7805146132399412,0.9604041062408343,101.98721991701245,85.02435093317251,118.49825726141079,45.91691618547139,77.4004979253112,44.3922287664836,5631.14541635619,345.684198304888,0.4267788649260918,0.29452390764291914,A,grading/data_processed/onion/A/Onion_Red_1_r2_131__100.jpg
4827.0,300.04876947402954,1.0975609756097562,0.6737572675607604,0.9390137146192005,53.0853855470327,76.11521142423598,115.95337101332257,49.42520280102565,63.788655631812674,36.80771902390769,11858.839369184276,408.2288298163881,0.44554312570935584,0.31300579735483264,A,grading/data_processed/onion/A/Onion_Red_1_r_158__100.jpg
4248.5,287.4629842042923,0.67,0.6460730524557515,0.9196882779521593,14.473792629892424,23.186513003740277,151.24399176012818,58.120855579000526,56.12199588006409,32.18662668098944,18292.2395282691,355.7384848484849,0.43884199867715484,0.32724272098693785,A,grading/data_processed/onion/A/Onion_Red_2_r0_85__100.jpg
5731.0,325.0782073736191,1.098901098901099,0.6814979599049635,0.9168866490680746,27.78035075770475,50.79928930322943,80.2657926102503,53.425302195208225,75.40473352630683,43.22676092743017,4453.101633425915,428.11965811965814,0.48311582854486906,0.34342759869427086,A,grading/data_processed/onion/A/Onion_2_r2_285__100.jpg
5557.5,294.8355669975281,1.0602409638554218,0.803395860903494,0.9667739410280943,130.49445910290237,63.5312969715875,95.51134564643799,47.146513749155964,72.95866314863676,41.905978620277075,6376.084903589265,396.8811798919816,0.36312981511260856,0.20505435130711558,A,grading/data_processed/onion/A/Onion_Red_3_r_7__100.jpg
4466.0,277.07820785045624,0.69,0.7310108834331828,0.9504149819110449,17.797120418848166,34.566769373729926,153.26396160558465,53.82692880830153,59.14877835951135,33.10524669733693,12728.8466447385,349.71264705882356,0.473378237877732,0.31630421495987704,A,grading/data_processed/onion/A/Onion_Red_2_r0_204__100.jpg
6280.5,312.9777023792267,1.1494252873563218,0.8057072804190526,0.9662307692307692,28.967108339828528,53.77231242717921,79.68339828526891,51.6422944447013,82.3485580670304,47.13641936196342,2910.491595864711,505.2478811099502,0.4089323323843656,0.2483764343830566,A,grading/data_processed/onion/A/Onion_2_r1_158__100.jpg
4833.0,313.2203423976898,1.1785714285714286,0.6190514414883702,0.8922736084187206,142.91141534125225,53.6188012280011,92.66458626937789,43.652090132850645,63.63519226897524,36.46885858020254,8617.41807635206,344.89710884353747,0.5563692474622919,0.3890089477402415,A,grading/data_processed/onion/A/Onion_Red_3_r_36__100.jpg
5899.0,395.50461304187775,0.93,0.47389830299376573,0.8418724133009847,19.32504118616145,11.09022228226878,135.3492586490939,49.63715389103832,78.35799011532126,45.53116333721451,4033.1353074228236,392.66565217391314,0.47611900750498926,0.3314035694597474,A,grading/data_processed/onion/A/Onion_White_1_r_29__100.jpg
5127.5,300.6345565319061,1.1325301204819278,0.7129149705622886,0.9403080872913993,79.23824928639391,82.95810701139553,108.38230256898193,45.3383494238104,67.47059942911513,38.97490765553797,8868.046028940056,378.7359761627154,0.4454109438808263,0.3117434040281986,A,grading/data_processed/onion/A/Onion_Red_1_r2_16__100.jpg
4572.0,343.3624781370163,0.75,0.48731571448722794,0.8583497606308083,49.146217418944694,62.97808898916762,73.03899131171859,53.41161244972387,61.11337147700784,36.68689749803487,9647.567735182221,548.7971621621622,0.47080004838566114,0.35220825858314414,A,grading/data_processed/onion/A/Onion_2_r0_214__100.jpg
6615.0,313.2203426361084,0.9,0.8473050443226623,0.9785502958579881,22.518150837161063,20.963122749557485,124.24670321529115,48.37688545422055,87.76633575344495,52.40743098328189,5603.75229254321,580.8704494382023,0.4298385408154157,0.23419995999133295,A,grading/data_processed/onion/A/Onion_White_1_r2_144__100.jpg
6096.5,315.3208478689194,1.1363636363636365,0.7705220489310385,0.9572897856638141,27.96695010428365,41.488495196995544,95.99775389058239,51.55598479511598,80.13460612866999,46.151106220761186,3800.809601446281,528.4424931129475,0.47161573574495125,0.2796551161928696,A,grading/data_processed/onion/A/Onion_2_r2_10__100.jpg
5599.0,385.36247849464417,0.97,0.4737851872082116,0.7795335885833623,17.186232009710423,16.30149860412669,140.88347494364487,50.364204494441665,74.8923183631004,43.82545365841008,2633.5130097885008,286.989375,0.5200832924719577,0.3927438091845342,A,grading/data_processed/onion/A/Onion_White_1_r2_117__100.jpg
5190.0,330.87719762325287,1.0919540229885059,0.5957218701684296,0.9123670563417421,34.19073518379595,9.418890357071252,69.503375843961,35.52222907273825,69.11871717929482,40.198825650144244,2088.08573006457,361.14208853020295,0.5231848945487271,0.34021681572435253,A,grading/data_processed/onion/A/Onion_White_2_r1_90__100.jpg
6665.0,327.5634890794754,1.0888888888888888,0.7805829141601472,0.9637073452862926,17.364037020713972,20.32135653452694,148.71764360217423,51.1443503564258,87.98090201263405,51.0575963269494,4948.0294946035865,509.84032073310425,0.3746504891476553,0.214284139430925,A,grading/data_processed/onion/A/Onion_White_1_185__100.jpg
6957.5,358.4335460662842,1.0309278350515463,0.6805276593404166,0.9472430224642614,84.0326255097736,84.86205142812072,125.20165940092814,37.669952052551814,92.3515679932499,53.92350071282734,2432.15837300457,367.10319691762993,0.40863714225576936,0.2515741123362768,A,grading/data_processed/onion/A/Onion_Red_1_r_93__100.jpg
4723.5,301.9482640028,1.1904761904761905,0.6510415546895477,0.9050584403142364,144.89030927835051,50.163714747056055,93.84247422680413,45.08923031928369,62.13134020618557,35.634118182104885,8415.033633205783,330.6689514189514,0.5788753973987918,0.40944867526012063,A,grading/data_processed/onion/A/Onion_Red_3_r_55__100.jpg
7152.0,425.78888487815857,1.0,0.49573402686962525,0.9528377298161471,85.60935369511863,84.21992244451862,118.38901008999181,37.796685931985266,94.95473138805563,54.93472211513398,2322.800909468696,492.6025561739848,0.37921288649931695,0.23436348338300703,A,grading/data_processed/onion/A/Onion_Red_1_r_103__100.jpg
6787.5,318.4924212694168,0.91,0.8408557564044623,0.9749353634013215,14.944556742708635,5.742862206967296,142.9897487727404,52.69301287237095,89.32962749061507,51.66377179671657,5662.062019985508,633.3186666666668,0.37877790901847946,0.22453530888987505,A,grading/data_processed/onion/A/Onion_White_1_r_139__100.jpg
4052.5,275.66399443149567,0.64,0.6701511971954404,0.9232258799407678,51.52494004796163,74.80250561057365,148.84964028776977,52.18940492744779,53.90959232613909,30.389821107274095,15386.67703125,329.8747619047619,0.4869037189538223,0.3282605691516469,A,grading/data_processed/onion/A/Onion_Red_2_r0_294__100.jpg
6507.0,310.3919150829315,1.1235955056179776,0.8487306183119762,0.9768070254447196,16.092469879518074,12.43415927158975,141.74352409638556,53.316903530105435,85.7387048192771,49.81266358812991,5717.635759866178,526.3702190443763,0.38330824622459236,0.24140308543865924,A,grading/data_processed/onion/A/Onion_White_1_164__100.jpg
7386.0,321.7056255340576,1.0204081632653061,0.8968129208576451,0.9891522699879469,27.32101555230626,50.887800343229856,147.39040276485446,56.52180929374116,97.00292436527981,55.36868793674608,2931.418710693461,399.4824778396207,0.34657231875172123,0.2187154222083937,A,grading/data_processed/onion/A/Onion_Red_2_r1_89__100.jpg
6733.0,349.0193327665329,1.0208333333333333,0.6945755806252487,0.9444522373404405,15.571490845684394,12.792110408773347,141.67640220866028,49.24435148728091,89.06175530369079,51.51786573863351,3264.686278720672,410.4202104810997,0.3880242019120797,0.2543914520485573,A,grading/data_processed/onion/A/Onion_White_1_r2_83__100.jpg
3707.0,265.42135298252106,0.63,0.6612424597475816,0.9212226640159046,44.79057591623037,67.86007404510076,159.18089005235603,58.46921149118986,49.2520942408377,28.459258255107613,18165.65109324767,344.4766129032258,0.5223806522307012,0.37043508392805713,A,grading/data_processed/onion/A/Onion_Red_2_r0_25__100.jpg
6726.0,315.90663492679596,0.88,0.8469333453523518,0.9786119598428634,21.74180387585604,39.36788620559501,97.17266501529943,50.03339463547683,88.14250327844965,50.554294084818906,2460.774540289256,512.4708045977011,0.3585931365865896,0.20544077558690285,A,grading/data_processed/onion/A/Onion_2_r2_306__100.jpg
3967.5,272.8355668783188,0.64,0.6697686733896129,0.9211748316693754,52.56513222331048,74.3487620075414,153.78330068560234,54.96049961918561,52.588883447600395,30.125849057202682,16565.01798122559,354.94603174603174,0.49424058098197027,0.33904982981860526,A,grading/data_processed/onion/A/Onion_Red_2_r0_305__100.jpg
6946.5,316.1492758989334,0.91,0.8733564282339604,0.9861584327086882,146.6862911195821,49.13429423910761,100.32712127629536,40.6931074429663,91.2009035719328,52.53706612465862,2380.2384124018836,392.65666666666664,0.4015188740030926,0.2066681003534501,A,grading/data_processed/onion/A/Onion_Red_3_r2_101__100.jpg
6170.5,320.9777035713196,1.021978021978022,0.7526282048222506,0.9693661142094101,89.94056110318593,84.4392810688086,120.96481217308607,46.37317565063128,81.47566967823744,46.62698794647224,5587.242263209697,419.5764452938365,0.37707645532738887,0.23938941192279045,A,grading/data_processed/onion/A/Onion_Red_1_r_20__100.jpg
5766.5,397.60511910915375,0.94,0.4583721533996192,0.8145924565616612,17.443602693602692,12.654806428434076,139.5252525252525,50.14664557721355,76.7473063973064,44.58369669804215,3096.9179082729743,306.1854838709677,0.4928127477889118,0.35491702459330865,A,grading/data_processed/onion/A/Onion_White_1_r2_123__100.jpg
6964.0,330.39191567897797,0.93,0.8016961579931081,0.9670207595639797,15.264105811172083,10.834605179484202,145.3761080624736,49.98800146333282,91.59096665259604,52.96365203383162,4851.655979882067,539.3052173913044,0.3814869576609753,0.220124851795684,A,grading/data_processed/onion/A/Onion_White_1_r_132__100.jpg
5719.0,353.8477588891983,0.92,0.5739803991266837,0.8728632478632479,34.577001703577515,8.004648300667213,55.773764906303235,31.792335012592385,75.62095400340715,43.91936940542998,3011.3974090264646,458.56021978021965,0.5794655615398832,0.3452393641701887,A,grading/data_processed/onion/A/Onion_White_2_r1_141__100.jpg
3713.5,266.007141828537,0.63,0.6594876978689722,0.9224941001117873,45.91168016723282,69.23525322763477,154.28011497256335,55.56337520256548,49.32897831199373,28.663408999917014,16590.43125280927,332.40000000000003,0.5226160715301938,0.3698112935268192,A,grading/data_processed/onion/A/Onion_Red_2_r0_22__100.jpg
6484.0,321.2203434705734,1.1235955056179776,0.7896720849910263,0.952199133563404,25.96239806704923,45.53510439179889,107.29250981576563,52.29454543067626,85.37012987012987,48.41291148799927,1965.916297184699,465.33685166269436,0.3947159597998964,0.24371731965944943,A,grading/data_processed/onion/A/Onion_2_r1_29__100.jpg
6064.5,343.1198388338089,0.95,0.6473113260028345,0.9088797302360435,146.0201223438506,48.358030482588774,91.10318737926593,41.23089394769415,79.76915647134578,45.82325744062074,4464.6647033241,357.1737234042553,0.5062513952403909,0.33039718816385555,A,grading/data_processed/onion/A/Onion_Red_3_133__100.jpg
3840.5,268.49242210388184,1.5873015873015872,0.669473773059592,0.9216462682985361,28.2749114820435,56.79931253729076,156.1105209914011,56.64077788443816,50.96611026808296,29.676784655520112,18895.440430813804,259.1224947891614,0.5260133173017123,0.358198912018035,A,grading/data_processed/onion/A/Onion_Red_2_r1_314__100.jpg
3834.0,306.24978053569794,0.57,0.5137009871282523,0.8577181208053691,42.876480967985884,60.76345528588224,85.60549533652635,53.72242282738731,51.073103100579786,29.907515624413065,13738.76998768852,444.63589285714284,0.4231193766508705,0.27974347077058925,A,grading/data_processed/onion/A/Onion_2_r0_285__100.jpg
5579.5,324.6345559358597,1.0674157303370786,0.6652971339201926,0.935137853012654,89.42157719881098,86.01086128929383,113.99457947193565,44.84580805082423,74.02238153523344,42.63318236253254,9038.676229511579,313.1359072436051,0.44359374526111717,0.30807039431186356,A,grading/data_processed/onion/A/Onion_Red_1_r_121__100.jpg
5045.0,293.7644990682602,1.3157894736842106,0.7346363487695365,0.9426382660687593,29.527740189445197,41.374684781236965,93.88285327662865,54.279714957292285,66.65996520394356,38.74470182294944,6192.376699722991,353.4768740031898,0.4998107329193934,0.3107118656971662,A,grading/data_processed/onion/A/Onion_2_r2_24__100.jpg
3939.5,270.00713896751404,1.5873015873015872,0.6790480005732158,0.9298949604626461,38.11270036991369,65.42599380094376,148.62466091245375,55.836459134315916,52.27398273736128,30.146754104348606,15402.888183900226,245.5432098765432,0.5202957662498314,0.34363462704861414,A,grading/data_processed/onion/A/Onion_Red_2_r1_16__100.jpg
6647.0,315.7056246995926,1.098901098901099,0.8380518784206049,0.9784352690071392,17.367497419259696,15.432085714279793,139.99203657277687,52.62653807681641,87.31573514230939,50.55332966680991,5592.950731505856,442.82706182706187,0.38617506865051887,0.2420124833278763,A,grading/data_processed/onion/A/Onion_White_1_151__100.jpg
5438.0,327.3624778985977,1.098901098901099,0.6376630742067712,0.8998097129147018,145.54168908015063,51.47886572326292,96.38156715079792,43.448645951919545,71.7279899587592,41.046666437983056,7653.780312764158,417.8343878343878,0.523545273679409,0.3729716544974578,A,grading/data_processed/onion/A/Onion_Red_3_r2_23__100.jpg
5832.0,426.8183218240738,1.1111111111111112,0.4022918844645079,0.8705776981639051,35.40518530829317,11.051965716055372,50.11351171680239,31.962665896601674,77.58650490277547,45.004849376211304,3390.593660444444,458.36543209876555,0.585707242741183,0.31822773754799,A,grading/data_processed/onion/A/Onion_White_2_r0_156__100.jpg
4224.0,334.04877066612244,0.67,0.47567904271265327,0.8589730554143366,49.562042124542124,62.94554231472642,77.54235347985347,51.969511888122426,56.029532967032964,32.23854110479825,10390.6552159501,449.60212121212123,0.4596069212407822,0.3308692672229529,A,grading/data_processed/onion/A/Onion_2_r0_160__100.jpg
4838.5,309.4629852771759,1.072289156626506,0.6348968728746156,0.9418921549542535,83.4486921529175,84.2368862275166,108.24245472837022,46.18766470210689,64.82173038229377,37.87394652762228,11628.00300921227,426.645399780942,0.47257289934475716,0.30970902499676933,A,grading/data_processed/onion/A/Onion_Red_1_r2_196__100.jpg
5893.5,292.49242103099823,0.9666666666666667,0.8656730899036198,0.9840540991818334,137.19421830868916,58.642178735937506,92.11646452899153,41.972814084523634,77.60259179265658,44.5332131955002,5904.84348334418,397.40891472868213,0.3740271842857298,0.21641503711117197,A,grading/data_processed/onion/A/Onion_Red_3_r2_158__100.jpg
6714.0,316.87719762325287,0.94,0.8402513592256161,0.9735373015297615,22.48138414367061,20.1600106538463,122.76215505913272,48.15888974223472,88.7894583150825,52.465339285875146,5353.666980251245,556.51376344086,0.431823603746807,0.2566003153107009,A,grading/data_processed/onion/A/Onion_White_1_r2_161__100.jpg
6732.0,414.47517585754395,0.9696969696969697,0.49244408168075204,0.9296416488296624,148.30072358900145,48.29743395697262,108.24819102749638,37.039020673392045,89.44428364688856,51.842358245195236,1633.1645652012373,466.21796916533754,0.4391528021280027,0.25473373235575425,A,grading/data_processed/onion/A/Onion_Red_3_r2_88__100.jpg
4668.0,278.73506104946136,1.408450704225352,0.7550183563326431,0.9527502806408817,15.04157960718763,30.70235335945859,153.02423735896363,63.8431221954605,61.562055996656916,35.431045400017496,11213.701628149178,310.6887181675914,0.4363019756036028,0.313149265759331,A,grading/data_processed/onion/A/Onion_Red_2_r2_38__100.jpg
7079.5,320.149276137352,0.9595959595959596,0.8679753700799201,0.9839471855455177,146.65392075367137,50.28685447131034,104.44846217788862,37.16833068290391,93.59490163480189,54.42679146626998,1681.3522427724458,335.59961315280464,0.4149239007277326,0.2182197044768671,A,grading/data_processed/onion/A/Onion_Red_3_r2_90__100.jpg
5861.5,373.94826447963715,1.098901098901099,0.5267391388554968,0.8850218934017817,35.27324037184595,9.607367054390338,47.98190571049137,29.90296121783521,77.65371845949535,44.99872666175887,3220.2621365897835,422.7111777111778,0.5841549609911728,0.3254682917376314,A,grading/data_processed/onion/A/Onion_White_2_r0_121__100.jpg
5226.0,318.7350616455078,1.1904761904761905,0.6464271525557133,0.906111833550065,33.723340790454884,56.36040319274408,78.28803131991052,52.96632671588428,69.02964205816555,39.89227731662458,5401.542456335034,407.96248196248206,0.4936833196737937,0.35075493506010674,A,grading/data_processed/onion/A/Onion_2_r2_273__100.jpg
6099.0,295.9066345691681,0.989010989010989,0.8753043606504808,0.9852192876181245,148.82524895599101,47.24190174936719,107.27417282364279,45.266251963410696,79.86749116607774,45.80793728786797,4416.206741432493,376.3990616125448,0.40620344844166656,0.22350837468636323,A,grading/data_processed/onion/A/Onion_Red_3_r_115__100.jpg
6751.0,317.5634890794754,0.88,0.8412340484869206,0.9767071759259259,24.11178861788618,41.643480057454674,98.8482868757259,51.17269453580464,88.45078397212544,50.75867117777826,2437.686374367252,508.13045977011495,0.3615542468604652,0.20237181938977708,A,grading/data_processed/onion/A/Onion_2_r2_309__100.jpg
5648.0,330.048770070076,1.2048192771084338,0.6515508484941985,0.9228004248018953,26.73488773747841,44.24055777341733,102.54317789291882,51.91351367908893,74.55146804835924,42.47366381511462,4610.587074989113,442.0720457587928,0.46511737343555326,0.29071543129031197,A,grading/data_processed/onion/A/Onion_2_r1_45__100.jpg
7554.5,332.29141116142273,1.0,0.8597602405832546,0.9854552569788677,19.891386254384827,40.17122181798908,149.79849291931922,54.276303951662086,99.1761725347538,56.98928635508982,2494.06141296,389.88676767676765,0.3314440095594144,0.21609430888294767,A,grading/data_processed/onion/A/Onion_Red_2_r2_90__100.jpg
4398.0,280.73506259918213,1.4705882352941178,0.7012482233955591,0.9366414652326696,53.22559220721718,74.341979635596,149.2909010405136,62.59315794675456,58.234890413991586,33.39301720123243,14084.096146864185,302.38428401663685,0.49611568007352835,0.3222519358685362,A,grading/data_processed/onion/A/Onion_Red_2_r2_164__100.jpg
5683.5,399.7472541332245,0.96875,0.44694568609672325,0.8029810680983329,17.610143442622952,12.195743551410676,145.53449453551912,49.14829418256495,76.27373633879782,44.7723297324771,3195.54609083691,411.8742074275362,0.4787241807884005,0.3301886015143255,A,grading/data_processed/onion/A/Onion_White_1_r_66__100.jpg
7534.0,328.048770070076,0.99,0.8797487374397085,0.985351817944023,77.47843648208469,82.70789632688769,118.3256026058632,40.06707620130142,98.86214983713354,56.72704420788984,3172.863615661667,521.0173469387755,0.33531456008930505,0.2105550369226797,A,grading/data_processed/onion/A/Onion_Red_1_r2_28__100.jpg
3897.5,330.49242079257965,0.61,0.4484076151188379,0.8142692990703019,47.42602671944582,65.14468801478374,79.1833250865908,54.093092270622016,52.327560613557644,31.119513558754456,11019.58261768342,508.0056666666667,0.43743799002104733,0.31380027264346205,A,grading/data_processed/onion/A/Onion_2_r0_261__100.jpg
7297.0,326.8771970272064,1.0,0.858192984202949,0.981439139206456,84.43458383756891,85.40976177750015,111.45179507866075,39.13113757953978,95.8955223880597,55.41854366516627,2952.326964,329.0595959595959,0.3939577968876447,0.24289155296003356,A,grading/data_processed/onion/A/Onion_Red_1_r2_151__100.jpg
6692.5,318.63455641269684,1.1111111111111112,0.8283473667951372,0.9726764043310806,20.851662029579735,11.266267967414857,125.79133108800703,50.91863913934321,88.47430077610191,52.11804518618576,5790.865889765431,457.2583613916948,0.4232270394193717,0.22787607489105213,A,grading/data_processed/onion/A/Onion_White_1_36__100.jpg
5596.0,392.19090580940247,1.0526315789473684,0.45718558841450474,0.8189667788672618,34.47650424830935,11.16273500247602,51.80162996358592,28.30043636108033,74.3665684064505,43.21216239369616,2527.989324,375.76874003189795,0.6153109415837529,0.38064846494938503,A,grading/data_processed/onion/A/Onion_White_2_r0_77__100.jpg
5296.5,297.4629831314087,1.0561797752808988,0.7521994000167042,0.9419349101902899,150.06860936923644,44.35307035722932,100.02840280339358,44.02329877168981,69.58963482109922,39.91186328602297,6770.408297799187,347.72465869276317,0.536230146554449,0.3383365334808579,A,grading/data_processed/onion/A/Onion_Red_3_r_60__100.jpg
4871.5,326.4924205541611,0.77,0.5742835330513174,0.8932795452461721,42.70821699242122,52.52643477821898,78.9744714798564,49.86250087278691,65.07080175508575,39.12101611856942,7854.006120357566,609.3769736842106,0.47891162265420545,0.33036594122980323,A,grading/data_processed/onion/A/Onion_2_r0_22__100.jpg
7082.0,341.36247861385345,1.0309278350515463,0.7637200985792496,0.9637340953936178,36.35210293303818,58.89998945108088,86.45752628666298,52.209247008923505,92.96250691754288,53.46417949545395,1937.2146697311084,460.7569509528272,0.3745002859307704,0.2424794120241694,A,grading/data_processed/onion/A/Onion_2_r1_205__100.jpg
5905.0,376.53405141830444,1.1111111111111112,0.5233849755779612,0.8797675804529201,35.213709013016974,11.530953845666495,49.50107101664195,30.06397101917542,78.29362333168561,45.58370947666297,3537.1884503209876,447.95566778900115,0.5958841052737172,0.31324733659416837,A,grading/data_processed/onion/A/Onion_White_2_r0_165__100.jpg
5438.0,363.7056237459183,0.9789473684210527,0.5165936156614239,0.8380335953151488,35.41708363116512,10.289123861460038,57.745711222301644,29.333711145283278,72.32648320228735,42.07877605661437,2592.9136746278127,426.8537757437071,0.5434554059474267,0.3502127316680661,A,grading/data_processed/onion/A/Onion_White_2_r1_64__100.jpg
7198.0,317.5634891986847,1.075268817204301,0.8969341840412921,0.988872097815634,70.78077709611452,81.58018248598839,126.59250170415815,45.42812324324415,94.4655760054533,53.842856328703974,4031.9434035264194,499.7947214076247,0.31431021896976014,0.19706999697511587,A,grading/data_processed/onion/A/Onion_Red_1_r_192__100.jpg
7102.5,331.8061306476593,0.9595959595959596,0.8106852929336938,0.9736120630568883,14.758625448523324,11.361551468342634,147.51117858128623,48.18637996634488,93.6208942865029,54.3398588421516,3496.690668446122,418.41586073500974,0.3659894744679057,0.21524493818010296,A,grading/data_processed/onion/A/Onion_White_1_r_113__100.jpg
5469.5,312.6345578432083,1.1904761904761905,0.703207552367196,0.9459529574541681,121.06228805996787,79.58237555914744,118.93057290737106,44.65382342656578,72.39835802248795,41.844746889047194,8577.84690157313,327.86387686387684,0.46008071219026353,0.3194368113110766,A,grading/data_processed/onion/A/Onion_Red_1_r2_122__100.jpg
7266.0,339.70562517642975,0.9795918367346939,0.7912245986874352,0.9756949107022962,84.33418780356179,85.64057159791174,118.14193200215867,38.101631297706625,96.03683216405828,56.03634207492568,2884.246459797115,372.0577873254565,0.39888671115875146,0.19601881893976195,A,grading/data_processed/onion/A/Onion_Red_1_r_76__100.jpg
6222.0,370.19090616703033,0.94,0.5705429966275846,0.8968648648648648,47.58570980883736,74.119271080208,118.80554685051708,43.51878835010478,81.98558445628329,46.91772984854814,5174.768591840199,438.9649462365592,0.4257129432574397,0.3058133421028528,A,grading/data_processed/onion/A/Onion_Red_1_75__100.jpg
7488.0,328.8771970272064,1.0,0.8699778091226613,0.9850687364335986,72.25494822388255,81.7083338393979,121.3607287980076,41.83523423168956,98.2974177480666,56.58171424204396,3683.9584451899996,539.4822222222222,0.3448548067844277,0.22505859750062437,A,grading/data_processed/onion/A/Onion_Red_1_r2_31__100.jpg
5620.0,330.877197265625,1.0561797752808988,0.6450784041587357,0.9372133744684399,95.13779937521694,85.62210082176159,113.48247136410968,44.33318034874937,74.80614370010413,43.303343194825466,8384.98863958423,363.10341911320535,0.4337940727647167,0.2952209545014914,A,grading/data_processed/onion/A/Onion_Red_1_r_120__100.jpg
6794.0,320.5340527296066,1.0526315789473684,0.8309732761764036,0.9757989228007181,30.825685425685425,56.2281471779405,157.95656565656566,51.486514473412285,90.4021645021645,49.63013876190157,3217.801278271468,441.5122807017544,0.408722573601968,0.2545929838813545,A,grading/data_processed/onion/A/Onion_Red_2_r2_132__100.jpg
5707.5,320.29141080379486,1.1627906976744187,0.6991416889411839,0.9588408231835364,41.70773442847365,62.32501144601626,87.51060917180014,48.553322336332876,75.06160164271047,42.83731905796664,4551.648303934559,464.4304674653512,0.45747983338298026,0.30632092927174687,A,grading/data_processed/onion/A/Onion_2_r1_226__100.jpg
5353.0,322.87719798088074,1.021505376344086,0.6452564524694782,0.8958246171868463,33.02130759424513,13.02412556920294,58.70988890912402,41.4218316751535,71.1808413767984,41.87722910293608,2116.924964652535,323.45344314802105,0.5552565173352836,0.3647289098496877,A,grading/data_processed/onion/A/Onion_White_2_r1_186__100.jpg
3615.5,296.4924211502075,1.639344262295082,0.5168339533070845,0.8785080792127323,31.260753406358535,51.01269795425065,90.17419182473951,54.999051377266674,48.44830349986642,29.03563430519477,12490.963533996237,337.70127504553733,0.5210419678990638,0.3723588432418536,A,grading/data_processed/onion/A/Onion_2_r1_265__100.jpg
3566.0,297.4213533401489,1.694915254237288,0.5065786846325147,0.875844283433624,35.16265223274696,56.07258790121898,89.6254397834912,56.09721797308155,47.469824086603516,27.479062692116234,10850.024903045103,254.4596815613764,0.5244766085526568,0.3604086063130627,A,grading/data_processed/onion/A/Onion_2_r1_274__100.jpg
6523.0,310.3919155597687,1.0888888888888888,0.8508175512892144,0.9746731415763915,21.301682692307693,12.090232053639596,120.09405048076923,48.92125848658127,85.68584735576923,50.06201098571071,6205.504135571085,502.61603665521193,0.41742409914012,0.23334431265609357,A,grading/data_processed/onion/A/Onion_White_1_58__100.jpg
7117.0,316.87719810009,1.0526315789473684,0.8906864619617338,0.9892966360856269,25.340871483728627,51.20862362643432,148.89285714285714,54.03241268204407,93.45380584666299,53.024281199394345,2831.7017415623263,379.75885167464116,0.3719719869769473,0.22225396526005245,A,grading/data_processed/onion/A/Onion_Red_2_r1_72__100.jpg
5717.5,417.06096267700195,1.0869565217391304,0.41306362743517755,0.8557850621164497,35.72596235373919,12.90261166130677,53.437341020858064,28.576738755174578,76.05596065796168,44.19478278408004,3331.602655659263,476.45575318401404,0.5865891531389316,0.34525960264444355,A,grading/data_processed/onion/A/Onion_White_2_r0_56__100.jpg
6841.5,314.634556889534,0.93,0.8684570694694015,0.9817751309464017,19.06995412844037,10.03505797342527,134.71158256880733,49.537591867650555,89.79400802752293,51.993522705395314,4264.228835368251,383.1240217391304,0.4327217848461601,0.23745276119603648,A,grading/data_processed/onion/A/Onion_White_1_r_51__100.jpg
4171.0,272.24978029727936,1.5151515151515151,0.7071555886526626,0.9381466486729645,38.4219734079776,63.785694325485984,150.73221366923255,54.415006243041184,55.21110333566597,31.510210842351075,14660.611728168044,249.110039791858,0.5086637101608811,0.33718908442901613,A,grading/data_processed/onion/A/Onion_Red_2_r1_25__100.jpg
6340.5,317.3208485841751,1.1494252873563218,0.7912908737574544,0.9551103411915343,22.857980858289597,42.91209475493486,104.60342698363692,53.39252173828737,83.51852423587528,47.395655328733355,2143.9390712115205,447.564843840706,0.3753486668337406,0.24413219918054782,A,grading/data_processed/onion/A/Onion_2_r1_18__100.jpg
6958.5,324.1492758989334,0.9489795918367347,0.8322147023715672,0.9763575136803704,14.484434427384139,9.571441106626386,147.50838146217777,49.05318824483359,91.6951683335681,53.1004469381723,3938.965836873091,380.1428571428571,0.36542303051750313,0.20845639635935906,A,grading/data_processed/onion/A/Onion_White_1_r_114__100.jpg
4345.0,333.70562410354614,0.74,0.4903120792875294,0.8334931901016689,45.51091800356506,62.14059131802099,71.15552584670232,54.3542783635004,57.938279857397504,34.26783174098232,9993.221219576333,538.1401369863013,0.4861383944425821,0.3731615471232993,A,grading/data_processed/onion/A/Onion_2_r0_233__100.jpg
6748.0,310.87719786167145,1.0869565217391304,0.8774193353418511,0.9871269748390872,60.25595930232558,79.85756238277781,160.17950581395348,50.62244439475419,88.53953488372093,49.98967225679535,3196.2196309546316,310.5657663592446,0.4154980671173222,0.2386912225531151,A,grading/data_processed/onion/A/Onion_Red_2_r2_234__100.jpg
6996.0,316.73506212234497,0.91,0.876329398184213,0.988275180110185,147.19066311509883,48.53825548617992,101.70755642787046,40.65083506546319,91.86597504556288,52.94489499026064,2046.6441098418065,370.2994444444445,0.39843323932278796,0.2025919087265863,A,grading/data_processed/onion/A/Onion_Red_3_r2_99__100.jpg
4236.5,283.32084798812866,1.4492753623188406,0.6632236567173168,0.9145169994603346,33.16020197383521,46.435663768704686,89.06518246499886,57.58428074631545,56.49437686481524,34.4014997999496,8876.466748246166,383.5049041135998,0.5295971651793937,0.3582091412343338,A,grading/data_processed/onion/A/Onion_2_r2_44__100.jpg
5795.5,351.46298360824585,1.1235955056179776,0.5895784367046132,0.8896991096100706,34.90551445864156,11.975070068615238,52.17098184263618,30.892684476758806,76.71603900470747,44.721208028463025,3291.3447890291627,400.4670298490523,0.6043989497096292,0.3203759440220177,A,grading/data_processed/onion/A/Onion_White_2_r0_182__100.jpg
4430.5,285.3208488225937,1.4558823529411764,0.6839047028919956,0.9473965572543569,24.599297012302284,50.69453282708886,156.70254833040423,58.61644646913926,58.296792618629176,33.642439203296476,13976.646600988566,298.8984093637454,0.4579922150867935,0.3091297683516595,A,grading/data_processed/onion/A/Onion_Red_2_r1_209__100.jpg
4327.0,277.76449859142303,1.5151515151515151,0.7047633069114484,0.9311383688401119,20.316842815381158,40.3589710119729,145.36519001574095,63.40986944420468,57.381380706094,32.86411015871418,14081.81451053719,282.2411998775634,0.43149155680792445,0.31270157796140235,A,grading/data_processed/onion/A/Onion_Red_2_r2_2__100.jpg
6457.0,313.5634882450104,0.9387755102040817,0.8252578729463711,0.9698107539801742,146.7442354368932,49.636547317817886,98.71404733009709,40.70022344649772,84.85983009708738,49.02009210587255,4180.531462736758,394.4858712715856,0.4549035305506243,0.2545216912481014,A,grading/data_processed/onion/A/Onion_Red_3_r2_106__100.jpg
6688.0,314.8771984577179,1.098901098901099,0.8476639292690639,0.977920748647463,20.89724420990912,13.215957458455465,121.48856640281443,50.27051216044029,87.94605687481678,51.185131056755765,5763.966246818018,477.80275280275276,0.40073648343302265,0.23901765014914075,A,grading/data_processed/onion/A/Onion_White_1_68__100.jpg
6584.0,311.56348943710327,1.1235955056179776,0.8523276311837757,0.9808566108007449,35.50580529919619,9.8550168235895,49.336260791902355,29.971990960995303,86.40503125930337,50.09194123460679,3213.4765997222576,423.51265463625015,0.5110270303817284,0.23433472091747945,A,grading/data_processed/onion/A/Onion_White_2_r0_21__100.jpg
4897.5,317.80612993240356,1.36986301369863,0.6093401136025163,0.9309951525520388,36.09336511720302,58.53900987439923,78.78367103694875,53.13312905906552,64.60011918951132,37.233390864889884,5749.822856520924,387.2198699321987,0.4628330575350464,0.29703563041547953,A,grading/data_processed/onion/A/Onion_2_r1_142__100.jpg
5562.5,380.5756813287735,1.0,0.48261167173746444,0.7853310744035014,15.943755458515284,16.219164303379788,144.3949344978166,49.07071815710703,74.55668122270743,44.051543563146176,2983.2771193120975,317.69692825583843,0.5066685975916364,0.3920915657766181,A,grading/data_processed/onion/A/Onion_White_1_r2_106__100.jpg
6757.0,320.3919153213501,1.1111111111111112,0.8271812576442807,0.9748953974895398,20.806671501087745,10.198247322799663,124.94778825235679,51.80480629813006,89.06845540246556,52.12465909175301,5335.731633469136,467.81245791245794,0.40775896262492206,0.2209389422588493,A,grading/data_processed/onion/A/Onion_White_1_41__100.jpg
5521.0,283.9066342115402,1.0,0.8607490044132636,0.9807265298872013,148.05494505494505,48.667317501684956,106.89968096419709,46.6880732318556,72.41049273307338,41.56030562558445,5245.102863703691,384.91205560010695,0.41665903111942676,0.2380038288709357,A,grading/data_processed/onion/A/Onion_Red_3_r_116__100.jpg
6809.5,320.49242174625397,0.91,0.8330854675405239,0.9727857142857143,15.432004604979134,11.485098444607301,143.01626133256585,51.617906617390034,89.60123758814218,51.91042467703994,5327.6007414563455,582.4563333333333,0.3823600750649328,0.22191474561413813,A,grading/data_processed/onion/A/Onion_White_1_r_138__100.jpg
4641.5,277.6639940738678,0.7,0.75653510621708,0.9603765776950135,13.227941176470589,23.36562549098077,152.75042016806722,57.06695812733929,61.08844537815126,35.27183084792548,10953.78800797959,417.1866666666667,0.4496538516753188,0.2996335365887592,A,grading/data_processed/onion/A/Onion_Red_2_r0_166__100.jpg
4487.0,286.87719643116,0.69,0.6851314088127538,0.9489267209474463,27.000651182982416,52.151069978076016,151.1814629911005,53.73545466151305,59.41133058389408,33.41265280701673,12208.326074354127,369.336911764706,0.4788186031399975,0.3121555194756299,A,grading/data_processed/onion/A/Onion_Red_2_r0_222__100.jpg
5760.0,347.36247849464417,0.9591836734693877,0.5998829764632965,0.8857450407504229,35.23523438822136,10.382358602326084,50.74665764088678,29.248770309966684,76.19614147909968,44.23698405755457,3294.100614011553,472.6646916831248,0.5798557661978405,0.34175682038324773,A,grading/data_processed/onion/A/Onion_White_2_r1_148__100.jpg
6667.0,315.0193327665329,0.93,0.8442399599813073,0.9782831988261188,20.694219738196793,15.686727980865097,129.03471098690983,51.23337702744732,87.66671569348433,51.05066823969098,5101.971728743208,493.38152173913056,0.4440446669912455,0.2553002420887729,A,grading/data_processed/onion/A/Onion_White_1_r_44__100.jpg
6915.0,326.73506212234497,1.075268817204301,0.8139740616506039,0.9738750792197732,31.60223891171886,56.38623471720641,82.77327476264702,51.70440235733155,90.6380898398753,51.95897118239422,2061.0052199676265,456.0911263169328,0.3717564541023092,0.22832909341981525,A,grading/data_processed/onion/A/Onion_2_r1_192__100.jpg
6568.0,311.220343708992,1.1111111111111112,0.85213234827581,0.9803716695275767,18.406357260110433,20.83893538673779,142.17698850917773,53.109640828265164,86.66706461722131,50.60251248392004,6319.721742172839,495.0245791245792,0.3847684685746974,0.24220976087942656,A,grading/data_processed/onion/A/Onion_White_1_159__100.jpg
4630.0,303.4213534593582,0.74,0.63197307036232,0.9069539666993144,42.7414951700966,53.33343243047589,84.14489710205795,52.89201161907201,61.351322973540526,35.97771965777534,8196.479786997808,549.0665753424657,0.483011093773118,0.33816618814020427,A,grading/data_processed/onion/A/Onion_2_r0_1__100.jpg
5476.0,444.75944662094116,1.043010752688172,0.3478747771110405,0.7788365808562082,15.728684907325684,11.90401438442956,145.95904677846426,44.44791769323236,74.2586054721977,44.02312668116734,3166.2541045975554,446.3362455197133,0.4644192231396051,0.3549953366510788,A,grading/data_processed/onion/A/Onion_White_1_r_87__100.jpg
5422.5,312.1492751836777,1.2048192771084338,0.6993341930802623,0.9529039627449257,30.57926938995861,52.3598420159524,86.61022134245096,48.48779594748025,71.45150260932158,41.0575077843961,5646.54069391784,452.9344042838019,0.45818541408626506,0.31651306576596405,A,grading/data_processed/onion/A/Onion_2_r1_228__100.jpg
6593.0,312.39191603660583,1.1111111111111112,0.8489719982504561,0.9771750407588558,35.9900401367623,10.899123466031883,50.817154749516874,31.426481984679576,86.6151330459343,50.07394944658458,3058.5603695802465,422.7627384960719,0.518139881032745,0.24069355359427816,A,grading/data_processed/onion/A/Onion_White_2_r0_44__100.jpg
7439.5,325.11983823776245,1.0,0.8844365295065714,0.9873913332006106,28.38888888888889,49.03599991840165,160.00844550013196,57.83921418676046,98.4300607020322,55.47967302343764,3078.23134864,430.27222222222224,0.3664905875051886,0.22817174601385756,A,grading/data_processed/onion/A/Onion_Red_2_r1_101__100.jpg
4511.0,275.0782084465027,0.7,0.7491526442798007,0.9523910060171012,15.075410544511668,28.606556332324743,156.45548833189284,52.47518208024918,59.62878133102852,33.32729137727764,11688.044628061221,312.0468115942029,0.46919926608434925,0.3198238297619424,A,grading/data_processed/onion/A/Onion_Red_2_r0_196__100.jpg
6332.5,321.948264837265,1.0101010101010102,0.7677377311835892,0.9431081986745103,146.8576286906786,48.18468084606204,94.94172205905086,41.75392034103453,83.31952388313495,48.365353099614445,4472.625614774003,373.01805938169576,0.48590338268156363,0.33446877927944685,A,grading/data_processed/onion/A/Onion_Red_3_97__100.jpg
6781.5,319.94826579093933,0.96,0.8324844098006787,0.9748436713864731,20.448894029203412,13.264478528666773,128.12780106982797,49.90569250357278,89.31863524649414,51.8075749957095,4317.042550770399,376.5313684210528,0.43023629091744403,0.2649527005297466,A,grading/data_processed/onion/A/Onion_White_1_r_34__100.jpg
6080.0,480.7594470977783,0.9587628865979382,0.3305657005331861,0.8335046953183906,20.175759503737872,18.607328349961055,133.76141243836489,50.2356149191772,81.73500874821059,48.10081422412816,3793.821506853394,554.4536082474227,0.4399855142083485,0.28448294072783054,A,grading/data_processed/onion/A/Onion_White_1_r2_173__100.jpg
6843.5,326.14927554130554,1.0869565217391304,0.8084539722685455,0.9713981547196593,26.932856120257696,51.49775833710292,78.8234788833214,50.026465936791844,89.74688618468146,51.49808496592281,2049.77096805293,480.9311594202899,0.36663252418346853,0.22750680652890384,A,grading/data_processed/onion/A/Onion_2_r1_180__100.jpg
4185.0,271.56348943710327,1.5151515151515151,0.7131199156928083,0.9446952595936795,31.45731565480344,58.40739906474854,150.0844382414515,54.78713560415783,55.345196557338916,31.840122128162204,14667.18653147383,265.7072237526783,0.5164243712295662,0.3351054939532799,A,grading/data_processed/onion/A/Onion_Red_2_r1_28__100.jpg
5728.0,301.56348943710327,1.2345679012345678,0.7915080813710946,0.9608320053677766,31.93836435035001,55.217867879537096,80.08212395424279,51.60505164580213,75.139320471231,43.148797575367325,4245.325697241275,432.8538471131063,0.43006916357790026,0.2647507799765539,A,grading/data_processed/onion/A/Onion_2_r1_150__100.jpg
7112.5,336.43354630470276,0.96,0.7896480305071961,0.9670949758651166,15.29000689179876,13.411598020922018,148.8713990351482,48.981931738586255,93.592005513439,54.13095173824523,3905.731494748264,431.60621052631586,0.3800131856524871,0.2300818714936657,A,grading/data_processed/onion/A/Onion_White_1_r_119__100.jpg
3745.0,270.73506259918213,1.6129032258064515,0.6420556576527325,0.9166564679965733,18.187872505830526,41.44869100609787,157.72350349831564,60.74879131375824,49.736719357346466,28.636087835576216,19021.64457221644,235.45063538611925,0.5163197807928817,0.3640105866984963,A,grading/data_processed/onion/A/Onion_Red_2_r1_182__100.jpg
4124.5,280.83556711673737,1.4705882352941178,0.6571688256594254,0.9145232815964524,31.78751472320377,45.77737478272108,87.76136631330978,56.73292308368769,54.917078916372205,32.893205544193634,10006.151851124567,369.9249851455734,0.5232112782607059,0.365822096873526,A,grading/data_processed/onion/A/Onion_2_r2_68__100.jpg
5534.0,387.50461399555206,1.0,0.4631218408648729,0.7759394279304543,16.197333801087527,15.430062436042768,143.41168216102437,49.13465309440574,74.1631292755657,43.48136051766188,2936.6684304779124,305.15253524090053,0.5136972110098713,0.3944085901477405,A,grading/data_processed/onion/A/Onion_White_1_r2_109__100.jpg
4566.0,275.90663492679596,0.71,0.7537398595118963,0.9555299780265774,15.12427930813581,26.415412278820867,152.44992526158447,54.00140183617444,60.18876788383515,34.138196017524336,11886.794764431661,358.6082857142857,0.457715259804222,0.31971738157571705,A,grading/data_processed/onion/A/Onion_Red_2_r0_184__100.jpg
6578.0,332.7350615262985,1.010204081632653,0.7466320011983212,0.9438943894389439,23.15097426744013,46.08139356432659,84.92354603599584,52.057721345899,86.38866577420794,49.53332326814572,2486.9857281199493,473.56788837984163,0.4337781693345591,0.2954370468796739,A,grading/data_processed/onion/A/Onion_2_r2_293__100.jpg
6638.5,412.374671459198,0.9795918367346939,0.49056420800004524,0.9319154909805573,147.9410038156736,49.018024220620674,120.23275609040212,39.689932007932754,88.1130026416202,50.69412957824818,1809.8886230559137,476.44124597207303,0.4287316420782339,0.2591879244860493,A,grading/data_processed/onion/A/Onion_Red_3_r2_68__100.jpg
4571.0,319.56348967552185,1.4285714285714286,0.5624795988287943,0.9115564861900488,34.80420471437672,55.16032247711878,81.43087704395838,55.34829725877102,60.37481418560204,35.02070331752628,8079.341013693877,368.08831168831176,0.4765292708318635,0.31407951541117796,A,grading/data_processed/onion/A/Onion_2_r1_137__100.jpg
6053.0,341.3624782562256,0.95,0.6527531440816622,0.9091318714328627,146.54702371350217,48.37848515479951,91.02161638974027,39.945633935335415,79.7977093079529,45.99752815951438,4404.528736132965,340.98595744680836,0.5064991697595976,0.3326197592677247,A,grading/data_processed/onion/A/Onion_Red_3_130__100.jpg
4158.0,319.2203425168991,0.67,0.5127589275412142,0.8698744769874477,48.89522700814901,62.69266249452815,77.33224679860302,50.67240280479397,55.10197904540163,31.92057712583105,10954.338604054356,451.08575757575755,0.46621402981800714,0.3367957571018919,A,grading/data_processed/onion/A/Onion_2_r0_156__100.jpg
6638.0,337.36247861385345,0.91,0.7329149060912536,0.9644050559349121,16.126069006192864,12.604486400117585,142.27543497493366,54.51788303437247,87.42140961368328,50.54953337651418,4688.818165004226,560.8338888888889,0.36641541298403374,0.23886617463072504,A,grading/data_processed/onion/A/Onion_White_1_r_158__100.jpg
7097.0,321.22034430503845,0.93,0.8643280009351696,0.9828278631768453,18.114996544574982,8.620448863856375,136.03648928818245,48.771835776473445,93.58327574291638,54.473364307578635,3634.8326088449535,316.81217391304347,0.4011289591319222,0.2098033893739961,A,grading/data_processed/onion/A/Onion_White_1_r_60__100.jpg
6515.5,375.2619733810425,0.89,0.5814180323506255,0.9580208792824585,21.93994308821327,40.73385698119799,85.53197543807099,49.72423944621391,85.76905796016175,49.32744295351496,2425.408134566343,587.5207954545455,0.3554007691143376,0.23336417698789946,A,grading/data_processed/onion/A/Onion_2_r2_130__100.jpg
5397.0,349.22034323215485,0.9381443298969072,0.5561132111366964,0.8491189427312775,35.63939448549288,15.566235903133816,52.93674535952424,35.79264585775783,71.41539016038926,41.35498654114631,2332.366766852,347.1632302405498,0.5843436564554298,0.35683250278407785,A,grading/data_processed/onion/A/Onion_White_2_r1_22__100.jpg
4727.5,307.80612885951996,1.2048192771084338,0.6270279145293455,0.8873768183951196,143.46182342045688,52.024278508015406,91.26301708170405,44.77522436632649,62.41243054126363,35.89999340509637,9247.718918914212,350.335767311671,0.572845578206812,0.4022374735388899,A,grading/data_processed/onion/A/Onion_Red_3_r_49__100.jpg
6978.0,318.87719643116,1.0526315789473684,0.8623705224130929,0.9801938474504847,84.28858588698341,85.81145729858737,116.98706775372504,43.1730973573567,91.64619061006466,52.679822379525504,2836.5619977728534,372.59904306220096,0.3840921899564251,0.23709063668484712,A,grading/data_processed/onion/A/Onion_Red_1_r2_138__100.jpg
6609.0,310.87719810009,1.1111111111111112,0.8593456399495761,0.979982206405694,19.821688176828363,9.319763079513548,124.56475300400534,49.48394566923948,86.88740542946151,50.61895421231335,5393.09614902469,444.443771043771,0.3764848487199652,0.23915402739691258,A,grading/data_processed/onion/A/Onion_White_1_80__100.jpg
5810.0,465.24472749233246,1.1111111111111112,0.3373052309160106,0.85592221567472,35.11534620505992,11.558490929322542,51.39830226364847,31.744627083161447,77.45672436750999,45.13887939989163,3209.0461546172837,613.1289562289562,0.5745506838234111,0.3165721451568801,A,grading/data_processed/onion/A/Onion_White_2_r0_16__100.jpg
5018.0,313.3624778985977,1.103448275862069,0.6421648581988052,0.909634732167135,149.11805825242718,47.64534476507738,101.57378640776699,44.43513754642758,66.15378640776699,38.037917212398696,8564.756899358656,354.8675136116153,0.5340995545632677,0.3707533285410378,A,grading/data_processed/onion/A/Onion_Red_3_r2_36__100.jpg
3700.0,285.07820773124695,1.2328767123287672,0.5721152820686753,0.8724357462862532,145.51439037153324,50.260063357912394,100.52668759811617,50.5280975190753,49.274201988487704,29.211953193807368,16115.888321969933,299.92073264583655,0.5784689445066121,0.4024122832939824,A,grading/data_processed/onion/A/Onion_Red_3_r_131__100.jpg
4789.0,310.24977946281433,0.76,0.6252183819328682,0.9086424437909116,41.66450040617384,51.93594472738501,85.03452477660439,54.85191668641131,63.467506092607636,37.30657617238128,7795.393679778393,484.6033333333334,0.4784455316012612,0.3346278596358117,A,grading/data_processed/onion/A/Onion_2_r0_10__100.jpg
3715.0,265.7644989490509,0.62,0.6609593461647888,0.9185313388552355,36.1344998694176,61.016367126724965,154.94750587620788,56.70401322546637,49.23609297466702,28.716936871705514,14953.387741701354,340.6247540983606,0.5079605716459852,0.3614074691736777,A,grading/data_processed/onion/A/Onion_Red_2_r0_33__100.jpg
5997.0,319.220343708992,0.95,0.7395419108941933,0.9286156704862186,145.8537658950114,48.09537013036178,94.70313009455494,41.404606520672914,78.8549070753179,45.42366385738902,4169.097971900277,363.63691489361696,0.5103768120964466,0.3408959183704193,A,grading/data_processed/onion/A/Onion_Red_3_176__100.jpg
4118.0,350.3919161558151,0.69,0.4214907520408438,0.8155262897316566,45.26715055022243,63.78464884690633,71.86396628424257,54.089643423989365,55.01475064387731,32.02818674429195,9458.703950829657,488.82544117647063,0.47267797184369786,0.35959602237505145,A,grading/data_processed/onion/A/Onion_2_r0_244__100.jpg
3713.5,264.0071407556534,0.63,0.6695175181886223,0.9231821006836545,42.53894406691061,66.54589519741364,156.8379508625196,56.67088782434461,49.307370622059594,28.669742552767346,17275.956330839002,348.4675806451614,0.5158504294127452,0.36960188596691684,A,grading/data_processed/onion/A/Onion_Red_2_r0_24__100.jpg
4499.5,305.3208478689194,0.71,0.6065424493405385,0.9021553884711779,41.95854027207947,53.62400599090583,85.61390628374001,55.075307514590186,59.84301446771756,35.379946763958245,9637.43366020631,560.0717142857142,0.47283710571168275,0.32909607182370915,A,grading/data_processed/onion/A/Onion_2_r0_332__100.jpg
4221.5,278.00713992118835,1.5151515151515151,0.6863802174313046,0.9338568742395753,48.12255240727943,71.39270878114093,150.11310757889888,61.993838381542865,56.30891499654457,32.28254647568151,14244.502102272727,300.64830119375586,0.5120750506936057,0.3284075599457314,A,grading/data_processed/onion/A/Onion_Red_2_r2_168__100.jpg
7499.0,326.0487701892853,0.99,0.8864374275140561,0.9895750857746107,52.314569969891345,76.88659003517282,159.28275952349784,50.77616347512033,98.72483309333683,56.565843686520104,1770.5623151107031,312.87520408163266,0.3916278953782944,0.213180776139138,A,grading/data_processed/onion/A/Onion_Red_2_r2_246__100.jpg
6631.0,312.5340518951416,0.91,0.8530887347153329,0.9796129413502733,15.607718468135444,10.207330788120936,144.876681945882,53.86463550390749,87.26511903001627,50.40159531725958,5150.953428462745,637.2167777777777,0.38290347882015563,0.24223849333729144,A,grading/data_processed/onion/A/Onion_White_1_r_149__100.jpg
6077.5,337.1198388338089,0.94,0.6719952608324546,0.9154929577464789,147.35888781742204,47.65021014730089,91.97589199614272,39.93463073834801,79.98955319832851,46.19715189936116,4557.855830285197,339.9474193548387,0.5036307039918586,0.3247067479947362,A,grading/data_processed/onion/A/Onion_Red_3_127__100.jpg
6935.0,316.73506247997284,0.9393939393939394,0.8686884452092007,0.9843162302178695,19.180429864253394,9.474839952363812,127.86213235294117,50.30960504872733,91.99703054298642,54.388271950832646,4376.38331087874,385.90118577075106,0.4147179686583359,0.2170845114533827,A,grading/data_processed/onion/A/Onion_White_1_r2_133__100.jpg
5731.5,395.7472540140152,0.9690721649484536,0.4598776893497408,0.806288246465499,17.476448661470688,10.310646197128648,145.83209081667232,49.165855658056444,76.96882412741444,45.23419285518219,3486.100916400077,392.33433100543175,0.48521588931104365,0.3388803346917348,A,grading/data_processed/onion/A/Onion_White_1_r_64__100.jpg
5201.0,349.3624778985977,1.065934065934066,0.5354811647468386,0.8991269772668338,33.18239581386657,14.55328709068952,63.63670341992151,44.14003503878615,69.07026723976827,40.11490592477278,1750.2210468670662,333.94299450549454,0.5766335610697778,0.38052975882527,A,grading/data_processed/onion/A/Onion_White_2_r1_193__100.jpg
6158.5,323.94826447963715,0.99,0.7374515530760504,0.9314830220071089,148.13611817026683,46.23890083985639,99.44377382465058,42.14156742693792,80.94901524777637,46.48891916499419,4401.638036720743,416.6258163265307,0.4969406131016057,0.35090819724033573,A,grading/data_processed/onion/A/Onion_Red_3_196__100.jpg
4596.0,275.07820785045624,0.69,0.763268802489732,0.9628155441499948,11.511775938892425,15.847402460446055,152.08147676639084,56.51604909219009,60.54211754720985,34.687100904563174,11133.072218945601,398.34529411764703,0.4350147250829233,0.295896057161292,A,grading/data_processed/onion/A/Onion_Red_2_r0_164__100.jpg
6586.0,313.0782079696655,1.1235955056179776,0.8443566182237878,0.9749814951887491,16.16364177328176,14.08895525677898,144.09803629872061,51.28964659630346,86.77521570961024,50.29730613959297,5507.962133202878,554.7313585291113,0.3812610072680299,0.2320413210376645,A,grading/data_processed/onion/A/Onion_White_1_171__100.jpg
3843.5,310.0071403980255,0.57,0.5025662908032118,0.8713443663568352,33.23900477506911,51.313532223069686,76.9907011812013,52.447823869885426,51.41894948479518,30.87224325622422,12711.802735734072,460.01500000000004,0.4424918082280336,0.2784431366673327,A,grading/data_processed/onion/A/Onion_2_r0_118__100.jpg
6910.0,332.8771975040436,1.0309278350515463,0.7836458147009536,0.9636034025937805,34.41117255068765,56.33177025140708,87.56727633631078,49.87042806659045,90.69743371614916,52.18370565246629,1901.1494111063876,436.9939602207645,0.40005599325372193,0.2601744999522791,A,grading/data_processed/onion/A/Onion_2_r1_213__100.jpg
6201.5,306.6345567703247,0.9894736842105263,0.8288280075175645,0.966793982383662,148.11023373341757,47.57637915581247,101.23341756159192,41.22153109150739,81.2885344283007,46.70399430406799,3947.1337849191614,370.4208262591963,0.48615078871900824,0.2764977301298877,A,grading/data_processed/onion/A/Onion_Red_3_r_65__100.jpg
4297.5,291.3208473920822,0.67,0.6363303246652123,0.9123235325337014,52.94504748982361,74.3856576369725,144.9301221166893,53.57335479205792,57.22659430122117,32.54367330541293,15025.17454335041,400.2465151515152,0.4743786481253634,0.3184174271974872,A,grading/data_processed/onion/A/Onion_Red_2_r0_262__100.jpg
6591.0,360.1909055709839,0.88,0.6384041321048239,0.9611374407582939,23.164838422769048,44.67982865451469,91.04550844945153,53.03856512565066,86.87503705899792,50.08904560687302,2115.902554119318,578.0931034482759,0.34264930406898025,0.21771498578419274,A,grading/data_processed/onion/A/Onion_2_r2_145__100.jpg
3656.5,302.8355669975281,1.5625,0.5010276356834032,0.8720486525160983,33.99841605068638,55.15827756150806,88.47386483632523,55.206835840321425,48.97544878563886,29.0240438356671,11666.790989038085,314.11000631313135,0.5356640959140896,0.3940019575153834,A,grading/data_processed/onion/A/Onion_2_r1_261__100.jpg
6942.0,316.8771983385086,0.94,0.8687853603532322,0.9846808510638297,18.444821251942912,7.546883304037482,135.0146954924403,48.492804999652144,91.29080118694363,52.90942018721005,4154.086129470349,336.4805376344086,0.43080976405209126,0.23352048883848509,A,grading/data_processed/onion/A/Onion_White_1_r_55__100.jpg
5671.5,397.74725353717804,0.9690721649484536,0.45049857484971756,0.7956649831649831,17.753722402875237,11.92179294844326,145.17114495978095,49.22042068697856,76.18090022248845,44.71518207350422,3179.6567133429985,392.2043010752688,0.490422509557157,0.3452034009707592,A,grading/data_processed/onion/A/Onion_White_1_r_65__100.jpg
6328.0,353.7056246995926,1.1764705882352942,0.6356124602015973,0.945041816009558,26.158000308594353,49.90795447956111,95.09998457028236,53.905088417710246,83.61132541274495,47.64741202155907,2307.6905228373703,538.1190730837789,0.37459386579864845,0.22394018842850377,A,grading/data_processed/onion/A/Onion_2_r1_1__100.jpg
4956.5,297.806129693985,1.0348837209302326,0.7022919809518606,0.9257564437803512,146.68148731064332,49.08898424874361,97.06216801101712,43.6429189938288,65.32461144993114,37.69725324274345,9026.053165012612,343.72225158562367,0.5117708941594565,0.3195668007941433,A,grading/data_processed/onion/A/Onion_Red_3_r2_112__100.jpg
6647.5,316.3502857685089,0.85,0.8347025645082907,0.9738499853501319,25.284809194047444,46.63884999165344,94.28569323707087,52.19963582608808,87.34787092971858,50.18686413272968,2556.418162643599,558.7390476190476,0.3456107019661051,0.1853391166265973,A,grading/data_processed/onion/A/Onion_2_r2_165__100.jpg
6401.0,349.0193316936493,1.0,0.6603264991706587,0.9220021606049694,79.7557251908397,84.90389282500684,115.12625954198474,44.83825143058643,84.32793893129771,48.5144813308913,4906.656664,419.7215151515153,0.4514671945625126,0.33189965637193153,A,grading/data_processed/onion/A/Onion_Red_1_32__100.jpg
4381.0,302.7350628376007,1.4285714285714286,0.6007000516750962,0.928374655647383,34.73664375969852,54.42615560399161,89.09532254489027,50.27718118783686,58.02682332077145,33.54314365123124,9494.08447142857,340.8398268398269,0.5029104039445877,0.3425672205238102,A,grading/data_processed/onion/A/Onion_2_r1_242__100.jpg
3750.5,269.66399443149567,0.63,0.6481165436422964,0.9173290937996821,28.01992238033635,51.61639145664579,153.3130659767141,58.12279277656082,49.78809831824062,28.5781806079788,15887.639637188207,324.0883870967742,0.49786623629193777,0.36402738073254454,A,grading/data_processed/onion/A/Onion_Red_2_r0_45__100.jpg
5107.0,339.7056245803833,1.0212765957446808,0.5561222185076556,0.849962553049846,33.64820102798401,10.394593217220217,70.35712925947078,40.40132770960001,68.00856653340948,39.72481156428569,1814.0106359400934,293.9768197088465,0.5893532691019151,0.404790447154265,A,grading/data_processed/onion/A/Onion_White_2_r1_116__100.jpg
3885.0,275.9066345691681,1.5873015873015872,0.6413226810764212,0.9192002839228676,19.383808095952023,42.999734058791354,149.30459770114942,62.75498649259471,51.84682658670665,30.322327654670787,18376.79424399093,297.4255250921917,0.4917264889197529,0.3510021524471181,A,grading/data_processed/onion/A/Onion_Red_2_r1_166__100.jpg
7030.0,422.13203048706055,1.0101010101010102,0.49575668089345826,0.93889816360601,86.72028844820413,84.54749958952073,121.84440438219387,36.42583440321115,93.6222437942033,54.47563605250364,2220.8998316396282,466.65687174778077,0.39852181615996063,0.2552247602204003,A,grading/data_processed/onion/A/Onion_Red_1_r_99__100.jpg
7061.5,326.6345565319061,0.96,0.8317303874776901,0.9710533553355336,15.987503471257984,12.386271723262839,142.03401832824215,55.39710555377786,92.8074146070536,53.36303685429865,4018.4020433919272,460.4733684210527,0.3849084122622797,0.23468045109770827,A,grading/data_processed/onion/A/Onion_White_1_r2_62__100.jpg
5893.0,353.5046136379242,0.95,0.5925924755257845,0.9103267166138874,58.291246069832866,79.17676231092653,116.70726460367368,42.03126648599438,77.47079265265596,44.564752248378205,6263.719027711911,394.43361702127646,0.5068110794354448,0.3506898152739747,A,grading/data_processed/onion/A/Onion_Red_1_199__100.jpg
7516.0,326.0487698316574,0.98,0.8884469555688951,0.988427143608627,15.873955067920585,31.726235082466232,153.15922152560083,53.88510565947876,98.53879310344827,56.548077027174905,2704.160174760517,439.4636082474227,0.3312694190931039,0.20331972249312583,A,grading/data_processed/onion/A/Onion_Red_2_r2_78__100.jpg
4303.0,281.07820773124695,1.4705882352941178,0.6844265667987017,0.9305795847750865,35.1774813475017,56.757775678441156,91.32330997060818,56.2562522799358,57.07483608410581,33.42572096302931,8537.744199286333,381.2009803921569,0.47324400183057963,0.33713017080210517,A,grading/data_processed/onion/A/Onion_2_r2_212__100.jpg
7423.5,322.29141092300415,0.98,0.8980925907497372,0.9909891870244293,35.8239650839836,65.49222606826889,163.38579552969185,50.65854590592252,97.71657188202619,55.882634883915294,1824.913218565181,317.3027835051546,0.3809582246324494,0.2143298349226095,A,grading/data_processed/onion/A/Onion_Red_2_r2_252__100.jpg
5465.0,344.1909053325653,0.9175257731958762,0.5796972618567875,0.874749899959984,34.86083392729864,13.058863330808377,50.796507483962934,32.78433277236337,72.3399857448325,42.03541787021597,2653.902706674473,396.6608481724461,0.5623700270820626,0.3353303907959662,A,grading/data_processed/onion/A/Onion_White_2_r1_25__100.jpg
3820.0,265.76449859142303,0.63,0.679640567737469,0.9270719572867371,51.98347737671581,75.34093990475567,150.00152516522624,55.410874569450044,50.41255719369598,29.030125735558286,13904.644653565128,317.44209677419354,0.517188770446843,0.3527760430137705,A,grading/data_processed/onion/A/Onion_Red_2_r0_2__100.jpg
6648.0,315.2203434705734,1.1235955056179776,0.8407606919943571,0.9774314489450856,20.62715612560814,12.490043670665404,123.07386112339672,49.6003904366929,87.9767064720625,52.122314893021155,5649.585887438455,502.23130178186364,0.41791470937898784,0.2244286282899407,A,grading/data_processed/onion/A/Onion_White_1_27__100.jpg
7178.5,321.80613029003143,1.0416666666666667,0.8710737828459725,0.9840976077866886,80.57878912122455,82.92799149676443,118.70739374060408,46.94919823282699,94.19721197211972,53.85967272895796,3924.835972645399,478.9701178451179,0.33258355155973157,0.22334669365027898,A,grading/data_processed/onion/A/Onion_Red_1_r2_48__100.jpg
6702.0,321.2203438282013,1.1111111111111112,0.8162218232303212,0.9732084513177957,21.43786549707602,14.141937099194795,125.31944444444444,50.76010401807012,88.5327485380117,51.9910595445266,5522.325788444445,528.4299663299663,0.4176473399073745,0.22641394606883408,A,grading/data_processed/onion/A/Onion_White_1_38__100.jpg
6528.0,312.3919161558151,1.1123595505617978,0.840602032511639,0.9731663685152058,20.571900330231163,9.448807063842722,120.4393575502852,49.43859699140235,85.88952266586611,50.02206161241123,5895.916866872837,530.855308415501,0.41591516246641264,0.231399828949258,A,grading/data_processed/onion/A/Onion_White_1_56__100.jpg
6108.0,322.5340518951416,0.97,0.737832442708966,0.9354468182862393,146.15164131305045,49.21625193848194,97.41313050440353,41.64515956482736,80.2240192153723,45.91595621967687,4545.537179838453,374.86979166666674,0.5025313366439146,0.34293229763889094,A,grading/data_processed/onion/A/Onion_Red_3_189__100.jpg
4110.5,285.32084822654724,1.5151515151515151,0.6345085866116513,0.931663644605621,32.834357277882795,53.03135749892281,88.73818525519849,56.34116621703316,54.8265595463138,33.08725894960839,9266.699641299358,413.82904805632074,0.48325455523945887,0.3465817892326255,A,grading/data_processed/onion/A/Onion_2_r2_225__100.jpg
3913.0,303.07820773124695,0.57,0.5353160826370186,0.8835948966918822,41.46439169139466,59.637981943619764,74.12660731948566,46.80475677153189,52.15677546983185,31.130141475694707,12424.520083102492,434.7808928571429,0.42563681275667486,0.2691491459304712,A,grading/data_processed/onion/A/Onion_2_r0_126__100.jpg
6586.0,319.5634890794754,1.098901098901099,0.8104333081832407,0.9710999705101739,18.564991076740036,12.677898856198922,125.22932778108269,57.15215294841591,86.87284354550863,50.76502523602903,5321.502763857023,445.7352647352647,0.4293611273901507,0.2497197845283373,A,grading/data_processed/onion/A/Onion_White_1_11__100.jpg
6437.5,371.11983728408813,0.95,0.5873524273215961,0.9135741148087703,57.438399757539024,79.37700168595069,117.17563267161691,42.478311486801765,85.04864373389907,48.76598961879833,4694.429233506925,445.1476595744679,0.4114198055179424,0.2914937004646807,A,grading/data_processed/onion/A/Onion_Red_1_60__100.jpg
5180.0,288.0487698316574,1.3157894736842106,0.7845264208721136,0.9636312901125477,12.875306545934729,24.455274991999676,157.96340313148463,61.155855427943116,68.12525938502169,39.05533449567439,8903.816102216066,390.7832270069112,0.4213427210997022,0.28846403757601896,A,grading/data_processed/onion/A/Onion_Red_2_r2_50__100.jpg
3833.0,296.93607199192047,0.56,0.5462893889353188,0.8831797235023041,44.3996971990916,61.77351712935543,86.88266464799395,56.21960572067948,51.061821852132226,30.057837483051188,13563.066758896683,486.33072727272736,0.41069156916739874,0.27100187550813304,A,grading/data_processed/onion/A/Onion_2_r0_288__100.jpg
4243.0,277.5634880065918,1.5384615384615385,0.6920830659383883,0.9462533452274755,21.189908256880734,46.92814328419191,156.15940366972478,59.46715656340164,56.07224770642202,32.08775325119049,14411.172819786983,289.11235431235434,0.4744987586494933,0.3138206005759346,A,grading/data_processed/onion/A/Onion_Red_2_r1_206__100.jpg
4337.0,340.87719690799713,0.74,0.4690329855709613,0.8189972618260788,45.31244424620874,62.68761184098043,70.38983050847457,53.25784437593768,57.701382694023195,33.57918049835287,10382.74296331264,509.03780821917803,0.48718778559791925,0.37397920110592187,A,grading/data_processed/onion/A/Onion_2_r0_234__100.jpg
4259.5,294.29141092300415,1.36986301369863,0.6180353443589758,0.9118056298833351,31.958932238193018,53.446655376922266,80.01300479123887,51.981073484703494,56.33835272644308,32.3828879377706,9886.013812629013,313.3262764632627,0.5265703508259684,0.38638841153012593,A,grading/data_processed/onion/A/Onion_2_r2_254__100.jpg
7070.0,336.87719655036926,0.95,0.7828635074544241,0.9672344209590259,15.086070686070686,9.776671500450094,146.77823977823977,48.83772212518102,92.96299376299376,53.749398126282294,4272.223739601109,459.3396808510638,0.38457470988486925,0.22542703803981112,A,grading/data_processed/onion/A/Onion_White_1_r_128__100.jpg
3717.0,265.76450061798096,0.62,0.6613151706160436,0.9231342356885632,38.77342730357609,63.29865926635069,153.5956669276951,55.35144988104624,49.4489689376142,29.41203065460071,15557.88119573361,391.5826229508197,0.5001855192795801,0.36108091554834765,A,grading/data_processed/onion/A/Onion_Red_2_r0_34__100.jpg
6722.0,310.53405117988586,1.098901098901099,0.8759713739329167,0.986426003375156,26.003502115861668,51.22901020270512,150.7449292280753,52.66022036356634,88.1911571574493,49.85361847529282,3750.5512911001083,410.5462315462316,0.38488537562527314,0.2322706697072923,A,grading/data_processed/onion/A/Onion_Red_2_r1_62__100.jpg
6665.5,315.9482651948929,0.94,0.8390940598115239,0.9744883040935672,21.24488895425798,14.886032013070324,121.490366230328,48.33113571051994,88.42109133696131,52.76335262683708,5453.060025531914,576.2712903225805,0.4436522678819838,0.2619855898718423,A,grading/data_processed/onion/A/Onion_White_1_r2_157__100.jpg
4542.0,274.73506236076355,0.7,0.7561863202963591,0.9540012602394455,13.096178617432374,20.709013185849383,154.25697724345213,53.55354979885355,60.01803349076857,33.84569741343895,11231.217491836735,347.488115942029,0.4607212646318923,0.3155318604633197,A,grading/data_processed/onion/A/Onion_Red_2_r0_189__100.jpg
5820.5,346.1492758989334,1.2658227848101267,0.6104404483774365,0.9286056158264199,37.588914936369726,60.75202937656205,85.04102478231748,52.77572470406155,76.73693904889484,43.7981191338096,3944.7581068899217,496.01956271576523,0.4063773265899933,0.22901500084643936,A,grading/data_processed/onion/A/Onion_2_r1_324__100.jpg
6749.0,318.39191591739655,1.098901098901099,0.8366141920390248,0.9740222254293549,17.222189950624454,8.45970827839902,145.55358698809178,51.91207423527674,88.69924484461225,51.38594143972075,4889.359141408043,505.84604284604285,0.3710305920403237,0.22937422943308533,A,grading/data_processed/onion/A/Onion_White_1_125__100.jpg
7139.0,318.3919162750244,0.93,0.884959061127485,0.9892607219566272,26.735019241341398,50.8209826850521,160.0268004398021,52.85220060805525,95.80552501374382,51.86813509673569,2381.9080541103017,436.57576086956533,0.36127519936154134,0.20354570544732492,A,grading/data_processed/onion/A/Onion_Red_2_r2_126__100.jpg
4708.0,295.220342874527,1.1666666666666667,0.6788186373305428,0.9131994956842208,143.53693358162633,52.851935206876746,92.65694185805917,44.62605788476165,62.108214359611004,35.81361504414904,10064.765583061457,340.2794550810015,0.5799800621914423,0.39988859443187297,A,grading/data_processed/onion/A/Onion_Red_3_r_53__100.jpg
4433.0,291.220342874527,0.68,0.6568469347976409,0.9267272917319954,13.149473222124671,21.101510628861057,150.7978489903424,56.87522890945673,58.70324846356453,33.829210017056745,15391.893615030278,401.9256716417909,0.42774563467674626,0.3093005676802062,A,grading/data_processed/onion/A/Onion_Red_2_r0_97__100.jpg
7488.0,326.04876959323883,0.97,0.8851371491523764,0.9889718021528099,17.721158888306242,34.97515393659874,156.26127425275303,54.11953437625897,98.25891452543262,56.38578308689694,2736.916774747582,436.7603125,0.3319618171333216,0.19838170420740953,A,grading/data_processed/onion/A/Onion_Red_2_r2_76__100.jpg
4542.5,332.49242186546326,0.74,0.5163465710322965,0.8683808067291149,45.4018771331058,60.65184675875598,72.07359215017065,52.846717156598814,60.59577645051195,35.6988344698105,9927.464059532505,497.89506849315075,0.4625601539175277,0.3471745861696125,A,grading/data_processed/onion/A/Onion_2_r0_212__100.jpg
5218.5,326.4335448741913,1.0674157303370786,0.6154120411159593,0.9231381567309394,34.513256161314416,11.390548559760473,69.75093353248693,35.39162565905948,69.30955937266617,40.334710400125736,1980.8461185229066,344.55092039206306,0.5353975393904921,0.35252200915337223,A,grading/data_processed/onion/A/Onion_White_2_r1_93__100.jpg
4865.0,330.391916513443,0.75,0.560059131093463,0.8887468030690537,45.40135782747604,54.836311149824674,78.30051916932908,50.03404735077073,65.0569089456869,39.308303548049274,7814.050823448889,520.6654054054054,0.46054960895875385,0.3148587315259264,A,grading/data_processed/onion/A/Onion_2_r0_40__100.jpg
6102.0,335.705624461174,0.94,0.6804008261155683,0.9224489795918367,143.98046749919948,50.82410447875127,95.30131284021773,38.803422017086454,80.33733589497278,45.89375064849438,4802.3562222612045,394.0297849462366,0.47190339967835104,0.3218506076117795,A,grading/data_processed/onion/A/Onion_Red_3_43__100.jpg
7016.0,317.9066354036331,0.92,0.8723690696520058,0.985947161326588,17.541375454291305,16.962168486132907,140.97120492032428,53.154705437262145,92.21833939055074,53.39102953089093,3450.941944411625,511.2575824175824,0.3594406346723481,0.20691020835020837,A,grading/data_processed/onion/A/Onion_White_1_r2_29__100.jpg
3811.5,313.1787122488022,0.55,0.48833889943325554,0.8527799530148786,44.31020511521904,62.87100670504527,84.91846036971386,53.92775745962129,50.97695619144087,30.431741398269224,13058.512012264464,486.55351851851844,0.41258452992834005,0.26074287798997803,A,grading/data_processed/onion/A/Onion_2_r0_284__100.jpg
5955.0,394.67618691921234,0.93,0.48040750392685744,0.8452203534170747,18.446294482533464,12.76128699567384,137.35847208619,49.55709614052228,79.05664381325498,45.869506714112475,3372.719315192508,405.4706521739131,0.4805017046905778,0.32579104327043173,A,grading/data_processed/onion/A/Onion_White_1_r2_129__100.jpg
6454.5,372.77669167518616,0.96,0.5836802115254549,0.9124902806248675,62.225967351874246,81.15219178420261,116.81136638452237,41.60312391122684,85.28793833131802,48.983238868681624,5171.239469173176,469.6906315789475,0.4171522823523704,0.2957873571754209,A,grading/data_processed/onion/A/Onion_Red_1_58__100.jpg
5986.0,327.70562517642975,0.95,0.7004526521540522,0.9307315556246599,63.254815540319946,81.2596303672037,120.0071825008162,42.81580957375923,78.6682990532158,45.14188099171854,5725.830226304709,401.7578723404256,0.4768675252298277,0.3418152567690221,A,grading/data_processed/onion/A/Onion_Red_1_14__100.jpg
4475.0,279.5634902715683,0.69,0.7195185514829482,0.9512169199702413,20.754844328325714,43.28137690141553,154.70672762900065,53.839230486805434,59.17178314826911,33.413817910010216,13910.937580340264,359.8714705882353,0.47944612544576715,0.3137827134546705,A,grading/data_processed/onion/A/Onion_Red_2_r0_216__100.jpg
3659.5,305.3208487033844,1.6666666666666667,0.49330860789616626,0.878948000480365,26.82010023740438,46.13143205637668,76.29701925613294,54.250888876571,48.57953046689528,28.497352894899095,11617.953096000001,301.3355218855219,0.521411572049495,0.354426786187693,A,grading/data_processed/onion/A/Onion_2_r1_112__100.jpg
3772.0,298.5929263830185,1.5873015873015872,0.531645959743898,0.8956428825834026,33.304202972834446,53.94823512933714,87.58559712967708,53.26568733334302,50.303434136340336,29.582767219212748,11144.567565507685,296.73240339907005,0.5162484271717424,0.3679007049205741,A,grading/data_processed/onion/A/Onion_2_r1_256__100.jpg
6657.0,311.5634902715683,0.9583333333333334,0.8617777962328639,0.9822930500221337,88.76660285672213,84.5243650742099,118.99337358268296,46.01167750117336,87.41201590340157,49.94652888078738,4868.986547792591,493.1508699633699,0.33337695720613103,0.21464757246693508,A,grading/data_processed/onion/A/Onion_Red_1_r2_62__100.jpg
5780.5,333.32084822654724,0.93,0.6538081242949974,0.8858325032564555,35.6609854876814,11.320611601000813,48.61272359095511,26.883362650873263,76.65946675666554,44.76673106122468,2805.9274167533817,404.85641304347837,0.5711758212674966,0.3494847172343024,A,grading/data_processed/onion/A/Onion_White_2_r1_36__100.jpg
5177.5,346.57568180561066,1.0434782608695652,0.5416687725332529,0.90428783512357,33.93368401277475,10.187050072992335,72.00469659966184,39.1011224894286,68.87845200075145,40.0292030314186,1835.6377496557109,362.14713958810063,0.5561604195942464,0.3825768996209796,A,grading/data_processed/onion/A/Onion_White_2_r1_97__100.jpg
3589.0,312.2497800588608,1.694915254237288,0.4625716795887417,0.8681664247701983,36.16429530201342,57.67121215781465,87.52832214765101,55.2121527863714,47.92751677852349,27.9307409462541,11985.58425794312,275.88974490669403,0.5167338059427669,0.35643255418450204,A,grading/data_processed/onion/A/Onion_2_r1_270__100.jpg
3898.5,318.97770273685455,0.62,0.4814894222990134,0.8263035184400169,45.62661050545094,64.47422157943025,78.02700693756194,53.77398756290276,52.13280475718533,30.813189229421617,11653.527171670134,462.5627868852459,0.4486053180462426,0.3279560130047988,A,grading/data_processed/onion/A/Onion_2_r0_260__100.jpg
7296.5,324.9777023792267,1.0638297872340425,0.8681950854544034,0.9843507588532884,23.820626596746,51.86872362516965,152.91017883555196,53.40843005207016,96.01223611671372,54.60492388346121,2319.3663196016296,297.8597678916828,0.335740638038534,0.19600745398241753,A,grading/data_processed/onion/A/Onion_Red_2_r1_242__100.jpg
3834.5,309.17871248722076,0.56,0.504079966210492,0.8507876636343465,44.780100755667505,62.71695850100761,83.60201511335012,55.57011860327116,51.226952141057936,30.279248266712404,12166.751025382653,524.5943636363636,0.4027830650687863,0.26845668502672304,A,grading/data_processed/onion/A/Onion_2_r0_273__100.jpg
4456.5,323.462984085083,0.72,0.5352474381520334,0.8894321923959685,53.411751904243744,63.67764124593271,77.59978237214364,54.43829102641327,59.29967355821545,34.99390386677123,9829.377883950618,520.0071830985916,0.45141799122065324,0.34144565002101024,A,grading/data_processed/onion/A/Onion_2_r0_194__100.jpg
3817.0,310.2497800588608,1.6666666666666667,0.49832085083902966,0.8919266269423998,36.672570850202426,57.41139165153888,86.73507085020243,56.00834420189445,51.03846153846154,29.88103162667629,10303.224481972222,309.1614478114478,0.4915227851757903,0.3286681671793608,A,grading/data_processed/onion/A/Onion_2_r1_294__100.jpg
4833.5,282.977703332901,1.36986301369863,0.7585202018605298,0.9491408934707903,49.92570159499294,71.71051718839004,152.56894811225519,60.273695535908296,64.02503533212194,36.058242182881926,10362.588426702947,332.6961394769614,0.46641399284508694,0.3078009190480777,A,grading/data_processed/onion/A/Onion_Red_2_r2_153__100.jpg
6432.5,331.6639941930771,1.1764705882352942,0.7348403675444137,0.9483966089200148,34.976740650653696,58.53689582560415,88.8006993006993,53.38530542791125,84.57692307692308,48.22323113205173,2779.391481467128,483.4326797385621,0.39176907167108055,0.2120635008564307,A,grading/data_processed/onion/A/Onion_2_r1_330__100.jpg
4839.5,282.4924213886261,1.36986301369863,0.7620733172892412,0.9547247977904912,69.05362903225806,81.42774569572902,157.82298387096773,55.842954799812695,63.990725806451614,35.91085954616205,10790.679999549633,286.8916562889165,0.48479655801764715,0.3068001659464283,A,grading/data_processed/onion/A/Onion_Red_2_r2_214__100.jpg
4313.0,288.0487698316574,0.66,0.653216689811086,0.916489587760306,50.089309878213804,72.82237309263975,150.3703202525936,58.37470908566139,57.21853856562923,32.58446307873484,15136.144195385674,365.45123076923085,0.4670685453209471,0.30867533354393834,A,grading/data_processed/onion/A/Onion_Red_2_r0_254__100.jpg
5076.5,318.97770178318024,1.054945054945055,0.6269798812150018,0.8758626639061422,34.407364787111625,16.090537601502238,61.63463751438435,45.06795147535639,67.29574223245109,39.08180900943862,1787.0104774651477,257.672064777328,0.5982814838940114,0.39007828647322973,A,grading/data_processed/onion/A/Onion_White_2_r1_8__100.jpg
6424.0,320.7350620031357,1.1235955056179776,0.7847340895176748,0.9592354785724951,24.092335822032606,40.58659484753954,107.27380770988877,52.66414298218804,84.66326375133323,48.3106469244713,2600.281387135463,472.4859834298036,0.41346461962069647,0.2522158861654593,A,grading/data_processed/onion/A/Onion_2_r1_37__100.jpg
4691.5,289.6639941930771,1.408450704225352,0.7026394906036338,0.932982002585264,22.694144518272424,47.29168886966526,157.7394102990033,64.95004143219845,62.06644518272425,35.30513270997464,10236.454612497519,320.07725138711055,0.4394975308151691,0.30727210373172764,A,grading/data_processed/onion/A/Onion_Red_2_r2_304__100.jpg
5964.0,306.0487712621689,1.2048192771084338,0.8001404357203451,0.9666909798200827,28.852806038726616,53.00503868992653,80.49031834591402,52.946364499824895,78.27371184771907,44.81036410603825,3634.157791769488,477.33260313983203,0.41996853404492773,0.2520774727083854,A,grading/data_processed/onion/A/Onion_2_r1_153__100.jpg
3947.0,313.2203426361084,1.3513513513513513,0.5055650808679588,0.8495479982780887,138.78020093114432,54.832050360062105,91.6711590296496,51.17252170412223,52.37294780691007,30.533821087409972,14346.43295060263,259.3147693147693,0.583666705180926,0.4352158887239759,A,grading/data_processed/onion/A/Onion_Red_3_r_147__100.jpg
5384.5,304.0071402788162,1.2345679012345678,0.7321291134786463,0.9445662661170072,28.424506072140655,40.11669087166217,94.7926409280406,53.33831335711782,70.93130324451695,40.93469062850599,5255.090758283799,397.02144905848604,0.4971621909081521,0.3061391744277798,A,grading/data_processed/onion/A/Onion_2_r2_17__100.jpg
6228.5,333.94826447963715,0.98,0.7018348850330302,0.9293494479259923,145.95228378590488,49.16225748979424,91.81274525192278,40.289373950038886,81.82200596452677,47.128114737127376,3950.154096459809,363.28175257731965,0.5077796984694114,0.33632414149729906,A,grading/data_processed/onion/A/Onion_Red_3_115__100.jpg
4536.5,302.35028541088104,0.71,0.6236056099243941,0.9032354405176705,43.44827586206897,54.7691014914394,84.99935746412508,53.90740138604594,60.21503533947312,35.27995342133675,9898.702409125173,497.1815714285715,0.4677111633343302,0.3239769927583357,A,grading/data_processed/onion/A/Onion_2_r0_334__100.jpg
4538.0,318.8771983385086,1.2820512820512822,0.560825076511112,0.8926920428838399,29.554985023534446,52.83910061576548,76.68741976893453,52.40642642107281,60.21245186136072,35.14032032887486,8613.180828139382,367.71017871017887,0.5161868575232561,0.38879191341404307,A,grading/data_processed/onion/A/Onion_2_r2_262__100.jpg
6206.5,352.29141187667847,0.95,0.6284236364718527,0.9104444770426874,72.01855637678881,83.74797616428256,111.4733448655449,43.12684077987362,81.95518163233213,47.2344435797334,5304.994233795014,361.9091489361702,0.4692191719671329,0.31727501269466274,A,grading/data_processed/onion/A/Onion_Red_1_138__100.jpg
4969.0,314.39191699028015,1.1604938271604939,0.6317367141044099,0.91316732518607,132.07954545454547,61.93223889736641,91.01763322884013,48.68455822378814,65.64047805642633,37.85631471394574,9187.256066962624,375.7594583831142,0.45959290520516993,0.3143952892350944,A,grading/data_processed/onion/A/Onion_Red_3_r_16__100.jpg
7286.0,320.048770904541,0.96,0.8938542378816823,0.9891392886234048,23.76060891822713,46.383705629510246,158.3377340697831,54.13684854167137,97.39795231038664,53.4031313950411,2366.3352756510417,443.5484210526316,0.35277577004945204,0.2104053863207826,A,grading/data_processed/onion/A/Onion_Red_2_r2_120__100.jpg
6307.0,373.01933193206787,0.9895833333333334,0.569600045251043,0.8936592277718739,88.37631416202845,85.66995250622999,127.180426716141,35.515486622693864,84.08457019171306,48.950381810794404,1937.578041308383,340.82258421985813,0.45745093537202347,0.27627697723754896,A,grading/data_processed/onion/A/Onion_Red_1_r_79__100.jpg
5241.0,337.8477586507797,1.1235955056179776,0.5770081395672635,0.905103186253346,142.0724368499257,53.721444865992126,88.49312778603269,41.449748809832734,69.3824294205052,40.31905992463586,8649.798804431259,424.39132902054246,0.5224521039823077,0.38220838096510523,A,grading/data_processed/onion/A/Onion_Red_3_r2_140__100.jpg
4519.5,278.83556735515594,0.7,0.7304725735126021,0.9471864193649796,17.46820435438672,34.194021367044805,153.54968743263635,51.153182193407005,59.759862039232594,33.49559428423907,10863.73074610204,322.0673913043478,0.4766397917442188,0.3188642777754382,A,grading/data_processed/onion/A/Onion_Red_2_r0_201__100.jpg
5495.0,295.7056255340576,1.2195121951219512,0.7896931801820798,0.9586531751570132,38.26481580352376,65.1275583208505,158.24773091297385,55.730980511264484,72.90621106958534,40.36803805920185,8370.721170121951,399.71409214092137,0.4547179616478532,0.29941353947824006,A,grading/data_processed/onion/A/Onion_Red_2_r2_142__100.jpg
7003.0,316.39191579818726,0.9693877551020408,0.8791100277442302,0.9872418411221541,145.53452864546855,52.012126225569865,109.12354671522623,40.254017350378156,92.2840733996358,53.32590663206928,2053.789076619737,353.4497394702562,0.4159190576264244,0.21903496617594803,A,grading/data_processed/onion/A/Onion_Red_3_r2_82__100.jpg
6886.0,323.22034299373627,0.95,0.8282844513407088,0.9715696649029982,17.608540925266905,16.13067406879833,144.89338078291814,56.10901836559882,90.4267615658363,51.81830090546806,4070.2847693739614,552.7940425531914,0.3899163752732916,0.24555907377726927,A,grading/data_processed/onion/A/Onion_White_1_r2_53__100.jpg
4145.0,283.078208565712,0.65,0.6500122207591184,0.9156174066710846,45.82208157524613,71.21072042995294,155.72995780590716,56.973762295516735,55.200890764181906,31.38032071281567,14158.656594059172,327.2803125,0.4744431629092486,0.32303917576979924,A,grading/data_processed/onion/A/Onion_Red_2_r0_286__100.jpg
4364.5,285.80613112449646,0.67,0.6714308314291808,0.9363870414074233,35.73534002229654,62.689930539071405,146.4129319955407,54.1749534865682,57.77636566332219,32.6608691466359,13554.674814791715,365.1733333333334,0.4831670467657243,0.30954545454545457,A,grading/data_processed/onion/A/Onion_Red_2_r0_236__100.jpg
4399.5,288.1492748260498,0.68,0.6658526371964123,0.9392613151152861,23.402919062361786,48.9901647366715,156.42127377266695,56.597081631048134,58.20654577620522,32.7495255096439,12492.339530709341,358.4159701492537,0.484691014173537,0.3138966362357879,A,grading/data_processed/onion/A/Onion_Red_2_r0_226__100.jpg
6116.5,324.776692032814,0.99,0.7286905475852895,0.9311867245185355,147.61224816117684,47.395968082745284,99.21698113207547,42.62892849589355,80.42133034857692,46.37737267547048,4347.99336500357,447.2622448979592,0.5041339015349763,0.35437611996624774,A,grading/data_processed/onion/A/Onion_Red_3_197__100.jpg
3949.0,315.07820749282837,0.57,0.4998736746039144,0.8767761989342806,39.222956436612826,57.67321032425582,72.6419481155164,47.96712543390346,52.58076358296623,30.936685726559542,13184.694184641428,475.8153571428571,0.4292355699955522,0.26169836293577625,A,grading/data_processed/onion/A/Onion_2_r0_130__100.jpg
4395.5,335.4629831314087,0.75,0.4908275585230716,0.8369192688499619,45.585903083700444,61.63759633091804,71.59052863436123,53.3271793748081,58.45837004405286,33.970378168898165,8089.382365493333,474.10824324324324,0.4857459462186417,0.37702557395825775,A,grading/data_processed/onion/A/Onion_2_r0_230__100.jpg
6014.5,306.29140996932983,0.9791666666666666,0.8056376595322026,0.9607060138966537,150.85367838541666,43.61154329388802,101.28597005208333,41.28004853833415,78.8662109375,45.292510004038434,4304.280964008802,371.81261200716847,0.5039984452805947,0.30399788604685,A,grading/data_processed/onion/A/Onion_Red_3_r_64__100.jpg
6291.5,363.94826436042786,0.93,0.5968768839994969,0.9086510687463893,50.58179562722903,76.09244190535414,117.47929911614204,42.69317283518149,83.10683826949915,47.592753110291916,5986.027631067175,451.6610869565218,0.4107627343280569,0.2934766103013166,A,grading/data_processed/onion/A/Onion_Red_1_67__100.jpg
4006.0,267.2792180776596,1.6129032258064515,0.7046775322080215,0.9363094542479841,51.025715672003884,73.74635785567192,147.963852498787,57.3429116225226,53.08806404657933,30.09714593266875,13253.79780894901,225.5254154447703,0.5211968363454652,0.32229985705975384,A,grading/data_processed/onion/A/Onion_Red_2_r2_194__100.jpg
5958.5,337.11983823776245,0.93,0.658837313999023,0.9101115014510462,144.75503850565295,49.42221760253095,91.88841553334426,42.55722022691652,78.35556283794855,45.15151260355062,4951.139674228234,346.0083695652175,0.5046545825022145,0.3303963257083649,A,grading/data_processed/onion/A/Onion_Red_3_152__100.jpg
5102.5,294.0071414709091,1.3157894736842106,0.7417834135803477,0.9439459809453334,22.295984703632886,47.36550813144969,163.55162523900574,61.255459133445974,67.33747609942638,38.0312575344659,7741.914966481993,310.08559276980327,0.43398787546657086,0.2991576217452026,A,grading/data_processed/onion/A/Onion_Red_2_r2_296__100.jpg
6927.0,328.39191591739655,1.075268817204301,0.8071795244453209,0.970507880910683,32.434007638987126,55.55549346328221,84.76050360729948,51.709778503679495,90.83731786674211,52.12230971314168,2023.5910132500867,444.5497990659281,0.3593880313349049,0.22668398161282854,A,grading/data_processed/onion/A/Onion_2_r1_197__100.jpg
5984.5,318.97770261764526,1.1904761904761905,0.7391236244458615,0.9477393301132314,12.423391048676903,30.418051418109147,173.5855929434825,51.73486115842552,79.53871283894152,43.79957792012665,5356.62998361678,425.75553150553145,0.3827467684262235,0.25629347673096453,A,grading/data_processed/onion/A/Onion_Red_2_r1_277__100.jpg
5228.5,324.1492749452591,1.065934065934066,0.6253121501693084,0.9010771219302025,32.22164276401565,11.770973997627726,63.901471409945984,44.80254246365919,69.39951573849879,40.371044115418535,1630.2648962319374,297.4521520146521,0.5730345494784069,0.37915540484214644,A,grading/data_processed/onion/A/Onion_White_2_r1_194__100.jpg
5941.5,326.2914113998413,0.94,0.7012852111328003,0.918457257690524,145.25538562736392,49.205308375489544,93.43940141424108,41.03419248672418,78.07564545305048,44.806281867269526,4184.128317779538,334.2320430107527,0.5025531101008592,0.33778921695796377,A,grading/data_processed/onion/A/Onion_Red_3_168__100.jpg
4243.0,373.22034335136414,0.73,0.3827826807682208,0.7688683519072211,44.72566371681416,56.05148393436374,75.63058770138416,52.21297999065803,56.51191286589517,33.11992197767454,9594.034326496529,442.0211111111111,0.5211975183430707,0.37881788496470936,A,grading/data_processed/onion/A/Onion_2_r0_78__100.jpg
5423.0,316.534050822258,1.1363636363636365,0.6801560996436234,0.926533401674355,88.05182652510348,85.91500656079376,112.29260392298002,46.03702460736141,72.33201367644412,41.981796004305906,9125.759875568181,357.54189623507807,0.4859662896189465,0.35339799574855624,A,grading/data_processed/onion/A/Onion_Red_1_r_126__100.jpg
7023.5,316.97770297527313,0.9693877551020408,0.878427701567004,0.9861003861003861,146.6090782122905,50.555264315284724,108.84245810055866,40.04926137863853,92.40684357541899,53.40416920392076,1930.9676985466583,341.9199956578376,0.41274777032811594,0.21645385568523295,A,grading/data_processed/onion/A/Onion_Red_3_r2_83__100.jpg
6994.0,315.5634889602661,0.979381443298969,0.8825960791383214,0.987504412283798,144.74726507713885,52.9546189206432,113.47741935483872,41.51612482577387,92.29593267882188,53.462969819699985,1790.7467361390593,382.78734371572705,0.4067259499006036,0.21144473125625715,A,grading/data_processed/onion/A/Onion_Red_3_r2_75__100.jpg
5940.0,303.9066342115402,1.021978021978022,0.8081946059329919,0.9608540925266904,137.68588370943831,55.55747924704262,85.81732828199638,43.70194570971415,78.09421841541756,44.983692037713254,5962.495703765398,442.44517439082654,0.41926146190046654,0.2680289924335397,A,grading/data_processed/onion/A/Onion_Red_3_r_172__100.jpg
4597.0,293.4213535785675,1.408450704225352,0.6709666515687186,0.9339699309223892,29.74767146486029,51.29769259051944,91.5977984758679,57.063896434356906,60.74132091447925,34.825207343279956,8432.246278020233,385.7712334613743,0.45916960849223665,0.32276731736428516,A,grading/data_processed/onion/A/Onion_2_r2_205__100.jpg
4674.0,277.4213536977768,0.7,0.7631656224881547,0.9613327848621966,11.82933444606718,19.960091601608593,152.16085958689757,56.83758761598087,61.55038597955352,35.20139690111883,9882.086945122448,395.06217391304347,0.43923056495494894,0.29465402337107643,A,grading/data_processed/onion/A/Onion_Red_2_r0_158__100.jpg
5168.0,325.56348848342896,1.1627906976744187,0.612718484344604,0.8941949995674366,142.28592955358823,53.55688370886158,93.92729327556978,44.66298306182899,68.22546618948955,39.23303872201584,8009.498124269874,393.3833685694151,0.535807024907084,0.3693031440769925,A,grading/data_processed/onion/A/Onion_Red_3_r_31__100.jpg
5984.5,307.1198379993439,1.0,0.7973004244332796,0.9634548820735732,148.11808963035656,47.777460799344624,105.5960091593065,43.502657551432115,78.56444226365718,45.14157047892682,4619.857829077351,382.89041409288495,0.45809065339161487,0.2936562419446413,A,grading/data_processed/onion/A/Onion_Red_3_r2_47__100.jpg
7387.5,324.6345571279526,0.98989898989899,0.8808822548148528,0.9865126527341924,24.829148399096585,43.748132165850265,162.23953766440812,51.917591537861234,98.52557459811347,54.253868441352516,2406.586891935863,473.35103613454135,0.3561689974860207,0.2110721390173377,A,grading/data_processed/onion/A/Onion_Red_2_r1_117__100.jpg
4588.0,307.56348848342896,1.4285714285714286,0.6094859756780456,0.940935192780968,33.373728813559325,55.51800506228539,77.77902542372881,52.86703925630949,60.599364406779664,35.07461597846378,8062.9511758367335,371.6535353535354,0.4759838471672015,0.3120406791824162,A,grading/data_processed/onion/A/Onion_2_r1_138__100.jpg
6482.0,318.04877042770386,1.1235955056179776,0.8052513263688814,0.9715227817745803,17.92157751586582,13.735479152131596,128.42218192807493,57.114831899614686,85.44258084013298,49.937520165966234,5623.834411955561,445.9427987742595,0.41617677223132754,0.24379666434659383,A,grading/data_processed/onion/A/Onion_White_1_5__100.jpg
7216.0,325.0782071352005,1.0315789473684212,0.8580857242868035,0.9821027560394692,65.29953791791247,80.50305768482515,124.83460179396575,43.92814209165687,95.225740690405,54.51873759240968,4581.535643435734,565.880629408573,0.3113049024343551,0.19494481093766372,A,grading/data_processed/onion/A/Onion_Red_1_r_183__100.jpg
5201.5,342.2914103269577,1.043010752688172,0.5578872873611618,0.8253074176913923,33.6255374836418,12.465791302994985,59.991400261731165,45.01858033232248,68.90166386240419,40.0079592828833,1883.8860314613303,299.74339157706095,0.6094007167856091,0.39174851835177155,A,grading/data_processed/onion/A/Onion_White_2_r1_10__100.jpg
5119.0,329.22034418582916,1.1904761904761905,0.5935012860242651,0.8882526461912198,139.86523474624596,54.382248037593456,95.04751948298802,48.4946831506821,67.55065576886524,38.787044884007216,8203.957212570862,393.9294131794132,0.5046585290393447,0.3597689271335074,A,grading/data_processed/onion/A/Onion_Red_3_r_23__100.jpg
7048.0,363.84775972366333,1.0309278350515463,0.6690157606054848,0.951596570579896,79.94461410327595,84.4770739748365,124.95155469183787,37.64391612882597,93.32357023875625,54.411643782804305,2355.663097927516,400.5716963448923,0.40049464591687384,0.24140513759501198,A,grading/data_processed/onion/A/Onion_Red_1_r_91__100.jpg
5626.5,394.9188265800476,0.98,0.4533488426633716,0.7818383936635864,17.060203553562186,16.99209848415603,141.5183715715025,51.02106857202658,75.33931343798517,44.209511016530826,2913.359960339442,307.39556701030926,0.5201536005964047,0.394882249091109,A,grading/data_processed/onion/A/Onion_White_1_r2_115__100.jpg
3761.0,265.07820761203766,1.6129032258064515,0.6726128293586878,0.9266970555623999,34.03356571133488,62.885893402792206,151.92047508391428,57.82984627015433,49.84895429899303,28.807814435401195,19847.848884261184,233.74812642554576,0.5447776444903607,0.36143350778072175,A,grading/data_processed/onion/A/Onion_Red_2_r1_4__100.jpg
6893.5,330.63455736637115,0.91,0.7924158564096887,0.9735894357743097,86.86185332575327,85.00459951558565,111.47299602046617,42.88262512932684,90.58598635588403,52.34507037523961,3587.417645260234,424.15944444444443,0.3889278915610582,0.20953166471566664,A,grading/data_processed/onion/A/Onion_Red_1_r2_167__100.jpg
7377.5,322.291411280632,1.0204081632653061,0.8925275238838732,0.988344832205774,28.69354624085163,52.98000882969384,145.9748502994012,54.44509921535999,97.1061876247505,55.26102008608647,3023.9358346938775,400.2480931766646,0.345686092297405,0.21928315142065602,A,grading/data_processed/onion/A/Onion_Red_2_r1_92__100.jpg
5475.0,297.0782072544098,1.2375,0.7795651187843115,0.9552473174561633,22.72371943601642,47.454340036581286,168.9441370694271,56.02830917207471,72.12189898268785,40.523360358983034,6329.853244550938,348.45714285714286,0.42110123995424453,0.27663206670700957,A,grading/data_processed/onion/A/Onion_Red_2_r2_288__100.jpg
3659.5,288.49242079257965,1.3194444444444444,0.5525388247437402,0.8538264115725618,140.12556172349986,55.02228265171689,98.05313243457573,53.55681679302329,48.66534496431404,28.54223802542618,13505.197268368898,258.43144208037825,0.6038565252805458,0.4330553779432417,A,grading/data_processed/onion/A/Onion_Red_3_r_138__100.jpg
6835.5,323.1198377609253,0.96,0.8227216149508599,0.9688873139617292,17.985802380610927,17.519821780840687,144.46507959271474,56.22822155562915,89.71217553420335,51.567675945252226,4019.9112608398436,555.0345263157897,0.4018174626233782,0.25863139686817505,A,grading/data_processed/onion/A/Onion_White_1_r2_54__100.jpg
3967.5,279.8061285018921,0.65,0.6368136362851302,0.918296493461405,15.656058751529988,32.105539555439066,146.8391676866585,55.64551937909669,52.452141982864134,30.270263224511048,15520.605328544378,352.36937499999993,0.4699353255424575,0.34902046244185303,A,grading/data_processed/onion/A/Onion_Red_2_r0_68__100.jpg
5518.0,346.53405129909515,1.1627906976744187,0.5774305115469941,0.9077150847178812,117.54243868007764,81.06180453076797,115.73001588141874,44.16691738787429,73.06105523204518,42.28315250621366,7276.117010262304,424.2641531595019,0.4684266864434045,0.32858093893918316,A,grading/data_processed/onion/A/Onion_Red_1_r2_114__100.jpg
5554.0,389.78888392448425,1.0,0.45936387649835186,0.8245249406175772,35.81986708639384,11.545176128263767,52.189751661420075,26.519822779444034,73.91413081497026,42.95254472061685,2947.2137219047113,485.9942141805176,0.5886088532565525,0.38707244195485463,A,grading/data_processed/onion/A/Onion_White_2_r1_54__100.jpg
4539.0,307.56348848342896,0.72,0.6029766442028441,0.8989008812753738,43.274031256690215,54.39044923211298,83.85035324341683,53.94341254494037,60.156711624919716,35.3934404920334,9988.880763888888,530.2545070422534,0.47378978875012795,0.33360556066279506,A,grading/data_processed/onion/A/Onion_2_r0_333__100.jpg
4315.0,298.5929260253906,0.66,0.6081793005806311,0.9024364739098609,37.94398200224972,53.63480866008723,87.03622047244095,55.10113243903333,57.18605174353206,33.16992802081737,9469.233526147842,518.6204615384614,0.44551732037545266,0.30571820570874597,A,grading/data_processed/onion/A/Onion_2_r0_320__100.jpg
3649.5,284.49242103099823,1.2638888888888888,0.5666329556854356,0.8681018078020932,144.4927075046407,52.132866150664555,100.68390347387961,50.89318167346986,48.5088835852559,28.533940266334604,15988.04690791504,260.81743827160494,0.583688168811832,0.4094549068689135,A,grading/data_processed/onion/A/Onion_Red_3_r_132__100.jpg
4146.5,371.11983823776245,0.72,0.37832339065974524,0.7715136291748069,41.96959145775302,54.03469821390696,75.56963788300835,53.50160340153849,55.33751160631383,32.6254569409311,10830.42123263889,433.2718309859155,0.521915750992202,0.38203506840780277,A,grading/data_processed/onion/A/Onion_2_r0_81__100.jpg
5814.0,411.16146743297577,1.1111111111111112,0.4321754338911313,0.865049843773248,34.96895861148197,10.063319444793189,51.83811748998665,32.30312396789202,77.25267022696929,45.050775124650634,3040.4310132222226,497.33883277216603,0.597404035741357,0.32086010078177113,A,grading/data_processed/onion/A/Onion_White_2_r0_5__100.jpg
5650.0,354.6761871576309,1.0204081632653061,0.5644094150537649,0.84777552704629,36.100499913807965,12.791732109802183,48.967764178589896,24.130545418329806,74.98655404240648,43.648221087919275,3071.69667455227,460.60719439290875,0.5966806163889103,0.3919355403322035,A,grading/data_processed/onion/A/Onion_White_2_r1_48__100.jpg
4158.5,299.6639950275421,1.4705882352941178,0.5819389681273444,0.9172824528509981,35.163712686567166,55.366652435266616,88.00513059701493,50.985072184094065,55.336753731343286,32.39723897484296,9799.276314792387,353.18285799168143,0.5067856573138353,0.35617442842551084,A,grading/data_processed/onion/A/Onion_2_r1_246__100.jpg
4720.0,306.2497808933258,0.76,0.6324122727132141,0.9083910700538876,39.9585823202143,50.164396285175904,84.82382031732949,55.3204745781925,62.915104059344735,37.72961442189104,8075.102957825486,559.7424,0.4816479480464748,0.34261480800844946,A,grading/data_processed/onion/A/Onion_2_r0_6__100.jpg
6203.0,352.1909062862396,0.95,0.6284277712265752,0.9137511968770715,69.50723953415172,83.09569910901263,111.56389675794775,43.55557262282759,81.94963802329241,47.39997815948436,5858.707463091413,402.46638297872335,0.4683751146104273,0.3178030931580495,A,grading/data_processed/onion/A/Onion_Red_1_139__100.jpg
4064.5,309.1787129640579,0.6,0.5343155603971407,0.8957575757575758,36.805952380952384,55.42462674915783,87.00119047619047,56.2705517885044,54.026666666666664,31.67240429223512,13238.285082638888,519.0310169491524,0.4294860011400211,0.27671662644853745,A,grading/data_processed/onion/A/Onion_2_r0_306__100.jpg
4901.0,320.8771973848343,1.130952380952381,0.5981592939496682,0.9116443452380952,85.31460897181421,84.57803670181973,106.33584755855499,45.9503886678217,65.37911869789599,37.96050025817026,11469.396071177318,411.51583080040524,0.5003698351790619,0.35199346369971996,A,grading/data_processed/onion/A/Onion_Red_1_r2_0__100.jpg
7170.5,323.4629855155945,1.0204081632653061,0.8612120994776625,0.9809836514125453,83.82678889040909,85.50811223184995,113.15282528389656,40.428090091978525,94.24914488986181,54.47113520652549,2917.2547008642237,340.3362193362193,0.39213379883601907,0.2402141695658869,A,grading/data_processed/onion/A/Onion_Red_1_r2_148__100.jpg
6720.0,315.56348848342896,0.9,0.8480191120580381,0.9802348479323171,20.87456242707118,15.300624809387832,124.55528004667444,49.03835009040397,89.09276546091016,52.94811395569643,4773.3807750000005,482.744606741573,0.42487645548262015,0.22436865933324693,A,grading/data_processed/onion/A/Onion_White_1_r2_142__100.jpg
3935.5,315.3208487033844,1.5151515151515151,0.4973984265592179,0.8691475265017667,36.48551080550098,57.56891988412792,78.90225933202358,54.38927104057995,52.43320235756385,30.500095941108324,11411.759155555555,299.44291398836856,0.5253105294875171,0.36928176727801915,A,grading/data_processed/onion/A/Onion_2_r1_124__100.jpg
5192.0,289.563489317894,1.2820512820512822,0.7781385746253598,0.9549383851388633,40.08033866415804,66.49026084674085,154.05023518344308,57.67899227614668,68.70893697083726,38.52433404171005,8257.216439694279,368.35612535612546,0.46025568340063405,0.30422164523773015,A,grading/data_processed/onion/A/Onion_Red_2_r2_146__100.jpg
7409.0,326.0487701892853,1.0101010101010102,0.8757987598948717,0.98471557682084,73.51198834282687,81.98178216111715,121.62750033116968,41.6128675999568,97.30851768446152,55.981757221881985,3938.8284164881134,527.7520661157025,0.3440231335251397,0.2257967211970704,A,grading/data_processed/onion/A/Onion_Red_1_r2_32__100.jpg
4916.5,330.9777023792267,0.76,0.5639861434144223,0.8939903627602509,45.0602766798419,54.70230721050663,78.95118577075098,50.767218389634365,65.5800395256917,39.49965373339025,7960.929314941135,554.196,0.46334099210629415,0.31758993826771165,A,grading/data_processed/onion/A/Onion_2_r0_34__100.jpg
6096.0,320.5340509414673,0.97,0.7456009932425185,0.9337520104158689,147.85702824133506,47.08620793354984,98.3066431322208,40.996369882531205,80.07156611039795,45.961675587777826,4171.548662599638,371.9044791666666,0.49845608767537875,0.3450097812119888,A,grading/data_processed/onion/A/Onion_Red_3_188__100.jpg
4561.5,274.49242186546326,0.7,0.760776037812589,0.9557883708748036,15.502565198802907,28.032830067819596,152.74326635314236,53.82343043435384,60.04467721248397,34.187733544921784,11164.333234918367,349.9571014492753,0.45170690272881103,0.3123138975364575,A,grading/data_processed/onion/A/Onion_Red_2_r0_182__100.jpg
6861.5,324.14927566051483,0.92,0.820613808826976,0.9664084507042253,15.031705227077978,8.764598638524664,142.91016852327905,52.0135911753113,90.17009425878321,52.261340426649994,5185.694310018903,549.2778021978022,0.3791402806132231,0.22264555271702266,A,grading/data_processed/onion/A/Onion_White_1_r_136__100.jpg
6051.0,365.84775948524475,1.098901098901099,0.5681149495538521,0.9050254262638349,36.23759664948454,9.6879846481863,47.67735180412371,30.195851082992093,80.16011597938144,46.521082899157356,3177.7902501992507,436.60184260184263,0.5687213258371956,0.30430881355806216,A,grading/data_processed/onion/A/Onion_White_2_r0_117__100.jpg
7110.5,327.8061293363571,1.0,0.8315260613281827,0.978060522696011,146.67305570877,50.25376559323333,113.15554329840045,38.531504697702495,94.06425813568671,54.710417083143916,1383.565303326026,387.0675472508592,0.4252568859915372,0.21560031863552773,A,grading/data_processed/onion/A/Onion_Red_3_r_91__100.jpg
4047.0,278.7350606918335,1.5151515151515151,0.6545756846441749,0.9205049471170249,18.01824729891957,38.38216439163756,151.9373349339736,59.73231331835442,53.76974789915966,30.512187115995257,16107.731144880625,264.31160085705534,0.4858104686772932,0.3544561548033601,A,grading/data_processed/onion/A/Onion_Red_2_r1_153__100.jpg
5148.0,393.5046135187149,1.1851851851851851,0.41778105793460507,0.8278523759749136,14.930424971793908,9.614321315553154,147.55095900714554,45.19572097920994,70.04738623542686,41.849638753024934,3082.6830592859055,387.5454191033138,0.4203846800610422,0.30045766527965007,A,grading/data_processed/onion/A/Onion_White_1_r_91__100.jpg
4020.0,272.2497806549072,1.5873015873015872,0.68155489305087,0.932822833275322,59.72364603481625,77.6880123003438,151.4821083172147,60.49839079820227,53.80923597678917,31.46141632865025,16358.325232426305,273.4080487413821,0.5307990839117628,0.33114902661511014,A,grading/data_processed/onion/A/Onion_Red_2_r2_186__100.jpg
6656.0,316.73506116867065,1.1235955056179776,0.833740495917522,0.9739537606087211,21.06271161489769,12.06975460107381,120.84881495657294,51.05115553847602,87.64139555424701,51.02704120496984,6100.533925956319,543.3025763250482,0.41287569137268654,0.2247696234229629,A,grading/data_processed/onion/A/Onion_White_1_51__100.jpg
6791.5,318.63455629348755,1.075268817204301,0.8406008436008405,0.9762811758786746,17.374711316397228,11.419939521779266,146.43172632794457,51.25111628727575,89.4083429561201,51.87788473541895,4766.675036697884,497.5001629195176,0.3834994950855082,0.2407324408778917,A,grading/data_processed/onion/A/Onion_White_1_127__100.jpg
7197.0,317.56348872184753,1.075268817204301,0.8968095779287142,0.9890064587055105,69.09667302972457,81.08308826082101,125.95759476411236,44.95594882328797,94.42432506135806,53.8376311110038,4103.351546433114,465.4071901813837,0.31403875059387165,0.1975074537467113,A,grading/data_processed/onion/A/Onion_Red_1_r_194__100.jpg
4425.0,282.73506236076355,0.68,0.6956067705901231,0.9411889822397107,24.92893289328933,49.51066168547368,151.43718371837184,54.339231727360726,58.55423542354235,32.95083807107104,12967.948872815745,364.66388059701495,0.47246021037213026,0.31041964927254323,A,grading/data_processed/onion/A/Onion_Red_2_r0_224__100.jpg
6590.0,362.1909068822861,0.98,0.631277329341316,0.9235512577955294,72.12333234509339,84.02683647544575,114.76578713311592,40.2197380196189,86.89178772605989,50.07009170319404,4313.121565847563,431.4586597938145,0.4132815110992763,0.297722820204155,A,grading/data_processed/onion/A/Onion_Red_1_50__100.jpg
3886.5,304.83556735515594,0.57,0.5255780996747917,0.8931402964495002,40.70589698930082,59.8020504471322,89.31798954963921,57.86734753092754,51.74720079621797,30.117176634640582,12734.688714404432,457.53928571428565,0.41632232440737366,0.2713682087485337,A,grading/data_processed/onion/A/Onion_2_r0_297__100.jpg
7039.5,318.6345571279526,1.0526315789473684,0.8712964157452948,0.9824157420975508,87.34211259754738,85.8514450213828,116.76017279821627,43.12573696296536,92.51226309921962,53.06022813259138,2731.3024421052633,374.139393939394,0.37700410193862055,0.2326352745132293,A,grading/data_processed/onion/A/Onion_Red_1_r2_139__100.jpg
6550.5,354.7766922712326,0.89,0.6539945879765909,0.9569758948137327,23.3413396986424,43.15059552880385,86.72624198120245,50.7501281926195,86.28673728181411,49.72868787304664,2320.5451010099737,559.2057954545454,0.3539686366250112,0.23043718835926988,A,grading/data_processed/onion/A/Onion_2_r2_137__100.jpg
4184.5,326.14927554130554,0.67,0.4943341341357096,0.8668047643707923,49.951225150254274,62.75704922987805,76.67845584835877,51.03942646730273,55.54230235783634,31.99203755055737,10187.6393631321,440.34242424242433,0.4633141403366673,0.3326865971163048,A,grading/data_processed/onion/A/Onion_2_r0_157__100.jpg
7070.5,318.9777023792267,0.9693877551020408,0.8732514987813067,0.9866043396358055,147.58171476137625,49.15728210286769,107.44034406215316,39.23746034932935,93.13526637069923,53.789603683102044,1920.997352626618,349.3219713417282,0.4144919080335241,0.21181570434369443,A,grading/data_processed/onion/A/Onion_Red_3_r2_85__100.jpg
3791.0,275.563489317894,1.6129032258064515,0.6273650166090469,0.9180288170480688,14.829024827233171,34.65748817661486,156.96723829024828,62.201139683794416,50.373176350140774,29.537514848667403,19064.856783662854,297.94802867383515,0.5082147678310107,0.3557321462011183,A,grading/data_processed/onion/A/Onion_Red_2_r1_186__100.jpg
6454.5,378.7766913175583,0.96,0.5653351346477682,0.9106235891647856,56.99652515485723,79.18671141774794,116.78788336606738,42.038910651916325,85.19398700710077,48.905520652035804,4993.167499468316,446.45105263157905,0.4140867465903072,0.29578261838843795,A,grading/data_processed/onion/A/Onion_Red_1_59__100.jpg
5901.0,355.3624793291092,1.1111111111111112,0.5872085036358651,0.8906497622820919,35.488602576808724,9.697921008272289,50.04459861248761,33.786631940969365,78.1399074991741,45.49868035265998,3331.843519209877,413.87014590347917,0.5880683572462866,0.3137753093516494,A,grading/data_processed/onion/A/Onion_White_2_r0_140__100.jpg
5368.0,349.705624461174,1.2345679012345678,0.551590955739191,0.8899941971317251,28.722051096213082,46.18570490955705,98.26399710092409,51.80181328327631,70.94038775140424,40.44733867110831,5767.185483478128,482.0481356777652,0.47566766615647027,0.3044931072083809,A,grading/data_processed/onion/A/Onion_2_r1_49__100.jpg
5360.5,334.1492762565613,0.9895833333333334,0.6033010966430228,0.8504005711112874,33.65982564475118,9.498559867831057,64.5399564111878,38.01463601939623,71.1284053759535,41.23999777995295,2243.0185648949678,318.1600177304965,0.5994072612382313,0.3803128767600764,A,grading/data_processed/onion/A/Onion_White_2_r1_130__100.jpg
5977.0,318.0487699508667,0.95,0.7425157655258598,0.9291154982123426,145.98135121871422,48.27986307096684,94.35252740062163,40.76573078843885,78.58301979388189,45.14134357000808,4501.381290759003,374.75542553191485,0.5137591444478091,0.3432281163264897,A,grading/data_processed/onion/A/Onion_Red_3_175__100.jpg
6960.0,316.39191567897797,0.9896907216494846,0.8737120944895826,0.9862547824854754,145.309892897407,52.376430979958116,112.71166854565952,41.78095574473069,91.82919954904172,53.2497664351883,2043.1324850302162,389.9672273467173,0.4132403522370171,0.22231171464487284,A,grading/data_processed/onion/A/Onion_Red_3_r2_73__100.jpg
5792.0,367.50461399555206,0.94,0.5389057596589845,0.8756519767178169,35.028408135821145,11.699106251234115,51.118339216675075,29.887711323348867,76.65540426962515,44.40599829161749,3409.8764643617014,539.5550537634408,0.5829629271886512,0.3497328151177266,A,grading/data_processed/onion/A/Onion_White_2_r1_153__100.jpg
4036.0,275.42135310173035,0.64,0.6685991289029043,0.9207254477016084,51.7477130476649,74.10468269236695,154.17741935483872,54.39051770713798,53.3129513721714,30.559637910786343,14953.396636694335,325.35777777777776,0.4800199248784385,0.3303764353964364,A,grading/data_processed/onion/A/Onion_Red_2_r0_300__100.jpg
4460.5,285.3208477497101,1.4492753623188406,0.6885355942199719,0.9236902050113895,24.625491051942383,52.61647996504641,167.77455259711917,53.36641111399824,59.18769096464426,32.98964358003656,12081.780281453473,294.72156346069386,0.47879628265282187,0.32226615761224126,A,grading/data_processed/onion/A/Onion_Red_2_r1_296__100.jpg
6627.5,314.2914103269577,0.94,0.8431300666599779,0.9731297261581382,22.655820144948972,20.77631089571332,122.15027362816151,48.3329173041826,87.95237390918503,52.15684460401454,5467.488637211409,556.1576344086021,0.44556863798091045,0.26572895963015686,A,grading/data_processed/onion/A/Onion_White_1_r2_156__100.jpg
5455.5,316.2914117574692,1.1363636363636365,0.6852824736625138,0.9299411915111224,141.8200357781753,53.620769605569876,86.3964221824687,40.8742290325581,72.03112701252236,41.55635995339333,8108.491138378101,397.44903581267215,0.49586959661039703,0.35158175482771686,A,grading/data_processed/onion/A/Onion_Red_3_r2_142__100.jpg
5967.0,346.19090604782104,1.0210526315789474,0.6256545267181784,0.8729427254772877,15.98266557645135,15.929075030421377,145.28765331152903,46.88710370146403,79.18577269010629,45.79410882038377,3222.32945800405,319.009649122807,0.4444489735369841,0.3218112931766862,A,grading/data_processed/onion/A/Onion_White_1_r2_97__100.jpg
4438.5,302.1492747068405,1.36986301369863,0.6109462114920466,0.9111156727907216,33.44877408056042,56.31091372572975,79.17381786339755,52.65008567087737,58.81939579684764,34.11403689788579,8824.012162957402,340.4916286149163,0.5085841299986555,0.3611127928481592,A,grading/data_processed/onion/A/Onion_2_r2_260__100.jpg
7337.5,320.29141068458557,0.97,0.8988089612658032,0.9902827451245023,31.95156542681295,61.265453361416654,166.46681830345196,47.29851323123519,96.58857372223709,55.016950539762504,1883.3320036560742,328.2328125,0.37461069274063186,0.21439754801244815,A,grading/data_processed/onion/A/Onion_Red_2_r2_257__100.jpg
6243.5,347.948264837265,0.95,0.648050171547291,0.9216858576911722,78.49303926169247,84.38711787045496,113.66744877209447,43.01203909342974,82.30877522290005,47.43070963129883,4914.143150094183,352.8182978723404,0.45435014624514797,0.31438796376607336,A,grading/data_processed/onion/A/Onion_Red_1_129__100.jpg
6102.5,353.2619721889496,0.94,0.614502810814199,0.9062894482809831,74.0869982408444,83.38617526691542,114.61538461538461,44.7857811389701,80.29233967695507,46.03894151808828,5207.123225169759,427.93591397849457,0.44115945338504464,0.321162519024018,A,grading/data_processed/onion/A/Onion_Red_1_103__100.jpg
7212.5,319.46298348903656,0.96,0.8880851409153642,0.9866621067031464,20.291604299904748,43.241017119986964,175.76200843652197,46.94492442291006,94.94502653422235,53.91821845121073,2184.2933485677086,392.34757894736845,0.3742926449549247,0.21870358391605865,A,grading/data_processed/onion/A/Onion_Red_2_r2_269__100.jpg
6913.5,319.462983250618,1.0638297872340425,0.8512688569681427,0.9804992199687987,17.250212765957446,12.70351838615406,138.2208510638298,55.25258459330437,90.79943262411348,52.61454697010672,4919.454567394749,493.66548463356975,0.3917963916931398,0.23755609950726456,A,grading/data_processed/onion/A/Onion_White_1_139__100.jpg
5048.5,287.3208485841751,1.3157894736842106,0.7684895101389543,0.9525471698113207,43.15644942951073,67.77490762330652,152.08528331077162,58.142176964986376,66.83252755753239,37.42430242609521,9281.804178930055,344.70627325890484,0.47697227190774333,0.3057460853396027,A,grading/data_processed/onion/A/Onion_Red_2_r2_149__100.jpg
4407.0,318.5340510606766,0.72,0.5458096184489096,0.8856511254019293,48.681417877586966,62.14380138135399,75.55217965653897,54.21809833454885,58.5070453544694,34.17887284370047,9511.196081770833,494.49070422535215,0.46855066640741483,0.3508896788915691,A,grading/data_processed/onion/A/Onion_2_r0_180__100.jpg
4596.5,286.634556889534,1.36986301369863,0.7030399951830495,0.9365321923390383,21.422726309094763,42.84340266043555,154.23425906296376,54.89990147964922,60.974136103455585,34.47112406090942,11615.506346612874,333.3190812231908,0.4720385290225858,0.3389430449214786,A,grading/data_processed/onion/A/Onion_Red_2_r1_140__100.jpg
6568.0,309.5634889602661,1.1235955056179776,0.8612783740583896,0.9830127965277258,35.306670646172215,8.499732624130354,47.050141769885094,29.814832100098,86.34144157588419,50.19991192017835,3658.32951011236,424.24526160481213,0.5277500089924752,0.23577124523963902,A,grading/data_processed/onion/A/Onion_White_2_r0_148__100.jpg
7242.5,323.4629830121994,1.0416666666666667,0.8698596648787087,0.9875911911092929,29.6316217314727,56.345018053133906,144.31608183173012,54.37965310049324,95.10662511854763,54.01452368832621,2639.6634114149306,386.6347853535354,0.3531756498224777,0.21684172719029837,A,grading/data_processed/onion/A/Onion_Red_2_r1_78__100.jpg
6565.5,309.1198387145996,1.1111111111111112,0.8634235966941418,0.9809502465262214,20.404868578255677,12.127886600956728,123.39620669056153,49.55505106413694,86.32153524492234,50.23070243325424,5436.663912888888,441.3597081930415,0.3890600763997496,0.24387068742899587,A,grading/data_processed/onion/A/Onion_White_1_77__100.jpg
6797.0,319.563489317894,0.9393939393939394,0.8363976901764268,0.9737124847790273,20.769142033165103,14.293833764624292,122.76121124729632,48.59798234872553,90.08507570295602,53.0649094510179,4813.7906739066375,522.9402722880983,0.4082571693591998,0.2320874663889878,A,grading/data_processed/onion/A/Onion_White_1_r2_164__100.jpg
5138.5,322.97770285606384,1.065934065934066,0.6190149561262468,0.8870953819594303,31.937286851079953,11.966308662190093,64.42023493747632,45.317606639835134,68.12125805229253,39.52249659122066,1674.1815467283975,289.53365384615387,0.586403347655336,0.38978541832466745,A,grading/data_processed/onion/A/Onion_White_2_r1_196__100.jpg
7099.5,317.46298384666443,1.0526315789473684,0.8852204530799916,0.9881002087682672,27.2666205943331,53.7610890043092,145.67311679336558,52.137227786354465,93.33807878369039,53.00015654916196,2765.250173285318,382.2910154173312,0.3708911684538553,0.22349853130904435,A,grading/data_processed/onion/A/Onion_Red_2_r1_70__100.jpg
5195.0,323.56348943710327,1.0,0.6235573391695265,0.8781271129141311,33.09353327085286,9.311382387579739,68.27553889409559,38.475754504503996,69.11715089034676,40.475060368640385,1979.9072692840987,294.5986044383436,0.5812149533308473,0.38152438739608646,A,grading/data_processed/onion/A/Onion_White_2_r1_120__100.jpg
5408.0,385.5046138763428,0.9583333333333334,0.4572854535389621,0.8809252321224955,34.34553283100108,13.99523538641864,56.435235019734485,39.65345514799919,71.98851811984213,42.007613883395756,2439.3541496291277,412.0381181318682,0.5576781805508135,0.35221743152825047,A,grading/data_processed/onion/A/Onion_White_2_r1_176__100.jpg
7316.5,323.8061294555664,0.96,0.8768859469608381,0.9873152958639768,25.386131974248926,48.40011079594522,155.6271459227468,53.96584501640783,97.06343884120172,54.0030213367386,2392.7980694010416,411.7265263157895,0.34791941252421577,0.20772538071938595,A,grading/data_processed/onion/A/Onion_Red_2_r2_114__100.jpg
5456.0,313.22034335136414,1.1494252873563218,0.6988505367666171,0.9374570446735395,138.56225402504472,53.45913430235935,84.19159212880143,45.56808938385277,71.87924865831843,41.68366151575875,7323.050904003171,430.57122953674684,0.48371771893372145,0.34400345838847524,A,grading/data_processed/onion/A/Onion_Red_3_r_164__100.jpg
5429.5,300.83556616306305,1.3157894736842106,0.7538958332594325,0.9618246235606731,24.234892086330934,51.91160727229219,155.0365107913669,54.68797953674082,71.25323741007195,40.69637850389299,7022.783644581025,348.94391281233385,0.413225698890353,0.25516468758825395,A,grading/data_processed/onion/A/Onion_Red_2_r1_220__100.jpg
5236.5,319.8061292171478,0.9787234042553191,0.6433945918358293,0.8885966400814526,33.03684406401191,9.153354843408184,68.108671380722,39.08717589787369,69.48455526609602,40.62240508579976,1964.7201249950792,280.9389759176994,0.5720480984258939,0.3639990484719514,A,grading/data_processed/onion/A/Onion_White_2_r1_122__100.jpg
4694.5,286.4924203157425,1.3888888888888888,0.7187418524470097,0.9407815631262525,46.49221507162134,70.66473715685638,150.33402532696698,59.753801774445165,62.20095495121445,35.21449878921394,11720.021635802468,326.4356060606061,0.4887609719093958,0.3178954612537833,A,grading/data_processed/onion/A/Onion_Red_2_r2_156__100.jpg
7254.0,320.04877066612244,0.96,0.8899284451350798,0.9884853852967228,22.799215261804896,48.97311635738648,173.5581112163442,46.34989373595898,95.40062237856853,54.30668878363555,2105.9712083224827,353.94621052631584,0.3730736976230063,0.21467044897248866,A,grading/data_processed/onion/A/Onion_Red_2_r2_264__100.jpg
4743.5,302.2914115190506,1.1176470588235294,0.6523146796100348,0.9007785795670338,141.70170396222542,55.13091784297154,88.44857318825703,43.38321377021486,62.62266475056457,36.34463015075007,9498.951281181648,338.01251564455566,0.5656039579637826,0.3820393376644558,A,grading/data_processed/onion/A/Onion_Red_3_r2_119__100.jpg
7173.0,319.2203440666199,0.95,0.8845646348104192,0.9873365450791466,90.31285909712722,85.14409889981593,109.690560875513,39.20028903670137,93.93337893296854,54.1716764318196,3009.1894900277007,336.3191489361702,0.38401244670313534,0.2157205885872406,A,grading/data_processed/onion/A/Onion_Red_1_r2_160__100.jpg
3879.5,266.35028648376465,1.6065573770491803,0.687193880997617,0.9327963452753065,51.131947921882826,73.71282953270737,153.4727090635954,63.42586334874982,51.71982974461692,29.382876007545107,16589.99105633895,231.7907723508535,0.5456152229512667,0.32020988666937594,A,grading/data_processed/onion/A/Onion_Red_2_r2_182__100.jpg
3918.5,343.46298336982727,0.65,0.41741671817364795,0.8017391304347826,38.04548807474797,53.093476828212694,77.32603884927465,53.10356030586886,52.393164494713545,31.498866504882997,13480.260078840234,431.22218749999985,0.5037666219793021,0.35558777196947977,A,grading/data_processed/onion/A/Onion_2_r0_93__100.jpg
4514.0,293.9066345691681,1.3513513513513513,0.656678260510975,0.9268993839835729,30.339439655172413,42.913742630800584,84.93577586206897,51.83895582259875,59.640086206896555,34.30563359776773,7786.790403195762,347.4619164619164,0.5135430085702731,0.361664601184145,A,grading/data_processed/onion/A/Onion_2_r2_88__100.jpg
4753.0,304.7350631952286,1.2820512820512822,0.6431804322181256,0.9085348370448246,30.566748566748565,43.10877818669938,92.37141687141687,57.00526623695371,63.01883701883702,37.09188037124383,8181.417045348455,353.27220927220935,0.5359231034767623,0.36351006985503115,A,grading/data_processed/onion/A/Onion_2_r2_30__100.jpg
7253.5,324.6345567703247,1.0638297872340425,0.8649041555840604,0.9844598262757872,22.10077099959421,49.010387829425284,154.23278777221697,52.98378811825837,95.57419180305695,54.62975680085594,2331.52631887732,308.95766172361914,0.3384279319086121,0.20039159998062672,A,grading/data_processed/onion/A/Onion_Red_2_r1_245__100.jpg
5768.5,391.9482651948929,1.1111111111111112,0.4718622865569502,0.8677698382850696,34.486363636363635,9.697060329437608,49.88787878787879,28.736406030110842,76.46548821548822,44.38944183373416,2744.1888310000004,399.63804713804717,0.6088702655595916,0.3284678462193711,A,grading/data_processed/onion/A/Onion_White_2_r0_173__100.jpg
4190.0,280.2497800588608,1.5151515151515151,0.6703989510946686,0.9179537736882463,19.951276102088165,45.01259882405973,168.07354988399072,55.03101358183225,55.8245939675174,31.3223247257806,14154.98516140955,278.6971227425772,0.4930333675453607,0.33261597702329726,A,grading/data_processed/onion/A/Onion_Red_2_r1_301__100.jpg
5364.5,352.2914113998413,0.9381443298969072,0.5431690335904681,0.8429446888749215,34.95142287475077,11.341175207614093,53.88816385716875,38.24670685088428,70.95849193402212,41.047132011129804,2311.061336738987,342.55864833906077,0.5812376888941548,0.36036871853933883,A,grading/data_processed/onion/A/Onion_White_2_r1_21__100.jpg
3870.0,300.5929266214371,0.57,0.5382243171422353,0.8887357905614881,42.604348912771805,61.282051194721475,88.82879280179955,57.96115127396142,51.464883779055235,29.747623413779532,12845.508183287166,443.52964285714285,0.42109234865825707,0.2738801118898112,A,grading/data_processed/onion/A/Onion_2_r0_296__100.jpg
6525.0,362.67618775367737,0.89,0.6233791837798565,0.9535988308366825,23.607784431137723,43.46260763870384,86.94176646706588,50.39197604355479,85.94880239520958,49.56970307191279,2257.4860311955563,542.7703409090909,0.35584138546090516,0.23291453370352522,A,grading/data_processed/onion/A/Onion_2_r2_134__100.jpg
4060.0,312.3919152021408,0.61,0.5228008996376853,0.875,40.667143538388174,60.0370401731027,74.78445398187887,49.10631743101476,53.780877443967576,31.26438868123911,13200.006412684761,488.35916666666674,0.4341383894810553,0.2899448223369405,A,grading/data_processed/onion/A/Onion_2_r0_141__100.jpg
6123.5,321.9482649564743,0.99,0.7423990514680151,0.9309060504712678,145.7394568690096,50.28540914487996,98.52971246006389,42.06414824585134,80.55287539936103,46.27601849660597,4664.626582552801,414.0101020408164,0.5075169931025105,0.35357040521688354,A,grading/data_processed/onion/A/Onion_Red_3_191__100.jpg
4070.5,318.14927434921265,0.64,0.505354048264938,0.867817929858224,43.61549429657795,60.68844945134953,74.90779467680608,48.698772012411055,53.992633079847906,31.43820048175105,12336.510222558594,455.50111111111113,0.4627479858687693,0.3203697040787552,A,grading/data_processed/onion/A/Onion_2_r0_146__100.jpg
4148.5,285.46298384666443,0.66,0.6397368335618491,0.9201508262171454,14.329662605435802,26.79121593617659,148.27788191190254,56.75196868306101,54.65253045923149,31.30695635301772,18378.48673257576,337.1744615384616,0.4518004290853431,0.3322883363308716,A,grading/data_processed/onion/A/Onion_Red_2_r0_78__100.jpg
6009.0,407.50461399555206,1.0869565217391304,0.4547230897265129,0.8831569664902998,35.940349175557714,10.671330834793297,53.242967992240544,28.09916110294477,79.83591981894601,46.47882694784958,3370.029814638469,526.3120333772509,0.563954919622463,0.3141312366189984,A,grading/data_processed/onion/A/Onion_White_2_r0_57__100.jpg
6635.5,311.46298491954803,1.098901098901099,0.8595489909102907,0.9793373182790938,17.57771867612293,15.966707383720625,140.8628841607565,51.81227873405506,87.10401891252955,50.46374885387882,5208.6332745320615,471.92007992007984,0.38385448958329194,0.24309902410481193,A,grading/data_processed/onion/A/Onion_White_1_152__100.jpg
6765.0,326.7350620031357,1.0777777777777777,0.7963173580743969,0.9667738478027867,16.55856377587954,17.61237086518406,149.4350658751991,50.18689498676392,89.19140002895612,51.540674638561136,4507.518162463311,508.886574074074,0.35910134806040817,0.19563535558451875,A,grading/data_processed/onion/A/Onion_White_1_183__100.jpg
6032.5,341.1198379993439,0.94,0.6514682294828718,0.9060528687293482,146.38501375627123,46.66022648986744,91.51610292927658,42.13226645121655,79.41009872147596,45.75671999962163,4352.065549920779,415.65204301075266,0.49957386775276746,0.328773388924478,A,grading/data_processed/onion/A/Onion_Red_3_147__100.jpg
7137.0,412.96045684814453,0.99,0.5259066052580964,0.9525525525525526,90.15889511828252,84.27244741708239,117.01969096130179,37.57212884471576,94.71639546013948,54.91936060297203,2843.8744254259773,479.32040816326537,0.38325084895406686,0.24411864737084116,A,grading/data_processed/onion/A/Onion_Red_1_r_105__100.jpg
3841.5,328.8355669975281,0.58,0.4464297536681027,0.8272854527834608,35.630456598093325,51.657088161187524,74.95408931259408,52.0539845753582,51.33793276467637,30.499404897281234,14708.388593073721,470.70157894736826,0.44196798406147286,0.289933685543655,A,grading/data_processed/onion/A/Onion_2_r0_102__100.jpg
4056.0,306.39191567897797,1.5151515151515151,0.5429417098912984,0.9137193061500338,42.47862431335085,62.59110357841686,80.37401480773823,54.95018542850368,53.90374970145689,31.78145236431035,9955.158004683197,335.0171411080502,0.5182296085737559,0.35112363234756033,A,grading/data_processed/onion/A/Onion_2_r1_129__100.jpg
4361.5,314.977702498436,0.7,0.5524412752611846,0.8855837563451777,50.92661774516344,64.28971800871642,76.553480097843,54.55608426610769,57.72915276851234,33.23645285749327,10221.150617061223,461.13202898550736,0.45735276437777717,0.3392017917000787,A,grading/data_processed/onion/A/Onion_2_r0_174__100.jpg
3772.5,264.4924203157425,1.6129032258064515,0.6776612474965774,0.9299889066929619,37.48043254376931,65.63423347405157,148.98300720906283,57.93167981225089,50.05870236869207,29.31736486383457,19685.47279685224,254.25138481590088,0.5417961603474148,0.3605965078930064,A,grading/data_processed/onion/A/Onion_Red_2_r1_6__100.jpg
3996.5,321.32084834575653,0.67,0.48642050189141356,0.8145317436054214,45.36266924564797,64.74508486780037,72.32059961315281,54.170799813600055,53.38007736943907,31.902090143227067,11890.57426072622,497.80090909090916,0.48185737842414295,0.3606549177495986,A,grading/data_processed/onion/A/Onion_2_r0_249__100.jpg
6602.0,311.2203435897827,1.098901098901099,0.8565435090783607,0.9790894260714815,35.83325909428359,10.98098342703989,48.72976985894581,26.07153138002011,86.92397921306608,50.67039959682295,3965.4854102040817,406.74925074925073,0.5264701994875725,0.24867674220397532,A,grading/data_processed/onion/A/Onion_White_2_r0_41__100.jpg
6867.0,322.39191603660583,1.0869565217391304,0.8302495037890524,0.975772646536412,29.924493291464458,54.021845975092425,80.85726520125607,50.412004018751276,90.04424778761062,51.65836229473125,2233.914765548204,474.40096618357495,0.3726747215635391,0.2264200816943974,A,grading/data_processed/onion/A/Onion_2_r1_185__100.jpg
4769.5,333.2619730234146,1.1566265060240963,0.5396487740968244,0.8744156201301677,108.46741344195519,83.18373681495038,114.37393075356415,46.312054672307276,63.45600814663951,37.04155754402208,12438.697320012354,492.07444514901704,0.49842348312793067,0.36778107707486685,A,grading/data_processed/onion/A/Onion_Red_1_r2_98__100.jpg
7158.5,322.29141199588776,1.0416666666666667,0.866032972058829,0.9835806540258313,79.60635964912281,82.72145439105999,119.61554276315789,46.975025730846966,93.8952850877193,53.760300927727066,4014.4733741210935,479.56281565656565,0.33185018614190476,0.2258659056696975,A,grading/data_processed/onion/A/Onion_Red_1_r2_47__100.jpg
5313.5,296.49242091178894,1.2692307692307692,0.7595622224626734,0.9534362102996591,20.63830178276052,44.78031938075848,165.03951479507444,56.07553997493743,70.0689211541996,39.54435660643466,7159.698020942193,346.1526687598116,0.42595635727795056,0.2798166734732564,A,grading/data_processed/onion/A/Onion_Red_2_r2_290__100.jpg
6947.0,318.0487698316574,1.0526315789473684,0.8630177391626113,0.9808683374514648,83.07454468445574,85.78318350923169,116.35196950444727,42.478582589654934,91.26937738246505,52.54855969817268,2963.0042060941832,349.19989367357783,0.387626710768376,0.24164864925675578,A,grading/data_processed/onion/A/Onion_Red_1_r2_140__100.jpg
5317.0,352.3330408334732,1.0319148936170213,0.5382323290939139,0.8755866611774393,33.47164288327845,8.95050937771421,71.97127698499817,39.085106297674564,70.69392608854739,41.08605850977521,1692.3765834711005,363.9015957446809,0.5605110212472003,0.3855021903824998,A,grading/data_processed/onion/A/Onion_White_2_r1_101__100.jpg
3635.5,303.66399371623993,1.6666666666666667,0.49543583277699527,0.8635391923990499,32.65569418635519,52.67880654723173,76.44358906291478,52.75357501482918,48.36580833554553,27.730834486930753,13033.444554555555,263.5060606060606,0.5199289426367056,0.3581032461520023,A,grading/data_processed/onion/A/Onion_2_r1_108__100.jpg
6392.5,326.97770261764526,1.1235955056179776,0.7513535185258524,0.9479498776599689,24.519283746556475,42.518382330153344,106.04759718396082,51.583413177499914,84.17523722069177,48.080447891522034,2589.104659651559,476.09488139825214,0.4179455222235572,0.2542557126985445,A,grading/data_processed/onion/A/Onion_2_r1_36__100.jpg
5759.0,305.22034299373627,1.1764705882352942,0.7768371574377654,0.9602334305960817,105.57412124299542,84.24433601212316,118.48802852776363,46.15681519263058,75.57021565630838,43.49717946566394,6342.697711058823,339.724301841949,0.43332737156533113,0.29431637116345444,A,grading/data_processed/onion/A/Onion_Red_1_r2_130__100.jpg
5187.0,295.5634890794754,1.069767441860465,0.7461472498951,0.9462738301559792,149.7603990212686,46.89471447619095,103.07453416149069,44.6018175802822,68.28627893845285,39.174604606824055,6499.356552496445,321.3060311781243,0.48427029973107644,0.314584080159401,A,grading/data_processed/onion/A/Onion_Red_3_r2_43__100.jpg
6862.5,319.462984085083,0.95,0.8449891517212892,0.9723698193411264,18.052007429632805,17.848639977178973,146.48821260180026,55.41503870669891,90.10844406343763,51.7670420767075,3823.2287191135742,541.6987234042554,0.39217522273620076,0.2482009966168417,A,grading/data_processed/onion/A/Onion_White_1_r2_52__100.jpg
6449.0,318.39191687107086,1.1363636363636365,0.79942582488348,0.9586027499070977,23.01123595505618,42.40503791881026,107.13634983297905,52.91498828401252,84.96492559975707,48.292623476124305,2054.4928987474173,470.830463728191,0.3812788588244498,0.23955594351930953,A,grading/data_processed/onion/A/Onion_2_r1_25__100.jpg
3834.0,266.5929266214371,0.63,0.6778985858613693,0.9272067714631197,47.17223910840932,71.72836734668137,150.9660587639311,55.921540627459066,50.84701114488349,29.593872053234534,14021.27046802721,368.7720967741936,0.5016429932293478,0.35035248713907674,A,grading/data_processed/onion/A/Onion_Red_2_r0_317__100.jpg
5697.5,363.6051186323166,1.1235955056179776,0.5415445894485161,0.8762014609765475,33.8223436966177,9.661217570669361,52.575674752306114,31.410079507231746,75.24274000683293,43.73829691966264,2973.6252438328493,397.92078084212915,0.5985551169705313,0.3306468954664779,A,grading/data_processed/onion/A/Onion_White_2_r0_193__100.jpg
4243.0,288.73506259918213,0.66,0.6395637559916425,0.9162167998272511,59.671781951442966,78.23407485269276,148.98969308291342,53.5174579814161,56.43815849748053,32.260338738435934,14989.029291804405,404.39769230769224,0.4876494552853451,0.3172854164675057,A,grading/data_processed/onion/A/Onion_Red_2_r0_272__100.jpg
3897.5,274.97770273685455,1.5873015873015872,0.6477404655763978,0.9296362552176506,18.329429354597558,42.891649762342084,155.6394218788936,59.90479456209828,51.74732120608024,29.846721075507112,16183.069994331066,271.03607503607503,0.5030837443267395,0.34978674453288094,A,grading/data_processed/onion/A/Onion_Red_2_r1_194__100.jpg
7072.5,351.6051187515259,1.0204081632653061,0.7189065526770878,0.9631621952880294,37.155614010798836,59.615535368697294,85.89561124186626,49.62911773617073,92.93603765748304,53.49387267337393,1817.2365597251146,465.46155431869715,0.3815084844947361,0.2493717246113227,A,grading/data_processed/onion/A/Onion_2_r1_209__100.jpg
6990.5,332.291410446167,1.0638297872340425,0.795572703378238,0.9693545032240172,36.91602411327632,60.272558066796456,84.56624141315015,50.855953887758105,91.75115659610262,52.70507509559671,2077.2913645880485,454.8272082527401,0.36292764491674323,0.2284467236567378,A,grading/data_processed/onion/A/Onion_2_r1_201__100.jpg
6700.0,343.3624792098999,0.94,0.7141328229790994,0.9546879452835566,142.6430553527092,53.57629512517791,95.64597634000292,41.76580341427414,88.33971082225793,50.77277196590432,3700.4853819714804,533.9086021505375,0.4127836156235647,0.25646878957828156,A,grading/data_processed/onion/A/Onion_Red_3_r2_3__100.jpg
4907.5,326.1492757797241,0.78,0.5797454318853417,0.8940608489706686,45.03703703703704,54.01605153420634,79.53812636165577,50.533044769938584,65.65379283026341,39.845390518190484,7829.206449556214,596.2700000000001,0.47571772521746414,0.3342518323074846,A,grading/data_processed/onion/A/Onion_2_r0_24__100.jpg
4433.5,302.00713992118835,0.68,0.6108325277923449,0.9024017911662935,38.6302300109529,51.28662627496241,85.45980284775466,54.41600312625996,58.70777656078861,34.354737836494365,9137.429697231833,500.1931343283581,0.4587445404038693,0.312823608340863,A,grading/data_processed/onion/A/Onion_2_r0_328__100.jpg
7183.5,322.63455629348755,0.96,0.8672098407315095,0.9800804966232348,21.875170718382954,44.788491837721125,179.73941546025677,46.801773576742626,94.98634252936357,53.361761138444116,2237.233531206597,386.80115789473695,0.36180134630935923,0.2209857793647375,A,grading/data_processed/onion/A/Onion_Red_2_r2_273__100.jpg
6331.0,374.534050822258,0.979381443298969,0.5671521228434071,0.8952838860213533,87.81582999692023,85.5978609505131,126.73067446874038,35.5259569488361,84.40930089313213,49.186267332364714,1898.8472049246182,327.8772757183593,0.46569530199963954,0.28066785912606207,A,grading/data_processed/onion/A/Onion_Red_1_r_78__100.jpg
4162.0,286.048770904541,0.66,0.6391926432422275,0.9199823165340407,15.094581971041569,25.681212654312382,149.25408687529193,56.84121535535004,54.93834656702475,31.540894932260628,19339.830451423324,347.52123076923084,0.44695861125580016,0.3298313716549877,A,grading/data_processed/onion/A/Onion_Red_2_r0_81__100.jpg
4258.0,275.76449835300446,1.5151515151515151,0.7036210303974472,0.9348995498957076,18.731094356865434,39.220402906212314,149.07950651130912,65.76589481033639,56.529358007767875,33.243002384883084,13425.804150390268,287.7669115396388,0.4424333894957175,0.325495572581473,A,grading/data_processed/onion/A/Onion_Red_2_r2_16__100.jpg
4855.5,318.4335460662842,1.1627906976744187,0.6017362790439194,0.892637190918283,142.19482862297053,53.8195514881425,87.34816596512327,41.49932618858726,64.10042092603729,36.94231929269747,10409.563889886425,348.7074230678882,0.5596310985830424,0.4068251194364479,A,grading/data_processed/onion/A/Onion_Red_3_r2_132__100.jpg
3861.5,271.1787132024765,0.63,0.6598644203935903,0.926130231442619,57.55429864253394,76.82662304121443,151.4778783308195,54.16965545366802,51.172699849170435,29.112454920085522,16270.041047593853,309.0506451612903,0.5013660853200749,0.34517157808002674,A,grading/data_processed/onion/A/Onion_Red_2_r0_310__100.jpg
4360.5,322.63455629348755,0.7,0.5264103167689493,0.8764824120603015,52.484329851078016,64.05477284529208,77.47855078906424,54.99993469282494,57.77128250722383,33.074258390167536,9503.612563265307,421.848695652174,0.460678410082165,0.34151968652230524,A,grading/data_processed/onion/A/Onion_2_r0_172__100.jpg
4180.5,308.1492751836777,0.62,0.5532428255601846,0.8964297201672563,40.22072803153257,56.26741710290159,87.62114537444934,56.538931824518954,55.55552979364711,32.62170296645824,11810.282647658687,560.3375409836066,0.431047891422012,0.281378794153924,A,grading/data_processed/onion/A/Onion_2_r0_313__100.jpg
4850.5,341.11983716487885,0.79,0.523820416505051,0.8713733944130064,45.32079247548529,55.2939581420661,75.63818290974585,49.51055588484725,64.47908745247149,38.047627864551934,8502.568333456176,496.0505128205128,0.48261798149414215,0.34852479803522785,A,grading/data_processed/onion/A/Onion_2_r0_50__100.jpg
5107.5,293.4629831314087,1.2658227848101267,0.7452664716055425,0.9508517173973751,20.92334161728159,39.06937459634241,158.38692410628943,54.64578568961907,67.67099980883197,37.731529036593685,10102.268986941195,366.11328474619614,0.4390092679981444,0.32248107675342624,A,grading/data_processed/onion/A/Onion_Red_2_r1_133__100.jpg
5119.0,323.01933240890503,1.1363636363636365,0.6165069304996574,0.8982277592560098,148.38858230256898,48.163222552570964,101.85328258801142,44.55749635709788,67.6987630827783,39.00793093615818,9055.144541270662,376.88590449954086,0.536844840774089,0.3887503134289895,A,grading/data_processed/onion/A/Onion_Red_3_r2_32__100.jpg
7295.5,324.2914117574692,0.98,0.8717541652103803,0.9854123049908827,19.342749529190208,38.06343323254518,161.75760021522734,54.56277800930833,96.67070217917676,54.58544316192335,2302.6581031236988,360.62010309278355,0.35589521676302055,0.22595251317057446,A,grading/data_processed/onion/A/Onion_Red_2_r2_109__100.jpg
6608.0,341.56348860263824,0.87,0.7117656370015676,0.9633355200816386,22.599970401065562,44.0826274233925,91.5885748113068,52.7426368219658,86.98150066597603,50.15499830429204,2107.986228814903,565.1224418604651,0.34885585275842074,0.20693277557543976,A,grading/data_processed/onion/A/Onion_2_r2_153__100.jpg
5787.5,302.29141068458557,1.1904761904761905,0.7958830460811825,0.9661936560934892,12.209298393913778,20.456203917471004,160.64683009298395,57.8811637510045,76.02586644125105,43.56546951394347,7026.342101530612,457.95406445406445,0.41099373896821734,0.2810279527550889,A,grading/data_processed/onion/A/Onion_Red_2_r2_57__100.jpg
6102.5,352.09039890766144,0.94,0.6185991046123508,0.9045430964203661,72.87028150991682,83.18258194062409,114.17130518234165,44.394384886975445,80.12380038387715,45.8370123199268,5143.441794375282,427.0286021505376,0.44413086023799997,0.32201916187924656,A,grading/data_processed/onion/A/Onion_Red_1_102__100.jpg
4279.5,275.66399359703064,1.492537313432836,0.70768959056406,0.9360236220472441,30.79258585399136,57.25130402194058,149.8951557880373,54.03817051281156,56.65408232886059,32.20135387044898,15156.717864357317,255.03859490426657,0.5033203881128029,0.33023492262911575,A,grading/data_processed/onion/A/Onion_Red_2_r1_29__100.jpg
7026.0,341.36247873306274,1.0526315789473684,0.7576810800437859,0.9659723654361724,35.6872559955382,58.556479896500065,85.14556609035137,50.18019958255688,92.21109871723368,53.02255988483008,1990.9695044432133,466.6609250398725,0.3709222593474464,0.231784954716007,A,grading/data_processed/onion/A/Onion_2_r1_206__100.jpg
6415.5,317.80612897872925,1.043956043956044,0.7982075594239038,0.9755930656934306,89.11385836385837,83.75571988710072,118.77197802197803,45.769581595030346,84.7336691086691,48.45882447820959,6183.520663214294,478.47030628945527,0.3400665158816584,0.22547776043421983,A,grading/data_processed/onion/A/Onion_Red_1_r_13__100.jpg
4339.5,276.3502850532532,1.5151515151515151,0.7140518076856474,0.9366501187135765,20.59161246916349,41.501482223606324,146.9721910742319,64.04692884398902,57.41063018614039,33.19960475035121,14061.723118365473,277.81389654116924,0.4363639108405562,0.3120936185659965,A,grading/data_processed/onion/A/Onion_Red_2_r2_5__100.jpg
5646.5,316.4924212694168,1.1111111111111112,0.7083739253271318,0.9211256117455139,30.790110650069156,46.88635283328334,82.20072614107883,49.63202414821988,74.46974412171508,43.21398216672826,4702.910992283951,486.4866442199775,0.47404320421021257,0.34583054894150883,A,grading/data_processed/onion/A/Onion_2_r2_108__100.jpg
3589.5,308.1492749452591,1.694915254237288,0.47503052874566565,0.875167621601853,33.07495969908651,54.88457451487345,87.12600752283718,54.444041497794714,47.952713594841484,28.229197795291483,11094.385528181556,309.12925868858076,0.5153820076331903,0.3564378376410247,A,grading/data_processed/onion/A/Onion_2_r1_272__100.jpg
6444.0,326.73506140708923,1.1235955056179776,0.7585320139177499,0.9445910290237467,26.886577588824778,46.386891901443455,107.08943212875798,53.05419297393979,84.96659580929244,48.354462687632164,2224.348216879182,463.88911587787993,0.4038229418180725,0.24860578705909225,A,grading/data_processed/onion/A/Onion_2_r1_33__100.jpg
6138.5,366.9188280105591,0.94,0.5729703238613089,0.8964585615188024,53.813820492454326,77.58592950481963,113.808895949166,44.97537425534725,80.8484511517077,46.23108620394181,5301.863617372114,462.2950537634409,0.43458249609379346,0.3161243873552404,A,grading/data_processed/onion/A/Onion_Red_1_84__100.jpg
4108.5,282.1492760181427,1.5384615384615385,0.6485377714492785,0.9348122866894198,18.047776726584672,41.34314359713403,154.93117313150427,59.03409885539213,54.32544938505203,30.98480638153133,15845.272435597635,270.99502719502715,0.4884941199461409,0.3353219209494495,A,grading/data_processed/onion/A/Onion_Red_2_r1_201__100.jpg
3760.0,267.9066346883774,1.6129032258064515,0.6583104830449928,0.9231524674686963,36.92873741285825,64.72515594748295,155.16395558998192,56.19334427832766,50.03175832687839,29.20708354728224,20464.089457830385,268.42668621700875,0.5453676136388967,0.36081382508338566,A,grading/data_processed/onion/A/Onion_Red_2_r1_2__100.jpg
6676.5,315.806129693985,1.1235955056179776,0.8412355295719973,0.9762392162596871,21.126688197298883,13.308413425078014,120.42806811509102,50.89984142338245,87.77495596007046,51.14414939698027,5422.960842065396,541.6996935648622,0.41101349443891844,0.22284744625742856,A,grading/data_processed/onion/A/Onion_White_1_48__100.jpg
5796.5,372.09039998054504,1.0,0.5261126856985151,0.81993068816748,16.90849563465413,19.709087786864735,144.01309603760913,48.024260327514384,77.34754869039624,45.4048732421844,2943.944226381362,355.271407532085,0.48719594417017464,0.36593943535286744,A,grading/data_processed/onion/A/Onion_White_1_r2_102__100.jpg
4733.0,276.7350620031357,1.3888888888888888,0.7766368515536827,0.9563548191553849,31.388041237113402,58.098256102421395,149.0562886597938,53.62523185386335,62.43113402061856,35.11803806711076,11442.702129147376,289.976290684624,0.48798155561027495,0.3132821753360786,A,grading/data_processed/onion/A/Onion_Red_2_r1_40__100.jpg
6125.0,323.3624781370163,0.99,0.7360998142299863,0.9296501479851256,147.0408815075056,48.5605403945762,98.02347492813797,42.623565930061524,80.50447141488343,46.1948323073783,4346.917014784206,407.9134693877552,0.5066625091259309,0.35386853994835604,A,grading/data_processed/onion/A/Onion_Red_3_194__100.jpg
6381.0,380.6761872768402,1.0,0.5533337837181659,0.8918238993710692,86.66264323911383,85.68512284816617,125.29243697478992,36.64299360360465,85.03957219251338,49.59057543535365,2262.0949314159684,380.4721864261168,0.4718008553340322,0.28801751598001507,A,grading/data_processed/onion/A/Onion_Red_1_r_77__100.jpg
5313.5,319.3208485841751,1.1764705882352942,0.6548412057478844,0.9033492009520572,33.14453411592076,56.10394808775802,78.8530814380044,54.202988154167016,70.06804842259722,40.2764697076606,5534.06665500346,407.20748663101597,0.4906675115724684,0.34663612667341054,A,grading/data_processed/onion/A/Onion_2_r2_274__100.jpg
4143.0,305.56348848342896,0.61,0.5575988613757968,0.900945960639339,37.77749181094993,54.68744601112355,86.53135236312588,55.97977921157195,55.10973327094057,32.64671550831056,12796.826124455793,579.1010000000001,0.4259382841269197,0.27527713308591406,A,grading/data_processed/onion/A/Onion_2_r0_310__100.jpg
6615.5,312.977702498436,1.098901098901099,0.8486834662131777,0.9761693964881216,19.053037037037036,14.818242074679915,124.78044444444444,56.92803594749712,87.3,51.178770917173466,5639.3441118222445,383.46553446553446,0.4175377416246773,0.246054837628537,A,grading/data_processed/onion/A/Onion_White_1_13__100.jpg
4496.5,290.8355665206909,1.3513513513513513,0.6680199466769483,0.9250154289240897,32.82669839896149,45.91057236159156,86.50281263522285,53.05299201552329,59.43833838165296,34.29149968673914,8046.494362235208,349.3557193557194,0.5123791581938439,0.3624884296628886,A,grading/data_processed/onion/A/Onion_2_r2_89__100.jpg
6762.5,333.60512006282806,1.0526315789473684,0.763575046494737,0.9611284820920978,31.703360370799537,55.43635823983785,93.1558516801854,50.010346993696615,88.81735225955967,50.78877355570906,2596.38099433795,580.8048910154173,0.4104856062961601,0.2608000850720823,A,grading/data_processed/onion/A/Onion_2_r2_178__100.jpg
3772.0,265.0782072544098,1.6129032258064515,0.6745800582788539,0.9259850251626366,33.83728115345005,62.949571879536755,153.9683316168898,56.35245470778898,50.01261585993821,29.0089139937631,19165.08328449532,237.0373085695667,0.5383863924954914,0.35992802494684295,A,grading/data_processed/onion/A/Onion_Red_2_r1_318__100.jpg
6272.5,321.1198385953903,1.0204081632653061,0.7643922237910789,0.9452942506216563,143.8186924637229,51.333801741384015,96.69964112966142,40.7394263533462,82.60337026057107,48.10690130717655,4431.234008163266,350.71923314780463,0.48640264018727764,0.33334946774894403,A,grading/data_processed/onion/A/Onion_Red_3_90__100.jpg
4946.0,281.5634903907776,1.36986301369863,0.7839913941789589,0.9611348620287602,14.318854886475814,26.839201815046092,157.63376110562686,61.77499794053455,64.99861796643633,37.645195030044775,10171.130435184836,356.71758682717575,0.4189475058475845,0.29315334768961865,A,grading/data_processed/onion/A/Onion_Red_2_r2_45__100.jpg
6856.5,321.80612885951996,0.95,0.8320007585403885,0.9724152602467735,22.27891350964975,19.876907984240546,121.75282344531809,47.535790860001285,90.81644031451036,53.41482408808258,4326.442462759002,534.8135106382979,0.4277606151055732,0.24856710230007883,A,grading/data_processed/onion/A/Onion_White_1_r2_162__100.jpg
5163.5,375.60511910915375,1.0454545454545454,0.45992926056549804,0.8399349328995527,34.45381149079985,10.209687932575367,62.620728501689825,31.926701725345946,68.9380398047315,40.042067517464105,2132.1606795528755,394.7097902097901,0.5148989471955318,0.32478341972193975,A,grading/data_processed/onion/A/Onion_White_2_r1_76__100.jpg
4950.0,339.07820773124695,1.3333333333333333,0.5410224728371391,0.8782045595671073,31.457148460482447,46.305408945553054,97.59403804667582,52.735850678685125,65.66267895665817,37.42780933361086,7012.249194862223,395.2853872053873,0.47932803505906846,0.30810321715707856,A,grading/data_processed/onion/A/Onion_2_r1_57__100.jpg
3579.0,316.3919153213501,1.694915254237288,0.44928384960450385,0.8644927536231884,29.777658142664873,48.302173433974126,79.34724091520862,53.97606283477726,48.09878869448183,28.912010872499756,14133.924279115197,323.14809108029453,0.5259397422953034,0.35564273189766366,A,grading/data_processed/onion/A/Onion_2_r1_102__100.jpg
6003.0,392.81832206249237,1.1111111111111112,0.48887151717829525,0.8933035714285714,35.61221844109544,9.154014828393832,49.926268027872304,32.55939178157821,79.56149732620321,46.15988821281165,3488.220552777778,515.7742985409652,0.5762513962566109,0.2998870629943963,A,grading/data_processed/onion/A/Onion_White_2_r0_141__100.jpg
4876.5,322.00714004039764,0.77,0.5909994670856467,0.8948527387833746,44.128337983260266,53.69887355978776,80.54444001594261,51.25813001623572,64.77819848545238,38.60272804837584,7821.710474127171,483.81644736842117,0.4745357187078744,0.3315385705366159,A,grading/data_processed/onion/A/Onion_2_r0_20__100.jpg
6566.5,307.80613017082214,1.1235955056179776,0.8709420974459213,0.9835979628520072,35.203194983577184,10.18705649244157,48.42281277993431,29.55032903344655,86.3986264556584,50.33650524649558,3293.6791809619995,352.8245375099308,0.5413141228556037,0.23626443838338304,A,grading/data_processed/onion/A/Onion_White_2_r0_8__100.jpg
6611.0,359.50461399555206,0.9484536082474226,0.6427884787515996,0.9588802668793966,15.79745712596097,11.75318140972625,140.8582199881727,55.13165661713385,87.37004730928444,50.47495115015975,4512.299993146469,576.7511045655376,0.35347003210741423,0.22499563897170793,A,grading/data_processed/onion/A/Onion_White_1_r_161__100.jpg
6604.5,326.291410446167,1.098901098901099,0.7795402177902876,0.9721792890262752,36.50874851720047,12.124425876010697,50.94721233689205,27.638911551121385,86.89827995255041,50.303486167934594,3252.6972526989493,446.0208680208681,0.5183310458300591,0.24742208589840153,A,grading/data_processed/onion/A/Onion_White_2_r0_52__100.jpg
6049.5,345.1198379993439,0.94,0.6382480510029437,0.9033149171270718,145.68441432720232,47.44981675861922,90.24233623749596,41.41013123836937,79.61148757663763,45.75072133944059,4326.156196423722,350.90913978494626,0.4967972933299205,0.3268392816961573,A,grading/data_processed/onion/A/Onion_Red_3_140__100.jpg
6152.0,335.3624783754349,0.97,0.6873805667911502,0.9230307576894223,146.57235901509134,48.47409630702731,92.35456711675933,38.948858764768886,80.83717235901509,46.430157309777044,4181.806063077905,321.21239583333346,0.5069424684147126,0.33639764997135463,A,grading/data_processed/onion/A/Onion_Red_3_119__100.jpg
3512.5,298.14927530288696,1.694915254237288,0.49654507742820425,0.865360926336536,28.703846153846154,47.26228181023902,81.56181318681318,52.82926597980614,46.77967032967033,27.14514960621994,13843.185200919277,274.9219311761685,0.5230074123722548,0.36907685907082755,A,grading/data_processed/onion/A/Onion_2_r1_92__100.jpg
6213.5,319.9482659101486,1.0204081632653061,0.7627577787277114,0.945810183423396,143.79792093243032,50.73906101395403,97.67065679634588,41.25113789838613,81.69018743109152,47.142591576722786,4751.074037057476,356.95279323850764,0.48462826107418155,0.33951716369392515,A,grading/data_processed/onion/A/Onion_Red_3_85__100.jpg
4459.0,331.22034299373627,0.75,0.510755828439723,0.8476380572188955,48.92351151673186,62.971764186478026,73.94372012168623,56.03625825231725,59.27770534550196,34.49230429120264,9645.541883448886,480.09729729729736,0.47732687146737574,0.3664999897855155,A,grading/data_processed/onion/A/Onion_2_r0_226__100.jpg
5007.5,303.1198377609253,1.1411764705882352,0.684860474416521,0.9238929889298892,149.3526777020448,47.36795884310723,103.42706913339825,44.3263730645048,66.17000973709834,38.12499960955701,9171.326778358789,366.02916666666664,0.5203361816849368,0.36447596870276966,A,grading/data_processed/onion/A/Onion_Red_3_r2_37__100.jpg
5799.0,391.98989510536194,0.94,0.4742564316709277,0.8655223880597015,35.166080107256576,12.596005805865314,50.83324953913189,31.501918784325916,76.83844477962126,44.485559653952635,3279.0834869963783,505.3737634408602,0.5807508951511943,0.3487696194158089,A,grading/data_processed/onion/A/Onion_White_2_r1_157__100.jpg
4313.0,319.5634880065918,0.7,0.5307316856460385,0.8685058397100281,53.0545944731521,64.47197648833621,74.49651763648619,51.65525399549293,57.117052347787016,33.15593630517681,9612.629713959182,441.0159420289856,0.46758432970340974,0.3468752250595803,A,grading/data_processed/onion/A/Onion_2_r0_168__100.jpg
4086.0,319.56348872184753,1.5151515151515151,0.5027984367823346,0.8833639606529023,39.17637310606061,60.45928147432086,78.41737689393939,54.00597777601611,54.37926136363637,31.996435434514044,9921.861327456383,326.2323232323232,0.5068688254013002,0.34559695930509743,A,grading/data_processed/onion/A/Onion_2_r1_128__100.jpg
6462.5,316.97770273685455,1.1235955056179776,0.8082635480766809,0.9712203186053502,17.872556447946657,17.117033926114374,130.34899227155628,57.05782668325004,85.1613880891044,49.74142735837655,5492.142737773009,456.4988083077971,0.41884788065951417,0.24596396564084494,A,grading/data_processed/onion/A/Onion_White_1_2__100.jpg
4747.0,308.10764503479004,0.75,0.6283825939138132,0.907214524605829,43.658816301454024,53.031047030989065,84.00102396067992,54.163077372096865,63.386647552733976,38.406808546718636,8272.978423395556,556.2747297297299,0.47286459733692265,0.3323875903616781,A,grading/data_processed/onion/A/Onion_2_r0_8__100.jpg
5892.0,343.5046133995056,1.0526315789473684,0.6274909315930848,0.9003667481662592,145.41692893821434,51.630902946967566,96.44757329799569,41.710413545495925,77.63392413450389,44.438247289389615,5938.899853916897,461.27921318447625,0.49178706908882347,0.35214479517210845,A,grading/data_processed/onion/A/Onion_Red_3_r2_17__100.jpg
4020.0,279.563489317894,1.5873015873015872,0.6463608037308533,0.9376093294460641,21.576607056549058,47.65448338052293,155.40792653455776,59.53247327786293,53.2769453842436,30.255152350276493,16228.386053791886,273.3189033189033,0.4817387482592289,0.3286716954457287,A,grading/data_processed/onion/A/Onion_Red_2_r1_200__100.jpg
4913.0,336.39191567897797,0.76,0.5455889024509154,0.8943296623282061,42.79739078869342,52.71581330902721,79.320221387626,50.97778322520714,65.96738485866771,40.37781546243459,7947.3369736842105,613.0124,0.4543788409962319,0.31636691778165854,A,grading/data_processed/onion/A/Onion_2_r0_28__100.jpg
5383.5,331.806129693985,0.9895833333333334,0.614477198112826,0.8604651162790697,33.287859598335444,8.81661892121497,65.62384657137687,37.94050120187647,71.33399674326036,41.524981945421295,2214.4502850756962,351.13863031914894,0.5979048193473621,0.3780935967199238,A,grading/data_processed/onion/A/Onion_White_2_r1_128__100.jpg
5669.5,302.2914103269577,1.0444444444444445,0.7796559724291627,0.953899217632708,150.29084008970156,45.04279230301403,105.79420389856823,43.25639444902774,74.59686044505779,42.93260654788756,5277.051473210044,373.9023894862605,0.4713765850934705,0.29990223019504303,A,grading/data_processed/onion/A/Onion_Red_3_r2_45__100.jpg
7297.0,322.8771985769272,0.97,0.8795883273464963,0.9874154262516914,19.942434431741763,38.95683704969945,158.26778749159382,54.19816417568076,96.6488231338265,54.1446170277998,2411.5971144648743,421.40083333333337,0.36825192714224475,0.21645428543295617,A,grading/data_processed/onion/A/Onion_Red_2_r2_113__100.jpg
4511.5,285.8061294555664,1.3888888888888888,0.6940451899116903,0.9340579710144927,20.577720207253886,40.33403814577041,153.31930051813472,55.36502116650992,59.75064766839378,33.52855290173071,14093.508503395062,313.28759820426484,0.467431189658639,0.34149625205508466,A,grading/data_processed/onion/A/Onion_Red_2_r1_141__100.jpg
5987.0,305.56348967552185,1.1395348837209303,0.8057794730893489,0.9688486123472773,24.933638443935926,50.13609633591206,172.92170644001308,52.5458741923314,78.9127165740438,44.15195496916318,4636.075817404367,395.9912491009351,0.4006165861040455,0.2574911337996105,A,grading/data_processed/onion/A/Onion_Red_2_r2_282__100.jpg
7073.5,323.8061294555664,0.9896907216494846,0.847762283308616,0.9814082552896288,148.41286565922638,48.62185063978613,110.8262858727298,38.900280851143854,93.49604880077638,54.34748499083372,1441.198909720285,375.4710797612588,0.4210853249776769,0.21095840896335935,A,grading/data_processed/onion/A/Onion_Red_3_r_89__100.jpg
3601.5,309.3208478689194,1.694915254237288,0.47301498495651373,0.8801319648093842,35.22784471218206,56.59108851788099,89.2607764390897,56.18508809428762,48.01767068273092,27.90875759802497,12044.235388997415,287.4300633453176,0.5149668138064809,0.35217816767237314,A,grading/data_processed/onion/A/Onion_2_r1_268__100.jpg
4473.5,331.8061292171478,0.75,0.5106090375514977,0.8463721502223063,48.226120857699804,63.02040940252329,73.7056530214425,56.066560165780515,59.46285466753303,34.78813589240479,9183.405493528888,514.2443243243243,0.4773846803683965,0.36555949893385925,A,grading/data_processed/onion/A/Onion_2_r0_225__100.jpg
4039.0,282.39191567897797,1.492537313432836,0.6364718466344351,0.9209896249002394,26.04882154882155,46.43152749851652,82.53367003367003,53.53778629505077,53.58080808080808,31.392717775199596,9876.704312229895,357.07191316146543,0.5092236670192866,0.3679444823976839,A,grading/data_processed/onion/A/Onion_2_r2_242__100.jpg
6825.0,315.56348836421967,0.91,0.8612694113346624,0.9815906802818927,21.563855767849446,17.867345737066323,125.02628932624623,49.35723062012638,90.38184168941244,53.5830780439436,4203.2302890472165,506.2834444444445,0.4215388914283909,0.2204323333366657,A,grading/data_processed/onion/A/Onion_White_1_r2_140__100.jpg
3858.0,274.3919161558151,0.64,0.6439163644013666,0.9135685531612597,22.706267304304053,45.630808734339276,150.5205134658948,57.9736428176947,51.19984898061918,29.51676124747592,16784.486390234375,345.38825396825405,0.4831298471286461,0.35699833054524743,A,grading/data_processed/onion/A/Onion_Red_2_r0_56__100.jpg
3876.5,300.149276137352,1.5384615384615385,0.5407232598851361,0.8987943426849061,32.04569288389513,50.99376632780926,88.97153558052435,53.13563253089647,51.500374531835206,29.762846446095374,11416.874093159762,302.0355866355867,0.5175532402422198,0.36994623465292387,A,grading/data_processed/onion/A/Onion_2_r1_254__100.jpg
5851.5,355.46298336982727,1.1111111111111112,0.5819535345530239,0.8855175544794189,35.103896103896105,13.121332202933852,52.39410589410589,33.94723273868091,77.36280386280386,44.97085016281224,3004.2107954444446,393.13333333333344,0.5969114311533452,0.3202919949449171,A,grading/data_processed/onion/A/Onion_White_2_r0_2__100.jpg
5963.5,335.11983919143677,0.93,0.667284150806006,0.9103190352617921,146.11429507122975,47.23537843887053,92.8755526445063,41.89317045145693,78.43130833469789,45.125496701646284,4855.9068750607,350.026847826087,0.5026945738908073,0.3299622085538343,A,grading/data_processed/onion/A/Onion_Red_3_153__100.jpg
5604.5,407.0609624385834,0.9897959183673469,0.4250380665378998,0.7887551896418268,15.774009344177193,13.125486542970654,142.8693545596124,49.06959641202312,75.08807752206265,44.33515748703029,3238.153092896382,346.0514455782313,0.49272387609563884,0.3782217402883914,A,grading/data_processed/onion/A/Onion_White_1_r2_108__100.jpg
4463.0,277.9066354036331,1.4492753623188406,0.7261710286685683,0.943851115575764,29.77472167648985,57.05307890025807,149.469111547697,54.95456415271237,59.026413446845666,33.620023853700026,12244.380687754672,276.5245205679989,0.4994944967673231,0.3233435728610987,A,grading/data_processed/onion/A/Onion_Red_2_r1_34__100.jpg
6014.0,351.8477591276169,1.0210526315789474,0.6104691319602416,0.8767402871929441,15.287800129785854,12.912571296868625,145.3298182998053,46.813335675283945,79.81765087605451,46.1816537106718,3084.038582661912,325.8198464912281,0.43755897063444554,0.31742632288779277,A,grading/data_processed/onion/A/Onion_White_1_r2_96__100.jpg
4276.0,272.93607234954834,1.5384615384615385,0.7213161987731849,0.9414354909731396,18.197542102867548,38.01203165014683,149.2294037323623,64.57400894397372,56.48315885298134,32.506178306185745,12356.722736094674,269.6121212121213,0.44467023269148787,0.3122361742982059,A,grading/data_processed/onion/A/Onion_Red_2_r2_13__100.jpg
5443.0,341.36247873306274,1.0,0.5869709818784979,0.9084536426604356,33.36965467883342,13.294564499738575,57.892109500805155,40.72348033291921,72.41599570585078,42.66310163997713,2181.969560343699,354.54335392358723,0.5472305839217405,0.3529732119310545,A,grading/data_processed/onion/A/Onion_White_2_r1_184__100.jpg
4045.0,280.39191603660583,1.5151515151515151,0.6465429988301138,0.9203640500568828,32.298822964208505,52.56662556722275,87.74729762190728,55.25220092200401,53.577468171991356,31.079921333432825,10907.733343985308,326.74900520355067,0.49764869828325003,0.35640812760311097,A,grading/data_processed/onion/A/Onion_2_r2_232__100.jpg
4073.0,273.9066345691681,1.5384615384615385,0.68221171106707,0.9237922431390337,21.954404392456432,48.72140876754202,165.68345667223682,54.44575721107888,53.99498687037479,30.755075136112175,15259.297741325443,267.6321678321679,0.51135085225498,0.3430549856624863,A,grading/data_processed/onion/A/Onion_Red_2_r1_305__100.jpg
6619.5,312.977702498436,1.1111111111111112,0.8491966147076003,0.9797232294827204,20.42656203731122,8.30473493038267,121.68951732306782,50.830126836064125,87.02472608824401,50.715267213217274,5438.693685320987,467.59248035914703,0.4035787890211283,0.23820592372455396,A,grading/data_processed/onion/A/Onion_White_1_67__100.jpg
6747.0,314.8771984577179,1.0869565217391304,0.8551418257742784,0.9767643865363735,20.75701206220026,16.934711066744242,120.81354454294434,50.42992000305071,89.21421305042871,52.76656019689813,5211.382533542061,462.91018884497146,0.4301195439886955,0.24055830264962835,A,grading/data_processed/onion/A/Onion_White_1_22__100.jpg
4826.5,279.3208501338959,1.36986301369863,0.7773837608336049,0.9565949856307601,29.271991911021235,54.89160781825982,151.72032355915067,56.23343339007161,63.75712841253792,36.00531729977003,11597.558595965473,317.02546008025456,0.482786362884342,0.30903193485067754,A,grading/data_processed/onion/A/Onion_Red_2_r1_41__100.jpg
5897.0,371.8477600812912,1.1111111111111112,0.5359331885752872,0.8863004433756669,35.36948984645864,9.432056609301515,50.489846458642894,33.40064927847079,78.19514611193661,45.46584102994935,3113.8216589506173,433.41088664422,0.5877368829612167,0.31299868665911795,A,grading/data_processed/onion/A/Onion_White_2_r0_138__100.jpg
5050.0,316.87719655036926,1.1666666666666667,0.6320031863007307,0.9101558979904478,137.47521697203473,54.32797834919151,84.18264223722275,45.674860386446355,66.6212150433944,38.99110515074702,8852.148777472255,406.84769268532153,0.5023615943664034,0.35627110963095715,A,grading/data_processed/onion/A/Onion_Red_3_r_160__100.jpg
6607.5,316.29141104221344,1.1111111111111112,0.8299888122452853,0.9707632410196136,20.60649658854939,43.32362716735308,78.89795312963513,48.90276313285462,86.6523286858499,49.66371794002265,2521.7787395061728,491.3329966329967,0.3920866064734051,0.23718801521090485,A,grading/data_processed/onion/A/Onion_2_r1_162__100.jpg
5049.0,294.5929265022278,1.3333333333333333,0.731089598758805,0.9407490217998882,22.516322194321035,46.57357728762665,164.53950164187754,61.912994482779624,66.66602279312343,37.57945045199259,8817.332751715554,315.137239057239,0.432432630009412,0.29655622207827126,A,grading/data_processed/onion/A/Onion_Red_2_r2_297__100.jpg
6892.5,314.7766921520233,1.075268817204301,0.874141027732925,0.9881012113826966,27.46149466192171,53.42719239717866,149.9346619217082,52.127436249437054,90.52583629893239,51.164600140865105,3472.9283411261417,377.7745193874226,0.38328960800820866,0.2299646296916472,A,grading/data_processed/onion/A/Onion_Red_2_r1_64__100.jpg
3720.0,268.5929263830185,0.63,0.6479830742339571,0.913219590033141,34.91786179921773,58.58942312685892,158.09308996088657,58.186213161330826,49.264667535853974,28.800959541685398,15806.027465961199,354.74354838709684,0.5128905094338728,0.3686196020699074,A,grading/data_processed/onion/A/Onion_Red_2_r0_37__100.jpg
6024.5,341.1198375225067,0.95,0.6506042866957489,0.906894475387626,145.96888672824502,47.240610278446574,91.04569761789013,41.50907832532406,79.26073569923837,45.60000518174258,4121.9517887645425,381.3725531914894,0.5031092014790921,0.3347317815057642,A,grading/data_processed/onion/A/Onion_Red_3_148__100.jpg
7064.0,316.8771983385086,1.0526315789473684,0.8840535559687742,0.9885942201385487,67.59202667037088,82.14598179854318,158.99055424364494,49.80089452396064,92.67439922211419,52.51888949269464,2729.446664199446,305.34821903242954,0.40106101963756163,0.22860170864085494,A,grading/data_processed/onion/A/Onion_Red_2_r2_236__100.jpg
5845.0,320.0487699508667,1.1494252873563218,0.7170708278279714,0.9600854139290408,36.474088933467065,57.06402974820538,86.71414242728184,48.37034837996273,76.77281845536609,44.023325669343905,4472.670414850046,485.93881342157204,0.4490186125697743,0.29793502586896264,A,grading/data_processed/onion/A/Onion_2_r1_225__100.jpg
5679.5,314.49242186546326,1.0879120879120878,0.721605106643221,0.9244730202653211,26.141678129298487,41.52650596422125,83.54418844566713,50.16244698249145,74.82307427785419,43.11885971562843,4440.957241448749,443.92487104732004,0.4726935779008826,0.34395664238199736,A,grading/data_processed/onion/A/Onion_2_r2_109__100.jpg
6545.0,310.73506212234497,1.1235955056179776,0.8518026654064865,0.9811122770199371,36.102410540500074,9.902518967264566,48.93217547537056,28.934872932347112,86.01527174726756,49.9657682523519,3494.834503964146,422.85279763931453,0.5093117009812607,0.23870420669467687,A,grading/data_processed/onion/A/Onion_White_2_r0_29__100.jpg
4740.5,292.6345567703247,1.36986301369863,0.6956371945518497,0.9262407190308715,20.473684210526315,46.97839612221858,167.11287006578948,54.05100279773159,63.15892269736842,34.99699280065952,11237.425874629385,345.11235644112355,0.4611134628065697,0.320315330990377,A,grading/data_processed/onion/A/Onion_Red_2_r1_292__100.jpg
4117.5,278.00713992118835,1.492537313432836,0.6694706964996795,0.9175487465181058,34.91621430257258,48.786717395334804,90.43120132168987,58.60956204882981,54.86971914090158,32.88374357052625,9329.012847828024,324.65701794060004,0.523079857356906,0.3571319400830772,A,grading/data_processed/onion/A/Onion_2_r2_52__100.jpg
4311.5,358.63455617427826,0.74,0.42124425139882166,0.7878483325719506,42.85138764547896,52.7636308774749,77.76812891674128,54.73950638239127,57.33437779767234,33.612005063903915,9752.383153761872,458.4608219178082,0.5250775492836743,0.3773406217599353,A,grading/data_processed/onion/A/Onion_2_r0_73__100.jpg
7279.0,320.04877066612244,0.96,0.8929954717587877,0.9900034002040122,26.529665587918014,54.51062992438599,170.20226537216828,46.45849402346709,96.02211434735706,54.482492726127376,2011.599619259983,346.8036842105263,0.3796054708424087,0.21273947236583313,A,grading/data_processed/onion/A/Onion_Red_2_r2_261__100.jpg
4646.0,346.87719678878784,0.77,0.48521874222168215,0.8435003631082062,46.637823185988324,55.76009372579188,74.77752293577981,49.51006337620162,61.617389491242704,35.647901999347056,9191.903489357395,458.26460526315793,0.4924557898569529,0.3582187484556781,A,grading/data_processed/onion/A/Onion_2_r0_60__100.jpg
5643.5,330.43354618549347,1.075268817204301,0.6495164144844457,0.9054953870838347,146.79941206985993,49.48445141351641,96.52775376102369,41.69862827629636,74.38457547985475,42.74301539096858,6553.065850433576,425.89116976213734,0.5065800301072325,0.3642817026549061,A,grading/data_processed/onion/A/Onion_Red_3_r2_19__100.jpg
6608.5,313.462984085083,1.1111111111111112,0.8451625233033551,0.9797627872498147,17.197567487392465,16.435155431006706,142.56407594185703,51.928706888474025,86.99584692969445,50.511530332062115,6169.148924987654,500.25757575757575,0.38304294683014317,0.2379510905491369,A,grading/data_processed/onion/A/Onion_White_1_157__100.jpg
5047.5,288.1492760181427,1.3157894736842106,0.7639257093852542,0.9503859913387309,52.22263056092844,73.7987733385293,153.6117988394584,58.150927287072285,66.91353965183752,37.29757059367813,9514.352974220914,341.89845826687935,0.4735432204932659,0.30549319977678846,A,grading/data_processed/onion/A/Onion_Red_2_r2_148__100.jpg
7227.5,323.1198378801346,1.0204081632653061,0.8699027821914765,0.9846059532729378,80.96415478615071,83.06831003840047,118.56048879837067,47.87665797779659,94.81466395112017,54.304217142840024,4161.610658881716,487.23325087610795,0.3387501859148858,0.23473138905999824,A,grading/data_processed/onion/A/Onion_Red_1_r2_50__100.jpg
5778.5,384.4335466623306,1.1111111111111112,0.4913403433944055,0.8750662527447566,34.44693019343987,11.439485029579517,51.29671993271657,30.832760820073123,76.57207737594618,44.46710800890086,2972.067170061728,421.4927048260382,0.6110193285595459,0.32793094611991863,A,grading/data_processed/onion/A/Onion_White_2_r0_176__100.jpg
4803.0,287.70562505722046,1.0930232558139534,0.7291648829008076,0.9357101110461719,144.98476538695917,50.51302890596954,94.92362380662198,44.29916779153323,63.308348567946375,36.68378617265904,8042.090872089351,371.9484871217803,0.563000407120966,0.37817684551957376,A,grading/data_processed/onion/A/Onion_Red_3_r_56__100.jpg
3899.5,311.1787121295929,0.57,0.5060565269052769,0.8894844890510949,38.96481665014866,57.63669708900009,76.19995044598612,49.40087440992675,51.8486124876115,29.972949905260798,12353.30171917513,415.63321428571425,0.43279432412724006,0.26975065844144264,A,grading/data_processed/onion/A/Onion_2_r0_122__100.jpg
7249.5,320.1492748260498,1.0638297872340425,0.8888180658154488,0.9859241126070991,66.57403898213319,80.53785466599386,127.06036816459122,45.4838111989917,95.27707092582567,54.310602636307145,4706.16898269579,522.1972920696326,0.31409156337214855,0.1997991540994111,A,grading/data_processed/onion/A/Onion_Red_1_r_190__100.jpg
5396.0,356.87719690799713,0.9381443298969072,0.5324075516453654,0.8436522826766729,34.59124482075302,12.954373978310695,53.418663303909206,37.757646768251924,71.44352368942533,41.282484999904675,2355.781592798566,346.00492554410084,0.5764358971754008,0.3571552442198068,A,grading/data_processed/onion/A/Onion_White_2_r1_20__100.jpg
6691.0,315.70562493801117,1.098901098901099,0.843599384691278,0.9768596247901307,19.971721611721613,13.957410584448159,130.10095238095238,49.40749812414986,87.8893772893773,51.07759733414513,4942.781846105543,459.7738927738928,0.3708753187355508,0.23807405916008287,A,grading/data_processed/onion/A/Onion_White_1_91__100.jpg
3829.0,275.9066358804703,1.5873015873015872,0.6320783841698611,0.9093931837073982,17.042574759249874,39.09991116456257,154.86771414090217,62.53526718468939,51.21236695387734,30.025610104748186,18351.496917586293,297.42937309603974,0.49372145814273527,0.3610611491512959,A,grading/data_processed/onion/A/Onion_Red_2_r1_170__100.jpg
4440.5,286.6345558166504,0.68,0.6791796197064551,0.9400868000423415,25.913615435211575,52.725468207441224,148.1311115983337,54.04195710428606,58.617846963385226,33.00744007090609,12273.21729446367,354.0283582089553,0.4737955847189974,0.30951337570347887,A,grading/data_processed/onion/A/Onion_Red_2_r0_232__100.jpg
5825.5,376.9188276529312,1.1111111111111112,0.5152848897074391,0.8830529028346218,35.621012193085015,9.047220154730507,50.399866377150495,34.56594948578547,77.14631702021046,44.75334070555762,3407.3285278888893,429.75544332211,0.5884448848416377,0.32125133385901766,A,grading/data_processed/onion/A/Onion_White_2_r0_129__100.jpg
5985.5,312.97770297527313,1.0337078651685394,0.7678625760018644,0.960369033293221,89.44248366013072,84.44061973065932,120.41797385620914,47.08576659142954,78.90653594771241,45.23184021290869,6801.8343998324435,424.7992344733918,0.3753404320765282,0.23624246565949253,A,grading/data_processed/onion/A/Onion_Red_1_r_21__100.jpg
5607.5,302.2914113998413,1.1904761904761905,0.7711298764199929,0.9592028737598358,23.387271142109853,41.92619178084133,158.82441150828248,53.68436635883326,74.41534437663469,41.001708875640006,7586.534620181405,421.3292448292449,0.42615483325878645,0.3019329544577456,A,grading/data_processed/onion/A/Onion_Red_2_r1_129__100.jpg
4138.5,272.8355668783188,1.5625,0.6986358298230404,0.9290605006173532,56.78918918918919,75.98408810901482,147.19717978848414,60.631036418984976,55.06509988249119,31.188268634707466,13843.757616577148,264.7092803030303,0.5051055679388154,0.32118757437792805,A,grading/data_processed/onion/A/Onion_Red_2_r2_172__100.jpg
5115.5,322.776692032814,1.1363636363636365,0.6170120137142633,0.9003784211915867,148.38042650418888,48.20514976425008,101.25704493526275,43.51503270232945,67.63880426504188,38.737501514052056,8749.661285072314,344.35422405876943,0.5402727903993902,0.3895662812549609,A,grading/data_processed/onion/A/Onion_Red_3_r2_31__100.jpg
6951.0,339.3624789714813,1.0204081632653061,0.7584544526827092,0.9616768123962368,16.78565388951522,17.546399189465017,139.8718996617813,52.4715692557098,91.66220405862458,53.10548375273729,4310.096889795919,450.3769325912183,0.3984084882249507,0.2612695703472754,A,grading/data_processed/onion/A/Onion_White_1_r2_73__100.jpg
6899.0,317.5634888410568,0.93,0.8596761530478103,0.9826235578977354,20.73465036952814,16.803311519845206,127.23109721432633,49.750246378999016,91.85986355884025,54.78044428279086,4546.36015580992,446.71521739130435,0.42687115352234095,0.22790548162313964,A,grading/data_processed/onion/A/Onion_White_1_r2_136__100.jpg
4049.0,318.3919150829315,0.6,0.5019189333711919,0.8715023676280672,40.258958432871474,58.79173866598955,75.84567606306737,50.50811647257756,53.71046344959388,31.320412624076123,12563.139949972223,483.60305084745755,0.427131934834529,0.27881167893858727,A,grading/data_processed/onion/A/Onion_2_r0_138__100.jpg
5945.0,319.7056243419647,0.96,0.7309053989184302,0.9311614065314433,144.76171682289097,49.391877811676906,94.30044400592008,41.52720173097228,78.03075152113139,44.877646612872745,4489.710839832899,367.8052631578948,0.51033500532381,0.35254040455259217,A,grading/data_processed/onion/A/Onion_Red_3_179__100.jpg
4458.5,278.4924222230911,0.69,0.7223902403948947,0.9498295696634,18.26152501638628,38.66055918474324,153.39676644090017,52.77646180563566,59.10072099628578,33.41769134364415,12915.927212770426,371.7135294117646,0.4670425367199292,0.316359386213962,A,grading/data_processed/onion/A/Onion_Red_2_r0_210__100.jpg
6889.0,323.22034335136414,0.95,0.8286453053527733,0.9706918416232211,17.859846328969834,19.44180108869264,143.9311326124075,55.91194173721154,90.58836084234491,52.15409958549561,4209.628551534626,500.41382978723414,0.391490587052057,0.24565634637857542,A,grading/data_processed/onion/A/Onion_White_1_r2_56__100.jpg
5586.0,359.5046148300171,0.9591836734693877,0.5431275791314021,0.8872299872935197,34.897543125980135,12.818486683845647,53.654817912528316,35.556289583169956,73.99024220247429,42.92962884195465,2887.659678956671,455.74149659863934,0.569180012140806,0.36075641054807184,A,grading/data_processed/onion/A/Onion_White_2_r1_166__100.jpg
6492.0,314.8771973848343,0.9693877551020408,0.8228221091979407,0.9653531598513011,150.06187745246,45.35691477399415,101.61122849381225,41.311451906798766,85.21038333836403,49.09210241385441,3100.023809746862,395.5560138949198,0.4793665649081413,0.2749363293346363,A,grading/data_processed/onion/A/Onion_Red_3_r_66__100.jpg
4458.0,316.7350628376007,1.4492753623188406,0.5584157289109482,0.9180395387149918,41.717301414581065,63.11652138651293,82.75212187159957,54.41772631488941,59.23046789989119,34.312577550034,8106.479771812645,375.0611916264091,0.48728996340088104,0.3192107627415915,A,grading/data_processed/onion/A/Onion_2_r1_312__100.jpg
6811.5,315.32084810733795,0.91,0.8608891869690761,0.9824042691281459,18.026770293609673,19.10459280973146,144.9622913068509,54.78965655318751,89.40544041450777,51.62567440968217,4173.733563627581,542.5315555555554,0.37624368726497054,0.22087143626559017,A,grading/data_processed/onion/A/Onion_White_1_r2_41__100.jpg
4131.0,275.0782071352005,1.5384615384615385,0.6860451347872528,0.9283146067415731,49.20291902071563,71.94586117791555,148.09580979284368,59.01608116055763,55.1195856873823,31.2349898055412,15978.053537017753,267.31794871794875,0.5092335981566191,0.3320317882777591,A,grading/data_processed/onion/A/Onion_Red_2_r2_170__100.jpg
6451.0,345.8477586507797,1.1235955056179776,0.6777460185345161,0.9572636889746253,16.19809033040315,14.97904009963525,146.01394361927856,54.39396151212526,84.97074871173082,49.05453373706518,5790.53214058831,448.02145045965267,0.41316839920360615,0.24371019771923394,A,grading/data_processed/onion/A/Onion_White_1_191__100.jpg
5243.5,330.9777023792267,1.1764705882352942,0.6014972730587865,0.9006355204397114,32.44941525895675,48.248742452591664,84.27139409689994,50.20148973416717,69.3437906070169,39.87429966144805,5226.586614532872,409.03600713012463,0.4900757681535915,0.35453378888627674,A,grading/data_processed/onion/A/Onion_2_r2_102__100.jpg
6449.0,322.0487699508667,1.1235955056179776,0.7813739917215282,0.9492198999116868,25.764080765143465,45.118650624826145,106.15955670259602,51.96828642814256,84.8843175952634,48.403009732323234,2206.3739357530612,489.5829077289752,0.4068985413842167,0.24881477744279593,A,grading/data_processed/onion/A/Onion_2_r1_32__100.jpg
3791.5,264.00714111328125,0.62,0.6835803590507205,0.9292892156862745,46.91367827868852,70.83161585554821,153.4923155737705,55.691415428457354,50.18724385245902,28.855535650729784,16713.58658103538,319.8291803278688,0.5147881337684457,0.34922658048166283,A,grading/data_processed/onion/A/Onion_Red_2_r0_5__100.jpg
7355.0,344.5340510606766,1.0,0.778624813381241,0.9794260603235901,89.07210449153672,84.20422549705896,115.36718645874983,38.34413398591371,96.86645341863255,56.010747272162504,2596.5113251100006,388.5012121212121,0.3754951479973792,0.2329005124711308,A,grading/data_processed/onion/A/Onion_Red_1_r_107__100.jpg
5436.0,344.73506224155426,1.3157894736842106,0.5748021693253866,0.916385704652731,35.48201181313764,57.78160579744938,86.37819939144443,56.0081622715759,71.82691963486666,41.1373990081017,4993.091731838643,507.21424774056356,0.4248929957553123,0.24876930263758285,A,grading/data_processed/onion/A/Onion_2_r1_321__100.jpg
7033.5,316.97770166397095,0.91,0.8796784067901234,0.9872271738367605,88.85983263598327,84.97470632918949,110.23054393305439,40.43666106397281,92.28451882845188,53.28240540240107,3145.8722555729983,369.7146666666665,0.3732696946436677,0.1974190879735196,A,grading/data_processed/onion/A/Onion_Red_1_r2_163__100.jpg
7425.5,326.2914105653763,1.0101010101010102,0.8764442248424841,0.9840312748476013,25.919894249834766,44.737426582221886,163.38307997356245,53.0971049657928,98.83780568407138,54.985013866003285,2401.94604912764,463.09376594225085,0.3612139254215745,0.22189710797135048,A,grading/data_processed/onion/A/Onion_Red_2_r1_113__100.jpg
4545.0,322.04876935482025,0.71,0.5506814708512905,0.8896936478418322,48.66517189835575,61.599605697327505,75.47512278453982,54.052326834834254,60.78133674994662,36.28907972148408,9484.374226125768,535.6237142857143,0.43895800825808756,0.3213554361241313,A,grading/data_processed/onion/A/Onion_2_r0_206__100.jpg
6349.5,315.80612993240356,1.054945054945055,0.8000336983378049,0.9699075842053005,88.47679259830377,84.56514896227158,114.45921356977641,41.680438774147106,83.41727062451812,47.90822771786787,4751.239899262682,381.13013302486985,0.3845181024835768,0.24124201514837573,A,grading/data_processed/onion/A/Onion_Red_1_r_114__100.jpg
5453.5,298.0071402788162,1.3157894736842106,0.7716703997651833,0.9638564863909509,22.87497761060362,49.71414387722918,155.7508507970625,54.86134548037138,71.60200608991582,40.86566779708233,7315.108051229224,347.1095162147794,0.40239656521087575,0.25169106601193525,A,grading/data_processed/onion/A/Onion_Red_2_r1_221__100.jpg
4501.5,335.9482641220093,0.75,0.5012129872212289,0.8466240361105887,48.63595263724435,63.12903967554981,72.46910656620021,55.19690327032329,59.78729817007535,34.90784993680284,9762.938770915556,512.2136486486486,0.4741268670324516,0.36138115414102323,A,grading/data_processed/onion/A/Onion_2_r0_221__100.jpg
6070.5,344.2914105653763,0.94,0.6435494914887198,0.9071279139270771,147.21514712976364,46.59890700054385,91.15629522431259,40.78303375109271,79.83132336388486,45.816573365457266,4294.789685785422,367.86129032258066,0.5026762127632275,0.3239560552382335,A,grading/data_processed/onion/A/Onion_Red_3_135__100.jpg
5570.0,330.19090509414673,1.0777777777777777,0.6419997305043307,0.9212702613298048,143.52504378283712,51.074794779574574,87.7970227670753,41.14824284899544,73.53345008756567,42.41852004210852,8456.34926286757,428.6909722222223,0.4820855004641913,0.33278275847292393,A,grading/data_processed/onion/A/Onion_Red_3_r2_143__100.jpg
5924.0,336.1909044981003,0.95,0.6586474195009536,0.9264935877385049,63.91824625020603,81.30950808596806,120.15427723751442,41.89569173248559,77.91494972803692,44.762225713677445,5537.076437396122,430.4565957446809,0.4888937152538398,0.3479991798172276,A,grading/data_processed/onion/A/Onion_Red_1_8__100.jpg
6670.5,313.8061295747757,1.098901098901099,0.8512270336949762,0.9795873412144798,18.259515062454078,18.917523517035498,142.0626010286554,51.66123662737348,87.65657604702425,50.91996055851005,5481.422751008333,484.64235764235775,0.38669224531169544,0.2396777463194836,A,grading/data_processed/onion/A/Onion_White_1_153__100.jpg
5109.5,348.29141080379486,1.3513513513513513,0.5293010293215729,0.8936598163533013,38.79239543726236,60.50073891987741,84.26425855513308,54.96900730752038,67.70019011406845,39.06900933550985,5668.885748721696,446.4735189735191,0.44482490718563794,0.27520506087838453,A,grading/data_processed/onion/A/Onion_2_r1_317__100.jpg
7012.0,408.4751765727997,1.0204081632653061,0.5281051869706817,0.9407660830482324,84.11353833310143,84.43946521311481,123.21163211353833,37.24111903802063,93.28495895366635,54.27017633072519,2470.7785547688463,462.8473510616368,0.39831265993300524,0.25084421903114845,A,grading/data_processed/onion/A/Onion_Red_1_r_97__100.jpg
6968.0,349.01933240890503,1.0309278350515463,0.7188181576882645,0.9609709005654392,39.178445974427426,61.4572135133198,86.8585077982296,49.652424790036726,91.50400449627652,52.59960761062137,2062.0548496545857,441.0294699573051,0.39014286999942727,0.25237784361132426,A,grading/data_processed/onion/A/Onion_2_r1_210__100.jpg
5500.5,362.433545589447,0.9895833333333334,0.5262053480978479,0.8475346687211094,35.10431400282886,10.478192268420699,56.195544554455445,27.813189354560333,73.06913012729845,42.54857439252185,2792.9612015115226,429.06305407801426,0.5601458694730911,0.3634296234941108,A,grading/data_processed/onion/A/Onion_White_2_r1_61__100.jpg
3896.0,329.2203423976898,0.6,0.4517056134925867,0.8213344576789291,37.09881129271917,52.67619452477833,76.35859336305101,52.42895321686426,52.034175334323926,30.908392037065926,14037.466930555554,486.2862711864407,0.45021407043139977,0.3022766482495619,A,grading/data_processed/onion/A/Onion_2_r0_98__100.jpg
6068.0,355.0193326473236,0.93,0.6049945042538524,0.8990295577450181,69.55064308681672,82.50516406660269,113.83697749196142,45.02419266649429,79.81430868167203,45.7746586798329,5254.713585975257,394.2366304347827,0.4358799855535826,0.31867145238508177,A,grading/data_processed/onion/A/Onion_Red_1_101__100.jpg
5000.5,315.3208501338959,1.1875,0.632001222066246,0.9103404332787184,134.2061514502628,59.936061392529446,91.73895269612615,48.7973664620899,65.98403737590033,38.05395770373198,8499.942246260389,364.8097074468086,0.4574090978618656,0.3091173732762065,A,grading/data_processed/onion/A/Onion_Red_3_r_17__100.jpg
4091.5,279.1787134408951,1.492537313432836,0.6596716442240775,0.9189219539584503,33.784188034188034,47.30780787939747,88.60303893637227,56.492631781991435,54.255935422602086,31.53875087334787,9275.75808284696,273.17669229609527,0.5263531191818981,0.3611861279769895,A,grading/data_processed/onion/A/Onion_2_r2_58__100.jpg
6694.0,322.04877054691315,1.098901098901099,0.8110586883582993,0.969442433019551,23.384074941451992,46.59039743133038,80.0677693208431,49.54471524752663,87.79361826697892,50.33939407934718,2300.4968446322905,490.7684537684537,0.3952517184761833,0.23438967264255123,A,grading/data_processed/onion/A/Onion_2_r1_166__100.jpg
5740.0,382.67618680000305,1.1235955056179776,0.49255970548061595,0.8759346864031741,34.137510584250634,10.850304189288897,52.505165114309904,33.408076752315004,76.00541913632514,44.238086177924444,3146.3802264360556,416.3915560095336,0.6049562446571384,0.32423958160382094,A,grading/data_processed/onion/A/Onion_White_2_r0_202__100.jpg
4508.0,278.59292590618134,1.4492753623188406,0.7298835947798461,0.9454697986577181,68.31222990492654,80.29393095000557,155.52268798617112,58.57758379078209,59.65687121866897,33.555836899679264,11405.70603425751,263.4044795783926,0.4944319622319749,0.3159967043306613,A,grading/data_processed/onion/A/Onion_Red_2_r2_209__100.jpg
4870.5,336.2914102077484,0.79,0.5411926165295226,0.8765409880320345,44.12542372881356,53.17859093745038,77.00817547357926,50.26168939360292,64.77946161515453,38.3488372308522,8204.227746771352,498.15769230769246,0.48325763196249855,0.346612789300643,A,grading/data_processed/onion/A/Onion_2_r0_49__100.jpg
3987.5,275.66399371623993,1.5151515151515151,0.6594023226857227,0.9249594061702621,30.105724725943972,50.787839653116365,85.25822168087699,54.72899968778331,52.6762484774665,30.292511161254016,10621.603823668504,295.4233241505969,0.5142055012991074,0.3668006436547401,A,grading/data_processed/onion/A/Onion_2_r2_238__100.jpg
7148.0,335.70562505722046,0.9595959595959596,0.7970345932159527,0.971789817143634,14.980252331321998,11.423054348288519,149.0209818979704,47.09818613682768,94.36752605595173,54.83708608888672,3397.7059287466,385.20975714592737,0.3586940301026481,0.21202038546032947,A,grading/data_processed/onion/A/Onion_White_1_r_111__100.jpg
5513.5,335.46298384666443,1.1627906976744187,0.6156700562796106,0.9195296864576384,121.5694591728526,79.33411812128342,118.30858960763521,43.74497335673069,73.07758925415341,42.35579351948804,8144.897195443484,371.0386422363166,0.46552602391301257,0.32867782518379046,A,grading/data_processed/onion/A/Onion_Red_1_r2_116__100.jpg
4579.5,275.66399466991425,0.7,0.757299790807627,0.9582548650345261,12.30679156908665,18.296105595318977,153.57994464551842,55.89336053525267,60.49733872684693,34.3532049506898,12886.689084714286,372.2727536231885,0.4527727747510351,0.3085748215585565,A,grading/data_processed/onion/A/Onion_Red_2_r0_172__100.jpg
4471.5,314.00713980197906,1.4705882352941178,0.5698808363812451,0.9203457857363384,38.54024734215665,60.36896531432041,83.5398134085485,55.993101084977674,59.27337817313951,34.365316087191516,7903.536352854671,376.31595365418895,0.481022263016905,0.30922993675914395,A,grading/data_processed/onion/A/Onion_2_r1_313__100.jpg
6528.0,317.7645000219345,1.1627906976744187,0.8124174732669432,0.9689772895947751,25.75509898020396,54.06580378822979,156.05503899220156,51.76805128529267,85.63677264547091,48.76744802329471,3618.7838485532716,345.4510218463706,0.3552291481394945,0.21011312609439503,A,grading/data_processed/onion/A/Onion_Red_2_r1_230__100.jpg
6212.5,335.1198385953903,0.9797979797979798,0.6951459380613317,0.9284166479862512,81.3399937067338,84.54501211711325,116.92684078036501,41.645883809671815,81.89427312775331,47.21684999848454,5452.165734485699,379.81986531986536,0.4573055475017545,0.32176868684067705,A,grading/data_processed/onion/A/Onion_Red_1_122__100.jpg
4319.5,286.63455641269684,0.67,0.6606725267697137,0.9221818958155422,14.861486486486486,27.903621992725295,148.36599099099098,56.08058123036014,57.1009009009009,32.687121731904014,16489.8995215861,360.45409090909084,0.43717767268827573,0.3168286884335267,A,grading/data_processed/onion/A/Onion_Red_2_r0_94__100.jpg
6123.0,369.5046147108078,0.94,0.5635525123023553,0.89760316645899,55.070689380671865,77.85264291942168,114.96051584142653,45.22075944220023,80.61582550549275,46.14851803423427,5041.438170563604,462.20741935483863,0.44034678266097815,0.3184706633549409,A,grading/data_processed/onion/A/Onion_Red_1_87__100.jpg
4045.5,279.80613029003143,0.65,0.6493332155422811,0.9149609860906932,12.703338938265674,20.653115859662602,146.3144367042998,55.4974520828671,53.5085275042037,30.790140892641258,16417.670626366864,345.76125,0.4602388972064378,0.3387374774265186,A,grading/data_processed/onion/A/Onion_Red_2_r0_69__100.jpg
4331.5,286.9777021408081,0.67,0.6609245364345825,0.9255341880341881,51.96182348978217,73.52716043310045,150.50415450258254,57.987510315611324,57.64069166853806,32.70458284023168,14180.108504878594,390.1136363636365,0.4857655460787939,0.31427401875010397,A,grading/data_processed/onion/A/Onion_Red_2_r0_248__100.jpg
3542.5,293.66399455070496,1.694915254237288,0.5162003789275859,0.8852930151193302,32.587626056146085,53.55239085122675,88.9651131098392,55.36928611892805,47.32570182611066,27.828798466181652,11236.692162137317,276.38640643725387,0.5249009140524367,0.36550621099581476,A,grading/data_processed/onion/A/Onion_2_r1_277__100.jpg
6582.0,364.5340521335602,0.98,0.6224314602754668,0.9263246780662867,65.89955489614243,82.3400986127936,116.69169139465875,41.02303278404594,87.02181008902078,50.07330500844123,4641.0019999895885,415.83680412371143,0.41280125668648787,0.29833490330271917,A,grading/data_processed/onion/A/Onion_Red_1_54__100.jpg
6105.0,317.70562410354614,0.95,0.7600562358916552,0.9387253017605904,145.36490384615385,50.08245143098406,96.78846153846153,40.371703979997136,80.38205128205128,45.95528273416294,4739.680893074792,382.88478723404256,0.48030317442354076,0.3288399486993185,A,grading/data_processed/onion/A/Onion_Red_3_34__100.jpg
6606.5,311.80612897872925,1.1111111111111112,0.8539098203376922,0.9791033716191182,35.91112759643917,9.297376591715004,49.006231454005935,26.54298271663134,86.9719584569733,50.785070617732806,3562.028622765432,478.14029180695854,0.5197839367100159,0.24092277003398432,A,grading/data_processed/onion/A/Onion_White_2_r0_37__100.jpg
6130.0,315.22034454345703,1.1494252873563218,0.7752501514503677,0.9598371565019964,26.50534716679968,47.96604956376286,92.76568236233041,52.08079244800696,80.44277733439745,45.885995887887134,3414.551562901308,522.4872866597004,0.4107386709709916,0.26848597184219763,A,grading/data_processed/onion/A/Onion_2_r2_185__100.jpg
6167.0,333.504612326622,0.96,0.6967550472272802,0.92778697156612,76.58886951006818,83.5034237357306,117.21880450293325,43.167271840359675,81.00396384969082,46.34788058485597,4906.036453081598,423.336210526316,0.45156157963813753,0.32819089438601856,A,grading/data_processed/onion/A/Onion_Red_1_110__100.jpg
6705.5,319.6639943122864,0.86,0.8246194748906392,0.9730808300682049,24.702410518626735,46.14196470962934,94.21329437545654,52.662874195315545,88.1291453615778,50.58339826955837,2466.9415326663066,534.4215294117648,0.3458178991256084,0.18761275732956637,A,grading/data_processed/onion/A/Onion_2_r2_166__100.jpg
5814.5,322.1492750644684,1.0869565217391304,0.7040571642842037,0.9235228716645489,27.46204232448774,43.22413078700103,80.60379576755123,47.90383792533854,76.55223379240846,44.080742966196695,3924.575022672495,471.38317962231014,0.46870241180881916,0.34236960283505746,A,grading/data_processed/onion/A/Onion_2_r2_110__100.jpg
4088.5,272.69343197345734,1.5873015873015872,0.6909148236124877,0.9323831242873433,53.63394342762063,74.61845946678802,153.7668172094129,60.70693246311077,54.4288091276444,30.902556729818947,12563.145492567397,232.12682379349047,0.5241787677320205,0.320227211664448,A,grading/data_processed/onion/A/Onion_Red_2_r2_197__100.jpg
3867.5,269.1787122488022,0.63,0.6707470389542743,0.9244651607505677,49.947526989706255,73.48312410875415,151.68064273160934,56.25529969745853,51.39442631182526,29.63188393241164,15170.032378432854,360.4562903225808,0.51002915616387,0.3454044402831639,A,grading/data_processed/onion/A/Onion_Red_2_r0_313__100.jpg
3949.0,274.24978053569794,0.64,0.6597880119404296,0.9177318150127818,50.78848991637973,73.70051484336466,153.6468273487457,54.797787833267336,52.19380226266601,29.85275095779967,17335.678467871094,320.1515873015873,0.49956862709341004,0.3418232869276413,A,grading/data_processed/onion/A/Onion_Red_2_r0_304__100.jpg
4611.0,275.07820785045624,0.69,0.7657598886597375,0.9615264310290897,12.654187817258883,23.192062051302344,152.79780033840947,56.260033316728695,60.828680203045685,34.71965689745631,11366.167290296156,396.76397058823534,0.43695937867954615,0.29387427430849755,A,grading/data_processed/onion/A/Onion_Red_2_r0_162__100.jpg
6690.0,319.70562410354614,0.9795918367346939,0.8224990960567388,0.9724543934878989,148.63360679753882,47.12674162240704,105.85774978025198,41.837933367685224,87.86976267213595,50.48055213654539,2893.9630213101127,397.00590762620834,0.4277545861732277,0.26181962044333357,A,grading/data_processed/onion/A/Onion_Red_3_r2_49__100.jpg
4747.0,279.56348991394043,1.3888888888888888,0.7632524184643935,0.9567671067217576,12.827338129496402,24.495312654482262,154.5858170606372,64.06494395905084,62.67112024665982,36.11564670294259,10962.155794270833,323.63888888888886,0.4351702768177814,0.31175732653668914,A,grading/data_processed/onion/A/Onion_Red_2_r2_40__100.jpg
7315.5,324.2914105653763,1.0101010101010102,0.8741440124025063,0.9855179846423279,85.44405688221089,83.4135447565268,117.73048027904481,47.90641525238973,95.99436544137376,55.10560849298741,4313.427418875625,510.6729925517804,0.3382790469670305,0.23318309673703957,A,grading/data_processed/onion/A/Onion_Red_1_r2_52__100.jpg
5501.0,343.36247849464417,0.9278350515463918,0.5863350262051719,0.8857579904999597,35.15226628895184,14.158283262773116,49.865793201133144,29.119345951591374,72.83020538243626,42.41109716460653,2647.861429351199,431.11710876867846,0.5653328013531402,0.3371364346583109,A,grading/data_processed/onion/A/Onion_White_2_r1_28__100.jpg
6755.5,315.32084822654724,0.9,0.8538114803159703,0.9818327156456653,20.21996517701683,11.066179153921688,124.52524666279744,49.40934734649028,89.43644805571677,52.940550167507396,3957.4701404320986,488.4676404494382,0.42256703902348397,0.22199627114201598,A,grading/data_processed/onion/A/Onion_White_1_r2_141__100.jpg
5304.0,328.3919163942337,0.9789473684210527,0.618056905619291,0.8690807799442897,33.08024237972824,8.510108634327917,67.0894234300404,38.44758690975019,70.3198677928755,40.9145827676718,2199.30598134894,323.091533180778,0.5812462764828715,0.3670335029100605,A,grading/data_processed/onion/A/Onion_White_2_r1_126__100.jpg
3868.0,311.7644989490509,0.57,0.5000840573806123,0.8613740118026946,33.55031210986267,51.70228109754018,76.47465667915107,51.583917491148014,51.452684144818974,29.736648022546795,13156.153082517696,406.8696428571428,0.43748590456289255,0.2748890372143135,A,grading/data_processed/onion/A/Onion_2_r0_117__100.jpg
4001.0,352.5340509414673,0.71,0.40455378844636025,0.7828213656818627,37.13917649891645,50.682264382556106,78.02407897905128,54.64622026179012,53.59186130508066,32.271830350492856,12021.06279426701,455.8857142857143,0.535606809297952,0.39632903512313183,A,grading/data_processed/onion/A/Onion_2_r0_89__100.jpg
7400.0,333.90663516521454,1.0638297872340425,0.8340488453518428,0.9755454485531606,30.174264510999205,58.721442176533984,152.96090644049826,53.062157525655905,97.4181023058574,55.482131190356796,2131.0161701674965,326.110681280894,0.31901235876891804,0.1831290176936268,A,grading/data_processed/onion/A/Onion_Red_2_r1_237__100.jpg
6494.0,316.87719762325287,1.1235955056179776,0.81271854733559,0.9714285714285714,26.646100467642178,51.00586330976263,80.10785940564188,49.899421967044724,85.11434605521195,48.776203374615925,2487.175321752304,493.0242878220406,0.3998608098313662,0.24122554848915667,A,grading/data_processed/onion/A/Onion_2_r1_160__100.jpg
5023.0,311.01933217048645,1.1264367816091954,0.652526679554507,0.9093048515568428,150.5503590141665,45.19879796456374,102.79487677081312,44.72064395206557,66.3627013390258,38.38781218099983,8759.274636594751,381.26413082118734,0.5415863120211086,0.3814703639460739,A,grading/data_processed/onion/A/Onion_Red_3_r2_35__100.jpg
6771.5,316.1492757797241,0.89,0.8513543594970351,0.9795313178070302,22.62478286045165,42.53857106841855,92.83077591198611,49.670796938213776,88.63115228720324,50.82057430255751,2123.8849043681357,525.9904545454544,0.36535573769367324,0.21014705164744923,A,grading/data_processed/onion/A/Onion_2_r2_302__100.jpg
5873.5,343.2619733810425,0.95,0.6264053342418043,0.9193144467052747,61.2179764080412,80.58321431991814,117.59162651603256,41.65351311720559,77.19388602757934,44.42310940391386,5974.1003376731305,412.1643617021276,0.49294942284820287,0.3526758444306999,A,grading/data_processed/onion/A/Onion_Red_1_5__100.jpg
7129.0,332.3919163942337,0.9595959595959596,0.810844493822576,0.9735081250853476,14.65832531280077,10.735549337578547,147.39241028461433,47.559178273653295,94.09005912278289,54.504742433936165,3531.9066870049155,410.38845905867186,0.363132083611884,0.21353418101424068,A,grading/data_processed/onion/A/Onion_White_1_r_112__100.jpg
4329.0,275.9066364765167,1.5151515151515151,0.7146166918905476,0.937012987012987,52.99662618083671,74.1497174667801,147.83108412055782,62.259856497050876,57.441295546558706,32.70428092137591,12535.101476561065,293.0232629323539,0.5018466678986806,0.31292232042463225,A,grading/data_processed/onion/A/Onion_Red_2_r2_165__100.jpg
4543.0,337.22034215927124,1.4492753623188406,0.5020246839601051,0.873485868102288,40.140328428236295,61.68206939436793,85.31648539134143,55.37586402026114,60.38920878652165,35.23373707380612,7165.689263516068,427.4918752744839,0.4722061328478287,0.3045896033721649,A,grading/data_processed/onion/A/Onion_2_r1_310__100.jpg
6566.0,330.8771973848343,1.021505376344086,0.7536627755612533,0.9726686912080587,87.48151460942158,84.40514139099515,120.62865235539654,44.83059276051995,86.81335718545022,49.72555617257651,5139.907563764917,455.226149622512,0.35744539373352147,0.22559101228679382,A,grading/data_processed/onion/A/Onion_Red_1_r_18__100.jpg
5791.0,403.50461506843567,0.9393939393939394,0.44695769259856405,0.8291809851088202,18.967985249748576,17.818642023189444,139.13928930606772,49.3115242599389,77.07660073751258,44.66455221818882,3255.240767820264,364.74934123847174,0.486655474652812,0.3369738453553979,A,grading/data_processed/onion/A/Onion_White_1_r2_127__100.jpg
6510.5,310.1492773294449,0.9473684210526315,0.8505163370603566,0.9810880048221821,88.24729078868151,84.69648390634379,119.47877784467188,44.76533907087785,85.52558699578567,48.79294778442357,5081.079090167915,480.0030751034891,0.33369507775978297,0.20554044922789633,A,grading/data_processed/onion/A/Onion_Red_1_r2_64__100.jpg
4823.0,345.36247742176056,0.79,0.5081323253762624,0.8658886894075404,43.4035405351036,53.860594955246604,75.47897807282237,49.1203010341865,63.89619794809897,37.193974778655935,7690.659349847781,459.71051282051286,0.4932256416189902,0.35288987280370654,A,grading/data_processed/onion/A/Onion_2_r0_52__100.jpg
6979.0,319.2203435897827,0.94,0.8606408204077719,0.9819895877304067,18.468381112984822,7.8254737257126585,137.17537942664418,48.70632637684863,91.92847105115233,53.38635020138659,4112.050326290177,312.41666666666663,0.4110966621545686,0.2287671366720653,A,grading/data_processed/onion/A/Onion_White_1_r_57__100.jpg
6015.5,303.32084810733795,0.9887640449438202,0.8216314826643181,0.9658798972382787,63.35242434103482,80.35773887650296,117.13602342987309,46.65578386418158,79.2007809957696,45.70377148188756,6904.686692487461,509.12462869688756,0.3337638423996135,0.19880854298269357,A,grading/data_processed/onion/A/Onion_Red_1_r_168__100.jpg
6809.5,319.46298360824585,0.94,0.8384631906481695,0.9764123888729567,17.45551396487187,15.567287762772597,145.72919665994817,55.00526585125575,89.42384105960265,51.45923360007088,4225.377022985514,524.2781720430106,0.390706085060029,0.24614361771352716,A,grading/data_processed/onion/A/Onion_White_1_r2_49__100.jpg
6661.5,313.80613100528717,1.1235955056179776,0.8500785298344433,0.977046054561455,20.613154796939376,12.082668357048503,123.48307828134196,49.89267624342652,88.12507357268981,52.057453556491325,5669.758506489081,467.6709794574963,0.41919482407293807,0.2235260330946102,A,grading/data_processed/onion/A/Onion_White_1_30__100.jpg
4906.0,334.0487688779831,0.77,0.5524813940654211,0.8907852927825692,45.91326732673267,54.95121510758271,78.36871287128713,51.45957455318474,65.27920792079208,38.669814043831316,8739.073437409343,527.5050000000001,0.4678646643038836,0.32471542250009977,A,grading/data_processed/onion/A/Onion_2_r0_42__100.jpg
3983.0,269.7644991874695,1.5873015873015872,0.687781639300866,0.9302814434193624,53.702854354720664,74.47509751875353,152.5655037814101,63.64192408815911,53.01854110758722,30.111197475962502,16539.233263265305,248.62546095879432,0.5161553385286244,0.33588441493757415,A,grading/data_processed/onion/A/Onion_Red_2_r2_176__100.jpg
5477.5,313.4629844427109,1.1904761904761905,0.700518682126182,0.9484848484848485,121.63143824630191,79.44123368049031,118.39779005524862,44.81869480623164,72.46515772589557,42.02219105167363,8690.109137967687,348.38011063011066,0.4592183184023919,0.3186100857563551,A,grading/data_processed/onion/A/Onion_Red_1_r2_121__100.jpg
6713.5,320.1492751836777,1.1235955056179776,0.8231022927816776,0.9758703394142016,21.071074138937536,11.717176875462473,123.92221249270285,51.14565116116656,88.42498540572096,51.611746665138305,5280.201305340234,476.3325388718647,0.40894020219705873,0.21709559846239795,A,grading/data_processed/onion/A/Onion_White_1_43__100.jpg
5730.0,391.3624782562256,1.0638297872340425,0.47011717204693476,0.8422135665466304,35.490086426029485,11.939793253987318,50.120488052872396,30.035930956913187,76.11794611082867,44.10388882599597,2947.005508725668,360.4840962819686,0.5788992337512652,0.36040766297724885,A,grading/data_processed/onion/A/Onion_White_2_r0_89__100.jpg
5274.5,306.9777013063431,1.2658227848101267,0.7033597325560346,0.943138131426017,29.427118017018127,52.19519056351078,92.86773954864965,54.60943699839607,69.39955604883463,39.58726424923698,6130.627588831918,464.72343690065213,0.44159438749607033,0.30404554150004093,A,grading/data_processed/onion/A/Onion_2_r2_192__100.jpg
4527.5,273.32084941864014,0.7,0.7615927472071529,0.9520555146672274,16.719793237131164,30.32093554365394,152.8604350635365,50.92256680509743,59.818867111781174,33.65592413252214,12147.628234918366,340.36246376811596,0.4684092454189173,0.3172782705216032,A,grading/data_processed/onion/A/Onion_Red_2_r0_192__100.jpg
6005.5,367.46298372745514,1.0869565217391304,0.558897080656596,0.8864206642066421,35.989620499513464,10.093122489500454,47.46496918585793,30.07706054065397,79.60184884852417,46.2968981637574,2977.4106447896975,439.1514053579271,0.5587301928186318,0.3176152497620491,A,grading/data_processed/onion/A/Onion_White_2_r0_104__100.jpg
3736.5,261.32084822654724,1.596774193548387,0.6875855358106362,0.9306351183063512,30.63260530421217,58.594208739333624,157.0132605304212,56.3770050537744,49.48101924076963,28.512061083868993,20979.332400540792,249.76547070441077,0.5416680218813527,0.35840332538116304,A,grading/data_processed/onion/A/Onion_Red_2_r1_317__100.jpg
4115.5,284.49242067337036,1.492537313432836,0.6389855966533348,0.9193566402323243,34.04602312957281,46.773231618190316,89.93084729761624,56.33194786119786,54.665093226339394,31.982994092016522,9258.7192847182,308.56972712196585,0.5272932841205081,0.35609199334237623,A,grading/data_processed/onion/A/Onion_2_r2_60__100.jpg
7017.0,330.8771973848343,0.95,0.8054297435445193,0.9659302085484204,14.855566419891046,8.168745656359459,145.26120966615449,49.032177458338104,92.20743120547563,53.397864048970234,4491.529693473684,494.9776595744681,0.3858608644745396,0.2309297836172741,A,grading/data_processed/onion/A/Onion_White_1_r_130__100.jpg
6349.0,333.7056237459183,1.0,0.7164537164715368,0.9502357255107386,96.5050831792976,84.93060016363553,118.32054836722119,43.75912181791108,83.88385705483672,48.029191210034995,6157.553765002591,523.2364035087719,0.4222654579531741,0.2789260972318472,A,grading/data_processed/onion/A/Onion_Red_1_r2_78__100.jpg
3890.5,293.5218585729599,0.58,0.5674588665764535,0.9012045401899467,41.00174172679771,59.73568093661741,88.79323214730033,56.84233721709718,51.5994028365265,29.973476865281924,12671.255564536268,451.3736842105262,0.42654502070811895,0.28256418877066364,A,grading/data_processed/onion/A/Onion_2_r0_298__100.jpg
3879.0,317.56348848342896,1.5384615384615385,0.48335755981783485,0.8556303077092754,29.038346613545816,45.30633364313011,86.511703187251,49.08739728483016,51.9375,30.805347755279524,10348.581355621302,351.1224553224553,0.5254032967624579,0.36903299965365366,A,grading/data_processed/onion/A/Onion_2_r1_77__100.jpg
5845.5,353.11983823776245,1.1111111111111112,0.5890976565898944,0.8879015721120984,35.19456485495165,9.13972111006134,49.56918972990997,33.098458680619814,77.45765255085028,45.07427596840614,3292.832053222222,416.86397306397305,0.5906157995416911,0.32125790150937894,A,grading/data_processed/onion/A/Onion_White_2_r0_137__100.jpg
6512.5,368.7766926288605,0.96,0.6017701900748672,0.9196497917107957,61.12065347721823,80.82841452742024,116.45203836930456,40.84791984663462,85.89583333333333,49.28769693310787,4819.245632801649,425.98894736842124,0.41158696870751565,0.29105934131411254,A,grading/data_processed/onion/A/Onion_Red_1_56__100.jpg
6750.5,322.97770297527313,0.95,0.813206277755296,0.9673975351103468,27.505950653120465,51.82563466771717,86.17605224963715,49.659557167651606,88.64281567489115,51.051682696561,2646.739434138504,563.9884042553191,0.40658333616449893,0.2619179939149692,A,grading/data_processed/onion/A/Onion_2_r2_296__100.jpg
6677.0,316.39191591739655,1.1235955056179776,0.8381861560509778,0.9733236151603498,21.208278291501543,12.650372222949827,120.48319389402613,50.862055359859745,87.77572288272421,51.280788390705055,5965.420048428229,546.307570082851,0.40756009584370817,0.2221692943285517,A,grading/data_processed/onion/A/Onion_White_1_50__100.jpg
3825.5,266.00713980197906,0.63,0.6793780063655298,0.9315718982101546,53.82660573749683,75.84685564996998,151.57857324193958,55.24174394950607,50.76186849454176,28.988282917344982,13820.059674376414,339.4072580645161,0.5073107216193118,0.3514879550115626,A,grading/data_processed/onion/A/Onion_Red_2_r0_316__100.jpg
6853.5,322.9777023792267,0.92,0.8256142871145393,0.9671888230313294,15.212212212212211,10.038956559457326,143.97311597311597,51.886525124171726,90.03517803517803,52.11623006903418,5113.616521691872,590.1326373626373,0.3771321965480989,0.2248234692370174,A,grading/data_processed/onion/A/Onion_White_1_r_135__100.jpg
4666.5,348.7766925096512,0.77,0.4820656919996613,0.8466074020319303,44.596345514950166,54.33935239955334,75.01058970099668,49.08150228205666,61.985672757475086,36.4136328890517,8989.462932636194,506.3259210526316,0.4983551036132399,0.3571799290711923,A,grading/data_processed/onion/A/Onion_2_r0_58__100.jpg
6908.5,318.1492760181427,0.9494949494949495,0.857692766443933,0.9832764019356676,19.530797615668465,10.730862381631091,126.6247516321317,49.30278846877665,91.75858643201816,54.33061075271585,4083.0412715182424,396.48973607038124,0.4231838741323239,0.22848004949331854,A,grading/data_processed/onion/A/Onion_White_1_r2_135__100.jpg
6478.0,383.8477591276169,0.96,0.5525006439657765,0.9374819102749639,23.44235400361228,42.29317155596668,84.50346177001806,49.55515678690857,85.60912101143889,49.38277962437581,2463.1392791232643,574.5975789473687,0.416938073772959,0.29208609704784433,A,grading/data_processed/onion/A/Onion_2_r2_122__100.jpg
6950.5,319.8061295747757,1.0526315789473684,0.8539891340692,0.9785301985076729,82.82971218961626,85.72045083687921,115.80516365688487,42.593033101928825,91.31997742663657,52.584212116205684,2971.530777296399,363.3259968102074,0.3826696231751897,0.24015211794077834,A,grading/data_processed/onion/A/Onion_Red_1_r2_141__100.jpg
6978.5,341.9482653141022,1.0204081632653061,0.7499825125683128,0.9602999862391634,16.365052631578948,14.675663100976701,140.31705263157895,53.161269080604264,92.12673684210526,53.27925050396358,4058.2643676697203,468.20428777571635,0.4030534761010217,0.25779309979150516,A,grading/data_processed/onion/A/Onion_White_1_r2_71__100.jpg
4089.5,307.1787122488022,0.6,0.544625342065006,0.8908615619213593,37.59067234848485,56.20621880462139,86.36979166666667,57.73794309035528,54.46638257575758,32.05508112498542,13049.053176638889,544.1545762711863,0.41681068802429844,0.27279562291511056,A,grading/data_processed/onion/A/Onion_2_r0_305__100.jpg
6388.5,326.2914116382599,0.98,0.7540453698181702,0.9378302994715209,144.50413602941177,50.89143440342718,99.56188725490196,43.80877529122098,83.92478553921569,48.185688862640944,4041.7471553519367,393.83659793814434,0.47913698140891475,0.320466591426688,A,grading/data_processed/onion/A/Onion_Red_3_67__100.jpg
5885.0,302.391917347908,0.9887640449438202,0.8087531287590165,0.9632539487683116,59.263551712670434,78.95594414494023,116.67791819088792,47.672476017720015,77.34103757898238,44.2809032473967,7675.998558058738,470.2041844246416,0.34367884367221113,0.21486413929741185,A,grading/data_processed/onion/A/Onion_Red_1_r_167__100.jpg
6410.5,315.462983250618,1.098901098901099,0.8094778257863255,0.9700385866686843,39.024446142093204,64.40867192302088,161.00137509549273,53.0222735785188,85.21298701298701,46.92509040388027,4355.305507016061,426.25485625485624,0.43864979620164307,0.26506110667299027,A,grading/data_processed/onion/A/Onion_Red_2_r2_134__100.jpg
3529.5,297.3208484649658,1.694915254237288,0.5017326036180995,0.8784221005475361,32.29122231337161,51.22792673973891,79.41400054689636,51.93274400310023,47.042657916324856,27.47303520700089,14483.890909393855,286.7825714774868,0.5207836820972466,0.3658612488462682,A,grading/data_processed/onion/A/Onion_2_r1_98__100.jpg
4076.0,282.8771975040436,0.66,0.640100487354735,0.9140038120865568,13.900810681926561,26.12530212041714,147.0205054840248,55.680033681899324,53.916070577014786,30.917508565838915,17428.13155224977,357.9207692307693,0.4605165293389443,0.3422954016808206,A,grading/data_processed/onion/A/Onion_Red_2_r0_76__100.jpg
4317.5,289.8061294555664,0.67,0.6459919066934373,0.9219517403373906,45.23400900900901,70.6740358185578,148.06148648648647,55.256853584516115,57.53198198198198,32.759385762422525,14762.474299198042,409.73909090909103,0.470728606137823,0.31547226538884277,A,grading/data_processed/onion/A/Onion_Red_2_r0_253__100.jpg
5083.0,306.0487699508667,1.3333333333333333,0.6819439754558309,0.9557205979129454,40.00633032802609,62.29392774528189,79.44446575868022,52.56597285847962,66.94878189142528,38.64751492021141,6016.402375395555,411.6068686868687,0.4602494771519527,0.29211717603581294,A,grading/data_processed/onion/A/Onion_2_r1_144__100.jpg
6625.0,314.3919155597687,0.9,0.8422732479429053,0.976418570375829,21.057100591715976,14.896983328965959,123.79097633136095,48.224713841372406,87.75029585798816,52.010889419963334,5474.194912395062,519.8784269662921,0.43316783575299267,0.23312444735278454,A,grading/data_processed/onion/A/Onion_White_1_r2_146__100.jpg
7110.0,316.87719798088074,1.0526315789473684,0.8898104186191816,0.989423879766212,25.346031746031745,50.910524494123614,148.28626639061423,52.0272905553101,93.34189095928227,53.065203502740616,2821.3035037783934,385.45454545454544,0.3775329505910285,0.22336362269218493,A,grading/data_processed/onion/A/Onion_Red_2_r1_68__100.jpg
5537.5,394.57568061351776,1.0,0.44695415055237936,0.7757231911465994,15.738566672507448,12.934157785343121,143.5593131242334,50.521820007966475,74.3047135097249,43.7474815479924,2935.8320060289157,309.8829160530192,0.5096792830157175,0.39250611081843845,A,grading/data_processed/onion/A/Onion_White_1_r2_111__100.jpg
3789.0,275.56348860263824,1.6129032258064515,0.6270340438595785,0.9189910259519767,17.81382842509603,41.12429444581103,154.01510883482715,61.07058133738177,50.291421254801534,29.176439561893837,20908.1427158949,271.50521342456824,0.5058134904009233,0.3576464158590853,A,grading/data_processed/onion/A/Onion_Red_2_r1_188__100.jpg
6242.0,336.04877054691315,0.9595959595959596,0.6945907679506971,0.9306000745434215,81.3400657585721,84.62991887325838,114.466885861907,43.14331720050838,82.26538280883044,47.393266198228275,5067.198375495066,396.9692671394798,0.443665097640432,0.30789152793933167,A,grading/data_processed/onion/A/Onion_Red_1_126__100.jpg
7604.5,327.46298456192017,1.0,0.8911608452684945,0.9884317930720738,18.44828921885087,36.98337968766897,150.22233699160748,55.773778910037876,99.73983214977405,57.28400559100463,2772.80863991,470.88171717171724,0.33149068910833823,0.21129432386319905,A,grading/data_processed/onion/A/Onion_Red_2_r2_82__100.jpg
5166.5,372.5756822824478,1.0454545454545454,0.4677106799034524,0.8501727826230048,35.36582159624413,10.94832402575235,66.88713615023474,33.341294360578495,69.05934272300469,40.24357586782043,2076.0060011092187,439.3616383616383,0.5154381679610976,0.3240499024080388,A,grading/data_processed/onion/A/Onion_White_2_r1_81__100.jpg
4317.5,323.1198378801346,1.2820512820512822,0.5196548269957384,0.8613466334164589,138.00808080808082,55.62375553097314,86.88597081930415,49.156718329664095,57.0641975308642,33.17504382812503,11530.289279273504,329.8717948717949,0.5649077486723695,0.4146115773347064,A,grading/data_processed/onion/A/Onion_Red_3_r_153__100.jpg
6624.0,331.2203427553177,1.1235955056179776,0.7587455959756388,0.9579175704989153,15.178808925668687,37.12611483469641,173.13551056598197,48.93786414010536,88.37623762376238,48.64833577034738,3279.1664822497155,443.9371240494836,0.3582731405510324,0.22474469324826013,A,grading/data_processed/onion/A/Onion_Red_2_r1_272__100.jpg
6110.0,319.36247861385345,0.98,0.7528063847335975,0.9341793440868436,148.0408326661329,46.91989423695839,98.15836669335468,41.24619277932789,80.26421136909528,46.046518149209476,4137.2393593919205,389.5601030927836,0.5053908598519669,0.34826034718711946,A,grading/data_processed/onion/A/Onion_Red_3_190__100.jpg
7438.0,324.0487699508667,0.98989898989899,0.8901132861437294,0.9873888225142705,25.657384188993007,44.37986553912197,162.87937178302758,53.212609962507585,98.98667018608948,54.6778556341764,2287.905589632266,458.81818181818187,0.3442864653517407,0.20529935074481234,A,grading/data_processed/onion/A/Onion_Red_2_r1_116__100.jpg
6258.0,351.7056245803833,0.95,0.6357506243518136,0.9202941176470588,75.95335413416537,84.26461094217879,112.58346333853355,44.22589482803815,82.66661466458659,47.87237087527309,5199.604573639889,394.74031914893624,0.456564714355054,0.31184419643785133,A,grading/data_processed/onion/A/Onion_Red_1_132__100.jpg
6583.0,361.8477600812912,0.9587628865979382,0.631803375613332,0.9534361648200449,15.767141585040072,11.60346902834145,140.39611160581774,55.601764497322996,87.0831107153458,50.456664145220834,4363.968137335047,586.4171896010758,0.3624576246983101,0.23541336665576124,A,grading/data_processed/onion/A/Onion_White_1_r_162__100.jpg
6064.5,341.1198375225067,0.94,0.6549240097379648,0.9093567251461988,146.46224440508774,48.28553425818239,91.08307840927387,40.591899728215004,79.79230397681533,45.98756608523382,4759.058625441376,347.690752688172,0.5029733838777481,0.32545121518816433,A,grading/data_processed/onion/A/Onion_Red_3_131__100.jpg
3882.5,271.1787121295929,0.63,0.6634529670982662,0.9214429808947431,47.07226806701676,71.61425262422996,153.15203800950238,54.467582740699385,51.413603400850214,29.71366184802631,15494.954317057194,327.3014516129033,0.5028778891813427,0.3422099096584878,A,grading/data_processed/onion/A/Onion_Red_2_r0_309__100.jpg
6450.0,330.87719678878784,1.021505376344086,0.7403479926719265,0.9681777244070849,88.08464805825243,84.12870900808181,121.18249393203884,45.19174604693421,85.28307038834951,48.86501212514119,5738.981496716031,482.7729352550905,0.36989311151535037,0.23827231710408622,A,grading/data_processed/onion/A/Onion_Red_1_r_19__100.jpg
4554.5,348.63455641269684,0.78,0.470879416606796,0.8433478381631331,47.10412239694008,62.77766706694754,71.19570760730981,54.67692608330094,60.52422439439014,35.25803052066484,9935.822863099935,484.46064935064936,0.4913640846335189,0.3802639982729454,A,grading/data_processed/onion/A/Onion_2_r0_218__100.jpg
4105.5,281.17871367931366,1.4705882352941178,0.6525458632707007,0.919484882418813,33.11024367163473,46.6257330693655,86.83226874852141,54.226701447533955,54.73740241305891,32.56142860441581,9509.857809602077,311.77926322043965,0.5279809026324888,0.36730310047389786,A,grading/data_processed/onion/A/Onion_2_r2_72__100.jpg
5350.0,346.3919163942337,0.9895833333333334,0.5603097103784099,0.8247263758285802,34.05108162152336,13.952060688898607,56.66315215415379,40.956236971130906,70.88111252499546,41.11848404939257,2006.28596105292,339.6208998226951,0.6034512362360527,0.38194493296875126,A,grading/data_processed/onion/A/Onion_White_2_r1_14__100.jpg
3795.5,306.2914105653763,1.3513513513513513,0.5084043103921287,0.8433507388067992,139.82471337579616,55.53739178305347,92.83006369426752,51.11088894536817,50.695286624203824,30.264665078377774,18838.48878626735,290.7815997815999,0.6031998908830679,0.45541840163840963,A,grading/data_processed/onion/A/Onion_Red_3_r_144__100.jpg
7066.0,363.01933312416077,0.9595959595959596,0.6737891105463764,0.9605111126214912,15.193990584325672,9.990505179426574,141.39448906120188,44.42276489681735,93.86222653004708,54.828376922961155,3201.924749337297,462.03642811089617,0.34471014627383106,0.21892245010790085,A,grading/data_processed/onion/A/Onion_White_1_r_100__100.jpg
4576.0,274.7350630760193,0.7,0.7618468920428757,0.9556228464028401,15.419011082693947,26.675428378162053,155.69075021312872,55.83766943481034,60.311167945439045,34.19797090070433,10292.915206122449,357.46304347826094,0.4490277671580465,0.31040930760572755,A,grading/data_processed/onion/A/Onion_Red_2_r0_181__100.jpg
6574.5,317.8061298131943,1.098901098901099,0.8179901132996693,0.9713378148777425,18.983459991059455,14.550643574760763,125.29175979734764,56.33376590018803,86.7928773655193,50.86337008947214,5679.998813138509,376.8867798867798,0.42857795485934447,0.24994727123478322,A,grading/data_processed/onion/A/Onion_White_1_12__100.jpg
4628.0,351.22034227848053,0.76,0.4714589565864577,0.8344752975117201,43.990587743149966,53.770244484238034,76.29868228404099,51.3057477224696,61.32963815101443,35.69078223982492,8969.578538625346,472.1421333333334,0.48997528943442453,0.35474712120044055,A,grading/data_processed/onion/A/Onion_2_r0_62__100.jpg
4898.5,317.3208488225937,1.1927710843373494,0.6113300748010769,0.8982304941780508,143.5037728355838,53.02907869008177,94.05976965845909,43.68310273915027,64.63880063542494,37.12373311556955,8506.400145001955,367.2953036636342,0.546347896973948,0.3735354226018236,A,grading/data_processed/onion/A/Onion_Red_3_r_34__100.jpg
3989.5,286.83556711673737,1.492537313432836,0.6093437054738631,0.9079426490669095,31.281546316557257,50.849912326419584,88.00778020909311,51.312014838359495,52.970094821298325,31.11465711051687,10364.666303653374,324.71083974069046,0.5210578815696296,0.37398134625450974,A,grading/data_processed/onion/A/Onion_2_r1_249__100.jpg
5695.0,356.67618703842163,0.93,0.5625425297739008,0.8685374409028519,34.680519924747735,10.40310510028737,54.0271934325295,29.777030931640166,75.31058662561998,43.69504606440961,2651.5935271592093,471.1729347826089,0.5814518182765501,0.35429606683861975,A,grading/data_processed/onion/A/Onion_White_2_r1_142__100.jpg
4666.0,280.59292685985565,1.408450704225352,0.744733963200459,0.949628574336013,73.32379360768749,82.35353093098895,154.87591393357008,55.937493639491464,61.89471485272613,34.652179441759124,10132.160770561397,270.7636932707355,0.4858982299656643,0.31232830643700743,A,grading/data_processed/onion/A/Onion_Red_2_r2_212__100.jpg
4464.0,279.56348943710327,0.69,0.7177499068143851,0.9482740308019119,18.132911392405063,37.15298059424935,152.62963771278916,52.99030262864496,58.629637712789176,33.25187429760143,12933.384664965342,346.95000000000005,0.48503553443260883,0.31617453829778913,A,grading/data_processed/onion/A/Onion_Red_2_r0_213__100.jpg
5903.0,359.7056246995926,1.075268817204301,0.5733082473960832,0.8800596347372345,35.796996203994055,11.759881738627564,53.842548275292955,29.001521751693407,78.21835286350883,45.40911953030828,2688.1147087987047,386.231128489193,0.5790088213127789,0.33591849263509027,A,grading/data_processed/onion/A/Onion_White_2_r0_61__100.jpg
6169.5,334.43354630470276,0.96,0.693170647966385,0.9278141213625084,74.25495167168437,83.0779299631335,118.06005387418793,44.29505270119419,81.0673427349073,46.34330085055323,5279.589463009983,393.94463157894745,0.44672313239286027,0.328187189001842,A,grading/data_processed/onion/A/Onion_Red_1_111__100.jpg
6556.5,308.9777021408081,1.1235955056179776,0.8630334953755562,0.9810713751309292,36.612797129615785,11.25510561420277,49.10539692031694,27.43244245349182,86.08999850500823,49.989449957230654,3337.984240310567,466.8618771989559,0.5098034553435147,0.23713748043500912,A,grading/data_processed/onion/A/Onion_White_2_r0_34__100.jpg
5680.5,327.17871284484863,1.1235955056179776,0.6668472264124892,0.9111396262731575,25.550729613733907,48.097289207204476,80.42042918454936,54.00747900668032,74.90472103004292,43.08831955916752,4589.084459777806,417.1002156395414,0.47649623070478814,0.3352686948994947,A,grading/data_processed/onion/A/Onion_2_r2_284__100.jpg
6664.0,312.87719666957855,1.098901098901099,0.8554547240113394,0.9771260997067449,20.600853317640134,12.056437065605207,120.76033544210681,50.419153193447706,87.58614094453435,51.0748797823459,6063.638580111096,463.1267621267621,0.4004133227903618,0.24145545197906026,A,grading/data_processed/onion/A/Onion_White_1_70__100.jpg
6148.0,329.0782082080841,1.0421052631578946,0.713420319931338,0.9277199336049494,20.016211061665608,41.28538734559555,83.35219326128417,51.86804976798735,80.82453909726637,46.370560793699866,3388.8458683027707,465.71632653061226,0.45248190330199495,0.32030861312960973,A,grading/data_processed/onion/A/Onion_2_r2_290__100.jpg
6187.5,319.32084810733795,1.1363636363636365,0.7625538670680552,0.9575949856844386,28.250553272209928,42.02500248131073,97.18732216250395,51.76068044710537,81.30588049320265,46.713035334160494,3405.7899987086776,505.0981404958677,0.46910134782725493,0.2690375892592463,A,grading/data_processed/onion/A/Onion_2_r2_9__100.jpg
6283.5,340.43354630470276,0.99,0.6813131725296452,0.9235008818342152,76.77146857498444,84.3199850372715,116.86776602364655,44.27657742194668,82.6929060360921,47.486030757143105,4788.907436016733,440.45071428571435,0.4556278083855665,0.3365072515746861,A,grading/data_processed/onion/A/Onion_Red_1_28__100.jpg
5167.5,337.6051193475723,1.0319148936170213,0.5697342160238463,0.8469228878144719,33.20655243833553,9.172671623979666,70.363020146865,40.170339848815935,68.66145735266429,39.86917341223248,1824.8594062560428,317.8776595744681,0.5816537250877176,0.403996096727488,A,grading/data_processed/onion/A/Onion_White_2_r1_109__100.jpg
5947.0,298.3919153213501,1.1904761904761905,0.8393318398676641,0.9774819197896121,53.22966743496872,76.1174190145261,161.37718142904183,51.39151739488913,78.13747118867303,43.97468778979174,5252.749285657596,314.1409331409332,0.4379377664484148,0.26373311914585723,A,grading/data_processed/onion/A/Onion_Red_2_r2_228__100.jpg
3646.5,286.49242079257965,1.3055555555555556,0.55828994700684,0.861547548730065,139.0944547625365,56.97875483035413,96.15415229503847,52.43432369429353,48.582382594852746,29.05080439378211,15601.698864297254,289.3941158900837,0.5946963221741866,0.4286099090624925,A,grading/data_processed/onion/A/Onion_Red_3_r_137__100.jpg
4801.0,319.50461280345917,1.1494252873563218,0.5909997603557587,0.8860385715603949,143.25618159708148,52.72742772857918,86.75881637616538,40.45700373349401,63.52391568706931,37.06847014801245,10718.22263633241,374.0631603390225,0.5758947503722193,0.4206028094962709,A,grading/data_processed/onion/A/Onion_Red_3_r2_131__100.jpg
5765.5,294.9777030944824,1.2195121951219512,0.8326614555549792,0.9750549636394386,63.667289085044985,80.02486445907645,159.40061110168054,50.696765544087185,75.9113902563232,42.618896658095196,6391.714205829863,289.0884454299089,0.44282485672744765,0.268795689593705,A,grading/data_processed/onion/A/Onion_Red_2_r2_226__100.jpg
4133.0,321.22034311294556,0.66,0.5033489720134435,0.8678215223097113,47.020369936782956,62.56812766001386,75.47834230859283,49.129418648997614,54.97213767267619,31.963657674568967,11239.601906244261,453.8409230769231,0.4657068381853302,0.330765456150198,A,grading/data_processed/onion/A/Onion_2_r0_153__100.jpg
6636.5,313.46298456192017,1.1111111111111112,0.8487434468999367,0.9754538105386933,21.218168389955686,12.745415170609505,121.09512555391433,48.69203669078251,87.18729689807977,50.74874027226725,5227.366680246913,483.2612794612795,0.4210040444316371,0.23648282104289198,A,grading/data_processed/onion/A/Onion_White_1_60__100.jpg
5130.5,344.29141104221344,1.2820512820512822,0.5438976454883794,0.8796399485640806,30.182231483235462,45.60704751846622,97.72930479257435,51.85123812744712,67.90073877628339,38.98901392060334,6415.486049161735,430.27078477078487,0.47972992820407023,0.31035971154666603,A,grading/data_processed/onion/A/Onion_2_r1_53__100.jpg
6293.5,322.776692032814,1.0101010101010102,0.7590978610713941,0.9424934481467615,146.14510108864695,48.77364102878122,93.93265940902022,41.97287475091506,82.89020217729393,48.14496396961623,5034.111050953985,345.6584022038568,0.49494032790254583,0.3379444170062405,A,grading/data_processed/onion/A/Onion_Red_3_99__100.jpg
7064.0,367.8477602005005,0.99,0.6560309405490136,0.9558863328822733,16.529216283577956,14.397198753679275,140.9711991138189,53.89117675786825,93.2338687344226,53.862045178284276,3691.9693922150805,473.81653061224495,0.3954982282982757,0.25449547274489354,A,grading/data_processed/onion/A/Onion_White_1_r2_68__100.jpg
5537.0,317.01933348178864,1.2658227848101267,0.692329584862668,0.9517016156754898,32.93932980599647,55.8396310583175,79.7742504409171,51.56266549319066,72.7657848324515,41.99996842666465,4895.030440298029,480.6106635980055,0.44040445396062516,0.26890942689272096,A,grading/data_processed/onion/A/Onion_2_r1_148__100.jpg
5215.5,299.3208488225937,1.0595238095238095,0.7315295557704311,0.9544331594839418,61.07747005988024,79.5070844857221,116.42252994011976,48.41115142425511,68.76384730538922,39.591826428301836,10544.15468459298,431.5228625541125,0.40299695481081804,0.26931600254774835,A,grading/data_processed/onion/A/Onion_Red_1_r_162__100.jpg
5182.0,294.93607199192047,1.3157894736842106,0.7486028717217018,0.9458793465364607,22.032385614761814,46.73668297218716,165.054791941254,60.52330796411167,68.61815100734324,38.57467042879382,8305.688524653739,333.04319510898466,0.426930305436517,0.28726353818211803,A,grading/data_processed/onion/A/Onion_Red_2_r2_294__100.jpg
7076.5,343.1198378801346,1.0416666666666667,0.7553299734392667,0.9673296425398127,36.81187707641196,59.56831061646135,85.78959025470654,49.807689659559614,92.937569213732,53.42179839969243,1933.5895247287326,432.0449284511785,0.37329425605117833,0.2345257829037264,A,grading/data_processed/onion/A/Onion_2_r1_208__100.jpg
3984.0,277.07820749282837,1.5384615384615385,0.6521153979211368,0.9171270718232044,18.126767430521696,38.589294021787424,151.24744027303754,62.726620540701184,52.81740614334471,30.190990601600685,16986.217567313608,270.7911421911422,0.48443227878867284,0.35508029279835096,A,grading/data_processed/onion/A/Onion_Red_2_r1_157__100.jpg
6667.5,353.9482659101486,1.0,0.6687954510535483,0.9247572815533981,74.22829912023461,84.2192898842225,113.85645161290323,42.22663761954491,87.86363636363636,50.61256897349231,4529.06671484,449.50070707070716,0.43047285241204536,0.30435414531568283,A,grading/data_processed/onion/A/Onion_Red_1_43__100.jpg
4797.5,340.29140985012054,0.78,0.5206224303485899,0.8657403230172336,47.15129449838188,55.67483328606411,77.67313915857605,52.17006395427926,63.71804207119741,37.539921982402035,7859.909717291255,500.1720779220779,0.48634468090951977,0.348256687697777,A,grading/data_processed/onion/A/Onion_2_r0_53__100.jpg
6829.0,355.0193326473236,0.98,0.6808680734260971,0.9592639415648265,97.5512104283054,84.57722233598582,117.30855178341211,44.73340370652172,90.10184787279759,51.71450472981722,5050.403183506872,614.3138144329896,0.4053804432039855,0.27049802912448284,A,grading/data_processed/onion/A/Onion_Red_1_r2_76__100.jpg
4574.5,294.1492745876312,0.69,0.6643821145785134,0.9451446280991735,12.95,20.245226650438763,150.55744680851063,56.42765560330723,60.49085106382979,34.65185085043511,12854.748372190716,378.2613235294117,0.4162841776421506,0.2987268616801531,A,grading/data_processed/onion/A/Onion_Red_2_r0_116__100.jpg
4707.5,282.49241971969604,0.7,0.7412873609934164,0.9593437945791726,10.45774647887324,13.36451530437897,154.59486329743166,58.57965273985612,62.02526926263463,35.314872313726205,10664.930301530612,383.33797101449284,0.420677303877423,0.2919612968627598,A,grading/data_processed/onion/A/Onion_Red_2_r0_133__100.jpg
4092.5,278.4924201965332,1.5151515151515151,0.6630889540972579,0.9323385351406767,36.71978152457849,57.67070793596125,90.1954405129423,56.038292520008625,54.6668249821895,33.108858668196675,9557.540605968778,376.4436792164064,0.48322535797521676,0.35056722553238356,A,grading/data_processed/onion/A/Onion_2_r2_224__100.jpg
7406.5,324.29141104221344,1.0101010101010102,0.8850177853625095,0.9865467865467865,28.81007289595759,51.43003487268917,156.14367130550033,55.338352300150206,97.7610337972167,55.546488143903325,2952.284119365371,404.97592082440565,0.35503771144763285,0.22325974440548305,A,grading/data_processed/onion/A/Onion_Red_2_r1_98__100.jpg
4943.5,295.17871284484863,1.3333333333333333,0.7129750515257246,0.938579836719195,29.925473186119874,51.564207296779436,93.62874605678233,55.88344804275119,65.14846214511041,37.09653407927664,6887.005732462222,412.4344781144781,0.4589175349698705,0.31179857579671033,A,grading/data_processed/onion/A/Onion_2_r2_197__100.jpg
6921.0,312.7350620031357,0.9387755102040817,0.889253461243958,0.9886436683094064,148.76969954648527,46.56296294685573,104.16142290249434,40.424075587340255,90.89554988662131,52.389615111963906,2390.0290498051777,399.38730657098006,0.4205682273537744,0.20240293368939893,A,grading/data_processed/onion/A/Onion_Red_3_r_75__100.jpg
4083.5,271.6639940738678,1.5384615384615385,0.6953096564809724,0.9341187235502688,34.03596094308168,61.35381359734944,149.99547511312218,56.020083906679915,54.07668492498214,31.08239213137041,15101.789549136092,243.67490287490293,0.5245089006262366,0.3417931477422198,A,grading/data_processed/onion/A/Onion_Red_2_r1_21__100.jpg
7277.5,324.29140985012054,1.0204081632653061,0.8696033187507893,0.9837783034809057,72.1232470334412,81.76555283258168,122.18176914778857,41.697857217685474,95.55771305285869,54.79313762999387,3898.056644897959,511.71634714491864,0.3463592420231038,0.22922327708935736,A,grading/data_processed/onion/A/Onion_Red_1_r2_33__100.jpg
6199.0,425.5878744125366,0.9896907216494846,0.43008372522268157,0.8853817039205885,36.59266227657573,59.50379079469766,98.88334901222954,52.17469391191166,82.36469112574474,47.35522858751021,2180.3475210343636,648.8969072164948,0.4362845159104338,0.29702389283943154,A,grading/data_processed/onion/A/Onion_2_r2_174__100.jpg
4674.5,276.83556747436523,0.7,0.7664807537116125,0.9648090815273478,12.258084706864176,18.86898922227451,152.7711245566451,55.61221192036239,61.59336532443146,35.23660442002134,10101.063410204082,399.65391304347827,0.4378431549448783,0.29407525609729096,A,grading/data_processed/onion/A/Onion_Red_2_r0_157__100.jpg
6050.5,383.2619721889496,1.1111111111111112,0.5176183561286887,0.8995688373476063,35.363256113256114,10.614984246621852,47.4980694980695,27.64978506306666,80.24662162162163,46.799393429774156,3263.9205742098766,473.40123456790127,0.5713786093513596,0.29640840225212084,A,grading/data_processed/onion/A/Onion_White_2_r0_157__100.jpg
7094.0,336.87719666957855,0.96,0.7855210350708917,0.9654327708219924,14.500207210940738,9.649040642165263,148.431551319243,49.03481434143997,93.39591103743611,54.08009454931779,3664.0107617078993,402.66568421052636,0.3808315016250669,0.23227037926923136,A,grading/data_processed/onion/A/Onion_White_1_r_118__100.jpg
4327.5,300.977703332901,1.3888888888888888,0.6003137526377063,0.9115323854660348,29.941427289048473,51.894416425388016,80.24910233393177,52.455442954983184,57.35794434470377,33.54395706203002,9293.622241493054,345.1929012345679,0.5050717105713679,0.3682019745541966,A,grading/data_processed/onion/A/Onion_2_r2_256__100.jpg
5824.0,341.362478017807,1.065217391304348,0.6280578748458564,0.9168044077134986,93.84924623115577,85.0808604663229,116.15259631490787,44.862682699034934,77.0319932998325,44.19978794616237,8028.3856607158605,495.41360376512773,0.4502655018184614,0.32094879882569943,A,grading/data_processed/onion/A/Onion_Red_1_r2_84__100.jpg
4163.0,282.2497808933258,1.4492753623188406,0.6566728305597699,0.9158508414915851,30.166199813258636,42.400929913710286,88.5546218487395,56.208500031911576,55.280812324929975,32.51450578662306,9601.00849821466,319.0478700043917,0.5326989239194156,0.36814073680625203,A,grading/data_processed/onion/A/Onion_2_r2_64__100.jpg
4645.0,275.56348860263824,1.408450704225352,0.7686917745388603,0.9580282561616995,29.518378491913463,55.782193833637045,150.81747532031085,55.377000075638904,61.25225792900651,34.68793891423772,11313.167209264037,290.36776212832547,0.4879432376957757,0.31551256386035914,A,grading/data_processed/onion/A/Onion_Red_2_r1_38__100.jpg
6535.0,310.534051656723,1.1111111111111112,0.8516026347919231,0.9792462725706151,20.41839183918392,10.471355246678812,121.9030903090309,50.829148819235044,85.96549654965497,50.22161517408653,5698.819091358024,507.71425364758693,0.4019643954133854,0.24613964003268954,A,grading/data_processed/onion/A/Onion_White_1_73__100.jpg
5290.0,344.8771971464157,1.0,0.5589031733295173,0.8256594349929764,34.06563706563706,11.636316214374643,56.64184592756021,41.2595502900744,70.11674940246368,40.843120381104896,2124.8233967019896,354.6984322508399,0.5954114200349326,0.3828039570985943,A,grading/data_processed/onion/A/Onion_White_2_r1_13__100.jpg
6556.0,311.22034418582916,1.1123595505617978,0.8505754656177256,0.9750148720999405,20.155927642397966,5.331026976807054,121.12946628793541,48.76807044165564,86.1305127821797,50.1008387584754,5573.658191547974,472.7265535427654,0.4075479430351795,0.2285116686721178,A,grading/data_processed/onion/A/Onion_White_1_59__100.jpg
6812.0,324.0487701892853,1.0869565217391304,0.8151992062770539,0.9716853291491334,25.615882606819163,49.79727339061871,79.16803337649259,49.69270805007556,89.31261688965617,51.36135166963014,2228.831234865312,497.50559947299075,0.38129056319353083,0.23081544900909134,A,grading/data_processed/onion/A/Onion_2_r1_172__100.jpg
6576.5,303.6639949083328,1.010989010989011,0.8962271293291791,0.9882043576258452,67.60509838998212,81.14989489890993,121.93202146690518,45.37242200786089,86.34943351222421,49.34003462980165,5381.378370690621,547.5246950851347,0.3054066792793872,0.18499911163386162,A,grading/data_processed/onion/A/Onion_Red_1_r_180__100.jpg
6709.0,317.90663492679596,1.0898876404494382,0.8341967083598403,0.9738713891711424,15.959982474076238,14.617058379736678,149.13115232948738,49.40226948582649,88.35037242587995,51.06179793635168,4371.168834433677,478.94089419475654,0.35741793984429415,0.19408319465865317,A,grading/data_processed/onion/A/Onion_White_1_181__100.jpg
5085.5,368.0904014110565,1.069767441860465,0.4716659632189826,0.8654697072838666,34.29715811558268,9.934873062916193,67.2803738317757,34.08132740711367,68.08182338355903,39.8129852335137,2107.0772618495052,447.76808075645283,0.5095126683738938,0.3200637051243332,A,grading/data_processed/onion/A/Onion_White_2_r1_84__100.jpg
5259.0,295.76449847221375,1.2987012987012987,0.755476480937425,0.9482509917057339,23.276169265033406,49.055040561385454,164.86321455085374,58.374148711339885,69.43541202672606,39.26201300325541,7128.778537274413,325.9833398924308,0.4325755353476874,0.28660364984307307,A,grading/data_processed/onion/A/Onion_Red_2_r2_292__100.jpg
6999.0,315.56348943710327,0.979381443298969,0.8832270430684201,0.9867474975327788,147.24260686755431,50.1761117770607,112.36524176594254,40.468112633878356,92.2811492641906,53.396542508552834,1835.913162366791,384.72274621627554,0.41417207102841547,0.21082210953630778,A,grading/data_processed/onion/A/Onion_Red_3_r2_78__100.jpg
6652.0,312.87719905376434,1.098901098901099,0.8539142763202586,0.9780914571386561,20.54900515843773,15.847820675407863,121.29285187914518,50.09512410993432,87.80840088430361,51.81262784304021,6076.565039681198,473.12975912975907,0.42714719829408165,0.241623008552162,A,grading/data_processed/onion/A/Onion_White_1_23__100.jpg
7251.0,335.07820749282837,1.0869565217391304,0.8115502243203337,0.9713979502980775,27.29440389294404,55.825187683784094,154.8744255204109,50.165290916337916,95.28723979453906,54.43325763810266,2463.7324671077504,342.64525691699606,0.3237281540913566,0.18079375467077205,A,grading/data_processed/onion/A/Onion_Red_2_r1_234__100.jpg
6143.0,321.36247968673706,0.99,0.7474807964886596,0.9313926161776969,147.78738652651697,47.30467532764199,98.30227743271222,42.20696599577692,80.80060519190954,46.36832665158014,4282.975028456281,408.5396938775511,0.5024971930487904,0.3523441683254263,A,grading/data_processed/onion/A/Onion_Red_3_193__100.jpg
6666.5,318.2914113998413,1.1111111111111112,0.8269093592157732,0.9734959112149533,20.659805939429578,11.4121086267357,123.65539547192003,50.2802470285352,88.13275507203764,51.94427260968638,6326.757929432099,509.9849607182941,0.41646828597911045,0.23153876786639999,A,grading/data_processed/onion/A/Onion_White_1_32__100.jpg
6852.0,322.1909056901932,1.0638297872340425,0.8294699613703962,0.978367958877704,17.15011448196909,12.921970536254982,137.40784201488265,54.66617960019132,90.06124785346307,52.29017243300737,5363.680395190131,514.5955297657426,0.40165029087432724,0.2446254878785062,A,grading/data_processed/onion/A/Onion_White_1_140__100.jpg
6149.0,366.6761864423752,0.93,0.5747102531872943,0.9016129032258065,48.73628290516968,74.95102581003376,115.86600063431652,44.87510201933584,80.94481446241674,46.472013948916306,5580.1659604116085,491.8707608695652,0.43960521775190486,0.30807053592313854,A,grading/data_processed/onion/A/Onion_Red_1_81__100.jpg
4340.0,288.73506140708923,1.4492753623188406,0.654184945539407,0.9270532948841184,32.17275375308089,53.71538885198242,90.9852117409814,57.078090043193626,57.42505041451938,33.25491639356783,8703.450691031296,356.27814375640463,0.4742326324531634,0.33984713018311125,A,grading/data_processed/onion/A/Onion_2_r2_210__100.jpg
3595.0,295.42135298252106,1.7241379310344827,0.5176366204571206,0.8887515451174289,31.21273166800967,52.22617478236691,89.87805533172173,57.5866200780353,47.83078162771958,27.587320854662163,12152.895377407847,258.4609892023685,0.5165236605317715,0.34491696117544857,A,grading/data_processed/onion/A/Onion_2_r1_284__100.jpg
5758.5,339.80612897872925,1.1904761904761905,0.626695851036222,0.9092846991946945,26.345750084659667,43.63686616199782,102.08804605485946,51.79854340184235,76.10125296308838,43.32566619168068,4936.218440462018,443.48388648388664,0.46232728948273505,0.2855999720909043,A,grading/data_processed/onion/A/Onion_2_r1_44__100.jpg
6058.5,335.94826567173004,1.0105263157894737,0.6745748872740884,0.9384293680297398,95.07562076749436,84.94448889590183,117.27184779103516,44.488634263412386,80.06594646888101,45.8683041614988,7107.096144378558,523.3995567867036,0.43688462164479214,0.3037446028442822,A,grading/data_processed/onion/A/Onion_Red_1_r2_81__100.jpg
4309.5,273.6639939546585,1.5151515151515151,0.7231051043764275,0.9474552050126416,14.529371893357434,31.111524395559794,151.901491188432,65.07440048374312,56.90691369182106,32.61325516120551,11408.009119352617,286.5491276400367,0.4380219387303316,0.3152876957250968,A,grading/data_processed/onion/A/Onion_Red_2_r2_28__100.jpg
6572.5,330.6345571279526,1.021505376344086,0.7555165335118321,0.9731270358306189,88.52360387192851,84.11703102364541,120.54534623976173,44.45775717527637,86.87282204020849,49.948958892241414,5379.488868788251,448.92724776938917,0.352011593264996,0.22467961332308675,A,grading/data_processed/onion/A/Onion_Red_1_r_17__100.jpg
6618.5,321.17871260643005,0.84,0.8062615168741676,0.9727366255144033,26.58165680473373,49.74953379913529,92.47884615384615,52.11660085864376,87.08639053254439,50.138496866547534,2123.7735571286844,568.0402409638552,0.3325510815080605,0.17889803572249738,A,grading/data_processed/onion/A/Onion_2_r2_158__100.jpg
7060.0,340.0487710237503,0.9595959595959596,0.767241606267786,0.968383512790618,14.531289024559456,9.49476201200567,148.62564173719994,49.21398551622153,93.29512973497988,54.265466398925604,3871.518045832284,430.8893187191059,0.37178337025629765,0.21815885681265806,A,grading/data_processed/onion/A/Onion_White_1_r_117__100.jpg
4904.0,335.22034323215485,0.77,0.5484027105722855,0.8929351784413693,42.74291938997821,52.42487255777658,79.11546840958606,51.12192595658962,65.4537532184591,39.26305052258647,8169.683228385899,602.1101315789475,0.4645790409946347,0.32523048773501323,A,grading/data_processed/onion/A/Onion_2_r0_29__100.jpg
3662.5,263.17871260643005,0.61,0.6644862231126397,0.9255749305029063,44.99708609271523,68.02984340830237,156.14225165562914,56.58362529816992,48.50225165562914,28.04371106022496,16886.32054423542,324.62250000000006,0.5177030096276143,0.3592028790716095,A,grading/data_processed/onion/A/Onion_Red_2_r0_21__100.jpg
7214.5,319.46298348903656,1.0416666666666667,0.8883314036927411,0.9891006306553332,56.259556522922054,77.79532071882818,162.8064208951163,53.027803756966804,94.55461841926268,53.72546919376714,2370.408784331597,292.42161195286195,0.4014856330356175,0.22062177307817063,A,grading/data_processed/onion/A/Onion_Red_2_r2_237__100.jpg
4782.0,288.93607234954834,1.3513513513513513,0.7198067351449307,0.9414312432326016,31.656479217603913,44.30432291003765,93.06234718826406,55.24686931606054,63.24286878565607,36.87224497024536,6541.578432268079,328.5779415779416,0.5187143629038495,0.32714716074772454,A,grading/data_processed/onion/A/Onion_2_r2_28__100.jpg
6658.0,315.7644993066788,0.85,0.8391257560960458,0.9761747672458031,28.4035603942916,51.48291193444996,94.5053700161836,51.41382166701196,87.43578049139326,50.07504919065859,2203.49212283737,534.2419047619048,0.33691678396942926,0.18320711100157103,A,grading/data_processed/onion/A/Onion_2_r2_164__100.jpg
6060.5,321.46298372745514,0.96,0.7369811447422899,0.9278169014084507,147.32800903517264,46.69684894569607,96.26831235882543,40.716479306100474,79.5703452726686,45.78008522848252,4192.469678808594,360.32842105263165,0.503918612886948,0.34192463247568006,A,grading/data_processed/onion/A/Onion_Red_3_182__100.jpg
6462.5,326.6345558166504,1.043956043956044,0.761177887504764,0.9739281139326351,88.75253672573074,84.05692060209566,119.23156141147963,45.49870219077961,85.36392548841435,48.87419599578745,5509.29138920621,470.54921674070613,0.3418865012377948,0.21885205702798413,A,grading/data_processed/onion/A/Onion_Red_1_r_16__100.jpg
7298.5,323.1198389530182,1.0101010101010102,0.8784483450241836,0.9855512794544595,84.53093060785369,83.37910585974252,117.132463690156,47.771925595509785,95.84359870898332,55.051124345731594,4501.381714223038,530.3086419753087,0.3390521090855085,0.23500787473908044,A,grading/data_processed/onion/A/Onion_Red_1_r2_53__100.jpg
6180.0,341.5046136379242,1.0204081632653061,0.6658941331844694,0.9169139465875371,144.44086021505376,52.10645224790771,95.91951296647692,42.26597963852114,81.44924098671727,46.85030176883899,5693.170513109121,504.56524427953013,0.48622180951143656,0.3406657887739132,A,grading/data_processed/onion/A/Onion_Red_3_r2_14__100.jpg
4432.5,314.29141080379486,1.139240506329114,0.5638889489446108,0.9114743985194325,55.38414367060885,77.07498753745408,115.48050810337276,49.91810148792534,59.010731493648706,34.81354651654027,16304.097363887951,469.32584269662937,0.47670307110652643,0.3396401721277355,A,grading/data_processed/onion/A/Onion_Red_1_r_152__100.jpg
5969.5,357.60511922836304,0.93,0.5865977138885278,0.8969273533168056,49.99363057324841,75.55201475232944,111.71402907071698,41.6258430060171,79.239425118406,45.84463641501467,7502.97018701584,361.30184782608706,0.4932713574533354,0.3281190486902911,A,grading/data_processed/onion/A/Onion_Red_1_153__100.jpg
4375.0,300.93607246875763,0.69,0.6070709120295954,0.8943172526573998,41.820945196361215,55.05112798506618,86.2620368315953,54.965349099411156,58.01042822276459,34.14054439607588,9628.539629405588,539.8510294117647,0.46796765357924913,0.32805382528441435,A,grading/data_processed/onion/A/Onion_2_r0_325__100.jpg
7310.5,330.14927530288696,1.0638297872340425,0.8428227480780169,0.978713434634179,25.3391467668366,54.09256373754506,153.09954386906358,52.80960701708326,96.22001609873894,54.8533366307114,2303.892078304663,315.2954008166774,0.3280442682384841,0.19233270770674946,A,grading/data_processed/onion/A/Onion_Red_2_r1_240__100.jpg
6727.0,314.7350628376007,0.88,0.8533772009399226,0.9801835931808247,22.898149497304384,41.445149225945094,96.156054203701,50.45128393797811,88.13871484773422,50.517413094026494,2246.247116619318,490.3573563218391,0.350542861569431,0.20610797996552604,A,grading/data_processed/onion/A/Onion_2_r2_305__100.jpg
3936.0,282.73506212234497,1.5873015873015872,0.6187363285107911,0.9267718389451377,19.133136094674555,43.91973163680037,154.25912228796844,60.49729944596957,52.243589743589745,30.736622678842153,16077.545228924162,318.3461600128268,0.49003074806488184,0.342094381892895,A,grading/data_processed/onion/A/Onion_Red_2_r1_196__100.jpg
5765.0,380.5340510606766,0.96,0.5002903507854196,0.8061245892470111,18.876749283426065,21.00351595092648,139.20721632102513,50.192504703729604,76.92463328275164,45.080155501170196,3234.318836414931,325.66978947368426,0.5073432361337767,0.3691161412912917,A,grading/data_processed/onion/A/Onion_White_1_r2_120__100.jpg
3931.5,312.1492750644684,0.57,0.5070414720507254,0.8756124721603563,39.49606492867683,57.58853069786235,73.25725528775209,48.89981152201483,52.31628135759961,30.632933284568956,13627.744523822712,457.18107142857144,0.42826296814112647,0.26383322751081884,A,grading/data_processed/onion/A/Onion_2_r0_128__100.jpg
5476.5,316.1492747068405,1.1494252873563218,0.6885390506431991,0.9178748009720942,28.990913949759488,44.07819957756368,82.5043648672724,49.05987198521362,72.24942098699448,41.963590834779936,4476.071339344696,473.19110646696856,0.4768511947279279,0.34372229340412946,A,grading/data_processed/onion/A/Onion_2_r2_106__100.jpg
6703.5,317.6051194667816,0.94,0.8350961651393488,0.974700109051254,20.186924089512946,10.515894841603949,129.4999268685096,51.314730701310395,88.36083077373117,51.54293454280963,4838.54944133092,473.9654838709678,0.42676405078898316,0.25808735338019717,A,grading/data_processed/onion/A/Onion_White_1_r_39__100.jpg
4650.0,308.87719762325287,1.3157894736842106,0.612478883625288,0.9239022451818001,32.4505333612215,47.07941541271949,85.65864881823886,51.6127134014721,61.487136582304956,35.40403084838939,7907.737920706372,364.8365231259968,0.49903947013693484,0.35771525909240504,A,grading/data_processed/onion/A/Onion_2_r2_92__100.jpg
4156.5,296.14927554130554,1.492537313432836,0.5955473543747928,0.9185635359116022,36.93275741302825,57.316206038944216,90.30469297221573,56.70307903867207,55.454120943264066,32.78765810652733,9522.576362753398,384.8147143072516,0.4861068719794807,0.34788597637681595,A,grading/data_processed/onion/A/Onion_2_r2_222__100.jpg
6771.5,314.29141187667847,1.0638297872340425,0.8614492931097983,0.9799565846599132,26.686748732802318,45.5483787450311,164.7894279507603,53.23103610365978,89.85908761766835,49.35710346940411,3589.005971921684,449.2712228669675,0.3822266745324185,0.2499185506261037,A,grading/data_processed/onion/A/Onion_Red_2_r1_122__100.jpg
3659.0,303.9066345691681,1.6666666666666667,0.49784243369511316,0.8746265089040277,30.711345646437994,50.721273144279515,77.71055408970976,54.736035984651274,48.639313984168865,28.135668036999224,12307.004829333333,272.0153198653199,0.5257648000240319,0.35608760872209816,A,grading/data_processed/onion/A/Onion_2_r1_110__100.jpg
6694.5,318.6345566511154,1.1235955056179776,0.8285949105284107,0.9738871108524876,21.345191040843215,13.295213621622434,123.24242424242425,51.50522263458101,87.99970721709852,51.32605221793223,5583.782574561293,555.9930768357734,0.4105451365222074,0.2193397773962293,A,grading/data_processed/onion/A/Onion_White_1_45__100.jpg
3878.0,269.90663397312164,1.5873015873015872,0.6689452134404099,0.9219065731605848,26.930861723446895,55.247613768499996,161.1758517034068,56.317545844665375,51.40856713426854,29.441633383757903,18651.79287669438,253.69440436107107,0.520600203141295,0.3527744412154559,A,grading/data_processed/onion/A/Onion_Red_2_r1_310__100.jpg
4397.0,316.04877042770386,0.71,0.5531693637428846,0.8938808700955478,49.558031774051194,61.98969915860918,77.99580759046779,54.350548382880994,58.22793468667255,33.23360555637031,9947.05809434636,436.6397142857142,0.45561477070857376,0.3437569294292295,A,grading/data_processed/onion/A/Onion_2_r0_189__100.jpg
7348.5,321.46298348903656,0.97,0.8936071199029818,0.9902304271661501,34.50120224418915,63.673691306727875,165.316724552498,47.80857843315205,96.62797221480096,55.29536084175208,1756.5315036241896,328.7221875,0.3833717791130127,0.21312085060313912,A,grading/data_processed/onion/A/Onion_Red_2_r2_256__100.jpg
5938.5,325.46298336982727,1.1363636363636365,0.704503934076884,0.9568965517241379,39.32230997038499,60.46978201396176,87.56021717670286,48.46942204522414,78.06910167818361,44.80713115695384,4065.4776949896695,493.86903122130394,0.44539423873393286,0.29547298437763825,A,grading/data_processed/onion/A/Onion_2_r1_224__100.jpg
4065.5,272.0071394443512,1.5625,0.6904992687143301,0.9292571428571429,58.844811095169774,77.08908167959925,149.4835007173601,62.05038056107048,54.18747010999522,30.66709691116548,15017.9728109375,258.8494318181818,0.5157125386367876,0.33277708873049566,A,grading/data_processed/onion/A/Onion_Red_2_r2_174__100.jpg
4714.5,305.46298384666443,1.1904761904761905,0.6349336212255391,0.8951865565365993,143.5119735755574,51.80304022322717,91.15503715937243,43.9284206994429,62.16763005780347,35.78586270481512,9134.74276189059,319.39826839826844,0.5799921251948125,0.41076596220132794,A,grading/data_processed/onion/A/Onion_Red_3_r_48__100.jpg
4692.0,278.24978053569794,0.7,0.7615496213680084,0.9645390070921985,11.20307628351694,16.295791337429353,153.9692371648306,55.4340771043103,61.90293078362087,35.2565195649029,10176.008398693879,373.80710144927536,0.43188537818641015,0.2927563674717121,A,grading/data_processed/onion/A/Onion_Red_2_r0_152__100.jpg
4795.0,300.2497806549072,1.3513513513513513,0.6683948237373591,0.934242571846079,31.646091370558377,53.604432230678405,92.74274111675128,56.05604348114837,63.304771573604064,36.18191358445679,7285.134375456538,432.7941577941578,0.4629397502119091,0.321986838601277,A,grading/data_processed/onion/A/Onion_2_r2_200__100.jpg
5670.5,402.0904004573822,1.0638297872340425,0.44074136170792216,0.8313297170502859,35.449101796407184,12.308565648736144,50.07219846022241,28.615565022349408,75.41659538066723,43.76892935767192,2748.466395473065,391.16011175585646,0.5936758604059591,0.3651413939649178,A,grading/data_processed/onion/A/Onion_White_2_r0_85__100.jpg
5133.5,300.14927637577057,1.3157894736842106,0.7160590352664828,0.9335333697035825,18.641581147852527,44.313351625414995,168.32877232991257,53.99096033384356,68.42987457240594,37.719980962857285,9016.018659262467,328.0713716108453,0.43065958088224554,0.29415390119667334,A,grading/data_processed/onion/A/Onion_Red_2_r1_286__100.jpg
4133.5,277.17871272563934,1.4705882352941178,0.676095521292974,0.9207038645728923,34.271337879144134,48.27952954877555,87.61462497060899,55.08081694712225,55.01316717611098,32.68118035160701,9693.179599913494,327.86036838978015,0.5214779951517021,0.36329018719967265,A,grading/data_processed/onion/A/Onion_2_r2_69__100.jpg
6831.0,326.0487707853317,1.0869565217391304,0.8074748693438353,0.9705192867798537,32.216898579830726,56.54911432544579,79.13369674365228,48.73623585104085,89.55443982212022,51.40357071459384,2084.8182850189037,498.4310496267018,0.38222974135895627,0.22886895455863585,A,grading/data_processed/onion/A/Onion_2_r1_170__100.jpg
5856.0,319.5634888410568,1.1111111111111112,0.7206039264808162,0.933004062773839,138.39155822489155,54.683678004634245,84.67984651317984,44.74506928666648,77.0709042375709,44.38598795652426,5758.741143506173,432.1740740740741,0.4619429523799828,0.3203292361082487,A,grading/data_processed/onion/A/Onion_Red_3_r_171__100.jpg
5866.0,302.3919162750244,1.2195121951219512,0.8061420368674186,0.9675078344054099,25.802835696413677,48.900257544878265,79.74695579649708,52.596668429969554,77.03202668890742,44.1909116490364,4667.530957391433,459.94161123429416,0.4274079350829748,0.2556570797625634,A,grading/data_processed/onion/A/Onion_2_r1_152__100.jpg
4620.0,279.5634890794754,1.3888888888888888,0.7428325667487383,0.9514983008958913,32.1935415787252,58.11721159278472,150.3224989447024,54.51787075502464,61.00886449978894,34.45712254602462,12267.01826388889,274.8625140291808,0.4983807153557124,0.3286156877015988,A,grading/data_processed/onion/A/Onion_Red_2_r1_37__100.jpg
4455.5,276.4924213886261,0.69,0.732385686990057,0.9485842026825634,15.302645965449377,30.991118194578444,155.12617537721408,53.13351475979939,58.939645746774545,33.10250644792541,13089.160808128543,353.16426470588243,0.4694296175768479,0.3176754310586041,A,grading/data_processed/onion/A/Onion_Red_2_r0_208__100.jpg
4695.5,284.4924204349518,0.7,0.729038239366936,0.9539821210889882,10.762300186838281,17.656555772363,153.36371185385096,56.358587485837326,61.992111272576295,35.23302922538741,10695.01831753061,366.0595652173912,0.42368300693691163,0.2917013481945915,A,grading/data_processed/onion/A/Onion_Red_2_r0_136__100.jpg
6191.5,331.60511887073517,0.95,0.7075600261650633,0.9294453201230954,80.36355022109917,84.12873215197035,117.02747946936196,42.30965553823875,81.3583385975995,46.451878267585094,4649.592520952909,354.51212765957456,0.4464215722153921,0.3198910343844972,A,grading/data_processed/onion/A/Onion_Red_1_112__100.jpg
5967.0,337.84775936603546,1.0526315789473684,0.6569371406639027,0.9089108910891089,146.50016366612113,49.20602583725502,97.90523731587561,41.78351606550572,78.5873977086743,44.8821238998876,5793.453599324101,463.7016480595427,0.4878479167718815,0.3440710698137728,A,grading/data_processed/onion/A/Onion_Red_3_r2_16__100.jpg
5683.0,296.391916513443,1.2195121951219512,0.8129331058962639,0.971868319794784,26.229127216388363,51.944655240644785,149.70476846273024,53.750000985501586,74.80237562403167,42.02506266623873,7174.318571073766,364.47955161369805,0.43812753845214497,0.2769556321241311,A,grading/data_processed/onion/A/Onion_Red_2_r1_52__100.jpg
3616.0,270.73506140708923,1.1944444444444444,0.6199394602183528,0.8961586121437423,143.57131367292226,52.67185972719656,100.64128686327078,51.46466041145356,47.974530831099194,28.073794848925573,15640.639575962608,266.4839869281046,0.5665487140084263,0.3813255707521846,A,grading/data_processed/onion/A/Onion_Red_3_r_136__100.jpg
5846.5,411.4041084051132,0.979381443298969,0.43407879346869804,0.8199284762639366,20.087317397078355,19.664542580541163,135.51278220451528,50.80024451964128,79.55345285524568,47.64991159554436,3995.533818466377,477.2624479052423,0.47958652637079296,0.3293623095526994,A,grading/data_processed/onion/A/Onion_White_1_r2_175__100.jpg
7173.5,342.77669310569763,0.9595959595959596,0.767217317927089,0.9687373396353814,15.15655737704918,9.335157305521824,142.09439890710382,45.424235500595316,94.84084699453553,55.118116569291345,3199.2230083820377,485.6376531270148,0.33970350279226263,0.20800125796941096,A,grading/data_processed/onion/A/Onion_White_1_r_103__100.jpg
4888.5,336.4335458278656,1.1494252873563218,0.5427338359334639,0.8736484675185416,142.86603061021665,53.35419185255459,88.67123832240111,41.01039090561339,64.72510435301133,37.66922545627783,10725.290569745015,362.4802043422733,0.5563679314242066,0.40946149581900254,A,grading/data_processed/onion/A/Onion_Red_3_r2_134__100.jpg
4012.5,272.35028648376465,1.5873015873015872,0.6797813361284786,0.9298957126303592,55.15278450363196,75.71032886340427,150.9142857142857,59.74593435901452,53.535351089588374,30.660656694606867,14141.646793550011,248.95783229116563,0.5348430385284423,0.33207476098482386,A,grading/data_processed/onion/A/Onion_Red_2_r2_189__100.jpg
4681.0,287.563489317894,0.7,0.7113461997075373,0.9549163606691147,11.530709972933582,19.8161034389358,150.0603789298355,57.09232633953847,61.83780970226942,35.402814671229805,11262.829732061224,396.7705797101449,0.4200911247842284,0.29469399292214654,A,grading/data_processed/onion/A/Onion_Red_2_r0_126__100.jpg
6915.5,326.1492758989334,1.0869565217391304,0.8169596599637883,0.9723022847100176,22.256766331302252,44.56744818722379,81.25180671673516,49.71149233137294,90.77809267394076,52.085276993730204,1839.9049973416822,464.2911725955205,0.38063122920220654,0.22067321736353523,A,grading/data_processed/onion/A/Onion_2_r1_169__100.jpg
5134.0,287.42135322093964,1.3333333333333333,0.7809579832847379,0.9616933595579282,67.22194750855839,80.98819348097967,158.62856599467477,54.57412069782362,67.78585013313047,37.95235062650539,8986.835395893333,291.5622895622896,0.4705505964717592,0.2859511575133348,A,grading/data_processed/onion/A/Onion_Red_2_r2_218__100.jpg
5736.5,365.94826447963715,1.1235955056179776,0.5382914457086873,0.8821313240043057,34.69211195928753,11.824617319782751,52.62578456318914,29.319220757199425,75.8490245971162,44.04858839306643,3210.0313950763793,383.03098399727617,0.6013460692886345,0.326133231210247,A,grading/data_processed/onion/A/Onion_White_2_r0_189__100.jpg
7174.5,317.8061298131943,0.94,0.8926412758184618,0.9893132928847215,24.08548762139242,47.0803153078506,157.74955546436877,52.98280863333303,96.32635754342772,52.15016158319175,2346.9974046966954,441.1289247311827,0.3661140838020073,0.20690386452922524,A,grading/data_processed/onion/A/Onion_Red_2_r2_124__100.jpg
6061.5,343.1198378801346,0.94,0.6469911162300735,0.9062570082978246,146.19149621517153,46.71848732202598,91.04783378966017,41.6195965707147,79.75036237719439,45.74529655405319,4147.096619103667,342.5089247311828,0.4939416225276365,0.3265049027155379,A,grading/data_processed/onion/A/Onion_Red_3_143__100.jpg
3700.0,265.76449978351593,0.63,0.6582905963532492,0.9207415702376509,48.130833770319875,70.03488851508617,157.24305191400106,56.72925258927841,48.94389092815941,28.232228552954084,17517.633469387754,303.56596774193554,0.51645781124685,0.371933035831129,A,grading/data_processed/onion/A/Onion_Red_2_r0_28__100.jpg
5416.0,300.39191699028015,1.0786516853932584,0.7542442967048232,0.9410129441403875,148.95670995670994,46.3006939335507,99.1453823953824,42.56988317373226,71.16720779220779,40.899442902338194,6893.5046815931455,356.1102306327616,0.5338183881345325,0.3382036896702703,A,grading/data_processed/onion/A/Onion_Red_3_r_61__100.jpg
3773.5,271.8061292171478,1.6129032258064515,0.6418532235612382,0.9186853317102861,17.382042706457423,39.7143831257589,157.23591458708515,61.053871007430374,50.111139696423976,28.877605986561377,18621.357960457855,261.4159335288367,0.507835569843193,0.3586532850865319,A,grading/data_processed/onion/A/Onion_Red_2_r1_184__100.jpg
6648.5,354.4335460662842,1.075268817204301,0.6650647004673955,0.9508724256292906,39.61602941176471,61.01000454698125,88.47779411764706,48.65952939575593,87.37720588235294,50.05391720422122,2685.921093259336,522.9946779624198,0.4048260982610998,0.25423908445656157,A,grading/data_processed/onion/A/Onion_2_r1_217__100.jpg
4962.5,297.66399443149567,1.3513513513513513,0.7038137919905411,0.9295682307764354,20.384207424867412,46.17241668482993,168.47652720487133,54.332274576861856,66.15949715183658,36.389872793666854,9801.926912910883,312.47024297024296,0.44499987507109834,0.30039909153555727,A,grading/data_processed/onion/A/Onion_Red_2_r1_289__100.jpg
4279.0,292.7350616455078,1.408450704225352,0.6274840142511792,0.9254893478966151,32.33083560399637,45.14669039996369,85.54427792915531,52.138388229819824,56.903723887375115,33.75158077815881,9096.686752628448,373.7927158913074,0.5217033952900898,0.36742023787276773,A,grading/data_processed/onion/A/Onion_2_r2_81__100.jpg
6126.5,348.0904005765915,0.95,0.63538682949072,0.9099888600074266,72.41568377430666,82.8696180086109,115.35320369780045,44.708326336741735,80.45951546063118,46.1352432068135,4972.005459324099,417.13648936170205,0.444540630100887,0.3247573963059343,A,grading/data_processed/onion/A/Onion_Red_1_105__100.jpg
7232.0,321.70562422275543,1.0309278350515463,0.8781141479170788,0.9863611565739225,13.335595060388112,24.038771644832288,160.2324603066902,53.58834563435111,94.87352422309675,54.722532722263104,3425.952463981294,523.7415391023638,0.3545813307389419,0.2243045179606759,A,grading/data_processed/onion/A/Onion_Red_2_r2_70__100.jpg
6881.5,408.7178169488907,1.0309278350515463,0.5176614663447087,0.9372148450800136,39.10643424036281,61.89248855884267,86.18636621315193,51.30539692887235,91.00014172335601,52.39351445668404,1914.1448854819855,580.6004373633241,0.37998242186526415,0.2581697706797352,A,grading/data_processed/onion/A/Onion_2_r1_204__100.jpg
6166.5,301.80612993240356,1.1627906976744187,0.8507314477612249,0.9782660426747045,27.868308181096108,53.77427571571901,151.69166004765688,52.632311448801055,81.10039714058777,45.49995251593887,4573.996342874526,374.0704721634955,0.42092718548319685,0.2538749297580084,A,grading/data_processed/onion/A/Onion_Red_2_r1_56__100.jpg
5990.5,510.17366111278534,0.979381443298969,0.28922569258771325,0.8055536878908088,19.665325177076625,18.58902983240302,134.68206696716032,50.607893645845316,80.736799742434,47.47641273507347,3553.0255935658943,576.3443737661767,0.45349444698509456,0.3048417608412689,A,grading/data_processed/onion/A/Onion_White_1_r2_176__100.jpg
4551.5,276.4924211502075,1.4285714285714286,0.7481659656792948,0.9504071831280017,31.652816448918397,58.07567056485832,150.3409723709574,54.552509227424224,60.155922038980506,34.44153631290251,11619.090724489795,281.92092352092345,0.49506346486997305,0.3201921518449518,A,grading/data_processed/onion/A/Onion_Red_2_r1_36__100.jpg
7505.0,329.70562398433685,1.0,0.8675766405609913,0.9840041956208208,14.495291655767721,25.956515404237376,159.67120062777923,54.58373783549924,98.5189641642689,56.640833195812824,2756.29759919,469.8739393939394,0.3470211223243618,0.21950281679969788,A,grading/data_processed/onion/A/Onion_Red_2_r2_73__100.jpg
5420.5,296.29141068458557,1.0337078651685394,0.775909535860689,0.9521341998946075,150.46311992786295,44.9417270386893,105.4741208295762,44.41342483891878,71.3736699729486,41.257452819240264,6205.504759115238,348.1076676132855,0.48339974229506016,0.3110313095517229,A,grading/data_processed/onion/A/Onion_Red_3_r2_44__100.jpg
5658.5,367.1198374032974,1.0526315789473684,0.5275886931979674,0.839913908267775,35.45273289790306,10.126710980100095,54.32433826057064,30.18942424338085,75.09556548642145,43.625151115265695,2519.701592199446,372.83859649122803,0.6041564336701952,0.3749098743239029,A,grading/data_processed/onion/A/Onion_White_2_r0_73__100.jpg
4000.5,330.63455617427826,1.492537313432836,0.4598621391783662,0.8385034583944666,29.93555394641564,45.67132680820513,88.47936278059377,50.95441490337918,53.62008206613565,31.589671029543627,10697.489947404765,371.2124227348108,0.5236653657787544,0.3673717729063205,A,grading/data_processed/onion/A/Onion_2_r1_74__100.jpg
4772.5,289.4629831314087,1.3333333333333333,0.7157638066356823,0.9440213628721195,20.986922762566408,38.451783751780496,157.0228851655088,56.48976790160255,63.41622394769105,35.32886292743535,10703.952895359998,338.56053872053866,0.46151010572828494,0.33228204111930587,A,grading/data_processed/onion/A/Onion_Red_2_r1_137__100.jpg
6645.5,320.8355669975281,0.84,0.8112832552102954,0.9751999413016362,25.120689655172413,47.97456123474674,92.56631299734748,51.798577592496045,87.24742116121426,50.01064664112979,2175.8401340136056,550.2849397590361,0.3283283305295415,0.17579531242640928,A,grading/data_processed/onion/A/Onion_2_r2_161__100.jpg
6976.5,397.7472540140152,1.0204081632653061,0.5541573304951687,0.9400390756585596,80.311695579183,84.36423378823865,123.32680470061555,37.694462373077016,92.74944040290991,53.870487407382164,2382.694244387755,417.0603999175428,0.40656639386865095,0.254556594507887,A,grading/data_processed/onion/A/Onion_Red_1_r_96__100.jpg
5356.5,294.9777011871338,1.2820512820512822,0.7735931219078328,0.9646137223122636,11.94308646479387,22.561716577041942,157.9277635899307,60.21563372987932,70.23166727471725,40.457394416381135,8078.005324638396,411.341750841751,0.41772924755107693,0.28370747568408033,A,grading/data_processed/onion/A/Onion_Red_2_r2_52__100.jpg
5037.0,314.7350620031357,1.1511627906976745,0.6389863213806491,0.9012345679012346,142.45834138797602,54.19448312577565,93.68896191764934,44.7316991203209,66.41909916876088,38.37926001960506,9424.832626873485,381.1604176554343,0.5418201964407433,0.378648644233459,A,grading/data_processed/onion/A/Onion_Red_3_r_33__100.jpg
7234.5,323.1198385953903,1.0416666666666667,0.8707452991909482,0.9877799016930638,24.723955507325012,50.7994995530162,144.7810634834509,54.17711833833828,94.8773738469886,53.936581228537065,2515.2058699544273,365.9994739057239,0.3551974013305494,0.21791193254913818,A,grading/data_processed/onion/A/Onion_Red_2_r1_80__100.jpg
4912.0,336.0487713813782,0.77,0.5465924119239893,0.8890497737556561,42.91437611231956,52.46754399437301,77.99545184892229,49.23047719041918,65.63080877990903,39.71418980240527,8001.199001517964,567.3227631578949,0.46812168467686854,0.3257571884776687,A,grading/data_processed/onion/A/Onion_2_r0_37__100.jpg
6620.0,351.3624782562256,1.0,0.6738404693385943,0.9260684059592922,79.05745089351647,84.82572563424179,114.93531236154188,43.27613381768542,87.24472012996603,50.39126413007399,4572.71305919,482.56949494949504,0.4355695410645957,0.30981552515419364,A,grading/data_processed/onion/A/Onion_Red_1_40__100.jpg
6456.0,319.5634890794754,1.1363636363636365,0.7944362948118739,0.9556657538302125,22.86108583560813,42.94877558238083,104.69381255686989,52.564977493525284,84.9200788595693,48.32508095002072,1969.1215053589874,464.10101010101016,0.3750684851946771,0.23988277402235764,A,grading/data_processed/onion/A/Onion_2_r1_24__100.jpg
5615.0,398.8183218240738,0.9895833333333334,0.44361826729548903,0.7836706210746686,17.903733148980297,12.81371879865819,147.42084341513998,49.18282843541762,75.20463187003111,44.11067240426168,3142.7517657356107,396.332890070922,0.49039127664364845,0.34939575265935935,A,grading/data_processed/onion/A/Onion_White_1_r_67__100.jpg
6822.0,316.3919161558151,0.92,0.8563884900347403,0.979187598679489,17.907300948548432,18.674882909106678,144.0204081632653,56.00334022554939,89.47916067835585,51.50314914353691,4206.641164650284,533.1472527472529,0.3727102682387903,0.2277456951921183,A,grading/data_processed/onion/A/Onion_White_1_r2_44__100.jpg
5913.0,333.7056248188019,0.93,0.6672532364554568,0.9118667591950035,145.6370541611625,48.634097809968445,94.11311096433289,41.67209688765491,77.78352047556143,44.67060419358266,5360.694693895248,355.1770652173914,0.5139380421528482,0.33486200357262536,A,grading/data_processed/onion/A/Onion_Red_3_158__100.jpg
5534.0,326.5340507030487,1.098901098901099,0.6522169289023964,0.9009361009361009,146.9381279746166,49.74521597159346,96.79481755684823,42.36868051522831,72.9631588224925,41.85559627543656,6831.7793908465155,422.5089355089355,0.5086988790875977,0.3627579664405082,A,grading/data_processed/onion/A/Onion_Red_3_r2_21__100.jpg
3857.0,273.5634891986847,1.5625,0.6476542714720966,0.9161520190023753,18.505287009063444,40.867810903196286,149.58710976837864,63.34269725925463,51.299093655589125,29.76539129284213,19442.040146484374,274.37421085858585,0.5042746514084943,0.3659895803352283,A,grading/data_processed/onion/A/Onion_Red_2_r1_164__100.jpg
6035.5,364.09039974212646,0.94,0.5721430975345337,0.8961395694135115,63.93975125181716,81.02135786828987,113.0138911322888,45.5436565237111,79.49620416733968,45.65823554136138,5231.759165674513,457.4332258064517,0.444828326583198,0.32770926656811533,A,grading/data_processed/onion/A/Onion_Red_1_93__100.jpg
4519.5,293.9482641220093,0.69,0.6572921643478657,0.936198860693941,14.951529513140887,25.774968628215856,151.61848341232226,57.41997659918063,59.58961654459285,34.36908805303163,14120.415569229152,372.0233823529412,0.4333960640574052,0.30651729913869513,A,grading/data_processed/onion/A/Onion_Red_2_r0_106__100.jpg
3600.5,303.6639943122864,1.694915254237288,0.49066612815592,0.8785993167398731,28.60423365487674,47.20721366203643,79.45471596998928,53.74192864695343,48.098338692390136,27.9978032254341,14168.024838236139,280.55401472350627,0.5171976623582524,0.3527312124114235,A,grading/data_processed/onion/A/Onion_2_r1_104__100.jpg
5613.0,375.1614680290222,1.065217391304348,0.5011508289066078,0.7922371206774876,15.609734973150875,5.862943738741598,143.95288411571107,46.51384797865378,75.39615451238524,44.61491214101882,3047.8410347984336,377.34099058718067,0.4629885608110868,0.3441991389637679,A,grading/data_processed/onion/A/Onion_White_1_r_80__100.jpg
6295.5,325.8061308860779,0.9789473684210527,0.7452836390828637,0.9489749773892071,85.68256681168428,84.74251616875839,113.42433188315724,44.427527297070995,82.838875077688,47.92107841646095,4767.752680626298,343.4242562929062,0.4436359228939612,0.256718320314722,A,grading/data_processed/onion/A/Onion_Red_1_r2_173__100.jpg
6942.0,312.73506236076355,0.9387755102040817,0.8919516708332392,0.9893116716545532,149.3233008336866,45.983938265989174,105.39734350713579,39.96419669036064,91.10583580613255,52.43354626489458,2148.485900041944,367.2967032967033,0.41753486690046615,0.20063914140782016,A,grading/data_processed/onion/A/Onion_Red_3_r_76__100.jpg
6142.0,352.87719643116,0.94,0.6198298501086488,0.9041660532901517,67.05702938840349,82.59359196637293,110.29070691024623,42.211879054795325,81.12295472597299,46.89910897917833,6294.838032412857,354.32655913978493,0.4729841775661927,0.3177892092264171,A,grading/data_processed/onion/A/Onion_Red_1_143__100.jpg
6625.0,332.24978017807007,0.88,0.7541649456193393,0.9659546548079027,25.665632845960715,47.86437633610737,92.23600649830158,52.82579756836301,87.07871806232463,50.21937554957935,2178.8624307722107,514.4173563218392,0.34499133434715656,0.21417354298187716,A,grading/data_processed/onion/A/Onion_2_r2_149__100.jpg
4794.5,306.29141104221344,1.1764705882352942,0.6422195912489738,0.9105498053366252,143.321283509342,51.82012045659956,92.713850528026,44.93786172718171,63.380787977254265,37.001435364562504,8191.56621198616,399.64646464646466,0.5807563825064943,0.40702790863450566,A,grading/data_processed/onion/A/Onion_Red_3_r_54__100.jpg
5908.5,358.7766922712326,1.1111111111111112,0.5768178091829821,0.8916471742247039,35.46264225630876,9.68813799915424,49.71647699158832,33.38407392570182,78.21622958931222,45.41359681152892,3218.0403243333335,414.82278338945,0.5878725571340667,0.3130925922098855,A,grading/data_processed/onion/A/Onion_White_2_r0_134__100.jpg
6594.0,349.22034227848053,0.88,0.6794534990297596,0.9609443310988051,27.46590572190928,50.398251870745426,91.66439371479395,52.23376466113216,86.89682774977764,50.045025964564545,2203.0711780862603,529.9198850574712,0.34739958987728126,0.216241877559025,A,grading/data_processed/onion/A/Onion_2_r2_148__100.jpg
3818.5,266.3502846956253,0.63,0.6763886763300562,0.9242405905845335,51.43834223239258,74.254036331473,154.09153318077804,56.05655095682758,50.67200610221205,29.27489188984175,13556.063119173594,363.39032258064526,0.505372944284681,0.3524177124048241,A,grading/data_processed/onion/A/Onion_Red_2_r0_318__100.jpg
6922.5,327.8061298131943,1.075268817204301,0.8095406993598101,0.9714426045467303,35.59824462061155,60.703855492577986,81.8513590033975,50.74441308802412,90.79586636466591,52.07641180942453,2014.7744744941613,471.2159226675355,0.3693381247100001,0.22810200007613296,A,grading/data_processed/onion/A/Onion_2_r1_190__100.jpg
4433.5,292.977703332901,0.68,0.6490638722091171,0.9320929254704089,14.070425625274243,24.275949386151986,150.96138657305835,56.85030960013831,58.52040368582712,33.689538345861436,15031.823762089101,363.05641791044786,0.43217216821196797,0.30866581007996174,A,grading/data_processed/onion/A/Onion_Red_2_r0_102__100.jpg
6666.0,314.5340517759323,1.098901098901099,0.8467200315816393,0.9779929577464789,20.86674510957494,12.638415997106227,121.94234446242095,50.813122686245535,87.57420208854244,51.02573448274699,5832.709796353097,500.7451437451437,0.4005168209465482,0.24111938910747405,A,grading/data_processed/onion/A/Onion_White_1_69__100.jpg
6379.0,302.24978172779083,1.0449438202247192,0.8774663574526795,0.985706559530248,86.58294930875576,83.59044027998294,118.91321044546851,44.563215534639795,84.01397849462366,48.12695022155261,5512.818554435596,409.6914997557402,0.30754253944950516,0.1981253217933043,A,grading/data_processed/onion/A/Onion_Red_1_r_9__100.jpg
3712.0,306.2497806549072,1.694915254237288,0.4973547372810548,0.896943336957835,32.316514954486344,53.41891708513818,87.68686605981794,55.303162554124484,49.42808842652796,28.91848265156111,11484.431551019823,292.76716315699366,0.504305182656479,0.33443827979654206,A,grading/data_processed/onion/A/Onion_2_r1_290__100.jpg
6642.5,313.80613005161285,1.1235955056179776,0.8476539321093203,0.9795752838814334,20.046628301608383,12.440997033183443,126.14652501106684,50.64956769302789,87.24332300427918,50.66058792599834,5210.780100631233,463.06060606060606,0.3720971470761114,0.22690914780074734,A,grading/data_processed/onion/A/Onion_White_1_85__100.jpg
4839.0,296.39191603660583,1.0588235294117647,0.6922018849356698,0.9203119056675542,144.01188318227594,52.32663756414891,93.42960725075528,43.27500446710817,63.745216515609265,36.84941376524661,9544.50138124653,339.7842696629213,0.5238493977914911,0.33537288554527656,A,grading/data_processed/onion/A/Onion_Red_3_r2_114__100.jpg
6759.5,317.119836807251,0.95,0.8446516169334639,0.9735003960538633,22.148534957934437,19.99922358589797,121.84624310995068,47.95668649692652,89.48404409631564,52.995563012312125,5154.351299401662,559.7394680851062,0.4380011599133389,0.2607896651214021,A,grading/data_processed/onion/A/Onion_White_1_r2_160__100.jpg
7359.0,330.53405237197876,0.99,0.8464401406376477,0.9839550742077818,16.4676,33.22104779965064,157.54946666666666,55.73714099576925,97.23426666666667,55.65939919841852,2546.693276849301,360.70387755102047,0.3450389624913451,0.22648628680147762,A,grading/data_processed/onion/A/Onion_Red_2_r2_98__100.jpg
5967.5,432.8599525690079,1.1111111111111112,0.40022800737365033,0.8854514429853847,34.7389466840052,10.468439381196271,49.86378413524057,30.318336634213463,79.2626788036411,46.151066312954235,3238.400194950617,533.9586980920313,0.5776361954129179,0.3021685485460858,A,grading/data_processed/onion/A/Onion_White_2_r0_10__100.jpg
6214.0,334.19090592861176,0.9897959183673469,0.6991846058199306,0.9299610894941635,79.67589679043424,84.08033965173814,118.30506607929516,42.208190958941394,81.77092511013215,46.970021214077796,4880.657760173527,379.14987244897964,0.4518162851521551,0.3158165243622746,A,grading/data_processed/onion/A/Onion_Red_1_120__100.jpg
6466.5,310.6345579624176,0.9387755102040817,0.8421309088499259,0.9735772357723578,21.36869222609486,15.3233075370139,123.53295953932414,48.894142331277905,85.8516441885134,51.40589272533863,6488.336572690157,617.9129849742095,0.44118527433719257,0.25149993157852957,A,grading/data_processed/onion/A/Onion_White_1_r2_153__100.jpg
6538.5,312.63455748558044,1.1111111111111112,0.840647699364145,0.9792571514153062,36.27712829736211,9.969351939030828,49.235611510791365,28.674179603695823,86.00584532374101,50.01237672361135,4059.966357024691,418.25925925925924,0.5092035991274019,0.2483413089116251,A,grading/data_processed/onion/A/Onion_White_2_r0_30__100.jpg
6810.5,336.49242091178894,0.88,0.7558546477121614,0.9613918690005646,23.506467375682668,36.17268635104568,102.17907444668008,50.19768175908839,89.31431445817763,51.11425803883481,2573.09778913998,608.7650574712644,0.37953766379671183,0.1929579193002704,A,grading/data_processed/onion/A/Onion_2_r2_322__100.jpg
6677.5,353.1198364496231,1.0,0.6729449391357804,0.9283331016265814,71.33616398243045,83.66568955498398,114.54099560761347,41.74192134116268,87.92415812591508,50.60393203709397,4292.151968789999,425.57191919191916,0.4246959307463034,0.3038400628580301,A,grading/data_processed/onion/A/Onion_Red_1_45__100.jpg
4543.5,291.46298456192017,0.69,0.6720995133497817,0.9437117042268148,12.930347192456065,22.129680350827535,151.4457779682812,56.480686004320404,59.98842691813116,34.42230165258603,13883.119791535391,359.26235294117646,0.4292830667730491,0.3035828263249527,A,grading/data_processed/onion/A/Onion_Red_2_r0_114__100.jpg
4311.0,313.07820761203766,0.69,0.5526907666988627,0.8835827013732322,49.37553406791095,63.81849835786379,75.95525073082977,54.36350036561825,57.164605351922646,33.10450335402582,9896.926167842888,433.2889705882353,0.4573108024568636,0.3378659588385141,A,grading/data_processed/onion/A/Onion_2_r0_173__100.jpg
6859.5,318.2914116382599,1.0638297872340425,0.8508489823810113,0.9814006724372273,17.412580414581843,13.02489666857643,139.42258756254466,55.63561480015183,90.13666904932094,52.2925013374213,5467.174540866908,530.2010530840319,0.39030379816531025,0.24311243956797296,A,grading/data_processed/onion/A/Onion_White_1_137__100.jpg
7083.0,334.8771971464157,0.97,0.7936992203753425,0.9649863760217984,14.765739587657396,9.483086668856616,148.2979106129791,48.79939422832376,93.17683686176836,54.04421930005507,4192.45043395685,405.78281250000003,0.3893467381835806,0.2401453778804854,A,grading/data_processed/onion/A/Onion_White_1_r_122__100.jpg
6302.0,313.22034311294556,1.1494252873563218,0.8072133594955967,0.9696130471574737,26.884244872591673,50.96959933443556,79.13875077688004,51.61500385234954,82.6283405842138,47.310386633898574,2925.833067763245,526.5761058864507,0.4052556315355302,0.2462864356971424,A,grading/data_processed/onion/A/Onion_2_r1_157__100.jpg
7260.5,321.46298372745514,0.97,0.8829059650856194,0.9858781994704324,85.4589078129224,85.21059023872654,108.67883211678833,38.607022028643755,95.33144092998107,55.080205603428844,2925.586950324158,311.3954166666667,0.38394281058780333,0.2225363651423378,A,grading/data_processed/onion/A/Onion_Red_1_r2_157__100.jpg
6613.0,312.7350617647171,1.0,0.8496796919769808,0.9752968070201312,76.16597510373444,82.56720611220477,115.78912270302312,41.87818045076696,86.86218138707765,49.801508543560004,4005.521456563964,466.81068405399225,0.3520841659424604,0.2204891498275317,A,grading/data_processed/onion/A/Onion_Red_1_r2_25__100.jpg
6589.0,343.84775972366333,0.99,0.7003207160619959,0.9330878708489697,143.87126948775057,52.06687976934576,95.90185597624351,42.56704241250107,86.76391982182628,49.86829667227789,4525.880815998367,554.8922448979592,0.45497797832089587,0.30443346137237504,A,grading/data_processed/onion/A/Onion_Red_3_r2_11__100.jpg
5817.5,380.5756812095642,0.94,0.5047358925108435,0.8752068602377012,35.07408026755853,10.980677635953471,50.94882943143813,30.1521291665878,77.02675585284281,44.59355600646358,3075.193479221367,550.3860215053762,0.5754804140615302,0.3468214688121884,A,grading/data_processed/onion/A/Onion_White_2_r1_154__100.jpg
5475.0,316.3919153213501,1.1764705882352942,0.6872950758828328,0.9394303363074811,115.6123685617537,81.66998274275198,116.62341828551061,45.42915872493492,72.4225628230262,42.04114707433753,9492.541038062283,346.90920974450376,0.4626188007990255,0.32648061133863326,A,grading/data_processed/onion/A/Onion_Red_1_r2_119__100.jpg
6042.5,344.29141068458557,0.94,0.6405811382304156,0.9065336433875928,145.46163786141173,47.579877220955204,88.98013245033113,41.11746424551838,79.49781941528025,45.73763026493567,4434.71764617474,369.864623655914,0.50423351826995,0.327164130622972,A,grading/data_processed/onion/A/Onion_Red_3_138__100.jpg
7048.5,323.46298372745514,0.9896907216494846,0.8465593125001573,0.9821640075245593,148.03701127034924,48.433938626556454,110.67260331153471,38.88693932100348,93.18380409071935,54.19139613853861,1514.178757631582,364.65241454150834,0.4243740368325877,0.2133283858140185,A,grading/data_processed/onion/A/Onion_Red_3_r_86__100.jpg
6709.0,342.1909065246582,0.95,0.719997067037281,0.954202816100128,141.9451495258935,54.12629876748614,94.52881108679796,41.4995822390023,88.39299781181619,50.95848808096094,3553.741925495845,526.8531914893616,0.41375215033874807,0.2636060199823537,A,grading/data_processed/onion/A/Onion_Red_3_r2_2__100.jpg
3831.0,267.27921879291534,0.62,0.673894061767407,0.9297415362213324,56.06485938687611,76.8840963766337,149.45528249303268,55.838988319173104,50.78439321003294,29.5181964492559,14584.878337044745,351.09245901639343,0.504182893859783,0.3420163074012007,A,grading/data_processed/onion/A/Onion_Red_2_r0_0__100.jpg
6740.5,317.1198385953903,1.0869565217391304,0.8422774110117182,0.974765003615329,20.23650909090909,15.906122028809282,120.34007272727273,51.059712508486186,88.97061818181818,52.31486500360232,5141.72435159499,433.6549187527449,0.4206736125768119,0.24053632794533467,A,grading/data_processed/onion/A/Onion_White_1_20__100.jpg
7227.0,321.7056246995926,0.98,0.8775070420608486,0.9834660134721371,89.69065725149375,83.89402159882474,116.62533948940793,47.39747119720265,94.97514937533948,54.58606325347312,4756.2953081945025,506.32443298969076,0.34164325755574365,0.23262429152051245,A,grading/data_processed/onion/A/Onion_Red_1_r2_57__100.jpg
6694.5,321.80613052845,1.098901098901099,0.8123428892695777,0.9785850021926619,77.14312893311869,82.24115985352442,120.59300453680667,44.50464820917621,87.9146787648178,50.11550431286986,5166.981163434369,420.96947496947496,0.33875133978620553,0.23459825535716974,A,grading/data_processed/onion/A/Onion_Red_1_r_4__100.jpg
4552.0,289.07820677757263,1.4285714285714286,0.6845125474432134,0.9273708872364266,17.53293413173653,41.93352903314463,165.86911890504706,55.61794529185675,60.66830624465355,33.758832899798314,11801.203119816324,324.0430014430015,0.46216447120431114,0.31905424334096955,A,grading/data_processed/onion/A/Onion_Red_2_r1_294__100.jpg
4052.0,320.8771973848343,0.64,0.49454018752990314,0.859840848806366,39.632609214609694,58.77410739083762,72.52685605156361,48.04755201259493,53.89997612795417,31.445030568929763,12562.2794359375,473.58523809523814,0.4555887542630723,0.3228628396119906,A,grading/data_processed/onion/A/Onion_2_r0_144__100.jpg
4191.5,281.3208476305008,1.4705882352941178,0.6655420497671543,0.9237465564738292,20.359081419624218,42.11093737517871,152.0394340060311,59.87906566022982,55.64834145209928,31.543576047999657,15156.24463475346,280.6287878787879,0.4852308014124858,0.3515967001646701,A,grading/data_processed/onion/A/Onion_Red_2_r1_149__100.jpg
5034.0,313.7056235074997,1.1494252873563218,0.6428038471297036,0.905558553696708,147.99845171279273,49.20900156115299,100.29204567447262,44.713799259496504,66.54461002515967,38.19360160142041,9183.707796261066,358.88436084987814,0.5506035817567038,0.39357004533461853,A,grading/data_processed/onion/A/Onion_Red_3_r2_34__100.jpg
5096.5,317.806129693985,1.2048192771084338,0.6340994167707459,0.9098455770775685,34.36671125549398,49.75546409164675,84.05484425759603,48.76737321383379,67.42518631759985,39.12581674194061,5581.363239947742,410.09322137032984,0.49356576546200653,0.35748589195774116,A,grading/data_processed/onion/A/Onion_2_r2_100__100.jpg
5301.5,339.94826555252075,1.1529411764705881,0.5764783083400409,0.9005435705792424,120.10115659996329,79.78269695708428,116.75417661097852,43.19608278873428,70.08555167982375,40.27807267040526,9110.098020865009,341.2013341419042,0.4679147666796557,0.33066469486675665,A,grading/data_processed/onion/A/Onion_Red_1_r2_112__100.jpg
6607.0,334.53405117988586,0.95,0.7418797401098872,0.9511264665658965,144.52266666666668,51.661986930716616,95.92444444444445,42.23978371624363,87.17688888888888,50.0849601061989,4142.116824144045,525.1139361702127,0.4253034385860067,0.27412927504858003,A,grading/data_processed/onion/A/Onion_Red_3_r2_6__100.jpg
3874.5,322.9777019023895,0.58,0.46674583276729903,0.8480901827733391,35.12805181863478,52.11109826488866,76.72695565520678,51.91565143409195,51.73168908819133,30.76317930713929,14276.459101991679,462.6880701754385,0.43790866009382773,0.2819629834537959,A,grading/data_processed/onion/A/Onion_2_r0_114__100.jpg
6879.0,313.22034311294556,0.92,0.881120390347542,0.9865901756902116,149.9952944531584,44.9489702974644,102.71424497362042,40.46375846216605,90.2706402395551,51.921584093149086,2375.192112937146,392.39593406593406,0.44411527716398064,0.22357005797910334,A,grading/data_processed/onion/A/Onion_Red_3_r_71__100.jpg
3934.0,331.56348848342896,0.58,0.44968750343303393,0.849767793498218,41.24178518881805,58.417599146953506,74.19396763119175,50.013709674160275,52.55909759686121,30.937387359083427,12525.555843489894,485.8073684210528,0.42959905880787275,0.2731870202728389,A,grading/data_processed/onion/A/Onion_2_r0_121__100.jpg
4711.5,304.291410446167,1.1176470588235294,0.6394250895727261,0.8984553775743707,141.65599173553719,55.095934788464874,89.66859504132232,43.869397705586216,62.24669421487603,36.45351802878646,10172.914411663105,350.4917396745933,0.5626979347271648,0.38677052650934446,A,grading/data_processed/onion/A/Onion_Red_3_r2_118__100.jpg
4064.5,283.4629843235016,0.66,0.6356591190848925,0.9149127743387732,13.61391345923978,24.654221075483235,148.9988046856323,56.369323184054444,53.75663399474062,30.90830814923417,17787.779227180905,350.48846153846154,0.46353647226710504,0.3442856939421887,A,grading/data_processed/onion/A/Onion_Red_2_r0_74__100.jpg
7122.5,319.80612993240356,1.0526315789473684,0.8751223068562123,0.9843145384190161,75.31818181818181,82.4078740988921,122.62217630853995,43.45517089320145,93.45537190082645,53.41546002061867,3829.78308968421,465.4740031897926,0.33725803300333845,0.22253199362296597,A,grading/data_processed/onion/A/Onion_Red_1_r2_38__100.jpg
6648.0,314.04877054691315,0.93,0.8470453832334077,0.9759248385202584,21.373930993807136,16.200953981433855,121.65806546741375,48.63938471522959,88.20097316425833,52.60995713488285,5520.27987397387,564.1257608695653,0.4325527173196356,0.25559907990891434,A,grading/data_processed/onion/A/Onion_White_1_r2_158__100.jpg
3912.0,275.5634888410568,1.5384615384615385,0.6473890671243218,0.9116756000932184,19.985104270109236,43.015092575041464,149.20804369414103,63.003959577072,51.98088381330685,29.975890378527602,18661.756724639054,274.9365967365968,0.4963390076922245,0.36654831919097147,A,grading/data_processed/onion/A/Onion_Red_2_r1_160__100.jpg
6564.0,367.36247849464417,0.98,0.6112077374899626,0.9232067510548523,60.61668897813476,80.69968383960708,116.3128067826863,40.35984054406712,86.68347463929793,49.8089409797279,4580.39011077676,401.3022680412371,0.41688868490016023,0.2991682326329596,A,grading/data_processed/onion/A/Onion_Red_1_55__100.jpg
4012.5,349.806129693985,0.7,0.41206912799814227,0.7807939287799183,38.01536614645858,51.82516322206043,78.16806722689076,54.82002935929033,53.674189675870345,31.930276966047366,13114.372544,420.0621739130435,0.5299633220411567,0.38558440167213,A,grading/data_processed/onion/A/Onion_2_r0_90__100.jpg
6279.0,301.9066355228424,0.978021978021978,0.8656753084114629,0.9775044757530941,62.77281947261663,80.18952159453931,117.16586050865969,46.26529205813391,82.46263067561242,47.169747379868646,5835.855565009871,530.4853896103896,0.32500100904595974,0.19359633906136128,A,grading/data_processed/onion/A/Onion_Red_1_r_171__100.jpg
4567.0,325.2203423976898,0.71,0.5426070975149753,0.8894731716817607,47.3369449755683,59.666147893368965,75.76609305289993,54.477808574083376,60.91268323773104,36.09243000810706,9590.867803927793,518.1715714285715,0.43748682933579247,0.31722672636202537,A,grading/data_processed/onion/A/Onion_2_r0_205__100.jpg
4673.5,304.00713980197906,0.75,0.6354546239346409,0.910126582278481,42.21847690387016,53.830799867819884,83.42363712026633,52.87081255660812,62.179151061173535,37.01017942924624,9363.295171182222,566.447027027027,0.4817202411537428,0.34156746705558333,A,grading/data_processed/onion/A/Onion_2_r0_2__100.jpg
6266.0,544.7005712985992,0.9895833333333334,0.2653900235690227,0.8507807196198235,15.363076923076923,8.759444471861269,142.56553846153847,43.98431028064314,84.822,49.7986145219695,2875.6201867882423,631.3272384751774,0.3856055138500636,0.2679926607397261,A,grading/data_processed/onion/A/Onion_White_1_r_94__100.jpg
3915.0,271.42135417461395,1.5873015873015872,0.6678110556149249,0.9225874867444327,26.459439345075662,55.093810792853965,161.0280327462168,54.78082857564585,52.036219300421735,29.740216113427362,17145.69107208365,257.19913419913416,0.5229745413654138,0.34673014193224,A,grading/data_processed/onion/A/Onion_Red_2_r1_308__100.jpg
3960.5,276.00714015960693,0.64,0.6533099119147018,0.9213679190415262,55.27433194410395,76.08228024085174,152.64108850208385,55.16058385007217,52.48541309144398,30.089793224740873,14867.326555639649,336.05206349206344,0.4970759978819371,0.34026877909337955,A,grading/data_processed/onion/A/Onion_Red_2_r0_308__100.jpg
4262.5,339.46298336982727,0.72,0.4648249257844716,0.8171970858895705,39.58085733726469,58.837570493700525,71.2127466545702,53.5194473202896,56.982535722386025,33.403278432459636,10494.134578684416,508.6194366197183,0.47566082085736094,0.36860251481210543,A,grading/data_processed/onion/A/Onion_2_r0_238__100.jpg
6868.5,326.0071407556534,1.1235955056179776,0.8121150165644538,0.9686905013750793,29.477039361095265,58.327973530695495,154.56132344552196,50.714620262262564,90.17612664004564,51.302845507428735,2948.730839590961,342.3000794461468,0.34347942139847554,0.19782043360571033,A,grading/data_processed/onion/A/Onion_Red_2_r1_232__100.jpg
5572.5,294.1492760181427,1.25,0.8093276418141643,0.9708188153310104,65.84450684450684,81.06772151034093,156.3190593190593,49.9499643468508,73.35187785187786,41.34574041024596,6761.787887109374,292.4964646464647,0.4515718556705911,0.2749021116510477,A,grading/data_processed/onion/A/Onion_Red_2_r2_224__100.jpg
5162.5,341.4629839658737,1.0105263157894737,0.5563942924071003,0.8434768401274406,33.16516007532957,9.522618080454684,69.73804143126178,39.77350331605405,68.67645951035782,40.012027752490546,1845.8607317155281,296.5081440443213,0.5883899023119263,0.40495684854838554,A,grading/data_processed/onion/A/Onion_White_2_r1_113__100.jpg
3987.0,328.73506212234497,0.66,0.4636220093622875,0.8122644392380565,44.29007263922518,62.810299916013776,74.42203389830509,54.57598695653362,53.41162227602906,32.04663007720575,10756.563905968778,516.5090769230769,0.4642195238193941,0.3508264966749671,A,grading/data_processed/onion/A/Onion_2_r0_252__100.jpg
4570.0,291.5634891986847,0.69,0.6755535590511939,0.944898170164375,12.655943757988922,17.890397680868382,150.5965061780997,56.31277878676493,60.32275244993609,34.64417098598253,13239.613749716445,381.02558823529404,0.42027027763432556,0.29916015661842155,A,grading/data_processed/onion/A/Onion_Red_2_r0_117__100.jpg
5036.0,293.4213533401489,1.3333333333333333,0.7350419975617224,0.9392893779725823,23.702304861514623,48.554689793504515,162.03641293821423,61.6234954512201,66.12589579701724,37.604026203319954,9356.756854382222,336.38801346801347,0.4372283666574264,0.298195003039004,A,grading/data_processed/onion/A/Onion_Red_2_r2_298__100.jpg
4098.0,272.59292685985565,1.5384615384615385,0.6930309858455846,0.932529297986119,40.018742586002375,66.2390679345569,149.92953736654803,55.98573804281561,54.28801897983393,30.979273463588218,15966.629947715977,236.3039627039627,0.5155131065875918,0.3385054871673059,A,grading/data_processed/onion/A/Onion_Red_2_r1_22__100.jpg
7291.5,320.634557723999,0.96,0.8912634304223821,0.9894829691952776,29.958406245793512,59.324825638808335,167.76955175662943,46.34567205424427,95.57625521604523,54.73719447691082,1969.0685541558162,340.88273684210526,0.36983441207315393,0.21168609489072043,A,grading/data_processed/onion/A/Onion_Red_2_r2_260__100.jpg
4672.5,287.66399323940277,1.3513513513513513,0.7095584303811923,0.9477687626774848,30.829858215179318,50.940027462642796,87.52022518765638,48.30456405668691,61.6255212677231,35.512327489348884,7619.386150182616,352.8753753753754,0.49087350599462637,0.33919259467169616,A,grading/data_processed/onion/A/Onion_2_r1_237__100.jpg
5764.5,383.1198378801346,0.94,0.49351712474520726,0.817022181277018,18.094908968307486,16.436136682659054,139.10772083614296,49.457001230691446,76.58597437626433,44.502485313757106,2995.5154599253055,286.0839784946237,0.5018322101944412,0.3551527365749584,A,grading/data_processed/onion/A/Onion_White_1_r2_124__100.jpg
4756.5,315.94826579093933,1.1904761904761905,0.5987774181133669,0.8827131854876125,142.3963190184049,53.528124468822305,86.89141104294478,41.779059879684084,62.70940695296524,36.480653099534074,10076.891895904195,331.3605098605099,0.577523167596097,0.40585026628574805,A,grading/data_processed/onion/A/Onion_Red_3_r2_124__100.jpg
4696.0,283.07820749282837,0.7,0.736419158461476,0.9605236244630804,10.00518995225244,10.60862112010795,153.3678638156529,57.86308161958718,61.95557400871912,35.34014699734613,11754.634078346939,365.4834782608696,0.425860705426215,0.2922508597204658,A,grading/data_processed/onion/A/Onion_Red_2_r0_137__100.jpg
6602.0,314.39191567897797,1.098901098901099,0.8393491288606976,0.9781465293725461,35.80866854683094,10.227386374599607,49.454950274602936,27.071745581840617,86.95992281430904,50.651690620133685,3842.449026095882,437.3163503163503,0.5219368766394001,0.24812148809199122,A,grading/data_processed/onion/A/Onion_White_2_r0_42__100.jpg
4327.0,336.1909062862396,0.73,0.4810883446765179,0.8206733048838312,44.75324384787472,63.09656820309338,72.45011185682327,54.400742639818475,57.69038031319911,33.66492172041249,10119.20399345093,493.667638888889,0.48319461974445294,0.36947352642428266,A,grading/data_processed/onion/A/Onion_2_r0_236__100.jpg
4144.0,283.4213533401489,1.4492753623188406,0.648282765090005,0.9194586199245618,32.46647913736521,46.025441166084974,87.86732301922176,54.42991619536467,55.13009845288326,32.70949571642957,9241.68425984037,334.9426145513102,0.5253237159628484,0.370159605077391,A,grading/data_processed/onion/A/Onion_2_r2_76__100.jpg
4460.0,289.22034323215485,0.68,0.6700188920596539,0.9370732219770984,13.985814054997817,25.3512301630493,148.12047140986468,56.41994188951072,58.73024879965081,33.917134581610156,13873.95184409602,370.99208955223884,0.42854722139062795,0.305850231323913,A,grading/data_processed/onion/A/Onion_Red_2_r0_104__100.jpg
5066.0,344.87719762325287,0.9894736842105263,0.5352369505213184,0.8487894780933233,33.55378715244487,9.318675387042616,70.19597315436242,41.1167915754679,67.49856184084372,39.508936181579955,1953.1063523936955,311.61414827391064,0.5912306170126476,0.40066565607793864,A,grading/data_processed/onion/A/Onion_White_2_r1_118__100.jpg
3980.5,275.320848941803,1.5384615384615385,0.6598865738730461,0.9168490153172867,18.926775689528924,41.49087619697353,150.22113741762266,61.176313113695464,52.90724920673664,30.191200787701487,17276.02064802367,278.1005439005439,0.4881671425556868,0.3556982770319559,A,grading/data_processed/onion/A/Onion_Red_2_r1_156__100.jpg
4173.0,366.3919153213501,0.72,0.3906308013248044,0.7736373748609566,43.36132902630364,54.90492297886703,75.6243654822335,53.190492892525036,55.75749884633133,32.99319660850563,9891.909715972222,453.119014084507,0.5223115746520746,0.37810145749558505,A,grading/data_processed/onion/A/Onion_2_r0_80__100.jpg
3842.5,280.14927446842194,1.162162162162162,0.6152402444707824,0.8956876456876457,147.60716990658923,48.46457610127414,103.47992931078011,49.358368969420205,50.8530674072204,29.47626863822611,12679.120354674176,243.49523052464227,0.5452595193267159,0.36106570049746517,A,grading/data_processed/onion/A/Onion_Red_3_r_129__100.jpg
6662.0,320.048770070076,1.1111111111111112,0.8173012577298976,0.9705004006118435,27.630975143403443,52.918574371870854,80.08413001912047,49.4916768161474,87.37784968377703,50.118022648245834,2244.5619987654322,496.1650953984287,0.39401513414288764,0.22982070628950113,A,grading/data_processed/onion/A/Onion_2_r1_164__100.jpg
6137.0,331.01933205127716,0.97,0.7038162200549002,0.9273894975443899,67.1918113748606,82.25102825335539,118.07790345706547,43.57170016004225,80.60012744941851,46.136263118696526,4835.523480444255,404.90916666666664,0.4621307520077902,0.3393585017475374,A,grading/data_processed/onion/A/Onion_Red_1_20__100.jpg
3527.0,290.24978029727936,1.7241379310344827,0.5261039037719136,0.8847359839458171,32.60624315443592,53.53484032480595,88.02738225629791,55.75107811808885,46.947152245345016,27.316854044552546,11822.919792984541,246.317311041449,0.5192410161604293,0.35858014922234277,A,grading/data_processed/onion/A/Onion_2_r1_276__100.jpg
3754.0,264.73506247997284,1.6129032258064515,0.673102499061382,0.9225854018186287,28.056662354463132,56.445640866400055,154.42639068564037,57.59015050757521,49.74359637774903,29.448659049194365,22930.79412060354,283.8566308243728,0.5319540702157787,0.36268285184576105,A,grading/data_processed/onion/A/Onion_Red_2_r1_316__100.jpg
7493.5,326.6345567703247,0.99,0.8826129929144596,0.9858571240626234,15.895467644747184,30.93337678320102,157.96423893109773,53.97970105917658,98.34870317002881,56.457991589085,2784.474438067544,458.43316326530623,0.3419966888183615,0.21299956590812866,A,grading/data_processed/onion/A/Onion_Red_2_r2_74__100.jpg
6748.0,320.73506104946136,1.1235955056179776,0.8243128374153006,0.9769091567137169,20.796137650646145,10.54083981896517,122.90097284739365,52.193386788315486,88.76448381007695,51.850507200571926,5137.826220161595,529.6988991033936,0.39622680353323486,0.21434782375630654,A,grading/data_processed/onion/A/Onion_White_1_44__100.jpg
4169.5,274.69343161582947,1.5625,0.6943801423452259,0.9328783980310996,62.70179529027745,79.33134763566608,153.78200046630917,59.84370170549137,55.37141524830963,31.49216460784984,12392.24743125,233.59327651515153,0.5127096484024698,0.3174737584414942,A,grading/data_processed/onion/A/Onion_Red_2_r2_200__100.jpg
4933.0,332.3919163942337,0.76,0.5610739077046946,0.8950376485530255,43.05692337994879,53.33454855122865,76.74433720701201,49.08557995864837,66.21095134922199,40.39930464083345,7408.822401038781,558.9556,0.4605274299058736,0.31505491584801537,A,grading/data_processed/onion/A/Onion_2_r0_33__100.jpg
6324.0,312.39191579818726,1.1363636363636365,0.8143332208601559,0.9723994772045822,12.209972127593682,20.60767474904055,163.06302260761845,56.425321182222866,83.11644471972747,47.412928840564454,4987.308472675621,507.12936179981637,0.38989884800917285,0.2511386612511051,A,grading/data_processed/onion/A/Onion_Red_2_r2_62__100.jpg
7343.0,331.9066354036331,1.075268817204301,0.8376286484536749,0.9740018570102136,28.418002136752136,56.951346631911726,153.90705128205127,51.77576017119476,96.56209935897436,55.08821490525326,2366.1270945080355,334.55664168567387,0.3178549132402323,0.18069263928591692,A,grading/data_processed/onion/A/Onion_Red_2_r1_236__100.jpg
5415.0,338.04877042770386,0.9895833333333334,0.5954559013031445,0.8452353078904238,33.71084337349398,8.711907203674752,63.46106815320985,37.18882599951627,71.74860636576156,41.618454625991696,2269.494281894429,351.60039893617017,0.6005351299669853,0.37392306908578715,A,grading/data_processed/onion/A/Onion_White_2_r1_132__100.jpg
7042.5,318.9777032136917,0.93,0.8697933170200787,0.9842767295597484,18.40598885793872,9.50869373850526,136.9200557103064,48.54564246956052,92.88119777158775,53.94579408444168,3732.3072400971205,290.8184782608696,0.401180900763634,0.21510534522952657,A,grading/data_processed/onion/A/Onion_White_1_r_59__100.jpg
6971.0,330.0487697124481,1.0638297872340425,0.8041715606756443,0.969406202197191,32.975959510754954,56.54273074892032,84.82623365668495,51.41251425823657,91.44510052017434,52.614573836283625,2014.023480749208,431.33816892327525,0.36743255489554477,0.23198734619323397,A,grading/data_processed/onion/A/Onion_2_r1_198__100.jpg
7018.5,339.60511910915375,0.9696969696969697,0.7647257466234118,0.9644771196921809,14.691609660756667,7.515146098168169,148.614965796454,48.663422892163744,92.35976546139885,53.34475320982274,4014.577192101554,439.1362041467306,0.38581724226251435,0.23175920009227516,A,grading/data_processed/onion/A/Onion_White_1_r_125__100.jpg
5806.5,370.77669274806976,1.098901098901099,0.5307615354217362,0.8819106925880923,35.16540975364505,11.013343679070486,47.51701022289257,29.42922196827804,77.00301659125189,44.477066859267886,3300.6817935515032,407.042846042846,0.5967063387970795,0.3322467979232593,A,grading/data_processed/onion/A/Onion_White_2_r0_122__100.jpg
5923.5,405.06096255779266,0.95,0.4536777454041574,0.8202021600664636,17.986714777759556,11.259810104299191,144.37067410201738,48.8161780060716,79.56158766606528,46.828308299900364,3487.312681041551,416.98085106382973,0.5007390549854117,0.34247107347951694,A,grading/data_processed/onion/A/Onion_White_1_r_61__100.jpg
3821.5,264.3502856492996,0.62,0.6872015966821089,0.9284499514091351,52.7722998729352,75.33017535561079,151.04675984752222,56.7885652452545,50.65235069885642,29.340850246773066,13958.968917689908,354.54311475409844,0.5138305973519546,0.34399781019033904,A,grading/data_processed/onion/A/Onion_Red_2_r0_1__100.jpg
4386.0,338.1909062862396,0.75,0.4818974633879105,0.82606648460307,46.39823399558499,63.07200339909463,71.6456953642384,53.833846950562666,58.3046357615894,34.020723468333685,9941.687416248888,518.1360810810809,0.4898915138872246,0.3763741562308062,A,grading/data_processed/onion/A/Onion_2_r0_232__100.jpg
4762.0,283.90663480758667,1.36986301369863,0.7424174500643334,0.9454978655812568,47.59492115502765,70.71082981272833,152.40180217079663,61.0808873807806,62.98914601679296,35.977005947412714,11722.337006924377,330.12674692126745,0.4898644147170345,0.31882204920818585,A,grading/data_processed/onion/A/Onion_Red_2_r2_154__100.jpg
6081.5,319.46298253536224,0.94,0.748823544779579,0.9356873605661974,144.35734963010614,50.91095533349445,96.98359601157928,40.06721260205772,80.05918301704729,45.76736492269154,4645.529637562246,381.95430107526875,0.48150233088445166,0.32411384744012334,A,grading/data_processed/onion/A/Onion_Red_3_38__100.jpg
7143.0,327.7056258916855,0.96,0.8358391701462877,0.9779572836801752,31.495949471371688,56.40461678862793,160.08636550871893,51.49218486097514,95.97253878896059,51.71333401526448,2351.623945301649,473.45905263157897,0.3862557428371801,0.22572223265728497,A,grading/data_processed/onion/A/Onion_Red_2_r2_129__100.jpg
6681.5,366.43354618549347,1.0309278350515463,0.6253071372243948,0.9197467134696125,88.0536628162012,85.72556868033114,126.00511770726715,36.48063184234824,88.7553735926305,51.65669421879183,2072.245521309385,365.1905654482975,0.4437878853123731,0.27873178728036446,A,grading/data_processed/onion/A/Onion_Red_1_r_83__100.jpg
6158.0,326.53405237197876,1.0,0.7257592712550508,0.928038580363198,146.59171033825632,48.529704017551104,97.84976973161822,42.17565354904841,81.0381133873273,46.66255940452235,4541.3964463600005,402.1128282828283,0.5069855713375765,0.35735651413693637,A,grading/data_processed/onion/A/Onion_Red_3_199__100.jpg
5620.5,326.4924212694168,1.1123595505617978,0.6625804338238006,0.9124928971507428,27.854763144195733,51.17736056483818,78.79906298802707,54.258178251356995,73.96789866389034,42.31931421452712,4683.079983245941,448.06718642513175,0.47236543184084245,0.3331886793390146,A,grading/data_processed/onion/A/Onion_2_r2_282__100.jpg
6766.5,325.3208485841751,0.87,0.803433909042216,0.9707338067570476,26.370295309785757,48.52512464845314,94.44918934568616,52.66088367091082,88.90706427330632,51.0828294297152,2149.702779376404,582.4686046511628,0.35022798502002245,0.19006889033171834,A,grading/data_processed/onion/A/Onion_2_r2_169__100.jpg
3697.5,300.9777021408081,1.3888888888888888,0.5129197268540472,0.8271812080536913,137.93805541035024,57.310533136117854,94.21040250914794,51.691674142313765,49.38369053842133,29.6267455490283,16748.468980246915,286.05625701459036,0.6136768215507773,0.45644458451269676,A,grading/data_processed/onion/A/Onion_Red_3_r_141__100.jpg
5440.5,322.7766926288605,1.1363636363636365,0.656212266291618,0.9240764331210191,85.33817464586696,85.77707554266965,113.05809575040344,46.07822316049403,72.47480724403802,42.13962530108687,8879.39602680785,367.80785123966945,0.4823096863973379,0.3511141064419551,A,grading/data_processed/onion/A/Onion_Red_1_r_125__100.jpg
6169.5,322.77669286727905,1.0,0.7441414522388192,0.9333585476550681,148.38518870916587,46.17498223668753,98.53996194100856,41.80431515851357,81.02981287662544,46.630479142153554,4078.5779132400007,413.3655555555556,0.502567491746152,0.3560439210934189,A,grading/data_processed/onion/A/Onion_Red_3_195__100.jpg
6684.5,315.1198378801346,1.098901098901099,0.8459161235829606,0.9770518161221954,19.578615429744794,9.499504874544321,124.71061894983866,49.691683689181325,87.8305954825462,51.062827384871134,5244.572916121242,479.8873348873349,0.38146573319862187,0.23909166247610764,A,grading/data_processed/onion/A/Onion_White_1_82__100.jpg
4691.0,303.2203434705734,1.1904761904761905,0.6411484936721518,0.897198049153677,143.24792531120332,52.94015788862433,90.19273858921161,43.91996196839324,61.88360995850623,35.73846825354002,9570.76661899093,344.06782106782106,0.579611814568922,0.41365792300725635,A,grading/data_processed/onion/A/Onion_Red_3_r_47__100.jpg
3615.0,311.56348979473114,1.639344262295082,0.46797757892708464,0.8483923961511383,30.45025340090691,48.82967488296004,81.90877567351293,50.48266580606903,48.3174179781275,28.44658845861119,13066.813106691749,297.5578738201689,0.5294336746390497,0.37089156588816574,A,grading/data_processed/onion/A/Onion_2_r1_86__100.jpg
4863.5,308.14927554130554,1.25,0.6436303016066238,0.9090654205607477,35.31585268214572,58.33424572472726,75.56104883907126,52.20376483042956,64.44415532425941,38.11608259605218,7000.8830149375,388.8848484848486,0.5117790036697843,0.36424641719731093,A,grading/data_processed/onion/A/Onion_2_r2_268__100.jpg
6119.5,334.77669274806976,0.96,0.6861441640238282,0.9232103794221921,146.54120089428298,48.51201563692887,92.7666879591185,39.33810426290374,80.49952091983391,46.32622767481211,4420.543262489149,331.7434736842105,0.5039614265224268,0.3336288514596959,A,grading/data_processed/onion/A/Onion_Red_3_122__100.jpg
4434.0,293.563489317894,0.68,0.6465490390587723,0.9298521547656495,14.050888352708927,23.95221807227361,150.415441982891,56.906813520596074,58.45426628646633,33.62458774097197,15907.051669204151,364.9435820895522,0.43327956393098443,0.3088484926322337,A,grading/data_processed/onion/A/Onion_Red_2_r0_101__100.jpg
6093.5,335.94826447963715,0.95,0.6784719162790386,0.9196347721098702,145.4345037678371,49.59454735099691,91.88407888407889,40.24095533130564,80.19159852493186,46.25916362861363,4772.31071834903,338.6812765957447,0.5139651649158035,0.3300911348567247,A,grading/data_processed/onion/A/Onion_Red_3_125__100.jpg
7099.0,321.2203435897827,1.0526315789473684,0.864571580381008,0.9828326180257511,75.02127953571922,82.4776149053426,123.53516650545806,43.36599689101233,93.12574271106813,53.19365780465556,3911.2969429806094,482.8604997341839,0.3388172914963957,0.2239212235203409,A,grading/data_processed/onion/A/Onion_Red_1_r2_37__100.jpg
6709.0,318.6761884689331,0.94,0.8301726617618336,0.9742956723787395,20.006284712072492,11.550890978473305,129.17582578193512,50.803309409358896,88.3674364220988,51.326098157427545,5129.291539655952,434.39032258064515,0.42957996633817525,0.25736449635990594,A,grading/data_processed/onion/A/Onion_White_1_r_41__100.jpg
5745.0,346.67618703842163,0.93,0.6006920365585103,0.8810674028065333,34.66853360488798,9.812340053918339,52.80668703326545,29.33223441284663,75.94263408010862,44.12868958074658,3072.5356912822294,451.32717391304357,0.5852862719780878,0.3499678624186769,A,grading/data_processed/onion/A/Onion_White_2_r1_144__100.jpg
5198.5,337.605117559433,1.1411764705882352,0.5731520761246574,0.9014218831281429,117.25683264694871,81.10695642134704,118.37813552976414,42.587158555111216,69.05821789591913,40.07649203954717,9622.24038099427,388.79362745098047,0.47401064110932456,0.33620075569952196,A,grading/data_processed/onion/A/Onion_Red_1_r2_111__100.jpg
6105.0,323.7056231498718,0.98,0.7321415341701164,0.9309240622140896,148.11116450424475,46.982830150831724,99.22184847028672,42.62497288315691,80.27695018420631,46.23093899314223,4493.629789244065,400.2782474226804,0.503728862825739,0.34999943063585776,A,grading/data_processed/onion/A/Onion_Red_3_198__100.jpg
3849.0,331.7644990682602,0.59,0.43943834598656656,0.8224358974358974,34.30955955955956,50.24114540292275,76.61886886886887,51.540440931109636,51.4502002002002,30.49506060300811,13527.489728555012,468.0765517241379,0.4489619524460818,0.29734419475513196,A,grading/data_processed/onion/A/Onion_2_r0_104__100.jpg
3828.5,272.14927661418915,0.63,0.6495672895565308,0.9186562687462507,22.44762870910474,45.05959346305353,150.28734466142532,56.82197068608145,50.685011412629976,29.346145274963067,16491.74486417234,317.2933870967742,0.4814895994460105,0.35357621814757595,A,grading/data_processed/onion/A/Onion_Red_2_r0_54__100.jpg
6739.5,315.8061294555664,0.93,0.849173498106926,0.9756786102062975,17.096,14.584458178610419,144.90443636363636,55.801680280586936,88.48945454545455,51.152622945924705,4447.322452757545,581.3366304347826,0.39113999808114713,0.24578402819562553,A,grading/data_processed/onion/A/Onion_White_1_r2_48__100.jpg
6272.0,328.0487701892853,0.95,0.7323844010103063,0.9351423885492769,146.05332917511305,48.79191994542116,100.7168251988149,42.76811258413448,82.51255262747544,47.176320483186885,4148.047446548476,398.09106382978723,0.47252251229564807,0.311677428038888,A,grading/data_processed/onion/A/Onion_Red_3_61__100.jpg
5882.5,304.2914103269577,1.1764705882352942,0.7983483163236145,0.9668008875010272,12.066544668108468,21.163272655429434,158.02628514390284,56.43132464706039,77.22675095657961,44.14560898460039,7033.372015764707,477.05668449197856,0.4137826201422563,0.2776097241714434,A,grading/data_processed/onion/A/Onion_Red_2_r2_58__100.jpg
4087.0,282.3919167518616,0.65,0.644035755738833,0.918736652804316,14.536852116024727,25.17592776882211,149.03471231573943,57.436613394685814,54.07631954350927,31.06440513111286,17632.502636686393,345.77359375,0.4541503275145125,0.33187470574374905,A,grading/data_processed/onion/A/Onion_Red_2_r0_77__100.jpg
7130.5,319.46298336982727,1.075268817204301,0.8779883676981641,0.9871936868337255,71.28760148617036,81.37856272396932,124.90064675932297,44.51084270841146,93.59446814366314,53.48812725719311,4235.4549376344075,485.3061800803735,0.3191985896760211,0.20401010739852504,A,grading/data_processed/onion/A/Onion_Red_1_r_197__100.jpg
4168.0,271.2792181968689,1.5625,0.7117123860097151,0.9378937893789379,62.53359776014933,78.99525769141283,154.78838077461504,60.055226297446914,55.27134857676155,31.38154784165761,13772.739682714846,234.5595012626262,0.520049170823625,0.3179906209778956,A,grading/data_processed/onion/A/Onion_Red_2_r2_201__100.jpg
4722.0,305.56348943710327,1.2820512820512822,0.6355254180500257,0.9074661285673105,36.52091489800124,59.191940224852786,77.09725942715846,53.15746486810168,62.7791057078096,37.11935516940749,7081.187999737016,400.21794871794884,0.5084706911180704,0.3654287031241739,A,grading/data_processed/onion/A/Onion_2_r2_265__100.jpg
4367.5,278.3502861261368,1.492537313432836,0.7083688147364963,0.9280705482362941,20.3048128342246,44.17642834992862,154.10472370766487,64.85445926671088,57.77517825311943,33.10474704523523,12707.455661817778,287.3242876526459,0.4456736156339832,0.3160454591276256,A,grading/data_processed/onion/A/Onion_Red_2_r2_312__100.jpg
3855.0,307.4213538169861,0.57,0.5125853443806743,0.8566666666666667,45.894710453747805,64.4955078945718,82.64853346703434,53.345864031861005,51.33767861619454,30.228958948557242,11772.760928162514,501.22232142857143,0.4158958218838425,0.27615475318031674,A,grading/data_processed/onion/A/Onion_2_r0_278__100.jpg
6075.0,336.19090616703033,0.96,0.6754360286532223,0.920733555622916,145.4440334512705,49.65143057678323,92.21775490511419,39.759936501919285,79.86796397555484,45.91097255384741,4073.986324826389,339.58431578947375,0.5068162803981785,0.33752200297621315,A,grading/data_processed/onion/A/Onion_Red_3_123__100.jpg
6834.5,321.46298360824585,0.95,0.8311026544801392,0.9730210706150342,17.50760183591509,15.348105507555953,145.93875502008032,55.56276119395503,89.77581755593803,51.67680383244847,4248.75638466482,598.505744680851,0.39846461125753146,0.25054946408247314,A,grading/data_processed/onion/A/Onion_White_1_r2_51__100.jpg
4337.5,272.9777010679245,1.492537313432836,0.7314674549637784,0.9489170859768103,15.222596585804133,30.85197248759702,151.19362084456424,64.98382392338371,57.23158131176999,32.850912373491035,12380.012347872578,300.23850444745966,0.44462624948678325,0.3215777474899793,A,grading/data_processed/onion/A/Onion_Red_2_r2_29__100.jpg
4360.5,282.4924204349518,1.4705882352941178,0.6866454638860003,0.9222715736040609,17.198393215800046,42.40330014892156,163.79959830395,55.73370556506733,57.78888640928364,32.49175916169855,12659.83306122405,296.0490196078431,0.4875491782779316,0.3284838895985586,A,grading/data_processed/onion/A/Onion_Red_2_r1_298__100.jpg
6979.5,315.8061294555664,1.075268817204301,0.8794133734011854,0.9849703640982218,75.043851018974,82.17810758294735,122.2820801124385,43.993158711124565,91.52297962052003,52.1912061057812,4603.297466481674,438.47930922124476,0.3323835846760922,0.219920604250933,A,grading/data_processed/onion/A/Onion_Red_1_r_0__100.jpg
6053.5,298.6345579624176,1.1764705882352942,0.8529749658383805,0.9811978280249615,57.41699029126214,77.75674500760958,160.64466019417475,50.766550657507054,79.45404530744337,44.743168466394856,4838.863016346021,300.5516339869281,0.4324617992788824,0.2599353461810351,A,grading/data_processed/onion/A/Onion_Red_2_r2_229__100.jpg
5599.0,314.8771982192993,1.0674157303370786,0.7096397050186518,0.9396660233280189,138.9452293738008,56.90172076724046,85.42037327751613,40.69941656038027,73.83568812140241,42.727784461769176,7355.587206853273,399.47059526655505,0.46247202505727264,0.31082571775431034,A,grading/data_processed/onion/A/Onion_Red_3_r2_148__100.jpg
6901.5,326.977702498436,1.075268817204301,0.8111797124579111,0.9734132581100141,31.041317620332244,55.148694713012894,82.85929291495101,51.95241813159529,90.46059917648729,51.88923180890724,2128.306596415771,458.38698816118165,0.3724473687611122,0.22993538782185752,A,grading/data_processed/onion/A/Onion_2_r1_193__100.jpg
4424.5,288.1492751836777,0.68,0.6696363191186919,0.9377914370495973,33.49505168242798,59.03244614962507,150.96459203870683,55.32196046132918,58.64987904112602,32.95599096582525,13130.566307179932,355.23671641791043,0.47095016623681796,0.31040908197620853,A,grading/data_processed/onion/A/Onion_Red_2_r0_230__100.jpg
6400.0,309.56348836421967,1.0217391304347827,0.8392481143727867,0.9737542791936097,78.37318230521966,82.90040773829014,115.4899739782642,42.72342178373594,83.87769784172662,47.956826725072546,4373.870290348022,447.9872604020571,0.36100481560168196,0.2273748671728203,A,grading/data_processed/onion/A/Onion_Red_1_r2_24__100.jpg
6745.5,330.8355666399002,0.87,0.7744611304738318,0.9639871382636656,25.17022202873313,39.48690899084773,101.9973878972573,49.83216637123713,88.45798868088812,50.666136683509215,2468.7192558462148,544.6408139534884,0.37485545858329833,0.19329579386641282,A,grading/data_processed/onion/A/Onion_2_r2_320__100.jpg
5028.0,310.53405129909515,1.130952380952381,0.6552192896092165,0.9200365965233303,77.94940880015507,84.92347192430786,111.19906958712929,45.74603650258334,66.90366350067842,39.048225710543235,10604.582294960459,356.4775835866263,0.47429726820144663,0.3377702668160539,A,grading/data_processed/onion/A/Onion_Red_1_r_129__100.jpg
5709.0,385.70562493801117,1.0526315789473684,0.4822341499031289,0.8306416412047141,36.014971078598165,11.41841396008714,52.82936372915958,31.368811844781607,75.8724055801293,44.04030969329219,2556.9249136731305,372.97862838915466,0.597753814427761,0.3684157362721152,A,grading/data_processed/onion/A/Onion_White_2_r0_82__100.jpg
5050.0,325.9066345691681,1.0777777777777777,0.597468260313526,0.8713657147787076,33.41217257318952,15.13403107280336,63.95974576271186,45.59098445326285,67.13983050847457,39.319687733026775,1750.380999030348,275.5620370370371,0.6008596603318543,0.3942315673553008,A,grading/data_processed/onion/A/Onion_White_2_r1_205__100.jpg
6137.5,357.4629831314087,0.94,0.603586084157077,0.8989381179055291,63.134117273160655,81.58765334276346,111.25997139679008,42.717142699831534,81.08183696170347,46.73779240094024,6152.888765550023,377.22483870967744,0.47499600457218116,0.31725858839264093,A,grading/data_processed/onion/A/Onion_Red_1_145__100.jpg
7185.5,321.46298336982727,1.0416666666666667,0.8737856657583362,0.9835740195742934,78.09845691656425,82.89614338158964,119.9883927352178,45.45932302203913,94.22012836269289,53.8706366592289,3841.2332854166675,470.80260942760947,0.32957873696750495,0.22344873231542411,A,grading/data_processed/onion/A/Onion_Red_1_r2_45__100.jpg
5998.5,342.634556889534,1.1627906976744187,0.6420815677209214,0.9194512568976089,26.08557019684399,43.120223408996864,104.25052871319343,52.40527051461268,79.00455506751261,44.99854827016548,3916.4063095727415,480.95372327930465,0.4428296866088235,0.27168622351380156,A,grading/data_processed/onion/A/Onion_2_r1_42__100.jpg
4506.0,274.7350642681122,0.7,0.750192759124609,0.9518377693282636,23.87689311986153,46.80353570623868,151.81826049329294,51.489386593816725,59.66983989614885,33.62141973392269,12245.997989204081,352.34724637681154,0.4784895208452535,0.32048954362668225,A,grading/data_processed/onion/A/Onion_Red_2_r0_206__100.jpg
7187.0,327.9066352844238,0.9693877551020408,0.8399570879326236,0.9777566151962451,14.73369713506139,8.984526464935827,145.46889495225102,46.71555009277492,94.79195088676671,55.05879992822636,3427.2919577715193,435.29396439426836,0.3457229928880353,0.2010677172298363,A,grading/data_processed/onion/A/Onion_White_1_r_107__100.jpg
6761.0,316.39191567897797,0.91,0.8487309584546074,0.9749098774333093,20.42917210381325,39.25001863280427,90.90880092793968,49.68712554082522,88.56778309409889,50.847494294257636,2245.2190775993236,541.2051111111113,0.37708257373107734,0.22720058305002566,A,grading/data_processed/onion/A/Onion_2_r2_300__100.jpg
5798.0,368.5340509414673,1.1235955056179776,0.5364544264084725,0.8816239641146506,34.631587781134606,10.98948454618016,52.379321920107415,32.32341895022638,76.7428667338033,44.54755968802871,3213.173576619114,426.0301895358074,0.601468089662947,0.3187970479173769,A,grading/data_processed/onion/A/Onion_White_2_r0_180__100.jpg
6221.5,307.8061306476593,1.1235955056179776,0.8251833156889486,0.9675738724727838,97.65465134582087,85.55614148424404,120.16307256414292,44.72951933940558,81.72107665669762,46.9254992387192,4748.04450897614,374.07433889456365,0.4134501963104279,0.27455959371449185,A,grading/data_processed/onion/A/Onion_Red_1_r2_134__100.jpg
6376.5,326.29141116142273,0.98,0.7526289918914818,0.9373759647188533,145.8037139349294,49.70702988357844,99.88090853284224,42.93826779416618,83.84300184162062,48.09751705176157,4218.891285620575,394.28422680412376,0.47967261938599,0.32036425423847137,A,grading/data_processed/onion/A/Onion_Red_3_66__100.jpg
3735.0,263.07820761203766,0.63,0.6781577380554651,0.9282962594755809,46.023920956838275,69.7363353931764,157.96047841913676,58.05734875394266,49.574622984919394,28.604590375261157,17359.743555152432,340.80709677419355,0.51740196085351,0.36674761230883995,A,grading/data_processed/onion/A/Onion_Red_2_r0_14__100.jpg
5127.0,299.2203439474106,1.0470588235294118,0.7195996539644957,0.9496203000555659,56.26456033498287,77.58666981211407,116.56090597639893,48.65387414166204,67.61267605633803,38.88901760263396,10553.775117590707,388.2390374331551,0.42184795316703955,0.2897707766589295,A,grading/data_processed/onion/A/Onion_Red_1_r_161__100.jpg
6321.5,329.11983811855316,1.0,0.7333678799689483,0.9363797955858392,147.66774992262458,46.073313093039566,93.14345403899722,42.57220279666492,83.18492726709997,48.16271555781914,4316.16012864,346.0127272727273,0.5028024804107935,0.3407225153494776,A,grading/data_processed/onion/A/Onion_Red_3_102__100.jpg
6898.5,328.97770297527313,1.0,0.8009983193571347,0.9705261676983681,83.53969606589973,85.49608541537756,117.84292003976708,38.052580754564566,90.72546513279364,52.437092553713065,3044.0709394924843,371.12239641657334,0.4158703318092112,0.2046915925582048,A,grading/data_processed/onion/A/Onion_Red_1_r_73__100.jpg
6812.0,318.73506128787994,0.91,0.8426065390530203,0.9805671512883259,17.435107913669064,16.59427063157981,144.49539568345324,55.84612383277456,89.48345323741007,51.585695408794834,3644.3090396811976,556.5101111111111,0.36743551724474127,0.22106737423377806,A,grading/data_processed/onion/A/Onion_White_1_r2_42__100.jpg
5505.5,367.0609632730484,0.9587628865979382,0.5134879198986804,0.8845597686375322,34.88321554770318,11.690908894991527,54.442049469964665,36.36598416487922,73.00123674911661,42.25171289174815,2928.06306279571,427.5475123263111,0.5655672123247371,0.3555559267586656,A,grading/data_processed/onion/A/Onion_White_2_r1_169__100.jpg
7371.0,321.70562398433685,1.0204081632653061,0.8949916197304407,0.9889313745220366,26.240543420351624,50.74938630420614,146.61081513052744,54.87915818813055,96.99587107085775,55.21882761114615,2937.678649521033,376.35765821480106,0.35457604707070184,0.22028181670735375,A,grading/data_processed/onion/A/Onion_Red_2_r1_88__100.jpg
6101.5,335.46298480033875,0.94,0.6813296140439965,0.9217463554649142,144.0878962536023,51.22690469355252,95.31043868075568,39.75226087331629,80.18379763048351,45.923698360833555,4829.5889315980085,394.4522580645161,0.4739274276590211,0.3212114580556211,A,grading/data_processed/onion/A/Onion_Red_3_40__100.jpg
6855.0,324.39191567897797,1.098901098901099,0.8186104386174465,0.9765652824275233,30.455754110078626,55.91426738752389,80.95625446747677,50.82462891212614,89.91379556826304,51.628572607306,2119.4672490158196,461.98390498390495,0.36420212779339056,0.21871621971523217,A,grading/data_processed/onion/A/Onion_2_r1_186__100.jpg
4095.5,324.2914102077484,0.65,0.4893796474185801,0.8642118590419919,42.90103920642419,60.1707763593523,72.9950401511573,49.106179233228694,54.41521020311762,32.018203300233516,11850.557268639053,493.9823437499999,0.4596358116969885,0.32609575271905367,A,grading/data_processed/onion/A/Onion_2_r0_148__100.jpg
6631.5,414.03152537345886,0.94,0.48613267941005384,0.9390399320305862,21.5968855589834,17.684650314927133,124.55472307918319,47.13285170302786,88.85603055677979,52.94311056004199,4543.898834721594,605.857634408602,0.43153433070757763,0.2573476602669699,A,grading/data_processed/onion/A/Onion_White_1_r2_163__100.jpg
3740.0,314.2497818470001,1.5873015873015872,0.4759173048461435,0.874240299205236,33.228785143151924,54.47434000284826,74.59169460923394,51.43702975548005,49.86664947124065,29.407773488428536,11176.499613882592,313.1378868045535,0.5257980656572474,0.3708340408427269,A,grading/data_processed/onion/A/Onion_2_r1_118__100.jpg
6158.5,330.29141080379486,0.94,0.7093984736071942,0.930638458632414,145.95888888888888,49.22448795709768,98.44825396825397,41.12764514732239,81.01492063492063,46.27833082943662,4488.73118044364,404.8838709677419,0.48166867462873864,0.3169491592806901,A,grading/data_processed/onion/A/Onion_Red_3_55__100.jpg
4030.0,278.7350615262985,1.5151515151515151,0.6518260423329187,0.9288924743574968,35.97589199614272,56.15974509763115,85.97950819672131,54.6970248464063,53.40549662487946,30.968962729251622,11126.29074710744,329.14432200795835,0.5016847059123545,0.3585411603424778,A,grading/data_processed/onion/A/Onion_2_r2_234__100.jpg
7026.5,317.32084834575653,0.9591836734693877,0.876903293559145,0.9866601137400829,147.69025683975434,48.92640481018821,115.34184812953657,41.30868972412458,92.71970965940815,53.521194965921126,1800.5664665714773,380.52721088435374,0.38484556081931215,0.20916411235048213,A,grading/data_processed/onion/A/Onion_Red_3_r2_64__100.jpg
3871.5,328.00714004039764,0.57,0.45219164378668225,0.8374432186891628,34.62151394422311,52.58969927106634,77.09287848605578,53.042868563637356,51.75946215139442,30.43630129243868,12708.791921945214,447.80250000000007,0.4369772558051147,0.27413450887125035,A,grading/data_processed/onion/A/Onion_2_r0_109__100.jpg
6600.0,326.3919153213501,1.101123595505618,0.778529393287634,0.9616785662246831,15.234831627354993,10.463287387818404,147.7504821243139,51.631432508356845,87.04821243139,50.43986511406542,4994.530504033453,563.5739603845709,0.3740866322507204,0.21185568269071067,A,grading/data_processed/onion/A/Onion_White_1_186__100.jpg
6404.5,309.4629839658737,1.098901098901099,0.8403838083673152,0.974290712710124,27.016982864137088,46.101431320992496,164.57083843329252,53.532716294454026,85.05615055079559,46.644457167463685,4535.59921191885,446.25108225108227,0.39609072025866515,0.2667018310167034,A,grading/data_processed/onion/A/Onion_Red_2_r1_124__100.jpg
5209.5,322.14927542209625,0.9893617021276596,0.6307998605546675,0.8818451121455777,32.605720695457094,9.079275962308994,68.18115535614133,39.02456062674702,69.18844643858665,40.42536044899628,2016.529412700678,298.4153561517114,0.5799890926564499,0.3734374013080602,A,grading/data_processed/onion/A/Onion_White_2_r1_121__100.jpg
6308.0,385.78888511657715,1.0526315789473684,0.5326011826213602,0.9028841336863952,30.108655332302938,52.906967742914375,98.62071097372488,51.789237041821224,83.45394126738795,47.77773723553056,2187.2358946371196,622.7424774056353,0.43457406193232184,0.303120051624642,A,grading/data_processed/onion/A/Onion_2_r2_177__100.jpg
5809.5,346.97770261764526,1.1235955056179776,0.6063808615016552,0.8871497289455601,34.393222613655425,12.381349556560279,52.19661130682771,31.95767513065478,76.93491024995807,45.00478966695802,3190.074547292009,379.051186017478,0.596111209398433,0.3185670806219639,A,grading/data_processed/onion/A/Onion_White_2_r0_200__100.jpg
7238.0,328.87719774246216,1.0,0.8409320719872206,0.9792991476119605,86.03401544924786,84.07060873636485,115.14690337444098,39.433903722628706,95.18010570538013,55.03438494393917,3204.401975,380.7717171717172,0.3916455276811785,0.2462061071526565,A,grading/data_processed/onion/A/Onion_Red_1_r_108__100.jpg
6067.0,314.24978041648865,1.1627906976744187,0.7720294959329431,0.9591336653228993,28.254835589941973,50.15494384560151,92.93085106382979,51.95279334314116,79.74484203739523,45.59034837989918,3530.897241265549,490.3706835799859,0.41495536960356705,0.26693168607679313,A,grading/data_processed/onion/A/Onion_2_r2_186__100.jpg
6692.5,314.9777030944824,0.91,0.8476930461292382,0.9780781877968578,15.665641476274166,11.519320132063767,143.24502050380784,51.59409516818708,88.01186291739894,50.97617963637337,5868.541991353701,615.6402222222223,0.38526176720172584,0.23430248466669676,A,grading/data_processed/onion/A/Onion_White_1_r_142__100.jpg
6742.0,323.50461304187775,0.96,0.8095387770880133,0.973784935365061,19.96030245746692,10.21329998902536,128.72473462265523,50.23094247750484,88.83961029518686,51.7278311629023,5305.369550509983,410.8344210526317,0.4336911628167174,0.26872515281646553,A,grading/data_processed/onion/A/Onion_White_1_r_36__100.jpg
6479.0,318.3919162750244,0.96875,0.8031446641049133,0.9678093957726492,90.48941958887545,85.1363719144688,119.24667472793229,44.973778849290454,85.22808343409915,48.94745044837057,5170.52357739605,493.69033061594206,0.37353024079828323,0.24097589290363222,A,grading/data_processed/onion/A/Onion_Red_1_r2_69__100.jpg
4809.0,310.0487701892853,1.2658227848101267,0.6286437685987517,0.9043723554301834,36.50151791135398,59.89987807470842,76.3485124468731,52.31706664917322,63.8334345274236,37.82236711902304,7143.146474667522,397.3989259685462,0.5026238869796992,0.36155763934416324,A,grading/data_processed/onion/A/Onion_2_r2_266__100.jpg
4518.5,277.3208475112915,0.7,0.7383106160439971,0.9506627393225331,14.841889559965487,27.41731276132858,151.3386540120794,49.723229479497576,59.681622088006904,33.6586172942772,11847.554171102043,335.0,0.4655722658732828,0.3185585874199401,A,grading/data_processed/onion/A/Onion_Red_2_r0_198__100.jpg
5551.5,342.7766925096512,0.9278350515463918,0.5937418213263689,0.8924523752109959,35.2062127062127,11.59206816052948,50.98209898209898,30.688742355345564,73.45033345033345,42.6387324277799,2455.925780858621,424.586354685509,0.5640945811025405,0.3327479449891347,A,grading/data_processed/onion/A/Onion_White_2_r1_29__100.jpg
6918.0,314.39191603660583,0.9393939393939394,0.8795239715613437,0.9868055060266743,148.49482489720685,47.095477353065256,107.52970367219623,41.96319950877221,90.86303700552956,52.258873791348954,2484.879177632812,402.2348484848485,0.3903373666980775,0.2202998563277341,A,grading/data_processed/onion/A/Onion_Red_3_r2_54__100.jpg
5613.5,318.6345565319061,1.0333333333333334,0.6947968531976376,0.930697173174169,140.1993043478261,55.10994165376372,85.39182608695653,40.243744781726335,74.07339130434782,42.96584088880087,7568.4333900586535,414.79057971014504,0.45902431041090336,0.30021623400402647,A,grading/data_processed/onion/A/Onion_Red_3_r2_147__100.jpg
5932.0,362.87719893455505,1.1111111111111112,0.56609803223896,0.8843831531867312,34.88899835796388,12.001990549806008,51.919868637110014,32.1844460998553,78.52019704433498,45.69560530436109,2865.6268295802465,394.23322109988794,0.5993641481439436,0.3123661549965918,A,grading/data_processed/onion/A/Onion_White_2_r0_0__100.jpg
3840.0,273.906635761261,0.63,0.643185108690096,0.9154845631183693,21.707027300303338,43.11899331606381,151.72750252780585,57.68451348487809,50.929726996966636,29.755655010135335,16289.92845462333,333.26935483870966,0.4779034130125031,0.35133134628201473,A,grading/data_processed/onion/A/Onion_Red_2_r0_53__100.jpg
4960.5,292.00714004039764,1.3333333333333333,0.7310521798868779,0.9441377997716026,29.972085708669155,41.31374163544488,93.61116571653234,55.2134640651411,65.39984273638687,38.034863214054745,6252.701351182222,348.3948821548821,0.5106550397035128,0.3116505300767138,A,grading/data_processed/onion/A/Onion_2_r2_25__100.jpg
6444.5,325.94826459884644,1.1363636363636365,0.7622575695468496,0.9673521465025517,17.241835029621754,16.186221660068412,136.70408628284977,57.27932783780862,84.83989062737353,49.45347865339966,4996.4182607308885,465.7933884297521,0.40718629027410824,0.23889701166921154,A,grading/data_processed/onion/A/Onion_White_1_198__100.jpg
3873.5,316.35028517246246,0.6,0.48638140591297596,0.8299764302549818,47.79342138051333,65.53806081188625,79.37901819087963,54.21897832951877,51.73411412908049,30.434077404689614,10587.266639972222,509.14847457627127,0.4372944486248163,0.3076273521033806,A,grading/data_processed/onion/A/Onion_2_r0_265__100.jpg
4199.5,316.1492749452591,0.64,0.5279868052250406,0.8878435517970402,42.30281365313653,58.23580510110054,87.27928966789668,54.878595420152436,55.93726937269373,33.03689001357072,12880.641928100586,578.4234920634922,0.4501564313554602,0.29834421706627884,A,grading/data_processed/onion/A/Onion_2_r0_312__100.jpg
5889.0,343.36247873306274,1.1111111111111112,0.6276907770454608,0.8958016428354122,35.83151093439364,10.366539933949365,50.071736249171636,32.74966280565418,77.89827700463883,45.24209149259564,3252.253917024691,407.0324354657688,0.5831689004920017,0.3167879015241987,A,grading/data_processed/onion/A/Onion_White_2_r0_154__100.jpg
4306.0,285.9066344499588,1.3888888888888888,0.6619656026045004,0.9226483822584101,33.03523035230352,46.45374992050532,86.29110207768744,52.30937295519898,56.84936766034327,32.68801680569776,9259.029555478395,311.6244388327722,0.5244261288796972,0.3719894073564045,A,grading/data_processed/onion/A/Onion_2_r2_82__100.jpg
6860.5,322.4924212694168,1.098901098901099,0.828946699614571,0.9751261459739891,34.067276103413796,58.544346893617785,80.01999714326524,49.716782797171966,89.95243536637624,51.60204645689732,1975.823343364328,478.1100011100011,0.36595759546174716,0.21773381250733384,A,grading/data_processed/onion/A/Onion_2_r1_177__100.jpg
4386.5,279.52185797691345,1.492537313432836,0.7054990754049099,0.931909921393669,20.062555456965395,43.420465386845265,153.57852706299911,64.454655861693,57.982253771073644,33.307754613145214,13000.678192804633,281.7179255238957,0.4367318306514707,0.31483096768814733,A,grading/data_processed/onion/A/Onion_Red_2_r2_314__100.jpg
7466.0,323.7056248188019,0.99,0.8953593182228018,0.9902513429272498,43.158600736454495,71.32076552368977,160.50039452919515,50.997489647988445,98.29260915307732,56.333831032141205,1802.808702009999,326.3524489795918,0.3865382519306737,0.21712831536009308,A,grading/data_processed/onion/A/Onion_Red_2_r2_250__100.jpg
4526.0,276.24978053569794,0.7,0.7452818249451227,0.9510401344820341,16.934323858742463,33.06660391907427,155.06653746770027,53.00479891475505,59.96339362618432,33.640336164366765,11077.856038775508,332.3134782608695,0.47334778023249485,0.31823260546072873,A,grading/data_processed/onion/A/Onion_Red_2_r0_200__100.jpg
4272.5,287.4629842042923,0.67,0.6497227531169114,0.9247835497835498,15.036876849533348,26.28256178415916,148.63692237650807,56.88269704110631,56.335761438652405,32.35866940276459,17660.624630786366,344.2674242424242,0.4383243761449759,0.32348362429688177,A,grading/data_processed/onion/A/Onion_Red_2_r0_88__100.jpg
5387.0,351.3624792098999,0.9791666666666666,0.5483351342329157,0.8311988890603302,34.777717587576745,14.434891183755767,55.222824124232574,39.50963657480909,71.32683279162153,41.30083772684047,2086.541163231776,367.69690860215053,0.5857548352719216,0.37093127524897906,A,grading/data_processed/onion/A/Onion_White_2_r1_17__100.jpg
6929.5,315.4629852771759,0.94,0.8750138868602314,0.9832564739269244,18.655577576443942,8.291451172661217,134.58805209513025,48.33009730715123,91.05719139297848,52.76275574611066,3843.150097600724,318.7612903225807,0.4297201435883471,0.2369234853043769,A,grading/data_processed/onion/A/Onion_White_1_r_53__100.jpg
4678.5,305.66399466991425,0.76,0.6292568164677627,0.9076535066446794,41.425275410517564,52.3658283670526,81.8116815630846,52.45948319962201,62.32280191228435,37.654247830462154,8625.105301315789,579.1162666666667,0.492878563417471,0.34953617520619784,A,grading/data_processed/onion/A/Onion_2_r0_4__100.jpg
7082.0,332.87719798088074,0.97,0.8031519021436107,0.9672220704725485,16.717785467128028,15.535389066095075,140.75418685121107,54.85162803770958,93.12,53.57996185891468,3848.4220427675627,478.0498958333333,0.38837770029025387,0.24024526990877815,A,grading/data_processed/onion/A/Onion_White_1_r2_64__100.jpg
5902.0,340.53405141830444,1.065217391304348,0.6395698442008105,0.9226920972406785,93.05257936507937,85.11602266774034,116.99619708994709,44.56442803537266,77.98313492063492,44.71755178664551,7344.392146080732,476.42279246974454,0.4450732767609117,0.31287396925635386,A,grading/data_processed/onion/A/Onion_Red_1_r2_83__100.jpg
4102.0,283.4213536977768,1.492537313432836,0.6417123300405828,0.9220049449314452,32.03622159090909,43.86275906816751,89.61931818181819,56.55465868055867,54.33948863636363,31.63839387773586,9703.046355513477,290.22448364239403,0.5248797347265585,0.3581987710741263,A,grading/data_processed/onion/A/Onion_2_r2_61__100.jpg
6836.0,325.56348967552185,1.0869565217391304,0.8104766889136849,0.972611510279576,31.173570302422245,55.81258284608123,79.3111652572739,49.84000122079981,89.62964024652429,51.53987532777689,2153.9116860940453,487.3625384277558,0.372947610583759,0.22849820979615182,A,grading/data_processed/onion/A/Onion_2_r1_181__100.jpg
4337.0,290.39191603660583,0.67,0.6462941749699902,0.9309863690028979,38.771300448430495,65.61611883352478,148.32040358744393,53.18278225223132,57.56547085201794,32.37561877626444,13515.625508999778,357.00348484848496,0.4786489898686525,0.3133434073171014,A,grading/data_processed/onion/A/Onion_Red_2_r0_240__100.jpg
7236.0,351.8477591276169,1.0309278350515463,0.7345119120160138,0.9682858289843437,77.55429190360141,84.55044841853373,124.54643920931493,37.13533145194655,95.76645004061739,55.77051802269643,2416.4118509831014,401.0802874101843,0.3856940915054091,0.2230424603930265,A,grading/data_processed/onion/A/Onion_Red_1_r_86__100.jpg
7120.0,320.7350616455078,0.9595959595959596,0.8697550949293005,0.9848537243239505,147.3317261330762,49.46529520381646,104.69623915139826,37.29074916728861,93.95577903292464,54.510420808577,1719.5778749016793,331.69105953148505,0.4107462185661532,0.21436446221253402,A,grading/data_processed/onion/A/Onion_Red_3_r2_89__100.jpg
6689.0,311.7056237459183,1.098901098901099,0.8651308208720684,0.9854880294659301,24.010848849142356,47.88204976921862,152.50329863656356,53.25180241648303,87.72804574109368,49.709598724724295,3998.2335425552474,414.32312132312126,0.39273769967518524,0.2363520935089604,A,grading/data_processed/onion/A/Onion_Red_2_r1_61__100.jpg
4237.0,315.9066355228424,1.5151515151515151,0.5335201562171655,0.8971942826892536,36.10631001371742,58.02331013429015,77.2549154092364,52.19410583910352,56.29652491998171,33.28749388301962,9506.46381815886,354.3478726660545,0.4890503714452721,0.3228594217862429,A,grading/data_processed/onion/A/Onion_2_r1_132__100.jpg
6245.5,344.2914102077484,0.96,0.6621016979561418,0.9253963550155578,78.9416640600563,84.39133418226801,114.69909289959337,42.95694219221494,82.30841413825462,47.31216223705839,5231.108306206596,354.4357894736843,0.4524329352189431,0.31958595096687487,A,grading/data_processed/onion/A/Onion_Red_1_127__100.jpg
5800.5,337.46298348903656,0.95,0.6400634257475991,0.8820041055272562,35.85536495122771,12.164858805213024,47.63740329633367,25.16186496709016,76.82088799192735,44.82131479506367,3096.4388085872574,444.0313829787233,0.5783068252045636,0.35820288735664635,A,grading/data_processed/onion/A/Onion_White_2_r1_38__100.jpg
5827.0,313.2203435897827,1.0,0.7463713474229622,0.9576006573541496,91.00889112565005,85.26011251205405,113.57037409830565,44.774666924492614,77.08303975842979,44.440249003291115,8644.94376495961,373.42247191011234,0.3955799606579479,0.24574637129287896,A,grading/data_processed/onion/A/Onion_Red_1_r_117__100.jpg
5467.0,322.0487698316574,1.1904761904761905,0.6623928695773089,0.9371732236221822,119.96378233719894,80.3446430557963,116.17805530776093,45.470689897457305,72.49759143621766,42.016995026946404,8847.410771201814,333.95021645021643,0.4523735512855806,0.3189626336058078,A,grading/data_processed/onion/A/Onion_Red_1_r2_120__100.jpg
3861.5,270.00713992118835,0.63,0.6656032074350735,0.9251317680881649,54.40281619311038,76.10944353123242,151.57530802112146,55.806753063720976,51.17777219009304,29.464047188165807,15616.138359158478,353.23564516129034,0.5017020439993329,0.3461241093357635,A,grading/data_processed/onion/A/Onion_Red_2_r0_312__100.jpg
7226.0,324.73506212234497,1.0103092783505154,0.8610918050696446,0.9844686648501363,148.5519207275689,47.65384364006812,112.48242160988191,38.21301819470854,95.14198452558708,55.045358696936674,1763.474386834603,393.0002125624402,0.4214254446711352,0.210317255735918,A,grading/data_processed/onion/A/Onion_Red_3_r_96__100.jpg
5588.0,374.190905213356,1.0543478260869565,0.501510241268912,0.7854933933089683,17.031652173913045,12.838381580952783,145.9968695652174,47.27227322952977,74.79304347826087,43.80937704218358,2874.205622768772,357.6955389492754,0.464636807371112,0.3403216197794893,A,grading/data_processed/onion/A/Onion_White_1_r_78__100.jpg
7178.5,320.63455724716187,1.0526315789473684,0.8774510806166996,0.9838278626738848,81.53567523236741,83.04120467721651,120.13709677419355,45.769475939982044,94.21131765992345,53.90912724065696,3790.0377398227147,474.49388623072844,0.32388559961931873,0.21645209274368352,A,grading/data_processed/onion/A/Onion_Red_1_r2_46__100.jpg
5571.0,387.98989486694336,1.021505376344086,0.4650527247500025,0.7863091037402964,17.387833362384523,12.281260751895127,146.05821858113998,49.35066344431376,74.72616350008715,43.88178536057631,3187.1035505553778,392.54770075497606,0.47418546935568584,0.334938118269359,A,grading/data_processed/onion/A/Onion_White_1_r_69__100.jpg
4469.0,322.87719678878784,0.72,0.5386981332672368,0.8847752920213819,50.896461905795526,62.21085163605022,76.68222270457998,52.87935651622168,59.67375732580855,35.692232467154575,9907.028702758489,510.98028169014077,0.4533793252684091,0.34103523097201277,A,grading/data_processed/onion/A/Onion_2_r0_197__100.jpg
4465.5,283.46298468112946,0.69,0.6983726876888113,0.9413934858227048,29.70418848167539,55.49415657095117,152.07831588132635,53.20647588448998,59.028141361256544,33.21940183575803,12660.620767149756,352.7086764705883,0.4780006199454717,0.31472421263274464,A,grading/data_processed/onion/A/Onion_Red_2_r0_225__100.jpg
6758.5,318.97770261764526,0.91,0.8347175229037272,0.9756748953370867,16.153277262180975,15.052253272739524,143.14472157772622,51.4919879333298,88.92691415313224,51.40917244157109,5386.136610687115,627.5432222222223,0.37852864033729877,0.2272022811135704,A,grading/data_processed/onion/A/Onion_White_1_r_140__100.jpg
4401.0,332.3919161558151,1.4705882352941178,0.5005648228969608,0.8737343656938654,39.88426842684268,60.92981972594077,84.91045104510451,54.644337695233965,58.502530253025306,33.86834089603399,7359.009415030277,374.98321449792036,0.4828886393840589,0.3163289996103599,A,grading/data_processed/onion/A/Onion_2_r1_309__100.jpg
6382.0,321.70562517642975,1.1111111111111112,0.7749065899862707,0.958186322348172,28.429513729099554,51.2220252206354,91.5778493633993,51.161298699820414,83.71084522165977,47.75580548044269,3498.508295987654,571.1344556677889,0.40547169814143075,0.26314445936294484,A,grading/data_processed/onion/A/Onion_2_r2_182__100.jpg
6552.5,331.8061292171478,1.1363636363636365,0.7479078391765259,0.9533682525825695,31.536439665471924,55.2359216031807,91.15173237753883,54.07671582787578,86.14725209080048,49.147862283124404,2770.8107584710747,502.8712121212121,0.38894224273843536,0.2256394737746331,A,grading/data_processed/onion/A/Onion_2_r1_333__100.jpg
4380.5,310.6345565319061,0.71,0.5704715812562137,0.8951670583426995,51.67671172169289,63.924786367078845,76.35275869709727,54.65575123401578,58.14380678041214,34.07511049425944,9282.150848224559,474.2395714285715,0.4620752221593295,0.34662035928287277,A,grading/data_processed/onion/A/Onion_2_r0_181__100.jpg
5199.5,288.97770297527313,1.2987012987012987,0.7824251058415103,0.9636734315633398,28.000751597143932,53.78702066548596,151.3752348741075,55.134405239416616,68.3989101841413,38.5746422893173,8733.789220627425,338.99737636101275,0.46141561858546365,0.2946284524700833,A,grading/data_processed/onion/A/Onion_Red_2_r1_46__100.jpg
4112.0,285.5634881258011,1.4705882352941178,0.6336619269045854,0.9140824719350895,31.604063312071816,52.9294722831313,79.42050555161823,52.145115211540364,54.62201748169147,32.43577028444612,9903.48999824827,387.263963161022,0.5056672193440321,0.3659564289824268,A,grading/data_processed/onion/A/Onion_2_r2_248__100.jpg
5724.0,387.84775960445404,1.0638297872340425,0.4781750532724054,0.8433149171270719,35.65682281059063,12.548251039969154,50.269517990495586,29.738809830836065,75.98065173116089,44.08669981055784,2829.2268807605255,386.290457769181,0.5802342338574609,0.36072138115823366,A,grading/data_processed/onion/A/Onion_White_2_r0_88__100.jpg
6314.5,322.7766921520233,1.0,0.7616308000627211,0.943377903936655,144.7349248178577,50.31330567108588,99.30615408463804,42.78179730198316,83.33901720663464,48.44924178467627,4930.72580604,365.0379797979799,0.48746650555655835,0.34069947914291915,A,grading/data_processed/onion/A/Onion_Red_3_72__100.jpg
6975.0,314.73506355285645,0.91,0.8848381075519491,0.9891512444160817,146.59274363661933,49.98658318874175,102.20264379130924,40.84685907802584,91.6345099142174,52.84183979123407,2087.9445899166763,347.47422222222224,0.4077153237853971,0.20448222778882635,A,grading/data_processed/onion/A/Onion_Red_3_r2_98__100.jpg
4789.0,322.6761863231659,1.1627906976744187,0.5779907261452111,0.8819521178637201,143.10519902518277,52.92671447750016,86.32696994313567,40.927025809243474,63.21506904955321,36.50337787992079,11683.060013939967,321.07669720460416,0.5663780515067676,0.41481258099682883,A,grading/data_processed/onion/A/Onion_Red_3_r2_130__100.jpg
4979.0,306.24978029727936,1.1625,0.6671145589186193,0.9266703889819468,131.80066510172145,62.07485428713417,91.02621283255085,47.92716355218798,65.72026604068857,37.93931501380047,8471.699418556336,367.30679347826094,0.44070990177535974,0.2984352653965767,A,grading/data_processed/onion/A/Onion_Red_3_r_14__100.jpg
6815.0,359.84775948524475,1.0309278350515463,0.6613602948089012,0.9312017489922798,24.678720045917636,37.522797689103506,102.34854355000718,49.531448427959944,90.38169034294734,52.69565514468455,2219.922572122436,391.81422472144124,0.46407942575582517,0.26988940563192443,A,grading/data_processed/onion/A/Onion_2_r2_337__100.jpg
6441.0,330.7350617647171,1.1494252873563218,0.7399505339964296,0.949439858490566,35.448443432042524,59.350205444795435,89.68033409263478,53.57511931633312,84.76188306757783,48.54890626540626,2784.5293192099352,500.5215372111925,0.39973592186381113,0.22918074571227415,A,grading/data_processed/onion/A/Onion_2_r1_332__100.jpg
4010.5,316.97770261764526,0.6,0.501592411914846,0.874128160418483,38.95828309621413,57.8190549161776,74.05232698336147,48.44431955046094,53.31637328189052,31.10881870109525,13281.734276416664,490.90389830508474,0.43989015857572933,0.28574079574965294,A,grading/data_processed/onion/A/Onion_2_r0_140__100.jpg
5735.5,362.7766909599304,1.1235955056179776,0.5476491247510947,0.8805557687879021,34.49915139171758,13.285336616041016,52.456551255940255,31.155169426536197,75.85081466395113,44.11291263083367,3114.2682047595,417.90080581091814,0.5967399696659371,0.3252234228181469,A,grading/data_processed/onion/A/Onion_White_2_r0_194__100.jpg
6242.0,306.8771971464157,1.1111111111111112,0.8329221098794123,0.9718200217966683,23.91572504708098,41.18618205199283,164.18816698053988,53.325698882414294,82.8793157564344,45.35075374588195,5071.067245320987,438.75925925925924,0.4048393564080878,0.2767776551696893,A,grading/data_processed/onion/A/Onion_Red_2_r1_125__100.jpg
4534.5,325.4629831314087,0.72,0.5379427622719564,0.887638249975531,50.38382541720154,62.84294089051862,75.79525032092427,53.13914903490084,60.4721865639709,35.69127502053741,9382.449647839507,564.0285915492957,0.44731632484586664,0.32963770967375766,A,grading/data_processed/onion/A/Onion_2_r0_204__100.jpg
3911.5,276.9777023792267,0.65,0.6407130679714256,0.9174387240530081,19.91906653426018,39.64688857284954,150.37810327706057,57.20150958051066,51.89175769612711,29.821917680955597,17237.150215005917,356.2992187500001,0.48100843493733275,0.35829046611020615,A,grading/data_processed/onion/A/Onion_Red_2_r0_57__100.jpg
6104.5,356.4335460662842,1.0,0.6038135010724436,0.8794208744507671,15.427521176282564,12.770452081137494,144.56001278568004,48.23532844184612,81.04091417612274,47.18693256356045,2966.6204865935824,366.2357173539518,0.4373246966707048,0.32117987284560356,A,grading/data_processed/onion/A/Onion_White_1_r2_95__100.jpg
4869.5,332.1492749452591,0.76,0.554660982609922,0.8957049572335142,41.01794974072597,50.85879225861209,79.96868767451137,50.90146688129065,65.10450737933786,39.215057688698764,7996.5291570464,584.5806666666667,0.4646916915182024,0.32210328226276197,A,grading/data_processed/onion/A/Onion_2_r0_26__100.jpg
4538.0,276.73506212234497,0.7,0.7446393469922283,0.9529609407811844,14.542857142857143,25.834036949174035,154.9952738990333,52.30890215936797,59.906122448979595,33.52023284192145,12136.963637530613,335.38652173913044,0.4582019120577661,0.31590030970399113,A,grading/data_processed/onion/A/Onion_Red_2_r0_194__100.jpg
6729.5,327.66399371623993,0.87,0.7876535247733065,0.9687612466709854,24.628546486250546,38.896832507334594,102.49658082351229,50.290933252005516,88.31951113051069,50.65405811008741,2530.4582466772363,547.9146511627907,0.3664217404932334,0.1967493745536091,A,grading/data_processed/onion/A/Onion_2_r2_317__100.jpg
3891.0,339.9066346883774,0.6,0.4232059952240068,0.7981538461538461,49.285148514851485,66.27216518602172,80.59876237623763,55.87430774331803,52.097029702970296,30.45282817165805,12065.835426222226,515.954406779661,0.428007410856708,0.30101260685522774,A,grading/data_processed/onion/A/Onion_2_r0_264__100.jpg
4145.5,269.32084822654724,1.5384615384615385,0.7182023739046131,0.9439826938403735,16.57173045315802,34.91187993355001,149.15825311105894,66.22133998427338,54.80699694764029,31.50668020078017,15556.499065822487,280.7477855477855,0.44935481147335016,0.33019280428508274,A,grading/data_processed/onion/A/Onion_Red_2_r2_21__100.jpg
6524.0,311.5634881258011,1.1235955056179776,0.8445603755543004,0.9781109445277362,17.117602883748873,16.60883942822623,141.84680084109343,53.41989752532101,85.92865725443076,50.00321874919907,5968.097072339351,515.0477811826125,0.3806490283933437,0.2394781189137401,A,grading/data_processed/onion/A/Onion_White_1_163__100.jpg
5448.5,341.26197361946106,1.1022727272727273,0.5879102378584107,0.905367231638418,95.95887716788843,84.92527877764218,115.43465045592706,46.1565336342411,72.09940997675666,41.06593479885047,8225.15429480434,470.95726799242436,0.4621311651658016,0.3287570068968869,A,grading/data_processed/onion/A/Onion_Red_1_r2_89__100.jpg
6178.0,341.0193327665329,0.98,0.6675745433147189,0.9206467476343044,69.39300964731932,82.71763942126145,118.00901470820813,44.176461827092886,81.22030681638462,46.695486573436845,4917.288217409413,434.3139175257732,0.4658824326264528,0.3414212447431967,A,grading/data_processed/onion/A/Onion_Red_1_23__100.jpg
7243.5,373.60511887073517,1.0101010101010102,0.6521277670509372,0.9638081298649458,81.1268062120189,83.78559654810367,117.71573261309926,38.405696420043135,95.92964213369345,55.621570708638785,2416.4489737373738,417.4905621875319,0.3852658620107526,0.23628469650165956,A,grading/data_processed/onion/A/Onion_Red_1_r_102__100.jpg
4410.0,287.9066356420517,1.4492753623188406,0.6685672586893686,0.9351145038167938,34.2642841385396,55.012216896377815,92.60291197882198,57.0098532815218,58.40172071475844,33.81221244897415,8111.776235475741,372.4240960327916,0.46362314080648964,0.33079437707626597,A,grading/data_processed/onion/A/Onion_2_r2_209__100.jpg
4048.5,279.4629839658737,0.65,0.6514115037069139,0.9174031271244052,12.920528211284514,23.804116054530326,147.7126050420168,55.68990845330877,53.46074429771909,30.704684181057857,17028.71525443787,329.10859375,0.456286110438359,0.3390304204294395,A,grading/data_processed/onion/A/Onion_Red_2_r0_72__100.jpg
5462.5,341.60511922836304,0.9278350515463918,0.5882373186905668,0.878144843662085,34.7271754636234,13.06075031254718,50.980028530670474,32.64163629431996,72.2453637660485,42.041235403181794,2797.4731357683536,446.5555426850458,0.5731862753277485,0.3410640428989998,A,grading/data_processed/onion/A/Onion_White_2_r1_26__100.jpg
6986.0,317.56348967552185,0.979381443298969,0.8705171146005984,0.9862356179854591,147.3127895549628,49.67937506385033,115.83293556085918,40.6698737945945,92.31433384809772,53.52461440681034,1720.4515133120908,398.20486948892295,0.40157430728716254,0.21315973808373523,A,grading/data_processed/onion/A/Onion_Red_3_r2_70__100.jpg
6417.0,305.9066344499588,0.989010989010989,0.8617159097307676,0.9811926605504587,65.67155290884105,80.80473109389163,120.01160482516414,45.7945099132431,84.29943502824858,48.19962467265162,6033.186277690564,543.7558957896038,0.3116964671502921,0.1866750968170837,A,grading/data_processed/onion/A/Onion_Red_1_r_177__100.jpg
5942.5,331.11983728408813,0.93,0.6810965092891662,0.9161335080551916,145.66058514135437,49.093512100491886,94.52186061801446,41.46701693135217,78.18934911242603,45.07187238306675,4492.6945077928085,374.06141304347835,0.5105676046328064,0.33150169219502695,A,grading/data_processed/onion/A/Onion_Red_3_161__100.jpg
4139.0,285.56348979473114,0.66,0.6378226373545397,0.9128804587560653,52.07769953051643,74.68581340084774,157.36478873239437,57.9319317235172,55.15821596244132,31.293729450490552,15314.124877662993,366.16938461538456,0.4999132346962578,0.33172268663509036,A,grading/data_processed/onion/A/Onion_Red_2_r0_284__100.jpg
5645.5,405.9482661485672,0.9795918367346939,0.43049775808995777,0.791906298218544,17.792925824175825,10.226909368463307,139.59237637362637,51.14305764936691,75.4165521978022,43.87732149310588,3319.734946220596,355.66326530612247,0.48989801856411114,0.36545527097239217,A,grading/data_processed/onion/A/Onion_White_1_r_20__100.jpg
3831.0,273.90663480758667,0.64,0.6416776480599254,0.9113833710003568,26.19153787686851,49.71279356233375,153.22523435520648,59.14493491187962,50.775779072713455,29.626141763210406,15615.745213964843,369.13952380952384,0.4913995541163527,0.3609647880767493,A,grading/data_processed/onion/A/Onion_Red_2_r0_50__100.jpg
5422.5,413.06096255779266,1.0425531914893618,0.39937522412426135,0.7573324022346368,15.620714285714286,10.051922320976175,144.99178571428573,45.657720404390524,73.07125,43.06274195712656,2870.036948009911,403.851502522483,0.48604711224877545,0.37685873783679885,A,grading/data_processed/onion/A/Onion_White_1_r_84__100.jpg
6203.5,329.4629830121994,1.1111111111111112,0.7181801510884238,0.9564446500154178,36.706382978723404,57.01873386236335,87.71410559495666,49.54289301836058,81.52009456264776,46.69305516647085,3469.0599940617285,532.3589225589226,0.4234389472752112,0.28139061276603217,A,grading/data_processed/onion/A/Onion_2_r1_222__100.jpg
5582.5,346.4335472583771,0.9381443298969072,0.5845191098894913,0.8929856834359754,34.982897033158814,11.236753488196491,50.4696335078534,30.794225610173612,73.80052356020943,42.85095928643568,2868.495154026849,434.27605956471945,0.5681373619643423,0.3352498409698828,A,grading/data_processed/onion/A/Onion_White_2_r1_30__100.jpg
5401.5,333.8061294555664,1.1494252873563218,0.6091659644906475,0.8984530938123753,29.101875225387666,51.26794662685318,78.40155066714749,53.062137819804796,71.2573025604039,41.00402342155666,5062.791629792575,446.56228956228966,0.4961188367205118,0.35235595507013434,A,grading/data_processed/onion/A/Onion_2_r2_277__100.jpg
5796.5,296.2914115190506,1.1904761904761905,0.8297315006517731,0.9738743279569892,26.071609525418005,51.045925187261766,152.56054720486404,54.21281499686797,76.36210099645331,42.746950171190996,6999.73818452381,365.2011784511785,0.43634829446866297,0.2806925923296521,A,grading/data_processed/onion/A/Onion_Red_2_r1_53__100.jpg
5506.5,302.49242091178894,1.0465116279069768,0.7562345451088394,0.9567370341412562,90.18059251374845,84.34875075491817,120.92158949795991,47.64109385193923,72.57016143338656,41.67613694289663,7833.137452526892,384.4153383851582,0.40309090215627946,0.25545857110482934,A,grading/data_processed/onion/A/Onion_Red_1_r_23__100.jpg
5907.5,360.7766932249069,1.1111111111111112,0.5703436978490026,0.8914290025652634,34.979383143658254,9.027843956370265,48.74682500412337,31.509456485203902,78.14365825498928,45.48592239743003,3377.3459198024693,411.6647586980921,0.5943978387367457,0.3137718167625423,A,grading/data_processed/onion/A/Onion_White_2_r0_132__100.jpg
4573.0,273.9066346883774,0.7,0.7659597721566807,0.9568947478551998,13.795052249946684,23.140949170596844,154.20345489443378,53.58097477822929,60.29281296651738,34.07758065134682,11815.54666155102,340.6221739130434,0.44365008899154107,0.31156863730644174,A,grading/data_processed/onion/A/Onion_Red_2_r0_186__100.jpg
4460.5,278.9777021408081,0.69,0.7202021642906319,0.9514718430034129,14.01813018785496,26.730494393784358,155.5740498034076,53.04090057201016,58.992791612057665,33.15911690776659,12816.661114786808,349.831911764706,0.471448104524995,0.31638368722684274,A,grading/data_processed/onion/A/Onion_Red_2_r0_209__100.jpg
6095.0,325.3624792098999,0.95,0.7235168279809687,0.9308185705558949,145.05133964383123,50.700926221044234,96.48548050697899,40.59461169853583,80.19733675597625,45.808891719087384,5012.818714448754,386.53702127659574,0.4780688448858337,0.3289361014010002,A,grading/data_processed/onion/A/Onion_Red_3_35__100.jpg
6944.5,317.8061304092407,1.0638297872340425,0.8640249936119612,0.9821794781132877,17.57661347267335,14.75283675201062,137.92176246292897,55.28337936953147,91.24191498375936,53.00935133404789,5187.266727467179,469.9210186976144,0.38759119087739374,0.23530380387317149,A,grading/data_processed/onion/A/Onion_White_1_138__100.jpg
5741.0,384.534050822258,0.94,0.48789661488206054,0.8141530170885627,17.851074631917413,14.108547029555352,139.74005753934676,49.15544077712003,76.36605178541208,44.33014197540252,2992.4249605703935,304.5789247311827,0.4961508854079377,0.35632564796134814,A,grading/data_processed/onion/A/Onion_White_1_r2_125__100.jpg
3779.0,272.73506295681,1.6129032258064515,0.6384175344889295,0.9129121874622539,19.043143297380585,42.583585746382,153.19851052901902,62.34494799223412,50.494607087827426,29.39632040757986,18937.707318184184,287.51303356142074,0.503176118918804,0.35860275340817954,A,grading/data_processed/onion/A/Onion_Red_2_r1_177__100.jpg
6650.5,331.9482653141022,0.9,0.7584437116360676,0.9721531939774887,15.492932862190813,9.137266758332322,142.8714664310954,54.6801019010003,87.65562426383981,50.543197050959265,4752.1344829135805,577.2426966292135,0.36289489940690134,0.23034502589742942,A,grading/data_processed/onion/A/Onion_White_1_r_156__100.jpg
5837.5,308.4924216270447,1.1904761904761905,0.7708107417568862,0.9547759241086032,27.428069000167476,49.21134488634248,94.01708256573438,52.10937612834588,76.72617651984592,43.846589524509454,4081.4344257936505,511.48436748436745,0.4234280286175141,0.2780714674849767,A,grading/data_processed/onion/A/Onion_2_r2_188__100.jpg
6645.5,327.94826459884644,0.89,0.7764738821630947,0.9761310223266745,16.47310243183493,14.832791160714235,143.51156963890935,54.17956898294867,87.54649963154016,50.470951653895625,4742.55480210832,554.0907954545455,0.3595160494542471,0.22401462951230924,A,grading/data_processed/onion/A/Onion_White_1_r_155__100.jpg
4699.0,311.3624781370163,1.1219512195121952,0.609091808350541,0.8961571469438352,62.375983436853005,81.1657854234866,110.95031055900621,46.57768077839911,62.632298136645964,36.567742410322765,12473.688938643732,368.4616724738677,0.4807593740824216,0.34428019050635733,A,grading/data_processed/onion/A/Onion_Red_1_r_132__100.jpg
6165.0,331.3624783754349,0.95,0.7055637915197512,0.9316910986852047,145.60608943862988,49.1411772416197,98.63288931176658,41.09400920537746,81.13542657786235,46.3641769970226,4987.765650481994,439.3257446808511,0.4820383110603876,0.3213384733282392,A,grading/data_processed/onion/A/Onion_Red_3_56__100.jpg
5891.5,359.4629843235016,1.1111111111111112,0.5729640782258324,0.88434404082858,34.48115079365079,10.792335819102709,49.870039682539684,30.701395781111785,78.06630291005291,45.50023332062155,3164.837656839506,381.7826038159371,0.6103719629400409,0.3175195950328762,A,grading/data_processed/onion/A/Onion_White_2_r0_169__100.jpg
6643.0,314.0487699508667,0.91,0.8464083186189344,0.9776306107431936,15.625202892135164,8.58707979494511,145.40740740740742,53.18721149903125,87.45078943485318,50.66802355752319,5447.443305530733,628.7234444444446,0.38664437590302464,0.24171939399249448,A,grading/data_processed/onion/A/Onion_White_1_r_147__100.jpg
6484.0,307.3624789714813,1.1235955056179776,0.8624842432954875,0.9843631395172309,25.486466051716317,50.758272664363936,151.10403750189022,53.13149211852136,85.10267654619689,47.84214883968758,4473.416811463199,381.14822381114516,0.39504137177582294,0.242686901525482,A,grading/data_processed/onion/A/Onion_Red_2_r1_58__100.jpg
5733.5,377.94826459884644,1.1235955056179776,0.5043882602846937,0.8742756938090881,34.325025432349946,12.119347771697829,52.14292980671414,29.51126857492704,75.88538487622922,43.99375036571108,3029.2747826158316,424.8396322778345,0.6126448139973524,0.32594264619207214,A,grading/data_processed/onion/A/Onion_White_2_r0_184__100.jpg
4176.5,281.66399455070496,1.1688311688311688,0.661545441919864,0.9154975887768523,147.6967651850128,49.132871586037176,103.76518501279963,48.89359548756505,55.04398417500582,31.655312436359726,11922.23054300998,242.01517583540058,0.5333638659188628,0.3648959900860296,A,grading/data_processed/onion/A/Onion_Red_3_r_125__100.jpg
4234.5,274.4924216270447,1.5151515151515151,0.7062383289956546,0.9426758682101514,16.361985750402205,35.09465439752616,150.6963916341071,66.7715017672429,56.04136980004596,32.344945271039265,12815.792579522496,293.1610039791858,0.44229104285972376,0.32702990488182837,A,grading/data_processed/onion/A/Onion_Red_2_r2_24__100.jpg
4058.5,278.977703332901,1.492537313432836,0.6552943523805934,0.9163468051478889,20.276819923371647,43.44611758468332,150.5625,60.46999368195431,53.956896551724135,30.7743542833371,17181.692260993543,289.74928388361224,0.4914519189377789,0.3628423276473079,A,grading/data_processed/onion/A/Onion_Red_2_r1_154__100.jpg
4758.0,321.8477590084076,1.1764705882352942,0.5772093037628825,0.8848800446345546,141.29675045984058,55.45339405655487,85.84631105661148,41.81589486228858,62.92826486817903,36.69459525964142,11106.554167474049,333.5158645276292,0.5664124525364613,0.41221151953923996,A,grading/data_processed/onion/A/Onion_Red_3_r2_129__100.jpg
4495.5,287.8061292171478,1.36986301369863,0.6820053615592699,0.9319995853633254,24.114576564868962,46.273579742140164,155.15053064760667,55.9967672517508,59.639592809183455,33.421677220275,15597.83518354288,305.9414694894147,0.47686306092554714,0.35283031743485604,A,grading/data_processed/onion/A/Onion_Red_2_r1_142__100.jpg
7533.0,327.70562386512756,1.0,0.881475087020381,0.9862529457973291,19.915548025544116,39.094796810331815,150.4308614622703,55.28994646037849,98.94839046005474,56.83044208874627,2774.84190224,428.8341414141414,0.33757997387597477,0.21771222378748317,A,grading/data_processed/onion/A/Onion_Red_2_r2_89__100.jpg
6148.5,334.4335459470749,0.97,0.6908112064407822,0.9234755181736257,145.1772655007949,50.11526832286378,92.06279809220986,40.223533191122755,80.73879173290938,46.48069129996777,4490.132102412584,352.4185416666667,0.509589793555864,0.3371376494918079,A,grading/data_processed/onion/A/Onion_Red_3_121__100.jpg
5635.0,391.5046133995056,0.97,0.4619872779920651,0.7859683380988911,17.514300482425913,17.479897940855825,141.2394900068918,50.28597938206938,75.26016540317023,44.241297567410776,2832.2639034435115,310.8231249999999,0.5174469482094299,0.388582151320223,A,grading/data_processed/onion/A/Onion_White_1_r2_118__100.jpg
6969.5,337.46298360824585,1.0416666666666667,0.7690581919828011,0.9581385757492439,25.323120168657766,39.14294065056126,98.01152494729445,49.66608819838385,91.485031623331,52.51291599762087,2292.156354123264,506.4849537037037,0.44801988208239774,0.2483468471973623,A,grading/data_processed/onion/A/Onion_2_r2_4__100.jpg
5728.5,299.4629830121994,1.1764705882352942,0.8027207486335209,0.9645563226132345,25.762937660119555,45.8201193833303,161.3798462852263,53.70097366415708,76.02442356959864,41.73468210521672,6446.087530795848,416.45478312537136,0.416310851087986,0.2959191602890493,A,grading/data_processed/onion/A/Onion_Red_2_r1_128__100.jpg
4781.0,283.0782079696655,1.0975609756097562,0.7497487190679036,0.9490818858560794,147.62892696858424,49.08190562148181,107.04263565891473,49.097879927462714,62.92778457772338,36.02712280022428,8770.597184876726,309.83433817484234,0.4882401124309831,0.3203847454784718,A,grading/data_processed/onion/A/Onion_Red_3_r_120__100.jpg
6898.5,318.97770297527313,1.0421052631578946,0.8520084070192072,0.980736423087859,89.01122797043774,84.44043999711292,114.1716884593519,39.42144951995356,90.67097782831154,52.026632706288495,3446.2380158053857,352.98872180451133,0.3871809345265536,0.23713693771791103,A,grading/data_processed/onion/A/Onion_Red_1_r_109__100.jpg
5810.0,451.7888858318329,1.0869565217391304,0.35769668112267067,0.8603583592477417,35.5195670274771,12.250609261976985,52.378684429641964,28.01006977131629,77.36952539550374,44.88596527823336,2986.2722291942346,547.9168862538428,0.5747902379026979,0.3315589030587005,A,grading/data_processed/onion/A/Onion_White_2_r0_54__100.jpg
6976.5,317.46298456192017,1.0526315789473684,0.8698838598611484,0.9820523648648649,79.22075365579303,85.21334258062431,114.30033745781778,41.32268705660262,91.56960067491563,52.76586965563484,3019.6332951911354,338.4716640085061,0.383577692727675,0.2372931096781652,A,grading/data_processed/onion/A/Onion_Red_1_r2_145__100.jpg
4697.0,274.2497808933258,1.0493827160493827,0.7847617837431763,0.9582780781393451,148.25882841711675,48.38179823503249,106.12941420855837,48.64441657164109,61.740340673036975,35.693466652345286,8001.14766993174,336.9522339800118,0.46672370147779496,0.2841061622783982,A,grading/data_processed/onion/A/Onion_Red_3_r_121__100.jpg
5213.0,352.67618775367737,1.0434782608695652,0.5266781648592088,0.8689781630271712,33.664926347193735,8.656268538865472,72.30579899310088,39.64962735986924,69.3691963453291,40.29718750896854,1859.2749692632028,354.866590389016,0.5538671470276009,0.3777865016745136,A,grading/data_processed/onion/A/Onion_White_2_r1_98__100.jpg
3885.0,315.7644993066788,0.59,0.4896370625462808,0.8705882352941177,40.22763419483101,57.09824092795684,75.76043737574552,50.487196627144264,51.70825049701789,30.05566193969245,13029.052714622236,418.6477586206897,0.44376474200116556,0.2951351994748923,A,grading/data_processed/onion/A/Onion_2_r0_120__100.jpg
6634.0,312.04877066612244,1.098901098901099,0.8561313081906433,0.9793327428402716,21.032510713757944,12.685058959201967,121.18013890941333,49.521238852469025,87.37342988030146,50.98657139813067,5709.087552227992,490.7526917526917,0.41175209919154737,0.2444630091154199,A,grading/data_processed/onion/A/Onion_White_1_65__100.jpg
6258.5,359.2619732618332,1.0210526315789474,0.6093370963292565,0.9045382280676398,15.644260761072989,14.389616623179029,144.24656893325016,47.79286570446735,82.85667498440424,47.8107644357542,3079.580842341967,419.37828947368433,0.4059329766325448,0.28806778937498806,A,grading/data_processed/onion/A/Onion_White_1_r2_92__100.jpg
6599.0,311.5634891986847,1.1111111111111112,0.8542694481758587,0.981045120047573,36.165305213129365,9.844166874912698,48.20288133075895,30.98338948368209,87.0715877023615,51.03399515060397,3194.4993430987656,395.2028058361392,0.5326135524336552,0.24039648208049727,A,grading/data_processed/onion/A/Onion_White_2_r0_142__100.jpg
4215.0,273.42135417461395,1.5151515151515151,0.7085044513916015,0.9318005968829446,45.61611265004617,70.10930095343572,149.14312096029548,61.138360985397206,56.235918744229,31.84272469690185,15289.90498785583,269.9605142332415,0.5075924193470935,0.3301762749713435,A,grading/data_processed/onion/A/Onion_Red_2_r2_169__100.jpg
5264.5,332.29141068458557,1.0434782608695652,0.5991406181138041,0.8995301153353268,33.93101535047161,15.714775952275273,60.912520806362124,42.754990390809176,70.12594784538561,41.27157086185452,2062.8173246489832,319.8727688787185,0.5613074757300143,0.37348702129308836,A,grading/data_processed/onion/A/Onion_White_2_r1_188__100.jpg
6670.5,349.9482647180557,1.0,0.6844796863325412,0.9279404604576754,80.11889752235743,85.06545559989954,113.8639495675121,42.944302624092124,87.80384107902067,50.49271023367126,4415.310160710001,422.1917171717173,0.42875681841159247,0.30506404244495605,A,grading/data_processed/onion/A/Onion_Red_1_41__100.jpg
5451.5,341.1198379993439,0.979381443298969,0.5887242524700994,0.8457838802265146,33.81493390496606,8.807458427920437,61.227938549481955,35.33875555073714,72.1632725973562,41.89148516001121,2468.190186669273,360.88868172844917,0.6041564068497149,0.3771891654569697,A,grading/data_processed/onion/A/Onion_White_2_r1_134__100.jpg
4302.5,312.1492747068405,0.7,0.5548889580305275,0.8812083973374296,47.80640072120802,61.63356328418499,75.85463150777552,54.14475551490145,56.997070092404776,32.995143651759214,9935.581426530613,449.8936231884059,0.468518652195005,0.34701956614874785,A,grading/data_processed/onion/A/Onion_2_r0_176__100.jpg
5874.0,363.563489317894,1.1111111111111112,0.558448694923257,0.8803297115024353,34.73334438183626,12.110363881518449,48.63142194232682,29.685692711137726,77.78090818694066,45.24908480043884,3346.9898861111114,392.19539842873183,0.6036970384505903,0.3187349827483715,A,grading/data_processed/onion/A/Onion_White_2_r0_166__100.jpg
6739.5,319.11983823776245,1.0638297872340425,0.8316295936394037,0.9751139405338928,19.95650909090909,17.12107896437788,123.75418181818182,53.78175772816066,88.90603636363636,51.898383649016615,5469.605120144861,413.56608639587364,0.43350248827624016,0.2573063676118174,A,grading/data_processed/onion/A/Onion_White_1_16__100.jpg
6578.0,347.2203434705734,0.88,0.6856356777608552,0.9600116754232341,22.015752712141477,42.29907586489332,89.05201367216526,51.69495358703491,86.5711101203745,49.848527022153796,2356.352859904442,536.7891954022988,0.3460089001737534,0.21863591810335956,A,grading/data_processed/onion/A/Onion_2_r2_141__100.jpg
7240.5,319.46298348903656,1.0416666666666667,0.8915328197986404,0.9895448954489545,25.84072116036329,52.558287385634515,147.11983190999052,55.13092611514526,95.13148976548733,54.003816099462256,2557.396316829427,377.1993897306397,0.36229570464607447,0.21741209894120805,A,grading/data_processed/onion/A/Onion_Red_2_r1_76__100.jpg
6151.0,366.67618680000305,0.93,0.5748971801039888,0.8990718409705474,53.188490805326566,77.31588567032523,116.32498414711478,44.18191730942354,81.14124920735574,46.46979154408066,5560.866395317378,440.5548913043479,0.4363529990101749,0.30806546399096707,A,grading/data_processed/onion/A/Onion_Red_1_80__100.jpg
3522.0,296.73506104946136,1.694915254237288,0.5026451401294185,0.8724300222937825,30.447793916141407,48.67961799567946,78.04083310496026,52.57423965941156,47.0002740476843,27.79100741428975,14626.101433467393,276.97911316555394,0.5370771942855576,0.36742374321729415,A,grading/data_processed/onion/A/Onion_2_r1_96__100.jpg
3815.0,313.7644990682602,0.57,0.48696393581572195,0.8381852136658244,37.46749304325829,57.74851502259504,83.69845686820136,56.76651100975193,51.04401720212497,30.088882334230345,13279.000849369035,504.25624999999997,0.413437692015187,0.28202351115082,A,grading/data_processed/onion/A/Onion_2_r0_270__100.jpg
4548.5,295.806129693985,0.69,0.65322639447627,0.9407445708376422,13.477107402652974,19.80108641493785,152.5186136071887,57.51242704099278,60.02759948652118,34.336704761743945,13638.088743457258,361.57132352941176,0.4245869456343288,0.30255783141323744,A,grading/data_processed/onion/A/Onion_Red_2_r0_113__100.jpg
3870.0,275.0782071352005,1.5873015873015872,0.6427002352037444,0.9158679446219382,18.71532480561826,40.9488473554234,149.054426887384,63.04533781221205,51.56709305242037,30.057468585358944,18195.373123582765,275.46384479717807,0.48975309276522455,0.3535252098422727,A,grading/data_processed/onion/A/Onion_Red_2_r1_165__100.jpg
5664.5,315.46298372745514,1.0666666666666667,0.7152776117783145,0.9431401931401932,140.9349887911709,53.63968182785232,84.46714950853595,39.877570639485185,74.66356268322124,43.277834538848694,7494.1801791838125,412.76947368421054,0.4633620595291752,0.3167775963550417,A,grading/data_processed/onion/A/Onion_Red_3_r2_145__100.jpg
4694.0,310.1909064054489,1.146341463414634,0.6130484879657332,0.8950328916007245,56.64158374792703,78.52950626172684,112.23984245439469,46.139698605122284,62.6643864013267,36.645730232528315,14718.961119439593,398.21177550485197,0.5003602717937125,0.3586430238864135,A,grading/data_processed/onion/A/Onion_Red_1_r_138__100.jpg
6970.0,317.2203435897827,0.9896907216494846,0.8704034018772926,0.9851590106007068,146.74247115113988,50.47514279042636,114.06107514776245,41.544342336299486,92.04165493948776,53.336166402501455,1927.7066525770242,389.27151383613676,0.4071712879528517,0.22066096193339813,A,grading/data_processed/onion/A/Onion_Red_3_r2_72__100.jpg
4389.5,360.6345578432083,0.74,0.4241214485143862,0.8042323195309637,42.42203650758742,52.63713040884699,76.3061359137893,50.940725587488586,58.40686166703321,34.27188317308528,10376.1009623813,478.71123287671224,0.5111096684530093,0.3668031342739481,A,grading/data_processed/onion/A/Onion_2_r0_70__100.jpg
6890.5,328.14927673339844,0.9,0.8041141386340609,0.9760606275231957,88.35404521541305,85.08621302376119,112.22863642826674,41.789187355257354,90.61467368121711,52.410714047017635,3184.0084367283953,369.3565168539326,0.38784344104541524,0.20169828759131933,A,grading/data_processed/onion/A/Onion_Red_1_r2_166__100.jpg
6762.0,321.22034430503845,0.92,0.8235290886745973,0.9727396964683881,85.95507246376812,84.79611529971304,113.00275362318841,43.35746420816691,88.98333333333333,51.46814842144943,3776.5683969636098,392.13461538461536,0.415430606783079,0.2347314482457689,A,grading/data_processed/onion/A/Onion_Red_1_r2_171__100.jpg
6100.0,306.0487713813782,1.1363636363636365,0.8183864275807868,0.9645793801391525,97.15425361155698,85.59909425785627,120.19390048154094,44.85408082133893,80.13258426966293,46.07429007942642,5024.283656559917,359.9090909090908,0.4139355839592428,0.28073948858624387,A,grading/data_processed/onion/A/Onion_Red_1_r2_133__100.jpg
7420.5,325.1198378801346,1.0101010101010102,0.8821777379718889,0.9868342309994016,29.20664109009128,50.52099411358912,159.96203201481677,55.57057359533045,98.50773911893107,55.056342591383434,2964.5041234159776,429.02387511478423,0.3610910366936449,0.2229607505890151,A,grading/data_processed/onion/A/Onion_Red_2_r1_106__100.jpg
6012.0,339.7056246995926,0.94,0.6546713873744847,0.9063088867113892,145.7206885352387,47.76961665598428,90.94267619356934,41.32371819821256,79.06966547580383,45.503368340020344,4530.1392833748305,366.32935483870966,0.504353024266825,0.3303975294396463,A,grading/data_processed/onion/A/Onion_Red_3_149__100.jpg
4673.0,301.2203423976898,1.3157894736842106,0.6471978253698303,0.9110937804640281,34.36617371380962,57.35609990884043,75.37742137054781,52.74200648998062,61.960841491355964,36.4084384215279,6728.49518405471,370.7881446039341,0.5073221078402884,0.35578809985772386,A,grading/data_processed/onion/A/Onion_2_r2_264__100.jpg
5936.5,321.4629842042923,0.94,0.7219022444985009,0.9228915662650602,146.65294698715837,47.44974363748003,94.18768521567335,40.44497320515502,78.05729338162661,44.87835983792612,4302.160658205071,363.754623655914,0.5090777780053138,0.3399419468506076,A,grading/data_processed/onion/A/Onion_Red_3_170__100.jpg
4464.0,277.9066355228424,1.4492753623188406,0.7263337372161031,0.9423685877137429,45.11108686163247,69.88026558540146,149.2291575731122,60.959420396543685,59.25272806634657,33.61589898448297,12781.30067599244,304.7432293954034,0.5023111992717242,0.32290534622906736,A,grading/data_processed/onion/A/Onion_Red_2_r2_161__100.jpg
5795.0,300.39191603660583,1.0454545454545454,0.8070246911294836,0.9646275488972118,74.14536552422759,82.49113330634883,112.34593955765659,43.64193664483919,76.01992233665372,43.710588044581954,7132.9812871621325,422.8467782217782,0.38877134642751615,0.2520174317688824,A,grading/data_processed/onion/A/Onion_Red_1_r2_22__100.jpg
6570.5,310.14927554130554,1.1235955056179776,0.8583546051905407,0.9814773321383226,35.33159307875895,9.613207748399608,48.44868735083532,28.858861421150355,86.30698090692124,50.073895623028776,3191.0600968943313,419.8478038815117,0.5172857868118683,0.23603801977300048,A,grading/data_processed/onion/A/Onion_White_2_r0_22__100.jpg
6830.0,320.7350616455078,0.9489795918367347,0.8343296767369555,0.9755749178688758,17.45171473669106,17.621863181573175,143.56191706127134,56.6985107989361,89.5799971301478,51.61097909172715,3827.5397368104364,550.5482475598933,0.3710037697573737,0.22059400640175558,A,grading/data_processed/onion/A/Onion_White_1_r2_57__100.jpg
4121.5,319.46298360824585,0.66,0.5074860181006581,0.8673190235690236,47.628229215594175,62.73644516253624,76.4246124941287,49.496654551515604,54.7555190230155,31.920317122636952,10988.71082348485,436.9367692307693,0.46583399216957555,0.33474505003167715,A,grading/data_processed/onion/A/Onion_2_r0_154__100.jpg
5770.0,379.8477599620819,1.075268817204301,0.5025352586396763,0.8532978408754807,35.51971688574317,12.209297078071547,48.823053589484324,29.389193123351994,76.58206943040108,44.38836011480641,2772.9918704474503,406.8907353100901,0.5744320533711404,0.34942017106641204,A,grading/data_processed/onion/A/Onion_White_2_r0_96__100.jpg
5145.0,299.5634889602661,1.3157894736842106,0.7204726231440138,0.9358799454297408,20.4420633415513,45.69698462296916,169.35539541058222,53.131484758777496,68.37075668499905,37.67658636845238,8864.761312396122,348.1671982987773,0.4307020297786996,0.2919200251649253,A,grading/data_processed/onion/A/Onion_Red_2_r1_285__100.jpg
7587.5,329.1198390722275,1.0,0.8802386707295505,0.987634233647901,17.938146997929607,36.70219040917555,150.49857660455487,55.27903992204178,99.48654244306418,57.14660575872406,2751.38732111,449.5887878787879,0.3357207118884238,0.21238968099751238,A,grading/data_processed/onion/A/Onion_Red_2_r2_84__100.jpg
4887.0,300.3919163942337,1.0843373493975903,0.6805745739704907,0.9404406812277495,51.850049850448656,75.43526238480464,116.97567298105683,49.255374636976114,64.60937188434696,37.265108171628256,12059.611360461928,399.66116149993235,0.44494333234152916,0.3126176827404414,A,grading/data_processed/onion/A/Onion_Red_1_r_159__100.jpg
5294.0,319.3624781370163,1.1235955056179776,0.6522679235156571,0.911972437553833,148.07773070547063,48.69133821280587,97.61392521643029,43.061998909627626,69.84914348867194,39.79783931439205,8123.334582641081,372.39938712972423,0.5203207669289748,0.37645314945713204,A,grading/data_processed/onion/A/Onion_Red_3_r2_25__100.jpg
3990.5,329.8061294555664,0.66,0.46101996524605354,0.8142215874311365,40.67940962980886,61.50608391860973,73.57609484635857,53.8541625561476,53.173481732397775,31.38963403726516,12032.077428833793,505.38323076923075,0.4670515490710312,0.35022309035492144,A,grading/data_processed/onion/A/Onion_2_r0_250__100.jpg
6787.5,317.1198378801346,1.075268817204301,0.8481504269758837,0.9799321446618061,17.474573822594625,15.892753219059928,136.71135509968218,53.86112688419778,89.19604160647212,51.593107475963286,5300.162749497052,507.33463668947525,0.39103818223576103,0.24356088301236772,A,grading/data_processed/onion/A/Onion_White_1_144__100.jpg
5988.5,403.0609633922577,1.1111111111111112,0.4632190810906244,0.8916765932102442,35.8131796786236,12.394976558695733,49.37688686901477,32.838171987376406,79.40545366012012,46.0213551708046,3137.9386222222224,461.12794612794625,0.5693956042113724,0.30167674797701943,A,grading/data_processed/onion/A/Onion_White_2_r0_153__100.jpg
4650.5,336.8355666399002,1.3888888888888888,0.5150787433701933,0.8723504033014444,31.631381537820378,46.018774795308005,94.11023129818712,52.080672766950045,61.89185246926443,35.785621769774664,7160.671333159721,432.82435465768805,0.4910475553443273,0.31837917377566766,A,grading/data_processed/onion/A/Onion_2_r1_61__100.jpg
6451.5,315.8061292171478,0.9789473684210527,0.8128856489811943,0.9681122448979592,94.36799757097313,85.1200261475346,118.63807499620465,45.14537550543229,84.84454228024897,48.61017656227917,5055.28837009002,527.7136155606408,0.3783284143851787,0.23758356010770285,A,grading/data_processed/onion/A/Onion_Red_1_r2_70__100.jpg
6918.0,315.70562517642975,0.94,0.8722194790733256,0.98281005824691,19.08252977878616,10.837020118923903,134.30005672149744,49.17343315898479,90.75340328984686,52.454507432795225,4176.659669522409,390.7031182795697,0.4260609958628,0.2378765734417582,A,grading/data_processed/onion/A/Onion_White_1_r_52__100.jpg
4049.5,278.00714015960693,0.64,0.6584144701458444,0.9157620985979195,50.440633245382585,73.52986668347663,149.25161909330774,53.092570785152425,53.7258335332214,30.29671618654882,15060.814924902346,323.26666666666665,0.4830963799072764,0.327861628845826,A,grading/data_processed/onion/A/Onion_Red_2_r0_297__100.jpg
4579.0,273.90663516521454,0.7,0.7669647462265026,0.955550918196995,14.336741214057508,24.58460262627645,153.71033013844516,54.55594006305485,60.38594249201278,34.42859806449854,11620.297387244897,382.1717391304348,0.44396016488856516,0.30951732857074454,A,grading/data_processed/onion/A/Onion_Red_2_r0_180__100.jpg
4006.5,314.1492745876312,0.58,0.5101558706412413,0.8825861879061571,40.30878802510864,58.563996492762286,74.00845002414293,49.41846926848769,53.264847899565424,31.3738784135067,12856.774618757432,492.7843859649123,0.4211675605929864,0.26458624063227015,A,grading/data_processed/onion/A/Onion_2_r0_133__100.jpg
4365.5,318.776692032814,0.72,0.5398470560193179,0.8920106252554147,50.94711111111111,62.92475120234241,77.66533333333334,55.344263964550066,57.888888888888886,33.673578315100386,9656.232402604166,491.07521126760565,0.47077793640628046,0.3560814223870332,A,grading/data_processed/onion/A/Onion_2_r0_184__100.jpg
4225.5,272.4924212694168,1.5151515151515151,0.7151203128178606,0.9395219566425792,16.524994240958303,35.22420549669964,150.0373185901866,66.02718397961148,55.908776779543885,32.362515094330384,12149.751206955923,281.9331190694827,0.45161094799483387,0.3287269487655283,A,grading/data_processed/onion/A/Onion_Red_2_r2_22__100.jpg
5971.5,337.6051206588745,0.94,0.6583779089612914,0.9077987230161143,145.59296811120197,47.77020131534607,92.26688470973018,42.25237890539378,78.57857726901062,45.09122395884447,4628.141572249887,351.61709677419356,0.5093647433012443,0.3349067012687954,A,grading/data_processed/onion/A/Onion_Red_3_151__100.jpg
4835.5,328.14927566051483,0.76,0.5642977930180023,0.885541617068034,41.81840096424267,52.356858439436934,80.70771394134191,51.60483508719094,64.38288469264765,38.3340349636741,8079.6576146814405,553.5248000000001,0.4718056931925046,0.32717078109146613,A,grading/data_processed/onion/A/Onion_2_r0_16__100.jpg
7416.0,324.87719774246216,1.0101010101010102,0.8829601925578701,0.9873518839036081,29.007544672402382,48.72338292517904,162.46393117140966,56.76085064212792,98.4127068166777,55.210561603080684,3033.33872845628,432.96061626364656,0.3602991407907867,0.22293565290099604,A,grading/data_processed/onion/A/Onion_Red_2_r1_105__100.jpg
4415.0,318.19090497493744,0.72,0.5479804293588431,0.8930919389096794,52.59903275445153,63.13642797311756,78.8903055616619,54.21809410516392,58.458562321389316,33.46908568240647,9783.274505478395,461.78,0.4646349155985908,0.3472302056434152,A,grading/data_processed/onion/A/Onion_2_r0_190__100.jpg
6643.0,316.73506247997284,1.1235955056179776,0.8321120896214449,0.9720515071700322,15.788790560471977,12.90443401011162,143.91017699115045,51.44225547778072,87.56991150442478,50.901735778870076,5348.994507057189,500.3976847122915,0.3763845508858728,0.22528071297795327,A,grading/data_processed/onion/A/Onion_White_1_173__100.jpg
5228.0,371.0193330049515,1.0454545454545454,0.4772570607460988,0.849943098683141,35.34985152190052,11.062583743061001,65.0898292501856,33.26574771134554,69.80920564216778,40.576913007619794,2219.7918524976717,429.8145604395605,0.5102875829578714,0.317058200267528,A,grading/data_processed/onion/A/Onion_White_2_r1_77__100.jpg
6807.5,314.1492757797241,0.9791666666666666,0.8668129447231587,0.9838138593829034,91.21143597868357,84.19434560108267,118.06884632003457,46.91653267949452,89.3252196456863,50.85337097747248,4703.243300764549,462.6693548387097,0.3288461223197804,0.21480812619400202,A,grading/data_processed/onion/A/Onion_Red_1_r2_60__100.jpg
6294.0,301.9066345691681,0.978021978021978,0.8677433389972914,0.9796871351856176,67.34526774595268,81.5589410481981,117.78035491905355,45.86749467074607,82.68742216687423,47.418262805870825,6066.444839200583,502.43843656343654,0.32361870171954643,0.1918108136801012,A,grading/data_processed/onion/A/Onion_Red_1_r_172__100.jpg
3980.5,273.6639938354492,1.5625,0.667901118570133,0.9202404346318345,21.91213082743471,49.382914948105366,163.94312911886746,55.91440979410032,52.95655357578716,30.24050639665794,15492.503768652343,279.4086174242425,0.5166649753684515,0.34619456654366954,A,grading/data_processed/onion/A/Onion_Red_2_r1_306__100.jpg
4431.0,290.73506128787994,0.68,0.6587441878614779,0.9387711864406779,33.76267837541164,60.65997520382461,146.95740944017564,53.185270976393035,58.69615806805708,32.88107661391359,13054.314196345154,354.20552238805976,0.4708915767908818,0.3095318722700318,A,grading/data_processed/onion/A/Onion_Red_2_r0_234__100.jpg
7093.5,358.77669167518616,1.0204081632653061,0.6925035360979382,0.9523393971940659,78.5685706401766,84.42360889921873,125.02773178807946,37.99546022956018,93.94288079470199,54.709520845747065,2475.492856632653,390.34498041640904,0.4065364144053463,0.24462054788520612,A,grading/data_processed/onion/A/Onion_Red_1_r_90__100.jpg
5260.5,322.49242103099823,0.968421052631579,0.6356204532862242,0.8753640069889342,32.67598592853175,8.887485875070896,67.58766895019441,38.766909967335174,69.74967598592853,40.731884124857906,2321.9690638794777,295.40231347599774,0.5786542776124809,0.3672326077130875,A,grading/data_processed/onion/A/Onion_White_2_r1_124__100.jpg
3622.5,298.83556711673737,1.639344262295082,0.5097458363611943,0.8768001936342733,34.831289978678036,55.283645908584575,90.29317697228144,54.72762928909016,48.52558635394456,28.821196925991874,13167.832803305564,311.53932770326213,0.5213803132651171,0.37154187889862245,A,grading/data_processed/onion/A/Onion_2_r1_264__100.jpg
6022.5,329.11983704566956,0.95,0.6986803900828387,0.9253284166858723,60.05013791984423,80.10985025350763,119.59808534804478,42.57682723419369,79.19876683433392,45.32411180871689,5221.566720565097,436.5537234042552,0.471584429323419,0.3379840642764741,A,grading/data_processed/onion/A/Onion_Red_1_15__100.jpg
5675.5,287.32084834575653,0.9886363636363636,0.8639323010858823,0.9839632454923717,135.6390134529148,60.83824800805252,90.03070024146257,42.735427378842495,74.72473266643671,43.08392596230706,6057.783825154994,423.00541754756887,0.388519202939322,0.22830608454644805,A,grading/data_processed/onion/A/Onion_Red_3_r2_157__100.jpg
4669.0,292.2497811317444,1.3513513513513513,0.6869503494267398,0.932494507689235,32.20563086548488,54.54796178716305,92.80500521376433,55.20948196484817,61.66506777893639,35.23194735554095,7496.091244046751,378.6309036309037,0.4896609568389092,0.34027930367312714,A,grading/data_processed/onion/A/Onion_2_r2_202__100.jpg
6812.0,323.22034299373627,1.0869565217391304,0.8193833404782033,0.9733514324498107,24.848798733995107,48.025891699721875,79.30930801323551,49.41297902093292,89.31017119838872,51.32830522632751,2162.8229781545365,508.090909090909,0.37805992974945973,0.23125201342428597,A,grading/data_processed/onion/A/Onion_2_r1_173__100.jpg
3801.0,308.2497799396515,0.55,0.5026922423724047,0.8557919621749409,44.31740787801779,63.244919453953266,82.50063532401525,55.09707212410144,50.58754764930114,29.496536052458428,12596.671168793388,474.8796296296297,0.4044584542932077,0.26142835993819147,A,grading/data_processed/onion/A/Onion_2_r0_274__100.jpg
6708.0,363.3624778985977,0.979381443298969,0.6384439280808343,0.9275442477876106,24.28871085214858,37.82129131174898,106.21310997815003,48.85335044782952,89.31099781500365,52.057046163842784,1870.593946162821,361.23777144110545,0.4405301718902791,0.24109878163204007,A,grading/data_processed/onion/A/Onion_2_r2_333__100.jpg
6772.0,321.9066344499588,1.1,0.8212340700855337,0.9710352738743906,18.35619212962963,23.00130536432842,148.4771412037037,48.41811647450162,89.08912037037037,51.233445132570964,4919.830165427817,499.5374149659864,0.3626767118870205,0.21082070577798703,A,grading/data_processed/onion/A/Onion_White_1_179__100.jpg
6145.5,333.6051194667816,0.97,0.693907647320015,0.924900293475807,146.3626530936854,48.53025658484214,92.145379354223,39.22295011867976,80.77031970733259,46.483863193626085,4447.499913529599,338.36114583333324,0.5106146663470003,0.3370225049411471,A,grading/data_processed/onion/A/Onion_Red_3_120__100.jpg
5750.5,309.17871284484863,1.2048192771084338,0.7559556236764996,0.9553119029819752,27.708120965001697,40.41871938378974,93.80716955487598,52.05755612869816,75.7514441046551,43.614740162202466,4453.501917491653,483.8884020932213,0.47595100963457765,0.28044785957659846,A,grading/data_processed/onion/A/Onion_2_r2_13__100.jpg
5950.0,360.19090592861176,1.098901098901099,0.576316883398688,0.8913190023219234,35.3998361998362,10.017715674134337,46.844717444717446,29.875715233455086,78.85667485667486,45.89093574663547,3271.041192899408,422.40237540237536,0.5741621948256138,0.3163717464353665,A,grading/data_processed/onion/A/Onion_White_2_r0_116__100.jpg
6226.5,321.1198377609253,1.0204081632653061,0.7587864816534482,0.9457735247208932,145.31274556027032,49.04236740910716,98.01178689297501,41.10945688697284,81.92330661637592,47.32645422455205,4516.198078967097,359.8465264893837,0.49095760455729986,0.337675370799694,A,grading/data_processed/onion/A/Onion_Red_3_87__100.jpg
4232.0,281.4213536977768,1.4705882352941178,0.671492903859804,0.9175067750677507,33.29588789340685,46.158316086044785,90.14955203308064,57.21147739161404,56.35860326211808,33.77285655258574,8991.090257352942,355.79471182412357,0.524295347561689,0.3496914073319935,A,grading/data_processed/onion/A/Onion_2_r2_46__100.jpg
5945.5,519.6295033693314,0.91,0.2767009465410033,0.8392857142857143,21.044098573281453,18.602234453198392,131.95509079118028,47.78567341454741,80.09889753566796,46.93193610475421,3938.543136469025,669.1590000000001,0.4643434799563479,0.30174844400061157,A,grading/data_processed/onion/A/Onion_White_1_r2_167__100.jpg
7084.5,333.4629842042923,0.97,0.8006151497276867,0.965519591141397,16.423630326508025,13.776071243137222,140.98491975650248,54.88327070166988,93.16643608190371,53.62264487470067,3699.605540907641,460.56291666666664,0.38580091871134403,0.2393177422817484,A,grading/data_processed/onion/A/Onion_White_1_r2_65__100.jpg
4577.0,273.90663516521454,0.7,0.7666297539809352,0.9587348135735233,12.45514596207117,21.061687365206737,153.16663115278072,55.30835956380109,60.396974216918814,34.44315004971362,12554.18843997959,376.31304347826085,0.45544838256982373,0.30873223910556863,A,grading/data_processed/onion/A/Onion_Red_2_r0_174__100.jpg
4773.5,282.97770261764526,1.3888888888888888,0.7491044174790774,0.9591119148081173,13.769466584917229,25.188932354573005,154.99366441855713,64.98901918534689,62.94154915184958,36.30017485176673,11192.17382312886,347.1663860830527,0.427427362966716,0.3071259381569256,A,grading/data_processed/onion/A/Onion_Red_2_r2_41__100.jpg
3732.5,267.66399478912354,0.63,0.6546810491158472,0.9185431278454534,31.44903796151846,55.875696655286674,155.2714508580343,57.44843401070134,49.28523140925637,29.239734348657155,16511.865417586294,328.2524193548388,0.5104438068056186,0.3668864022473527,A,grading/data_processed/onion/A/Onion_Red_2_r0_42__100.jpg
6922.5,362.43354547023773,1.0204081632653061,0.662240982565874,0.9560803811891444,17.038428934727325,18.443683890789742,139.9491381746256,51.98808970060478,91.59918055948008,53.14809725977984,3983.5844481361933,402.8789940218512,0.4011953398063215,0.26261432903416343,A,grading/data_processed/onion/A/Onion_White_1_r2_74__100.jpg
4323.5,290.1492750644684,0.67,0.6453604513823356,0.9199914884562187,48.539914549134245,72.94663941982698,151.55655498088598,58.11304540263395,57.61659545761187,32.82807904580276,15077.460693606594,403.60015151515165,0.48073967936396994,0.31519944274258194,A,grading/data_processed/onion/A/Onion_Red_2_r0_252__100.jpg
6729.5,315.9482650756836,0.95,0.8471507733497424,0.9734558078981629,22.059303511583856,18.2813301599191,123.11977269415708,48.28299986727455,89.09383651464374,52.82927943338026,5431.151965828255,521.3767021276594,0.4380610641568354,0.26248336298568226,A,grading/data_processed/onion/A/Onion_White_1_r2_159__100.jpg
4848.0,307.90663516521454,1.1666666666666667,0.6425906169136235,0.8968643048746647,142.45372415177675,54.56178766905758,93.04416783778358,45.04485324729783,63.851836980526,36.784621009888404,9272.087011632884,364.5468826705941,0.5513065438637351,0.381358952597696,A,grading/data_processed/onion/A/Onion_Red_3_r_35__100.jpg
3747.0,271.0782080888748,1.639344262295082,0.6407732080920924,0.9149066048101575,18.36716727084412,41.42079648388441,154.77058518902123,61.166865898220195,49.88658726048679,29.144074714125697,18667.62804579414,273.87497930120884,0.4987365873620727,0.3525830122869342,A,grading/data_processed/onion/A/Onion_Red_2_r1_178__100.jpg
4116.0,309.56348848342896,0.6,0.5397414431403021,0.8968297200130734,39.43563191339138,56.87239196719077,86.17933631442692,55.63277990945484,54.81407389974112,32.29804686213524,13721.677586222222,565.0698305084746,0.4304697463058466,0.26812948631327993,A,grading/data_processed/onion/A/Onion_2_r0_308__100.jpg
6741.0,314.87719786167145,1.0869565217391304,0.854381364957501,0.9811512990320937,18.046545454545456,17.88717409645876,138.28843636363635,52.64349398557795,88.5808,51.31911976230867,5232.137085999528,454.2719587176109,0.3887592573546655,0.24049540504426634,A,grading/data_processed/onion/A/Onion_White_1_146__100.jpg
5689.5,362.91882717609406,1.0,0.5428314086516863,0.8393449878291658,37.25342231348392,15.705155084479093,50.02446954140999,26.999054096720723,75.51813826146476,43.86165536454736,3204.07981351,474.1507070707071,0.6019022150454617,0.3996434871797862,A,grading/data_processed/onion/A/Onion_White_2_r1_46__100.jpg
3718.5,266.0071395635605,0.63,0.6603756688534153,0.9203068927112981,38.52505219206681,62.364830022574886,155.55401878914404,56.609923225958276,49.311586638830896,28.53017286055857,17008.517946686825,341.02741935483874,0.5074001883956155,0.3686154382430751,A,grading/data_processed/onion/A/Onion_Red_2_r0_36__100.jpg
6824.5,315.80612885951996,0.93,0.8598834571861648,0.9792653178361315,147.5469827586207,48.155364934041756,99.23318965517241,40.95785002788293,89.59396551724137,51.783194343904476,2545.272512937912,395.1700000000001,0.4369133356395934,0.23653784811670714,A,grading/data_processed/onion/A/Onion_Red_3_r2_104__100.jpg
5696.0,302.0487698316574,1.2195121951219512,0.7845591685770169,0.9659148719687977,12.088942307692308,22.26490397814488,158.9065934065934,57.30613398442879,74.77300824175825,42.958631384809784,7002.593453361094,446.8518107908352,0.4103974256651345,0.2753425411080034,A,grading/data_processed/onion/A/Onion_Red_2_r2_56__100.jpg
4573.0,284.5929274559021,1.4285714285714286,0.7095170877757846,0.9307958477508651,20.777470187393526,45.11368012760954,157.5807069846678,63.31852667492979,60.59838160136286,34.31410099643281,10848.492794265307,314.20822510822507,0.4431740171537304,0.3142068295824181,A,grading/data_processed/onion/A/Onion_Red_2_r2_306__100.jpg
3716.0,312.39191687107086,1.5873015873015872,0.47850446361967586,0.8471446483529009,29.974285714285713,47.0514403613133,85.69532467532467,50.860853254008106,49.84389610389611,29.65369463658103,11409.281721819098,347.5428892095559,0.5257536947848519,0.37369567163363665,A,grading/data_processed/onion/A/Onion_2_r1_82__100.jpg
3912.5,318.9777032136917,1.5873015873015872,0.4832185094555993,0.88718820861678,40.45086419753086,60.55265379790686,83.16296296296296,54.85182834420685,52.141481481481485,30.356319866378843,10076.35563628118,314.8540965207632,0.5009639204921402,0.3426469496261942,A,grading/data_processed/onion/A/Onion_2_r1_298__100.jpg
3966.5,324.14927554130554,0.65,0.47438091891077677,0.8143091767604188,51.419284149013876,68.09712479846945,75.94351107864621,55.0171341364917,53.2863403944485,32.088557094320265,11648.493647786983,534.69421875,0.4608373674533455,0.34477590165683164,A,grading/data_processed/onion/A/Onion_2_r0_254__100.jpg
6212.5,372.77669179439545,0.93,0.561796159544925,0.9010805714700123,48.85456542202699,75.07153808382203,117.2911829306558,43.521144114260544,81.99419516786946,46.92756033089893,5960.8150292981845,444.7346739130436,0.4201400243027289,0.30075499672146777,A,grading/data_processed/onion/A/Onion_Red_1_69__100.jpg
5533.0,300.8771971464157,1.0232558139534884,0.7680544058980621,0.9649459365190094,57.17526501766785,77.92246320267817,117.12031802120141,48.30706234796738,72.76554770318022,41.7527762598697,8672.485925896257,439.7566158781075,0.36830461974454265,0.23541338767292005,A,grading/data_processed/onion/A/Onion_Red_1_r_164__100.jpg
6947.5,330.1492749452591,1.075268817204301,0.8009727180025664,0.9697117733268197,29.077845155831337,53.63916146935506,82.19785643773798,51.03795503307566,91.06642222535609,52.29496324514579,1949.8894838247195,475.40708156837184,0.36386279249876846,0.22497332508202184,A,grading/data_processed/onion/A/Onion_2_r1_188__100.jpg
4099.0,281.07820904254913,1.492537313432836,0.6519787290568093,0.9215377697841727,34.787390376866554,55.84190320354185,88.09931263332544,54.998065832539716,54.79924152642806,33.20779656115055,10333.34215235019,401.2463440373887,0.49868858118130277,0.3585840917231974,A,grading/data_processed/onion/A/Onion_2_r2_226__100.jpg
7253.0,350.048770070076,1.0526315789473684,0.743824415008613,0.9717960742279091,68.11222147197839,81.15376635694427,125.15138419986495,44.21176603977083,95.73261309925726,54.77069574090536,4144.277977218837,584.3498139287614,0.31632784155449634,0.20522729265749381,A,grading/data_processed/onion/A/Onion_Red_1_r_184__100.jpg
6537.0,310.73506128787994,1.1235955056179776,0.8507615055261554,0.9784463403682083,16.487183330834956,14.016985724416587,143.02503372807675,52.519336823914934,86.1621945735272,50.133726890676954,5796.607890872364,515.9553966632618,0.3858142986349224,0.2377976337561888,A,grading/data_processed/onion/A/Onion_White_1_165__100.jpg
4410.0,271.9066342115402,1.4705882352941178,0.7495642163583259,0.9521753211702472,15.027624309392266,31.07129405489243,151.2839779005525,64.20935042903659,58.043093922651934,33.39744455994834,11278.531791003461,292.00757575757575,0.43873635853910553,0.3205462048770807,A,grading/data_processed/onion/A/Onion_Red_2_r2_32__100.jpg
5144.0,295.4213536977768,1.2820512820512822,0.740673925657244,0.9434204493351673,27.243550834597876,38.626448440237226,95.0572837632777,53.66061346874514,68.11608497723824,40.24239660885451,5875.890203139382,375.16770266770266,0.5012735461557993,0.3145275301146713,A,grading/data_processed/onion/A/Onion_2_r2_22__100.jpg
6446.0,302.2497807741165,1.0,0.8866825796885283,0.9854009019338072,65.46525771628401,80.63039439590464,121.87882013075871,45.56835248625316,84.76919568192184,48.38272931666547,6196.237954579369,553.5105006105006,0.31157306773319493,0.1916717589655545,A,grading/data_processed/onion/A/Onion_Red_1_r_179__100.jpg
5929.0,484.0731554031372,0.9292929292929293,0.31795767740912567,0.8502186850218685,21.734843546284225,19.243725972823274,129.78992829204694,48.315918717948435,79.49494784876141,46.508694290629,4259.754762881532,664.9398379398381,0.4710690908322166,0.3065337753573282,A,grading/data_processed/onion/A/Onion_White_1_r2_165__100.jpg
4680.5,278.8355666399002,0.7,0.7564945011320119,0.9630658436213991,11.193958333333333,16.205043098726783,155.891875,55.875521778184975,61.82458333333334,35.32618923206572,10796.245301530613,381.6579710144928,0.4325976111618709,0.29378352347289016,A,grading/data_processed/onion/A/Onion_Red_2_r0_153__100.jpg
5624.5,384.7766922712326,0.98,0.4773932469416091,0.7792864565292691,17.366022099447513,17.793154456202426,140.98428867403314,50.12005884607855,75.17783149171271,44.094509470718805,2769.125625780924,302.809175257732,0.5212751776597305,0.39446821911963875,A,grading/data_processed/onion/A/Onion_White_1_r2_116__100.jpg
6339.5,320.6345556974411,1.1627906976744187,0.7748974269472633,0.9590046138718705,24.252122896402657,45.63000619534007,101.99552261849622,53.124079329087586,83.48170449282075,47.56413493934106,2133.9650091806384,497.96605590791626,0.3673464956111566,0.23499565224971278,A,grading/data_processed/onion/A/Onion_2_r1_14__100.jpg
4982.5,276.8355680704117,1.036144578313253,0.8169837071179804,0.9689809412679891,148.48617918055282,48.09658785718265,107.18780631248775,47.178289894356666,65.5283277788669,37.63630044102737,7454.399431579852,345.08433734939763,0.4486167156388824,0.26848633009230116,A,grading/data_processed/onion/A/Onion_Red_3_r_119__100.jpg
4174.0,330.73506128787994,1.5625,0.479514599876873,0.8721270371918094,36.573182028717,57.86481101252373,84.91083835108847,55.93285417520388,55.52431681333951,32.13712855353119,8613.737333984374,346.8631628787879,0.4833703852914261,0.30945387429594823,A,grading/data_processed/onion/A/Onion_2_r1_305__100.jpg
5142.0,318.19090604782104,1.1162790697674418,0.6382141220297832,0.9144584741241331,81.85424564063685,85.56669553588777,112.07998483699772,47.02727388932397,68.62850644427597,40.18188337355919,10301.68920835352,399.68665850673204,0.47229305944729094,0.34538941217256286,A,grading/data_processed/onion/A/Onion_Red_1_r_128__100.jpg
3736.5,268.4924222230911,0.63,0.6513445517031293,0.9194143700787402,33.82493506493506,58.17643564156244,152.84753246753246,57.275500760951545,49.676623376623375,28.800542906606836,14823.33045351474,323.7696774193549,0.5041119446687404,0.3661346986914079,A,grading/data_processed/onion/A/Onion_Red_2_r0_44__100.jpg
6052.0,344.87719762325287,0.94,0.6394105851865414,0.9054458408138839,146.04015481373972,47.64503655553157,90.42186744073537,41.9438701479613,79.60216094178358,45.767055533484296,4284.247328100951,353.1538709677419,0.5015191477478746,0.3263091600591224,A,grading/data_processed/onion/A/Onion_Red_3_136__100.jpg
5134.5,326.6345566511154,1.032258064516129,0.6047609815743175,0.8661437246963563,33.95412322274881,15.023563784302963,60.28587677725118,44.21170717942746,67.99355450236966,39.596796703350385,1842.9413496818636,266.60045274476516,0.6090133927801356,0.39641131437846067,A,grading/data_processed/onion/A/Onion_White_2_r1_9__100.jpg
6638.5,313.1198378801346,0.91,0.85086107617138,0.9798523985239852,16.44040762073549,14.208755990025061,144.20454881110618,53.278448488915224,87.26628267611873,50.433203677059,5189.844943847362,567.502888888889,0.3739590954966284,0.2414337191461473,A,grading/data_processed/onion/A/Onion_White_1_r_152__100.jpg
6981.0,328.87719762325287,0.94,0.8110730586900556,0.9702571230020848,17.582841898343162,18.178224748192154,143.62103341757933,55.863495735067715,91.7292895254142,52.74367244684028,4184.634347838389,494.1903225806451,0.3754642826920883,0.2271907262278554,A,grading/data_processed/onion/A/Onion_White_1_r2_59__100.jpg
3873.5,335.6639940738678,0.59,0.4320200555600584,0.8262585324232082,34.77766724695349,50.60746930930942,78.61303158418303,53.77333649466037,51.85476249689132,30.915723186411807,14884.10537118644,462.8296551724139,0.44736052257808845,0.2945698611391832,A,grading/data_processed/onion/A/Onion_2_r0_101__100.jpg
5338.5,301.80612993240356,1.2195121951219512,0.7365004190178057,0.9559495030889068,33.65630144503384,55.77079027755223,88.52899213462594,48.33109800850433,70.2498628132431,40.269675099880324,5598.534503033908,444.15102241931504,0.46331542284607,0.318903073710167,A,grading/data_processed/onion/A/Onion_2_r1_229__100.jpg
5124.0,340.04877066612244,1.1428571428571428,0.5568478751820531,0.8804880144342297,112.23145513185354,82.31302334576219,117.06355530259913,43.977520751301526,67.76285334851072,39.04424851614387,8732.222293022389,360.7016290726818,0.4693961636274608,0.3317581073802892,A,grading/data_processed/onion/A/Onion_Red_1_r2_109__100.jpg
5258.5,348.09039986133575,1.0674157303370786,0.5453654870819984,0.9189968542467669,34.27543470218276,10.28627306483108,70.10432852386238,35.891961756649145,70.0179430262671,40.752551923268356,2095.6111748110934,397.29297155151795,0.5310498809530688,0.3446415737372733,A,grading/data_processed/onion/A/Onion_White_2_r1_92__100.jpg
4084.0,283.9066336154938,1.4705882352941178,0.6367141729368093,0.9190953077528975,36.657074910820455,57.790748659995145,82.56361474435197,52.780248515017306,54.06397146254459,31.64135297355067,10656.87911548443,329.5977421271538,0.5072795353724548,0.37083992009395406,A,grading/data_processed/onion/A/Onion_2_r2_244__100.jpg
6398.0,334.53405117988586,1.0,0.7184117719423427,0.9313632724361307,145.7703715028283,48.174247850268124,92.30362329918972,42.369926501969054,84.15884421342302,48.45105108404234,4155.694603840001,349.90606060606063,0.49718680295095874,0.3345704621502842,A,grading/data_processed/onion/A/Onion_Red_3_105__100.jpg
6292.0,333.70562386512756,1.1111111111111112,0.7100215436790338,0.9556500607533415,31.801398601398603,52.807930974444595,87.48749028749029,48.91954567633677,82.64055944055944,47.299672219502995,3303.256735802469,505.0172839506173,0.4237317137403348,0.27211995859951527,A,grading/data_processed/onion/A/Onion_2_r1_221__100.jpg
4558.0,328.87719666957855,0.73,0.5295618139162817,0.8781427608130238,50.38263460310704,62.643975938846,74.71504575441584,53.02136203596029,60.876782294105126,36.31810011592987,9713.102054494277,518.2855555555556,0.45186942070636876,0.33741951486590943,A,grading/data_processed/onion/A/Onion_2_r0_208__100.jpg
6470.5,312.63455736637115,1.098901098901099,0.8319050153527346,0.9722764838467318,94.07041187159298,85.66884237562553,117.74939430648092,44.6063138529824,84.9663840096911,48.685001143568556,4137.154385448617,359.973692973693,0.40621804739757617,0.2604581593785032,A,grading/data_processed/onion/A/Onion_Red_1_r2_136__100.jpg
5966.5,402.7178169488907,1.1235955056179776,0.46230418085459085,0.8932554831948499,34.610785272075596,10.747957939632371,50.158357771260995,31.735465923289354,79.11518409905507,46.195300564093166,3238.440106792072,501.76461241629784,0.5784055668761058,0.2971865663754704,A,grading/data_processed/onion/A/Onion_White_2_r0_6__100.jpg
5726.5,390.43354618549347,1.0526315789473684,0.4720683439633191,0.8412663434699574,35.29494572591587,12.353181802335747,49.96658751696065,31.078828130440826,76.09989823609227,44.12561891036815,3013.469927301939,376.78841041998925,0.5840490619762585,0.36723059783669787,A,grading/data_processed/onion/A/Onion_White_2_r0_90__100.jpg
6581.0,318.391917347908,1.098901098901099,0.8157887017832108,0.9740250129504922,18.535576064304852,13.476612432714724,125.40473355165227,56.65347329108941,86.80544805001489,50.676740145294445,5188.476360391257,406.65567765567766,0.42378534650559935,0.25005591733722493,A,grading/data_processed/onion/A/Onion_White_1_10__100.jpg
6151.5,340.43354618549347,0.97,0.6670005544284711,0.9315514499886424,83.50555908513341,84.54407191613831,116.98443456162643,42.53046309869319,81.22029860228717,46.78686813788945,5734.396674460622,399.5449999999999,0.46907493215053475,0.33530869768476856,A,grading/data_processed/onion/A/Onion_Red_1_118__100.jpg
5928.5,339.9482649564743,0.95,0.6446574861791142,0.9232266604375925,62.46460322686862,80.71297668171322,118.56354955548238,42.94591549687733,77.90154757984854,44.78677601116883,5482.254731734072,464.30414893617024,0.49557266551190027,0.34738334262897475,A,grading/data_processed/onion/A/Onion_Red_1_6__100.jpg
6911.5,314.97770392894745,0.91,0.875432268551189,0.9845441595441595,149.26323258124023,46.21866805209028,100.66397048389385,40.374348548714174,90.79097488292891,52.411045691871855,2515.3913789518174,364.62766666666664,0.42437949302432365,0.21137407598851846,A,grading/data_processed/onion/A/Onion_Red_3_r2_102__100.jpg
3907.0,306.5929254293442,0.57,0.522310812640027,0.8855394378966455,42.130413264043554,60.607973664503334,74.0737441227419,48.16102975431652,52.10715169512497,30.80094148506257,12350.642287811634,424.2332142857143,0.42363587744988185,0.2696829440400755,A,grading/data_processed/onion/A/Onion_2_r0_124__100.jpg
4218.5,319.80612909793854,1.3157894736842106,0.5183156856073482,0.8651558654634947,138.21143250688706,55.68321018804517,87.05165289256199,49.12766903260749,55.93939393939394,32.97270485388003,12788.160002614266,329.7078681552365,0.5626892566336142,0.4143504164324826,A,grading/data_processed/onion/A/Onion_Red_3_r_152__100.jpg
4727.5,310.2914105653763,1.1294117647058823,0.617023768881799,0.8954446443792026,140.71866639226178,56.067617897449445,87.56328462646636,42.479851984801094,62.309734513274336,36.15313195713828,8905.991031334104,297.6934984520125,0.5639310944653547,0.3906244449430059,A,grading/data_processed/onion/A/Onion_Red_3_r2_120__100.jpg
6446.5,341.6051185131073,1.1363636363636365,0.6942008038111641,0.9601578790586833,16.75530946601942,16.829889877540904,143.8534587378641,54.86131903836604,84.9195995145631,49.10345383947872,4768.060770196282,461.6765381083563,0.4045404634224798,0.23615884468566145,A,grading/data_processed/onion/A/Onion_White_1_192__100.jpg
3571.5,294.83556735515594,1.694915254237288,0.5162983914090846,0.887880671224363,35.39172749391727,56.70224394084207,87.85996215193296,56.007408511400996,47.542849418761826,27.37807130570781,12289.097100689456,241.51172744393082,0.514232486817005,0.35952898639022973,A,grading/data_processed/onion/A/Onion_2_r1_280__100.jpg
5246.0,325.56348860263824,1.1764705882352942,0.6219661699918465,0.8917977050573735,142.25580100241322,53.00852526643593,95.92444774457026,45.8329673558891,69.2054947094858,39.81896455523064,7972.494734948097,387.0382650029709,0.5163953477048163,0.35371284309700524,A,grading/data_processed/onion/A/Onion_Red_3_r_28__100.jpg
6662.5,317.1198385953903,1.1111111111111112,0.8325307100164042,0.9761904761904762,20.5155215536266,10.939234655994984,123.62983669265853,50.36875155017333,88.13285272914521,52.04556156617484,6724.025904395062,484.15274971941636,0.4248315937024819,0.2320080736179892,A,grading/data_processed/onion/A/Onion_White_1_31__100.jpg
4812.0,300.39191591739655,1.3888888888888888,0.6701299079891803,0.9511761217631943,37.65404858299595,59.68596931441832,79.2168016194332,53.27963964880403,63.57105263157895,36.84603061072466,6262.021614506172,375.6393097643098,0.4651209839587636,0.3007466162011852,A,grading/data_processed/onion/A/Onion_2_r1_141__100.jpg
6562.5,311.462983250618,1.1111111111111112,0.8500927305100634,0.9793314430681987,20.987752053771473,11.86422437897962,121.48469006721434,49.470951911268045,86.30336071695295,50.36975287943905,5380.707975,470.8949494949495,0.41556006252372046,0.24350399427059266,A,grading/data_processed/onion/A/Onion_White_1_64__100.jpg
7068.0,331.2203435897827,0.96,0.8096035394526029,0.968882796435915,16.90306476216891,16.252067456540694,141.3075856330606,55.00535112842989,92.96019969491056,53.50967648350762,3837.3335077148445,484.2488421052632,0.3806495591906172,0.2343583448375881,A,grading/data_processed/onion/A/Onion_White_1_r2_63__100.jpg
6974.0,318.87719666957855,1.0416666666666667,0.861876184338713,0.979700779658636,25.359774964838255,43.200145360421075,164.55977496483825,52.976636964650645,92.78551336146273,50.88893328953641,3162.125374826389,447.8386994949495,0.3824273110919365,0.24377486455527975,A,grading/data_processed/onion/A/Onion_Red_2_r1_121__100.jpg
5873.5,401.6051195859909,1.0869565217391304,0.4576235398290771,0.8635595089318533,35.840800132253264,10.42354566688745,48.8508844437097,30.90114972538795,77.94957844271781,45.17854153481791,2911.5597862003774,466.39503732982,0.5649863347063959,0.33021210596762335,A,grading/data_processed/onion/A/Onion_White_2_r0_101__100.jpg
3711.0,313.22034323215485,1.6129032258064515,0.4753362067292888,0.8605217391304348,30.97477243172952,49.924662495988656,78.83823146944083,54.761545694577435,49.44499349804941,29.17570473384448,10919.533047970865,312.4718149234278,0.5303277731421955,0.3660972310140804,A,grading/data_processed/onion/A/Onion_2_r1_113__100.jpg
4671.5,300.97770261764526,1.2048192771084338,0.6480336704276982,0.899576352782592,143.42020833333333,52.708742633045496,90.00375,43.485356569050715,61.598958333333336,35.43842957273367,8861.811729583393,343.15601801143976,0.5772787836728528,0.4081877281233862,A,grading/data_processed/onion/A/Onion_Red_3_r_46__100.jpg
4108.5,282.8355664014816,1.1973684210526316,0.645394282462141,0.9062534465644645,148.24964539007092,48.385783168991814,102.36359338061466,49.92181308409151,54.30756501182033,31.329812907407312,12986.29556905455,268.6709064327486,0.538335069433036,0.37331273748590654,A,grading/data_processed/onion/A/Onion_Red_3_r_126__100.jpg
3986.5,308.8355666399002,0.59,0.5252269636951473,0.885003885003885,40.18466391652512,58.903188807780715,72.01407425382189,47.32195506455329,52.95729191943703,31.09037824406213,13761.569512754957,482.03586206896557,0.4326040111196267,0.27965081420133947,A,grading/data_processed/onion/A/Onion_2_r0_132__100.jpg
4930.5,293.17871248722076,1.3513513513513513,0.7208351577423072,0.9362005126744517,21.941478845393437,45.99682944558982,161.8206801107157,62.60018361556935,65.16211941478845,36.67255711900214,9402.27278298028,308.7117117117117,0.43862475039700993,0.30274143989350416,A,grading/data_processed/onion/A/Onion_Red_2_r2_300__100.jpg
6942.0,320.3919161558151,1.0638297872340425,0.84982866074513,0.9805777244155661,17.699435028248587,14.773967397932019,140.43206214689266,54.966555473363016,91.2635593220339,52.979923974967804,4614.336103655501,506.2712228669676,0.3909443320607871,0.23467396434835422,A,grading/data_processed/onion/A/Onion_White_1_136__100.jpg
6111.0,336.04877042770386,0.94,0.6800134870166906,0.9222062929148117,144.31441815856778,50.64260419737146,96.28772378516624,39.981005914674995,80.50367647058823,46.03515960640748,5009.994696231327,407.06774193548375,0.4751466584510472,0.32067969459871043,A,grading/data_processed/onion/A/Onion_Red_3_47__100.jpg
6651.0,314.04877042770386,1.1111111111111112,0.8474276245731601,0.9769388954171563,21.485040530582168,14.988763817221182,120.5518054532056,48.81518549199609,87.36330140014738,50.899733046236626,5494.709824395062,471.85622895622885,0.41585679328144487,0.23466635333950012,A,grading/data_processed/onion/A/Onion_White_1_62__100.jpg
6689.5,321.8061293363571,1.1235955056179776,0.8117361711896794,0.9739389968697678,20.6384007029877,10.100782502703037,121.97231985940246,51.403793589382055,87.99121265377856,51.32303114191995,5515.701797487691,548.7963908750423,0.4087874205100994,0.2199036613305584,A,grading/data_processed/onion/A/Onion_White_1_46__100.jpg
5561.0,299.5634900331497,1.2658227848101267,0.7787265750447109,0.9621107266435986,25.92476709439269,47.64851572931657,80.42608542801898,52.744879879240955,72.96589910353313,41.84885917576362,4894.19568112482,424.4490474363893,0.438893372017382,0.2673770948863868,A,grading/data_processed/onion/A/Onion_2_r1_149__100.jpg
4892.5,332.9188265800476,1.1627906976744187,0.5547074361793758,0.8815315315315315,142.61426868044515,53.569217172918265,87.35393481717011,40.53984536747325,64.71422893481717,37.5736136538184,11562.300697674418,356.5292459478506,0.5510292825575352,0.40319231153604734,A,grading/data_processed/onion/A/Onion_Red_3_r2_135__100.jpg
7028.5,327.80612993240356,0.95,0.8219366993589169,0.970586204515639,17.978521617852163,19.755311742070337,142.17112970711298,55.59263698054263,92.4115760111576,53.209507281679706,4140.066414670361,529.8423404255319,0.37647946291819384,0.2304837012293225,A,grading/data_processed/onion/A/Onion_White_1_r2_60__100.jpg
4541.5,328.29141080379486,0.73,0.5295294785148219,0.8789432939810334,49.763135412217004,63.11486839053656,74.51196070055532,52.715224370535296,60.57689021785562,35.87042637258019,10199.272118671419,507.6670833333335,0.4532955467750568,0.3400545185955981,A,grading/data_processed/onion/A/Onion_2_r0_209__100.jpg
4034.0,281.42135286331177,1.492537313432836,0.6400761791669716,0.9238520554219627,32.48375451263538,53.42137210157843,82.82551143200963,53.84520420458518,53.47460890493382,30.96413076125527,10288.86609692582,324.00407055630944,0.5074259981416828,0.36779241252053074,A,grading/data_processed/onion/A/Onion_2_r2_241__100.jpg
6277.0,323.7056237459183,1.0204081632653061,0.7527686147521153,0.9437678544579763,145.13671083398285,50.175525275260085,97.1837879968823,42.14514561767554,82.72346063912704,48.23634238096494,4811.154655518535,355.8705421562564,0.4858402451997449,0.3327296956012503,A,grading/data_processed/onion/A/Onion_Red_3_94__100.jpg
4748.5,322.43354511260986,1.1764705882352942,0.5739656073195494,0.8813103192279139,140.02436527436527,56.48681309247371,86.46539721539722,42.476599406732,62.737510237510236,36.39961425792066,9219.705742560553,329.9348781937016,0.5712640337335483,0.41351866266078646,A,grading/data_processed/onion/A/Onion_Red_3_r2_125__100.jpg
5943.5,394.2325348854065,1.0,0.48055954312831095,0.8358177471522993,16.184718586387433,16.23103228844572,144.1598494764398,48.49560221037564,78.92342931937172,45.77290032264266,3203.258210083057,387.0792525773196,0.45543732170650564,0.3358816588841734,A,grading/data_processed/onion/A/Onion_White_1_r2_99__100.jpg
7416.5,324.2914103269577,1.0101010101010102,0.8862127096597503,0.9889325955063671,60.08140304434149,79.68005756406022,160.154599602912,51.751173014343706,97.40476505625413,55.68067487968633,2425.177458330783,312.35782063054796,0.39569693157965646,0.22268114282925547,A,grading/data_processed/onion/A/Onion_Red_2_r2_238__100.jpg
5798.0,377.3624793291092,1.1111111111111112,0.5116472471255932,0.8706359336286508,34.774572291177456,9.719541015451728,51.74639382757464,30.51363537098984,76.85642401878565,44.58568654824341,2976.4399305555557,388.57070707070716,0.6053778359428239,0.3263367741461452,A,grading/data_processed/onion/A/Onion_White_2_r0_177__100.jpg
5185.5,323.32084822654724,1.1764705882352942,0.6233516073021369,0.89451440400207,142.60608336462636,52.97642147444295,93.9562523469771,44.649418370181394,68.41363124295907,39.163588492465365,7367.394823792387,383.51027926322035,0.5198571796273718,0.35856302117757477,A,grading/data_processed/onion/A/Onion_Red_3_r_30__100.jpg
5398.5,304.8355666399002,1.2345679012345678,0.7300484714805626,0.9463581383118591,28.570602061110108,41.713322789234034,93.2507683963117,52.334738184789295,71.23720846139939,41.233693286339964,4968.186557094955,442.9998752961716,0.49673646292913176,0.30453207258318316,A,grading/data_processed/onion/A/Onion_2_r2_18__100.jpg
6081.5,318.29141068458557,0.95,0.7543462522571229,0.9386479394968359,143.89464371883545,51.70035912765982,96.19012385394885,39.749621063794216,80.0381212803603,45.81501848183265,4772.167562049861,388.39180851063827,0.481292061162178,0.3299064558007239,A,grading/data_processed/onion/A/Onion_Red_3_39__100.jpg
6828.0,327.56348848342896,1.098901098901099,0.7996729418277801,0.9728574481726865,28.510473457675754,53.41426541387695,79.22080344332855,48.62019109229125,89.50329985652797,51.40771065783199,2042.7971073421083,491.7514707514708,0.36660643389510567,0.22039489228942788,A,grading/data_processed/onion/A/Onion_2_r1_174__100.jpg
7372.0,332.7350618839264,1.0638297872340425,0.8367545000003218,0.9759714039849077,28.926699481176,57.50999312948276,153.54489823067712,52.705680892134296,97.14088067048024,55.3070640391325,2169.154874377546,315.29583064689444,0.33127009791737705,0.18692952735355373,A,grading/data_processed/onion/A/Onion_Red_2_r1_238__100.jpg
5804.5,343.9482651948929,0.96,0.6165785796272034,0.8738426797139631,35.915826612903224,13.893706688275401,48.10618279569893,27.370868902196165,76.81871639784946,44.78911794760419,3282.4369702148438,450.82421052631577,0.5792752841708565,0.36430345635232364,A,grading/data_processed/onion/A/Onion_White_2_r1_40__100.jpg
7271.0,323.22034323215485,1.0416666666666667,0.8745942835918599,0.9845633039945836,20.687989203778677,45.28172217532392,164.3029689608637,47.682999053568366,96.40823211875843,54.48277978000114,2082.879846343316,372.8453282828283,0.34350639559758883,0.21314787344539948,A,grading/data_processed/onion/A/Onion_Red_2_r1_256__100.jpg
4860.5,330.97770273685455,0.76,0.557562217866743,0.8874383786744569,47.48621103117506,56.31385450796867,77.25099920063948,49.17944341772205,64.52298161470823,37.954067797970346,7986.464723268698,506.7957333333334,0.4642960122958469,0.32424590119914315,A,grading/data_processed/onion/A/Onion_2_r0_45__100.jpg
4616.5,286.9777032136917,0.69,0.7044114278278586,0.9532314680982862,11.327986492190798,16.374368599191115,152.25094976783453,58.24826529269985,60.61629379485015,34.825363089779295,11702.710320016802,372.0966176470588,0.41729175896421467,0.29460325719898134,A,grading/data_processed/onion/A/Onion_Red_2_r0_121__100.jpg
6570.5,312.14927542209625,1.1111111111111112,0.847390559449444,0.9764452370337345,35.90708426547353,12.25658515722224,48.83206562266965,25.644035188991317,86.50738255033556,50.19447323273417,3257.517419444445,426.69629629629634,0.5164484034047551,0.2441309637162916,A,grading/data_processed/onion/A/Onion_White_2_r0_45__100.jpg
7507.0,339.36247885227203,1.0,0.8191220803178264,0.984912096562582,18.175901725039207,37.151252066301105,150.11500261369576,54.887316013694054,98.73810768426556,56.61207671956328,2569.67400359,416.87313131313124,0.34113418501707227,0.22011301602237668,A,grading/data_processed/onion/A/Onion_Red_2_r2_92__100.jpg
5516.0,367.01933240890503,0.9791666666666666,0.5145839539701206,0.850316016648682,34.7167782869228,11.962282567028968,54.67765244977088,27.152026425441342,73.21871695452943,42.58506503318699,2900.6459602113036,451.2867383512545,0.5481953720788145,0.3537995395558099,A,grading/data_processed/onion/A/Onion_White_2_r1_62__100.jpg
4255.0,328.1909064054489,1.1282051282051282,0.4964280831559237,0.8582955118507312,56.03322712790168,78.52115027042433,110.7501137915339,47.10932970378083,56.68684569868002,33.58530162339751,16145.497227859552,380.45137046861186,0.49191831638808303,0.3429754519333685,A,grading/data_processed/onion/A/Onion_Red_1_r_136__100.jpg
7253.0,322.8771975040436,1.0204081632653061,0.8742845252352808,0.9843919652551575,81.07969151670952,83.26830173988462,117.78744418887837,48.36227766069843,95.11500473548911,54.351143934352066,4213.6705122448975,514.760667903525,0.34061094588550295,0.23185229107760366,A,grading/data_processed/onion/A/Onion_Red_1_r2_49__100.jpg
6215.5,337.9482661485672,0.98,0.6838887971303544,0.9223862877494992,71.03930817610063,83.13706211057078,118.36918238993711,43.493470123188295,81.79465408805031,47.010359185952886,4716.5650440545605,408.77298969072166,0.4593510923886675,0.3380234650097919,A,grading/data_processed/onion/A/Onion_Red_1_25__100.jpg
6201.0,335.0193325281143,0.97,0.6942755278447771,0.9230425721941053,72.60949077723475,83.55718899268629,118.21314835251458,43.697799557621266,81.53539334699668,46.817947372265735,4858.67907475821,410.73541666666665,0.459410251553177,0.33456929875349106,A,grading/data_processed/onion/A/Onion_Red_1_24__100.jpg
6322.5,324.776692032814,1.0,0.7532324020449593,0.9401486988847584,146.19195046439629,47.95704344202524,94.14102167182662,43.038733597403386,83.21842105263158,48.20577796370334,4733.351047640001,348.6726262626264,0.49976558165070867,0.3418251515634916,A,grading/data_processed/onion/A/Onion_Red_3_100__100.jpg
5482.5,320.9777022600174,1.1379310344827587,0.6687114766473568,0.9310520506071156,137.99804305283757,53.812180333670455,83.76445472335884,45.466625599644345,72.18359722469312,41.817183570672654,7152.624068453572,432.9783016654938,0.4747983712971019,0.3342726993987096,A,grading/data_processed/onion/A/Onion_Red_3_r_165__100.jpg
6889.5,315.3208487033844,1.098901098901099,0.87074741704478,0.9851994851994852,73.8495587816681,81.673959355019,122.16282379732422,44.19470436977594,90.33646456020496,51.567593593740625,4471.548036469026,428.7882117882118,0.3284934177294001,0.21312953519128255,A,grading/data_processed/onion/A/Onion_Red_1_r_1__100.jpg
7397.5,326.6345570087433,0.99,0.8713057457200467,0.9856762158560959,18.83921464579464,38.15696507284095,155.89692226054657,56.74671643388437,97.5920668612364,55.71921110606835,2604.878349668401,373.59183673469386,0.33915395265547205,0.22268344458699185,A,grading/data_processed/onion/A/Onion_Red_2_r2_96__100.jpg
7525.0,328.0487701892853,1.0,0.8786978025514278,0.9848187410024866,75.22932428906861,82.30732851737889,119.61531437516305,40.65777737033326,98.76402295851813,56.72488901580101,3299.8017771900004,531.2422222222223,0.34139151335470963,0.21931139973114822,A,grading/data_processed/onion/A/Onion_Red_1_r2_29__100.jpg
5679.0,404.1909053325653,0.9795918367346939,0.43682617942885976,0.794487968662563,18.242657103825138,10.959206090363258,140.44945355191257,50.19634440379763,75.7651980874317,44.2106199753894,3086.5861592929846,379.63737916219117,0.48996319192273974,0.3605291438675228,A,grading/data_processed/onion/A/Onion_White_1_r_21__100.jpg
5942.0,319.22034430503845,0.94,0.732759382711865,0.925617259911208,146.2942918243132,48.22404549833372,94.09212041454187,40.97778921774389,78.08093436420464,44.871409150519014,4558.420851505205,359.9531182795698,0.5114834330681144,0.3395130683760255,A,grading/data_processed/onion/A/Onion_Red_3_171__100.jpg
4493.0,330.04876959323883,0.74,0.5183105472279027,0.8591643560569844,47.88435814455232,63.5853002083161,72.59288025889968,54.3832712020341,59.704422869471415,34.79875588090678,9660.52334768079,483.6057534246575,0.46750160131265694,0.3548176329278426,A,grading/data_processed/onion/A/Onion_2_r0_220__100.jpg
4974.0,308.73506236076355,1.175,0.6557582100805822,0.9217939214232765,132.35304484041512,61.64339428970568,91.48306246328569,47.94035783880577,65.56726062267477,37.770191417276315,9479.92646161654,353.0248655913978,0.4478848296350584,0.30542780783223067,A,grading/data_processed/onion/A/Onion_Red_3_r_15__100.jpg
6926.0,327.22034323215485,1.0638297872340425,0.8128525257377573,0.9726162055891027,29.169237300127353,53.29105771199322,84.18324607329843,51.538475678018116,90.74854959671714,52.05432524446683,2179.1871249886826,451.0812379110252,0.36977466009936,0.2359553309351063,A,grading/data_processed/onion/A/Onion_2_r1_194__100.jpg
4141.0,285.0782083272934,0.65,0.6403052359836625,0.9205290652439702,44.541637344593006,70.75160375937072,151.51677222613182,53.8935461914053,54.964109781843774,31.443359369123012,15613.639315005918,362.03734375,0.4785797495651078,0.3232264747880443,A,grading/data_processed/onion/A/Onion_Red_2_r0_290__100.jpg
6292.0,320.53405141830444,1.0204081632653061,0.7695737262998678,0.9458098459225855,146.2971375233354,48.42539355574056,95.9621966397013,41.221116330295885,82.92532669570629,48.42237637103824,4760.284024114952,341.7991135848279,0.48977840281701057,0.33098376076403274,A,grading/data_processed/onion/A/Onion_Red_3_96__100.jpg
6139.5,357.1198374032974,0.94,0.6049436430123589,0.9003519577650682,64.5182713695583,81.81635930904451,112.56005719733079,43.19475923850001,81.1763584366063,46.77271685466061,6012.387647397012,377.95602150537627,0.47272716743805965,0.3160770658041234,A,grading/data_processed/onion/A/Onion_Red_1_144__100.jpg
6774.5,343.3208485841751,0.88,0.7222486795815007,0.9584070170474641,24.619205776173285,37.62944704042,103.41617328519855,50.37842152899774,88.89400722021661,50.94989426700935,2600.909140289256,605.2865517241379,0.3748581249882366,0.19625173719476208,A,grading/data_processed/onion/A/Onion_2_r2_321__100.jpg
5026.0,334.87719774246216,1.0777777777777777,0.5631981176628538,0.877290975737476,34.18820116054159,16.18056885783069,62.287427466150874,44.16910725105262,66.89593810444875,39.04013709740513,1690.2974836149785,294.9798611111111,0.6059910259833752,0.3952865714277395,A,grading/data_processed/onion/A/Onion_White_2_r1_0__100.jpg
6617.5,318.00713980197906,0.84,0.8222995877026759,0.9755288567848456,25.128015391445906,47.3616759717069,94.14311084800947,51.59339243483351,86.85259730649696,49.91671202363749,2445.9223996456917,550.1118072289156,0.33195349163388177,0.17831901244361956,A,grading/data_processed/onion/A/Onion_2_r2_162__100.jpg
4145.0,308.3919166326523,1.492537313432836,0.5476819483018608,0.9169339674814733,38.871638999298575,60.44432264302013,77.2176759410802,53.493879309827754,55.099368716389996,32.27369644073828,10061.182909244819,334.4893713251922,0.5104644676574293,0.34782906530524377,A,grading/data_processed/onion/A/Onion_2_r1_130__100.jpg
6598.5,353.46298360824585,0.88,0.6636929538716395,0.960550258388529,24.76525473933649,46.401974163541425,90.73504146919431,52.17036691856508,86.90165876777252,50.09835808717165,2207.4360862474177,548.5996551724138,0.3442597814803364,0.21678889201696228,A,grading/data_processed/onion/A/Onion_2_r2_146__100.jpg
5487.5,372.91882741451263,0.9484536082474226,0.495856233630373,0.8835842524756461,34.0391358243315,10.68243694944306,54.876217460598546,38.19583733510673,72.7379139366035,42.28013810742033,2698.5232368493066,439.3260450889318,0.5584757555609736,0.35029445550351546,A,grading/data_processed/onion/A/Onion_White_2_r1_172__100.jpg
5400.0,413.6467492580414,1.065217391304348,0.39659240461262907,0.7651976760663172,15.11760487629975,8.249763420026154,144.29150233058445,45.74076174776066,72.98476156328434,43.06113480941264,3134.4861039582397,400.53809950694756,0.4778395868062668,0.36456263543131784,A,grading/data_processed/onion/A/Onion_White_1_r_86__100.jpg
4334.0,276.10764479637146,1.5151515151515151,0.7144007603855065,0.9406402604449268,70.88527166591828,81.11626692148336,155.64077233947015,58.44852208665193,57.40884598114055,32.35216971667942,12897.688509090909,233.28849097030917,0.5075506501956503,0.3122581434197345,A,grading/data_processed/onion/A/Onion_Red_2_r2_206__100.jpg
5275.0,316.5340517759323,1.127906976744186,0.6615938417851484,0.922444697035936,79.33906452209281,85.30049128353528,111.85228323165096,46.62509235651032,70.2573488630061,41.00704449666416,9234.737558731294,349.9905523255814,0.4706272637459517,0.33636827098245803,A,grading/data_processed/onion/A/Onion_Red_1_r_127__100.jpg
5720.0,369.5046135187149,1.0103092783505154,0.5264609490721648,0.8121539116853613,16.212657366451175,16.237247611126023,144.83514800952705,48.3472772113361,76.39265056141545,44.84993268453595,2975.221704362563,333.08491869486664,0.4885791725564783,0.3678914493682289,A,grading/data_processed/onion/A/Onion_White_1_r2_103__100.jpg
3857.5,314.4924204349518,0.58,0.49011210919963283,0.853429203539823,37.22759138708062,55.48489334893047,75.8119679519279,51.10833140782341,51.45893840761142,30.2315126649615,13624.891409007136,450.2263157894737,0.44756496375692956,0.28613489189883423,A,grading/data_processed/onion/A/Onion_2_r0_113__100.jpg
3829.5,264.49242079257965,1.5873015873015872,0.6879002618770144,0.9336827989759844,32.183202232935805,60.03850943833171,149.75716823141335,57.85949392975184,50.695762496828216,29.28919501699206,17051.29703451751,234.74490941157615,0.5369494190705232,0.361570691835466,A,grading/data_processed/onion/A/Onion_Red_2_r1_9__100.jpg
6330.0,345.70562410354614,1.1764705882352942,0.6655806449738202,0.9490966339305795,28.52153110047847,52.387859708071915,96.1524926686217,53.66305638429164,83.51813551473992,47.511959191941116,2252.296295238754,533.913606654783,0.35975728815673635,0.22482352086604676,A,grading/data_processed/onion/A/Onion_2_r1_4__100.jpg
5107.0,286.73506295681,1.3333333333333333,0.7805740612420794,0.9634031314846255,13.224899598393574,23.430563415837796,157.86804360298336,61.23083016773864,67.20405431248805,38.67901279257106,9243.469427982223,371.89966329966336,0.41943782957683357,0.2897954898399806,A,grading/data_processed/onion/A/Onion_Red_2_r2_49__100.jpg
6238.0,333.3624781370163,0.99,0.7053778250494968,0.928688402560667,145.75109717868338,49.163374786788715,92.72413793103448,40.806655679776114,82.10344827586206,47.287226340136016,4482.096842934395,345.96744897959195,0.51012958155335,0.34186212211544614,A,grading/data_processed/onion/A/Onion_Red_3_112__100.jpg
4811.0,293.0782068967819,1.3157894736842106,0.7038468468310395,0.9469540399566971,33.0488150698805,53.73305393127994,88.84545270407129,49.80420054392563,63.41037067044764,36.67372686344019,7331.336504830332,390.1923179160021,0.48909681976795566,0.3371702598157616,A,grading/data_processed/onion/A/Onion_2_r1_234__100.jpg
6375.0,324.877197265625,1.0103092783505154,0.7590171580474552,0.9504286246738726,21.51381639545594,36.871898284488815,83.23226895916487,49.846284404541194,83.78584587043291,48.14354982841673,2802.567119025095,521.9015835901796,0.43858946670797616,0.3010946590516818,A,grading/data_processed/onion/A/Onion_2_r2_117__100.jpg
5296.0,344.19090592861176,1.0210526315789474,0.5617706657201181,0.8572353512463581,33.05915855226897,10.136900057661213,69.6000367444424,38.61426201466843,70.27686937350725,40.76137807596639,1745.3327126117533,321.3606359649123,0.5755873111114376,0.3958140303647403,A,grading/data_processed/onion/A/Onion_White_2_r1_105__100.jpg
4134.0,283.9066346883774,1.4705882352941178,0.6445093954521971,0.9182585517547757,32.17626321974148,54.1196693818762,80.32220916568743,53.2282830626611,54.84888366627497,32.323314655472274,9730.542605882352,363.9695484254308,0.5167048794054604,0.3619735444406912,A,grading/data_processed/onion/A/Onion_2_r2_250__100.jpg
5028.5,313.3208487033844,1.2195121951219512,0.6436795772038035,0.9029448734063567,35.837722695584816,58.506390065273635,76.77827265685515,52.42938359151472,66.53814872192099,38.802024582196026,6389.648853718025,396.05838876570584,0.5034008264086216,0.35868545756717873,A,grading/data_processed/onion/A/Onion_2_r2_270__100.jpg
4524.5,277.32084929943085,0.7,0.7392909901986868,0.9493285774234158,15.571520896165445,29.462851521694084,157.14196467040068,53.787767800370816,59.85200344679018,33.41818295216231,11747.254264816327,320.5076811594204,0.47537381929161576,0.31818641720421964,A,grading/data_processed/onion/A/Onion_Red_2_r0_197__100.jpg
5620.5,341.9482649564743,0.9387755102040817,0.6040376471601816,0.8924261670371546,34.887289752037454,13.237507980640046,50.769724293393445,31.338097098955135,74.34177215189874,43.125806194093585,2756.370976774308,436.9467369365329,0.5713443926126388,0.34507898833611045,A,grading/data_processed/onion/A/Onion_White_2_r1_32__100.jpg
6264.0,335.362478017807,0.99,0.6998946488236352,0.9286190793862575,145.87123458717028,48.9721331469485,92.10394880599344,40.80483566586966,82.38863742781334,47.44264409107639,4275.513998275686,362.9841836734695,0.5039993741208341,0.3386982638758573,A,grading/data_processed/onion/A/Onion_Red_3_114__100.jpg
4355.0,283.70562386512756,1.408450704225352,0.6799267592861464,0.9255126979067049,21.362620165437068,42.29285291895215,156.73284149340486,58.939464193638635,57.93784931813101,32.27806723516501,15101.95363848443,309.64817185943946,0.47873399919041787,0.35536840303544276,A,grading/data_processed/onion/A/Onion_Red_2_r1_145__100.jpg
4438.0,371.2203425168991,0.74,0.40470039444634465,0.7997837448188863,41.339056726798525,52.2053005764944,75.6692023473158,51.388164308401706,59.184307759182786,34.86325541823256,9142.568785682979,476.49383561643833,0.5062554351972507,0.362002520340115,A,grading/data_processed/onion/A/Onion_2_r0_69__100.jpg
5064.0,324.3919162750244,1.0777777777777777,0.6047327856929031,0.8682383197599657,33.176787086856265,12.369855594039258,64.43101460415065,45.822314634837106,67.31879323597232,39.348245450917126,1752.9019689448899,282.9537037037037,0.601138414536195,0.3923946027987076,A,grading/data_processed/onion/A/Onion_White_2_r1_1__100.jpg
6472.5,325.46298384666443,1.1363636363636365,0.7678541214029082,0.9658285458479445,16.84452510586812,15.463626367801224,138.2457652752571,57.09889113051583,85.13233514821536,49.38367758101337,5434.374916890495,469.31531221303953,0.401099032303835,0.23578028185388858,A,grading/data_processed/onion/A/Onion_White_1_197__100.jpg
6638.0,482.4163011312485,0.979381443298969,0.3584290186664358,0.9003119490031195,15.479766252739227,8.283282887955686,141.02658875091308,43.92701490593226,89.209057706355,52.448269882316005,3019.689298529227,621.0708488703664,0.36395369819311507,0.2397326263869597,A,grading/data_processed/onion/A/Onion_White_1_r_95__100.jpg
6790.0,318.04877042770386,1.0869565217391304,0.8435138083993682,0.9785976796137493,12.457984406583886,20.37871042292994,163.9615939936471,54.819420805843286,89.0771007796708,51.11852684611019,3762.717400744329,516.405138339921,0.3640765995949446,0.2315953191327547,A,grading/data_processed/onion/A/Onion_Red_2_r2_65__100.jpg
3923.5,297.17871272563934,0.58,0.5582749311223324,0.8968,37.97359980261535,57.78904474354002,87.14951887490747,57.091672036553774,52.0846286701209,30.150383718668735,14114.987580380499,475.22368421052624,0.42002511219373323,0.2769442588306003,A,grading/data_processed/onion/A/Onion_2_r0_300__100.jpg
4462.0,275.0782079696655,0.69,0.7410150987287547,0.9532151249732963,16.673727888185194,31.455742851595435,155.4031447914392,52.069191025122414,59.07796462109631,33.08472571265489,11892.98134005461,340.2270588235295,0.4745871076195554,0.31722679510544505,A,grading/data_processed/onion/A/Onion_Red_2_r0_202__100.jpg
6537.0,309.7056237459183,1.1111111111111112,0.8564266360321034,0.9787393322353646,20.26739652069586,11.384090446648742,123.19856028794241,50.794738357804945,86.02249550089982,50.12876135820775,6122.681077333334,466.21290684624023,0.3939491719575737,0.24724541521842577,A,grading/data_processed/onion/A/Onion_White_1_74__100.jpg
5698.5,342.43354535102844,1.0638297872340425,0.6106857864952682,0.8910867865519937,146.92453798767968,49.355569407744674,97.09377138945928,41.63861878692659,75.21269678302532,43.22697014158245,6632.030055183341,448.43359123146354,0.5047595822442146,0.3637261386758332,A,grading/data_processed/onion/A/Onion_Red_3_r2_18__100.jpg
5600.5,343.8061298131943,1.2195121951219512,0.595400828238327,0.9033793047826437,26.817739130434784,44.20658418520082,101.62678260869565,51.90146027178864,73.87808695652174,42.114550906775676,4699.384753063653,470.3027839369304,0.45895185927915455,0.28613539977127683,A,grading/data_processed/onion/A/Onion_2_r1_46__100.jpg
5619.0,397.1614682674408,1.0,0.44764597198862904,0.7800374817796905,16.326252158894647,16.199483507789587,141.5970639032815,49.27124345694813,75.12469775474956,44.035846538349425,2514.8673903194745,322.0970933828077,0.5150973738571613,0.3957144574222785,A,grading/data_processed/onion/A/Onion_White_1_r2_112__100.jpg
5806.0,355.84775960445404,1.0638297872340425,0.5761803243920292,0.874924653405666,34.50604229607251,10.653624347062376,53.127223900637794,29.764025397035986,76.96391406512252,44.79882157477756,2655.959035762788,389.1472168493445,0.5962778541907451,0.3534956998005988,A,grading/data_processed/onion/A/Onion_White_2_r0_65__100.jpg
4563.5,292.6345566511154,0.69,0.6696636093078292,0.9425797789941134,13.516321740985704,20.486886121683828,149.77789630893963,57.18117850462356,60.23127800298698,34.50534135714328,12941.449434656584,365.74367647058824,0.4212556123446761,0.30120870978643877,A,grading/data_processed/onion/A/Onion_Red_2_r0_112__100.jpg
6607.0,315.2203435897827,1.1,0.8355754945555408,0.9741964022412267,20.462325719371105,6.358912285934428,120.834767131415,48.937564170837526,86.7733610204687,50.50441750409514,5547.7519283620595,491.4247165532879,0.4168260212223822,0.2304097717172664,A,grading/data_processed/onion/A/Onion_White_1_57__100.jpg
5953.5,333.94826424121857,1.0212765957446808,0.6708475546295819,0.9338091130107442,96.99343832020998,84.83348261870111,116.47687007874016,44.62422341509679,78.75623359580052,45.10963926167154,7485.142703074995,499.7833146696528,0.43979026190104137,0.30898169073378634,A,grading/data_processed/onion/A/Onion_Red_1_r2_82__100.jpg
4010.5,271.5218585729599,1.5873015873015872,0.6835948610257474,0.9301867099617303,57.30838178294574,76.94563297303968,149.5343992248062,58.59796655951792,53.29118217054263,30.091052066917648,13957.596720987653,221.59724226390892,0.5337846488463148,0.3325985678325777,A,grading/data_processed/onion/A/Onion_Red_2_r2_190__100.jpg
4100.0,344.0487699508667,0.7,0.4352649550641083,0.7921939909187519,44.94186867498235,63.349892707032524,72.03859731701577,54.31914024927654,54.639209225700164,31.727355177250693,10914.25653053061,479.45231884057966,0.4844229629671209,0.3698875973841144,A,grading/data_processed/onion/A/Onion_2_r0_242__100.jpg
6209.0,311.22034204006195,1.1627906976744187,0.8055556953699254,0.9695502810743285,27.388678650268055,51.92329766691042,78.58104698833175,51.04329671641108,81.37306843267108,46.621670405356866,3107.3956432666305,499.71564482029595,0.40689817417951485,0.24891378795862465,A,grading/data_processed/onion/A/Onion_2_r1_156__100.jpg
6711.0,331.07820785045624,0.87,0.7693711756367496,0.9663066954643629,26.71163943990665,42.17120207669488,104.0169194865811,51.26985205817399,88.09553675612602,50.449638727719474,2610.580859756903,567.662441860465,0.36576684061442055,0.1960401837650178,A,grading/data_processed/onion/A/Onion_2_r2_318__100.jpg
5429.5,283.3208500146866,1.0114942528735633,0.849987676769048,0.9738140077123127,149.0810810810811,47.16907200471695,107.69297297297297,46.28495917807818,71.2872072072072,40.905992406037925,6088.141504204706,367.4381027876866,0.43818755405676196,0.2579340223097857,A,grading/data_processed/onion/A/Onion_Red_3_r_117__100.jpg
5017.5,286.9777022600174,1.3513513513513513,0.7655982589877541,0.9586358425678257,14.98365440747227,30.74731972324594,155.6444833625219,61.248929002638924,66.01634559252773,37.942559148024486,8822.514990339663,348.7926562926563,0.4213785318442282,0.29234660009329466,A,grading/data_processed/onion/A/Onion_Red_2_r2_46__100.jpg
5444.0,301.56348967552185,1.180722891566265,0.7522643135773087,0.9553391243309642,117.2321909205096,81.13970772855997,118.87242059931815,45.22762235207767,71.94975776063161,41.51147950373584,8169.829526880976,315.1140231027201,0.4477388535149523,0.30142232273323555,A,grading/data_processed/onion/A/Onion_Red_1_r2_124__100.jpg
6823.5,333.46298491954803,0.92,0.7711196909776759,0.9662961127239255,86.5026553753409,84.902777672499,112.34476819290943,42.75704001236183,89.6888187168078,51.821733716650726,3595.4848064272205,378.7281318681319,0.4056473408871473,0.22737525127135913,A,grading/data_processed/onion/A/Onion_Red_1_r2_169__100.jpg
5977.5,363.1198377609253,1.098901098901099,0.5696780647420018,0.8934309842313728,36.04873675631622,11.303809483362818,47.0361858190709,28.978934447055593,79.2237978810106,45.99423748589201,3241.896407426639,430.77655677655684,0.5561756205262443,0.31324978658374136,A,grading/data_processed/onion/A/Onion_White_2_r0_108__100.jpg
5077.0,313.56348955631256,1.2048192771084338,0.6488824819429294,0.9057983942908118,36.16059094397544,59.5739680715662,76.39869531849578,52.80060944221107,67.32847275518036,39.623917109585186,5917.923076948759,436.8026043568213,0.4992303814590513,0.36044014271741687,A,grading/data_processed/onion/A/Onion_2_r2_272__100.jpg
6956.5,328.97770380973816,0.9894736842105263,0.8077328086308581,0.9736860522079922,81.75250035216227,85.45974714391124,117.65558529370334,37.72595802636882,91.4954218904071,52.87467554926716,2578.0603052483607,335.15370684776457,0.3999982348812355,0.1901892633541078,A,grading/data_processed/onion/A/Onion_Red_1_r_74__100.jpg
5830.0,353.22034299373627,1.1363636363636365,0.5872012926419158,0.8913691613790995,35.050300802139034,12.495813867625072,52.4725935828877,32.487321430076996,77.0904077540107,44.9785898439741,3297.6751443052685,412.5914830119376,0.5918266665012512,0.30819460903102935,A,grading/data_processed/onion/A/Onion_White_2_r0_198__100.jpg
6588.5,353.1198379993439,0.99,0.6639756933852727,0.9299880019761451,70.68995697967661,83.58617983873485,115.78667853434209,40.20619094367368,86.96543539534194,50.03186485958,4604.6914398428735,425.2595918367348,0.41711714283207796,0.3038612233658476,A,grading/data_processed/onion/A/Onion_Red_1_49__100.jpg
3824.5,273.8061293363571,1.6129032258064515,0.641059288974803,0.9298565523948457,15.913683676059915,36.699124729205316,157.78649403401877,61.85318144778565,50.806296014216805,29.63436833664718,19987.459677315295,289.37732160312794,0.5017769345594781,0.3510115093971656,A,grading/data_processed/onion/A/Onion_Red_2_r1_193__100.jpg
7037.0,341.705624461174,0.96,0.7573439499412441,0.9622589908382333,14.770183741648108,5.811386437593054,146.5135022271715,49.17344746639131,92.48942093541203,53.57446890841161,4147.025788888889,469.56515789473696,0.38823848424894136,0.23711656611881388,A,grading/data_processed/onion/A/Onion_White_1_r_127__100.jpg
4641.5,290.9777022600174,1.408450704225352,0.6888882838346895,0.9199286492914478,18.406925498426023,42.96486270638496,166.96159496327388,55.07600009380949,61.79223504721931,34.31658152580716,9865.003576750647,332.60278844785876,0.4642485403499264,0.3161166788813429,A,grading/data_processed/onion/A/Onion_Red_2_r1_293__100.jpg
6709.5,319.4629839658737,1.1235955056179776,0.8261500499388217,0.9759272727272728,21.15775635407537,12.796330492682046,124.17061057551855,50.97352959790105,88.56617002629272,52.23892492003232,5746.953681302866,477.29792305073204,0.4130234817114946,0.21898204841718627,A,grading/data_processed/onion/A/Onion_White_1_34__100.jpg
5990.0,394.81832230091095,1.0103092783505154,0.48288319202898133,0.840701754385965,15.77496346809547,13.78280069366609,144.46225036531905,48.51121893199782,79.60513070303621,46.26618396668412,2978.4644273746253,409.4063131044745,0.4564943653505954,0.33582487595938104,A,grading/data_processed/onion/A/Onion_White_1_r2_98__100.jpg
6844.5,316.1492762565613,0.91,0.8605323629919279,0.9845368239355581,17.599627560521416,17.185573242267075,145.47657928663514,55.292872381918826,89.91892279043117,51.93987922909612,3765.7480933582897,554.4992222222221,0.3654570410903161,0.2173075280067284,A,grading/data_processed/onion/A/Onion_White_1_r2_39__100.jpg
6929.0,340.87719774246216,1.0869565217391304,0.7493496751463179,0.9608930800166412,15.44968908988129,36.78735337300657,173.20901639344262,46.34385556538304,92.72540983606558,51.12844126157447,2625.3803109522682,444.91908212560384,0.348088983493127,0.2154696438210359,A,grading/data_processed/onion/A/Onion_Red_2_r1_270__100.jpg
6200.0,361.70562505722046,0.94,0.5955127004082786,0.9035925089266196,71.75334277174768,83.72009783073102,110.99905615856537,43.98675561519854,81.87588485134498,47.31641384566953,5737.744818911272,380.9097849462365,0.4604775460851521,0.31100743920386115,A,grading/data_processed/onion/A/Onion_Red_1_140__100.jpg
4425.5,300.97770297527313,1.3513513513513513,0.6139083809616713,0.9212114904246461,32.88801054018445,46.22383266773077,84.18884497145366,51.72463404924611,58.89547650417216,34.78714447764016,9455.752298593863,381.4963144963146,0.5266333979935686,0.37176802646901724,A,grading/data_processed/onion/A/Onion_2_r2_84__100.jpg
4592.0,306.2497797012329,0.74,0.6152621141752764,0.9033146454214616,40.41291005291005,51.58423411268141,86.59597883597884,55.8737687715827,61.10285714285714,36.64000188139293,9700.061431701974,570.0421917808218,0.4852151515426326,0.3429534335872838,A,grading/data_processed/onion/A/Onion_2_r0_338__100.jpg
5699.5,379.94826459884644,1.075268817204301,0.49613251645316087,0.8494038748137108,36.05950554134697,10.295747991038915,50.61773231031543,32.84353606393895,75.68132992327365,43.985616120633985,2939.091262562146,369.8822634951667,0.580594329843316,0.3570301427185429,A,grading/data_processed/onion/A/Onion_White_2_r0_98__100.jpg
6961.0,315.90663480758667,0.9489795918367347,0.8765243861800667,0.9852795470629866,19.127078050154974,11.178823716736854,128.05269089884476,51.08273485957,92.36489151873768,54.7296834868797,4166.261733498428,373.4168145519077,0.40356291009869205,0.20644568773081454,A,grading/data_processed/onion/A/Onion_White_1_r2_131__100.jpg
4667.5,280.00714015960693,0.69,0.7480936678545427,0.9600946210017485,11.298454469507101,17.0486827421381,154.54615705931496,55.456465346466594,61.63074352548037,35.11310985098123,11390.708777042639,377.62308823529406,0.4268069846795043,0.2858055603712083,A,grading/data_processed/onion/A/Onion_Red_2_r0_148__100.jpg
6746.5,331.94826459884644,1.0638297872340425,0.769391853635584,0.9585138879022519,36.476190476190474,58.77943340004323,88.02206736353078,48.65355889283488,88.57883275261324,50.88980487957943,2167.2070551267543,487.05480335267555,0.39807199235836394,0.2540882895242951,A,grading/data_processed/onion/A/Onion_2_r1_216__100.jpg
6676.5,315.8061292171478,1.0319148936170213,0.8412355321123682,0.9751697947856569,22.72254844392249,45.03759377114943,180.135349383441,49.41076348162851,88.19480328831474,49.35244574847234,2826.275238927063,377.67497783687946,0.37870643276815696,0.2360176454013374,A,grading/data_processed/onion/A/Onion_Red_2_r2_277__100.jpg
4485.0,335.70562386512756,0.75,0.5000979541075987,0.8465458663646659,50.05184705119896,64.18252346354181,71.52430330524952,54.323464365814004,59.53553683300929,34.511901961678774,9378.671491555555,502.6255405405405,0.47640841842504117,0.36434068954342147,A,grading/data_processed/onion/A/Onion_2_r0_224__100.jpg
5358.5,320.29141068458557,1.1111111111111112,0.6563908441489344,0.9102259215219977,146.51683348498636,50.48506151703746,97.8926296633303,43.42877333429353,70.65368516833485,40.40818114372403,7891.196636839506,387.379797979798,0.5240856136340886,0.37507995203353733,A,grading/data_processed/onion/A/Onion_Red_3_r2_24__100.jpg
4970.0,312.04876923561096,1.2195121951219512,0.6413887007415234,0.9142752023546725,34.60631001371742,49.57837928075272,82.64393494023123,48.634455024371505,65.68763472467177,38.142939208124304,6039.088331335514,397.73417097807345,0.5003916435005646,0.3646653660675421,A,grading/data_processed/onion/A/Onion_2_r2_98__100.jpg
5205.5,296.4924213886261,1.0,0.744123672967279,0.9449083318206571,146.62835177198576,49.4727183212457,97.2373898368648,42.410668659412536,68.44459028689293,39.36218204910084,7090.350854980875,332.5584068430901,0.4803429682323376,0.2789855167933707,A,grading/data_processed/onion/A/Onion_Red_3_r2_110__100.jpg
6127.0,332.5340504646301,0.95,0.6962825315829266,0.9277008100537513,145.132557026639,49.47810065661539,97.44393045142766,40.51481897967025,80.68463869835699,46.18131218991611,5185.185543479224,435.04234042553185,0.47781414256920185,0.32492861457896355,A,grading/data_processed/onion/A/Onion_Red_3_50__100.jpg
5714.0,396.19090580940247,1.1111111111111112,0.457447327898133,0.86047737369174,34.122133514523526,9.752458375684926,49.70052658399864,30.69168374423529,75.87226091387804,44.01493010012137,3234.3277362469134,413.7466891133557,0.6231227570399733,0.3347741104104787,A,grading/data_processed/onion/A/Onion_White_2_r0_170__100.jpg
6583.0,316.3919161558151,1.1111111111111112,0.8263860202138223,0.9745373797187269,17.679863074862332,11.11725907067628,126.60202411073077,57.07491859964001,86.79297514511087,50.644633035004944,5560.810788888888,455.05443322109994,0.4201864400244749,0.2427671951678005,A,grading/data_processed/onion/A/Onion_White_1_8__100.jpg
6655.5,313.80612993240356,0.91,0.8493128715754362,0.9786780383795309,16.206480117820323,14.00138071707616,144.62665684830634,52.02199401062044,87.640058910162,50.813085972363574,5249.088002354788,611.8184444444445,0.38673118660423916,0.23947974733308044,A,grading/data_processed/onion/A/Onion_White_1_r_146__100.jpg
5214.5,319.3208478689194,1.1764705882352942,0.6426403467901706,0.900526724807875,141.0963945451149,54.4169240022062,94.50084065010275,45.49556147166116,68.81038669904726,39.550010769387626,7923.289634602075,388.5460487225192,0.5219577246280143,0.356914086375976,A,grading/data_processed/onion/A/Onion_Red_3_r_27__100.jpg
4353.5,333.46298360824585,0.71,0.491986458719695,0.8717460953143773,52.8816989103847,64.16991749125059,75.74227262619524,53.99670200928394,57.5921725594841,33.20796541452408,8298.75680402698,483.711857142857,0.4632343673820818,0.3453549490253853,A,grading/data_processed/onion/A/Onion_2_r0_170__100.jpg
4290.5,297.4629827737808,1.36986301369863,0.6093290915759094,0.9106441685238247,30.689764492753625,52.19721385634355,78.71082427536231,51.29137540372722,56.66123188405797,32.56416187064443,9210.636153124413,324.62487892624875,0.5259637296150461,0.38252456330236884,A,grading/data_processed/onion/A/Onion_2_r2_253__100.jpg
5903.5,356.63455617427826,1.1111111111111112,0.5832739596806182,0.8930489372967249,35.15514111239479,8.890321852242902,48.87951807228916,31.115515171730177,78.1917808219178,45.631501091289486,3116.7133617777777,413.03535353535347,0.5864864063209998,0.31399283709824116,A,grading/data_processed/onion/A/Onion_White_2_r0_133__100.jpg
5787.5,388.09039998054504,0.93,0.4828753858691918,0.8654205607476636,35.472712006717046,12.474540424717505,51.530814441645674,32.291709587273935,76.76759026028547,44.45975424198618,3062.4158540756157,496.97326086956525,0.5669498664733454,0.3433244616453701,A,grading/data_processed/onion/A/Onion_White_2_r1_160__100.jpg
4474.0,279.4213534593582,1.4492753623188406,0.7200898010736853,0.9416964849505367,49.09838920330866,72.71003163292465,148.91815411406182,61.15292183470734,59.35306922072268,33.900965018646254,12693.77391774837,289.5807348850828,0.5067284577818576,0.32217171484272983,A,grading/data_processed/onion/A/Onion_Red_2_r2_162__100.jpg
5201.5,325.8061292171478,1.1647058823529413,0.6157720416813482,0.8968876627295457,140.55073006364657,54.45604149484965,95.38094346686634,46.620547360306894,68.63365780606514,39.44473755667201,7867.58699778181,385.94645858343335,0.5118467356028976,0.3528585725418974,A,grading/data_processed/onion/A/Onion_Red_3_r_26__100.jpg
6589.5,345.9482653141022,0.96,0.6918947126597746,0.9316414534143928,145.13713268032058,50.65159761510205,95.9262392401306,42.91234471934316,86.88735529830811,49.90077941364802,4333.929867957899,528.7065263157896,0.43544114791995264,0.2825059703239882,A,grading/data_processed/onion/A/Onion_Red_3_r2_10__100.jpg
7039.5,318.14927554130554,0.93,0.8739564663068063,0.9855102897942041,146.89856485996935,49.440703778181714,102.49073429009336,39.69595613202149,92.58046537550509,53.47713591750399,1938.6701437275985,371.4202173913043,0.40948847038258185,0.21323931770725832,A,grading/data_processed/onion/A/Onion_Red_3_r2_96__100.jpg
5115.0,322.1909065246582,1.1494252873563218,0.6191971439627024,0.9001319841619005,147.40087602361456,49.3929616950693,100.20567510950295,44.419332543125975,67.58007998476481,38.87923544569064,8068.306596855595,396.6610936955764,0.5330162111396833,0.3842800677832899,A,grading/data_processed/onion/A/Onion_Red_3_r2_30__100.jpg
4377.5,286.8355677127838,1.36986301369863,0.668605604618642,0.9229390681003584,34.03799155743168,47.871714688266465,86.89491224172406,52.45998103079388,57.92068429237947,33.44818182544107,8763.752940063801,331.34661685346606,0.5249394122802832,0.37063229476401977,A,grading/data_processed/onion/A/Onion_2_r2_85__100.jpg
4084.5,278.8355678319931,1.492537313432836,0.6601648891044701,0.9134518617913452,33.012844909609896,46.01332726512298,90.9000951474786,58.41801211018973,54.050666032350144,31.62775660180405,9863.723307529515,298.51801598070256,0.5304012915262942,0.3616560571802848,A,grading/data_processed/onion/A/Onion_2_r2_57__100.jpg
6383.5,385.26197254657745,1.1494252873563218,0.5404511420952702,0.9291848617176128,25.432671755725192,48.167233815866815,93.04351145038169,53.65543248356074,84.29343511450382,48.073556899118664,2419.2113234905532,585.6794380587485,0.3820169541277271,0.2332775455943338,A,grading/data_processed/onion/A/Onion_2_r1_336__100.jpg
3787.5,311.66399466991425,0.56,0.48999228256075084,0.8458016971862439,42.722151414733624,62.18048103323784,84.10221769054296,56.635604011794555,50.48100943155748,29.110674812172388,13533.919908131376,445.6143636363636,0.41139862629165924,0.27551844443365403,A,grading/data_processed/onion/A/Onion_2_r0_276__100.jpg
5774.5,302.1492748260498,1.0,0.7948426034644671,0.9615352593455999,60.65159214092141,79.37603500491956,115.38313008130082,47.12885841341431,75.87076558265582,43.47332062372722,8075.660308443941,449.765935214211,0.35212315086438145,0.2201799606020819,A,grading/data_processed/onion/A/Onion_Red_1_r_166__100.jpg
6812.5,318.63455617427826,0.94,0.8432000664530154,0.9760028653295129,18.531875089941,20.389650102314242,145.8024176140452,55.194812845048,89.5448265937545,51.514075727509585,4047.5003279198736,543.0887096774193,0.3909416172329751,0.24487063037746923,A,grading/data_processed/onion/A/Onion_White_1_r2_50__100.jpg
6821.0,337.3624783754349,1.0315789473684212,0.753120304536677,0.9605689339529644,16.00631730078966,14.702855947517872,138.95965541995693,51.52991682320679,89.83646805455851,51.86765246435233,3273.0410964614234,451.5147042864894,0.37461708056913356,0.2362784860071373,A,grading/data_processed/onion/A/Onion_White_1_r2_78__100.jpg
6574.0,310.3919161558151,1.1235955056179776,0.8574696551730392,0.9807548858719977,36.04428209333532,12.699951972864232,48.520351871179365,28.462473815193515,86.40972118681974,50.18851013233518,3385.6533206792074,403.86618998978554,0.5030244949392138,0.23678146642389333,A,grading/data_processed/onion/A/Onion_White_2_r0_24__100.jpg
4332.0,288.0487701892853,0.67,0.6560942947449785,0.9267301315648733,40.59128677296205,66.59579758843643,151.8904109589041,55.996925183758634,57.497192903660455,32.21260225049066,13081.510393495213,339.7731818181817,0.4863399846648161,0.31520222858282787,A,grading/data_processed/onion/A/Onion_Red_2_r0_241__100.jpg
5735.0,366.6761865615845,1.0,0.5360161489487796,0.8417730808747982,36.828071961982346,15.664771647123814,48.52291242362526,25.172716033883614,76.04938900203666,44.21099549710012,3225.60295679,477.2779797979799,0.5971557044242454,0.3950103094567077,A,grading/data_processed/onion/A/Onion_White_2_r1_45__100.jpg
4365.5,274.6934313774109,1.5151515151515151,0.7270215893200891,0.9443002379407311,16.828985507246376,36.041267787047545,149.044370122631,65.53207350469788,57.570122630992195,32.985950850273674,13632.051374632689,267.3763391490664,0.4282209759725955,0.3094670552551487,A,grading/data_processed/onion/A/Onion_Red_2_r2_12__100.jpg
5507.5,347.26197350025177,1.1363636363636365,0.5739180870815994,0.8933495539334956,98.67798408488063,84.45443223712154,115.54641909814323,46.12554191714844,72.9658709106985,41.96052292558408,9002.71425123967,555.8122130394859,0.470702610131763,0.34056131447897864,A,grading/data_processed/onion/A/Onion_Red_1_r2_88__100.jpg
6753.5,325.806129693985,1.0888888888888888,0.7995033108376829,0.9674115456238361,16.08949811430229,15.521202076686812,148.97403539309545,50.81913347637603,89.03379750507688,51.53662728597529,4503.715608722703,546.8073310423827,0.3690815236906809,0.20346431936781548,A,grading/data_processed/onion/A/Onion_White_1_184__100.jpg
6133.5,296.14927530288696,0.967391304347826,0.8788138347020901,0.9872837022132797,137.78226837060703,58.87769072528243,91.92507987220448,41.99694546640266,80.73418530351438,46.41002784313065,5395.419001414965,427.6464920948617,0.378604764408449,0.21997872793717166,A,grading/data_processed/onion/A/Onion_Red_3_r2_159__100.jpg
4104.0,326.391916513443,1.4705882352941178,0.48410372828990994,0.8715226162667233,37.52791519434629,58.761416838309856,84.10388692579505,53.82770836180105,54.72767962308598,31.74352163076429,9253.051421366781,350.8325906120023,0.5246349905958207,0.3616946428551802,A,grading/data_processed/onion/A/Onion_2_r1_302__100.jpg
6201.5,366.776691198349,0.93,0.5792995024281428,0.901511847652275,49.93679245283019,75.80290210189975,117.5872641509434,43.34123700610686,81.92232704402515,47.000879206214734,5960.741801410569,438.15706521739145,0.4205755173829541,0.30120196751730377,A,grading/data_processed/onion/A/Onion_Red_1_70__100.jpg
3598.5,313.80612885951996,1.694915254237288,0.4592070301648983,0.8791839726362082,29.886954192338603,50.94556297656842,86.96624698633806,54.98976781112874,48.14331636753282,28.748325173934656,11416.332128698652,339.4899845916796,0.5187436786960724,0.3530256243859454,A,grading/data_processed/onion/A/Onion_2_r1_269__100.jpg
7028.5,338.1492757797241,0.92,0.7724236987987433,0.9636002193583767,25.244286510590857,39.562547964833556,104.70707915273132,50.039508193115836,92.19105351170569,52.77482754824901,2287.8773996219284,574.0525274725275,0.39953522271234476,0.20367397426114497,A,grading/data_processed/onion/A/Onion_2_r2_329__100.jpg
6999.0,327.2203438282013,0.94,0.821419983672028,0.972285892894353,17.28627450980392,18.207360129118708,143.07450980392156,56.05309902649434,92.00280112044818,52.86100099626737,4160.213837890448,512.081505376344,0.3740440510118266,0.22608604042716113,A,grading/data_processed/onion/A/Onion_White_1_r2_58__100.jpg
6699.0,322.87719690799713,1.098901098901099,0.8075047643975071,0.9696750379966708,28.007898200965336,52.43977241929629,80.21164253327483,49.57567314462164,87.83603919847887,50.455713510760944,2280.307347711629,494.9127539127539,0.3931087831335091,0.23383069823279448,A,grading/data_processed/onion/A/Onion_2_r1_165__100.jpg
5215.5,303.3208478689194,1.2987012987012987,0.7123628966124766,0.9327550746669051,16.347362514029182,39.752474759404684,168.34156378600824,52.823779888981974,69.40142162364384,38.22363787703064,9406.731150936075,344.07215007215007,0.4347173274246395,0.29100557846872455,A,grading/data_processed/onion/A/Onion_Red_2_r1_284__100.jpg
6711.5,311.80612897872925,1.0879120879120878,0.8674813833643263,0.981859410430839,17.346968590211834,14.674898937178394,137.43681519357196,53.517381681888274,88.10109569028488,50.86536755041013,5353.390509319247,476.59161246916346,0.37647887516900824,0.2276076933609254,A,grading/data_processed/onion/A/Onion_White_1_145__100.jpg
6855.5,316.6345566511154,0.94,0.8592753976968521,0.9809687343492881,149.87355170934057,45.319404319911726,101.86482620512086,40.879630901968156,89.91918180517808,51.6988398157533,2426.284688275238,389.52204301075267,0.45801381789597767,0.24383896359378915,A,grading/data_processed/onion/A/Onion_Red_3_r_69__100.jpg
6722.0,320.1909064054489,0.94,0.823930130625466,0.9728634488747376,20.13271109814788,11.222680327186533,128.31588158086626,50.587846394018996,88.5767828496427,51.490608376989144,4726.5492588388415,465.0089247311828,0.42811373307737904,0.2567159206945052,A,grading/data_processed/onion/A/Onion_White_1_r_40__100.jpg
6008.5,311.46298360824585,1.1494252873563218,0.7783287100251437,0.9632865731462926,27.998697280573197,52.930921590716295,161.37632307441785,55.178981206656516,79.93339846930468,43.95076844856481,5899.350244735104,440.7965865552073,0.43501492787273244,0.2779062566345453,A,grading/data_processed/onion/A/Onion_Red_2_r2_137__100.jpg
6536.5,319.80613005161285,0.9897959183673469,0.8031220715340315,0.9623113728376886,24.29457596643692,41.66601093737378,83.29817201078814,50.65067872471181,85.83982619118969,49.377442432010504,2612.8710483449413,522.6138392857143,0.4101899583870632,0.28421343031767443,A,grading/data_processed/onion/A/Onion_2_r2_120__100.jpg
5460.0,361.50461435317993,0.9587628865979382,0.5250187534079745,0.88085827216262,34.29408621303883,11.035466544254323,53.81688635553972,36.199034561241206,72.40612753829711,41.977100372518336,2785.1027456276784,412.8607126848946,0.5637139153732982,0.3609158643790577,A,grading/data_processed/onion/A/Onion_White_2_r1_170__100.jpg
4290.5,284.49242091178894,1.4492753623188406,0.6661566511592751,0.9313001953548947,32.89029918404352,53.48069890356847,92.56233000906619,56.968736673065116,56.88621940163191,33.038546137151194,7966.730368809073,353.34563021519546,0.4752593199711524,0.3481874417739275,A,grading/data_processed/onion/A/Onion_2_r2_213__100.jpg
6180.5,478.6589413881302,0.93,0.33898550080608336,0.8406556039173014,19.736883320281912,15.43864489844895,132.39514487079092,50.433522383727215,83.14518402505873,49.218224073575975,3692.42543502139,559.9767391304349,0.45125163029564425,0.2943097520491442,A,grading/data_processed/onion/A/Onion_White_1_r2_171__100.jpg
6429.0,392.8183226585388,0.94,0.523564047043358,0.937650404725443,20.293618311353647,35.94605094225645,85.73578899499772,50.19336942088235,84.88964680915568,48.79175223417492,2356.2150203598917,569.2013978494624,0.4002300477330871,0.28138380734210555,A,grading/data_processed/onion/A/Onion_2_r2_125__100.jpg
4561.0,277.0782079696655,0.71,0.7465608232131227,0.9517946577629383,14.104509510579184,24.586418262815236,151.6655268219705,51.546731380602935,60.16264159008335,34.09619931622126,12244.595955147788,364.99857142857155,0.4586324905736552,0.3199728145340106,A,grading/data_processed/onion/A/Onion_Red_2_r0_188__100.jpg
5013.0,330.0487701892853,1.054945054945055,0.5782975214486513,0.8729647366129735,32.984675072744906,16.151656317852275,66.30611057225994,45.83357690148447,66.57419980601358,38.729844402528634,1671.587788800647,292.20936957779065,0.603415434380485,0.3974870645316468,A,grading/data_processed/onion/A/Onion_White_2_r1_200__100.jpg
5930.0,360.0487697124481,1.098901098901099,0.574833268284057,0.8885891960740241,35.89765073106621,9.434540425922897,47.76950878922293,30.37436756271814,78.60029571217349,45.755122306261896,3333.4168447772013,407.08857808857806,0.5612613461427027,0.31920867414867254,A,grading/data_processed/onion/A/Onion_White_2_r0_109__100.jpg
7096.5,320.14927566051483,0.94,0.8700596415171402,0.9852828878861506,145.98991015894956,51.01579394647407,105.39350380096752,38.2593208461327,93.7813407049067,54.42274576434101,1748.75384281349,330.01870967741934,0.4137971996292311,0.21728380052616655,A,grading/data_processed/onion/A/Onion_Red_3_r2_91__100.jpg
4108.0,271.4213538169861,1.5384615384615385,0.7007325220167299,0.9340609367894498,37.479166666666664,63.69004564653148,149.30871212121212,55.25671287760733,54.37689393939394,31.60678143653082,15051.387383100593,257.1695415695416,0.5232713349863691,0.3373029373360234,A,grading/data_processed/onion/A/Onion_Red_2_r1_24__100.jpg
4075.0,362.3919154405594,0.72,0.38992445707757334,0.760686951652044,41.07746811525744,53.81899146964982,75.84034010392064,53.844538351847746,54.589749645725085,32.67798686413164,10986.518655555554,464.6511267605634,0.5363405093570249,0.39273590335462455,A,grading/data_processed/onion/A/Onion_2_r0_84__100.jpg
6066.5,339.9482651948929,0.94,0.6596634282567247,0.9119813589897775,147.80988409529942,46.68226448350419,91.99468770122344,39.69934258631888,79.84063103670316,46.037073557929496,4562.442612041647,351.72591397849465,0.503393927199706,0.3247128012315138,A,grading/data_processed/onion/A/Onion_Red_3_129__100.jpg
4369.0,304.87719666957855,1.2820512820512822,0.5906660695556287,0.8802256472247406,137.15518008003556,55.335155880139276,85.83392618941753,48.34239206283132,57.635615829257446,33.39612211782533,10801.916482840237,324.93900543900554,0.551929531974637,0.41005291213953526,A,grading/data_processed/onion/A/Onion_Red_3_r_156__100.jpg
7302.5,323.8061298131943,1.0526315789473684,0.8752080384797255,0.985692110413714,66.30206933619995,80.49829107115866,125.69806503628057,44.82529698376121,96.05200214995969,54.77704299263939,4226.964357617728,543.2515683147262,0.3153903868429537,0.2022625927708178,A,grading/data_processed/onion/A/Onion_Red_1_r_188__100.jpg
4871.5,296.14927566051483,1.36986301369863,0.69799324780492,0.9280815393408268,17.992396958783512,42.62243788313021,169.0842336934774,54.48192378698465,64.80452180872349,35.97024251934069,10832.261835447549,344.224297772243,0.45104339941446964,0.3018590340707728,A,grading/data_processed/onion/A/Onion_Red_2_r1_290__100.jpg
4599.5,288.00713992118835,1.408450704225352,0.6968093642794034,0.9386734693877551,29.325994919559694,50.67939766781777,91.27053344623201,56.45825688958995,60.75571549534293,34.95458555874671,8147.544389506051,398.0529236022193,0.4597890100822346,0.32234203331107286,A,grading/data_processed/onion/A/Onion_2_r2_204__100.jpg
5424.5,437.20309817790985,1.0319148936170213,0.35661788158933094,0.7695963680215648,15.845153243050605,14.045456433685013,146.18620812544546,44.31897842091058,73.8168210976479,43.818975140221355,3209.507589352363,430.52980939716315,0.47758726095589416,0.36893222060168934,A,grading/data_processed/onion/A/Onion_White_1_r_89__100.jpg
6226.5,336.29141068458557,0.95,0.6918665059572905,0.9280125195618153,81.27483911473865,84.65491433778084,116.17548265578402,42.51807635450591,82.11128551247842,47.209605346867846,4697.038476443214,343.9451063829787,0.4504617921130744,0.3158668829301442,A,grading/data_processed/onion/A/Onion_Red_1_125__100.jpg
5358.5,294.14927542209625,1.0232558139534884,0.7782471397463957,0.9696010132995567,136.8329686360321,59.50376024635423,89.31655725747629,41.94288703151556,70.74434719183078,40.76646135937812,6722.971468673456,363.6829724672548,0.4171261376125618,0.2611751823378325,A,grading/data_processed/onion/A/Onion_Red_3_r2_155__100.jpg
4279.5,301.3208475112915,0.64,0.5923038207970238,0.9063856825161495,38.95032887276027,54.33336721508063,87.63030165570424,55.84599849701471,56.87003855749603,33.484249273991935,10630.390780371092,572.944126984127,0.4468850652997371,0.2907152065470815,A,grading/data_processed/onion/A/Onion_2_r0_318__100.jpg
6033.0,324.53405261039734,1.0444444444444445,0.7198179016892619,0.9539093999525654,96.99854156538649,84.5213342117996,112.32117971155404,44.65363455042505,79.46345811051694,45.88258444804313,6734.689674940897,417.57646356033456,0.39321109531155995,0.2543938635285597,A,grading/data_processed/onion/A/Onion_Red_1_r_118__100.jpg
4493.0,280.7350606918335,0.69,0.7163957049860956,0.9517051472145732,18.56808326105811,38.46413841525295,154.55594102341718,53.668783953389124,59.5847788378144,33.30337648650788,13553.075315668975,368.36926470588236,0.4666931917071864,0.31127198161702957,A,grading/data_processed/onion/A/Onion_Red_2_r0_217__100.jpg
6074.5,304.97770297527313,1.1264367816091954,0.8206996009253216,0.9723867456379062,22.852538275584205,45.86888097770657,174.75616438356164,51.583611631939476,79.97502014504433,44.87983980194492,4970.444338202655,385.32337954733975,0.40812665663327546,0.2557266720087039,A,grading/data_processed/onion/A/Onion_Red_2_r2_281__100.jpg
5678.0,294.73506140708923,1.2345679012345678,0.8213753170493746,0.9733436187537499,61.06461061337009,79.26158696361728,158.7014128187457,51.225672561340076,74.657994486561,41.9373078245362,6475.788913443072,313.0124703828408,0.4416118154747388,0.27052533263111134,A,grading/data_processed/onion/A/Onion_Red_2_r2_225__100.jpg
6019.5,332.4924211502075,1.0526315789473684,0.6842373577768562,0.9177466077145906,19.83000811030008,40.018932762891936,81.23763179237632,51.24764686216343,79.21346309813462,45.41620285048604,3767.9608850415516,434.0150983519404,0.47950719660915025,0.3398160180135929,A,grading/data_processed/onion/A/Onion_2_r2_289__100.jpg
6876.5,336.4335448741913,1.0309278350515463,0.7634467104336662,0.959199330450551,16.264140190910386,14.827479581708516,139.15329819062543,52.720021188888566,90.57258868784727,52.421869441979176,4279.583287533213,454.59273143809236,0.4005270748996375,0.261258811871424,A,grading/data_processed/onion/A/Onion_White_1_r2_75__100.jpg
4349.5,276.350284576416,1.492537313432836,0.7156972803886649,0.9310713903457134,22.428955023495188,45.00878483462009,147.38151711792347,64.27005236913527,57.6265383754755,33.30472451461065,14845.058629895302,287.89295944519824,0.4457633964058974,0.3209758953536214,A,grading/data_processed/onion/A/Onion_Red_2_r2_4__100.jpg
7179.0,317.56348872184753,1.075268817204301,0.8945666194178463,0.9882304356803634,70.53321487151449,81.37316498959994,126.42044833242208,44.33927594805483,94.313832695462,53.677432277813004,4174.833573777315,480.81861627022914,0.3156629757031117,0.199462628703281,A,grading/data_processed/onion/A/Onion_Red_1_r_195__100.jpg
4615.0,300.87719786167145,1.2048192771084338,0.6406237242665825,0.9027777777777778,142.58456347532686,53.32901542833385,91.6678616617461,45.035643323632186,60.79354702657107,35.12102015960902,9197.327662418349,313.4395764877693,0.5844327780052887,0.4159677435196346,A,grading/data_processed/onion/A/Onion_Red_3_r_51__100.jpg
6579.0,318.7350608110428,1.075268817204301,0.8137857364968186,0.9702108833505383,88.68051213339288,84.41145178971134,114.21289266041387,40.299259369325604,86.32693166592229,49.643637093738775,3325.405809353683,384.7211903986098,0.4072999076298666,0.2625330288922359,A,grading/data_processed/onion/A/Onion_Red_1_r_110__100.jpg
5915.5,332.7766913175583,0.94,0.6712673500566202,0.9122522939316833,145.70282317979198,48.6633200585658,94.01320785867591,41.76093930225778,77.85983159980188,44.88135993604838,4872.796872691263,384.4029032258064,0.5120655848497175,0.3404907940121578,A,grading/data_processed/onion/A/Onion_Red_3_157__100.jpg
3775.5,271.3208473920822,1.639344262295082,0.6444927096051004,0.9214154972544234,15.295886889460155,35.120543187378026,157.27814910025708,61.281526260705334,50.19074550128535,29.17871740354073,17687.599184735285,267.53601589667164,0.49091411852758493,0.34876920438223036,A,grading/data_processed/onion/A/Onion_Red_2_r1_185__100.jpg
5913.5,513.629504442215,0.9387755102040817,0.28167904472798344,0.84400199814458,21.449046143812165,20.63579074324223,131.39784770911461,47.4314479567415,79.75183433882276,46.637033875707644,4412.757722788394,667.2720340883607,0.4630960834033472,0.2975728947477233,A,grading/data_processed/onion/A/Onion_White_1_r2_166__100.jpg
5659.5,359.6051186323166,1.0526315789473684,0.5499664523031481,0.8467868631704945,35.020983832129346,11.081502482862492,53.63089095287238,29.05273159156805,75.1312349501204,43.6873230192988,2596.069366825485,357.92876129718235,0.6101257370464042,0.3753521266809124,A,grading/data_processed/onion/A/Onion_White_2_r0_68__100.jpg
6984.0,315.5634889602661,0.979381443298969,0.8813341459396679,0.9871378091872791,145.91095505617977,51.44185321320733,109.96207865168539,40.10583919147237,92.02275280898877,53.34093005739888,1890.8496205053864,356.44944066681285,0.4119981608650127,0.21353371191138124,A,grading/data_processed/onion/A/Onion_Red_3_r2_81__100.jpg
6738.5,315.1198387145996,0.93,0.8527497596790319,0.9798604042460375,19.816792782305004,12.41193859752285,131.51891734575088,50.17228110365819,88.55136786961583,51.36779580948121,4598.324153959995,400.97836956521746,0.43339473798922934,0.24652072070566416,A,grading/data_processed/onion/A/Onion_White_1_r_47__100.jpg
5868.0,317.2203426361084,1.0674157303370786,0.732787258669433,0.9471390525381325,89.74367088607595,84.84956365600316,120.84110592938042,45.897911974587885,77.28580946035976,44.36510359373783,6486.459698721551,401.3528568013387,0.42269981065260775,0.27432632706724364,A,grading/data_processed/onion/A/Onion_Red_1_r_25__100.jpg
4119.5,282.83556711673737,1.492537313432836,0.6471222424621498,0.9158514895509116,32.17071445413818,44.7368643515108,89.53572270690874,58.896547522505195,54.755246404149965,32.418559000076996,9348.505833905101,337.77340569877884,0.5214396094135657,0.3550269942437076,A,grading/data_processed/onion/A/Onion_2_r2_50__100.jpg
5666.0,360.6761871576309,0.9693877551020408,0.5473328245148231,0.8812504860409052,35.37577319587629,13.58657605141197,52.3286941580756,34.56546706490516,75.04604810996564,43.520780791148866,2946.333994769031,499.99848024316117,0.5748136811378781,0.358891189705875,A,grading/data_processed/onion/A/Onion_White_2_r1_164__100.jpg
6119.0,365.01933157444,0.94,0.5771099821283471,0.8997206293192178,58.19056724028043,79.13728589844514,114.30178457616316,45.121750212710644,80.50924155513066,46.08676465486312,5106.1991478044365,448.40043010752686,0.4449547166392541,0.31848871543095847,A,grading/data_processed/onion/A/Onion_Red_1_88__100.jpg
4349.0,277.76449954509735,1.5151515151515151,0.7083465682253504,0.9367797522886376,21.21593197583352,43.42080139351194,144.39382412172745,64.92076322543201,57.59946296710674,33.89278317809924,13873.822947658402,296.8741965105601,0.433454235694564,0.3113088925171392,A,grading/data_processed/onion/A/Onion_Red_2_r2_8__100.jpg
5286.5,324.77669167518616,1.1235955056179776,0.629808319838696,0.8958651076088798,146.84587020648968,49.84200174363049,98.24797197640117,43.7049799500671,69.78613569321534,39.82311534455337,8264.109054147202,395.3264101691068,0.526013597122013,0.3764627471310825,A,grading/data_processed/onion/A/Onion_Red_3_r2_26__100.jpg
6092.5,485.00208723545074,0.9489795918367347,0.32547541291554777,0.829984333492269,20.118870020631647,18.164617678329048,132.43786700523725,49.86270457207599,82.09077924139025,48.53591427481287,3570.4020409270834,545.4169254658386,0.4471919594881887,0.290563053715011,A,grading/data_processed/onion/A/Onion_White_1_r2_172__100.jpg
7109.0,326.7350617647171,0.9693877551020408,0.8368100675258804,0.976510989010989,14.323541580471659,7.246501744977004,146.5720590263412,47.30490875566279,93.67425182733416,54.356567279413014,3589.496048956979,407.7784411636996,0.3529845434021854,0.2082192512023515,A,grading/data_processed/onion/A/Onion_White_1_r_110__100.jpg
3514.5,303.3208485841751,1.694915254237288,0.48003056050947335,0.8637257311378718,30.631550068587106,50.035833995303214,81.06529492455418,53.15636395347137,46.91358024691358,27.299918236901398,13008.791384630855,278.6004108885465,0.5255064526131747,0.36807949410251917,A,grading/data_processed/onion/A/Onion_2_r1_93__100.jpg
4717.5,279.6639938354492,0.7,0.7579641447584419,0.9605008653160949,11.099028323340914,17.046371501258808,155.2598718213769,55.95043130397814,62.16704568947695,35.53317285554903,11099.339034918368,383.03797101449277,0.4365701205850445,0.28905427423055974,A,grading/data_processed/onion/A/Onion_Red_2_r0_149__100.jpg
7343.0,322.0487701892853,0.97,0.8896928535766535,0.990022920318188,33.0663012966181,62.591812114673374,163.66715679721963,48.82064710278812,96.54858976072718,55.21887593756108,1816.4311935806145,323.08229166666666,0.38452102955073536,0.21355702434612037,A,grading/data_processed/onion/A/Onion_Red_2_r2_254__100.jpg
3899.0,331.2203426361084,0.6,0.4466106704164388,0.828428768724105,37.365165759524984,52.67550954780151,76.22810489856506,53.48794572863162,52.17342899554676,31.03289274354224,14034.451861222222,492.55271186440666,0.44491505259324365,0.3029401553426786,A,grading/data_processed/onion/A/Onion_2_r0_97__100.jpg
5733.5,377.605118393898,1.1235955056179776,0.50530539594348,0.8742756938090881,33.86586399864338,9.677773559669003,51.586060708835,30.60060862897454,75.90401899270816,44.16673296677148,3193.692375849009,397.6014073317445,0.5912662300100358,0.3256581911296161,A,grading/data_processed/onion/A/Onion_White_2_r0_196__100.jpg
7347.5,355.94826579093933,1.0103092783505154,0.7287451812439033,0.9653790566285639,14.834822023730169,36.029606736546505,173.6855085988535,45.65436641200518,98.6132515664578,55.06795627584267,2515.408473964133,478.9979806568181,0.3229215041656683,0.19419924579570746,A,grading/data_processed/onion/A/Onion_Red_2_r1_266__100.jpg
6311.0,379.01933240890503,1.0104166666666667,0.5520587777191892,0.8894996476391825,85.41976833976834,85.64516459936006,127.29637065637066,35.84468914251624,84.28355212355213,48.981439079053416,2000.8971058364448,333.27788628472223,0.46811043985634293,0.288722278772353,A,grading/data_processed/onion/A/Onion_Red_1_r_80__100.jpg
4694.5,300.6345566511154,1.1111111111111112,0.6527117165578735,0.9345078132775954,54.031936955620075,76.67564217133582,117.16590626296143,49.351874142056616,62.20053919535462,36.049999492611306,14672.61560415926,394.20294076848387,0.44950874820587966,0.3221023216962264,A,grading/data_processed/onion/A/Onion_Red_1_r_156__100.jpg
5397.0,324.5340520143509,1.021505376344086,0.6439345648412027,0.9023574653068048,33.24317976513098,13.270398080986503,58.47841011743451,40.04517135526409,71.773261065944,42.32978975553313,2167.707961895904,344.07767101349805,0.5445632309209366,0.3591180572003617,A,grading/data_processed/onion/A/Onion_White_2_r1_185__100.jpg
5136.5,343.60511887073517,1.1411764705882352,0.5467111184527594,0.88713298791019,99.42494794624267,84.51006881094067,114.17811849328034,45.448594559093834,68.18947567669885,39.35652531134042,10839.956920786657,463.8802696078431,0.4761553698389062,0.3432791963951793,A,grading/data_processed/onion/A/Onion_Red_1_r2_93__100.jpg
6657.5,315.462984085083,1.098901098901099,0.8406674357166984,0.9784685479129923,17.338044758539457,15.201163133318847,142.63928150765608,51.24998526198996,87.50132508833923,50.629561243826586,5519.176889494022,463.12387612387624,0.38509462385961196,0.2406775248736035,A,grading/data_processed/onion/A/Onion_White_1_154__100.jpg
4044.5,282.6345567703247,0.66,0.6362447076086282,0.9179527916477531,13.020658179197694,24.851044225270996,145.40187364881095,55.40371054629606,53.49099207302426,30.76680522374549,17850.599163544535,359.07076923076914,0.47015565434403067,0.3469033083230019,A,grading/data_processed/onion/A/Onion_Red_2_r0_70__100.jpg
4985.5,293.32084822654724,1.3888888888888888,0.7281698956767328,0.9617091049382716,20.77519076501663,47.0470748697893,157.36959499119547,56.35950517984429,65.6354920759147,37.53799072602981,9985.767499826388,340.2375140291807,0.4329355244033926,0.27601453064165365,A,grading/data_processed/onion/A/Onion_Red_2_r1_216__100.jpg
6461.5,323.3208484649658,1.1363636363636365,0.7767402188106323,0.9605321837371785,16.860799757649197,17.921836564292526,145.58724628900333,54.72760096055281,84.94971220842169,49.018774424241805,5057.472869821797,438.03983011937555,0.4041853704950006,0.23649697184866883,A,grading/data_processed/onion/A/Onion_White_1_190__100.jpg
3789.5,301.17871248722076,1.6129032258064515,0.5249805706881716,0.8938554074772969,37.177250701351696,58.74392925981551,77.35297118082121,53.26220906546643,50.54067839836776,29.806558871259337,11019.535098204995,296.1814923427827,0.5221628386917346,0.35534903704454635,A,grading/data_processed/onion/A/Onion_2_r1_120__100.jpg
7456.0,326.0487698316574,1.0101010101010102,0.88135451047388,0.9864391082886816,26.96050552922591,46.983485260931715,162.21208530805688,54.30412299175073,99.17285413375461,54.99740771635499,2284.305029476584,446.55249464340363,0.3617363826887898,0.21979563586729736,A,grading/data_processed/onion/A/Onion_Red_2_r1_110__100.jpg
7181.0,321.22034335136414,0.95,0.87455818114273,0.9850480109739369,85.44295668807214,85.06307179465257,109.59038119961744,39.33267635530653,94.19292253040032,54.434018634198466,3031.9820504265927,359.34468085106386,0.3835435130594403,0.21444436397861114,A,grading/data_processed/onion/A/Onion_Red_1_r2_159__100.jpg
7248.5,319.46298372745514,1.0416666666666667,0.892517869575957,0.9889487686745344,26.874339878131348,52.962123366583995,143.96519972918077,54.52431837280523,95.12092078537576,53.998980679136544,2526.8874747287327,378.7381102693603,0.3633063294089932,0.21657477127208635,A,grading/data_processed/onion/A/Onion_Red_2_r1_81__100.jpg
7229.0,321.2203439474106,0.96,0.8804039922041933,0.987973213065464,20.58992805755396,45.11136420257596,173.30120809013167,46.22959654244512,95.3688068413194,53.92575039026274,2034.8621028537327,358.2481052631579,0.3821924535086007,0.21714194905356535,A,grading/data_processed/onion/A/Onion_Red_2_r2_265__100.jpg
3851.0,268.1076453924179,0.62,0.6732323641227379,0.9314306445761277,48.283589614318124,72.96371043542935,154.88681623392992,56.377942874630854,51.03327451474666,29.00667763737122,14606.764009469305,311.3349180327869,0.5015040173387811,0.33892878660045284,A,grading/data_processed/onion/A/Onion_Red_2_r0_314__100.jpg
6688.0,323.2203427553177,1.1235955056179776,0.8044679667062178,0.9720930232558139,20.55807821883697,8.743012627751789,121.86450856891753,51.73192563438245,87.95649626483082,51.29402413703622,5567.600477957329,523.5860855748497,0.4075028951377385,0.22046169180577613,A,grading/data_processed/onion/A/Onion_White_1_47__100.jpg
4297.0,290.0487699508667,0.67,0.641849432620541,0.9183586236375294,42.65218375198008,68.65520440063985,149.2335369993211,55.39868254768485,57.45689069925322,32.330210085918786,15639.240271419025,406.0153030303032,0.4865882845356392,0.31894630381919553,A,grading/data_processed/onion/A/Onion_Red_2_r0_261__100.jpg
6659.0,356.53405153751373,0.99,0.6582893820580105,0.928666062338749,73.69367385879936,84.22457599262,114.92881256421548,40.5011401863115,87.82841626302657,50.62161143421451,4564.32913452709,463.5650000000001,0.4159435176620939,0.29836680602424526,A,grading/data_processed/onion/A/Onion_Red_1_48__100.jpg
3836.0,273.9066344499588,0.63,0.6425151303538383,0.9172644667623147,27.370951417004047,51.156756257953816,151.73633603238866,58.40564569391809,50.82641700404859,29.74986358142766,16309.043510481228,365.27790322580654,0.486618766310315,0.3523244317428379,A,grading/data_processed/onion/A/Onion_Red_2_r0_52__100.jpg
3766.5,273.32084918022156,1.6129032258064515,0.6335812451375398,0.9134230629319753,19.18083462132921,43.025952935300296,154.1069036579083,62.693764834672706,50.174137042761465,29.26812169921181,17967.412377497396,274.1047572499186,0.5033346983818985,0.3620233354036602,A,grading/data_processed/onion/A/Onion_Red_2_r1_176__100.jpg
4423.0,320.0487701892853,0.71,0.5426183518832813,0.8887772530895207,51.87872807017544,62.983856774348894,75.93157894736842,52.584152798890955,58.681359649122804,34.27522766495772,9223.171970065463,471.36199999999997,0.45552616583063416,0.338914684345937,A,grading/data_processed/onion/A/Onion_2_r0_192__100.jpg
6577.5,311.32084798812866,1.1235955056179776,0.8528139805637317,0.982009555091072,36.01817640047676,8.91184630371248,47.04678188319428,29.71402059696814,86.48182359952324,50.21597541520972,3550.606649715945,418.354556803995,0.5248740317002522,0.2339211861862159,A,grading/data_processed/onion/A/Onion_White_2_r0_150__100.jpg
7079.5,338.29141092300415,0.9595959595959596,0.7773748882098841,0.9687991789257612,14.623944636678202,10.630603192304331,148.37508650519032,48.81662533122846,93.47833910034602,54.445778697734106,3802.846721039546,490.87362991618306,0.3705558775994296,0.216969548634879,A,grading/data_processed/onion/A/Onion_White_1_r_116__100.jpg
6558.5,308.9777022600174,1.1235955056179776,0.8632967551365764,0.9817378938702193,35.58929905843671,9.207787456547464,46.5190554476162,28.424269039984097,86.24958900014946,50.200829951395946,3333.355851735892,409.2823743048463,0.531872168341862,0.23709975309424566,A,grading/data_processed/onion/A/Onion_White_2_r0_146__100.jpg
7218.0,320.0487707853317,0.96,0.8855119261372832,0.9872794419368075,21.92807613868117,47.55021668762116,174.47777022433718,46.92226111446506,95.12277362338546,53.97304780395374,2136.8760650933164,369.86757894736854,0.37295864395784883,0.21823571083753582,A,grading/data_processed/onion/A/Onion_Red_2_r2_266__100.jpg
5274.5,291.4629843235016,1.2658227848101267,0.7802330557858634,0.9558716926422617,36.6514730405781,64.06377598254967,156.47674634055957,57.995662069775435,69.79080970909764,39.13438699342871,8161.184236035892,384.52768188211235,0.4645887114567364,0.30227853849304775,A,grading/data_processed/onion/A/Onion_Red_2_r2_145__100.jpg
3827.5,304.8355668783188,0.56,0.5175994295120772,0.8835410895660203,37.60050505050505,57.16917566494785,85.95883838383838,56.52824513144346,50.8489898989899,29.468189045924788,13643.014642857142,432.38818181818186,0.4260998971957378,0.2725181319314459,A,grading/data_processed/onion/A/Onion_2_r0_294__100.jpg
5345.0,348.0487698316574,1.3157894736842106,0.5544691242594444,0.9047054840893703,37.31532023289665,59.290029485914054,84.45924308588064,54.551567537738684,70.72962154294032,40.640590654368665,5352.327028653047,492.37852206273266,0.43307786900166,0.2617326577480725,A,grading/data_processed/onion/A/Onion_2_r1_320__100.jpg
6149.5,366.7766923904419,0.93,0.5744420328992849,0.8968861664114344,48.903614457831324,75.18682016191674,116.20608750792644,44.17152551334669,80.94578313253012,46.344707070681,5411.60416468956,467.1538043478261,0.4386447142784879,0.3080642271555236,A,grading/data_processed/onion/A/Onion_Red_1_79__100.jpg
3824.0,304.24978029727936,0.56,0.5191193304913707,0.8784746152079026,41.17896865520728,59.590223736469966,86.85894843276036,55.76871858855551,50.95348837209303,29.877714377877457,12956.711021396683,461.5878181818182,0.41484445230368644,0.27029643965331135,A,grading/data_processed/onion/A/Onion_2_r0_292__100.jpg
4850.5,325.1198374032974,1.0952380952380953,0.576646200469544,0.9130352941176471,86.41230707556625,84.31907215994892,108.03888554820605,46.92131747206194,64.77009420725597,37.70498009233578,11950.149332480316,434.92673992673986,0.492239010121348,0.33800258223165003,A,grading/data_processed/onion/A/Onion_Red_1_r2_2__100.jpg
6774.0,318.3919161558151,1.1235955056179776,0.8397132209786456,0.9779831083519815,20.49688901750832,7.775180647872949,124.8385183041528,51.814414810719576,89.27723918390971,52.443017852764214,5004.655249337204,533.8389513108615,0.40391685307155367,0.21187203370328866,A,grading/data_processed/onion/A/Onion_White_1_39__100.jpg
5995.0,316.87719810009,0.95,0.7502691217452009,0.9316963245007382,147.06704730831973,46.53402593706376,95.1588907014682,40.880447271029176,78.77716150081567,45.32787495997005,4638.852893639889,354.2758510638297,0.5064066100886743,0.3424772695698556,A,grading/data_processed/onion/A/Onion_Red_3_177__100.jpg
5684.5,345.94826447963715,0.9489795918367347,0.5968700983516966,0.879001082418432,35.51980113149323,12.555148108933428,51.503685924909995,27.61646215186009,75.145208297617,43.537081405672794,3129.7177802789515,437.5532386867792,0.5887744744943705,0.3431836807688623,A,grading/data_processed/onion/A/Onion_White_2_r1_145__100.jpg
5538.5,393.4041084051132,1.0,0.4497014024705677,0.78001549186677,15.73979323637638,14.755638178721215,144.7040476607675,48.988584360740155,74.16400911161732,43.513105013893984,2812.283694875157,315.1004628655586,0.5113983110105691,0.3934607996410916,A,grading/data_processed/onion/A/Onion_White_1_r2_107__100.jpg
4681.0,304.39191579818726,1.1904761904761905,0.6348663038653324,0.8988958233317331,142.04385782581585,53.67681556504358,90.85741010184992,44.08719036238337,61.92579505300353,35.965521113501026,9118.747581845239,375.8369408369409,0.5801495253829219,0.41366452975960377,A,grading/data_processed/onion/A/Onion_Red_3_r_45__100.jpg
3794.5,264.00714015960693,0.63,0.6841212425576901,0.9289998775859959,48.62170463271052,72.26973420151788,153.62247248528283,56.154855880728256,50.264141284873304,29.099185238937594,16616.856349181155,357.4753225806452,0.5110497943265692,0.3569217815832686,A,grading/data_processed/onion/A/Onion_Red_2_r0_6__100.jpg
4153.5,287.6639931201935,0.65,0.6307439150413928,0.9153719008264463,44.064297404722936,69.52090519147798,150.54781388823943,53.309993930796296,55.193827449146596,31.32640322752365,15290.337005325442,341.124375,0.4779598679836096,0.3218703541837051,A,grading/data_processed/onion/A/Onion_Red_2_r0_288__100.jpg
5553.5,380.7766921520233,1.054945054945055,0.48132223721361944,0.7819628273725711,16.794719356530862,11.285211845000132,145.39902080783355,47.95499987883805,74.29725476481903,43.47284047797669,2899.946362322049,356.5597455176403,0.46001138419139886,0.3308157731027299,A,grading/data_processed/onion/A/Onion_White_1_r_75__100.jpg
3821.0,272.24978172779083,0.63,0.6478162253288339,0.9126955690911263,26.731013462026922,50.3385292228739,153.7980695961392,58.07449357064753,50.60198120396241,29.424663922915606,16306.503516528093,329.8256451612903,0.48795597430012355,0.3553580876347836,A,grading/data_processed/onion/A/Onion_Red_2_r0_49__100.jpg
4812.0,312.59292590618134,0.76,0.6188383102286368,0.9001964269011318,41.84320064659527,52.343543050031634,82.18145079814104,53.23538935302573,63.69286724590827,37.26079404312992,7968.2627315616355,487.9674666666666,0.4733117807997537,0.3324879145673319,A,grading/data_processed/onion/A/Onion_2_r0_12__100.jpg
3797.5,272.14927649497986,1.6129032258064515,0.644307635954532,0.9257679180887372,20.03093047034765,44.46814551559822,154.6086400817996,60.889692555475584,50.42638036809816,28.867428439862366,19463.90547801769,243.66520039100683,0.5080337393017833,0.35619887071398393,A,grading/data_processed/onion/A/Onion_Red_2_r1_190__100.jpg
5206.5,322.63455724716187,1.054945054945055,0.6285415200217308,0.8989122928176796,32.7577174929841,11.852060042473845,61.38690364826941,43.25704035606131,69.23928905519176,40.68549420366575,1979.399895916669,313.79224985540776,0.5682863158800996,0.376441725773275,A,grading/data_processed/onion/A/Onion_White_2_r1_190__100.jpg
4328.5,323.80612885951996,0.69,0.5187727513693022,0.8722418136020151,50.11794986571173,62.917893591763175,76.68867502238137,52.88319239855265,57.42882721575649,33.24528482481303,8656.685980655324,453.4714705882352,0.45996963480105535,0.3347897393143538,A,grading/data_processed/onion/A/Onion_2_r0_166__100.jpg
6143.0,318.87719774246216,0.94,0.759177712183149,0.9430457476205096,143.96129956999522,51.55424982091333,97.79200509635292,41.78599258610972,80.72686733556299,46.12771722923012,4903.0210343933895,422.7387096774193,0.48152336121123096,0.3189897355427954,A,grading/data_processed/onion/A/Onion_Red_3_54__100.jpg
6258.5,345.1198375225067,0.95,0.6602984442085974,0.9262931991415674,73.1542063368191,83.67536662908529,112.7125019509911,43.38006026173561,82.65428437646324,47.63935591089684,5242.337418049861,367.8504255319148,0.45762502514306824,0.3135421148166446,A,grading/data_processed/onion/A/Onion_Red_1_131__100.jpg
5740.5,421.7472538948059,0.94,0.40555994769185855,0.8026426174496645,18.215901417960836,9.875019654733322,139.10162052667116,50.79831103349791,76.6358879135719,44.61481105720476,3656.107772340425,391.958064516129,0.48232473394482595,0.3540397407786897,A,grading/data_processed/onion/A/Onion_White_1_r_24__100.jpg
6482.0,312.5340509414673,0.9292929292929293,0.8339196519637838,0.9743705373919579,21.145600241911097,14.5218144352398,122.24296945872392,48.35719165013477,85.94209253099486,51.08324437895995,6296.193417667057,545.4864024864025,0.4407887017289278,0.25837150608010856,A,grading/data_processed/onion/A/Onion_White_1_r2_155__100.jpg
5943.0,320.048770070076,0.95,0.7290935717035097,0.9233996270975762,146.43322368421053,47.68825383762308,94.40361842105263,40.818983265164306,78.12302631578947,44.94860730585706,4596.705442260388,391.6331914893617,0.51115589954295,0.3450373779950099,A,grading/data_processed/onion/A/Onion_Red_3_172__100.jpg
5028.5,293.4629830121994,1.2658227848101267,0.7337391004430965,0.9468085106382979,22.281832298136646,42.34029359676324,160.40877329192546,56.07617227434821,66.60326086956522,37.13020846522523,11068.66015156225,358.62165963431784,0.4536460998103595,0.3332185600215326,A,grading/data_processed/onion/A/Onion_Red_2_r1_134__100.jpg
7109.5,317.46298336982727,1.0526315789473684,0.8864673329217702,0.9894919972164231,24.31966873706004,49.69235325489223,149.0848861283644,54.99131595290298,93.37708764665287,52.97118218135915,2807.23214265928,383.5250398724084,0.3705883136898283,0.2228692862906437,A,grading/data_processed/onion/A/Onion_Red_2_r1_73__100.jpg
7404.5,325.4629843235016,1.0204081632653061,0.8784203669784338,0.9855583654998004,13.831521739130435,24.84409196645475,159.30341993637327,53.34748539783526,97.20957051961824,55.96654297699068,2856.303128269471,475.0580292723149,0.3432497939492505,0.21429217165210274,A,grading/data_processed/onion/A/Onion_Red_2_r2_72__100.jpg
4443.0,307.56348991394043,1.3888888888888888,0.5902236627610393,0.9263004273949755,36.87213114754098,56.37076752162711,87.95825136612022,49.610141361459824,58.90010928961749,34.078691802367295,9395.559660416666,363.46717171717177,0.49737483840827806,0.35041839455329243,A,grading/data_processed/onion/A/Onion_2_r1_241__100.jpg
7023.0,340.04877066612244,1.0309278350515463,0.7632206532793833,0.9574642126789366,23.61729428172943,36.24879905769848,99.79177126917713,50.12673772208767,92.31227336122734,53.112204351149494,2262.501779147625,511.6832239925023,0.44544787727875035,0.2503467201491394,A,grading/data_processed/onion/A/Onion_2_r2_338__100.jpg
5880.5,299.6639951467514,0.989010989010989,0.8229150172779043,0.9656786271450858,137.74292845257904,56.587937286427305,85.08935108153078,43.49943105652216,77.30232945091514,44.547791957448915,5975.296315692176,469.3391776762563,0.4023646872293656,0.2506712488751697,A,grading/data_processed/onion/A/Onion_Red_3_r_174__100.jpg
7052.0,318.7350618839264,0.93,0.8722932018758289,0.9845036995672204,17.667454798331015,16.57165452142848,139.30152990264256,52.73535929574771,92.8027816411683,53.981370536532154,3511.7473756041163,520.0178260869566,0.361548743594872,0.21203880788466375,A,grading/data_processed/onion/A/Onion_White_1_r2_27__100.jpg
6621.0,309.70562410354614,1.1111111111111112,0.8674316573463268,0.9862952480262178,24.079235781990523,48.71526379552052,150.41558056872037,51.68072079407995,86.99392772511848,48.908850368896296,3839.32069254321,366.6518518518519,0.3973986004149028,0.2359361124622332,A,grading/data_processed/onion/A/Onion_Red_2_r1_60__100.jpg
4852.5,303.8061306476593,1.0833333333333333,0.6606665841466882,0.9288859111791731,85.74989963869932,84.29615831873029,108.39160979526295,46.65466064987699,64.98916097952629,38.45629564802702,10334.595664086792,488.170634920635,0.48752283914225014,0.33406115426864474,A,grading/data_processed/onion/A/Onion_Red_1_r2_3__100.jpg
6659.0,350.53405153751373,1.0,0.6810177850660545,0.928666062338749,79.03935389133628,85.1275948719727,114.59559471365638,42.04885674515239,87.66637298091042,50.51806789127341,4720.85855975,405.3742424242425,0.42626985700244896,0.30556215035875134,A,grading/data_processed/onion/A/Onion_Red_1_44__100.jpg
6363.5,342.77669191360474,1.0,0.6805865249302463,0.923316889146837,78.16251920122887,84.74828914049203,115.01981566820277,44.939253150210966,83.83133640552995,48.115013269255705,4687.85525511,429.10363636363644,0.45502854557060723,0.33563522610043467,A,grading/data_processed/onion/A/Onion_Red_1_31__100.jpg
3659.5,289.8061292171478,1.3194444444444444,0.5475407959315093,0.8538264115725618,142.6290322580645,54.14156418169639,98.51242728714966,51.90670890531026,48.78450555261766,29.395718093059074,17225.285656077936,306.337913711584,0.5949394840756277,0.43305085342243615,A,grading/data_processed/onion/A/Onion_Red_3_r_133__100.jpg
4109.0,282.24978148937225,1.492537313432836,0.6481548521195898,0.9211971752045734,32.46666666666667,44.70451133088624,89.43687943262411,56.46337051263759,54.45437352245863,31.685693030306826,8528.74762432613,298.90049751243777,0.5235456998510145,0.3575811210747319,A,grading/data_processed/onion/A/Onion_2_r2_62__100.jpg
6665.5,344.0904005765915,1.0104166666666667,0.7074528216108881,0.9550111039472742,15.824842167082661,14.956924577640265,139.5269417119366,50.376039774670986,87.78916458669799,50.54409182170096,3889.431429238849,461.37337239583337,0.38107705051918833,0.25206674661937856,A,grading/data_processed/onion/A/Onion_White_1_r2_82__100.jpg
5842.0,413.84775960445404,0.92,0.4286375359953574,0.8294171931568113,19.633737340195914,13.35457535121587,137.9159887099452,49.81883748345669,77.77419890420056,45.16953676304393,3912.2444513114374,398.5213186813187,0.47113179487243034,0.3288986848345298,A,grading/data_processed/onion/A/Onion_White_1_r_27__100.jpg
4706.0,281.90663504600525,0.7,0.7441340741554341,0.9589403973509933,11.111893907998342,19.453354036667893,152.3035640281807,57.12613601692578,61.96518856195607,35.26898636226488,10885.620923346938,386.5310144927536,0.4289363922000054,0.29098715516264495,A,grading/data_processed/onion/A/Onion_Red_2_r0_134__100.jpg
7254.0,320.39191687107086,0.95,0.8880232033305557,0.9881487535758071,25.442911255411257,48.648184148659,158.5487012987013,53.273058219700566,97.30059523809524,52.820980840587495,2290.011055722992,430.55478723404264,0.37257118606635786,0.20827634198596534,A,grading/data_processed/onion/A/Onion_Red_2_r2_122__100.jpg
4044.5,282.9777035713196,0.65,0.6347025863774484,0.9161852984482954,13.432276657060518,22.555917824789667,150.34894332372718,56.79571390941353,53.630883765609994,30.86416145206651,17566.45761597633,344.35109375,0.45787730872691546,0.33842485765283814,A,grading/data_processed/onion/A/Onion_Red_2_r0_73__100.jpg
6241.5,330.29140996932983,0.95,0.7189592588117383,0.9322628827483196,145.3816387278709,49.51184915403494,99.12376625411248,42.26330300911977,82.11890960363465,46.92425212518112,4430.800147091412,418.39148936170204,0.47760634825359854,0.31485478124521815,A,grading/data_processed/onion/A/Onion_Red_3_59__100.jpg
6030.0,341.8477599620819,1.0416666666666667,0.6484279093702153,0.9054054054054054,145.25214574898786,51.047807090570004,95.90704453441296,41.45465625564043,79.40178137651822,45.43391192822821,6016.300124956598,456.8660563973064,0.4900666536647873,0.34343487533071804,A,grading/data_processed/onion/A/Onion_Red_3_r2_15__100.jpg
4313.5,289.80613005161285,0.67,0.6453934170376765,0.9206061252801195,45.37894499549143,70.47036992452921,148.8688007213706,54.37148803376035,57.50834084761046,32.4603756901139,15452.619703163287,381.62272727272733,0.49440201232042713,0.31724709383874217,A,grading/data_processed/onion/A/Onion_Red_2_r0_265__100.jpg
4455.0,276.73506140708923,1.4492753623188406,0.731019900396357,0.9439559275346965,31.824365704286965,58.15310735035052,149.60892388451444,54.71163320084112,58.91557305336833,33.50882743412834,12877.987599243854,279.5111989459815,0.5110338244593704,0.3239494458567993,A,grading/data_processed/onion/A/Onion_Red_2_r1_33__100.jpg
4219.5,288.9777034521103,0.66,0.6349538846433204,0.9125216262975778,59.24850299401198,78.4312842169046,153.076462459696,55.695370965202365,56.35122063565177,31.636718242624454,15141.509658310377,369.2433846153845,0.4855149404680122,0.32134933709236757,A,grading/data_processed/onion/A/Onion_Red_2_r0_278__100.jpg
6999.5,313.46298348903656,1.0315789473684212,0.8951676029899627,0.9895384180391602,26.627365764755364,52.037369077284474,150.3656245618954,53.79164758792285,91.63073040796299,52.193201549077315,3638.8939430362,382.0367878459034,0.37048332207880086,0.21982583460630878,A,grading/data_processed/onion/A/Onion_Red_2_r1_69__100.jpg
5867.5,402.9188264608383,0.93,0.4541798280800303,0.8165182298914556,17.715988083416086,10.05141232351503,144.506454816286,48.857107189400786,78.83101621979478,46.334928496066325,3672.378550803561,378.9702173913045,0.482870316429521,0.33589073206131803,A,grading/data_processed/onion/A/Onion_White_1_r_62__100.jpg
4231.5,286.8355675935745,1.4285714285714286,0.6463060235968995,0.921995860115481,31.797014925373134,44.903526031949276,87.50424799081516,53.57283671646428,56.266360505166475,33.54347735367952,9290.824848979591,411.85137085137086,0.5211818041588,0.3651732336589415,A,grading/data_processed/onion/A/Onion_2_r2_77__100.jpg
5164.5,302.8355669975281,1.123456790123457,0.7076595718547617,0.9415679124886053,131.15162386706947,62.1997246687931,93.93636706948641,49.122291665428655,68.05287009063444,39.23217261248101,7068.190151444166,372.08614540466397,0.41491407888572795,0.26461285793938616,A,grading/data_processed/onion/A/Onion_Red_3_r_9__100.jpg
5653.0,382.1320307254791,1.0,0.4864766110420879,0.8458143188449165,36.291537667698655,12.035657117582778,51.86652906776746,26.385235870129154,75.16133470932233,43.83610190325677,2969.707171971331,522.8055964653903,0.5820256834783516,0.3774235259012584,A,grading/data_processed/onion/A/Onion_White_2_r1_52__100.jpg
5565.5,326.2914115190506,1.0786516853932584,0.6569052999592201,0.9350638440860215,94.41770376862401,85.76773520234029,113.07852760736196,44.09124635564309,75.23155127081507,43.82952218578678,8429.547505562197,351.583914843288,0.4537217157874977,0.3161770899769552,A,grading/data_processed/onion/A/Onion_Red_1_r_122__100.jpg
4429.5,279.17871260643005,1.4705882352941178,0.7141673140800092,0.943953116675546,72.77120879120879,82.09773434299666,153.8942857142857,56.81874429808073,58.07164835164835,33.08468867551059,11615.618528633218,251.99806892453947,0.498138632937198,0.31770899624414795,A,grading/data_processed/onion/A/Onion_Red_2_r2_208__100.jpg
5945.5,329.9482650756836,0.93,0.6862882277015901,0.9158194701170672,146.58215576733485,47.52250175657191,94.51314492277358,41.13809060854141,78.25271114032205,45.02565327550869,4575.077197121054,351.2452173913044,0.511680927384757,0.33172387814672505,A,grading/data_processed/onion/A/Onion_Red_3_160__100.jpg
6548.5,312.97770380973816,1.1235955056179776,0.8400882218920593,0.9751321569503387,16.382163698937603,14.688098226952386,144.09576537483167,51.66354959495082,86.32365704025139,50.13756764179019,6092.166944830198,557.2617183066621,0.38087787711012383,0.23632170409569345,A,grading/data_processed/onion/A/Onion_White_1_169__100.jpg
6232.0,346.0487687587738,0.95,0.6539773271644034,0.9198523985239853,75.41099968661861,84.11612914326565,112.77702914446881,43.86319883364481,82.22939517392666,47.5400376635386,5261.417784864266,354.20212765957444,0.46060778929897744,0.3155542864481323,A,grading/data_processed/onion/A/Onion_Red_1_134__100.jpg
6906.0,315.5634888410568,0.92,0.8714910676486101,0.9827107790821772,147.16856006816246,49.12148535679546,99.02172678216415,40.02833361000217,90.71911388809997,52.36855497903561,2330.282816150756,363.7852747252747,0.4273332299659058,0.21945900978040395,A,grading/data_processed/onion/A/Onion_Red_3_r2_103__100.jpg
4812.0,314.7350616455078,0.76,0.6104431577270936,0.9024756189047262,43.03577202910267,53.794920069586816,81.29324979789814,51.710940047956555,63.95675020210186,37.90824332507878,7947.61220773892,502.9108,0.46777916644541345,0.3320775679131476,A,grading/data_processed/onion/A/Onion_2_r0_14__100.jpg
4380.0,307.5634891986847,1.4492753623188406,0.5818545250770437,0.9287531806615776,35.473404255319146,57.89323370635235,79.24179964539007,54.83009943642358,57.9366134751773,33.63974594094259,9475.074967842891,342.75245205679994,0.48931517125444124,0.33204608120290346,A,grading/data_processed/onion/A/Onion_2_r1_134__100.jpg
4075.5,360.63455724716187,0.71,0.39378220050894963,0.7768776210446054,39.95416961965509,52.70806947685432,76.77202929364518,54.03236600859464,54.580675643751476,32.27731209071625,11196.433741301329,427.3467142857143,0.5284598404724069,0.3847925362040789,A,grading/data_processed/onion/A/Onion_2_r0_85__100.jpg
4294.5,366.9777019023895,0.74,0.40072193676826035,0.781813216821409,43.200628366247756,53.52458083576831,75.6467684021544,52.64863548186768,57.28298922800718,33.78270458305593,9961.48428193937,471.07698630136974,0.5150703237375291,0.3780106270367926,A,grading/data_processed/onion/A/Onion_2_r0_74__100.jpg
6674.0,313.220343708992,1.1111111111111112,0.8548622565486825,0.9760877513711151,20.817420681551116,9.90661488572163,120.7975910693302,49.261844270135335,87.6960928319624,51.153225699095806,5023.493616987655,465.9078563411897,0.41446283935225736,0.23198726500497485,A,grading/data_processed/onion/A/Onion_White_1_61__100.jpg
4233.5,367.80612993240356,0.73,0.3932525089693271,0.7777165426655644,43.26120591581343,54.38130269851395,76.89032992036405,52.84162943953537,56.41069397042093,33.03478257038924,10601.831396115595,440.0522222222222,0.5191908617310134,0.37757528784843325,A,grading/data_processed/onion/A/Onion_2_r0_77__100.jpg
6892.5,318.9777023792267,0.93,0.8512673722297088,0.9812086269485373,20.29118065433855,13.972218692538242,125.90953058321479,49.31433773582516,91.47908961593173,54.35534579790559,4580.186405087293,478.17956521739114,0.41941433479160034,0.22972468008235722,A,grading/data_processed/onion/A/Onion_White_1_r2_137__100.jpg
6571.0,311.90663492679596,1.1235955056179776,0.8487740725745095,0.9802342060117849,35.8220996122875,11.694189400628204,49.61258574410975,31.14801042122259,86.40530867879511,50.226819811968376,3448.909132685267,418.94370673022365,0.5154312242048519,0.23561336995465293,A,grading/data_processed/onion/A/Onion_White_2_r0_20__100.jpg
3956.0,279.22034418582916,0.65,0.6376348284233656,0.9121512566290062,20.523201571323348,41.832801947693675,147.440707095507,56.21186801085416,52.51215320402652,30.70133504566455,16305.006420710062,384.3245312499999,0.4731840111042293,0.3509189248200714,A,grading/data_processed/onion/A/Onion_Red_2_r0_64__100.jpg
4554.5,291.8061298131943,0.69,0.6721431069364523,0.9384916546466103,14.101325352714836,23.97310365743774,150.20500213766567,56.63726983273852,60.12868747327918,34.82499621386417,13929.782266141568,377.49602941176465,0.4256903335074038,0.30239374438569105,A,grading/data_processed/onion/A/Onion_Red_2_r0_108__100.jpg
6919.0,313.56348860263824,0.91,0.8843052826221476,0.9879346041265081,150.29316699744825,44.686530229265344,103.91806067479445,40.77431130729719,90.83314431528211,52.32880686222368,2287.820297971259,369.74744444444445,0.42940143974605416,0.21130447285117648,A,grading/data_processed/onion/A/Onion_Red_3_r_74__100.jpg
7267.5,319.80613136291504,0.95,0.8929380566066207,0.9899203160117143,23.529777177582716,45.21114196466571,158.50587440918298,54.27679453173881,97.24469952734638,53.27563858879022,2334.120103390582,435.04808510638304,0.3609209200672305,0.20604203852309022,A,grading/data_processed/onion/A/Onion_Red_2_r2_121__100.jpg
5092.0,287.5634889602661,1.3333333333333333,0.7738036440760956,0.9622071050642479,14.279439969313387,27.01890207654065,157.88185654008439,61.46672178630871,66.91791331031837,38.581406238562565,9024.381889048887,374.17737373737384,0.4210257293329063,0.29128369384166053,A,grading/data_processed/onion/A/Onion_Red_2_r2_48__100.jpg
7098.0,319.2203423976898,1.0526315789473684,0.8753157456483517,0.983034415899176,75.3411195577056,82.24915551031668,122.24699378023497,45.72140874890098,93.16986869384934,53.33965467064439,3974.0646922437672,476.8691121743754,0.3287830238574367,0.22484671022046288,A,grading/data_processed/onion/A/Onion_Red_1_r2_41__100.jpg
6609.5,311.80612897872925,1.1111111111111112,0.8542975792813103,0.9798384107923801,36.08171437045825,11.278287062580718,48.500815660685156,25.95420779938255,86.86875278066142,50.42564907134874,3306.5953836543213,472.07014590347933,0.5183574235657264,0.23935113110890635,A,grading/data_processed/onion/A/Onion_White_2_r0_38__100.jpg
5296.5,288.9777022600174,1.2820512820512822,0.7970217508614207,0.9659857742111982,30.527957187673003,56.181274293071084,152.75419819154826,55.35987814749472,69.73648274589408,39.277446311758204,8303.582157642997,340.78969178969186,0.4510050032449471,0.2909478576579094,A,grading/data_processed/onion/A/Onion_Red_2_r1_48__100.jpg
7207.5,319.46298360824585,0.96,0.8874694833095943,0.9865854493190063,22.535675381263616,48.07265552004261,175.23066448801742,46.632479386831285,95.2227668845316,53.85030483982604,1986.5712670898438,385.904105263158,0.3809093045574587,0.21891511655170745,A,grading/data_processed/onion/A/Onion_Red_2_r2_268__100.jpg
7107.5,319.8061295747757,1.0526315789473684,0.8732792993880784,0.9827169028689942,76.88681849551415,82.65282492074805,122.41007591442374,45.21156259099793,93.27688060731539,53.34581709162826,3825.5910255844874,486.3923444976077,0.3357221630489509,0.22348341901748778,A,grading/data_processed/onion/A/Onion_Red_1_r2_40__100.jpg
6038.0,363.84775948524475,0.94,0.573143752529777,0.8968436687708875,65.95366483693897,81.88739610730599,112.7458831126897,44.66629039422728,79.56506296415887,45.559362574370915,5174.9484567564505,436.0972043010753,0.44950183287467743,0.3284711200081141,A,grading/data_processed/onion/A/Onion_Red_1_94__100.jpg
4797.0,280.8771982192993,1.0833333333333333,0.7640936910039045,0.9452216748768473,59.041310541310544,80.41969252781503,114.18376068376068,44.90469051197336,63.478225478225475,36.90605109839415,12470.30098876386,317.27658730158726,0.525048593897841,0.34076962335277833,A,grading/data_processed/onion/A/Onion_Red_1_r_41__100.jpg
6522.0,352.73506140708923,0.86,0.6587086981159743,0.9593998234774934,26.03759173281414,49.57342908374452,92.87314662273477,52.5153800548737,86.0841695372173,49.687480250891966,2372.015299296917,557.3710588235294,0.34982179570099475,0.2064576667651021,A,grading/data_processed/onion/A/Onion_2_r2_154__100.jpg
5759.5,311.11983728408813,1.0425531914893618,0.7477204189327716,0.9442577260431183,149.47615005941267,45.3644690624263,101.41266338482431,42.58097384727466,75.65557630283483,43.42068234287789,5076.545728209198,362.88034656722965,0.541069201522093,0.34639121330879213,A,grading/data_processed/onion/A/Onion_Red_3_r_63__100.jpg
6837.5,332.6345566511154,0.92,0.7765554520849954,0.9678675065468186,90.02478154992122,85.19465372581999,111.9838132072769,42.636279597331075,89.81736140954018,51.882203987934524,3462.5246359995276,382.0346153846154,0.4034483017743649,0.22430111237126982,A,grading/data_processed/onion/A/Onion_Red_1_r2_168__100.jpg
6370.5,320.14927661418915,1.1627906976744187,0.7810490964930867,0.9562443710597418,22.340912582577968,41.65680092855271,105.10431709940083,52.775406534709845,83.93747119373175,47.60773544532382,1856.0214115738236,477.1504580690628,0.36515672081356776,0.2310242263865271,A,grading/data_processed/onion/A/Onion_2_r1_17__100.jpg
3920.5,347.46298241615295,0.66,0.40806959416971783,0.7933023067583974,38.91206091869319,53.766625719125265,78.0466715794645,53.87145725023402,52.52444116924588,31.344776957591577,14014.789712373737,438.87661538461543,0.5047261928739336,0.3608975169649679,A,grading/data_processed/onion/A/Onion_2_r0_94__100.jpg
6092.0,367.84775960445404,0.93,0.5657616793284646,0.8956189356071743,55.63248,78.25938901531084,114.74832,44.99263425470438,80.34496,46.061208436149336,5871.770072794543,462.0254347826087,0.44025550167635596,0.3137053690983535,A,grading/data_processed/onion/A/Onion_Red_1_82__100.jpg
5962.0,346.5340521335602,1.1111111111111112,0.623892840388402,0.9032649041739262,35.75863197512682,9.41182179433668,48.75306823760432,31.85535952727739,78.85141548028146,45.803821150113585,3276.763096777778,436.53052749719416,0.584989831946,0.30863214962423324,A,grading/data_processed/onion/A/Onion_White_2_r0_124__100.jpg
6628.0,312.0487707853317,0.91,0.855356995229435,0.9792420772697052,15.785682591332643,10.72496003018156,144.99112557314007,52.89217831936888,87.19390622688951,50.4028245783409,4865.410787718874,621.7704444444446,0.38112028643371887,0.24256419539760785,A,grading/data_processed/onion/A/Onion_White_1_r_150__100.jpg
6354.5,396.23253524303436,1.03125,0.5086171284299988,0.8817122242264465,88.20999386879215,85.72994213219378,128.0088902513795,35.98502542202469,84.79230533415083,49.26478087685815,2146.0638263841947,400.140306122449,0.46230731938321035,0.2956636844994231,A,grading/data_processed/onion/A/Onion_Red_1_r_81__100.jpg
6341.5,313.32084834575653,1.1904761904761905,0.8117518242331029,0.9767423950712361,33.572487262621586,56.824097967399446,86.51783232978231,52.98203818549857,83.25382121352477,47.4411570355806,2475.3615202806122,440.11544011544,0.4022696319122249,0.21783023011130903,A,grading/data_processed/onion/A/Onion_2_r1_328__100.jpg
4589.0,312.8771970272064,1.139240506329114,0.5890878930842881,0.9244560838033844,54.240364252435405,76.6699861902756,116.70182126217705,49.677584293781855,60.7575180008471,35.27740060218025,13446.415411031392,401.9130991324136,0.45106878184256305,0.3184781773733406,A,grading/data_processed/onion/A/Onion_Red_1_r_154__100.jpg
3909.0,271.0782080888748,1.5873015873015872,0.6684767735340243,0.9209565319825657,23.500497017892645,50.46765394963842,162.29796222664015,56.551265784696966,51.89935387673956,29.88738072199521,17651.94605379189,266.30030463363795,0.5222346888669683,0.34816419072693516,A,grading/data_processed/onion/A/Onion_Red_2_r1_309__100.jpg
4755.0,280.73506212234497,1.072289156626506,0.7581708307351446,0.9469282087025789,59.77636438243742,80.46281574949627,116.84858432498974,44.225413606949466,62.94829708658186,36.516658473835655,11324.419086732316,289.91922234392115,0.5086042630043273,0.32549929419929596,A,grading/data_processed/onion/A/Onion_Red_1_r_37__100.jpg
6587.5,312.14927566051483,1.1235955056179776,0.8495830304917287,0.9809396173032536,35.90806307646534,12.68657945513821,49.723296637905385,32.15595673691807,86.61648318952693,50.331884680989354,3348.4933045196312,413.3105209397344,0.5221807001308286,0.23348959719383147,A,grading/data_processed/onion/A/Onion_White_2_r0_18__100.jpg
6404.5,316.0071402788162,1.1764705882352942,0.8059373862383971,0.969570812201953,22.020938407458353,49.12939141632171,155.78465535686993,52.4904823572944,83.91211982271129,47.922948225942406,4227.559805896193,329.4652406417112,0.36150509401577713,0.21751803890261315,A,grading/data_processed/onion/A/Onion_Red_2_r1_229__100.jpg
6645.0,315.3624792098999,0.91,0.8396239284029856,0.9795828112331393,16.697845972263206,16.37769386638776,143.93095308350547,52.60032032361979,87.39583948067276,50.50159579392396,5492.94961307813,617.3905555555556,0.38581481819153407,0.24093080816074072,A,grading/data_processed/onion/A/Onion_White_1_r_148__100.jpg
4225.0,333.70562386512756,0.68,0.47677066466050827,0.8580422420796101,50.4532967032967,64.52971685404972,76.29510073260073,53.551476842080326,56.07394688644688,32.15825221780773,9995.285423853806,435.19611940298495,0.46577083995191465,0.3383040861584693,A,grading/data_processed/onion/A/Onion_2_r0_164__100.jpg
6141.5,339.2619729042053,0.95,0.6705234233040623,0.9198681944132405,75.89355608591886,83.58989348363154,115.91089896579157,44.673560250207856,80.68862370723946,46.26892721419114,5334.539023368421,410.25914893617016,0.44417750654355515,0.32402530828227627,A,grading/data_processed/onion/A/Onion_Red_1_107__100.jpg
3551.0,299.07820749282837,1.694915254237288,0.4988741469770919,0.8733398917855386,27.4625,44.98863028165569,79.69864130434783,54.155339155281126,47.44945652173913,28.027173338687007,13620.455486814131,287.55127546652966,0.5188155053015725,0.3620940138218102,A,grading/data_processed/onion/A/Onion_2_r1_97__100.jpg
7076.0,336.04876959323883,1.0526315789473684,0.7873957548726858,0.9679228506942069,40.550754743110375,63.093201402391415,83.6082260074782,49.6000939677946,92.85043622766929,53.339711662191846,1934.6896325318558,456.83880914407234,0.36282832644984253,0.2281751641059069,A,grading/data_processed/onion/A/Onion_2_r1_202__100.jpg
7346.0,326.8771973848343,0.99,0.8639558240592232,0.9838612469028326,19.84958589366818,39.95948829098292,156.84744857066525,54.48400239520601,97.18567993588032,55.033130556435715,2495.1010166717683,362.45561224489796,0.3526836869963088,0.22758836748519737,A,grading/data_processed/onion/A/Onion_Red_2_r2_102__100.jpg
3940.5,279.80612874031067,0.65,0.6324799318223499,0.9099411153446484,19.86002957121735,39.98412849484719,150.00123213405618,57.976480577112234,52.108427796944305,29.811326748502797,15985.996700094673,322.5696875,0.48234999129074685,0.35454600357688953,A,grading/data_processed/onion/A/Onion_Red_2_r0_61__100.jpg
4236.0,280.39191699028015,1.5384615384615385,0.6770719714250046,0.9458524059394887,23.69683050068902,49.01018853010858,157.2955902618282,60.4359992729089,55.86885622416169,31.93316011535178,14974.4179852071,298.40668220668226,0.4733146426686095,0.31517603493223695,A,grading/data_processed/onion/A/Onion_Red_2_r1_205__100.jpg
6151.0,332.5340520143509,0.97,0.6990099252240385,0.9241286057692307,67.51390433815351,82.29993441317679,118.19084697282695,43.9353529405217,80.91037660893056,46.47055055998442,5357.990473546604,434.3058333333332,0.465313909386011,0.3378029841783397,A,grading/data_processed/onion/A/Onion_Red_1_21__100.jpg
4672.0,286.7350617647171,0.7,0.7140869481978226,0.953469387755102,11.307050479766374,18.094281093203975,150.94555694618273,56.5218414673704,61.60575719649562,35.33994538626702,11448.263742836734,398.0326086956522,0.42384720399216913,0.2949848073154682,A,grading/data_processed/onion/A/Onion_Red_2_r0_129__100.jpg
6369.5,304.149276137352,1.0449438202247192,0.8652500470381727,0.9827200493712875,84.97261538461538,83.6136767663658,119.38107692307692,44.87386608374385,84.02553846153846,48.12887468616126,5558.569598890092,420.3700537371763,0.31127463127160876,0.19946461960567818,A,grading/data_processed/onion/A/Onion_Red_1_r_10__100.jpg
6167.5,335.1198377609253,0.95,0.6901106791701417,0.9239008313983971,143.8960545080019,51.08285174416278,95.5533196006972,38.65779276989753,81.18618285533196,46.421351604916495,5198.651026027701,383.1613829787234,0.47639677607403663,0.3214212193860513,A,grading/data_processed/onion/A/Onion_Red_3_46__100.jpg
6831.0,325.56348943710327,1.0869565217391304,0.8098838897130238,0.9727997721446882,30.085197934595524,55.18914874232383,80.08089500860585,49.434179967462924,89.63582903040735,51.4206415982291,2312.4104122873346,478.61231884057963,0.3739165194863216,0.22982086325143197,A,grading/data_processed/onion/A/Onion_2_r1_182__100.jpg
5401.5,365.60511910915375,0.989247311827957,0.5078081987991022,0.8392635177128651,35.11728728188523,11.081973329791541,57.499910055765426,27.416929594946946,71.86850152905198,41.7369736917757,2405.508507750057,424.7168852652724,0.5220571383145327,0.33271711810036214,A,grading/data_processed/onion/A/Onion_White_2_r1_68__100.jpg
7267.0,320.04877054691315,0.96,0.8915232996435435,0.9897173987061627,30.42720151269584,59.02213431835745,168.05942733657483,44.16888089406772,95.92990275526742,54.2851220491897,1924.8406916666668,339.8156842105264,0.38115146990586585,0.21385748743204658,A,grading/data_processed/onion/A/Onion_Red_2_r2_262__100.jpg
6560.5,353.11983823776245,0.89,0.6611539091708156,0.9567595158232464,20.078057500372413,38.52800068991597,87.74482347683599,50.400954373800396,86.42410248771041,49.7870657023432,2298.942523658629,526.7377272727273,0.3549675564190089,0.2304301274718525,A,grading/data_processed/onion/A/Onion_2_r2_136__100.jpg
6025.0,364.6761864423752,0.93,0.5693143178310404,0.9101208459214502,57.19883513994499,79.15283182894605,111.5822682413849,42.099406664633506,79.92331337971203,46.27577075002268,6700.556707411261,388.4463043478262,0.47975868395496285,0.3210373515596096,A,grading/data_processed/onion/A/Onion_Red_1_148__100.jpg
6822.5,318.63455617427826,1.0638297872340425,0.8444377913212033,0.9767358625626342,17.810317574364134,13.969788698914032,144.34573933036356,51.910215953682446,89.67926426210663,51.95085682000781,4864.4805627433225,524.030303030303,0.38760877133105576,0.24523962234155078,A,grading/data_processed/onion/A/Onion_White_1_126__100.jpg
4810.5,301.9482672214508,1.0930232558139534,0.6630327790972331,0.9078984618288195,141.60461818918373,55.24763375923467,90.66173789750862,43.49636986310175,63.34778205387887,36.72587541085761,9678.908063842151,322.1407851962991,0.5549532666949764,0.3751660658016872,A,grading/data_processed/onion/A/Onion_Red_3_r2_117__100.jpg
3784.0,309.2203427553177,1.36986301369863,0.4973073492293891,0.82818997592471,138.48697650663942,57.52818808960335,92.38151174668029,51.32350982979285,50.241573033707866,29.412781472871917,16367.551291630698,262.2778469627784,0.6020248660276344,0.450611379455351,A,grading/data_processed/onion/A/Onion_Red_3_r_143__100.jpg
4192.0,334.04876959323883,0.72,0.4720754166335772,0.8227674190382728,47.452721402214024,64.55237995112364,71.04935424354244,53.31467591085675,55.99123616236162,33.13196131327751,11175.903888580246,521.9657746478874,0.48488703482327383,0.3764953522262483,A,grading/data_processed/onion/A/Onion_2_r0_240__100.jpg
4298.0,291.56348943710327,0.67,0.6353455562480215,0.9176897619301804,46.38398914518317,70.62335997932699,150.27453640886478,56.60199047981955,57.24762550881954,32.34202062442179,16277.554243060815,392.0316666666667,0.4807815967384634,0.3186521775928494,A,grading/data_processed/onion/A/Onion_Red_2_r0_258__100.jpg
5588.0,306.7350618839264,1.2048192771084338,0.7463446400831241,0.9503401360544218,29.14423076923077,42.095030705210604,94.28758741258741,53.07440337375548,73.50017482517482,42.15554779337637,4207.059893395268,450.9146890592674,0.49532099402590263,0.29928170074659144,A,grading/data_processed/onion/A/Onion_2_r2_16__100.jpg
4287.0,286.87719678878784,0.67,0.6545928999904644,0.9241215779262772,14.237122759246652,22.044466926183084,149.6798275470842,57.22285392851643,56.75130474245518,32.438157215947584,17839.25501590555,361.19090909090914,0.4395061104708387,0.32167705060388724,A,grading/data_processed/onion/A/Onion_Red_2_r0_89__100.jpg
6704.5,362.77669191360474,0.979381443298969,0.6401732259766669,0.931698165647582,24.583005392799883,38.21821140763988,102.67657775834427,48.36534931576607,89.0243404751494,51.78769309376937,1790.0499347445084,395.0866418074139,0.4359081171758086,0.2429621236883969,A,grading/data_processed/onion/A/Onion_2_r2_0__100.jpg
6120.0,410.132031917572,0.9285714285714286,0.45720809053940625,0.8857370287285621,27.823828435266083,50.41736785130626,97.53343923749007,53.15037894256213,81.21413820492454,46.67196347928674,2112.7072429140717,658.2496598639457,0.4079055241807069,0.27453867178265423,A,grading/data_processed/onion/A/Onion_2_r2_172__100.jpg
5663.0,364.6761863231659,1.0204081632653061,0.535108213109542,0.8465505643172135,36.26877470355731,14.179850573601835,49.47465200206221,25.322688065773864,75.27582058772985,43.903286803957165,3245.102708444398,489.4555761698619,0.5917516492280341,0.3904920374978392,A,grading/data_processed/onion/A/Onion_White_2_r1_50__100.jpg
4348.5,288.97770285606384,0.67,0.6543659150993187,0.9338559003543434,34.95526727801387,62.579407937422246,148.2663833594274,54.87951818175855,57.69022590024603,32.4122060161083,13850.043517130765,350.68772727272733,0.48078954320082157,0.3121743849970738,A,grading/data_processed/onion/A/Onion_Red_2_r0_238__100.jpg
5512.0,388.6761864423752,1.0666666666666667,0.4585040826051939,0.777487834120883,17.613204225352113,14.698646637441627,145.22728873239436,49.025678759812024,73.86602112676056,43.277525316829944,3028.346122564622,372.71239766081874,0.45694540655530475,0.32690664192151736,A,grading/data_processed/onion/A/Onion_White_1_r_71__100.jpg
6272.0,350.04877030849457,1.1904761904761905,0.6432189059118963,0.9268508940446284,24.71637608966376,47.9676968753951,94.19302615193025,52.88820278386003,82.77521793275218,47.167360234889834,2174.404561777211,498.38852813852816,0.3704399083186196,0.2215377335105934,A,grading/data_processed/onion/A/Onion_2_r1_337__100.jpg
4737.0,321.0193325281143,1.1529411764705881,0.5776315070765297,0.8823693769209277,141.19499178981937,55.13667664274752,86.60899014778325,41.64174983938913,62.58969622331691,36.39432596982263,11055.552814643266,334.44960582171007,0.557555281138089,0.40227954377130876,A,grading/data_processed/onion/A/Onion_Red_3_r2_128__100.jpg
4905.0,284.391916513443,1.3333333333333333,0.7621042434802976,0.9455421686746988,52.87800995024875,74.17457452852362,151.67582089552238,60.26711505177922,65.01950248756219,36.636094234340824,10214.522529333333,330.15515151515154,0.48678517922566655,0.31719707948665393,A,grading/data_processed/onion/A/Onion_Red_2_r2_152__100.jpg
7148.5,341.4629839658737,0.9494949494949495,0.7704376947742676,0.9725188762669206,14.847724780701755,8.5906848379889,143.27261513157896,45.867543206562,94.5234375,55.08050078668189,3265.126836183557,479.04605191701967,0.33970871643044903,0.20353816157631427,A,grading/data_processed/onion/A/Onion_White_1_r_104__100.jpg
5052.5,287.17871248722076,1.3513513513513513,0.7698598983574726,0.9601862409730141,62.71682441568476,79.47488571161736,155.80954220591076,54.79685244061986,66.93007533320456,37.12166873927591,8861.127918900656,301.89516789516796,0.46585825282860144,0.2869074902666514,A,grading/data_processed/onion/A/Onion_Red_2_r2_217__100.jpg
6471.0,327.3624781370163,1.1235955056179776,0.7587932598715722,0.9624451550531717,16.22602118003026,12.3262896564808,140.8408472012103,57.14757361104835,85.09440242057488,49.23777422286675,5372.675764108068,461.0061287027579,0.4110151301230765,0.2443845903487956,A,grading/data_processed/onion/A/Onion_White_1_195__100.jpg
6258.5,336.291411280632,1.0208333333333333,0.6954222295325563,0.9397147147147147,96.2275495861315,84.89452299411691,117.53959081680462,44.46004987911586,82.61471185381852,47.32535562843018,6710.769051261555,525.7132731958762,0.4394615565677721,0.3035080416743596,A,grading/data_processed/onion/A/Onion_Red_1_r2_79__100.jpg
4631.5,302.0071396827698,0.74,0.6381122943356371,0.9068925004895242,40.54797396598782,51.49190508927192,84.07768213310939,53.0920893072634,61.217509972706274,35.7423028178357,8271.90796711103,513.3771232876713,0.4859456558817261,0.33804157356852843,A,grading/data_processed/onion/A/Onion_2_r0_0__100.jpg
6913.5,316.2914113998413,0.94,0.8684264306442196,0.9829387929195991,18.625283768444948,8.799711828687546,134.72403518728717,49.15315233891259,90.80845629965948,52.6440343750242,3895.4494076957903,378.41193548387093,0.43319329932039624,0.23789335378339005,A,grading/data_processed/onion/A/Onion_White_1_r_54__100.jpg
4650.5,277.6639951467514,0.7,0.7580020433639174,0.9631355493424459,12.755294611029566,20.688654610926516,152.9125602851751,55.981403124925045,61.3302579157056,34.888525842081265,10530.262687265307,384.8672463768116,0.44104910030326155,0.29858220602275204,A,grading/data_processed/onion/A/Onion_Red_2_r0_165__100.jpg
4131.0,280.7350617647171,1.5625,0.6586758590423953,0.9371597096188747,18.756470588235295,43.14081170541561,155.62423529411765,60.48599041249045,54.60941176470588,31.625126360238283,15471.061933496092,288.1773989898991,0.48540193071327803,0.3221594605047989,A,grading/data_processed/onion/A/Onion_Red_2_r1_202__100.jpg
6787.0,317.22034335136414,0.91,0.8475506309068971,0.9786589762076424,17.525061389570997,17.68480514653091,144.14184602051134,55.68531025598533,89.10226780297559,51.42176138180809,4037.2753720082114,524.1921111111111,0.3725638157708495,0.2224197039188705,A,grading/data_processed/onion/A/Onion_White_1_r2_43__100.jpg
5796.5,374.91882729530334,0.94,0.518204529060171,0.8732298885206388,35.30485143528622,11.953637073310796,51.16216216216216,29.84471407849788,76.64545912371999,44.34198217480913,3251.3452338614757,486.78354838709686,0.5811883642805667,0.34835884493174313,A,grading/data_processed/onion/A/Onion_White_2_r1_150__100.jpg
6278.0,326.0487699508667,0.95,0.7421061712324283,0.9360369762934247,145.36506699906514,49.610200174580555,99.88890620130881,42.46999892491227,82.52851355562481,47.263691574961996,4529.385130847645,387.1147872340424,0.4766574867511408,0.3115660875159481,A,grading/data_processed/onion/A/Onion_Red_3_62__100.jpg
6280.0,323.4213533401489,1.1904761904761905,0.7544528919926808,0.9508668332197744,31.964964185611958,56.37962087580985,97.97150420429773,52.91710637584369,82.81438804110869,47.047089642288746,2032.976918353175,435.8078403078403,0.36256084745047085,0.2252202090848048,A,grading/data_processed/onion/A/Onion_2_r1_6__100.jpg
4833.0,290.04876923561096,1.3157894736842106,0.7219125722956318,0.9463481495985901,20.948738647830474,40.057579595763784,159.39475277497476,56.55601130246389,64.18950554994954,35.63727188187064,10839.550883933518,337.63835725677836,0.46034640442082664,0.33271306195083095,A,grading/data_processed/onion/A/Onion_Red_2_r1_136__100.jpg
5080.0,323.0782083272934,1.2195121951219512,0.6115869990837279,0.8941300712839919,138.24229074889868,56.7775467134934,93.78509864010726,48.58603830634589,66.99578624784525,38.400389419196706,7639.851067801903,355.5768662232077,0.4987779182890097,0.3493634937725861,A,grading/data_processed/onion/A/Onion_Red_3_r_22__100.jpg
6738.0,314.87719881534576,1.0869565217391304,0.8540011277573152,0.9810002183882944,17.96245634458673,17.54587498550916,138.46536670547147,52.02611638941728,88.59269499417928,51.497949925414346,5480.567920309547,503.44356609574,0.38721784542462395,0.24147577784191598,A,grading/data_processed/onion/A/Onion_White_1_148__100.jpg
6783.0,325.56348860263824,1.0888888888888888,0.8041930101133614,0.9679628968961826,16.057192374350088,15.235809432236415,149.04636048526862,49.02705327042121,89.31398035817446,51.59217073055313,4411.832517006802,520.8564719358534,0.3616697782761877,0.20092080476201887,A,grading/data_processed/onion/A/Onion_White_1_182__100.jpg
4424.0,287.56348848342896,0.68,0.6722913065093653,0.9428815004262575,31.8383194016718,57.5888879788894,152.45358556973164,55.04737931787303,58.818081830180375,32.9839798789767,12532.989660121106,371.8310447761194,0.4776863031791633,0.31076931538835345,A,grading/data_processed/onion/A/Onion_Red_2_r0_228__100.jpg
6753.0,340.6761871576309,0.97,0.7311779025068588,0.9570578231292517,139.84515006524575,55.84093772733317,93.99579527330724,42.40151512113246,88.82325648832825,51.08424464252452,3376.257047550218,535.6506249999999,0.4256372507388937,0.27217699542811796,A,grading/data_processed/onion/A/Onion_Red_3_r2_1__100.jpg
4890.5,337.9482638835907,0.79,0.5380996230709341,0.8800611840921361,45.3682224428997,54.739468369146884,76.58669314796425,50.231122049302044,65.05739821251241,38.59312474316152,8026.672356289056,506.35461538461544,0.4827617050815217,0.3450695267677914,A,grading/data_processed/onion/A/Onion_2_r0_48__100.jpg
3927.0,281.22034311294556,1.5384615384615385,0.6239895229167918,0.9110312028766965,18.151297898640298,39.0621178331814,149.00840543881336,62.73442308932005,52.20914709517923,30.14277136236117,17822.959236236686,290.6501942501942,0.5029098154370568,0.3634683897365885,A,grading/data_processed/onion/A/Onion_Red_2_r1_161__100.jpg
5056.5,335.8061304092407,1.1585365853658536,0.5634853574148331,0.8841580695925861,114.69473279507882,81.80718936247342,115.18166089965398,44.29127778319519,66.87908496732027,38.73593044783412,9621.091150663848,390.9687337830826,0.4647707133769371,0.31717828458528297,A,grading/data_processed/onion/A/Onion_Red_1_r2_108__100.jpg
6576.5,309.1198387145996,1.1111111111111112,0.8648701978004757,0.9813474595239872,20.141493961532728,11.443931959057565,123.0457730729089,49.60764943946038,86.50827493663337,50.30729528270476,5152.315626555555,449.9086419753085,0.3877595877835114,0.24264319361735298,A,grading/data_processed/onion/A/Onion_White_1_76__100.jpg
4797.5,339.9482651948929,0.79,0.5216739960540075,0.8631702051097517,46.32814080517904,55.21837499424182,76.39348573740644,50.90677589608734,63.7068581832895,37.656900134742386,7841.016054141964,510.46564102564116,0.49769946496057166,0.35673943708224454,A,grading/data_processed/onion/A/Onion_2_r0_54__100.jpg
6456.5,317.66399359703064,0.9789473684210527,0.8040277469669186,0.9684265786710664,90.8926459438969,85.06658498327761,119.54192570128886,44.98918606067875,84.96315390447309,48.582400003014484,5287.603820530387,513.9075514874143,0.370526896645737,0.2361885182528024,A,grading/data_processed/onion/A/Onion_Red_1_r2_67__100.jpg
6534.5,308.9777034521103,1.1235955056179776,0.8601376233758151,0.9805672268907563,36.29908504574771,10.219223162095798,49.26548672566372,28.39148128336847,85.7865606719664,49.768438256621,3405.520967289483,413.43967767563277,0.5082873910782607,0.23961881335601798,A,grading/data_processed/onion/A/Onion_White_2_r0_33__100.jpg
4282.0,286.04877042770386,0.67,0.6576220344758131,0.9236410698878343,15.523625624716038,28.297480405589422,148.53521126760563,56.13685863474149,56.514538845979104,32.30238761588564,17202.1522561595,339.3328787878788,0.4369135054684827,0.3224182081059841,A,grading/data_processed/onion/A/Onion_Red_2_r0_90__100.jpg
6234.0,454.61731147766113,0.92,0.37903972069276853,0.8585003098533361,20.087869362363918,16.829995041486594,130.48211508553655,49.628657506678444,84.01135303265941,49.902916901487096,4075.798421550094,578.198901098901,0.4456372912219018,0.2826170565911527,A,grading/data_processed/onion/A/Onion_White_1_r2_169__100.jpg
6196.5,310.6345566511154,1.1494252873563218,0.8069688735397779,0.9703257124960852,12.703112656027809,22.31266758780722,164.9009322167799,56.84035139415359,81.41602148838679,46.51674420863296,5298.282044378386,490.1309648206201,0.39591267595272517,0.2573531557227915,A,grading/data_processed/onion/A/Onion_Red_2_r2_61__100.jpg
6592.0,311.70562517642975,1.1111111111111112,0.8525851874485897,0.9780415430267062,20.633997620464008,10.500618010650028,122.64425936942297,51.722853551194056,86.5783759666865,50.36670361278006,5817.113180135803,452.17912457912456,0.39663401197285336,0.2409861034747485,A,grading/data_processed/onion/A/Onion_White_1_71__100.jpg
4316.0,281.42135298252106,1.4492753623188406,0.6848212163966825,0.9285714285714286,32.76808654496281,45.234471311973294,91.28668018931711,58.53021222624913,57.209150326797385,33.87377938123808,9317.11471831548,323.36612501829893,0.5269397067476167,0.34683692322803567,A,grading/data_processed/onion/A/Onion_2_r2_41__100.jpg
5976.0,339.36247849464417,0.94,0.6520678782864537,0.9079307201458523,146.6343734683875,46.507432792903934,92.87256984152916,42.358712370885485,78.67537983989544,45.14418075449398,4434.605576052512,354.00612903225795,0.5031965720019864,0.3340385879509416,A,grading/data_processed/onion/A/Onion_Red_3_150__100.jpg
4611.0,288.39191699028015,0.69,0.6966887833909484,0.9495469522240527,12.37354743291781,23.320906671162227,150.3902387492077,57.84735559688221,60.80709909148531,35.007200615948314,11348.985803318628,391.73500000000007,0.42605431670827176,0.2943504409601346,A,grading/data_processed/onion/A/Onion_Red_2_r0_122__100.jpg
4261.0,271.7644987106323,1.5384615384615385,0.724996570177009,0.9409296676603732,18.610552763819097,39.68776892683377,150.14732754682504,65.33982919020342,56.405893101873,32.58225605704045,13273.595621562132,265.2780108780109,0.4360357669915489,0.3146796549991301,A,grading/data_processed/onion/A/Onion_Red_2_r2_14__100.jpg
4424.0,287.078208565712,1.4492753623188406,0.6745661236697749,0.9321533923303835,33.171981526281066,53.84356849376746,92.75280404662415,56.56740755100643,58.48141631845173,33.52698554226304,8512.541698466708,363.7342995169082,0.4625428545358444,0.32845312533458493,A,grading/data_processed/onion/A/Onion_2_r2_208__100.jpg
7275.5,321.8061295747757,1.0638297872340425,0.8828442342087742,0.9859069042618064,69.16792554626383,81.12542944413066,126.81049366064202,45.12194122219447,95.67021850553007,54.52424724033503,4377.3664738682655,504.0950999355254,0.3130244708464243,0.19732866092105664,A,grading/data_processed/onion/A/Onion_Red_1_r_191__100.jpg
7021.5,334.6345567703247,1.0638297872340425,0.7879491467620809,0.9686831758294819,34.21629919062239,57.685836204497654,84.7804912084845,51.13373002950727,92.10173039352497,52.860313922290125,2051.0634764033503,444.71491510853207,0.3586979951988811,0.22597718151417376,A,grading/data_processed/onion/A/Onion_2_r1_200__100.jpg
5785.0,367.5046135187149,0.93,0.5382544592053379,0.8781117182756527,34.61477616963985,12.082288420618601,49.12117132278694,28.188314538372822,76.61898350723662,44.506912503896345,3024.9362085212165,510.6573913043479,0.5748858589631245,0.3446236920619864,A,grading/data_processed/onion/A/Onion_White_2_r1_156__100.jpg
5559.0,314.04877030849457,1.0449438202247192,0.7082920115138426,0.9391789153573239,139.2601440365361,56.09258382416214,86.31951519409802,41.375582624242476,73.42771825048305,42.370998474092715,7885.591733135203,378.53627259404016,0.45281777344560165,0.3001343367287861,A,grading/data_processed/onion/A/Onion_Red_3_r2_149__100.jpg
5171.5,337.119837641716,1.0319148936170213,0.571817937634321,0.8475090134382169,33.39992475545523,9.205268880572673,71.47742663656885,40.640522250062006,68.66967644845748,40.01865618320362,1788.6452822781575,311.6821808510638,0.5828381731304253,0.40376858268931665,A,grading/data_processed/onion/A/Onion_White_2_r1_108__100.jpg
5309.5,310.4924216270447,1.1627906976744187,0.6920882564033247,0.9178046672428695,30.16844232182219,45.54090485634048,83.74559147685525,49.04309281653894,70.00918442321822,40.46405944393587,5041.25458469443,421.1109936575052,0.4876741916710877,0.35545516068496863,A,grading/data_processed/onion/A/Onion_2_r2_104__100.jpg
6156.5,355.6051194667816,1.0210526315789474,0.6117975570837108,0.890761773855169,15.361705500079252,13.059604557857371,144.37866539863685,47.738058538842516,81.65303534633064,47.32162743676604,3067.5087372760618,381.4486842105263,0.4179097633678578,0.3008823677052321,A,grading/data_processed/onion/A/Onion_White_1_r2_93__100.jpg
6970.0,313.90663480758667,0.9387755102040817,0.8888769651887617,0.9887927365583771,149.46453701097664,46.22663422420188,104.63101604278074,39.98383173808321,91.4843793976921,52.824325262584786,1953.9090078153479,359.736936532855,0.41301379762592,0.19973242560679566,A,grading/data_processed/onion/A/Onion_Red_3_r_78__100.jpg
5329.5,327.2619721889496,1.1123595505617978,0.6253242113391466,0.9249392572023603,142.50576184379003,52.69534904830634,87.20980428022682,41.7509017908094,70.45674044265594,40.850055102167566,8265.062610589024,419.0092868608117,0.5105782037378039,0.3665233903594934,A,grading/data_processed/onion/A/Onion_Red_3_r2_141__100.jpg
7268.5,323.8061295747757,1.0416666666666667,0.8711331238696008,0.983159745705397,15.897813174946004,35.71415730399984,167.46193304535637,47.94547454461901,96.53158747300216,54.3905396708587,2002.2400872287326,387.75862794612806,0.34223815208186686,0.21307453382475808,A,grading/data_processed/onion/A/Onion_Red_2_r1_257__100.jpg
4112.0,347.56348860263824,1.4705882352941178,0.4277545862105681,0.8340770791075051,31.423311444652906,52.321076603523466,84.84287054409006,55.48883210674434,54.95684803001876,32.042076508680935,9367.757123183392,349.87908496732024,0.5139932675741181,0.3588674990428467,A,grading/data_processed/onion/A/Onion_2_r1_301__100.jpg
6083.5,365.60511887073517,0.94,0.5719246841476379,0.898663121353128,59.90450248357635,79.86173266397567,113.34193238263099,45.15528285802272,80.08043582759173,45.97773581363841,4972.653838829787,437.8889247311829,0.4429551302582165,0.32277915039282723,A,grading/data_processed/onion/A/Onion_Red_1_89__100.jpg
5997.0,319.56348872184753,1.053191489361702,0.7379545338677583,0.9323694029850746,21.921760391198045,36.13009736512405,83.74099429502853,50.00187028276237,78.85281173594132,45.380025493305205,3228.950779451788,466.6086626139818,0.4561136589851432,0.32875531183606627,A,grading/data_processed/onion/A/Onion_2_r2_113__100.jpg
4516.0,299.9066345691681,1.3888888888888888,0.6309452141942659,0.9144477067935608,35.34402583423036,55.74933567057797,87.70226049515608,49.94774282376917,59.752852529601725,34.29543108122625,8317.647827083334,340.21983726150387,0.500104132566764,0.3420148523461738,A,grading/data_processed/onion/A/Onion_2_r1_240__100.jpg
7171.0,318.3919154405594,1.075268817204301,0.8889258244305284,0.9880132267842381,73.74411603721948,82.0714837678958,125.66050903119869,44.82531734839157,94.08743842364532,53.61182310085117,4300.685579188346,483.0400782013686,0.31389182737318344,0.19999712569235395,A,grading/data_processed/onion/A/Onion_Red_1_r_196__100.jpg
6667.0,333.3624789714813,0.91,0.7538880949120473,0.9677747133110757,16.322808048171538,13.730984757690804,142.2966661771185,54.85793710998194,87.7871934204729,50.665056573493366,4964.26600742664,606.9478888888889,0.36345349124648363,0.23510872189502266,A,grading/data_processed/onion/A/Onion_White_1_r_157__100.jpg
6159.0,330.1909066438675,0.9896907216494846,0.7098880256840184,0.9460829493087558,80.20273059215748,84.14810169231808,117.24797586918558,42.60564815181184,81.2878234640419,46.850505487480085,5372.138758147766,421.33532284319045,0.44598115808947303,0.30887025078474595,A,grading/data_processed/onion/A/Onion_Red_1_117__100.jpg
6307.5,326.6345559358597,0.96,0.742921396043611,0.9340984820436875,145.09987593052108,49.846152390863196,100.75961538461539,43.42547915740926,82.91470223325062,47.374113396164304,4232.778316395399,402.38873684210535,0.4756038145525068,0.3138669725445697,A,grading/data_processed/onion/A/Onion_Red_3_63__100.jpg
6120.5,330.2914105653763,0.94,0.7050212493271308,0.9277701985751099,144.77882465665922,49.93009912997919,97.83455764931333,40.83213527108284,80.57441711913127,46.08238498541702,5109.433060559076,400.7522580645161,0.4794114277923568,0.3190919232000353,A,grading/data_processed/onion/A/Onion_Red_3_52__100.jpg
4934.0,328.04876959323883,1.25,0.576145511434346,0.8871707273217657,130.18758620689655,63.751845591646905,91.53477832512316,49.333581747173426,65.20886699507389,37.54159230644722,8224.013478609375,333.01338383838396,0.4828128708498734,0.35134331252028883,A,grading/data_processed/onion/A/Onion_Red_3_r_12__100.jpg
4181.5,291.6639940738678,1.4492753623188406,0.617698188366838,0.919010989010989,31.929881588112377,45.270276296996684,87.10053401439517,54.463564756142674,55.804039934989554,33.70677794494804,8824.636229783659,384.25442834138494,0.527000136952497,0.3641893017482191,A,grading/data_processed/onion/A/Onion_2_r2_73__100.jpg
4355.0,314.0487691164017,0.71,0.5548860826696249,0.8941587106046607,54.40276230786367,64.98763150782567,76.90777456003565,55.016637793475205,57.58142125194921,33.25709571438622,10024.907550307478,462.3052857142857,0.46604381979841847,0.3493300731400032,A,grading/data_processed/onion/A/Onion_2_r0_182__100.jpg
5695.0,362.1909055709839,1.0526315789473684,0.5455424000957347,0.8476594477934063,35.08853187489318,11.997522535865512,53.93539565886174,29.28060594882999,75.58126815928901,43.86998181629039,2474.458834027701,371.1097288676235,0.6055363421555537,0.3714116694531941,A,grading/data_processed/onion/A/Onion_White_2_r0_69__100.jpg
4013.5,276.49242067337036,1.5151515151515151,0.659730663212336,0.9258362168396771,29.82086661825224,50.48970894732373,85.28491890583393,53.8155434888401,53.233841684822075,30.969793065667098,12003.320308516988,324.05371900826447,0.5006283093163175,0.36280315916613004,A,grading/data_processed/onion/A/Onion_2_r2_236__100.jpg
4577.0,272.7350618839264,0.7,0.7732302403665559,0.9585340314136126,15.778346121057119,30.582493222811575,153.5763000852515,54.656865150223936,60.31606990622336,34.32098082380248,12014.413871816327,348.8046376811594,0.45000984790895726,0.31000896044397747,A,grading/data_processed/onion/A/Onion_Red_2_r0_178__100.jpg
3783.5,310.2914103269577,1.3513513513513513,0.4938147928401523,0.8308993082244427,145.07739463601533,51.93874363642293,100.18595146871009,51.93845613196317,50.27713920817369,29.511632894624164,14964.25711468225,253.96778596778597,0.6069448449224786,0.45776382622945605,A,grading/data_processed/onion/A/Onion_Red_3_r_130__100.jpg
6496.0,310.0487701892853,1.1235955056179776,0.8491723686457665,0.9800105604586257,17.263277006638504,16.875335360101882,141.39318044659024,52.73546124979048,85.69266747133373,50.17958840887986,6004.53620911501,511.50312109862676,0.39042915879890444,0.241991796562674,A,grading/data_processed/onion/A/Onion_White_1_158__100.jpg
4763.5,294.00714004039764,1.36986301369863,0.6925007986231858,0.9381585425898572,33.466775710488655,55.059829451885214,90.71641791044776,55.13680254435644,62.80903700674709,36.16084278502061,6811.332319684743,428.7319773073199,0.4550199916915269,0.31753732674337043,A,grading/data_processed/onion/A/Onion_2_r2_201__100.jpg
5793.0,375.0193326473236,0.97,0.5176140774237679,0.80998322147651,17.852057094878255,18.229918214367675,138.7852225020991,51.1978961239597,77.28127623845508,45.39685971433329,3065.2926510362418,319.2195833333334,0.5035135720223597,0.3726612035251956,A,grading/data_processed/onion/A/Onion_White_1_r2_119__100.jpg
7364.5,330.9777019023895,1.0103092783505154,0.8448034099752423,0.9783460644304218,15.277437400106553,34.67343482885687,169.7241608950453,46.634315922706534,98.16662226957912,55.40732897214966,2459.3947259283545,414.54681687745773,0.326498563260103,0.19523505763538182,A,grading/data_processed/onion/A/Onion_Red_2_r1_262__100.jpg
5337.5,289.6639938354492,1.2987012987012987,0.7993900224570939,0.9656264133876075,68.81508604906628,81.65054593108296,157.07488099597217,51.95323710239729,70.39619187110948,39.60894676254376,7399.349386068476,289.68267086448895,0.46114564341406855,0.2783392405892296,A,grading/data_processed/onion/A/Onion_Red_2_r2_221__100.jpg
5753.0,421.78888618946075,1.0869565217391304,0.40636282756798947,0.854511696992202,36.056295297488624,11.771843593773385,54.0564638462835,29.271818994719965,76.5053092870386,44.44131737279322,3191.4371105741966,501.64328063241123,0.5848708863390113,0.34087768071663793,A,grading/data_processed/onion/A/Onion_White_2_r0_53__100.jpg
4689.0,305.07820761203766,0.75,0.6330933102037749,0.9099553658063264,41.939016801493466,52.96060393895533,83.76809790499897,53.76010680695311,62.58784484546774,37.60843148818969,8814.689440995557,576.0472972972973,0.4821061455835035,0.3388776026585967,A,grading/data_processed/onion/A/Onion_2_r0_5__100.jpg
6878.0,336.0487687587738,1.0206185567010309,0.7653629209879227,0.9621598936839897,16.264701694432578,15.39808705464224,139.2056101381176,52.5727625102681,90.5561725758223,52.32727543828456,4215.055550551088,430.4620239848517,0.3918830878075511,0.2544702516807884,A,grading/data_processed/onion/A/Onion_White_1_r2_76__100.jpg
4407.0,315.3624789714813,0.72,0.5568431389114825,0.8925569620253164,51.495814977973566,62.56078439885539,79.90704845814977,55.596490663600335,58.499559471365636,34.13637136583486,9260.775328395062,474.5126760563381,0.4652648680627689,0.3507435211878149,A,grading/data_processed/onion/A/Onion_2_r0_188__100.jpg
6383.5,314.1492750644684,1.054945054945055,0.8128241583307739,0.9698419933151018,91.378125479368,84.60106152097786,114.11919005982513,41.31173767939375,83.89246816996472,48.16700828628112,4984.267170277258,401.4357432041643,0.3762670041043694,0.23718268850061672,A,grading/data_processed/onion/A/Onion_Red_1_r_113__100.jpg
4757.0,281.5634890794754,1.3888888888888888,0.7540329755048512,0.9577209583249446,13.671452009844135,27.03170011181588,155.89807219031994,62.67159928081294,62.768662838392125,36.32746045398197,11762.577043036265,332.42241863075196,0.4342127031057897,0.3096681619151242,A,grading/data_processed/onion/A/Onion_Red_2_r2_42__100.jpg
5775.5,410.5756810903549,0.93,0.43053950605479374,0.8244825124910778,18.799764824458258,17.87644155641064,139.48429363346213,49.35170641252529,76.87905257853183,44.67186844439734,3220.103469811539,354.33108695652186,0.49770277652838735,0.34522905295985956,A,grading/data_processed/onion/A/Onion_White_1_r2_126__100.jpg
6578.5,312.2914115190506,1.1111111111111112,0.8476501862038216,0.979526503871352,18.34525406049769,20.83865631777523,142.40664580539413,52.24803193942605,86.61883474891968,50.28991938300724,6154.774844444444,558.83265993266,0.38591755714297454,0.24054006270705974,A,grading/data_processed/onion/A/Onion_White_1_156__100.jpg
5057.0,325.56348955631256,1.2195121951219512,0.5995583117083091,0.8911798396334479,135.4355521354367,59.49416102629541,91.40631011927664,48.229706936800724,66.78491727587533,38.45722262227019,9461.425219750148,372.3594481399359,0.4961032466114273,0.35401443418429496,A,grading/data_processed/onion/A/Onion_Red_3_r_19__100.jpg
5624.0,373.8477599620819,1.065217391304348,0.5056681621902916,0.7902761188786622,16.996715643906654,12.849349401871693,144.95868625756268,47.30714865554688,75.35211754537598,44.4552696569223,2909.042365972275,371.60869565217394,0.46483582213780056,0.3418616202085064,A,grading/data_processed/onion/A/Onion_White_1_r_79__100.jpg
4054.0,361.3624783754349,0.7,0.3901283366729809,0.766568970407488,39.97529691211401,52.43923172551084,77.79952494061757,53.652862397823306,54.32826603325416,32.438900492531715,11653.192438857142,448.1982608695652,0.5178963083141442,0.3794761559163536,A,grading/data_processed/onion/A/Onion_2_r0_86__100.jpg
6041.0,308.39191710948944,1.1494252873563218,0.7982018430543203,0.9630928656835392,103.36562449376316,84.64828729872568,120.63162157783897,44.92492848442417,79.40531346184999,45.570715232308174,5510.656492786366,358.2982700568907,0.4153806337734458,0.2782899991967746,A,grading/data_processed/onion/A/Onion_Red_1_r2_132__100.jpg
3938.0,276.3919166326523,1.5384615384615385,0.6477909864689607,0.919234360410831,19.838924518993586,40.82264520516549,151.64578194375926,63.45044825715037,52.28367044893932,30.29015976737378,17991.688275408284,294.6865578865579,0.4957018826357448,0.3616116371527353,A,grading/data_processed/onion/A/Onion_Red_2_r1_158__100.jpg
6435.0,320.87719762325287,1.032967032967033,0.785381565159377,0.9719809682048184,87.28149726110773,83.60298501718412,118.54214850882532,45.69903282860969,84.85377358490567,48.71043422487632,5312.952720190082,451.9097246839182,0.33092070091692133,0.21529389631343843,A,grading/data_processed/onion/A/Onion_Red_1_r_12__100.jpg
7048.5,317.8061293363571,0.9693877551020408,0.8769645343211153,0.9860800223838836,146.89324982602645,50.270280095767674,115.95866388308977,40.775476554707595,93.02115518441197,53.78353063558279,1702.2734587850628,389.76519756838906,0.38999613438452496,0.21526083957740944,A,grading/data_processed/onion/A/Onion_Red_3_r2_66__100.jpg
5860.0,358.5340527296066,1.1111111111111112,0.5728575741229568,0.8899012908124525,35.03624272651704,9.828183971644284,49.11587697423109,32.81179418589063,77.6139650872818,45.20614577079274,3311.3246770246915,425.3143658810326,0.5829014555104095,0.31912212082609404,A,grading/data_processed/onion/A/Onion_White_2_r0_152__100.jpg
6227.0,322.19090473651886,1.0204081632653061,0.7538104903722358,0.9447015095198361,144.71931478862172,50.41178335803848,96.07637906647808,41.20427616923356,82.12902718843313,47.80234112649736,4894.298035776759,354.98124098124106,0.4896958921492379,0.3372671089388716,A,grading/data_processed/onion/A/Onion_Red_3_93__100.jpg
6434.5,546.8010774850845,0.9693877551020408,0.2704368980465409,0.8724745762711864,15.156648178683856,8.915426532607551,143.00014990256332,44.448850882260444,86.88352570828961,50.78750027616549,2948.914586616149,708.4907729049066,0.3833957962463501,0.2637231465140334,A,grading/data_processed/onion/A/Onion_White_1_r_97__100.jpg
3858.0,265.9066344499588,1.5873015873015872,0.6856677779373775,0.9347062386432465,33.340050377833755,62.007298124111465,147.72821158690175,57.9006874495374,51.106297229219145,29.44664791950062,16687.77944195011,249.79942279942279,0.5384356227898258,0.357726445922584,A,grading/data_processed/onion/A/Onion_Red_2_r1_12__100.jpg
6228.0,334.1909054517746,0.95,0.7007598547590833,0.9310808790551652,79.51868131868132,83.87358196404524,117.57064364207221,44.158140798733875,81.85729984301413,46.98473195602126,4526.0850818393355,405.57127659574456,0.45161420057192253,0.3154575886978932,A,grading/data_processed/onion/A/Onion_Red_1_115__100.jpg
4144.5,279.1787129640579,1.4492753623188406,0.6682168248383388,0.9237713139418254,31.982883939038686,44.92569807063922,87.69847596717467,54.40330536147699,55.25955451348183,33.329038042281006,9267.927196723376,333.8593178158396,0.5283192271104544,0.37133552783013873,A,grading/data_processed/onion/A/Onion_2_r2_74__100.jpg
4727.0,305.90663516521454,1.2048192771084338,0.6347718694482182,0.8958589974414858,142.35706935583454,54.359462087794846,91.11154558551142,42.61240125294273,62.33710640049393,36.038966756337146,9194.919676527797,349.40209322137025,0.567627620505913,0.4008896062977803,A,grading/data_processed/onion/A/Onion_Red_3_r_39__100.jpg
5353.0,357.3624789714813,1.0,0.5267313933146511,0.8379774577332498,34.984201924822955,10.704845712576333,61.08915925186127,29.69912443417757,71.28781550753587,41.42207644481731,2315.9126673578703,387.8708791208791,0.5218446959637923,0.33429263157304995,A,grading/data_processed/onion/A/Onion_White_2_r1_72__100.jpg
3622.0,297.4213533401489,1.639344262295082,0.5145339303810903,0.8831992197025116,36.66115702479339,57.34097393263534,88.50759797387363,54.37588386214842,48.31831511596908,28.286730894452184,13968.917796291318,274.25484351713857,0.5200473527959225,0.37170143927021265,A,grading/data_processed/onion/A/Onion_2_r1_266__100.jpg
6203.0,373.0193327665329,0.93,0.5602075574574534,0.8984646581691773,49.41766184789441,75.22965034780579,117.25628535512257,43.68252091330785,81.74450031426775,46.849972778285135,5662.197327910741,443.1785869565218,0.42518395683919785,0.30175724909577994,A,grading/data_processed/onion/A/Onion_Red_1_74__100.jpg
6363.5,308.1492750644684,0.989010989010989,0.842138673167356,0.9746515546025425,64.1576354679803,80.42903599361462,118.80711206896552,45.898899177691625,83.63300492610837,48.060840386484585,5885.866207784889,578.0793925175947,0.31486691703819325,0.19063150324587946,A,grading/data_processed/onion/A/Onion_Red_1_r_175__100.jpg
3681.0,262.936074256897,0.61,0.6690758162187792,0.9211711711711712,45.51660516605166,69.0266300782267,157.1618344754876,58.4861846854416,48.77438060094887,28.07714385044782,17014.083773179256,315.9748333333333,0.5149329023916367,0.35652092037728533,A,grading/data_processed/onion/A/Onion_Red_2_r0_17__100.jpg
4327.0,289.22034442424774,0.67,0.6500385027001842,0.9194645133871653,48.10069678579456,72.06614380174936,149.53337828725557,56.780518340830355,57.47606203641268,32.611465579717645,15021.06788451771,375.9625757575757,0.46793449809135734,0.31506940946776973,A,grading/data_processed/onion/A/Onion_Red_2_r0_256__100.jpg
6752.5,317.3208485841751,0.88,0.8427082446253782,0.9772069464544139,23.132510885341073,40.761396436013804,98.29796806966618,50.440436458498155,88.45428156748912,50.66059707111045,2453.345966477273,495.8871264367816,0.36000539936374426,0.2026071644821198,A,grading/data_processed/onion/A/Onion_2_r2_308__100.jpg
5873.5,346.9188269376755,0.95,0.6132691221573472,0.9143057285180572,62.33870431893688,80.89170232661614,117.66362126245848,41.47600641914715,77.1812292358804,44.47260771561727,6463.555451955678,446.7494680851063,0.49749497960107925,0.35406933172817884,A,grading/data_processed/onion/A/Onion_Red_1_4__100.jpg
7250.5,319.4629839658737,1.0416666666666667,0.8927641310204079,0.9890866925857718,27.95803438472993,53.631875740008944,144.718965750643,55.407427485517736,94.97834032760254,54.14913866486774,2528.8951583224825,385.53861531986536,0.35338858834490705,0.21635318641430912,A,grading/data_processed/onion/A/Onion_Red_2_r1_84__100.jpg
3865.5,265.6639940738678,1.5873015873015872,0.6882562221122168,0.9308850090307044,33.09477124183007,61.09981051902267,148.815987933635,58.43470894463163,51.280040221216694,30.19863865424273,16052.006399067775,281.18983485650153,0.5257559551324368,0.3561033423984278,A,grading/data_processed/onion/A/Onion_Red_2_r1_13__100.jpg
5556.0,309.56348955631256,1.25,0.7285722636785816,0.9408178816357633,15.176656705923712,38.08641094331252,169.89646686588154,52.68912401616773,73.59782035507119,40.77703224127678,7667.365699234374,364.06780303030297,0.40431336280120567,0.27539483799020986,A,grading/data_processed/onion/A/Onion_Red_2_r1_280__100.jpg
6208.0,367.36247980594635,0.93,0.5780587457723322,0.9009505841375808,46.99261818752945,73.9696713167378,118.62996701743364,42.94317107450124,81.88503219726717,47.01161237797873,5652.375897837901,434.36597826086967,0.4182090526481846,0.3005454143345141,A,grading/data_processed/onion/A/Onion_Red_1_71__100.jpg
5493.0,332.53405141830444,1.098901098901099,0.6242337072053892,0.8938247498169393,147.22360248447205,49.25721970579163,98.1075421472937,43.05569911368728,72.49991126885537,41.53383233017609,6759.4101491486535,409.30092130092135,0.5159256761305433,0.3671870753166046,A,grading/data_processed/onion/A/Onion_Red_3_r2_22__100.jpg
5595.5,308.9777022600174,1.0561797752808988,0.7365368595512256,0.9475867908552075,84.94430865921788,84.9413875661291,120.63268156424581,45.86559860969849,73.63879189944134,42.30962880152247,7896.840112201243,388.2912891144135,0.4533402818910499,0.30094649777898946,A,grading/data_processed/onion/A/Onion_Red_1_r_27__100.jpg
6526.5,312.2914113998413,1.1111111111111112,0.840949904154866,0.9801021174350503,17.180207238324073,17.102623699161203,142.0668268508785,53.963194119466394,86.09430845472293,50.22417200626944,6187.319390111111,550.2444444444443,0.39090293684166,0.24656661163880556,A,grading/data_processed/onion/A/Onion_White_1_162__100.jpg
6312.5,324.7766914367676,1.0101010101010102,0.7520410526470896,0.9422344951115755,145.2863565891473,49.69580972053716,95.11922480620154,42.62514691806539,83.10961240310077,48.248882389001984,4618.453847199266,364.1442709927559,0.48823089223901794,0.3354928911448175,A,grading/data_processed/onion/A/Onion_Red_3_98__100.jpg
7079.5,341.4629839658737,1.075268817204301,0.763001141519819,0.9619539370881174,15.544901065449011,35.94628039134526,174.74664452746646,46.936256681219035,94.7072090770721,52.40486244270672,2324.838612683547,467.56076898012395,0.33851514630102675,0.20662059046370773,A,grading/data_processed/onion/A/Onion_Red_2_r1_269__100.jpg
6824.0,363.8477598428726,1.0309278350515463,0.6477530572332977,0.9247238972830137,26.511747851002866,40.78156930451871,101.97034383954154,48.881053895836864,90.6618911174785,52.86022015051231,1983.2602433414816,401.5453504113299,0.4615600928779636,0.26758062231749796,A,grading/data_processed/onion/A/Onion_2_r2_2__100.jpg
7494.5,325.46298468112946,0.98,0.8890973632050773,0.9880034275921166,15.792114225831805,30.89135398911218,153.34411841760544,54.38217188019187,98.2353942887084,56.60030891619183,2691.0092168992087,470.15020618556696,0.333203905104832,0.20445660400861002,A,grading/data_processed/onion/A/Onion_Red_2_r2_77__100.jpg
5750.0,314.048770070076,1.0333333333333334,0.7326280036676313,0.9533283594462406,96.72076818490822,84.828272785198,111.61250849762067,46.23911950465081,75.90771583956491,43.91538061164859,8581.273120977377,391.5585748792271,0.42603262862557395,0.2810256978180794,A,grading/data_processed/onion/A/Onion_Red_1_r_119__100.jpg
6029.5,373.1198377609253,1.098901098901099,0.5442450449372344,0.8879316692437965,34.76243540051679,9.073109088901576,48.84835271317829,30.22407863702364,79.71979974160207,46.27723524614522,2853.4845074145637,458.5370185370185,0.5922786850356286,0.3074908337912387,A,grading/data_processed/onion/A/Onion_White_2_r0_162__100.jpg
6151.5,364.7766923904419,0.93,0.5809472901370788,0.9002634274842676,49.129497543192265,75.18026858817996,117.10366143604375,43.804570758187516,81.07354572832462,46.405101959158706,5091.531549762979,423.3546739130435,0.43149048082530783,0.3072863478494761,A,grading/data_processed/onion/A/Onion_Red_1_77__100.jpg
5442.5,367.9482647180557,0.968421052631579,0.5051667801620113,0.8376943204555949,35.5089253837915,11.061107519558304,58.26954659050339,29.63906699196671,72.47732952516958,42.10104898633425,2612.0153942655616,392.6024291497976,0.5398840566046316,0.34157251908694963,A,grading/data_processed/onion/A/Onion_White_2_r1_65__100.jpg
5859.0,377.01933205127716,1.098901098901099,0.5179718079277015,0.8825124265702666,35.48339422118897,11.134543264398477,47.26403188309532,29.015869034254532,77.67734971770176,44.995132565461404,3174.358877720082,437.19036519036524,0.5898167757026979,0.32558418708764064,A,grading/data_processed/onion/A/Onion_White_2_r0_120__100.jpg
4149.5,280.0071402788162,1.4705882352941178,0.6650700957941659,0.9181325367850426,29.049180327868854,40.25686166985823,89.27002341920375,56.324880760987945,55.17072599531616,32.58390193455804,9334.83671658737,346.76782531194294,0.5277425768046499,0.360941919824002,A,grading/data_processed/onion/A/Onion_2_r2_65__100.jpg
4637.5,301.46298491954803,1.2048192771084338,0.6412476649736807,0.8966550657385924,143.37712486883527,51.840746748316036,92.0700944386149,44.60454333518151,61.19391395592864,35.1816596534559,8707.3221128756,329.7806985517829,0.585877083426952,0.41220471426068783,A,grading/data_processed/onion/A/Onion_Red_3_r_50__100.jpg
6231.0,322.8771975040436,1.0204081632653061,0.7510915313306266,0.9461696150633968,143.34463809075208,51.49444529231672,96.86151672162035,41.389771468923485,82.08541372271942,47.65654313705236,4753.477087713452,356.15677179962904,0.48950034170381984,0.33694894793269276,A,grading/data_processed/onion/A/Onion_Red_3_88__100.jpg
6537.0,310.39191722869873,1.1235955056179776,0.8526436107569757,0.9777877496073593,17.48575712143928,18.43557666023991,143.89025487256373,51.27005208564349,86.17061469265367,50.08141773024238,5580.976064183815,513.6480535694019,0.3846941977413454,0.23825888658302263,A,grading/data_processed/onion/A/Onion_White_1_167__100.jpg
6578.5,334.00713992118835,0.86,0.7410120012929577,0.9649431609827649,24.805382099316088,47.83362769975547,92.83645554564377,52.82430961927401,86.59173357121618,49.801271588750126,2372.447479597079,561.2510588235294,0.3411071536273895,0.2024547623442031,A,grading/data_processed/onion/A/Onion_2_r2_157__100.jpg
4907.0,328.3919167518616,0.77,0.5717958577051743,0.8971569613310174,42.60507031095266,51.71499763542216,77.75460487225193,50.1010208542608,65.64587046939988,39.75599675963374,8148.720095715973,579.0330263157895,0.4652526545690078,0.3258818475028272,A,grading/data_processed/onion/A/Onion_2_r0_32__100.jpg
5518.0,297.2203423976898,1.25,0.7849364554758183,0.9648539954537506,12.602055279943302,22.91144097601081,158.12420269312545,57.985368541580506,72.52657689581856,41.46391661240928,7515.294011,417.0303030303031,0.41940488006954807,0.2803315516929992,A,grading/data_processed/onion/A/Onion_Red_2_r2_54__100.jpg
7354.5,324.6345567703247,0.98,0.8769473512432582,0.9861222847948512,89.40645850013344,85.2669804595336,109.39685081398451,38.62496099907806,96.57365892714171,55.83946646875652,2579.1325851624324,330.5920618556701,0.37517708816732154,0.22075489572752718,A,grading/data_processed/onion/A/Onion_Red_1_r2_155__100.jpg
3546.0,290.5929263830185,1.7241379310344827,0.5276895797884881,0.8908428589373194,33.620098039215684,54.45041576422218,88.06563180827887,54.91828744554575,47.25708061002179,27.661790439172417,11819.503129340072,263.2216997561825,0.5151220062506429,0.3544331297369786,A,grading/data_processed/onion/A/Onion_2_r1_278__100.jpg
7599.0,326.8771973848343,1.0,0.8937109048497192,0.9904203323558163,56.43054658224577,78.65537141862924,160.037601757333,51.8517971884723,99.97480294611707,57.13041200204374,1820.0912611899998,296.659797979798,0.3825357695917836,0.21219464818293082,A,grading/data_processed/onion/A/Onion_Red_2_r2_242__100.jpg
5296.0,417.3036034107208,1.064516129032258,0.3821673410756687,0.7451808076544252,15.895159817351598,12.482958770966691,146.6118721461187,46.31521585594437,71.3406392694064,41.89850251301751,2723.5634676365603,402.74511740179935,0.501956259354405,0.38887021717541914,A,grading/data_processed/onion/A/Onion_White_1_r_82__100.jpg
5704.0,355.8477591276169,1.0,0.5660579709163044,0.8581314878892734,36.42640027322405,12.75970833721171,50.146345628415304,26.893077799007852,75.57257513661202,43.985543055382166,3268.1379463152257,485.7636569779427,0.5932735936756838,0.38740795696560487,A,grading/data_processed/onion/A/Onion_White_2_r1_49__100.jpg
4215.0,289.56348967552185,0.65,0.6317130361988189,0.9171018276762402,53.91171046565238,76.01128132206682,155.97810050714614,57.65136814385634,56.273628400184414,31.569050252755357,16045.682014177515,373.80421874999996,0.48230496547778284,0.31325212224316007,A,grading/data_processed/onion/A/Onion_Red_2_r0_276__100.jpg
6737.0,313.0782079696655,0.88,0.863715538562657,0.9802837395416515,22.669285610359378,41.93754803091531,95.90935544885785,50.45911507606309,88.23745089480576,50.54844340076186,2394.0971776342976,490.74275862068964,0.3589650167562486,0.20510528861060393,A,grading/data_processed/onion/A/Onion_2_r2_304__100.jpg
3901.5,298.4924216270447,1.5384615384615385,0.5502687585893817,0.9053254437869822,31.059305210918115,50.4127697253227,89.84491315136476,53.21301374141554,52.04292803970223,30.49326319224379,11522.411150674556,337.6484848484848,0.5189698436677829,0.3665389966644447,A,grading/data_processed/onion/A/Onion_2_r1_252__100.jpg
5947.0,318.8771973848343,0.95,0.7349552115383609,0.9288559156579461,146.61071839552852,47.268350116773405,94.20927174091732,40.85244595454652,78.19201052112444,44.86437767286623,5066.193913617729,403.1794680851064,0.5105085962786803,0.345031063874659,A,grading/data_processed/onion/A/Onion_Red_3_174__100.jpg
7025.5,314.97770273685455,0.9591836734693877,0.889871872858382,0.9874903366364467,147.71428571428572,48.86118750361585,113.11297304845692,41.428209609297475,92.57617651166038,53.417692711940944,1977.9379749534723,410.0010972130789,0.37996903589232206,0.2102363478045804,A,grading/data_processed/onion/A/Onion_Red_3_r2_62__100.jpg
4917.5,319.26197254657745,1.1058823529411765,0.6062613014157742,0.9124223026254754,76.88160760245496,84.49557689382438,111.76163136012671,46.77581465985574,65.3811126509602,37.84330706420817,12159.42607171668,338.3055028462998,0.49145960810755474,0.3519363432123865,A,grading/data_processed/onion/A/Onion_Red_1_r_130__100.jpg
6662.0,314.391916513443,0.9,0.8469772594344956,0.979129923574368,21.15712814476975,16.02288981304777,125.02486391054877,49.28883802566989,88.33823745770192,52.51689569177306,4879.745593876543,493.9885393258427,0.4346991733871289,0.22975893461264812,A,grading/data_processed/onion/A/Onion_White_1_r2_143__100.jpg
7133.0,319.22034430503845,1.0526315789473684,0.8796318877286661,0.983929926201807,76.43713892709766,82.5443241129179,121.19986244841816,45.30597884800462,93.58019257221459,53.600494705741355,3890.650848742382,491.8402977139819,0.33133055686537727,0.22082497887928845,A,grading/data_processed/onion/A/Onion_Red_1_r2_42__100.jpg
6749.5,324.63455605506897,0.96,0.8048074203954614,0.9631135844748858,26.869647263753812,50.17454067884483,88.42865437654231,50.161801179000335,88.66003774132675,50.96235693543135,2766.436005859375,551.6929473684212,0.4118483269139742,0.26841763671717084,A,grading/data_processed/onion/A/Onion_2_r2_297__100.jpg
6509.5,310.977702498436,1.0543478260869565,0.8458609854997527,0.9768157262905162,23.74559686888454,47.238853359317055,177.84780972452205,49.68664890366596,85.80129459581515,48.049910245334864,3506.7654396576822,379.9236865942029,0.3846040198626356,0.23887864277201432,A,grading/data_processed/onion/A/Onion_Red_2_r2_278__100.jpg
7084.5,316.9777034521103,0.93,0.8860569563647694,0.9873179569367988,89.68106910400222,85.09341747171118,110.09320038775793,39.13359609319103,92.94585237501731,53.68936672887626,3083.742698705053,330.813695652174,0.37629396814103966,0.20827191753849264,A,grading/data_processed/onion/A/Onion_Red_1_r2_161__100.jpg
3574.0,316.39191591739655,1.6666666666666667,0.4486561811781032,0.8445179584120983,30.363072776280323,49.32742232524841,81.31644204851752,51.6020238665629,47.744474393531,27.744044608647986,12256.154330555555,287.36161616161615,0.5209973626172651,0.3674883275324356,A,grading/data_processed/onion/A/Onion_2_r1_90__100.jpg
7325.0,324.04877030849457,0.98,0.8765904553120988,0.9865319865319865,89.27960878885317,85.35724487081973,109.2706323687031,38.62256440985868,96.1477759914255,55.51785099965325,2902.951695918367,365.1874226804124,0.38291170348483405,0.22364168234725812,A,grading/data_processed/onion/A/Onion_Red_1_r2_156__100.jpg
3975.5,317.4629843235016,0.58,0.49569602093776693,0.8663107430812813,41.41425443930917,58.71951462158748,74.22500608124544,48.04455705140633,52.84140111894916,31.062019996118295,12771.045291200953,524.7692982456139,0.4222353383868472,0.26740350071478375,A,grading/data_processed/onion/A/Onion_2_r0_134__100.jpg
4160.0,285.2203440666199,0.66,0.6426021818035538,0.9203539823008849,15.036915887850467,27.927351377713894,149.3911214953271,58.37861690573316,54.913084112149534,31.495918988309572,19926.691337373737,353.5970769230769,0.44662228555696226,0.33121767454197554,A,grading/data_processed/onion/A/Onion_Red_2_r0_80__100.jpg
4473.0,283.5634877681732,0.69,0.6990498442991692,0.9472681067344345,23.579142172871762,47.187314019329655,153.03069888961463,54.27800696762979,59.3403004572175,33.37512874072087,12310.055884289015,377.11044117647054,0.476992645233332,0.31364673682190786,A,grading/data_processed/onion/A/Onion_Red_2_r0_220__100.jpg
6324.0,342.8771975040436,1.1764705882352942,0.6759654786818762,0.9535585042219542,30.915018541409147,54.95288922361698,97.19097651421508,54.2079129793605,83.38427070457355,47.39695301974473,2224.6056467681665,528.597266785502,0.3653850947819776,0.22474602758981913,A,grading/data_processed/onion/A/Onion_2_r1_5__100.jpg
6142.5,309.8061293363571,1.1764705882352942,0.8042202746805315,0.9683903515686584,30.836494023904383,55.679684712647976,79.79936254980079,52.42042787461587,80.58374501992031,46.22332200017423,3315.5592655916953,465.1196672608437,0.4089859588578363,0.24886628110427933,A,grading/data_processed/onion/A/Onion_2_r1_154__100.jpg
5557.5,489.0020875930786,1.0319148936170213,0.2920571944947338,0.7881860728974613,15.13245492371706,9.980501139151626,143.56674757281553,44.984082371592706,75.78190013869626,44.897088424032184,2845.2183230844207,499.3686835106382,0.4578635249596391,0.34834132547715485,A,grading/data_processed/onion/A/Onion_White_1_r_90__100.jpg
4349.0,281.22034204006195,1.4285714285714286,0.6910441700716657,0.9311636869714164,20.21356615177972,42.666275579618414,154.8285202596821,56.6518211894643,57.78665771211104,32.668641468429705,14325.828356551021,321.07113997114,0.4771045508257314,0.34704589702226535,A,grading/data_processed/onion/A/Onion_Red_2_r1_144__100.jpg
6639.0,314.04877054691315,1.1111111111111112,0.845898661144193,0.9767544504928645,20.463310202273735,11.00428847176012,123.80894729071312,49.87789427678562,87.82459766720804,51.889215800376675,6312.38347254321,473.09304152637475,0.42592647536105954,0.23468895055636285,A,grading/data_processed/onion/A/Onion_White_1_29__100.jpg
6662.0,344.19090592861176,0.91,0.7066684620520066,0.9635522129013595,15.64532236745484,10.06816577327259,140.91937142017917,55.63540062011158,87.90820972242621,50.79643793688109,4730.924635623716,569.597,0.365947208124805,0.23499687415835457,A,grading/data_processed/onion/A/Onion_White_1_r_159__100.jpg
5213.0,346.0487711429596,1.3333333333333333,0.547044890810536,0.9020591797888908,39.52880850270371,60.602974745719,84.17919075144509,54.36765951565081,68.99235502517247,39.67799414751708,5766.712579128889,463.75043771043784,0.445038789549767,0.2698117932763437,A,grading/data_processed/onion/A/Onion_2_r1_318__100.jpg
5396.5,355.1198385953903,0.9587628865979382,0.537739793619125,0.8325362542425178,35.57459459459459,14.872797696537031,55.81567567567568,39.744178419451075,71.45567567567568,41.29608884958954,2202.9368445138925,365.881107126849,0.5906384967653451,0.3687652036861411,A,grading/data_processed/onion/A/Onion_White_2_r1_18__100.jpg
5482.5,382.9188268184662,1.0666666666666667,0.4698671304896591,0.7758986696858194,16.4572339295201,5.671320703196186,146.2999822914822,48.4090500907479,73.49743226491942,43.0357248872315,2751.0339688223376,368.39286549707606,0.4613514851195079,0.3311032614164315,A,grading/data_processed/onion/A/Onion_White_1_r_73__100.jpg
4971.5,327.8061294555664,1.2222222222222223,0.5813841236040203,0.8919088625762469,131.14179542343047,62.373091491520874,92.94249951105026,48.719670731898354,65.63739487580676,37.83381504868663,9376.018692169258,358.00932224741746,0.48523887475091526,0.34842433634926695,A,grading/data_processed/onion/A/Onion_Red_3_r_11__100.jpg
5017.0,296.73506140708923,1.2820512820512822,0.716005298679946,0.9520827402979409,31.307737169517885,53.02395335218055,88.42554432348366,48.779057782261106,66.13374805598755,38.14364166111253,6659.940654766601,432.1849261849262,0.47297127491489127,0.3272247135966648,A,grading/data_processed/onion/A/Onion_2_r1_232__100.jpg
6215.0,364.53405237197876,0.93,0.5877258463311853,0.9028181289947704,50.573827083006435,75.95230497179338,117.94712066530677,43.84609471680452,81.99042836968461,47.00902226707772,5219.003377546536,449.4948913043479,0.4262298664143733,0.3011022402336523,A,grading/data_processed/onion/A/Onion_Red_1_72__100.jpg
6459.0,575.6711336374283,0.9896907216494846,0.24492112349494788,0.8742555495397942,15.09931404712198,7.278572018192201,142.96674619743513,44.42779923119743,87.28839844915001,51.016798455357495,3021.6946405849603,769.980792186652,0.37509374542859947,0.25833280620827087,A,grading/data_processed/onion/A/Onion_White_1_r_96__100.jpg
6981.0,341.56348872184753,0.91,0.7519424800907369,0.961967755270773,26.402664796633943,41.27409653514271,101.86409537166901,49.45934523904234,91.5273492286115,52.484148634709854,2165.1265315179326,628.9506666666667,0.3981102327376599,0.19972791677865356,A,grading/data_processed/onion/A/Onion_2_r2_328__100.jpg
7004.5,331.119837641716,1.010204081632653,0.8028170785041033,0.9655386311944311,16.29960817240414,13.261263761614865,140.20906801007555,54.43366881483107,92.08466274839071,53.17985865178704,3697.9698995963026,442.28654727197,0.3942080142303744,0.24888897171742017,A,grading/data_processed/onion/A/Onion_White_1_r2_69__100.jpg
7293.5,325.1198375225067,1.0101010101010102,0.8670794887208375,0.9840787964649531,81.1336114101184,83.03128854071467,118.82077502691065,47.994843630489505,95.7539020452099,54.85010016892874,4176.397698642995,514.4162840526478,0.3379221352485594,0.23592327762170975,A,grading/data_processed/onion/A/Onion_Red_1_r2_51__100.jpg
5941.0,324.04877054691315,0.93,0.7109657184089933,0.9203005189373402,146.50213815789473,47.322034988240894,94.21430921052631,41.35286169355752,78.08552631578948,44.926529069099914,4053.3815504567006,343.4306521739132,0.5000703417935637,0.3322398050256445,A,grading/data_processed/onion/A/Onion_Red_3_167__100.jpg
6583.0,310.04877030849457,1.1111111111111112,0.8605452122069664,0.9798318076951701,17.4276991809382,18.10780839685073,141.5529411764706,53.726277286783095,86.74609084139985,50.6370027145595,6332.226042358025,495.1447811447812,0.3897417665104575,0.24165390764270794,A,grading/data_processed/onion/A/Onion_White_1_161__100.jpg
4248.5,272.8355665206909,1.5384615384615385,0.7172053475376082,0.9422266577955201,17.512027491408936,37.27739617274289,147.03413516609393,65.8496220031061,56.312714776632305,33.043759886392,12536.133422485209,283.84786324786324,0.4421205451967913,0.31639662454411227,A,grading/data_processed/onion/A/Onion_Red_2_r2_18__100.jpg
6278.0,302.87719666957855,1.1494252873563218,0.8599991489717108,0.9822420402096534,24.362628785513582,48.528986566838164,153.095691539182,54.33078279353513,82.52013737121449,46.328943902577635,4778.323496617782,362.23998606757226,0.40865805907905745,0.24895252133147924,A,grading/data_processed/onion/A/Onion_Red_2_r1_57__100.jpg
5926.5,359.94826555252075,1.098901098901099,0.5748148539531065,0.8881312752884759,35.40167707990793,11.104505685228936,46.49687602762249,28.91217592262511,78.56379480434067,45.6981103365208,3307.808921627822,425.0679320679321,0.5621958865451463,0.31955097645767105,A,grading/data_processed/onion/A/Onion_White_2_r0_110__100.jpg
6542.5,310.1492749452591,1.1235955056179776,0.8546967545915839,0.9807375206116025,36.29883163571001,11.762318293971852,48.81485919712403,29.827789041368927,86.02935889754345,50.00687526975116,3617.416885494256,397.46725683804334,0.5015756462781521,0.23893024170148866,A,grading/data_processed/onion/A/Onion_White_2_r0_25__100.jpg
5928.5,331.119836807251,0.93,0.6794919086159895,0.9146096883677877,145.12537067545304,48.82005352834017,94.75650741350906,42.42221317892191,77.99406919275124,44.84850902972812,4935.557589027633,340.0088043478261,0.5052588148415771,0.33321944139675247,A,grading/data_processed/onion/A/Onion_Red_3_155__100.jpg
4572.0,273.906635761261,0.7,0.7657922700341457,0.9578881206788183,14.292662116040956,23.519165028330892,153.8709470989761,54.18042187887901,60.33831058020478,33.99721881637154,11372.631907265306,340.46304347826083,0.4480065664118973,0.3112914268767531,A,grading/data_processed/onion/A/Onion_Red_2_r0_185__100.jpg
4870.0,284.3919167518616,1.36986301369863,0.7566661895058311,0.9588501673557787,12.994589178356714,24.559121965677843,154.53587174348698,62.7825254892251,64.12905811623247,36.93179785361181,10991.752986958154,352.8040680780407,0.4370733476426402,0.3031269412783932,A,grading/data_processed/onion/A/Onion_Red_2_r2_44__100.jpg
3827.0,273.2203423976898,1.6129032258064515,0.6442319564461609,0.9280950648720747,18.087794975894443,42.19684067363854,156.0545546815529,60.52588884257398,50.808424257802585,29.390943271489,18279.388498959415,269.1966438579342,0.5050966449927042,0.3505731809544963,A,grading/data_processed/onion/A/Onion_Red_2_r1_192__100.jpg
7493.5,324.63455748558044,0.98,0.893521646282449,0.9908760330578512,52.165989781213156,76.95371374284957,159.55404166120792,51.939624673930965,98.53478317830474,56.47095323750742,1761.2817596730529,300.05876288659795,0.3747987269571242,0.20692821153092847,A,grading/data_processed/onion/A/Onion_Red_2_r2_245__100.jpg
5182.5,306.4924211502075,1.2820512820512822,0.6932816335687041,0.9334474063400576,30.79153339604892,53.39479861463472,93.24703668861711,54.27874580927601,68.23386641580433,38.87208514581238,6203.777418786982,461.42437192437205,0.44389137242943394,0.3069058674674595,A,grading/data_processed/onion/A/Onion_2_r2_193__100.jpg
6984.0,329.220343708992,0.93,0.8097310008987304,0.9693268563497571,15.293853494246422,10.311365533295982,145.12643839461128,49.81567635656995,91.78950322761717,53.13144680117663,4589.496204081396,500.1660869565218,0.37309206159683034,0.21977509609574541,A,grading/data_processed/onion/A/Onion_White_1_r_131__100.jpg
4430.5,302.0071392059326,0.69,0.6104192009028607,0.901882951653944,40.02893467777291,52.246570382676424,85.03857957036388,54.32803252804386,58.601709776413855,34.058101150556475,9129.152174984247,479.6295588235295,0.4708567823076241,0.32262286090824815,A,grading/data_processed/onion/A/Onion_2_r0_330__100.jpg
5327.5,294.2914115190506,1.25,0.7729976015342414,0.9547491039426523,34.030636580443954,61.499983793068054,158.3406714364337,58.43633651478543,70.45532929737662,39.35913386471826,7936.322794437499,375.6943181818183,0.46824431883974993,0.3037860814031147,A,grading/data_processed/onion/A/Onion_Red_2_r2_144__100.jpg
6641.0,312.39191567897797,1.1111111111111112,0.8551528975110199,0.9787767133382461,20.965018450184502,11.482318892100162,120.460073800738,49.55466763954102,87.36546125461254,50.9919219677789,5608.205332098765,472.83580246913573,0.41229130522292734,0.23601284638640949,A,grading/data_processed/onion/A/Onion_White_1_63__100.jpg
7328.5,322.29141116142273,0.97,0.8865995206535627,0.9877350225756453,24.985266541655506,48.33422401639483,156.01928743637825,53.01445756872178,97.55692472542191,53.6983073428858,2420.050780146668,423.1648958333334,0.3646365220593224,0.21409918329236646,A,grading/data_processed/onion/A/Onion_Red_2_r2_116__100.jpg
3804.0,319.078208565712,1.6666666666666667,0.4695221466781622,0.8620963172804532,36.32792290134415,56.6189101626054,85.316003043368,54.9027504885845,50.69033730661933,29.363606388345666,10984.284664416668,297.4867003367004,0.4933042112004632,0.3276777424525463,A,grading/data_processed/onion/A/Onion_2_r1_293__100.jpg
7007.5,438.3746713399887,1.0101010101010102,0.4582284649543917,0.9322203006518558,81.19566425792107,84.0356310457605,120.79988882712618,37.576832241119604,93.51709282934964,54.50548429191607,2243.5576157943065,475.78655239261315,0.39345307697594806,0.25654059690805503,A,grading/data_processed/onion/A/Onion_Red_1_r_100__100.jpg
5080.0,304.0487710237503,1.0930232558139534,0.6905371876020733,0.9302325581395349,151.6379343444039,44.03733024395423,103.29084277212517,44.76023103642701,66.93184872336342,38.49940301735582,8628.674193405537,324.7071767941986,0.5099231405432204,0.3421600476122211,A,grading/data_processed/onion/A/Onion_Red_3_r2_40__100.jpg
3711.5,265.52185821533203,0.62,0.6615440556327389,0.9213106615365521,41.06325143753267,64.85994540402305,157.77104025091478,58.549913545442045,49.09905906952431,28.57329537755566,16547.895834313214,324.20000000000005,0.5105394252897629,0.3614607632436568,A,grading/data_processed/onion/A/Onion_Red_2_r0_29__100.jpg
5110.0,357.5046137571335,1.069767441860465,0.5024206282967275,0.8529460857953597,34.440136830102624,10.357122263700036,65.81946028126188,34.15693232283047,68.29950589129608,39.97787296277499,2096.142395151009,423.30833120368015,0.5095731601667293,0.31853639416012464,A,grading/data_processed/onion/A/Onion_White_2_r1_82__100.jpg
6545.5,311.4629843235016,1.1111111111111112,0.8478905796905933,0.9784737274833695,17.892932015573525,19.42476307561421,141.41494459418988,53.85126876618859,86.38334830787662,50.531091707583336,5869.059588691358,485.6335578002245,0.3850572679106375,0.24476654267656833,A,grading/data_processed/onion/A/Onion_White_1_160__100.jpg
3931.0,302.39191579818726,1.5151515151515151,0.5402223588339484,0.8895677755148224,31.11551724137931,49.741199242402516,88.48374384236453,52.60660283505994,52.27783251231527,30.39643081250551,11511.098179522498,339.9023569023568,0.5218751171092363,0.3707762247973281,A,grading/data_processed/onion/A/Onion_2_r1_253__100.jpg
5805.0,304.04877042770386,1.032967032967033,0.7890882656981391,0.9583161370202229,149.4103471520054,45.93422233341875,105.23171553758004,43.50368964810857,76.32339063026626,43.86775868066507,4450.412456883825,372.5110480916933,0.4548623973529494,0.291745686165468,A,grading/data_processed/onion/A/Onion_Red_3_r2_46__100.jpg
3848.0,322.73506128787994,1.5873015873015872,0.46425076675978194,0.8548261690547595,33.81068204613842,53.76141166663476,78.38816449348045,54.1644731423967,51.44859578736209,30.442163054032903,10657.693223582766,339.83838383838383,0.5191850550681898,0.3522772966838089,A,grading/data_processed/onion/A/Onion_2_r1_121__100.jpg
3724.0,270.24978029727936,0.63,0.640750328056592,0.9157752366900282,36.027871841625426,60.23352146459924,154.49127376921072,56.9604530913948,49.59416514717374,29.50341682588657,16603.37490844041,385.5287096774194,0.5104939015288548,0.3685011969505747,A,grading/data_processed/onion/A/Onion_Red_2_r0_38__100.jpg
6633.5,328.77669274806976,1.075268817204301,0.7711707568652001,0.9604720191124303,29.493429794773366,52.106443879979885,93.94832422855455,51.565390567961266,87.04798464491363,49.61877018023621,2805.3641329517864,586.6135549038775,0.40879622131495663,0.2595631816269071,A,grading/data_processed/onion/A/Onion_2_r2_180__100.jpg
6907.5,312.97770273685455,0.91,0.8861433049559441,0.9881267434375224,150.35913092871343,44.41025522744567,103.10210167566032,40.42447242191367,90.60749786992332,52.05465297504382,2362.3002436782995,388.2463333333333,0.43221716645700387,0.21198356272172975,A,grading/data_processed/onion/A/Onion_Red_3_r_73__100.jpg
5062.5,300.4335472583771,1.0574712643678161,0.7048197239956857,0.940810258316298,150.68806631964526,45.850889691091474,103.3697705802969,44.891611169874494,66.6516290726817,38.43209503790005,7900.659699057892,358.56827080965013,0.5074796446581097,0.33709027560141297,A,grading/data_processed/onion/A/Onion_Red_3_r2_42__100.jpg
5660.0,320.8771970272064,0.96875,0.6907940443382573,0.917565048228905,33.30032775573572,10.76659815871329,57.05830602035535,39.03717502247796,75.2497843712265,44.36444079916801,2361.1222969237774,365.19270833333337,0.5343268220132433,0.3369370131323975,A,grading/data_processed/onion/A/Onion_White_2_r1_180__100.jpg
4216.0,289.9066343307495,1.4492753623188406,0.6303679995078826,0.9229422066549913,33.117281105990784,52.794147018659736,87.93110599078341,50.44345376566757,55.822811059907835,32.28722886619898,8941.958207603444,339.2437417654809,0.5074632256987843,0.35906055461085123,A,grading/data_processed/onion/A/Onion_2_r1_244__100.jpg
4421.0,291.2203449010849,0.68,0.6550688604386407,0.924798661227905,13.112235915492958,20.634898178027534,149.7537411971831,56.484510053360644,58.323723591549296,33.55491610684922,15233.429262781141,361.22283582089545,0.4335975242140901,0.3118148894521036,A,grading/data_processed/onion/A/Onion_Red_2_r0_100__100.jpg
6078.5,420.37467062473297,0.95,0.43224821149070747,0.8722824137188778,19.417066155321187,10.048201641963345,134.2914669223394,49.34871507773264,80.78523489932886,46.93866882927637,4251.2423433905815,475.563404255319,0.4725914514032143,0.32405333625064603,A,grading/data_processed/onion/A/Onion_White_1_r_32__100.jpg
4503.0,346.8771973848343,0.78,0.47028411293916855,0.8403471120649435,48.08467655276166,62.88555035168442,70.4895766172362,52.85143088819934,60.02643455834945,35.432854224723286,9417.506644165023,525.226103896104,0.4879378217717606,0.38556429371895085,A,grading/data_processed/onion/A/Onion_2_r0_216__100.jpg
6169.5,355.6051182746887,0.95,0.6130894264166848,0.904486145726433,71.46456817462828,83.51860234819381,112.58003796267005,43.79985973578267,81.45887377412211,47.05169202175739,6027.497775900278,355.3953191489362,0.47240024002291264,0.3204597725481917,A,grading/data_processed/onion/A/Onion_Red_1_141__100.jpg
5113.5,296.8355678319931,1.36986301369863,0.729283264626245,0.9600112644325542,19.09004196871423,43.5489425455026,157.3239221671118,56.91828647630547,67.17283479587944,38.49959594786152,8806.405844604991,340.10294728102946,0.4239310540116439,0.2683714446403384,A,grading/data_processed/onion/A/Onion_Red_2_r1_217__100.jpg
6412.5,316.29141068458557,1.1363636363636365,0.8054942520709275,0.9702678166137085,18.401252482052847,18.28999009153482,131.7320910340614,57.93149186547211,84.36260882847105,49.1102492628049,5649.617631766529,434.39979338842977,0.41410652875761933,0.24313772688570404,A,grading/data_processed/onion/A/Onion_White_1_1__100.jpg
6324.5,330.2914105653763,1.0,0.7285200378023754,0.9320610124530249,146.55041756882153,47.12869112054343,93.0278379214352,42.60011404742252,83.27853386947108,48.184685299237,4683.51736759,356.389090909091,0.49760933382497735,0.3411186486486364,A,grading/data_processed/onion/A/Onion_Red_3_103__100.jpg
6284.0,326.534050822258,1.0,0.7406091756830718,0.9374207503542925,145.84929160828273,48.47339428963806,92.28771602055114,42.408135921531766,82.86813015724739,48.37165607415744,4661.720075040001,358.56828282828286,0.5039080208240063,0.3453595179122629,A,grading/data_processed/onion/A/Onion_Red_3_101__100.jpg
5011.0,300.87719666957855,1.1058823529411765,0.6955938261619867,0.9312395465526854,149.77033865317244,46.512120830170666,103.37388088750487,44.783265045184486,66.02432853250292,37.95420905513201,8757.420687624235,357.43757115749526,0.5077739282079269,0.3422774024250345,A,grading/data_processed/onion/A/Onion_Red_3_r2_39__100.jpg
7197.0,321.5634889602661,1.0526315789473684,0.874637114845606,0.9842724288840262,73.9848691384951,82.15292423770633,122.64299345692476,42.52254838351438,94.38672300981462,53.984760798040405,3579.241135689751,505.22945241892614,0.3304609689585433,0.2143687153758752,A,grading/data_processed/onion/A/Onion_Red_1_r2_35__100.jpg
4096.5,279.1787129640579,1.492537313432836,0.6604777953794799,0.9144993860921978,33.66824756936211,47.934468542465616,91.1465496798672,58.21029197319739,54.36210576239033,31.960937981785804,9656.853239719316,311.55736469169307,0.5271778860798243,0.36028996520265805,A,grading/data_processed/onion/A/Onion_2_r2_56__100.jpg
6281.5,323.46298372745514,1.1764705882352942,0.7544388623777736,0.9571080298643913,23.284423676012462,45.21922826332007,100.38052959501557,53.68490823017336,82.83504672897196,47.03656083533194,2281.0439826159172,481.8853238265003,0.3572627259033855,0.23299201819593215,A,grading/data_processed/onion/A/Onion_2_r1_10__100.jpg
7416.5,324.2914115190506,1.0101010101010102,0.8862127031443272,0.9872870074547391,28.428987425545998,49.49993836675727,159.98742554599602,57.51354434951374,98.16214427531436,55.46822102592294,2938.960503326191,418.4662789511275,0.3504712606818327,0.22249186768094267,A,grading/data_processed/onion/A/Onion_Red_2_r1_102__100.jpg
7105.5,332.2914102077484,0.97,0.808660589652532,0.9676562712787689,14.47682119205298,9.72231810657203,148.10568432671081,48.71535538914432,93.50551876379691,54.184733503258684,4028.073284419173,448.23958333333337,0.3866830195907235,0.238191484685612,A,grading/data_processed/onion/A/Onion_White_1_r_120__100.jpg
6746.0,309.5634891986847,1.010752688172043,0.8846199607868698,0.9845300642148278,64.03750545137375,79.94995374896621,122.63715656345398,45.14115147128884,88.72234336386103,50.753350184959146,5154.403538423548,573.5635333564574,0.3181782929670083,0.19801046123884497,A,grading/data_processed/onion/A/Onion_Red_1_r_181__100.jpg
4703.5,308.9777023792267,1.2048192771084338,0.61912270864552,0.8935220364741642,138.93196856906533,57.1751452360787,90.32630272952854,44.28716515160577,61.98014888337469,35.580748732634206,9062.740587893744,330.7932335402215,0.5682096723279709,0.40440178351844747,A,grading/data_processed/onion/A/Onion_Red_3_r_40__100.jpg
7201.0,359.36247730255127,1.0526315789473684,0.7007082293973748,0.9749526130517194,66.59040239260467,80.56487704360795,125.72824904839587,44.281469349060174,95.02243066884176,54.22398226532844,4179.970058049861,574.9591706539074,0.3230531248527967,0.20957207524405533,A,grading/data_processed/onion/A/Onion_Red_1_r_186__100.jpg
6706.0,315.56348836421967,1.1235955056179776,0.8462524062139554,0.9780500255232262,20.81233557439345,11.009648972051753,119.6036246711488,50.001319816121274,88.22478807366267,51.307499988719734,5232.300559664184,563.8091022585404,0.4077947850205407,0.21934023252412074,A,grading/data_processed/onion/A/Onion_White_1_52__100.jpg
5930.5,299.4629851579666,1.1764705882352942,0.8310265045909,0.9757321487331359,26.641241538715537,51.63931982958539,151.42347696879642,53.668856657599676,78.06257223047713,43.78194517133456,6617.461634602076,377.25632798573963,0.4376069072775998,0.2731058464002243,A,grading/data_processed/onion/A/Onion_Red_2_r1_54__100.jpg
4523.0,285.42135322093964,1.3888888888888888,0.6976916575454197,0.9276997231053226,29.512268618166164,40.93641531885959,91.90529487731382,57.21702784907296,60.012483857081364,35.75499349794288,8095.963719888117,364.9508978675646,0.5218246847204061,0.3440289942609696,A,grading/data_processed/onion/A/Onion_2_r2_34__100.jpg
6720.5,313.4629843235016,1.098901098901099,0.8594862267110479,0.9818115412710007,17.49547709366793,15.885869938362147,139.56842719579808,52.258710050452855,88.32944266121973,51.255201958620354,5013.932335164835,466.8991008991009,0.3789230287603125,0.23547834427298361,A,grading/data_processed/onion/A/Onion_White_1_150__100.jpg
6129.0,308.39191818237305,0.9473684210526315,0.8098293431618149,0.9657291420467975,146.78549752435714,49.22441256524472,98.64893786934995,40.898389024438494,80.54000958313368,46.28477096815338,3993.9875665127724,340.65854523950327,0.45970972818305494,0.25347595145311974,A,grading/data_processed/onion/A/Onion_Red_3_r2_107__100.jpg
5575.0,390.33304142951965,1.0,0.4598160269560604,0.7829506354890808,15.936096117012015,13.77239393239615,143.12954901619364,50.53867519360035,74.82883510360439,44.329828373214035,3224.346139615227,310.157584683358,0.5063536730526826,0.38894443255122146,A,grading/data_processed/onion/A/Onion_White_1_r2_110__100.jpg
7435.5,325.462984085083,1.0101010101010102,0.8820980009774414,0.9853564802544394,26.2596699669967,46.07151024936092,161.3469306930693,52.20377724423951,98.63445544554456,55.20143826404926,2337.5937574839304,455.16253443526165,0.34408006080612735,0.21996253927995824,A,grading/data_processed/onion/A/Onion_Red_2_r1_112__100.jpg
5062.5,324.1492748260498,1.2195121951219512,0.6054590728814231,0.8876906891109942,135.17874303286567,59.362769920376664,92.1043628675764,48.27208093705928,66.95444935614069,38.66083345128091,7899.533502379536,395.2944074895295,0.4923478658291327,0.35228313909643555,A,grading/data_processed/onion/A/Onion_Red_3_r_20__100.jpg
4140.0,278.93607223033905,1.4705882352941178,0.6686530697126315,0.9212283044058746,32.675193616521945,46.15081566372358,87.27387937103965,55.07792986164398,55.11757803332551,32.697277676798514,9481.066189424739,348.1684491978609,0.5200504118373349,0.3625544708884878,A,grading/data_processed/onion/A/Onion_2_r2_70__100.jpg
6307.5,319.3208478689194,1.1764705882352942,0.7773427917113819,0.9588780784432959,21.794601303133728,42.05927523115602,102.61371393112007,53.91706860207722,83.03816320198572,47.20582372925874,1960.4709892871972,470.4976827094473,0.37184388650994266,0.23158557039854458,A,grading/data_processed/onion/A/Onion_2_r1_13__100.jpg
4219.0,287.9066343307495,0.65,0.6396111768944861,0.9123148448480917,51.576692768309535,74.3358060376037,153.80124366651313,54.68786154352423,56.24689083371718,31.91542735465703,15017.352980331361,366.8312499999999,0.47772047012520014,0.3126116011660375,A,grading/data_processed/onion/A/Onion_Red_2_r0_277__100.jpg
7224.5,318.63455641269684,1.0526315789473684,0.8941943296841941,0.9883036935704514,20.407417470452383,46.02072023933383,154.48947153919303,50.60942744909507,95.37440565140606,54.25682978252444,2399.0322873241,323.2478468899522,0.3460589091931844,0.21292020672693063,A,grading/data_processed/onion/A/Onion_Red_2_r1_249__100.jpg
5694.5,361.94826459884644,1.1235955056179776,0.5462261200980981,0.8753362539389747,34.397026149376174,12.027888093662808,54.27550846009229,33.853802827448256,75.42266279268502,43.75427757961529,3197.5736575684887,403.3935989104528,0.6069720447769748,0.330440846296578,A,grading/data_processed/onion/A/Onion_White_2_r0_188__100.jpg
5524.0,347.8477590084076,0.9591836734693877,0.5737003493781366,0.8566333255795922,34.04389985895627,8.192329190752844,59.953279266572636,33.9080796645633,73.08268688293371,42.291040732145134,2653.4752796999287,381.4299978055738,0.5966551371913575,0.3678206258152914,A,grading/data_processed/onion/A/Onion_White_2_r1_136__100.jpg
6230.0,334.5340509414673,0.98,0.6995475688622012,0.9274283587644213,146.9067942884042,47.541389196924776,92.02432135571944,40.783864316744264,81.92609446100738,47.33977691481829,4182.974735526864,346.5744329896907,0.5052480907903699,0.33694434425512787,A,grading/data_processed/onion/A/Onion_Red_3_113__100.jpg
6512.0,309.9066346883774,1.0674157303370786,0.8520449522133117,0.9827208933826304,84.47818236533253,83.19588675374595,119.8051459524526,44.21673745542507,85.66099909720133,49.00692285746552,5698.204062401534,422.1607697824528,0.30595414629452417,0.19774692553271306,A,grading/data_processed/onion/A/Onion_Red_1_r_5__100.jpg
7067.0,329.220343708992,0.9896907216494846,0.8193540926906254,0.9773874559159118,147.38049660147038,49.63001591150307,114.13330559023443,38.087033544184614,93.6582050215009,54.60823767804362,1400.8427524603362,374.51470428648946,0.4185879689988545,0.21288865676906596,A,grading/data_processed/onion/A/Onion_Red_3_r_92__100.jpg
5411.0,329.5634889602661,1.1494252873563218,0.6260502800018715,0.8995843724023275,30.09614692113792,52.95620699331207,78.82499099747929,54.03652769558775,71.47191213539791,41.17994562782823,4955.965296815959,433.2279112968768,0.4918289482994689,0.3503834375660552,A,grading/data_processed/onion/A/Onion_2_r2_276__100.jpg
4224.0,298.7350616455078,1.4492753623188406,0.5947868779531881,0.8900126422250316,32.366038602941174,52.23014042724786,88.05790441176471,51.49534487832795,56.01861213235294,32.65481189634357,9604.472562297835,359.7296149904846,0.5107132192195225,0.3557012378824605,A,grading/data_processed/onion/A/Onion_2_r1_245__100.jpg
7033.5,318.63455748558044,1.0526315789473684,0.8705537788746495,0.982606873428332,81.17977684797768,85.51825701448463,115.31506276150628,41.93834764554675,92.32649930264994,53.2068418031256,2875.793671745153,342.72174375332276,0.3830969306554364,0.23326077225541325,A,grading/data_processed/onion/A/Onion_Red_1_r2_142__100.jpg
6725.0,314.04877054691315,1.0869565217391304,0.8568562277744687,0.9774709302325582,20.05613063128736,16.187951461468842,121.61976964572095,52.190504101423414,88.90917043300773,52.41319014168156,4999.737368135634,452.1071585419412,0.4256015408496556,0.24317470447045048,A,grading/data_processed/onion/A/Onion_White_1_18__100.jpg
7579.0,328.0487707853317,1.0,0.8850034048288158,0.9883288778770294,16.438471502590673,32.18538587596786,150.78808290155442,55.921701488429186,99.42150259067357,56.99597571305507,2745.81585111,433.25919191919195,0.33222489161347546,0.21319006801800186,A,grading/data_processed/onion/A/Onion_Red_2_r2_85__100.jpg
3952.5,280.97770178318024,0.65,0.629126575166028,0.9118698811858346,21.26922132154262,43.00675723223542,148.67477278309997,57.24180525643956,52.24613117170228,29.879399681337407,15529.29210591716,329.1228125,0.4809285947399114,0.3518873325714052,A,grading/data_processed/onion/A/Onion_Red_2_r0_62__100.jpg
6466.5,309.3208484649658,1.010752688172043,0.84929928875001,0.9785125217522888,90.70166666666667,84.58982099167818,114.94060606060606,40.80419006554858,84.90439393939394,48.796331010509796,4369.441814658298,382.4365822638455,0.3790807197174174,0.22789613737761136,A,grading/data_processed/onion/A/Onion_Red_1_r_112__100.jpg
4364.0,312.39191567897797,0.71,0.5619465810477474,0.8825968247547781,49.89417518897287,63.002046074375016,74.55357936860827,54.52675168243405,57.911293908403735,33.69800098525549,9528.92360981948,476.61528571428573,0.46219032271251714,0.34719029658217176,A,grading/data_processed/onion/A/Onion_2_r0_178__100.jpg
6721.0,325.0782071352005,0.88,0.7992231364927392,0.9692817998269397,25.826460731458546,42.29136172454482,100.74020107824566,50.11153780870847,88.1196269852834,50.48860317822336,2712.3554984374996,562.5629885057471,0.36792474815299275,0.20465689121860997,A,grading/data_processed/onion/A/Onion_2_r2_314__100.jpg
5270.0,366.53405153751373,1.0337078651685394,0.4929374616416266,0.844348313706641,34.82482961871431,10.89121692846944,61.593295266163196,30.36578741753244,70.29508196721312,40.891063466369644,2367.361332334497,378.2453389307321,0.512749896351695,0.3211521953471109,A,grading/data_processed/onion/A/Onion_White_2_r1_74__100.jpg
5845.5,399.6051193475723,1.0869565217391304,0.4600122978827088,0.8607082382389752,36.10548172757475,10.003338471824812,48.989368770764116,30.241210028484716,77.63571428571429,45.05315082109568,3054.330871443762,442.32927097057535,0.5684270544011853,0.3325243598312459,A,grading/data_processed/onion/A/Onion_White_2_r0_100__100.jpg
5487.5,327.462984085083,1.0,0.64307254292232,0.9129856085184261,33.590085287846485,12.416053061442966,58.842039800995025,41.292860340499885,73.0952380952381,43.25329307498217,2247.3106332155726,329.03099977121946,0.5416502968883179,0.34873486486779787,A,grading/data_processed/onion/A/Onion_White_2_r1_182__100.jpg
7079.0,317.5634888410568,0.93,0.8821057381396505,0.987652598535054,145.49750554323725,51.742191955573084,102.31360864745011,39.51862036843732,93.17766075388026,53.93197324601264,1715.4461127991674,347.993695652174,0.40645242193616493,0.21063771711957455,A,grading/data_processed/onion/A/Onion_Red_3_r2_94__100.jpg
4141.0,281.07820773124695,1.492537313432836,0.6586591710698173,0.9134223006507114,34.104904951889225,47.073791252943856,90.13869983571931,59.83831188468146,55.20652429007275,33.17848108761307,9940.998527155269,366.85783205186186,0.5193141545781914,0.35142731410411926,A,grading/data_processed/onion/A/Onion_2_r2_48__100.jpg
4999.0,282.391916513443,1.3333333333333333,0.7877501219414779,0.9615310636660896,31.645369284876907,58.03217859508306,150.7350527549824,55.11741123639667,66.05842125830402,37.00586524502538,9926.852640906665,313.41023569023565,0.46794954244197395,0.30394110783513456,A,grading/data_processed/onion/A/Onion_Red_2_r1_44__100.jpg
4985.5,329.8061298131943,1.065934065934066,0.575971690702817,0.8688567445102823,33.299921996879874,16.27475146032354,65.51228549141966,45.319844490079134,66.1671216848674,38.46753847753054,1714.0124670527896,289.3110119047619,0.6090162010776718,0.4059261552961526,A,grading/data_processed/onion/A/Onion_White_2_r1_202__100.jpg
6606.5,317.1198365688324,1.064516129032258,0.8255330890837462,0.9740508661997789,33.877762943183505,59.308572658449606,159.93265094199674,51.27830615690484,87.99376947040498,48.18409619666603,3794.513507031339,446.4148562650866,0.42404632846912743,0.2524416075906804,A,grading/data_processed/onion/A/Onion_Red_2_r2_133__100.jpg
5738.0,365.3624778985977,1.1235955056179776,0.540160123518123,0.8801288442365212,34.23134328358209,9.328237719710348,54.10854816824966,33.186509171231535,75.87822252374491,44.08720420471453,3014.5335539830826,400.5363749858131,0.5964285132249418,0.3263414081143278,A,grading/data_processed/onion/A/Onion_White_2_r0_192__100.jpg
6054.0,331.36247885227203,0.97,0.6928602078778713,0.9226548807437324,63.9501210653753,81.28195586884023,119.63777239709444,42.65209817599868,79.5822437449556,45.564752896369086,5721.079705856096,393.4610416666666,0.4724435993331278,0.34737760759286773,A,grading/data_processed/onion/A/Onion_Red_1_17__100.jpg
5445.5,296.63455629348755,1.25,0.7776857501718348,0.9632938262869273,11.884939867169269,20.593383918620084,158.91994255968407,58.182914448529964,71.49219170705439,41.1524618223991,7526.170959749999,413.45214646464655,0.4248351833262313,0.28979829501428134,A,grading/data_processed/onion/A/Onion_Red_2_r2_53__100.jpg
4463.0,340.8771970272064,0.75,0.48265949115496765,0.8366294872996533,48.86811279826464,64.12154573509545,72.99501084598698,55.25905248765015,59.23926247288503,34.2955101426112,9522.775794915557,500.85702702702696,0.47723700838812777,0.3663647100956998,A,grading/data_processed/onion/A/Onion_2_r0_228__100.jpg
5351.0,294.3919155597687,1.0952380952380953,0.775877318350971,0.9582736389684814,78.50785244704164,82.90024396623423,110.60628195763331,44.477128551529624,70.27867056245435,40.48260443247863,6633.288438090068,406.60648874934594,0.41460663334891584,0.27589609348691585,A,grading/data_processed/onion/A/Onion_Red_1_r2_20__100.jpg
4001.0,313.220342874527,1.3157894736842106,0.5124818559597937,0.8432922331120245,146.7825876662636,49.90812246865567,102.31100362756953,50.65671756939682,53.029987908101575,30.772010561191664,12754.731452562328,250.08359914938868,0.5921479207262826,0.44266163405124076,A,grading/data_processed/onion/A/Onion_Red_3_r_127__100.jpg
4142.0,288.7350628376007,0.65,0.6243396353859345,0.9128374655647383,47.10574443141852,71.31074496061052,156.93505275498242,56.89598293789849,55.14654161781946,31.133880293140436,15266.138695289941,354.3907812499999,0.4823681772507957,0.3229558044998668,A,grading/data_processed/onion/A/Onion_Red_2_r0_285__100.jpg
5640.0,358.33304023742676,0.9591836734693877,0.5519697270878362,0.8882589180250413,35.185600828729285,11.459659903103743,53.157113259668506,34.02186143871504,74.72168508287292,43.31047044536899,2703.684866609544,479.4658766732499,0.5710937241740844,0.3549758432952832,A,grading/data_processed/onion/A/Onion_White_2_r1_165__100.jpg
4290.5,286.149276137352,1.3888888888888888,0.6584646537449997,0.9237808160189471,32.56187669990934,45.01572735054625,86.67497733454216,52.59311975946119,57.168404351767904,34.236782414152664,9432.3239859375,363.7446689113356,0.525594263932093,0.37561642566182085,A,grading/data_processed/onion/A/Onion_2_r2_80__100.jpg
4432.5,286.6345571279526,0.68,0.6779560042347009,0.9426839642705231,32.53964419064353,59.193642798292885,148.58664616736218,53.977665920312695,58.77707006369427,32.94874430017988,13284.21095222751,362.6398507462686,0.47294209722246,0.30968217886190325,A,grading/data_processed/onion/A/Onion_Red_2_r0_233__100.jpg
3872.0,337.56348836421967,0.57,0.42700629766998643,0.8380045449626664,37.87957203284399,57.476019671156486,84.83403831798955,56.641841068518524,51.8096541428216,30.56061319297841,12201.922785472452,519.6589285714288,0.4081373155820021,0.27115737744313123,A,grading/data_processed/onion/A/Onion_2_r0_282__100.jpg
4882.0,332.0487712621689,0.78,0.5564214762391898,0.8860254083484573,48.230248756218906,57.40689819729501,76.43741293532338,49.81515397393068,64.8179104477612,38.20879112216009,8400.832186045365,506.1062337662338,0.477641083136391,0.3369836836345717,A,grading/data_processed/onion/A/Onion_2_r0_46__100.jpg
6647.5,310.97770178318024,1.1111111111111112,0.863793060446274,0.9810360094451004,36.03657277687657,11.789888225874192,50.33475888512019,32.058745704238106,87.53944845892936,50.97783652503253,3254.4633700617287,381.68181818181813,0.5200841875687324,0.236478746206546,A,grading/data_processed/onion/A/Onion_White_2_r0_17__100.jpg
6123.5,333.11983621120453,0.94,0.6934395337130255,0.9277327475191274,145.60181934248325,48.751752878795045,96.40408554101501,39.74695506008053,80.63278008298755,46.15781506908618,5038.718194612948,449.8860215053762,0.47533964751342583,0.31929961326922507,A,grading/data_processed/onion/A/Onion_Red_3_49__100.jpg
7191.5,320.6345567703247,1.0416666666666667,0.8790401149298053,0.9884544017593293,28.293628052940374,55.1975626764767,146.89698458179834,54.168313595281546,94.29471960704052,53.72000479034255,2614.7923171766492,390.0343013468014,0.3660955964076193,0.22274933538428665,A,grading/data_processed/onion/A/Onion_Red_2_r1_74__100.jpg
4666.5,276.8355668783188,0.7,0.765168991891618,0.9639537285684776,11.279623824451411,16.51279775576054,154.8369905956113,55.266257489157,61.51765935214211,35.119264653438705,10169.992375836735,378.00565217391306,0.43198841634466334,0.2955030172203076,A,grading/data_processed/onion/A/Onion_Red_2_r0_154__100.jpg
6464.0,370.6761875152588,1.0416666666666667,0.5911828633752171,0.8974038595029848,86.63807942020233,85.5500516405708,127.49901857164427,36.88588599694974,86.07081383059037,50.06626107478939,2313.6007548177085,377.66582491582494,0.4582639027220677,0.2932929585105231,A,grading/data_processed/onion/A/Onion_Red_1_r_82__100.jpg
5461.0,327.07820761203766,1.1494252873563218,0.6414736512022647,0.9032418127687727,32.08850820842255,55.76431824968007,78.28372591006423,52.91320663875613,71.90167737330478,41.23509577440984,4706.528082388691,425.32358063392553,0.4900723686454281,0.34470833465342676,A,grading/data_processed/onion/A/Onion_2_r2_280__100.jpg
5772.5,423.06096255779266,1.0,0.40529187672555456,0.8005686152139241,18.527959697732996,15.068509067804474,134.91133501259446,51.8212765125793,78.34962216624685,46.69017535486861,3840.569895002577,485.5093201754387,0.4804611590444424,0.3344532994349496,A,grading/data_processed/onion/A/Onion_White_1_r2_177__100.jpg
3851.0,275.56348848342896,1.5873015873015872,0.637294300605028,0.9106171671790021,18.872195613813965,41.91061527939006,154.7065792790522,63.00203552691425,51.3665238215276,30.1861674849121,17897.68808956916,306.6695526695527,0.49410783943210973,0.3564215547645796,A,grading/data_processed/onion/A/Onion_Red_2_r1_173__100.jpg
6758.5,317.80613029003143,1.098901098901099,0.8408831339487725,0.9808431898991365,75.07295141406817,81.85439973763528,120.39869470630892,44.65415077865092,88.66627991298041,50.58420862727927,4972.306227206859,421.96958596958603,0.3340135252925935,0.22751042646862707,A,grading/data_processed/onion/A/Onion_Red_1_r_3__100.jpg
5315.0,324.048770070076,1.1627906976744187,0.6360516418893694,0.9078486634212999,138.50641730839752,53.095394143405535,85.45012834616794,46.44181634723997,70.24679134580124,41.05341404888765,8109.716687060572,412.1055907916373,0.49683811955337626,0.3528169469605592,A,grading/data_processed/onion/A/Onion_Red_3_r_161__100.jpg
6477.0,324.5340533256531,1.0212765957446808,0.7727930596205208,0.9563676633444075,79.50763416477702,84.9136072135597,116.41889644746787,39.332349881905635,85.13877551020408,49.34600346595696,3805.95365843517,325.24255319148926,0.4599923055523639,0.25199531911780354,A,grading/data_processed/onion/A/Onion_Red_1_r_70__100.jpg
7118.5,331.46298348903656,0.98,0.8141947227965071,0.9738030095759234,31.245420740944773,56.38316328310696,160.32282054813388,53.19033614351504,95.36413717118855,52.04898641494042,2507.0533056122454,472.2978350515464,0.4198978093617265,0.2437841353420877,A,grading/data_processed/onion/A/Onion_Red_2_r2_130__100.jpg
6282.5,342.7766913175583,0.98,0.6719234474337076,0.9197716126198667,74.91273915072328,84.1559467307272,116.84756571784104,45.43146981883178,82.88069684243273,47.85359908919137,5048.42490961058,484.96474226804133,0.4517147966574193,0.33142423507406765,A,grading/data_processed/onion/A/Onion_Red_1_29__100.jpg
6820.5,341.66399371623993,0.88,0.7342224357425172,0.9607691224116073,24.50925261798881,38.845253084025195,103.27628747668913,49.607837888987696,89.47396356333381,51.27273842871819,2701.9683853176653,640.1614942528736,0.3820254012174835,0.19201516680528305,A,grading/data_processed/onion/A/Onion_2_r2_326__100.jpg
6639.0,314.04876959323883,0.9,0.845898666281687,0.9797092894562089,16.474826517053003,14.264325484674224,144.05713863871253,53.66700001121045,87.34785176435848,50.39166905588838,4682.47860591358,564.7655056179776,0.36785473115414674,0.23350151596906937,A,grading/data_processed/onion/A/Onion_White_1_r_153__100.jpg
5970.0,308.5929262638092,1.2345679012345678,0.7877932615924554,0.9657068909737949,27.78968058968059,57.32710566029894,153.93873873873875,51.308683608553615,78.24553644553644,44.71401699084456,5312.022905212619,343.7659309140791,0.37326991034793994,0.2320844621081497,A,grading/data_processed/onion/A/Onion_Red_2_r1_226__100.jpg
3867.5,315.1787129640579,0.56,0.48924503939278635,0.8572536850271528,36.97329006490265,54.13909376134061,77.42336495257115,51.64750039270909,51.47204193709436,30.47908512781998,12472.025892570151,446.576,0.43267304939528567,0.2622593190207417,A,grading/data_processed/onion/A/Onion_2_r0_112__100.jpg
5104.5,280.8355675935745,1.0476190476190477,0.8133151313340065,0.9673109721432632,147.31215311004786,49.155688370644036,106.18373205741626,47.8344185851859,67.09511961722488,38.584360382595634,6949.716050741061,347.12903667214016,0.4499080905496526,0.2765299666121369,A,grading/data_processed/onion/A/Onion_Red_3_r_118__100.jpg
7357.0,329.2203434705734,0.99,0.8529769447652138,0.9830961448520078,19.69755967462328,38.54305580774642,158.56154153887184,55.4458662031821,97.58394452593679,55.363105621445655,2413.7998871951845,352.66071428571433,0.3508698247001963,0.22673622081081762,A,grading/data_processed/onion/A/Onion_Red_2_r2_101__100.jpg
3738.5,309.66399538517,1.694915254237288,0.48992073798195385,0.8904370608550672,29.395042602633616,49.287297480749174,87.5416989413891,56.26927421021915,49.85437645236251,28.960749047031303,10376.365115627694,297.0618044855333,0.5022835857014397,0.3293212308719257,A,grading/data_processed/onion/A/Onion_2_r1_292__100.jpg
6811.0,318.04877054691315,0.93,0.8461226133580779,0.9784513719293205,17.66230027349935,16.755473685842833,144.50179933784366,55.45659658697563,89.42910608895926,51.45883018570013,4184.045014730026,562.7859782608696,0.38365933993257617,0.2367813971930877,A,grading/data_processed/onion/A/Onion_White_1_r2_47__100.jpg
4323.5,321.8061294555664,1.492537313432836,0.5246343274592185,0.8997918834547346,40.30793366203496,62.25156972696514,86.45876288659794,55.7725617542999,57.654863290004485,33.66252376723691,7937.3096533526395,375.77943615257055,0.4888251394172901,0.31924646547165014,A,grading/data_processed/onion/A/Onion_2_r1_308__100.jpg
6015.0,346.87719666957855,0.93,0.6281943040183918,0.9015963426515776,55.87834549878345,78.51226626738259,111.61265206812652,42.02823176038807,79.82319545823195,46.194042728745906,6790.169715562493,362.65445652173923,0.4873396307132346,0.32311750314894716,A,grading/data_processed/onion/A/Onion_Red_1_152__100.jpg
5601.0,391.30360305309296,1.0,0.4596716747065703,0.8311322154622347,35.70244494537888,11.764563675511477,51.00017340038148,24.967525291867368,74.46991503381308,43.34885272781134,3011.219663902969,490.2433200084157,0.5868541967893677,0.38141275559378474,A,grading/data_processed/onion/A/Onion_White_2_r1_53__100.jpg
6042.0,342.8771970272064,0.94,0.6458228073301062,0.9070029272686332,145.1978998384491,48.11662355643079,91.42584814216478,41.79261334950398,79.53667205169629,45.77115439209696,4273.274591715709,374.32892473118284,0.500586778939783,0.3285560806949662,A,grading/data_processed/onion/A/Onion_Red_3_146__100.jpg
6790.5,316.29141080379486,1.075268817204301,0.8529760178658246,0.9805068226120858,18.727220216606497,19.88565769099656,137.18137184115523,54.24834748946983,89.23249097472925,51.75348355289738,5535.741261463752,501.30791788856305,0.39236542584434847,0.24248541468348472,A,grading/data_processed/onion/A/Onion_White_1_143__100.jpg
7131.0,319.2203435897827,1.0526315789473684,0.8793852543814044,0.983993376569615,75.30132085855806,82.30145310822637,121.91194276279582,45.500536207609585,93.55242157402311,53.51466994385078,3806.4440902382275,505.128442317916,0.3297986462423365,0.2214558209819977,A,grading/data_processed/onion/A/Onion_Red_1_r2_43__100.jpg
4944.0,284.24978017807007,1.36986301369863,0.7689322056437228,0.957582800697269,66.63126727200948,81.15913511519315,158.23943939992105,56.5741507768763,65.23588630082905,36.47366570211182,9348.376827378495,286.0005534800055,0.4678290693376607,0.2919794740758424,A,grading/data_processed/onion/A/Onion_Red_2_r2_216__100.jpg
6830.5,318.9777022600174,0.92,0.8436099804658849,0.9806187639078314,19.84773249138921,11.15399103901194,125.19589552238806,49.422801604118845,90.51406429391504,53.49097617720972,4401.581177882797,468.6485714285714,0.42490066688357936,0.2279887967384189,A,grading/data_processed/onion/A/Onion_White_1_r2_139__100.jpg
4790.5,344.2914105653763,1.408450704225352,0.5078533628163598,0.8839376326229357,45.5416076128771,65.67110557958716,86.0813929945333,56.04331417195471,63.68090706620774,37.17237147888077,6946.7320946439195,453.3057333902404,0.4606323513073336,0.28837819890619715,A,grading/data_processed/onion/A/Onion_2_r1_314__100.jpg
4128.5,278.8355669975281,1.492537313432836,0.6672764747168164,0.9185671376126376,33.131826741996235,45.7374450913069,89.57297551789077,58.37347968313723,54.763182674199626,32.34746823140404,9129.515796368902,313.875772651892,0.5244135656870826,0.3548759539106959,A,grading/data_processed/onion/A/Onion_2_r2_49__100.jpg
6559.0,349.5046137571335,1.0,0.6747480972953344,0.9264778586058338,145.16654241836886,50.72022644395548,95.51095869986581,42.06149329151263,86.34352169375279,49.5198121717722,4508.37725831,543.3595959595962,0.4598343404123056,0.31497010610212833,A,grading/data_processed/onion/A/Onion_Red_3_r2_12__100.jpg
4143.0,359.2203423976898,0.71,0.40346229293146985,0.7751894470951446,42.139767441860464,54.129158629147234,74.98418604651162,51.30591997360051,55.574418604651164,33.773621143239815,10472.252564391985,448.83014285714285,0.5164259570982739,0.3756448605058903,A,grading/data_processed/onion/A/Onion_2_r0_82__100.jpg
4837.5,293.32084715366364,1.408450704225352,0.7065533840346899,0.9578259578259578,22.033044529518435,48.38920258276995,153.49042917590168,57.583275592169926,63.5756598831352,36.58365151640826,11101.371965562388,324.1405605349267,0.4384364806239487,0.2875600909634604,A,grading/data_processed/onion/A/Onion_Red_2_r1_214__100.jpg
3645.0,304.87719678878784,1.3888888888888888,0.49278503589988687,0.8329524680073126,136.69263381028088,57.95368345839991,92.84552199258081,51.40425765607982,48.51907790143084,28.739736890257447,18867.541931925156,270.11952861952864,0.6156633463406148,0.46176590599515077,A,grading/data_processed/onion/A/Onion_Red_3_r_142__100.jpg
4526.5,277.3208485841751,0.7,0.7396177885724794,0.9513451029844473,14.962101636520241,25.298567407973604,157.85163652024116,52.74716801237045,59.81955211024979,33.57705083761603,11949.075107571429,324.751884057971,0.46441830430417924,0.31741851845475716,A,grading/data_processed/onion/A/Onion_Red_2_r0_193__100.jpg
4305.5,290.6345565319061,1.141025641025641,0.6405292342195532,0.9044218044323076,53.96296296296296,77.92711069508442,111.90266485998194,47.464775720330444,57.6616982836495,34.23366497369767,15034.711013056198,344.3581002331002,0.493579031266104,0.34676489142844374,A,grading/data_processed/onion/A/Onion_Red_1_r_135__100.jpg
6250.5,323.9482650756836,1.0204081632653061,0.7484681197596221,0.9423337856173677,144.8342204132749,50.52665874061459,97.20945522855354,41.232749089911614,82.48653725735754,48.077240742002346,4777.796906122449,389.2215007215008,0.48831098669004774,0.3347958743217557,A,grading/data_processed/onion/A/Onion_Red_3_92__100.jpg
4223.5,280.14927637577057,1.5384615384615385,0.6762438873493577,0.9440098345999106,20.950253339474898,45.80359120202116,158.07254721326578,60.46232928796864,55.8945186549977,32.00340295105688,15274.437337254438,305.01616161616164,0.4742537891127431,0.31720220946503946,A,grading/data_processed/onion/A/Onion_Red_2_r1_204__100.jpg
6569.0,314.87719690799713,0.89,0.8325814004454488,0.9776752492930496,21.66209160077577,18.526334472726575,123.8497687602566,48.92850666335271,87.11606743249291,51.8068943671974,5524.1455837773,580.6595454545454,0.43129966268708875,0.23155849704049491,A,grading/data_processed/onion/A/Onion_White_1_r2_145__100.jpg
7102.5,319.8061293363571,0.9494949494949495,0.8726649642141153,0.9857737682165163,148.7475138121547,47.02240334639296,106.6896408839779,39.238873256716445,93.43287292817679,53.93352437925127,1736.8282075063803,349.53980666883893,0.41960060114935277,0.2081761828943014,A,grading/data_processed/onion/A/Onion_Red_3_r_80__100.jpg
5755.0,305.76449942588806,1.2658227848101267,0.7735369627595846,0.9626965540314486,26.51825437255901,54.893147548299034,154.96451010358294,52.54059809060109,75.50840550178299,43.074009835426025,5048.108340506329,339.6308656182073,0.3875409235420553,0.24062775271056502,A,grading/data_processed/onion/A/Onion_Red_2_r1_224__100.jpg
6507.0,377.01933240890503,0.9,0.5752590113997911,0.956138417456469,20.062968515742128,36.48393200213406,86.43598200899551,50.34486787932577,85.71064467766116,49.26136813405574,2517.8955109135804,565.7522471910113,0.3637126160828916,0.24062473920617694,A,grading/data_processed/onion/A/Onion_2_r2_129__100.jpg
5245.0,308.0487707853317,1.2987012987012987,0.6945705997215762,0.9607106877919224,37.777901785714285,60.266136594295105,79.19810267857143,51.818137977772736,68.83816964285714,39.490526873178176,5761.856589711587,408.15663124754036,0.45519580417711464,0.288058087267345,A,grading/data_processed/onion/A/Onion_2_r1_146__100.jpg
7342.5,321.8061292171478,0.96,0.8909743390949955,0.9902225219150371,34.582676112819144,64.03784420600584,164.09276834647775,50.28095854272617,96.65338858441385,55.22734996369768,1791.464708289931,312.5437894736842,0.37893803426317213,0.2065208299072894,A,grading/data_processed/onion/A/Onion_Red_2_r2_253__100.jpg
5997.5,341.1198379993439,0.94,0.6476884718314999,0.9065145102781137,144.93098958333334,48.17971514137507,89.498046875,41.68566879833487,78.9921875,45.52815711190725,4521.563349932096,356.3883870967742,0.5040714766075974,0.3318755410171134,A,grading/data_processed/onion/A/Onion_Red_3_144__100.jpg
6069.0,339.7056248188019,0.94,0.6608783511622092,0.9126315789473685,146.07272727272726,48.97095388678235,91.99195494770716,40.05085584028651,79.90732099758648,46.219923780628925,4531.569134268901,366.7152688172043,0.5053705036365289,0.3250373387660125,A,grading/data_processed/onion/A/Onion_Red_3_128__100.jpg
5668.5,299.46298372745514,1.0,0.7943130910173786,0.9614960563141379,58.39516824849008,78.49340092475234,116.25090595340811,47.82569224932846,74.56686798964624,42.741623641185306,8077.182639382102,439.9465778474401,0.3630495706470836,0.23500828678161492,A,grading/data_processed/onion/A/Onion_Red_1_r_165__100.jpg
4074.5,281.3208485841751,1.4705882352941178,0.6469643477014583,0.9173702577957897,29.58416785884597,50.23871197030547,82.37935145445876,52.661920640171225,53.983071053886505,31.780646457884878,10984.983881293252,340.781788472965,0.5091514523660434,0.37187707706676315,A,grading/data_processed/onion/A/Onion_2_r2_245__100.jpg
6162.0,406.27416586875916,0.9690721649484536,0.4691299321587125,0.8947291999419196,32.07089846834044,54.92217074360393,97.77356702984368,52.90977291550315,81.82693825990842,46.964500948419364,2318.4056693549383,649.6749806008202,0.42710771398119035,0.286714813188417,A,grading/data_processed/onion/A/Onion_2_r2_173__100.jpg
6260.0,323.3624783754349,1.0204081632653061,0.7523240539240297,0.9446204919269654,143.93997186181022,51.21728922770845,95.86040331405346,40.80033383342709,82.53134281694544,48.101231388780086,4731.763890503957,379.7347969490827,0.49104902522524213,0.33469883175328546,A,grading/data_processed/onion/A/Onion_Red_3_91__100.jpg
5659.0,378.3330407142639,1.0,0.49682222577190394,0.7981664315937941,16.084349768081086,17.295016795451893,146.0079024222642,48.44799604721539,75.80226765160626,44.59062182100164,2993.06668135639,321.175152535241,0.4948154132922428,0.38095086151651675,A,grading/data_processed/onion/A/Onion_White_1_r2_105__100.jpg
6867.0,323.90663397312164,1.098901098901099,0.8225024978566745,0.9748722316865417,35.98544520547945,60.612614673551576,80.26726598173516,49.56105329617719,90.09417808219177,51.73192756044352,2080.825992029948,489.6575646575647,0.36562789167253457,0.21762251877867328,A,grading/data_processed/onion/A/Onion_2_r1_176__100.jpg
3934.5,306.63455629348755,1.3513513513513513,0.5258443611577966,0.8553260869565218,139.8959409594096,53.99751937955443,90.75670356703567,50.50385826681612,52.24477244772448,30.746999379251275,14436.73715668371,285.0884520884521,0.5785766572390035,0.4368519945513749,A,grading/data_processed/onion/A/Onion_Red_3_r_148__100.jpg
4267.0,339.2203425168991,1.5151515151515151,0.465981559202097,0.8648155654641265,43.07725419120979,63.31047169371602,85.64091526959673,56.11459052874703,56.87313094698686,33.38779894754169,8818.833212029385,375.5700948882767,0.482098419319968,0.3155133102873269,A,grading/data_processed/onion/A/Onion_2_r1_306__100.jpg
4069.0,274.7350606918335,1.5384615384615385,0.6774377311027248,0.9223620083871699,24.219832735961766,52.36998637436591,162.96726403823178,53.982940168104356,53.8752688172043,30.6194076027097,15937.28251654438,263.6262626262626,0.5082139846808704,0.34164373390455316,A,grading/data_processed/onion/A/Onion_Red_2_r1_304__100.jpg
5137.0,326.67618691921234,1.1363636363636365,0.6049012393818852,0.8994922080196113,148.18240424725067,48.61052391303145,101.28763746681835,43.837775924663646,67.9154342055366,38.97600528759879,8647.871406495351,364.4185032139577,0.5354973318347042,0.3868066962514026,A,grading/data_processed/onion/A/Onion_Red_3_r2_29__100.jpg
4043.5,278.9777023792267,1.5151515151515151,0.6528724237936682,0.9295402298850575,34.52511415525114,55.6582070058549,87.211247296323,55.38602664498486,53.750781062244656,31.761126876674584,10496.177001928376,349.24548515457604,0.4946614984631284,0.35667982339722637,A,grading/data_processed/onion/A/Onion_2_r2_228__100.jpg
6574.5,311.806129693985,1.1111111111111112,0.8497737210404873,0.9774754683318466,36.340638044126415,12.82186472310154,50.50253428741801,30.433366014660262,86.43977340488968,50.090372514811435,2950.973200876543,417.0105499438833,0.5197684936590936,0.24356943626008287,A,grading/data_processed/onion/A/Onion_White_2_r0_46__100.jpg
6619.5,360.0904004573822,0.9387755102040817,0.6415226034305317,0.9618570183086312,16.28214971209213,14.856922886997493,141.1460209655987,55.59137869929145,87.43555293075447,50.439183124624286,4474.123602098193,576.7221350078491,0.3623080867356722,0.23099246206306132,A,grading/data_processed/onion/A/Onion_White_1_r_160__100.jpg
5889.5,425.8893892765045,1.098901098901099,0.4080324001617953,0.8787675320799762,35.87880783797135,12.798639413994568,52.873209287008066,29.09199558875112,78.2735056808826,45.28821420599449,3265.237644378698,527.1748251748252,0.5637949347354642,0.3186909648354666,A,grading/data_processed/onion/A/Onion_White_2_r0_49__100.jpg
5118.0,332.048770070076,1.0319148936170213,0.5833193641621827,0.8435105067985167,33.09922068047899,10.495337138681531,69.58943166698346,39.69087732351906,67.9944877399734,39.655944865207,1777.7067032970415,290.1160239361702,0.5891366486243771,0.41008425189963316,A,grading/data_processed/onion/A/Onion_White_2_r1_112__100.jpg
4090.0,363.22034227848053,0.76,0.3895765841660017,0.7628462184090273,41.03200753118381,55.18178445467885,76.49282184043304,55.28647664784985,55.14379854083314,33.5167544122878,11265.909023268698,445.2582666666667,0.5564759916606861,0.42347941836384195,A,grading/data_processed/onion/A/Onion_2_r0_88__100.jpg
5522.0,322.0487710237503,0.9893617021276596,0.6690567767929453,0.9211009174311927,33.69381625441696,13.145061706727002,58.48409893992933,41.21929539096134,73.50070671378091,43.44147803234627,2243.290060733895,360.6263876040703,0.5302636229251086,0.3383138427380211,A,grading/data_processed/onion/A/Onion_White_2_r1_181__100.jpg
4579.0,288.73506236076355,0.69,0.6902103331421547,0.9468569065343259,11.430242450021268,17.173190279673207,150.70374308804764,56.40033634697006,60.47022543598469,34.71515411235976,12197.991441524888,382.2107352941176,0.4236789244351724,0.2989072876478534,A,grading/data_processed/onion/A/Onion_Red_2_r0_118__100.jpg
5864.0,376.6761871576309,1.1111111111111112,0.5193587994875176,0.8909146156183531,36.03733820112844,10.337072178273855,49.36027215399934,32.30669194917023,77.6929970129439,45.10299465515109,3582.469822222222,465.4215488215488,0.5833170860371358,0.31688409280345625,A,grading/data_processed/onion/A/Onion_White_2_r0_130__100.jpg
6811.0,316.877197265625,0.94,0.8523908282102366,0.9773982923154194,17.144255686726172,15.809883373862068,144.3065073423553,55.755704602484734,89.36323063633746,51.49342468361411,4116.591065595293,569.010752688172,0.3900194659690659,0.24496621412580286,A,grading/data_processed/onion/A/Onion_White_1_r2_46__100.jpg
7287.0,320.3919161558151,1.0526315789473684,0.8920630151036822,0.9875991055092499,20.844579124579123,44.79282747464206,163.6102356902357,49.38673061890154,96.72094276094276,54.61687285498876,2127.3455225595567,344.9311004784689,0.34117231606702764,0.2042807851105295,A,grading/data_processed/onion/A/Onion_Red_2_r1_253__100.jpg
5699.5,365.1198379993439,1.1235955056179776,0.5372491807703967,0.8778590681555641,34.3448275862069,10.36817497360788,53.63110276544896,32.23171116602973,75.37282348924548,43.741465057351604,3178.1289623027396,383.8953580751334,0.6132113194479089,0.3302512747783329,A,grading/data_processed/onion/A/Onion_White_2_r0_185__100.jpg
5486.0,369.9898945093155,0.9484536082474226,0.5036002563436355,0.8846246875755865,34.35991493886231,11.527483072467502,55.07194754563176,37.56646844637184,72.75066454013822,42.23418124029102,2541.6780056238636,428.38348249688465,0.559164344910406,0.3505179812333569,A,grading/data_processed/onion/A/Onion_White_2_r1_173__100.jpg
7190.5,323.9482649564743,1.0309278350515463,0.8610287207571378,0.9829129929601531,12.736353711790393,21.15464940640884,162.170442139738,55.05256534048791,94.54544213973799,54.34407513885571,3539.0183565841216,511.41945225450377,0.3619873132943648,0.22859859772420532,A,grading/data_processed/onion/A/Onion_Red_2_r2_69__100.jpg
6488.0,305.0782079696655,1.032967032967033,0.8759883529477581,0.9845220030349013,81.53912386706949,83.041027303052,119.57885196374622,44.73981822982623,85.46087613293051,48.80260020268975,5825.174452551613,428.03178541888224,0.31731518421211025,0.2112601738738449,A,grading/data_processed/onion/A/Onion_Red_1_r_6__100.jpg
4539.5,346.77669155597687,0.78,0.47437095142132085,0.8444795832945773,47.51557167235495,62.372920060235,71.86454778156997,54.33243054890731,60.540315699658706,35.921500201023726,9211.1321889382,519.2854545454547,0.4799863185950556,0.38075939867968406,A,grading/data_processed/onion/A/Onion_2_r0_217__100.jpg
5442.5,349.60511898994446,1.1627906976744187,0.5595678262086351,0.9035444509006392,117.94849785407726,80.83349464688342,116.85872675250357,44.330923261050145,72.30919170243205,42.240943208937495,8315.361864575445,473.39781536293174,0.4669313227298995,0.334997183346349,A,grading/data_processed/onion/A/Onion_Red_1_r2_113__100.jpg
7041.5,314.977702498436,0.9393939393939394,0.8918984844094076,0.988280701754386,147.55064790302356,48.87794616408086,111.46649017695415,42.0009291995775,92.75574752682179,53.61409389211699,2044.7662359789738,383.3404699165569,0.3732621643556564,0.20980147019883563,A,grading/data_processed/onion/A/Onion_Red_3_r2_60__100.jpg
4628.5,340.6345567703247,1.36986301369863,0.5012711655492516,0.8672475173318344,31.387981574539364,46.051292478871396,92.72780569514238,51.184806856859126,61.69744556113903,35.94774441440271,7781.0586465565775,423.6057838660578,0.4970203979672334,0.33211143891293454,A,grading/data_processed/onion/A/Onion_2_r1_62__100.jpg
5936.5,377.26197350025177,1.1235955056179776,0.5241484087191352,0.8891634838613046,35.26873257911133,13.452426894779123,51.805377930808326,34.2419512975102,78.67470077061813,45.86893760499368,3445.508688498927,476.40018159119285,0.5859036335604368,0.30282591212808874,A,grading/data_processed/onion/A/Onion_White_2_r0_4__100.jpg
6802.0,315.2203427553177,0.93,0.8602368009775169,0.9811756220699603,18.99524290038922,8.039139902010238,133.3041660660228,49.48200501958581,89.27706501369468,51.7510333319218,4176.375439599954,410.4488043478261,0.4328707311722933,0.2412350933718021,A,grading/data_processed/onion/A/Onion_White_1_r_49__100.jpg
5734.5,384.43354630470276,0.95,0.48759906626935584,0.8025892232330301,18.35892221657346,18.0522401979436,139.05321132011522,50.1313362211469,76.25046602270801,44.33269525265092,2848.3317298504157,309.30202127659567,0.5041529525273882,0.3644418532746874,A,grading/data_processed/onion/A/Onion_White_1_r2_121__100.jpg
4291.5,284.0071396827698,1.4705882352941178,0.668590905749381,0.9337467362924282,33.89986406887177,55.527514620312765,92.09719075668328,56.96719082375506,56.75101948346171,32.499901956606216,8212.89096174308,339.10368389780155,0.4758441519249068,0.33773235194673973,A,grading/data_processed/onion/A/Onion_2_r2_214__100.jpg
6059.5,342.291411280632,0.95,0.6499121405224871,0.9094251838511181,144.9790559046238,49.185004803105606,90.45738682133076,41.568735848405446,79.72724343483164,45.87158760322567,4133.353161927977,354.7893617021277,0.49691377631081046,0.33089794940415274,A,grading/data_processed/onion/A/Onion_Red_3_134__100.jpg
6572.0,334.3919155597687,0.86,0.7385771722717908,0.9670394349617422,24.784576447818967,47.60417422788067,92.30087836831919,52.294030379593174,86.43531338395117,49.72585428265208,2336.3338736614387,553.9183529411765,0.3432250302803158,0.2015137351823146,A,grading/data_processed/onion/A/Onion_2_r2_156__100.jpg
6213.5,328.2914105653763,0.95,0.7244812109503128,0.932258064516129,145.48048473402582,49.424535558332785,99.02722694365754,41.99980568951469,81.78423040604343,46.674701149530286,4443.1625273241,408.62021276595743,0.4737064961386307,0.3173934877642374,A,grading/data_processed/onion/A/Onion_Red_3_58__100.jpg
4389.0,278.9360728263855,1.492537313432836,0.7088691571078728,0.934227330779055,18.817960088691795,41.103534694149474,150.41796008869179,63.79987965643671,58.07294900221729,33.40739259829923,13914.050770216087,284.21362882556906,0.4416244833776561,0.3148421936926405,A,grading/data_processed/onion/A/Onion_Red_2_r2_317__100.jpg
6906.5,316.1492758989334,0.9489795918367347,0.8683273838044838,0.9834116474441122,19.173647593355103,9.50228552578012,127.51455345733352,49.70137039051599,91.86326849353968,54.61201467136946,4372.788593320345,400.15417036379773,0.40674818693704706,0.21218695931558543,A,grading/data_processed/onion/A/Onion_White_1_r2_134__100.jpg
6697.0,335.36247956752777,0.95,0.7482749712408259,0.9539206609215868,143.72324561403508,52.213399145092,95.90730994152047,42.08723402888561,88.26578947368421,50.68549510890862,3814.4646251966765,530.8606382978724,0.4186320127998957,0.26510566792362844,A,grading/data_processed/onion/A/Onion_Red_3_r2_4__100.jpg
6131.0,319.56348967552185,1.0421052631578946,0.7544437585690961,0.9420712968653965,23.056468336257776,38.9098823647502,82.35236879885149,47.87771986582765,80.61652576168449,46.3132098188157,3348.0948278611404,484.69903329752947,0.4493705188360445,0.32047822686082306,A,grading/data_processed/onion/A/Onion_2_r2_116__100.jpg
3844.0,273.5634890794754,1.5873015873015872,0.6454713564191039,0.9146936347412254,19.94922960343521,43.90934999187365,154.5627683758525,63.875819139876526,51.43697903510988,30.505897078633463,17530.09470435878,329.2422639089306,0.49535742971503094,0.3588133556733728,A,grading/data_processed/onion/A/Onion_Red_2_r1_172__100.jpg
7370.0,325.7056257724762,1.0,0.8730253045310595,0.9837816191683908,87.72686110001332,83.93023629264276,116.49567186043414,47.408734520628386,96.81129311492876,55.28229904656385,4231.896921590001,537.2265656565658,0.33605511534816973,0.2331628438317298,A,grading/data_processed/onion/A/Onion_Red_1_r2_56__100.jpg
5897.0,340.3919161558151,1.1235955056179776,0.6395618005858947,0.8956561360874848,34.67493796526055,9.052409237477534,52.50306038047974,29.242544647022143,77.93267162944582,45.34476622732346,3025.5972639186975,394.7602996254681,0.5981701920684679,0.3100872027435765,A,grading/data_processed/onion/A/Onion_White_2_r0_181__100.jpg
5656.0,303.3624777793884,1.1904761904761905,0.7723169014415311,0.9596199524940617,33.770880166003806,60.06455604885487,158.2624935154764,54.425799512504845,74.92097527234999,41.54807145989928,6920.942641950114,422.77308802308806,0.4539809082245992,0.29530119531929544,A,grading/data_processed/onion/A/Onion_Red_2_r2_140__100.jpg
7070.5,435.20309948921204,1.0101010101010102,0.46911144775395514,0.9398511232221188,84.66501309080887,84.267974042321,119.52556152680171,37.392984518670666,94.24183546920214,54.84627517789166,2275.254548474645,498.91582491582494,0.39712928530876557,0.24952291230353385,A,grading/data_processed/onion/A/Onion_Red_1_r_101__100.jpg
6804.0,318.39191591739655,0.92,0.8434320584728884,0.9786407766990292,17.4251548768189,16.546034797942436,145.07347644431638,55.60822748723605,89.31234692407435,51.432468149836446,4192.6523458884685,560.8764835164835,0.37995390268333196,0.23016551066404195,A,grading/data_processed/onion/A/Onion_White_1_r2_45__100.jpg
4003.5,272.00713980197906,1.5873015873015872,0.6799689620043445,0.9274875477817677,51.32621359223301,73.58249047892194,152.23252427184465,61.466482384587806,53.30873786407767,30.34214796396595,17104.45336346687,249.8789482122816,0.5284923716973131,0.3329706890555481,A,grading/data_processed/onion/A/Onion_Red_2_r2_181__100.jpg
4675.5,278.83556723594666,0.7,0.7556863636195258,0.9632262051915945,13.392075078206465,26.924499152437278,151.37059436913452,56.26301347101542,61.68675703858186,35.12626267219944,11285.609967346938,394.6107246376812,0.4315504366165385,0.2941887981200142,A,grading/data_processed/onion/A/Onion_Red_2_r0_156__100.jpg
6965.0,315.56348872184753,0.979381443298969,0.8789364741903568,0.9860550718482339,146.34417687649628,50.9418112724229,115.28559357836924,41.29194545381803,92.09097310237995,53.5037323721084,1827.8157160895928,379.36510199605175,0.40305135912554807,0.2143608126848184,A,grading/data_processed/onion/A/Onion_Red_3_r2_71__100.jpg
4333.5,282.0071394443512,1.5151515151515151,0.6847443513769295,0.9363656006914434,19.199551066217733,39.68278143395384,146.2114478114478,64.55876800741774,57.2307519640853,32.87413942741866,13586.842037098255,263.16727884909704,0.44269083133912224,0.31268728947795893,A,grading/data_processed/onion/A/Onion_Red_2_r2_9__100.jpg
6492.5,348.77669167518616,1.0,0.6706978506984357,0.923673353250818,80.1323396567299,84.98386643337481,114.74089129780187,44.866470350215636,85.57844022884673,49.30581588181314,5028.911747509999,445.8052525252526,0.4464827818214219,0.3242346910560243,A,grading/data_processed/onion/A/Onion_Red_1_35__100.jpg
7312.5,320.6345580816269,0.96,0.8938303257800255,0.9908536585365854,36.56053691275168,65.49583438554973,165.57838926174497,46.30656630880299,96.02161073825503,54.90218455167763,1862.974965234375,327.5785263157895,0.37255410012750395,0.20983875883435182,A,grading/data_processed/onion/A/Onion_Red_2_r2_258__100.jpg
7119.5,345.46298348903656,0.9595959595959596,0.7496461582165181,0.9667979359043998,15.07992846333746,8.62275957022867,142.44682899986242,45.22511324461799,94.38382170862567,54.984917875348636,3319.59903807656,457.7580055877928,0.35036347236749443,0.21369211986412007,A,grading/data_processed/onion/A/Onion_White_1_r_102__100.jpg
6128.0,367.01933157444,0.94,0.5716770276047997,0.8974152449293402,55.67387846007,78.23290916751354,114.25357938275533,45.26241898591885,80.65097041043589,46.16278351423164,5597.9173050135805,469.4197849462364,0.441038748341222,0.3176315147544736,A,grading/data_processed/onion/A/Onion_Red_1_83__100.jpg
7243.5,369.11983823776245,1.0526315789473684,0.6680724378532246,0.959658187599364,22.698136142625607,48.451815045290616,174.48662884927066,44.274342528167345,97.36007563479201,53.8588808232989,1933.1404373961216,492.12270069112174,0.33731544905279565,0.20331763903726222,A,grading/data_processed/onion/A/Onion_Red_2_r1_268__100.jpg
6256.0,336.19090616703033,0.98,0.6955601309061001,0.9249648850447254,74.54649163931865,83.95232641938237,117.07704328801375,43.69515184053848,82.25847788716987,47.316612006491546,4490.59062907122,427.7179381443299,0.4542469896448089,0.3349219416262185,A,grading/data_processed/onion/A/Onion_Red_1_26__100.jpg
6944.0,314.7350617647171,0.9,0.8809055037501801,0.987485779294653,16.89830508474576,13.65489078407449,142.28389830508473,53.47184084482502,91.39124293785311,53.04955344820523,3685.363408283951,458.30842696629213,0.354741691942026,0.19979464902764102,A,grading/data_processed/onion/A/Onion_White_1_r2_31__100.jpg
4912.0,332.39191699028015,0.77,0.5586853891671069,0.8902582691436339,46.339992088607595,54.79181787179637,77.68057753164557,50.69164259616004,65.17978639240506,38.16085825143367,8041.384410372744,506.15407894736853,0.47066165989457526,0.32445164692313677,A,grading/data_processed/onion/A/Onion_2_r0_41__100.jpg
7186.0,325.22034323215485,0.95,0.8537715311436952,0.9792191864822511,20.591864591864592,42.97298619287189,179.46478296478296,46.83245736442578,95.06770406770407,53.31964200131148,2279.417511036011,382.6695744680851,0.36123640603764196,0.2137159244849381,A,grading/data_processed/onion/A/Onion_Red_2_r2_274__100.jpg
6686.0,315.7056248188019,1.098901098901099,0.8429689867441941,0.9775568389502156,20.41891495601173,14.292227446818629,121.17991202346042,49.717772756344196,88.3608504398827,52.31676997284042,5995.40415075474,490.8795648795649,0.42686447256329485,0.23743285697048494,A,grading/data_processed/onion/A/Onion_White_1_24__100.jpg
3690.0,301.7644988298416,1.694915254237288,0.5092135349011655,0.8869126306934263,31.18864468864469,52.21682992949493,86.0690737833595,54.59610934446116,49.18184196755625,28.397071564257704,11333.820186727953,248.65690806368775,0.502028635600523,0.33886818232963545,A,grading/data_processed/onion/A/Onion_2_r1_289__100.jpg
5627.5,300.4924212694168,0.9560439560439561,0.7831741086224003,0.9556763182474315,147.64234844537086,48.326890843232114,97.84801111690116,42.029489985481376,73.80354351224597,42.56559541169176,4904.225415705758,346.890365448505,0.46292648916398205,0.2572099553258899,A,grading/data_processed/onion/A/Onion_Red_3_r2_109__100.jpg
6214.5,368.776691198349,0.9393939393939394,0.5742342994600235,0.9049144521295959,53.50784436774396,77.37914259123778,117.84358330718544,43.11302753060768,82.02196422968309,46.999150338820435,5886.449629415164,454.75450153711023,0.41225938015905095,0.2927198674552116,A,grading/data_processed/onion/A/Onion_Red_1_68__100.jpg
7205.5,351.2619733810425,1.0309278350515463,0.7338574590386957,0.9656258375770571,79.74683888511217,84.73598507775658,124.1530931339225,37.966548690398234,95.35948334466349,55.70292856745271,2678.8664788606657,400.7214412162865,0.3944529465678586,0.2264595930823988,A,grading/data_processed/onion/A/Onion_Red_1_r_87__100.jpg
4255.0,288.04877066612244,0.67,0.6444324134111639,0.9202984751811398,15.648080438756855,28.518484191074577,150.41864716636198,57.46607583315251,56.24291590493601,32.294812765118515,19099.43686065939,364.68030303030304,0.4448875221331198,0.3259261015804964,A,grading/data_processed/onion/A/Onion_Red_2_r0_86__100.jpg
7025.0,316.3919152021408,0.9494949494949495,0.881871764696849,0.9869345321719584,147.442535958665,49.00361298027317,112.6770004189359,41.68608105491847,92.61011031978774,53.56399129049154,2051.0463398636025,390.3446290865646,0.3865442707523138,0.21742373157706588,A,grading/data_processed/onion/A/Onion_Red_3_r2_61__100.jpg
5130.0,342.04877161979675,1.0,0.5509994418494625,0.8452792881858626,33.247442212959456,10.803270599238397,68.84009094353922,39.83498321801592,68.24100037893142,39.75562774005795,2029.8064796924516,304.17637178051507,0.5853550957104091,0.40009417988916185,A,grading/data_processed/onion/A/Onion_White_2_r1_117__100.jpg
4192.0,279.56348848342896,1.4492753623188406,0.6740160461231586,0.9209138840070299,20.139907192575407,41.17170946555647,153.55429234338746,59.04045723590342,55.50162412993039,31.242296456077685,16078.232973829028,270.8571219440785,0.4930200577925696,0.3606968302450792,A,grading/data_processed/onion/A/Onion_Red_2_r1_148__100.jpg
4307.5,298.4924212694168,0.66,0.6075311247734201,0.902755946767264,35.462804328223626,50.03735949334547,87.33769161406673,55.34546422083886,57.08363390441839,33.172011094716005,9404.434214784205,525.7764615384615,0.45169339449207574,0.306643751823748,A,grading/data_processed/onion/A/Onion_2_r0_321__100.jpg
3702.0,299.9066342115402,1.5625,0.5172185979888817,0.8863881240272956,32.619159488384234,52.97307362505646,89.20203602192639,54.60640501422087,49.35630383711825,28.76483034365268,12693.335285058594,295.30255681818176,0.5345863572943336,0.38755225748861855,A,grading/data_processed/onion/A/Onion_2_r1_258__100.jpg
6576.5,314.634556889534,0.9,0.8348180833684892,0.9763937346893327,21.419609596185367,15.704839626320412,124.06779913574728,49.15360830363664,86.96766502756668,51.506955554255406,5384.238641666667,531.7025842696629,0.4374625163413218,0.23847466932169634,A,grading/data_processed/onion/A/Onion_White_1_r2_147__100.jpg
6479.0,379.50461423397064,0.95,0.5653061661892402,0.9432918395573997,20.1323396567299,35.7426578488454,84.23381511592893,50.715316652253684,85.5252935862692,49.4021655523145,2455.2377003434904,631.4246808510638,0.40686888772060725,0.2840268343726174,A,grading/data_processed/onion/A/Onion_2_r2_124__100.jpg
6482.0,330.0487697124481,1.1123595505617978,0.7477607310715143,0.9590885551527706,17.225996376811594,19.288024288445843,147.825634057971,53.33305820713804,85.45682367149759,49.4754697727532,5247.158680491432,519.3046319651455,0.39317560328158796,0.2332446937445897,A,grading/data_processed/onion/A/Onion_White_1_187__100.jpg
5667.5,312.6345571279526,1.0777777777777777,0.7286641962294682,0.9366994463267498,141.9191518703672,52.697886522730734,86.73142561627306,40.65910933675614,74.79900017238407,43.08456671099918,7085.620615722536,405.7109953703704,0.47233029366319185,0.32226787713028165,A,grading/data_processed/onion/A/Onion_Red_3_r2_144__100.jpg
4262.0,323.2203426361084,0.71,0.5126558727020015,0.8565973269018189,46.648261758691206,61.296956383620845,76.48625312428993,50.6844034410306,56.484662576687114,32.56200703839576,10629.895815334257,431.7660000000001,0.48578060053067224,0.3597782622104672,A,grading/data_processed/onion/A/Onion_2_r0_158__100.jpg
4328.5,276.00713992118835,1.5151515151515151,0.7140138766843221,0.9391408114558473,59.76006296379582,77.71806331947906,155.7566899033056,59.4670066452934,57.13042500562177,32.495462842544455,13079.99845268595,251.3163452708907,0.5063512406447944,0.3126514436721252,A,grading/data_processed/onion/A/Onion_Red_2_r2_205__100.jpg
3734.0,268.59292709827423,0.62,0.650421716748146,0.9174447174447175,32.33878929592102,56.72357622226843,154.670823590543,56.904006659342485,49.4445310470252,28.844862395482703,16711.297755437045,315.2134426229509,0.4943879892351181,0.3579368641395073,A,grading/data_processed/onion/A/Onion_Red_2_r0_41__100.jpg
6168.5,306.14927554130554,1.0333333333333334,0.8270332322577145,0.9714938184108985,72.6263492063492,81.94561148851898,114.78888888888889,43.26331563481699,80.78444444444445,46.27180785823198,5560.286777176838,444.3600241545893,0.36331388827193056,0.2307286153655781,A,grading/data_processed/onion/A/Onion_Red_1_r2_23__100.jpg
4740.5,282.0071396827698,1.408450704225352,0.7490551730042047,0.9538229376257545,70.17852735499794,82.0766627998405,156.74825174825176,56.227306972601646,62.53249691484986,35.257174586582366,9745.467958262248,276.8530374164177,0.4842059975736876,0.3013434085365097,A,grading/data_processed/onion/A/Onion_Red_2_r2_213__100.jpg
5735.0,403.01933348178864,1.1235955056179776,0.4437021420723663,0.8658564203215823,34.0852647606158,10.000347029680169,49.96481136863475,28.809405480658285,76.15801048891896,44.21498290107721,3072.9146685519504,408.6067415730337,0.6060235172797541,0.32400179904745313,A,grading/data_processed/onion/A/Onion_White_2_r0_174__100.jpg
5987.5,319.1198377609253,0.97,0.7388355526072518,0.9307477071350847,146.5043279438184,47.67658176386818,95.42250530785563,41.13535291342715,78.62224399804018,45.12822251626975,4441.675602710172,360.94697916666667,0.5122316415223171,0.3541738357117558,A,grading/data_processed/onion/A/Onion_Red_3_181__100.jpg
4317.5,282.8355675935745,1.4285714285714286,0.6782255789318116,0.9242213421813122,32.208830817751746,44.839664334121906,91.7271908087407,57.61988418815677,57.34061725613877,33.891199793651275,8490.768467571428,335.9987012987013,0.5346261631316055,0.35543896605175535,A,grading/data_processed/onion/A/Onion_2_r2_42__100.jpg
6039.5,605.7127636671066,1.0,0.2068604185484356,0.8228762177260032,15.980628771038425,12.1023451106999,142.63432835820896,44.3548668911026,82.12543664655446,48.34188229849372,3077.4012901400347,685.4331140350878,0.40664466937510135,0.295384612236785,A,grading/data_processed/onion/A/Onion_White_1_r_92__100.jpg
6566.0,322.0487711429596,0.9897959183673469,0.7955499444350311,0.9620512820512821,22.210173031026255,38.14112811999669,83.67377684964201,50.43593603858889,86.22792362768496,49.6563064153023,2623.0840116526006,528.309204931973,0.4133363156297689,0.28145788853543124,A,grading/data_processed/onion/A/Onion_2_r2_121__100.jpg
5086.5,318.1492760181427,1.1764705882352942,0.6314908093677448,0.9003451632887867,142.78483920367535,53.60451956197684,94.40964777947933,44.04301320966244,67.02258805513017,38.497288479248795,8328.803121536332,364.55187165775396,0.53519023890936,0.3718721516195778,A,grading/data_processed/onion/A/Onion_Red_3_r_32__100.jpg
4923.0,341.90663385391235,0.77,0.5292058607852484,0.8945216680294358,43.54267691701163,52.89480354957622,80.54543662527104,51.9804315347469,65.64320914646166,39.273925194564825,7872.718709310171,583.3247368421053,0.464004926343583,0.32352333400456507,A,grading/data_processed/onion/A/Onion_2_r0_21__100.jpg
4700.0,303.705624461174,1.0941176470588236,0.6403273502162484,0.9061114324272219,142.34817729908866,54.56512514354232,89.32373653686827,42.5761002963429,62.04577464788732,36.02601036049331,9512.991902082005,328.1098465473146,0.5578467852594305,0.37487980556880934,A,grading/data_processed/onion/A/Onion_Red_3_r2_121__100.jpg
7045.5,339.9482647180557,1.0204081632653061,0.7661186346033246,0.963684858432499,37.48407731887081,60.07427369525921,87.18133778334028,49.362115902542996,92.51397580308719,53.16458800297737,1804.4916959183674,444.3024118738406,0.38862309390954586,0.25401729605574724,A,grading/data_processed/onion/A/Onion_2_r1_212__100.jpg
5590.5,313.1198378801346,1.101123595505618,0.716538200849002,0.9383182275931521,137.9421632011183,54.45872337983541,82.693342652455,44.9004467286748,73.44155163375852,42.406569964277395,6208.702833336339,411.6473995134947,0.47364902628572264,0.3303676780697441,A,grading/data_processed/onion/A/Onion_Red_3_r_167__100.jpg
6527.5,317.8061306476593,1.053763440860215,0.8121424346374715,0.9726568320667561,89.62289915966386,84.33274338287136,115.09963985594237,40.64344389545525,85.58373349339736,49.11913646771018,3810.079957928367,384.18334996120154,0.3972210533984854,0.2526815643332885,A,grading/data_processed/onion/A/Onion_Red_1_r_111__100.jpg
6264.0,305.0782071352005,0.978021978021978,0.8457446166588208,0.9764614185502728,65.0925578486554,80.95113258667824,118.32770481550969,45.21435834498002,82.4255784865541,47.27814715223914,6793.5056549932215,508.1763236763237,0.32094521868393017,0.1950328388265686,A,grading/data_processed/onion/A/Onion_Red_1_r_174__100.jpg
6040.0,364.6761863231659,0.94,0.5707316982485668,0.8952126871202015,70.29196255648806,82.6740596289346,112.42785668173015,44.697821143397945,79.46739832149774,45.56688770099226,4629.625243990493,417.2182795698924,0.44804462661129185,0.3275021082985467,A,grading/data_processed/onion/A/Onion_Red_1_95__100.jpg
7122.0,333.4213535785675,1.098901098901099,0.8050540012006562,0.9706964699468448,24.859678085018572,52.89291371030678,154.65676159031503,50.26597385596432,93.53281056541478,53.25434215803284,2552.277232447772,351.66888666888667,0.32990749278175474,0.186628160954091,A,grading/data_processed/onion/A/Onion_Red_2_r1_233__100.jpg
4607.0,275.9066344499588,0.7,0.7605080036736683,0.9614943128456642,12.43649449618967,20.252000185285944,152.3092718035563,55.47258126502417,60.83869602032176,34.677927490425674,11640.760083244899,395.03797101449277,0.4409975112353534,0.3048244542521202,A,grading/data_processed/onion/A/Onion_Red_2_r0_170__100.jpg
4426.0,288.73506236076355,0.68,0.6671480529563609,0.9386067225108684,23.572653330402286,47.53154299267511,152.56056276104638,55.504490093352366,58.56342053198505,33.133883614647296,12764.854147037198,372.6902985074626,0.47193491194165627,0.310254514337408,A,grading/data_processed/onion/A/Onion_Red_2_r0_229__100.jpg
7127.0,320.73506224155426,0.9595959595959596,0.8706101879946523,0.9860947768938084,146.55656482246079,50.1374730702584,105.22213047068539,38.11803758885934,93.91921277181393,54.4875351946716,1661.914865083867,340.73758865248226,0.4169436906993337,0.21363764435620486,A,grading/data_processed/onion/A/Onion_Red_3_r2_87__100.jpg
5652.5,321.46298384666443,1.0666666666666667,0.6873667053157606,0.9290762656147271,141.54145077720207,53.46313363752955,87.39740932642486,40.8999929503689,74.63402417962003,42.97414874855138,7499.59538953993,375.2195321637427,0.46537936392032414,0.3175888092425423,A,grading/data_processed/onion/A/Onion_Red_3_r2_146__100.jpg
3769.0,265.9066352844238,1.6129032258064515,0.6698501396646063,0.9243408951563458,28.875805204844113,56.41196002840122,155.58412780211285,56.31051591941522,50.11672249420253,29.257724815923492,19617.021612252858,256.1353861192571,0.5442090881018953,0.359662224798213,A,grading/data_processed/onion/A/Onion_Red_2_r1_1__100.jpg
3766.5,274.97770369052887,1.6129032258064515,0.6259690690624058,0.9150874635568513,17.951828954147345,40.90676873060201,156.52472952086552,61.79570329222081,50.19088098918083,29.396022001757725,19404.463531321537,272.78299120234607,0.5070260554529066,0.3609078822964432,A,grading/data_processed/onion/A/Onion_Red_2_r1_180__100.jpg
4085.0,285.5634888410568,1.4705882352941178,0.629501205845882,0.914074737077646,30.574179743223965,53.03145146503961,80.86067522586781,53.785573009203006,53.980028530670474,30.972056195125504,10094.847321712805,298.30808080808083,0.5152952319306855,0.3698264505495599,A,grading/data_processed/onion/A/Onion_2_r2_249__100.jpg
5463.5,309.46298265457153,1.1022727272727273,0.7169079515849566,0.9372158847242473,89.90366398570151,85.88371617068374,112.62752457551385,46.01411711965396,72.8130473637176,42.4623650798633,9158.224215810935,355.8130918560606,0.46589709319009637,0.32979792772921973,A,grading/data_processed/onion/A/Onion_Red_1_r_124__100.jpg
6675.5,319.80612909793854,0.93,0.8202006303832767,0.9725378787878788,21.11111111111111,37.43989731016559,85.01159547923088,50.20871465925811,87.52972258916776,50.212043011073746,2340.5793791074116,512.3634782608696,0.3885397853901218,0.25233251431162806,A,grading/data_processed/onion/A/Onion_2_r2_126__100.jpg
4753.0,291.56348991394043,1.4285714285714286,0.7026052626731963,0.9532691536301645,24.5558745130203,51.230557556169025,156.34672954685257,56.77448685876362,62.72401066229239,36.18894359862327,13169.862293857144,326.46666666666664,0.4475103520630893,0.28880629371984295,A,grading/data_processed/onion/A/Onion_Red_2_r1_213__100.jpg
5896.5,347.1198375225067,1.1111111111111112,0.614957778526547,0.894832688367858,35.827158451869,9.362391780496376,49.6037049288786,33.411617274139324,77.96758187231227,45.26021658988869,3275.141706555555,408.47564534231196,0.5955031238023666,0.3151523545030886,A,grading/data_processed/onion/A/Onion_White_2_r0_126__100.jpg
3587.5,316.1492758989334,1.6666666666666667,0.4510424222686724,0.844018350782261,33.2610096670247,51.586870770866526,81.52013963480128,49.97497088239126,48.01799140708915,28.138352157348663,14204.991493305557,288.23905723905733,0.5206220875225418,0.3642932906710632,A,grading/data_processed/onion/A/Onion_2_r1_88__100.jpg
4619.0,289.4213534593582,1.36986301369863,0.692941682128354,0.9426530612244898,34.211846543001684,53.682797697186665,87.94413996627318,49.49764118992503,61.07440978077572,35.78511357495432,8314.989697335333,381.6722014667219,0.4908411975290561,0.33733549248890643,A,grading/data_processed/onion/A/Onion_2_r1_238__100.jpg
4529.0,357.2203425168991,0.76,0.44600509462260857,0.8166245943021998,45.26894343649947,54.659319638314166,75.88815368196371,51.45131132477922,60.34236926360726,35.7702046843357,9359.045341828256,522.9208,0.506747874710325,0.36541891941532895,A,grading/data_processed/onion/A/Onion_2_r0_66__100.jpg
7295.5,343.9482651948929,1.0204081632653061,0.7749589159566307,0.9703398284232227,81.64691656590085,84.96004237155238,123.99476017734784,37.22545303743286,96.41394598952036,55.941018093717005,2324.3189293523533,377.32199546485253,0.3931900568759812,0.22518819280827848,A,grading/data_processed/onion/A/Onion_Red_1_r_85__100.jpg
3794.5,265.17871248722076,0.63,0.6780896348038772,0.9242479600535867,49.33393039918116,73.04359829583478,150.8756397134084,53.28092626454745,50.195240532241556,29.091621192562272,15163.429591836735,328.508064516129,0.5177000941438082,0.35664915705478345,A,grading/data_processed/onion/A/Onion_Red_2_r0_4__100.jpg
5528.0,349.01933193206787,0.9690721649484536,0.5702679085187173,0.8571207070315529,34.23762550642945,8.259513314281973,59.034525277435264,32.34358774654977,73.12700369913686,42.252521503750074,2462.732087079778,393.3224697927058,0.5924223106874945,0.36076781308297357,A,grading/data_processed/onion/A/Onion_White_2_r1_137__100.jpg
5940.5,400.5756813287735,0.94,0.46522570657665463,0.8538881701882995,19.68591526255521,11.98923229552934,135.0798298707672,49.49799858314274,78.81056764272861,45.78246531265811,4218.3879804323215,431.4722580645161,0.47739267807154984,0.33268749435188943,A,grading/data_processed/onion/A/Onion_White_1_r_30__100.jpg
6646.5,314.2914105653763,0.91,0.8455471866546154,0.9794429708222812,15.487905604719764,8.245084423305284,144.94970501474927,53.288492187507124,87.38377581120945,50.4543156416197,4925.57897523246,604.1073333333333,0.37617569969314313,0.24055473440968392,A,grading/data_processed/onion/A/Onion_White_1_r_151__100.jpg
6723.5,319.3208488225937,0.92,0.8286110549113064,0.9732213939350076,20.89070241911979,41.3693968184651,89.30982220926843,48.994633444699964,88.12051879918391,50.51042199055359,2614.2651992438564,510.27945054945053,0.3939987903671983,0.24127955856932387,A,grading/data_processed/onion/A/Onion_2_r2_298__100.jpg
3717.5,306.4924212694168,1.5873015873015872,0.4973033228725155,0.8755299105040037,33.47428571428571,54.11547526771675,88.51662337662337,53.74948006055706,49.80233766233766,30.05665031738513,12390.791366565885,377.5975629308963,0.5225085445667973,0.37495925192629875,A,grading/data_processed/onion/A/Onion_2_r1_260__100.jpg
6587.5,319.4629842042923,0.91,0.8111280193529699,0.9728272908513623,21.42028554431886,15.977956786502757,122.97471743010114,48.38016174897587,87.35574063057703,52.09299198416741,5726.644451769111,636.566,0.43942779230933376,0.24535341101418645,A,grading/data_processed/onion/A/Onion_White_1_r2_151__100.jpg
4258.5,328.9777022600174,0.73,0.49446276115312265,0.8273751700019428,40.518064076346285,58.30837486106044,71.31129288798,53.83158436117031,56.70347648261759,33.1612601458777,11058.352405779697,493.9554166666666,0.4899982225504556,0.37737643356206646,A,grading/data_processed/onion/A/Onion_2_r0_237__100.jpg
6818.5,322.9777020215988,1.098901098901099,0.8213979760935699,0.9743498142326379,20.31891348088531,7.604926949683337,125.22650186835297,51.4795229288261,89.87151480310435,52.52897629603201,5295.736764871393,463.7548007548007,0.4169704503952032,0.2230531280611104,A,grading/data_processed/onion/A/Onion_White_1_40__100.jpg
6584.0,307.2203434705734,1.1235955056179776,0.8765965266476028,0.9847442416990727,35.59523454951601,12.534627228109667,48.21801935964259,29.382735925416743,86.61861504095309,50.41781982531024,3257.9839132811517,363.81432300533424,0.5394392135893236,0.23567598620470995,A,grading/data_processed/onion/A/Onion_White_2_r0_9__100.jpg
6340.0,318.73506236076355,1.1235955056179776,0.7842227571392018,0.9626480412997267,26.754862611917257,39.8025784191881,96.82448286508182,52.04180141904615,83.26319851806113,47.826317332579094,3508.4982680343387,491.4630575417092,0.4586494933887426,0.2601287523738536,A,grading/data_processed/onion/A/Onion_2_r2_8__100.jpg
7149.0,338.8771971464157,0.9595959595959596,0.782294844765162,0.979449239621866,15.125839616175462,12.102874543040254,146.18944482522275,45.34092043736138,94.467169294037,54.93336219439182,3583.6091993100367,437.79464861379756,0.35583112253410726,0.21200201724106468,A,grading/data_processed/onion/A/Onion_White_1_r_106__100.jpg
5606.5,327.9482641220093,1.098901098901099,0.6550749880380407,0.903982586262496,145.55673512008354,50.880373347547895,96.87278106508876,42.24756732021303,73.8673860076575,42.31821536786444,6433.102647928994,405.38084138084145,0.5034754304451493,0.3545380122367397,A,grading/data_processed/onion/A/Onion_Red_3_r2_20__100.jpg
7086.0,322.39191603660583,0.9693877551020408,0.8567275351462392,0.9843033754688151,149.2483044982699,46.7433906905552,107.24373702422146,39.7349380035426,93.32996539792387,53.95421788911868,1856.1491525345511,370.7746417716022,0.4255374044002216,0.2089646903164605,A,grading/data_processed/onion/A/Onion_Red_3_r_81__100.jpg
4850.0,312.87719690799713,1.2345679012345678,0.6225923477088573,0.8969024503005085,138.17579771222157,54.26146554256032,83.97310856913506,46.097716619516724,63.86112783463777,36.89347662380768,9852.753780460294,405.66566903603945,0.5161574653896884,0.369979698585865,A,grading/data_processed/onion/A/Onion_Red_3_r_158__100.jpg
3840.0,315.07820785045624,0.56,0.486076198055599,0.8492756828486122,37.154639175257735,57.22600953402338,83.81996479758612,54.80065388092526,51.37364847875283,30.622174409932015,12898.832028061226,475.5256363636364,0.41137858441748393,0.2675826280047294,A,grading/data_processed/onion/A/Onion_2_r0_281__100.jpg
6652.0,321.0782073736191,0.85,0.8108498587760031,0.9732972419343039,28.94228504122497,52.836890064320016,92.22526501766785,51.93831473179944,87.42402826855124,50.09773839224625,2291.907143792387,604.7829761904761,0.3326089895000429,0.18446237456561562,A,grading/data_processed/onion/A/Onion_2_r2_160__100.jpg
4906.5,281.80613029003143,1.3513513513513513,0.7763915402023457,0.9600821837393602,29.6792039800995,56.34094307014268,149.67164179104478,55.10577112909679,64.76398009950249,36.493429055904045,11182.180318407596,328.7731367731368,0.4858641434567886,0.30737813781101886,A,grading/data_processed/onion/A/Onion_Red_2_r1_42__100.jpg
6286.5,318.9777022600174,1.1764705882352942,0.7764225374714567,0.9585271022337425,23.468555417185556,44.84455587706357,101.54265255292653,53.81901765600277,82.77366127023662,47.03187908198421,2130.867522366782,493.90101010101006,0.3705908732137519,0.23278348399696847,A,grading/data_processed/onion/A/Onion_2_r1_12__100.jpg
4817.0,317.4213534593582,0.76,0.6007782923551123,0.8986102042719896,43.929983857949956,53.37099035865951,82.40334947538338,52.640167443601854,64.10189669087974,37.86707759267713,7614.93061009349,514.3573333333333,0.46678192010813635,0.33048451972486964,A,grading/data_processed/onion/A/Onion_2_r0_13__100.jpg
3896.0,321.22034299373627,1.5384615384615385,0.4744852640745027,0.8527963226441939,28.122211204759545,44.815610632235206,85.3495290034705,48.29365830879953,52.18120971740208,30.877211906126323,10130.055153869822,343.1731157731157,0.5242386479848024,0.36609634846244876,A,grading/data_processed/onion/A/Onion_2_r1_76__100.jpg
5700.0,394.19090485572815,0.94,0.4609687879884911,0.8016877637130801,17.903950953678475,16.610243078464062,139.7983651226158,50.004286710494036,75.89884196185287,44.17067682022814,3060.416977716161,285.051935483871,0.5042434642881156,0.36170316913798034,A,grading/data_processed/onion/A/Onion_White_1_r2_122__100.jpg
5591.0,407.01933228969574,1.0526315789473684,0.4241009851438416,0.8237807573301901,35.13884555382215,11.079752996059929,52.38446871208182,29.79689509418232,74.42035014733922,43.20511783083506,2388.856280376732,397.5739500265815,0.6102619939153457,0.37883711777863777,A,grading/data_processed/onion/A/Onion_White_2_r0_78__100.jpg
4973.5,293.66399371623993,1.2820512820512822,0.7247205643434781,0.9476943597560976,31.79156862745098,53.53986866583707,89.1064705882353,47.9976780207791,65.68352941176471,38.01566038624174,6567.371410848125,407.2456617456618,0.4785151971565369,0.334081734941054,A,grading/data_processed/onion/A/Onion_2_r1_233__100.jpg
4681.0,346.87719678878784,0.77,0.4888740706714796,0.8497004901070975,46.738563444421445,56.128937536584345,76.77375284620162,50.93531664223765,62.193541709790935,36.361310558152546,8968.681108854782,505.5031578947369,0.4921517525091605,0.35480987164092603,A,grading/data_processed/onion/A/Onion_2_r0_57__100.jpg
6067.0,358.6761864423752,0.94,0.5926233673307523,0.8960933461339635,74.0596463022508,83.36280377513224,113.47861736334406,44.281204878411,79.78922829581994,45.760593766342424,5338.132041545948,415.282258064516,0.44661778105712935,0.32470727320651555,A,grading/data_processed/onion/A/Onion_Red_1_100__100.jpg
6179.0,309.07820785045624,0.967032967032967,0.8128142117388728,0.9681917894077092,60.08157769681609,79.08390116007756,117.39711706003484,47.441960885967035,81.248693172818,46.659793336742005,6427.263397925127,504.48124289503596,0.3247834929937625,0.19767693655263605,A,grading/data_processed/onion/A/Onion_Red_1_r_169__100.jpg
4816.0,300.3919163942337,1.0481927710843373,0.6706869548274776,0.941636523609346,83.7698220064725,84.4253970398737,108.86812297734627,46.46858827024486,64.45813106796116,37.44745329550979,11070.300075709338,403.9718408517792,0.46040976088223845,0.29831826930881084,A,grading/data_processed/onion/A/Onion_Red_1_r2_197__100.jpg
6577.0,371.50461399555206,0.9,0.5988379044799927,0.9504335260115607,22.41641923990499,41.53826424730977,87.50074228028504,51.3148263260646,86.71912114014252,49.94607331995887,2220.8064404444444,596.5984269662921,0.3579926796769439,0.23422656085049912,A,grading/data_processed/onion/A/Onion_2_r2_132__100.jpg
6033.5,334.2914113998413,0.94,0.6784670227089333,0.9160403856372884,145.3470940586045,48.0918961237356,89.96972640440343,40.95067720104843,79.39922292374939,45.72627896550735,4225.542135626981,342.2095698924731,0.501343941386799,0.3296292900218794,A,grading/data_processed/onion/A/Onion_Red_3_137__100.jpg
6482.5,316.97770369052887,1.1363636363636365,0.8107649390915359,0.9612960628753615,24.98700710077051,44.50378895210981,107.000755401118,52.66796022993625,85.26318174950899,48.42734419123756,1916.6848603305784,472.8281680440771,0.37538805176402745,0.23737784470339643,A,grading/data_processed/onion/A/Onion_2_r1_26__100.jpg
7327.5,323.4629842042923,0.98,0.8800685740307802,0.9852763210972166,91.83123493169033,85.45388135873833,108.65952317171175,38.94437588483783,96.29105277256897,55.57842895987287,2599.3801206892963,351.1670103092782,0.3802252967786597,0.22404660373723545,A,grading/data_processed/onion/A/Onion_Red_1_r2_154__100.jpg
4095.5,325.462983250618,0.66,0.48586273707594646,0.8578759949727691,42.64415584415585,59.172400836416436,74.16481700118064,48.50266842969789,54.403778040141674,31.81591657818286,10615.741057759413,487.2093846153847,0.4695440324064811,0.3370581394197631,A,grading/data_processed/onion/A/Onion_2_r0_150__100.jpg
5166.5,376.7766922712326,1.0454545454545454,0.45733900177247916,0.844130381504779,35.012757973733585,11.832168544634015,64.56941838649156,33.043392970249016,69.00844277673546,40.130576319514965,2316.98091180293,412.67794705294705,0.510572184052499,0.32278574864807746,A,grading/data_processed/onion/A/Onion_White_2_r1_78__100.jpg
4684.5,288.1492772102356,0.7,0.7089866183269588,0.9517472572125152,12.250260037445392,20.103538615341524,151.7181194091949,58.225741359781026,61.72269606823382,35.4578756157006,11455.47577012245,395.8017391304349,0.4168900884960515,0.2941168218479349,A,grading/data_processed/onion/A/Onion_Red_2_r0_125__100.jpg
6155.0,335.0782071352005,1.2195121951219512,0.688883139064149,0.9370480322752531,36.83671850206284,59.39659692016324,87.01237702316725,53.011033136304455,81.11662964138368,46.42631723451982,3687.322672085069,451.0629465385563,0.38886360299151035,0.21745709355387333,A,grading/data_processed/onion/A/Onion_2_r1_326__100.jpg
4986.5,285.32084929943085,1.3333333333333333,0.769730456962457,0.953897656623625,47.90642129992169,70.60133986932021,152.08750978856696,59.120412350098725,66.01429130775254,37.090177618742324,9694.31553784889,353.02787878787876,0.48255967546667367,0.30566771461838177,A,grading/data_processed/onion/A/Onion_Red_2_r2_150__100.jpg
4578.5,275.3208485841751,0.71,0.7590229082594522,0.959350445259298,12.320766773162939,18.414508594627378,154.0321618743344,56.10030599761427,60.38892438764643,34.37164490066563,12750.553967446935,381.69557142857144,0.4547436582470572,0.3166795844124997,A,grading/data_processed/onion/A/Onion_Red_2_r0_173__100.jpg
5434.5,306.49242103099823,1.2658227848101267,0.7269925789792466,0.940387610313203,19.203880007185198,44.714152291632196,169.3224357822885,52.858525821946714,72.19867073827915,39.76224081829328,6906.495541403621,346.5657844265439,0.4137965318704983,0.2831070463454871,A,grading/data_processed/onion/A/Onion_Red_2_r1_282__100.jpg
4602.0,308.7350620031357,0.74,0.6067147747853368,0.9030612244897959,41.12249208025343,52.19988986097679,84.05554382259767,53.782703303678154,61.14382259767687,36.36166174618869,9382.575233290723,564.27,0.47627383420048147,0.34199457998314753,A,grading/data_processed/onion/A/Onion_2_r0_337__100.jpg
6063.5,339.11983704566956,0.94,0.6625625066048961,0.9120102278709483,146.70333387018843,47.41529229889345,91.79288130133676,40.230439548722174,79.77677564825254,45.84189395730284,4352.264424581258,333.6318279569893,0.49925952423857656,0.32577911628114753,A,grading/data_processed/onion/A/Onion_Red_3_132__100.jpg
3586.5,294.8355669975281,1.694915254237288,0.5184668025425787,0.8829394387001477,34.46311254711901,55.0538519501105,87.56462035541196,55.275344923015076,47.78163704900377,27.97203151406588,12346.007931370295,276.7664783427495,0.518231939895774,0.3574817062039886,A,grading/data_processed/onion/A/Onion_2_r1_281__100.jpg
5029.0,286.877197265625,1.0689655172413792,0.7678907588310071,0.9473485918809457,146.01087589823265,50.00357219896206,97.10487473295785,44.14600277060549,65.9314429986405,37.88681203525941,6952.666555858147,342.94127936031987,0.5433842625413094,0.34947897313493465,A,grading/data_processed/onion/A/Onion_Red_3_r_59__100.jpg
6089.5,323.4629828929901,0.95,0.7313787273984432,0.9312586022327572,144.24213230571613,51.63537629238266,96.17292870905588,40.930492242483616,80.05411046885035,45.87841847137015,4948.906310515236,394.6656382978724,0.4790162128724789,0.3290433700659183,A,grading/data_processed/onion/A/Onion_Red_3_37__100.jpg
6559.0,312.3919166326523,1.1235955056179776,0.8445938594381319,0.978371121718377,17.044374719856567,16.879441834889974,143.99701180337667,51.9334354558635,86.55759748991484,50.33677564707627,5657.730290758742,533.6186584950631,0.3824014781436636,0.23598157222291521,A,grading/data_processed/onion/A/Onion_White_1_166__100.jpg
3861.0,319.07820761203766,0.58,0.47655757601495247,0.8292525773195877,43.85725,62.39222205080909,84.383,55.78126308179117,51.7075,30.20623186943381,11091.870499286564,500.30543859649123,0.4173040530214593,0.28495986336741985,A,grading/data_processed/onion/A/Onion_2_r0_269__100.jpg
4359.5,288.63455522060394,1.1538461538461537,0.6575819733363728,0.9064351803721801,55.49185449676411,78.82931647875154,111.07319794688685,46.99334493300392,58.11492970319125,33.75096785441503,14226.21664840383,305.3216652261596,0.49115945005218603,0.3467462819806953,A,grading/data_processed/onion/A/Onion_Red_1_r_134__100.jpg
5784.5,361.4041087627411,0.9494949494949495,0.5565312018729073,0.8891023670458039,34.37763180057268,10.038525666561501,50.99242041435068,30.910692122169696,76.5797540845545,44.363995963554714,3387.996003966946,536.9301618333876,0.5822491558683822,0.34460669916557995,A,grading/data_processed/onion/A/Onion_White_2_r1_152__100.jpg
5636.0,301.5634889602661,1.2073170731707317,0.7787953143706199,0.9607909989771565,25.256895056374674,50.11640316464841,172.09956634865569,55.253434626033155,74.17380745880313,41.75252295907107,5624.455846660865,368.44126431060226,0.40942528075482404,0.27376589437592347,A,grading/data_processed/onion/A/Onion_Red_2_r2_286__100.jpg
5511.5,323.9482653141022,1.1494252873563218,0.6599763276510802,0.9248259082137763,138.49991148875907,52.99623104057733,84.35864754823862,45.43225525635659,72.4871658700655,41.80185606815448,7014.378925551592,463.85835365145715,0.48102354602816255,0.3364731274363418,A,grading/data_processed/onion/A/Onion_Red_3_r_163__100.jpg
5550.5,300.8355668783188,1.2987012987012987,0.7706968970639387,0.964214366368453,25.391832423869037,53.56552936129003,154.07252244323183,53.26243033233113,72.80355571202253,41.50484893547488,5859.50265501771,351.03056539420174,0.3956461265862947,0.24828106516000648,A,grading/data_processed/onion/A/Onion_Red_2_r1_222__100.jpg
4170.0,285.56348979473114,0.66,0.6425997578565911,0.9181988329846967,14.780470752738289,26.883650167732736,148.1200186436728,55.864822512978336,55.16289909112095,31.644086362375226,17574.79305672635,351.10538461538465,0.4469759897496122,0.3292168401079308,A,grading/data_processed/onion/A/Onion_Red_2_r0_82__100.jpg
4953.0,333.70562291145325,1.25,0.5589219208427739,0.8915489154891549,32.0298273155416,46.08160605332343,84.8320251177394,50.61985135456175,65.59595761381476,37.792883147838175,6207.696749437499,403.63207070707074,0.4993523030826833,0.3490752437343343,A,grading/data_processed/onion/A/Onion_2_r2_97__100.jpg
6738.0,312.87719905376434,1.098901098901099,0.8649540580044952,0.9797876981241821,20.45772085577063,15.329873333874263,121.56309125309271,50.07458619688016,89.04802794353078,52.62788051422359,5599.011523535804,448.43378843378844,0.426762286554929,0.2333344445991025,A,grading/data_processed/onion/A/Onion_White_1_21__100.jpg
4489.0,275.5634880065918,1.4492753623188406,0.7428756492642743,0.9530785562632696,14.233441910966341,29.056962477040102,151.45320304017372,64.0505757771504,58.99674267100977,33.79073670885006,12574.734238605335,293.44590835895184,0.4445580236286331,0.31885960062146185,A,grading/data_processed/onion/A/Onion_Red_2_r2_34__100.jpg
6131.5,358.09039974212646,1.0,0.6008848312353677,0.8872729903769626,15.499681731381285,13.836426197001552,144.30808402291535,48.008396168737214,81.34993634627625,47.25921834906671,3270.1142060105517,371.7062929553265,0.4349197346147388,0.3186048552444062,A,grading/data_processed/onion/A/Onion_White_1_r2_94__100.jpg
6217.5,334.7766922712326,0.96,0.6971323395654783,0.9285394265232975,77.45314465408805,83.79626764506305,117.29528301886792,42.38777906694404,81.86132075471698,47.12376599472992,4807.147020659723,378.18221052631577,0.4535961291592078,0.32263500470405854,A,grading/data_processed/onion/A/Onion_Red_1_121__100.jpg
6627.5,318.6345556974411,0.9489795918367347,0.8203021588467062,0.9713469148468415,93.53888231815493,85.09653853929831,118.683914843288,45.50061607243225,87.28666469544648,50.35461644744023,5296.615371762614,543.4069432120675,0.37707892029852164,0.240165363974205,A,grading/data_processed/onion/A/Onion_Red_1_r2_71__100.jpg
6322.0,309.7056260108948,1.1235955056179776,0.8282590047118723,0.9706740365423,95.12505811250581,85.69697484878928,118.77483341081667,44.05321618959776,83.01193243452657,47.64350232061018,4415.509339729832,370.786403359437,0.4063974265247813,0.2619921669483635,A,grading/data_processed/onion/A/Onion_Red_1_r2_135__100.jpg
6166.0,352.0487712621689,0.94,0.6251838040321053,0.9063648390415993,68.44722266181358,83.0141435036361,111.01329324260168,43.3037697145817,81.32093685709764,47.04135002453358,5798.513454911726,381.1550537634408,0.4650033559993569,0.31456378648214495,A,grading/data_processed/onion/A/Onion_Red_1_142__100.jpg
4696.0,282.73506236076355,0.71,0.7382077728115747,0.9594442741853101,11.840116279069768,20.568058615300213,154.41611295681062,56.258960359851315,61.9671926910299,35.29938641330128,11750.77605237056,383.27600000000007,0.4400857640368515,0.29940630028952503,A,grading/data_processed/onion/A/Onion_Red_2_r0_138__100.jpg
6830.5,315.6639940738678,0.9,0.8614146729548549,0.9841509977667315,17.274253731343283,16.379201992476844,145.15901262916188,54.554418073029204,89.78932261768082,51.93404797909766,3570.8451880987654,511.8765168539326,0.36391967075204357,0.2093243952255949,A,grading/data_processed/onion/A/Onion_White_1_r2_35__100.jpg
7091.0,338.1909055709839,0.97,0.7791005306287709,0.9643682850537195,14.640912232204562,7.339370313384934,147.67961299239806,49.2907195131066,93.2247408431237,54.06076666349203,4134.008923063025,470.33572916666674,0.39243454710039044,0.23964829282403044,A,grading/data_processed/onion/A/Onion_White_1_r_123__100.jpg
7198.0,323.2203423976898,0.96,0.8658134624948133,0.9834676868424648,23.13779473899414,47.54661233738975,177.52923538230885,46.320057952338146,94.88046885648085,53.75882438783515,2004.6641924370658,394.7656842105264,0.37076152932059764,0.21957718120095068,A,grading/data_processed/onion/A/Onion_Red_2_r2_272__100.jpg
6413.5,319.1198374032974,1.1363636363636365,0.7914023928630053,0.969172648281073,17.451061230722246,15.544563854723306,132.97465261872043,58.344015066767994,84.50236677355322,49.22706776914026,5917.204472817665,448.36363636363643,0.4154594138857801,0.2426854911630427,A,grading/data_processed/onion/A/Onion_White_1_0__100.jpg
6534.0,324.73506140708923,1.1111111111111112,0.7786291003473791,0.9503308850265435,26.35116104868914,46.25598676264533,106.37468164794008,52.03543293112251,86.0758052434457,48.930368077828035,1808.8964301111112,451.46397306397307,0.39198782973351093,0.24669012182075692,A,grading/data_processed/onion/A/Onion_2_r1_28__100.jpg
6170.0,367.01933312416077,0.93,0.5755951746955555,0.8967371557299615,46.45749051833123,73.72404144169245,117.62247155499368,43.21732172465082,81.27386219974716,46.48211460340176,5213.009887050526,467.7063043478262,0.4310862595025244,0.3051215030381456,A,grading/data_processed/onion/A/Onion_Red_1_78__100.jpg
4253.5,274.0071390867233,1.5151515151515151,0.7119222145013733,0.9403117055377473,17.198123999084878,36.088107516808954,148.84351407000688,65.91361165374646,56.41317776252574,33.23487334777532,13326.163830096419,302.2021732476278,0.4450493044997759,0.3256615261078401,A,grading/data_processed/onion/A/Onion_Red_2_r2_17__100.jpg
4295.5,274.8355678319931,1.492537313432836,0.7146241932560566,0.9409638554216867,33.46702923181509,60.2565676380573,149.4901427600272,54.20410859795348,56.90392023566735,32.89657643332042,14682.183423368235,277.9360771898085,0.5135781595771495,0.32803704374686915,A,grading/data_processed/onion/A/Onion_Red_2_r1_30__100.jpg
5107.0,284.7350628376007,1.3157894736842106,0.791578192662561,0.9616796911778552,27.27601377199694,52.62519359384323,151.0694338179036,56.58091989766516,67.15493496557,37.90018931572655,9376.094040702908,325.4258373205742,0.4605708054732714,0.29913066529485915,A,grading/data_processed/onion/A/Onion_Red_2_r1_45__100.jpg
4670.0,279.0782079696655,0.7,0.75348548988484,0.9621922324096013,12.763624973898517,21.33790050125142,153.3802463979954,56.421390146742134,61.5237001461683,35.23436006897705,11190.418620408165,394.9597101449276,0.43502089006803907,0.2955271119407482,A,grading/data_processed/onion/A/Onion_Red_2_r0_161__100.jpg
3671.5,298.9777020215988,1.3888888888888888,0.5161498405453165,0.8305621536025336,140.32324295867335,55.83907106824297,96.51961042379574,51.645715084170085,48.91760989734141,29.34928759370369,16433.72160486111,297.6268237934904,0.6214378761520045,0.46011175430205076,A,grading/data_processed/onion/A/Onion_Red_3_r_135__100.jpg
4282.0,288.73506247997284,0.67,0.6454423769544144,0.9141759180187874,50.548694665153235,74.01765106079219,152.11010215664018,55.58395721575167,57.14233825198638,32.26775661037661,16074.917812853642,383.3448484848484,0.4802127707782589,0.32091365135398076,A,grading/data_processed/onion/A/Onion_Red_2_r0_268__100.jpg
6497.5,314.2914117574692,0.9,0.8265918609210589,0.9755273628105998,21.640928969989442,17.129691727922044,123.48333584678028,48.85522225370057,86.18187302066053,51.56111942652077,5617.545289432099,563.955393258427,0.4488819902853114,0.2479104698484358,A,grading/data_processed/onion/A/Onion_White_1_r2_148__100.jpg
3858.5,311.66399371623993,0.57,0.49917761949336825,0.8481151774920321,43.13720580871307,61.90190199832875,86.44141211817727,56.10303934855155,51.565848773159736,30.074790689141327,12158.481541982146,468.91053571428574,0.406389991065302,0.27614404307446183,A,grading/data_processed/onion/A/Onion_2_r0_277__100.jpg
6701.0,315.70562410354614,1.098901098901099,0.8448601863248796,0.9761107064821558,20.042136064374542,10.78886868999103,122.06656912948061,49.45825415765047,88.50665691294806,52.253392587326005,6203.084063217003,535.905205905206,0.43036879088781665,0.23666005911520255,A,grading/data_processed/onion/A/Onion_White_1_25__100.jpg
5780.0,341.36247730255127,0.97,0.6233129347221217,0.8731777324571343,36.710597367532905,15.054522770124636,49.386938913263585,28.683069678380033,76.61508606142424,44.73360796942149,3108.9299893612497,461.31749999999994,0.5856186528384602,0.37362253522522576,A,grading/data_processed/onion/A/Onion_White_2_r1_42__100.jpg
6583.0,353.3624783754349,1.0,0.6625106355622825,0.9225702473547754,84.6656273199703,85.55794347440983,113.95812917594655,43.787294113983066,86.76792873051225,50.062028744253254,4735.91878975,433.688787878788,0.44202468365238673,0.31464705643863483,A,grading/data_processed/onion/A/Onion_Red_1_38__100.jpg
3903.5,355.8061294555664,0.68,0.38746920971833315,0.7823429201322778,38.6789849716679,54.09070224476573,76.0909090909091,53.581433867715646,52.41685144124168,31.713784867447234,13952.356598529412,481.1147761194031,0.5134107020520344,0.383491858833973,A,grading/data_processed/onion/A/Onion_2_r0_96__100.jpg
5826.5,390.43354642391205,1.075268817204301,0.4803119187537031,0.8586059534335396,35.64009339559706,11.648591333060377,48.95396931287525,30.085001037837706,77.31337558372248,44.82042996046474,2869.304461775928,402.7209731725861,0.5709028596627198,0.3433516886725724,A,grading/data_processed/onion/A/Onion_White_2_r0_93__100.jpg
6499.0,369.8477602005005,0.9,0.5970496046156318,0.957918785466873,20.462451186542506,37.59726169859843,86.98573145088615,49.33092690318137,85.68098528086513,49.287245451982876,2658.458808098765,549.2314606741575,0.3668154652315255,0.24120357166607564,A,grading/data_processed/onion/A/Onion_2_r2_128__100.jpg
3742.0,264.5929260253906,0.63,0.6716719148363905,0.9265816516033181,47.55953307392996,70.60723479198151,155.86796368352788,57.975019875597184,49.63424124513619,28.508029133435382,18709.43846399597,336.58193548387095,0.511214298505193,0.3653230969162484,A,grading/data_processed/onion/A/Onion_Red_2_r0_12__100.jpg
5212.0,327.705624461174,1.0804597701149425,0.6098829333383453,0.9123052686854543,34.53643497757847,10.215090532397848,69.61229446935725,35.96417653497098,69.36285500747384,40.33628570672141,2089.6634773573387,379.468174514893,0.5135009517108995,0.33042916629756736,A,grading/data_processed/onion/A/Onion_White_2_r1_89__100.jpg
6699.5,320.6345567703247,0.9494949494949495,0.818901376621321,0.971153149235341,94.50153576129881,84.92579182779038,119.11935059236507,45.09874205582433,88.28184876407781,50.99071127907417,5413.783148946517,556.4925600086889,0.39054002326179316,0.2484236140218117,A,grading/data_processed/onion/A/Onion_Red_1_r2_72__100.jpg
6352.0,318.3919154405594,1.1494252873563218,0.7874015948658091,0.9579248982053988,22.07397133610726,42.351919454558036,103.7312374788103,53.10695030283137,83.71890892279242,47.43902379433927,2116.486761514071,460.65795889933815,0.3770692965430314,0.24227663530575722,A,grading/data_processed/onion/A/Onion_2_r1_16__100.jpg
5721.0,344.1909066438675,0.9489795918367347,0.6068523348238981,0.8873894834806887,35.103271983640084,11.203510450635765,49.733469665985005,27.087833184642015,75.5260736196319,43.769538456752734,3148.5605183319335,452.45263975155285,0.5810974806670617,0.33970950775961284,A,grading/data_processed/onion/A/Onion_White_2_r1_146__100.jpg
