area,perimeter,aspect_ratio,circularity,solidity,hue_mean,hue_std,sat_mean,sat_std,val_mean,val_std,laplacian_var,glcm_contrast,glcm_homogeneity,glcm_energy,grade,path
6270.5,310.1492750644684,1.1627906976744187,0.8191633160942537,0.9770938839111803,19.8711742660837,10.045825037412863,116.08838226108682,40.705110151533944,82.41458463460337,47.61643784120212,4534.943425851811,447.78341555085746,0.4164420045638479,0.24321752043326184,A,grading/data_processed/potato/A/Potato_White_1_r_152__100.jpg
6140.5,308.1492749452591,1.1764705882352942,0.8126270961868672,0.9757667249324646,20.29459588713534,10.406542372527761,116.7495616132632,40.95708477331361,80.71991072851905,46.75790916719385,5187.298484484429,431.17219251336894,0.4219579726637086,0.24939526094000272,A,grading/data_processed/potato/A/Potato_White_1_r_153__100.jpg
4286.5,262.89444231987,1.8181818181818181,0.7793811215582351,0.984610083840588,48.9707017942312,75.4820698034044,136.32568703156937,54.30162178728794,56.61844197138315,33.50928082706506,8848.717766975207,253.774839302112,0.47678657190478624,0.19212439765551362,A,grading/data_processed/potato/A/Potato_Red_2_r_28__100.jpg
5035.0,293.76449954509735,1.5151515151515151,0.7331801791965434,0.9586824067022087,20.11582413325586,9.515828146434508,126.11349990315708,44.40262560671658,66.59752082122797,39.159065774842304,9760.712497704315,518.7404346495256,0.35443449448667547,0.20505992654007105,A,grading/data_processed/potato/A/Potato_White_1_r_14__100.jpg
6491.0,305.0782079696655,1.1764705882352942,0.8763934030493061,0.9879756468797565,55.708289294881475,77.01434596463248,129.05495998792088,52.15576444501995,85.24399818813227,49.28559181404039,2475.3978283598617,295.44991087344033,0.48565566211336375,0.20996552900015922,A,grading/data_processed/potato/A/Potato_Red_2_r_173__100.jpg
4772.5,296.35028648376465,1.5873015873015872,0.6828811083125834,0.9479590823319098,21.355569155446755,11.607261853513855,130.0701754385965,45.172433263867894,63.48796409628723,38.100702930882484,11013.952261501638,495.5212441879109,0.40538920237094234,0.2091459624623465,A,grading/data_processed/potato/A/Potato_White_1_r_86__100.jpg
4482.0,274.79393684864044,1.6666666666666667,0.74587735846021,0.973712796002607,16.132087768846404,18.57264737833937,102.1568542255051,42.50987987870077,59.35715837497284,34.78383896754115,13728.512106555556,389.27508417508415,0.3620553296324381,0.21961832770788162,A,grading/data_processed/potato/A/Potato_Red_1_r_34__100.jpg
4579.5,276.55129647254944,1.6666666666666667,0.7524480651961043,0.9721897887697697,14.956826882177797,14.128355485452879,102.23394300297745,43.38190299152944,60.78477243726074,36.2725814900345,11990.738138222223,416.2762626262627,0.3510330013149932,0.20471726583109923,A,grading/data_processed/potato/A/Potato_Red_1_r_35__100.jpg
4972.5,295.03657698631287,0.68,0.717848726700468,0.9593864557206251,22.101312953164804,13.710799115496549,129.73682147756222,46.45600716646606,66.05134234763864,39.179710133266546,10439.873892733563,636.6197014925374,0.3829559867863472,0.22742424362728098,A,grading/data_processed/potato/A/Potato_White_1_66__100.jpg
4944.0,294.10764503479004,0.68,0.7182501058911994,0.9602796931144993,21.77232406859846,10.234757113075863,130.4486497141731,46.01929007266132,65.71062487679873,39.22303558201369,11018.100449826989,593.4437313432837,0.393378749355618,0.23264688086020166,A,grading/data_processed/potato/A/Potato_White_1_67__100.jpg
4829.0,273.6223638057709,1.5625,0.8105202852217137,0.9839038304808476,36.5492018589614,66.98332075611498,142.70094968680542,47.154949813190534,63.437057991513434,36.532958139508516,9134.813991308594,255.1587752525253,0.4519623606929196,0.21575896917324763,A,grading/data_processed/potato/A/Potato_Red_2_r2_114__100.jpg
4835.5,273.0365775823593,1.5625,0.8150975514040248,0.9849271819940931,34.57416750756811,65.26321694540302,143.29101917255298,47.75832269405609,63.6795156407669,37.13887829073119,9360.034194433594,325.91287878787875,0.4531992100708906,0.21593150067003977,A,grading/data_processed/potato/A/Potato_Red_2_r2_115__100.jpg
4544.0,274.45079135894775,0.64,0.7580872840671179,0.9616931216931217,14.346269296740996,14.244162951596344,103.6286449399657,43.13960944781042,60.6528730703259,36.75330640982127,12079.296360937502,548.098888888889,0.3942354927906354,0.25096121587211045,A,grading/data_processed/potato/A/Potato_Red_1_195__100.jpg
4528.5,276.69343161582947,0.64,0.7433041146140063,0.9606491302503182,15.142611314261131,17.514867535672035,103.82211228221122,42.36129387201186,60.28479242847924,36.37127486585743,13565.863366308595,559.4801587301588,0.3948465315528596,0.25239318129502375,A,grading/data_processed/potato/A/Potato_Red_1_194__100.jpg
5280.0,292.59292590618134,1.408450704225352,0.7750257692187644,0.9780494581828285,21.106528574070648,15.248988539505223,134.51729239874237,40.72163491839877,69.78398372480119,41.00043009285707,8009.2972294981155,600.4788732394367,0.3836606205102541,0.22648895887519485,A,grading/data_processed/potato/A/Potato_White_1_r2_190__100.jpg
5100.5,284.5512959957123,0.67,0.7915921522578353,0.9775754671777671,20.38779414578152,11.480537604562954,129.41400420891526,45.99730092249501,67.39219437535871,39.6660442240351,8889.905200178215,497.1877272727273,0.3443259696238531,0.1988138610145097,A,grading/data_processed/potato/A/Potato_White_1_140__100.jpg
5070.5,283.03657722473145,0.66,0.7953815702858242,0.9817037754114231,20.42540904716073,11.49327833026145,128.6846968238691,45.166392263129445,67.03214629451395,39.442246204704794,8755.065523393021,457.0478461538462,0.34687019043086137,0.19436542171837906,A,grading/data_processed/potato/A/Potato_White_1_141__100.jpg
4660.0,277.96550965309143,1.6129032258064515,0.7579035790075268,0.9761206535400084,14.383232280995191,22.646648653128736,103.4012126280577,43.60914216732646,61.64645619903826,35.923249536936794,9530.374461082205,406.80303030303037,0.36978405710750445,0.21608020615196208,A,grading/data_processed/potato/A/Potato_Red_1_r_115__100.jpg
4559.5,268.8944420814514,0.59,0.7924346053074921,0.9821217016693592,47.23103227185296,75.05949660351283,139.43876896772815,51.56197176728528,60.129942295362255,35.04387075894583,9243.056434214306,338.40637931034485,0.425510703937228,0.19019249901749757,A,grading/data_processed/potato/A/Potato_Red_2_136__100.jpg
5277.0,295.90663373470306,1.2727272727272727,0.7573341756359895,0.9571920914202794,15.596039970392303,23.245794869972055,99.180236861584,40.62047549090813,69.58641746854182,40.206334597817694,7640.326288401366,379.0092381844959,0.4669367604334439,0.2724464556862504,A,grading/data_processed/potato/A/Potato_Red_1_r2_80__100.jpg
5582.5,296.0071403980255,1.2564102564102564,0.8006343537692647,0.9707007476960529,13.918578182454912,15.96031860795351,91.52442654526352,39.15497796588801,73.47662405883383,42.44227414317447,5926.692518180842,438.7820512820514,0.4510570741449648,0.2402954111760349,A,grading/data_processed/potato/A/Potato_Red_1_r2_123__100.jpg
4661.0,278.4507919549942,1.5714285714285714,0.7554262156089407,0.9761256544502618,12.802843403721514,17.380980719313577,102.73656700815388,43.52743126481438,61.81517875810161,36.40800290775597,10852.539732513756,466.55247813411074,0.37094544214682384,0.2220268756945361,A,grading/data_processed/potato/A/Potato_Red_1_r_114__100.jpg
5733.0,299.4213533401489,1.225,0.8035747240849245,0.9692307692307692,15.243220194439706,21.052492275464235,89.45062254818352,37.9174967616973,75.40422991642504,43.572324898172766,5241.243545902097,429.65219072164956,0.4460996445047767,0.23866990039498936,A,grading/data_processed/potato/A/Potato_Red_1_r2_122__100.jpg
4850.0,308.1076453924179,1.5873015873015872,0.6420171842020269,0.9458800585080449,19.620938628158846,7.601295807671188,124.11552346570397,44.400172777323654,64.62154031287605,38.69720786081993,12952.64979115646,572.4471701138368,0.36053799803074704,0.19520808619655694,A,grading/data_processed/potato/A/Potato_White_1_r_188__100.jpg
5334.0,299.56348836421967,1.2531645569620253,0.7469389673747592,0.9548872180451128,15.381911387770048,20.98359166488795,98.41999267667521,40.91513248244887,70.2839619187111,40.829558327552455,7052.493733451428,417.4382588478429,0.4813925975403213,0.2879915058644758,A,grading/data_processed/potato/A/Potato_Red_1_r2_81__100.jpg
5242.0,283.1370837688446,1.492537313432836,0.821700159646507,0.9862652869238006,46.00558867362146,74.15305926443538,140.1214605067064,49.68102203832973,68.89176602086438,39.85067160766076,7115.38435188238,250.43585104779135,0.4322323686614259,0.1917022832932562,A,grading/data_processed/potato/A/Potato_Red_2_r2_186__100.jpg
5253.0,283.13708305358887,1.492537313432836,0.8234244487659437,0.9867568329106791,54.349321435211,78.36735065115204,139.71649005391336,49.32705849740078,69.10169176426845,40.065918390013216,7026.996756872355,268.49736167646614,0.4360682194752772,0.19050379749306726,A,grading/data_processed/potato/A/Potato_Red_2_r2_187__100.jpg
4817.5,298.2081503868103,1.6129032258064515,0.6807577108147684,0.9511352418558736,20.371919191919194,13.113200202430527,127.30383838383838,45.09692149915741,64.10808080808081,38.38696426665716,11630.675479474505,550.9543825350278,0.35734944293012194,0.19106281819986118,A,grading/data_processed/potato/A/Potato_White_1_r_3__100.jpg
5295.5,290.35028541088104,1.3888888888888888,0.7893549229103659,0.9786545924967659,20.13740317226116,8.962426534336325,135.44061232017705,45.14865069689776,69.9889339727038,41.502532745345846,9223.336041493056,511.06327160493834,0.38687025866659047,0.2358873133877519,A,grading/data_processed/potato/A/Potato_White_1_r2_103__100.jpg
3884.0,273.1370828151703,0.55,0.6542259279221019,0.9617432214931286,13.379775280898876,12.859961787577921,102.94531835205993,42.65752191536487,52.04943820224719,32.04499883555976,18171.24634723967,436.1068518518518,0.3784118198475354,0.24611246968941963,A,grading/data_processed/potato/A/Potato_Red_1_107__100.jpg
4787.0,296.45079123973846,1.6129032258064515,0.6844915069250268,0.9475455265241488,20.09007726718178,14.125325706175417,127.04778365189101,45.998691060380835,63.60451403009353,37.63939195465105,10727.526154812695,492.11290322580646,0.3614642319218557,0.19546784731195557,A,grading/data_processed/potato/A/Potato_White_1_r_2__100.jpg
3868.5,254.40916097164154,0.5625,0.7510813424543887,0.9767706097714935,14.515318935208438,20.49142956142524,101.64038171772978,42.29633751766562,52.088900050226016,32.726698549292394,16778.006702983006,508.7547169811321,0.34972921281656,0.20674335048489553,A,grading/data_processed/potato/A/Potato_Red_1_106__100.jpg
5268.5,288.49242210388184,1.3888888888888888,0.7954777351274331,0.9799125825351065,20.011498516320476,8.831144382669988,134.9083827893175,44.383584640215616,69.54358308605342,41.018532211521176,9210.210712017748,474.36111111111126,0.3881648770357992,0.2403605039207245,A,grading/data_processed/potato/A/Potato_White_1_r2_102__100.jpg
5636.5,289.5218595266342,1.32,0.8449998977768476,0.9840258379888268,16.209439528023598,19.800629600732172,93.1870553531147,40.11197314316113,74.19989588755857,42.51717502109822,6037.331822303847,492.24993197278906,0.35401450045306687,0.21070543210798148,A,grading/data_processed/potato/A/Potato_Red_1_r_98__100.jpg
4668.0,270.79393672943115,0.61,0.7999499940010186,0.9823232323232324,15.288071861290996,15.492053050837152,102.15333194067266,44.52078343407938,62.00835596406935,36.62825880616471,12037.978244853533,621.1031666666668,0.32101904041039525,0.19105340294739004,A,grading/data_processed/potato/A/Potato_Red_1_13__100.jpg
4592.5,267.7228692770004,1.694915254237288,0.8051709312067575,0.9879531031515543,57.191891318191466,79.70305552564983,130.76756527276586,51.182958924067904,60.46041180216515,35.43079443642677,8810.72817581155,198.39650744735485,0.4874016181970735,0.19286611167545087,A,grading/data_processed/potato/A/Potato_Red_2_r_2__100.jpg
4652.0,272.30865573883057,0.61,0.7883638061306437,0.9795746472941672,15.052796983029541,15.132356177065578,101.1814372512047,44.091416175682156,61.914309658495704,36.68264118617317,12549.449002956193,661.8755,0.32806388815068055,0.19336098940122906,A,grading/data_processed/potato/A/Potato_Red_1_12__100.jpg
5634.5,292.69343173503876,1.337837837837838,0.8264932175345305,0.9830759835994067,15.673433975360055,18.7869476453519,93.89397883047025,40.79396439407193,74.13517265313205,42.63613853240251,5497.491391920548,515.1046607832322,0.3547719016834052,0.20150590273961963,A,grading/data_processed/potato/A/Potato_Red_1_r_99__100.jpg
4543.0,269.48022866249084,1.694915254237288,0.7861379944378725,0.9808917197452229,54.935234827364354,78.37900195760214,131.13789405961828,51.36244605871042,59.87132747158482,35.08389747441215,10671.23515759839,214.33846944016435,0.48326827330977157,0.20144923652729593,A,grading/data_processed/potato/A/Potato_Red_2_r_3__100.jpg
4636.5,278.3502860069275,1.4705882352941178,0.7519981711136688,0.9556838091311965,14.44481816270759,17.927192372325496,101.5438301450494,42.68804400028984,61.382594071894054,36.233527942353085,11184.695468836506,336.83021390374336,0.44754633103643093,0.28829975790705936,A,grading/data_processed/potato/A/Potato_Red_1_r2_65__100.jpg
4465.5,267.7228692770004,0.59,0.7829049087215625,0.9816443174324028,36.287958115183244,66.89825486668309,136.18193717277487,52.76409157370305,58.94764397905759,34.34524512485702,12038.11361893134,381.41896551724136,0.4024080376099271,0.19973540761689162,A,grading/data_processed/potato/A/Potato_Red_2_20__100.jpg
4260.5,264.4091613292694,1.8181818181818181,0.7658036577839941,0.9821346242508068,63.61224023749715,81.77999435979939,131.80155286595112,51.873853502470965,56.21443251883992,33.04920884134412,12069.68768433058,201.09935720844817,0.4730312454156661,0.19746316996995553,A,grading/data_processed/potato/A/Potato_Red_2_r_17__100.jpg
4400.5,264.5512955188751,0.58,0.7901182698735261,0.983461839311655,34.90347575824662,65.68934529532874,135.49258357316802,52.91187782152826,57.99623644011512,33.83551919347773,11579.42245790725,391.95701754385965,0.40877361958587666,0.2018700278802076,A,grading/data_processed/potato/A/Potato_Red_2_21__100.jpg
4259.5,265.23758828639984,1.8181818181818181,0.7608487752546955,0.9807736587612249,60.97898583828232,80.92497761781354,130.0066240292371,52.372957095919524,56.210141617176795,33.18062707638781,12044.338863173554,214.57043158861345,0.48628119092431515,0.19827801231645598,A,grading/data_processed/potato/A/Potato_Red_2_r_16__100.jpg
5199.5,287.865003824234,0.69,0.788485490631447,0.9776252702829745,21.247089748404054,15.090967311089122,133.1990236575291,45.741266174714404,68.68982350732257,40.25422308573618,8567.94369021214,504.06014705882353,0.3443244975379463,0.20496542138111432,A,grading/data_processed/potato/A/Potato_White_1_137__100.jpg
4943.5,286.6934314966202,0.66,0.7558035315284786,0.972173058013766,20.975143026237916,8.848797478316028,131.97277569540344,45.52464866889692,65.53146577234169,38.6520313663485,9590.810311271807,549.4596923076924,0.3853491663359548,0.21190658877643215,A,grading/data_processed/potato/A/Potato_White_1_58__100.jpg
4655.0,272.7939363718033,0.62,0.7860680128036506,0.9783522488440521,39.9765445026178,70.84707721821121,137.23350785340315,51.710447644053076,61.34513089005235,35.94943285178584,9728.81792289282,375.8998360655738,0.44413255937590573,0.2103814952782108,A,grading/data_processed/potato/A/Potato_Red_2_141__100.jpg
4958.5,290.69343185424805,0.66,0.7373772653053696,0.9689301416707377,21.373377900117973,9.056578781355645,131.31203303185214,45.4410937489054,65.65906409752262,38.76732882138211,9623.632068663912,571.6826153846155,0.3773972998581256,0.20854085916392598,A,grading/data_processed/potato/A/Potato_White_1_59__100.jpg
3967.5,273.37972342967987,0.6,0.6671050062896491,0.9400544959128065,16.11325831702544,13.86332998058158,100.43933463796478,44.680910859694976,53.36350293542074,33.10594921526532,19100.06410197222,619.7344067796608,0.4169679737970096,0.2930669727259096,A,grading/data_processed/potato/A/Potato_Red_1_81__100.jpg
3910.0,267.96550965309143,0.6020408163265306,0.6842720860310945,0.9466166323689625,15.8259682224429,12.874643907339603,99.95878848063555,44.94099949569699,52.31429990069513,31.859618283046622,17495.96371762771,455.24560168895147,0.40901432375882074,0.28049394813797723,A,grading/data_processed/potato/A/Potato_Red_1_80__100.jpg
4449.0,269.96551060676575,0.61,0.7671065672486136,0.9728843210146512,14.421409807355516,14.422916872542363,104.69702276707531,44.680654866868586,59.30341506129597,35.76602755956619,14313.044919000267,504.7286666666666,0.360974543584754,0.22904736288471958,A,grading/data_processed/potato/A/Potato_Red_1_170__100.jpg
5991.5,299.6639938354492,1.2345679012345678,0.8384483239811844,0.9829382331227955,20.762783858846593,12.488331833443596,124.5892827969286,38.651031225909875,78.89887273321352,46.08097615830545,6493.874701097395,543.4163860830528,0.3972777617712747,0.23256931340641052,A,grading/data_processed/potato/A/Potato_White_1_r2_174__100.jpg
5951.5,300.14927649497986,1.2345679012345678,0.8301598022797938,0.9812860676009892,20.902138157894736,12.869223104873829,125.00953947368421,39.147367170307426,78.44276315789473,45.9577073914783,6989.262918381344,568.608305274972,0.3985644883493338,0.23740189806646367,A,grading/data_processed/potato/A/Potato_White_1_r2_175__100.jpg
4425.0,272.45079123973846,0.62,0.7491124104874153,0.9703947368421053,15.12037852112676,17.987581011113424,104.33956866197182,43.76196779357692,58.94718309859155,35.312461279873006,12858.057232049949,456.88622950819666,0.38178971615741797,0.24703593576820096,A,grading/data_processed/potato/A/Potato_Red_1_171__100.jpg
5165.0,299.2792180776596,0.72,0.7246479515044079,0.9561273602369493,21.641117613743628,11.245041821280251,130.6326222390032,45.43159313808618,68.33150840098169,40.21722654272324,9769.626470659721,595.2905633802816,0.3969296784148467,0.24495514935068002,A,grading/data_processed/potato/A/Potato_White_1_82__100.jpg
4471.5,266.5512957572937,0.59,0.7908634464473163,0.9826392704098451,32.18936587491828,62.605309737890806,134.1616910002179,54.0529348894478,58.90390063194596,34.08812308040198,8943.708177966102,355.09931034482764,0.4127845391700993,0.20340772535682974,A,grading/data_processed/potato/A/Potato_Red_2_1__100.jpg
5829.5,301.6639941930771,1.25,0.8049969160332038,0.9724747685378263,19.673489932885907,7.528810562865167,127.97164429530201,43.15312638453172,76.75469798657718,44.26069689927452,5728.876940609375,403.6854797979799,0.42730615236295766,0.2439505200894499,A,grading/data_processed/potato/A/Potato_White_1_r_124__100.jpg
4926.5,273.37972354888916,1.5873015873015872,0.8283535754555151,0.9891577150888465,55.8087973053299,78.098123657631,128.2470774717654,52.423518209112956,64.8561521696057,37.82053176043657,6907.723431191736,205.79701779701782,0.48858980321026957,0.1907053511150498,A,grading/data_processed/potato/A/Potato_Red_2_r_197__100.jpg
4446.0,271.9655097723007,0.6,0.7553559601802644,0.9736121756268477,12.708278580814717,16.705413307865438,111.73521681997372,44.66864149847391,59.426412614980286,36.14253907336702,13083.498410416667,541.8145762711865,0.3753076042649073,0.21955676015075076,A,grading/data_processed/potato/A/Potato_Red_1_139__100.jpg
4566.5,269.7228696346283,1.7241379310344827,0.7887834373897826,0.9844777406489167,47.015151515151516,73.94955069983425,133.8307725138711,53.36580211505053,60.20443875373453,35.1256452990815,10286.136559334127,263.04458376872174,0.4161203689421512,0.18270319424134798,A,grading/data_processed/potato/A/Potato_Red_2_r_105__100.jpg
5344.0,285.7644987106323,1.36986301369863,0.8223558098538051,0.9837997054491899,35.88423555230432,66.04623876437226,135.57973664959766,47.59962070002808,70.31163130943672,40.83638419802639,8316.487648714581,375.1692265116923,0.46074491326401396,0.24036657548333545,A,grading/data_processed/potato/A/Potato_Red_2_r2_90__100.jpg
4541.5,282.69343161582947,1.5873015873015872,0.7141307715289433,0.9609606432501058,15.806645230439443,14.58219556301148,102.29774919614148,42.754573729413174,60.234941050375134,35.807250173325045,13400.134201940036,433.3522526855861,0.39700781032168303,0.2474222193067353,A,grading/data_processed/potato/A/Potato_Red_1_r_42__100.jpg
5499.5,296.1492749452591,1.2531645569620253,0.7879737010869535,0.9725882040852418,21.406150017774618,18.918628245854226,139.38055456807678,46.32995818430019,72.61891219338784,42.33320282957483,8498.215621945454,557.830534745544,0.4025748390119283,0.2666572385825525,A,grading/data_processed/potato/A/Potato_White_1_r2_22__100.jpg
4231.5,264.55129635334015,0.58,0.759773988837172,0.979967577582214,54.90616375344986,78.82702015452706,128.22033118675253,53.95900118862429,55.909383624655014,32.79020281193832,12007.495521521998,373.66631578947363,0.42995320753767696,0.22787758400124206,A,grading/data_processed/potato/A/Potato_Red_2_108__100.jpg
5540.5,293.32084798812866,1.2375,0.8092318350326957,0.9744965262509894,19.532121426050125,8.296745051554062,139.8759265795976,46.706853250408,72.98746911401341,42.169125031816996,7489.8726866996985,480.7772959183675,0.40420698860325766,0.27121175898873773,A,grading/data_processed/potato/A/Potato_White_1_r2_23__100.jpg
6475.5,311.1198378801346,0.89,0.8406742866997106,0.9799485472154964,19.120932344483123,13.976165006672794,78.52156803390343,35.93112383632797,85.27561677009233,49.44820251159107,3589.2171730210835,628.2106818181817,0.4047059681812553,0.24199209825908508,A,grading/data_processed/potato/A/Potato_Red_1_r_77__100.jpg
4529.0,267.1370824575424,1.694915254237288,0.7975241220821099,0.9853149135211574,33.8616311598881,64.82127193119966,140.5134495373359,52.71896432362103,59.616096406283624,34.61032458206165,8863.156143952889,203.64286937168293,0.46728906796273373,0.20329004536978756,A,grading/data_processed/potato/A/Potato_Red_2_r_130__100.jpg
5086.5,291.17871356010437,1.408450704225352,0.7538929237336421,0.9762019000095961,19.78074045655093,9.872177374807894,136.41223863418378,45.04608782808969,67.05831574908882,38.974073120496534,9612.249317417178,391.62014511310275,0.4078490818861844,0.25594177412796615,A,grading/data_processed/potato/A/Potato_White_1_r2_109__100.jpg
4868.5,294.20815002918243,1.5873015873015872,0.7067985338667022,0.9537662846507983,19.712942588517702,9.463621217494616,128.04800960192037,45.42148299827583,64.64692938587717,38.161672247412774,10765.492552280171,463.4490941157608,0.3600968344645241,0.19540265903264156,A,grading/data_processed/potato/A/Potato_White_1_r_8__100.jpg
5452.5,286.69343173503876,0.72,0.8336236975432035,0.9846501128668171,20.014162782359268,7.591652030736767,136.12782359268556,45.88679591170431,71.93402653280745,41.85597332526751,7714.857132638887,585.9850704225353,0.3419991594139224,0.20923100527583463,A,grading/data_processed/potato/A/Potato_White_1_25__100.jpg
5518.0,293.0782071352005,1.2820512820512822,0.8072805850124098,0.9747394453276806,19.357016300496102,7.6040806978309385,140.36038270729978,45.37702320408621,72.87172218284904,42.74586017989997,8125.740826758711,487.1076146076147,0.4063054252016482,0.26466151553515593,A,grading/data_processed/potato/A/Potato_White_1_r2_16__100.jpg
4751.0,285.76449942588806,1.434782608695652,0.7311026259463461,0.9598949388827154,15.838358974358975,23.074544201945766,89.56225641025641,38.861985525847516,62.731692307692306,36.43055649972543,11052.985544706817,321.6044069801833,0.4663075195016932,0.2753457189764373,A,grading/data_processed/potato/A/Potato_Red_1_r2_129__100.jpg
5444.5,288.35028553009033,0.73,0.8228621660368124,0.9820526695526696,19.90754039497307,7.53130371197766,134.90269299820466,46.05084470402509,71.69802513464991,41.550354643074506,7494.84463011822,547.9298611111112,0.35914491615375504,0.21854216317071024,A,grading/data_processed/potato/A/Potato_White_1_24__100.jpg
4827.5,282.3502857685089,1.4,0.7609492322946209,0.9636690288451941,14.989494949494949,20.12764044407422,90.12626262626263,39.748136569901284,63.823838383838385,37.15295816510882,9616.265376905032,358.1141384388808,0.47137641943702224,0.26721406540702886,A,grading/data_processed/potato/A/Potato_Red_1_r2_128__100.jpg
4829.5,291.6639939546585,1.5151515151515151,0.7134218350248038,0.9501278772378516,20.519475277497477,8.768543799883641,130.62502522704338,44.27879588766759,63.990312815338044,37.75736851125993,12530.42303030303,459.09626568717476,0.43747078150083446,0.23578428034798748,A,grading/data_processed/potato/A/Potato_White_1_r_110__100.jpg
4565.5,294.8355668783188,1.4776119402985075,0.6599916879749796,0.9331630045988758,16.92094608992116,19.379362728569554,82.79437460046879,39.48718411930281,60.23865331344556,34.83175203728608,10840.61873110497,327.1349375571124,0.4330275696814243,0.27760480314148755,A,grading/data_processed/potato/A/Potato_Red_1_r2_19__100.jpg
6379.5,303.32084810733795,1.1764705882352942,0.8713486898274486,0.9886099488609948,47.23010752688172,74.05077896050862,133.61397849462367,52.88095915798069,83.65023041474655,48.02607870457456,3734.8722863806233,278.9612596553773,0.47309922222986245,0.22214733376117585,A,grading/data_processed/potato/A/Potato_Red_2_r2_37__100.jpg
6218.5,300.1492762565613,1.1904761904761905,0.8674029637365621,0.987847498014297,48.18575705057508,74.68175006470433,133.91255711359696,53.6889759613857,81.50638096738616,46.8598984775582,3826.9004102040817,268.9510582010581,0.49525227837598207,0.23299442173934784,A,grading/data_processed/potato/A/Potato_Red_2_r2_36__100.jpg
3500.0,263.13708329200745,1.8867924528301887,0.6352048353079698,0.9328358208955224,17.459347345132745,26.247355661476877,95.92533185840708,43.12151563325821,47.248064159292035,30.239825349722597,21961.868640085442,429.01715265866204,0.4763662491692579,0.3070211736618125,A,grading/data_processed/potato/A/Potato_Red_1_r2_160__100.jpg
5961.5,304.4924205541611,1.1666666666666667,0.8080020061789874,0.9751369919031652,14.040702445429181,22.206570539322946,99.52240275726243,41.349284957421425,78.27523387493845,44.723964059918025,4978.447637322318,396.0790378006873,0.4061479965021222,0.24612645508969216,A,grading/data_processed/potato/A/Potato_Red_1_r_157__100.jpg
4544.0,269.6223635673523,0.62,0.7854822287552176,0.9803667745415319,41.20484770484771,71.04815463332004,137.8908193908194,51.37520527957226,59.98734448734449,34.62331542634425,9690.513067611862,406.5244262295082,0.4112899333848988,0.22574270504123387,A,grading/data_processed/potato/A/Potato_Red_2_87__100.jpg
6291.0,301.4213539361954,1.2195121951219512,0.8701247392682785,0.9857411469758697,62.309405169729054,79.48702341059966,125.20990345686702,52.0856639488949,82.52211149174713,47.61196765906164,3344.6864519779892,283.4118009361912,0.4845748781730568,0.20484198612395174,A,grading/data_processed/potato/A/Potato_Red_2_r_179__100.jpg
4474.0,277.2792180776596,0.62,0.731258963334576,0.9668287412209616,12.83721436343852,15.140461225632675,113.13819368879217,45.63896080802075,59.63373231773667,35.83600833312107,14266.831315270552,480.0691803278689,0.3782587423940697,0.23536236906716948,A,grading/data_processed/potato/A/Potato_Red_1_145__100.jpg
6267.5,302.00713980197906,1.2195121951219512,0.8635148011640541,0.9861537251199748,61.925300828254414,79.12735129950237,126.42256602594155,51.928746217999645,82.21628379434287,47.47308506708442,3057.277929803688,304.0874599655088,0.48518648646209894,0.2061300048711904,A,grading/data_processed/potato/A/Potato_Red_2_r_178__100.jpg
5358.0,283.76450049877167,1.356164383561644,0.8361735898720775,0.9849264705882353,15.534391534391535,16.735913983331326,95.82247765006386,39.44779452787224,70.52052545155993,40.67551731212685,6960.80489138625,447.27005870841487,0.3698982739993432,0.22832636508045354,A,grading/data_processed/potato/A/Potato_Red_1_r_7__100.jpg
3952.5,273.8650040626526,1.6666666666666667,0.6622297147530187,0.9370554765291608,15.577603143418468,19.309402245544096,99.46660117878193,42.37507775305757,52.86100196463654,32.843639385914265,16574.503455555554,456.6097643097644,0.46176582225575397,0.3081600282683778,A,grading/data_processed/potato/A/Potato_Red_1_r2_51__100.jpg
5780.0,299.0782072544098,1.2345679012345678,0.8120226905448903,0.9763513513513513,19.92181418175664,7.85377747573381,116.22372651886953,40.442999243027806,75.97139955999323,43.97862172096984,6362.36349902454,434.53435590472634,0.42968843686536584,0.2571984340021703,A,grading/data_processed/potato/A/Potato_White_1_r_158__100.jpg
4263.0,262.65180146694183,1.8181818181818181,0.7765410684248263,0.9836179049377018,55.87214611872146,78.88650074896894,133.29155251141552,51.72796927535706,56.16712328767123,32.8840833441747,11245.907447636364,201.9779614325069,0.4683636399115464,0.19502225553097235,A,grading/data_processed/potato/A/Potato_Red_2_r_23__100.jpg
4490.0,269.1370828151703,0.6,0.7789491782427562,0.9812062937062938,38.418962898676504,68.14625698925364,136.79149490128012,53.12493947587617,59.228032111087,34.466536571761935,9574.283704416668,374.3049152542374,0.4227301619767655,0.21113651231222497,A,grading/data_processed/potato/A/Potato_Red_2_14__100.jpg
3852.0,265.96550953388214,1.6896551724137931,0.6842983624546525,0.9430774880646345,13.845301083396322,12.519161578060547,98.8692365835223,44.11850761850356,51.45275888133031,31.729374170605873,17666.78166632289,449.06754354781367,0.45123345572553203,0.2874279366845339,A,grading/data_processed/potato/A/Potato_Red_1_r2_50__100.jpg
5798.5,298.0071396827698,1.25,0.8204879125217758,0.9800557762190484,19.98363697705803,9.02907483856539,115.71423751686909,40.16389314810857,76.12095141700405,43.96075471486136,6573.12849975,402.5621212121212,0.40975050529149537,0.2467909215888535,A,grading/data_processed/potato/A/Potato_White_1_r_159__100.jpg
4439.0,267.1370825767517,0.59,0.781675772745168,0.9808860899348139,39.07943822690366,68.59104181128151,136.37809962694755,52.58220422846051,58.852973447443496,35.1034131426834,10274.164897558172,449.87224137931037,0.4247531425338462,0.20677801920685518,A,grading/data_processed/potato/A/Potato_Red_2_15__100.jpg
4293.5,266.55129647254944,0.59,0.7593810106448395,0.9774615822424587,51.54160054409431,77.50821416938298,132.7166175470415,51.249612020436274,56.79732486964407,33.42334000842595,10783.227172048262,409.61862068965513,0.43416449407096475,0.23243735811159472,A,grading/data_processed/potato/A/Potato_Red_2_102__100.jpg
5601.0,305.70562386512756,1.1904761904761905,0.7531276289129912,0.9644425312096427,20.050959860383944,10.378366542855625,137.7696335078534,48.65554736148218,73.71343804537521,42.40170125927397,7466.166799192177,450.8603896103897,0.42190077678435967,0.3046699534483476,A,grading/data_processed/potato/A/Potato_White_1_r2_28__100.jpg
4398.0,271.1370824575424,1.6779661016949152,0.7517739139777182,0.9730088495575221,14.155821159805223,24.260302192763014,106.64984506418769,44.20442785497545,58.33244798583444,34.2525599419595,9982.094598159802,396.16966447595985,0.36271261461444837,0.21566657936495903,A,grading/data_processed/potato/A/Potato_Red_1_r_121__100.jpg
5617.5,305.46298336982727,1.1904761904761905,0.7565467448022161,0.9610778443113772,19.86305898729772,10.600380071906443,137.52670958761092,49.13804917949958,74.02940664694623,42.713454448573195,7960.649228443877,476.77128427128434,0.4292393641739072,0.3027625805301386,A,grading/data_processed/potato/A/Potato_White_1_r2_29__100.jpg
4284.0,265.9655101299286,0.59,0.7610421006272595,0.9767441860465116,44.875255623721884,73.53423326444626,132.73801408770734,51.599547251728055,56.47557373324244,32.965584307479546,10252.92296133295,370.961724137931,0.4295618059598773,0.23395106427546822,A,grading/data_processed/potato/A/Potato_Red_2_103__100.jpg
6390.0,318.53405129909515,1.0869565217391304,0.7914053679753803,0.967375671788661,19.748045977011493,10.199029234746796,125.59969348659004,41.80938023659444,84.00199233716475,48.120842417374675,4242.9565868501895,404.90096618357484,0.471545528773907,0.2771747774301528,A,grading/data_processed/potato/A/Potato_White_1_r2_137__100.jpg
4382.0,278.4507917165756,0.6,0.7102076126297173,0.9633945256678026,13.978463587921848,22.148752871602643,111.99267317939609,44.23380868594503,58.59325044404974,35.631242511287795,13428.360017750003,453.9527118644068,0.38187927454612014,0.22730519785804185,A,grading/data_processed/potato/A/Potato_Red_1_133__100.jpg
4380.0,273.6223635673523,0.59,0.7351581808775666,0.9721451559205415,12.646888888888888,16.421286364854094,112.01088888888889,44.3257097867454,58.474666666666664,35.30802902708925,13245.44707437518,412.14465517241376,0.37404025408112973,0.21731652367582313,A,grading/data_processed/potato/A/Potato_Red_1_132__100.jpg
6334.5,317.1198374032974,1.098901098901099,0.7915445887050871,0.9679859413202934,20.024733343638893,10.971174887620295,125.7072190446746,42.78489387321878,83.23450301437626,47.82223042175628,4568.319431228112,432.5270285270285,0.4731128357904896,0.27567047966158936,A,grading/data_processed/potato/A/Potato_White_1_r2_136__100.jpg
4535.0,280.59292709827423,1.5384615384615385,0.7238252287558105,0.9527310924369747,18.312929553264606,20.802969599719606,97.69415807560138,43.68486432816532,59.88530927835052,34.600899428011616,9082.965671455622,335.9434343434343,0.4202225524766004,0.2716059980904741,A,grading/data_processed/potato/A/Potato_Red_1_r_49__100.jpg
4951.0,274.45079040527344,1.5384615384615385,0.8259881534992327,0.9849796080771909,30.356339972392032,61.27880798417176,145.10550187339774,46.61669508236132,65.05225793729048,37.50693395867751,7669.000578366864,251.0317016317017,0.45181333702496107,0.20842668925467817,A,grading/data_processed/potato/A/Potato_Red_2_r2_120__100.jpg
5008.0,277.27921736240387,1.5151515151515151,0.8185393176738784,0.9846637829335431,25.181321895106258,55.70170842823783,144.97621368687854,46.79872130170568,65.9385845193995,38.367489787473055,7831.287463360882,273.4470462197735,0.45190445164666443,0.21285076136903494,A,grading/data_processed/potato/A/Potato_Red_2_r2_121__100.jpg
4908.0,284.7939375638962,0.66,0.7604189614435847,0.9701522039928839,21.119388160508542,11.72907351911957,121.36611044894715,41.72684948455555,65.018077075884,38.455995612221926,10028.027867401284,618.1472307692309,0.3724477746847618,0.21402939022867115,A,grading/data_processed/potato/A/Potato_White_1_174__100.jpg
4993.0,287.2792180776596,0.69,0.7602615206813538,0.9648309178743961,20.577651885133815,10.118026705928935,123.55674936511038,42.60523384776564,66.129712834538,38.962456748536695,10564.231257634949,620.6901470588234,0.37730834494997584,0.23666893843232814,A,grading/data_processed/potato/A/Potato_White_1_175__100.jpg
5825.5,294.0071407556534,1.2987012987012987,0.8468906020260053,0.9850355089617856,58.32219049218881,77.32079255914714,119.86796573156391,52.110725098209954,76.35729884092055,43.7048824746064,4220.943188986339,309.6692903056539,0.4440414159177065,0.21441792955629443,A,grading/data_processed/potato/A/Potato_Red_2_r_54__100.jpg
5424.5,302.3502857685089,0.75,0.7456736742053274,0.9614498404820986,21.19057045168256,7.87945880971563,130.09393557675006,44.610035187735036,71.77649811049127,42.223264971462115,8656.797988462224,642.2541891891891,0.38469080035417363,0.2389435484736824,A,grading/data_processed/potato/A/Potato_White_1_89__100.jpg
4540.0,268.7939364910126,0.61,0.7896357124200052,0.9825776431122173,28.400815800772865,58.76286604759035,136.54336625161014,52.95180318663808,60.00901674538429,35.13779420572336,9451.370515990324,400.7578333333334,0.41011670908326564,0.2147381803758035,A,grading/data_processed/potato/A/Potato_Red_2_191__100.jpg
5336.5,288.3502857685089,1.3424657534246576,0.8065394327842471,0.9761295042985184,17.963749542292202,16.776192910054476,90.35060417429513,40.911420672608635,70.177773709264,40.4313622502449,7551.388927929964,348.832650755543,0.4013216345248925,0.22768945815972602,A,grading/data_processed/potato/A/Potato_Red_1_r2_184__100.jpg
4127.0,288.93607211112976,1.639344262295082,0.6212133836983774,0.9228533094812165,16.019045379731953,17.67329937432645,84.99341641194451,39.46009903512206,54.98001410768869,32.915196100053784,14594.6130146466,419.8869018049346,0.42990685446860455,0.2870452599811636,A,grading/data_processed/potato/A/Potato_Red_1_r2_27__100.jpg
5303.0,282.93607199192047,1.408450704225352,0.8324436624906889,0.9823099008983976,40.511610762992994,69.20831038548766,132.61868779948398,52.80468093119176,69.61131588647254,40.01271744295825,6286.703142947829,251.15578318395214,0.5005312397405379,0.2245455632114762,A,grading/data_processed/potato/A/Potato_Red_2_r_147__100.jpg
5298.0,282.59292674064636,1.408450704225352,0.8336797321198998,0.9839353700436438,37.3730627306273,67.13966506423023,132.31531365313654,53.78212183393904,69.52878228782288,40.120594296558664,6348.228883078753,266.16005121638926,0.5066689247210933,0.2256924136465803,A,grading/data_processed/potato/A/Potato_Red_2_r_146__100.jpg
6700.0,311.9066346883774,0.9183673469387755,0.8654369646846857,0.9846425159820706,15.135186539868325,22.374164376551857,94.11777615215802,37.906623406124744,88.23057790782735,51.151004425387505,2884.442473802068,410.99793625315294,0.40144626492474533,0.2125967815013895,A,grading/data_processed/potato/A/Potato_Red_1_r_169__100.jpg
5038.0,286.79393696784973,0.67,0.7697117132903044,0.9745623367830545,21.697967086156826,12.237143943675662,130.59167473378508,45.74312689026254,66.61781219748306,39.24817544985814,9341.257348429494,594.7660606060607,0.3707713715683969,0.20822878919625346,A,grading/data_processed/potato/A/Potato_White_1_53__100.jpg
5463.0,298.9360740184784,1.3513513513513513,0.7682178807615558,0.9731029568934806,20.694315337861994,14.09626031052844,115.28834465498748,40.845059618730886,72.14140150160887,42.44559316198086,8683.284793261506,505.47815997815997,0.40392995310129454,0.23286239175955994,A,grading/data_processed/potato/A/Potato_White_1_r_166__100.jpg
5423.5,298.3502869606018,1.36986301369863,0.7656611101096055,0.9699543950639363,19.873784659704718,8.01181297270177,116.17338854879367,42.53805944150771,71.62297443284119,41.94651778661095,9326.476090429724,505.61782205617817,0.40210632132516344,0.22794029299580565,A,grading/data_processed/potato/A/Potato_White_1_r_167__100.jpg
4336.0,264.6518017053604,1.7857142857142858,0.7779459562177812,0.9861269047077553,52.11158509205209,77.06407964414075,132.25662325999102,50.629755852966454,57.281320161652445,33.732846281321244,8611.630205325255,219.63185425685427,0.4902524175371469,0.1958827122274511,A,grading/data_processed/potato/A/Potato_Red_2_r_8__100.jpg
4695.5,269.3797241449356,0.61,0.8131335888106058,0.9856213266162889,14.111757374324887,9.981348148968658,101.8616535105941,44.406766583625085,62.20751973410885,36.41996902391421,11891.726922870195,544.7043333333334,0.324991457228476,0.1907133174281346,A,grading/data_processed/potato/A/Potato_Red_1_18__100.jpg
4361.5,265.23758840560913,1.7857142857142858,0.7790684188966899,0.9854270221418888,51.35178571428571,76.88775385742433,132.1546875,50.94146194399643,57.527232142857144,33.701031531208876,8915.90234897959,205.008658008658,0.4824524926134704,0.1943184505473792,A,grading/data_processed/potato/A/Potato_Red_2_r_9__100.jpg
5231.0,292.5929263830185,1.4285714285714286,0.7678332927214528,0.9617576760433904,20.56774916013438,12.154788264841722,123.83016050765211,44.34568355831465,69.00690556177678,40.34611996382648,9963.889038346937,488.0176046176046,0.3687572330645313,0.21987042866034182,A,grading/data_processed/potato/A/Potato_White_1_r_20__100.jpg
6667.0,308.3919155597687,1.1,0.8809156995740978,0.9897565320665083,42.36843653478453,70.91934692087612,132.02720988380645,52.360034067500735,87.56728930725107,50.471789392785674,2851.2428253226867,308.7284580498866,0.4749107985405414,0.22528657073816494,A,grading/data_processed/potato/A/Potato_Red_2_r2_41__100.jpg
5295.0,288.10764491558075,1.408450704225352,0.8016157908061834,0.9810097267253358,19.765172477402693,10.16540992075518,134.9439217856484,42.67656542779997,69.9966795794134,40.8316919665273,8356.823124459434,483.69668516147385,0.38367450331328207,0.22564113323913434,A,grading/data_processed/potato/A/Potato_White_1_r2_1__100.jpg
5283.0,289.27921772003174,1.408450704225352,0.7933338880164799,0.9758034724787588,20.219408502772644,13.611866643239953,134.19001848428834,43.24022366828388,69.88539741219964,40.8871558010593,7825.80463765126,547.6268316972543,0.37582469560744947,0.2277439376348192,A,grading/data_processed/potato/A/Potato_White_1_r2_0__100.jpg
5296.0,286.4507908821106,1.3611111111111112,0.8110689750731859,0.9779337087988182,15.286241239395057,19.91598803515749,96.05662117299889,41.98818056035163,69.81519734415345,40.17432694069819,7877.412627048883,472.95790378006876,0.3659499199567431,0.21820690440883786,A,grading/data_processed/potato/A/Potato_Red_1_r_102__100.jpg
4238.0,263.4802293777466,0.56,0.7671402163717531,0.9830665738807701,55.56073478760046,79.29294417258461,133.44087256027555,53.64668512979569,56.01538461538462,32.69903803214242,11008.672387244898,355.2965454545455,0.4213918795477342,0.19984713166082183,A,grading/data_processed/potato/A/Potato_Red_2_121__100.jpg
5252.0,282.9360727071762,0.71,0.8244378829523856,0.9801250349911356,20.485767441860464,7.31681289378514,135.36148837209302,45.660536374102996,69.22158139534884,40.48426187822577,8604.67047433049,504.8597142857143,0.374716858736813,0.22268205118142625,A,grading/data_processed/potato/A/Potato_White_1_39__100.jpg
4237.0,263.4802289009094,0.56,0.7669592044671869,0.9838616045512597,55.6214974735875,79.07096675234384,133.7666513550758,53.81866343723308,56.07234726688103,33.050726628728405,11806.855418239795,392.10400000000004,0.4185845629799602,0.20092406361320436,A,grading/data_processed/potato/A/Potato_Red_2_120__100.jpg
4148.5,280.2081503868103,1.5714285714285714,0.6639562014314986,0.9444507683551508,16.42556179775281,24.279699797360095,88.8625936329588,40.411832240488486,55.25936329588015,33.16411857178328,13774.255525779336,362.5952380952382,0.4872298619389887,0.30404963391680895,A,grading/data_processed/potato/A/Potato_Red_1_r2_135__100.jpg
5032.0,288.1076457500458,1.4285714285714286,0.7617999312503113,0.9726490770271576,20.97828615742536,16.29271055489536,137.29778984102364,45.51826113446058,66.3596355176425,38.594520412079966,9150.034885693878,424.73939393939395,0.4094578678764475,0.2521412252085254,A,grading/data_processed/potato/A/Potato_White_1_r2_114__100.jpg
3953.5,269.72286915779114,0.55,0.6828983533880659,0.9642682926829268,12.794009329732384,13.794875646932224,103.40780751288976,43.677741019594556,53.07660201325804,32.970915842202274,15683.581158876033,535.0009259259259,0.3768402181624759,0.23802416708230767,A,grading/data_processed/potato/A/Potato_Red_1_110__100.jpg
5027.5,288.35028541088104,1.408450704225352,0.759838285089659,0.9691566265060241,19.892295750048515,10.772754805418415,136.52513099165535,46.269779434806054,66.35163982146322,39.154272064354416,9905.53275721087,475.48627116232734,0.4265182047712959,0.2625077822017184,A,grading/data_processed/potato/A/Potato_White_1_r2_115__100.jpg
5096.0,279.96551036834717,1.5384615384615385,0.8170153529554846,0.9872142580395196,46.09272030651341,74.3908662504266,141.37816091954022,49.28173659043227,67.10823754789271,38.871459863412625,7281.623790390533,280.67614607614604,0.4415093632422553,0.18777361590496783,A,grading/data_processed/potato/A/Potato_Red_2_r2_190__100.jpg
5318.5,288.693431019783,1.408450704225352,0.80190925102857,0.9786548900542829,20.12157943067034,9.674647739943346,132.21267217630853,40.64475706058794,70.41836547291092,41.42660533584149,7432.891720769689,601.3199601650306,0.37907245182028115,0.22066041860438226,A,grading/data_processed/potato/A/Potato_White_1_r2_186__100.jpg
4483.0,278.7939375638962,0.64,0.7247895974383113,0.9584179583110636,14.884715588363004,14.805379372166016,103.89969604863222,44.55560387473517,59.73056882327399,35.788387064793206,14962.023340234375,530.0617460317461,0.3924909685928854,0.26026584370184497,A,grading/data_processed/potato/A/Potato_Red_1_182__100.jpg
5303.0,289.76449823379517,1.3888888888888888,0.793672150321996,0.9776917404129793,20.870878614846195,13.198908216241055,133.14625161171486,40.59148670374231,70.21274636212931,41.452841287771825,8285.055249980709,569.7314814814815,0.3889957445367679,0.23396290974035286,A,grading/data_processed/potato/A/Potato_White_1_r2_187__100.jpg
4808.0,273.6223645210266,1.5625,0.8069955500046353,0.9864587607714403,35.939326298701296,66.23077529592445,136.78612012987014,49.16609094597234,63.427353896103895,37.56249660386029,10094.466367944337,365.2394255050506,0.45493035441849455,0.2199205027374573,A,grading/data_processed/potato/A/Potato_Red_2_r2_103__100.jpg
4155.0,278.4507908821106,0.62,0.6734168526159616,0.9499314128943759,15.96843581949965,15.55899975654848,99.15945756371288,44.2363020701561,55.54991816693944,33.592305254134715,15575.246336914672,529.7944262295082,0.40288206536368937,0.28622190289034183,A,grading/data_processed/potato/A/Potato_Red_1_73__100.jpg
4817.0,273.6223636865616,1.5625,0.8085061539273044,0.9857771411030389,44.5643103099048,72.50995032955757,137.22787117682805,49.395582453451865,63.46100870974276,36.905835055801454,10588.176519506835,303.9034090909091,0.4506695636374028,0.21871170677809246,A,grading/data_processed/potato/A/Potato_Red_2_r2_102__100.jpg
4190.0,275.62236392498016,0.62,0.693098534521254,0.9482856172909359,15.535838552540014,9.55177582792111,101.59336580839712,46.59669217057336,55.85386221294363,33.712526325796034,14998.327721123827,545.0544262295081,0.39842654497690705,0.2834325961305698,A,grading/data_processed/potato/A/Potato_Red_1_72__100.jpg
5353.5,287.32084929943085,1.3513513513513513,0.8149170193216976,0.980045766590389,20.017531044558073,9.26280446573492,134.240869247626,44.9544028656727,70.54967129291454,41.45355566295364,9345.561350894814,470.556511056511,0.3944906906029731,0.24828453680250773,A,grading/data_processed/potato/A/Potato_White_1_r2_98__100.jpg
4625.0,275.9655102491379,1.596774193548387,0.7631536489726163,0.9754297163344933,15.312618495892142,17.40352488305722,99.65536128080893,42.5971872858177,61.21339793553823,35.777148958383016,9412.535349208882,374.3810072416063,0.3506440017793016,0.21372059329110282,A,grading/data_processed/potato/A/Potato_Red_1_r_23__100.jpg
4710.0,275.9655097723007,1.5714285714285714,0.7771791781800305,0.9783963439966764,14.884312913907285,14.044102799814373,98.58629966887418,41.52941193513825,62.279387417218544,36.478898313152285,10660.627009923788,382.6232588273405,0.36172848406139196,0.21119580938940077,A,grading/data_processed/potato/A/Potato_Red_1_r_22__100.jpg
4540.5,274.5512968301773,0.61,0.7569488703628208,0.9698814482537648,13.558987558987559,11.89171865771877,110.11411411411412,45.21828769066263,60.65036465036465,36.46347141769808,12479.847770464929,527.1621666666666,0.36054784353184444,0.21173151893639058,A,grading/data_processed/potato/A/Potato_Red_1_158__100.jpg
6340.5,302.1492757797241,1.1764705882352942,0.8727508001476887,0.9857742537313433,49.216074188562594,73.73733609164647,132.83833075734157,52.572400793467146,83.19520865533231,48.044113634669024,2911.2480785605535,305.1151515151515,0.5037878072951913,0.2290061237705143,A,grading/data_processed/potato/A/Potato_Red_2_r_165__100.jpg
5015.5,298.35028553009033,0.7,0.7080618299216329,0.9523402639324029,21.096968519238242,6.757624599454052,128.03808783521183,46.414175181193734,66.72075398367664,40.01925722679705,10420.480339265307,684.5215942028985,0.39594751928370014,0.2438117109340194,A,grading/data_processed/potato/A/Potato_White_1_70__100.jpg
4864.0,272.7939375638962,0.63,0.8213608551795062,0.9868127409210793,27.636837881219904,58.99274358307541,141.83406902086676,49.653207007278006,64.02748796147672,37.325794494165116,8229.252658704963,321.4990322580644,0.4250164723486792,0.19136092506580205,A,grading/data_processed/potato/A/Potato_Red_2_169__100.jpg
6613.5,321.948264837265,1.075268817204301,0.8018055247031453,0.9713593302489535,20.322666666666667,11.68119243025272,115.97214814814815,40.36528901925119,87.01333333333334,50.171709307286115,4159.365998566309,482.25404583469094,0.43344723136412056,0.26039586212182003,A,grading/data_processed/potato/A/Potato_White_1_r_145__100.jpg
6555.0,308.7350618839264,0.88,0.8641928187286192,0.984160348322198,39.55068779904306,66.10914295633881,117.53334330143541,54.65377728462887,86.00867224880383,49.613369849812365,3227.893755565599,347.3272413793103,0.44117582954516626,0.22469540163736582,A,grading/data_processed/potato/A/Potato_Red_2_r2_63__100.jpg
4970.5,290.00714087486267,1.3943661971830985,0.7426643186977727,0.9487497614048482,17.783163265306122,13.279815210859168,95.8954081632653,42.64234002242967,65.45761381475667,37.75996454456215,7179.098074131071,371.1363897671744,0.42462874766079706,0.2628836943809517,A,grading/data_processed/potato/A/Potato_Red_1_r_54__100.jpg
4883.5,275.0365768671036,1.5625,0.8112601582098296,0.9837832393231265,46.415067945643486,74.3616276008526,144.48581135091928,49.84147129361853,64.34952038369305,37.77993751750691,8940.311462402344,332.7427398989899,0.4816674074855848,0.20939126522290835,A,grading/data_processed/potato/A/Potato_Red_2_r2_3__100.jpg
5089.0,293.90663480758667,1.36986301369863,0.7403269079128318,0.9508594917787743,16.67229146692234,10.533104879023893,92.1332694151486,41.22917354553267,67.06059443911793,38.78664222367015,7210.297812929255,409.44845717448453,0.4285766767280212,0.27160401163468606,A,grading/data_processed/potato/A/Potato_Red_1_r_55__100.jpg
4469.5,266.06601548194885,1.7543859649122806,0.7933959770048504,0.9853395061728395,42.29010462074978,71.21803474025832,139.00348735832605,52.794967743622585,58.854838709677416,34.41093314131087,10260.076998307171,258.9794435583909,0.4458278027878062,0.18743146441903424,A,grading/data_processed/potato/A/Potato_Red_2_r_113__100.jpg
5607.5,288.83556747436523,1.3157894736842106,0.8446519772912571,0.9877576184604545,41.52721563154222,70.0371234856782,132.91381716678296,48.83949356296038,73.55460572226099,42.491429923679654,5961.949429207064,313.13024986709195,0.4559135376400839,0.23486194826389786,A,grading/data_processed/potato/A/Potato_Red_2_r2_86__100.jpg
4447.0,266.65180146694183,1.7543859649122806,0.7859373882710003,0.9852664229533621,43.19864213753833,71.63644224826983,138.10249671484888,52.861416913084966,58.79237844940867,34.88096639484343,11032.825727146814,284.70086833244727,0.4411687068095197,0.19118788850537,A,grading/data_processed/potato/A/Potato_Red_2_r_112__100.jpg
5535.0,300.5929260253906,0.75,0.7697859450120644,0.9649581589958159,20.78432756794917,6.8701902700460185,130.8685139428168,44.65511451319166,72.98270384751147,42.40519482329486,8834.788478915556,588.2054054054055,0.3650959686085211,0.22517962150919452,A,grading/data_processed/potato/A/Potato_White_1_94__100.jpg
6721.5,322.1492751836777,1.1111111111111112,0.8138825739502874,0.9727206946454414,19.730214254481854,9.276915497109552,123.36423261915172,40.81208653843341,88.42442792595831,50.87459262908818,3426.906932333333,430.0402918069585,0.4108255168355058,0.22317464731428496,A,grading/data_processed/potato/A/Potato_White_1_r_132__100.jpg
5229.5,281.52185821533203,1.4492753623188406,0.8291742191619788,0.9837283671933785,54.44114349775785,76.63378136452528,129.7634529147982,52.04833927189502,68.67619581464874,39.324005397159816,5836.932427032137,256.5622895622896,0.4755167153285018,0.2141017132389361,A,grading/data_processed/potato/A/Potato_Red_2_r_48__100.jpg
5563.5,298.83556711673737,0.76,0.7828767317033829,0.964462165207593,20.96767960653434,8.341179604280597,130.90075531354296,44.3322074895269,73.2575092218514,42.41082126848783,8128.653135110802,556.9797333333332,0.3711466302637572,0.2316246196854825,A,grading/data_processed/potato/A/Potato_White_1_95__100.jpg
6698.0,319.0782083272934,1.0777777777777777,0.8267243278522804,0.9748217144520448,19.728828433523475,8.762639988908392,123.21354395202574,40.85974939166392,88.19028813807225,50.734470147884046,3244.587350553515,406.49016203703707,0.39275933976898847,0.20302879039456675,A,grading/data_processed/potato/A/Potato_White_1_r_133__100.jpg
4738.5,286.89444231987,0.64,0.7234465976637144,0.9579500657030223,20.943497020752,12.462538578482238,119.58783644955825,41.56860450143569,62.995274296281075,37.615382088376634,11405.642856225586,536.415873015873,0.37164190278274867,0.2154323232847101,A,grading/data_processed/potato/A/Potato_White_1_168__100.jpg
5328.0,307.4213534593582,1.3888888888888888,0.7084448044654698,0.9543256313809779,22.012815818381544,16.138368093868582,127.15671915049433,45.193942800313785,70.6122299523984,41.868179700653485,11447.39424982639,599.2563131313132,0.4156307011129106,0.2275037233145382,A,grading/data_processed/potato/A/Potato_White_1_r_74__100.jpg
4861.0,274.79393672943115,1.5625,0.808949094739144,0.9826157267030523,44.30810919309514,73.51769498420487,143.48815736651946,50.85766774818269,63.95162585307106,37.109706783824116,8819.140452124022,266.56628787878793,0.5007303652634125,0.21315894297739466,A,grading/data_processed/potato/A/Potato_Red_2_r2_14__100.jpg
5279.0,303.7645000219345,1.408450704225352,0.7189314628861335,0.9571208412655244,20.79268292682927,8.749188435005337,129.59885439763488,45.082752426122795,69.90576496674058,41.26343079102238,11289.289939377106,549.8735239721154,0.40812876365457446,0.22498932530844093,A,grading/data_processed/potato/A/Potato_White_1_r_75__100.jpg
4913.0,277.76449966430664,1.5384615384615385,0.800208481651875,0.9825017498250175,42.005960659646334,71.88123776600904,144.2147824359229,49.953904482584875,64.5058613153189,37.42158123490036,8075.418956213018,280.4901320901321,0.5037438950087179,0.21564561584051917,A,grading/data_processed/potato/A/Potato_Red_2_r2_15__100.jpg
6388.0,318.0487713813782,0.9285714285714286,0.7935738108602298,0.9686860262339828,14.91692213366033,17.964954011174406,92.49279583077866,37.62449325308173,84.11250766400981,48.71967672900309,3144.834309668802,446.3448979591837,0.4480098187277308,0.25330434866537876,A,grading/data_processed/potato/A/Potato_Red_1_r_175__100.jpg
3719.0,269.13708305358887,1.736842105263158,0.645191979677567,0.9379571248423707,18.080510682647212,29.06913522573442,91.53100573215217,41.591250941164624,50.13262115685253,31.54014909042048,20379.22923349164,462.5810955961332,0.48192201778117716,0.30969325652803875,A,grading/data_processed/potato/A/Potato_Red_1_r2_142__100.jpg
4854.5,276.20815002918243,0.64,0.7996158447411317,0.9807070707070707,28.061495176848876,60.38443159020295,143.47950160771705,50.380333825884335,63.892483922829584,37.22363727263108,8823.27668630371,379.54809523809524,0.4506264090789257,0.20160657950566696,A,grading/data_processed/potato/A/Potato_Red_2_157__100.jpg
6444.0,318.39191567897797,0.9191919191919192,0.7988060248293788,0.9690954207083239,15.619054854885276,19.922917749463977,92.89317732867346,38.068085550310414,84.81917641695792,49.211217547662386,3124.6892969636892,466.8913580246914,0.4436613100669443,0.2540967810217067,A,grading/data_processed/potato/A/Potato_Red_1_r_174__100.jpg
5587.5,374.43354547023773,1.125,0.5008156592691214,0.8517530487804879,18.71090624456427,4.683949755862048,120.79579057227343,38.366634636803205,74.83423204035485,43.66783694151679,2710.762220196371,468.3105287569574,0.4784658467824235,0.3220433381377695,A,grading/data_processed/potato/A/Potato_White_1_r2_162__100.jpg
4509.5,273.72286891937256,0.6,0.7563382925878777,0.975871023587968,14.589289570287194,15.806340065252463,107.07514575685597,45.38502443001173,60.19002375296912,36.15063848897747,13131.65648888889,530.4035593220339,0.34745898972665135,0.20660627629429418,A,grading/data_processed/potato/A/Potato_Red_1_166__100.jpg
3790.5,266.89444231987,0.55,0.668693811986551,0.948811013767209,14.104374520337682,9.347056413423852,99.97058071117932,45.34461325884502,51.18828344845229,32.38726012515432,19560.18982135537,612.6357407407409,0.3885450069120715,0.2641663583490563,A,grading/data_processed/potato/A/Potato_Red_1_96__100.jpg
3781.0,270.79393672943115,0.54,0.6479457856293598,0.9508361624544197,13.766666666666667,7.361641167821231,99.89564102564103,43.91827061508512,51.012564102564106,31.95247426059672,18299.63789543896,535.7171698113208,0.38018076988133703,0.2524260357498527,A,grading/data_processed/potato/A/Potato_Red_1_97__100.jpg
4915.0,282.24978041648865,1.3888888888888888,0.7752935318536164,0.9585568015602145,14.516679904686258,18.93375852418808,100.49364575059572,43.241331013700055,64.87708498808578,37.8727146769167,9772.691245351081,378.5808080808082,0.46114452405545764,0.28831113218276655,A,grading/data_processed/potato/A/Potato_Red_1_r2_72__100.jpg
4948.5,283.17871260643005,1.375,0.7754650562789837,0.9572492504110649,13.820351015578781,17.270313346526255,99.90140011831986,42.34729476719404,65.24965490041411,37.84327126742729,9794.669955553005,355.6843820861679,0.45540664331617875,0.2775277151137791,A,grading/data_processed/potato/A/Potato_Red_1_r2_73__100.jpg
3865.0,272.7939373254776,1.7241379310344827,0.6526644142306425,0.934816785584714,15.858720200752822,19.650263690467252,99.0624843161857,44.256919133546724,51.50815558343789,30.899261521849017,17363.59498807967,345.77917102055034,0.44221319351506216,0.29787830034279505,A,grading/data_processed/potato/A/Potato_Red_1_r2_46__100.jpg
4478.5,267.722869515419,1.7543859649122806,0.7851841064751107,0.9828815977175464,47.878181422666955,74.73400555412599,138.0197955188166,55.380341326896136,59.1037633239069,34.594866165967765,8359.538956571252,231.43292574871523,0.4694680423214514,0.18649702766195791,A,grading/data_processed/potato/A/Potato_Red_2_r_34__100.jpg
4546.0,268.7939374446869,1.694915254237288,0.7906792782354894,0.9835569017741238,49.09090909090909,74.95628436446155,137.04331046312177,55.25244817982404,59.86706689536878,34.56805745729964,7767.044787675955,196.4078068823832,0.4968754355278438,0.20000844568815632,A,grading/data_processed/potato/A/Potato_Red_2_r_35__100.jpg
4767.5,272.551296710968,1.639344262295082,0.8064994221139389,0.9875712066286898,56.92757774140753,79.06018440586752,129.13481996726676,51.50666966496452,62.81382978723404,36.551923096595125,7295.7894038161785,204.7062427554231,0.4752662308659473,0.18974234944487514,A,grading/data_processed/potato/A/Potato_Red_2_r_200__100.jpg
4694.0,269.9655101299286,1.639344262295082,0.8093500200910526,0.9860308791093373,50.98774153334718,76.44853301425209,130.75005194265532,52.1584759142759,61.86910450862248,36.3366291828223,8768.489547003493,218.95313793674455,0.5000327760759019,0.20395240663522718,A,grading/data_processed/potato/A/Potato_Red_2_r_201__100.jpg
5609.5,294.35028553009033,0.76,0.8135890475390345,0.9781168265039233,20.529452771000347,9.398515216138426,136.027884280237,44.63416129567884,73.95224817009411,42.83722731360545,8101.829009262465,553.7358666666667,0.3609621809482674,0.22666698039193978,A,grading/data_processed/potato/A/Potato_White_1_115__100.jpg
4715.5,279.52185893058777,1.5384615384615385,0.7584135113122515,0.9620524329286952,19.139342567707256,24.522430834637117,94.45730824891461,40.76090024857781,62.26710771139136,36.17321849047529,10641.819831360945,350.21181041181046,0.4148123365580515,0.2445746179243211,A,grading/data_processed/potato/A/Potato_Red_1_r2_177__100.jpg
4890.0,275.6223638057709,0.64,0.8088906531600715,0.9840024147298521,26.97764917182199,58.980433856239245,141.945719417282,52.288824623805375,64.40929954100977,37.48033882679586,7687.8542530273435,356.3490476190476,0.44097176465070975,0.19830365257437554,A,grading/data_processed/potato/A/Potato_Red_2_162__100.jpg
4586.0,279.27921879291534,1.546875,0.7388676844904813,0.9622324800671422,12.919711129991503,20.42631685613875,109.24702633814783,47.610975108692095,60.52570093457944,34.85076172263712,8456.220100483011,325.31297831632656,0.41859488775312864,0.24459547708496462,A,grading/data_processed/potato/A/Potato_Red_1_r_141__100.jpg
4458.5,277.5218586921692,1.5625,0.7274518354115079,0.9604696251615683,13.91024241100677,24.650295385589974,110.86678314042368,48.670686400777015,58.905656256824635,33.92935263763563,11418.441947631836,334.3233901515151,0.43162310688010247,0.27135256065609303,A,grading/data_processed/potato/A/Potato_Red_1_r_140__100.jpg
4893.0,275.6223644018173,0.64,0.8093869015938502,0.9847051720668143,26.152173913043477,57.99257013898634,142.04128440366972,51.90407304815816,64.41443956920622,37.46909055772255,8015.526856225586,379.96920634920644,0.4413085843032871,0.1982137097406507,A,grading/data_processed/potato/A/Potato_Red_2_163__100.jpg
5354.5,296.35028553009033,0.75,0.7661575522249026,0.9681764759063376,20.87053245805981,10.017800332146397,127.94566010211524,42.564658428120424,70.79923413566739,41.18263116353836,9212.61170878222,605.2867567567566,0.38238897812190636,0.24875062171628168,A,grading/data_processed/potato/A/Potato_White_1_186__100.jpg
4549.5,272.2081506252289,0.61,0.7715628052589364,0.970663537443994,14.472906403940886,12.272620943170839,101.13750267723282,43.4347286497415,60.51402869993575,36.02315457720076,14746.3665225477,529.5785,0.34764529726636717,0.2109715291481557,A,grading/data_processed/potato/A/Potato_Red_1_4__100.jpg
4544.0,274.30865609645844,1.6666666666666667,0.7588731057955052,0.9729151054490954,15.259965709387055,14.501205749670593,101.52486069438491,42.725425495203154,60.243891984569224,35.94564302156117,13033.992630666668,420.3983164983165,0.34869817078886084,0.21172347939987338,A,grading/data_processed/potato/A/Potato_Red_1_r_29__100.jpg
4569.0,269.96550965309143,0.6,0.787797242194123,0.9812090626006658,14.033703071672354,10.39448727977696,101.69837883959045,43.57593483045368,60.6832337883959,35.70920487424509,12977.476330555555,492.46152542372886,0.33927350676657564,0.1937961980766617,A,grading/data_processed/potato/A/Potato_Red_1_5__100.jpg
4532.5,271.3797233104706,0.61,0.7733799097284267,0.9728482506975746,13.34737747205503,15.998714466340303,110.36779879621668,45.179639758668486,60.27020636285469,36.03535377888563,12227.440190137058,467.5701666666666,0.36247119744994205,0.21636957195194215,A,grading/data_processed/potato/A/Potato_Red_1_153__100.jpg
6823.0,338.0487701892853,0.95,0.7502854331158192,0.9591621564630632,19.718180513703544,6.298392866012368,110.72004591763525,38.42954319844667,89.70885349404506,51.62762553268484,3718.785929085873,554.3285106382979,0.43655086395431064,0.24978723404255318,A,grading/data_processed/potato/A/Potato_White_1_r2_157__100.jpg
6690.0,333.9066345691681,0.93,0.7540252426114107,0.9566709566709567,19.62024575775307,6.169278702210478,110.37229373902868,39.33051407861147,88.00731421884143,50.84644219387876,4319.229669325933,558.6959782608697,0.4495143420419583,0.24828324777311037,A,grading/data_processed/potato/A/Potato_White_1_r2_156__100.jpg
4541.0,275.62236392498016,0.62,0.7511600108021513,0.9707139803334759,12.784856284856286,11.369040679987275,112.14821964821965,45.83605486297633,60.46396396396396,36.26819118093834,13299.773712773154,493.055737704918,0.3751268318761514,0.22589592892922886,A,grading/data_processed/potato/A/Potato_Red_1_152__100.jpg
5431.5,286.8355668783188,1.3333333333333333,0.8295902598779972,0.9828100968062969,20.364716471647164,11.306108880022387,133.67884788478847,44.39905989190211,71.62772277227722,42.117747019352244,8931.351209582223,505.754478114478,0.385239538828493,0.24818183416948797,A,grading/data_processed/potato/A/Potato_White_1_r2_93__100.jpg
4633.0,287.27921867370605,1.6129032258064515,0.7054459464651758,0.9506514825074381,20.337255725992854,4.992991611884435,129.2067661273377,45.14853853749878,61.47425929817189,36.760489643307565,13146.05875626951,467.42000651678075,0.4247218708418344,0.21711014001947548,A,grading/data_processed/potato/A/Potato_White_1_r_106__100.jpg
5458.5,288.49242067337036,1.3157894736842106,0.8241653715961863,0.9836021263176863,20.295055535650306,11.71079793029659,132.9473307058402,44.27927257529334,71.91239699032604,42.04410712726619,8259.775229207064,471.23125996810217,0.38695787256333514,0.2531366587611287,A,grading/data_processed/potato/A/Potato_White_1_r2_92__100.jpg
4506.5,278.69343161582947,0.65,0.7291145636190794,0.9536556978097556,14.830164217804667,15.610456994003217,103.51836646499568,43.33585108636955,59.990492653414,35.909324672859505,12433.301000591717,537.68828125,0.40082357228982646,0.2672749765427686,A,grading/data_processed/potato/A/Potato_Red_1_188__100.jpg
4024.5,275.86500442028046,0.61,0.6645513964423614,0.9459395933717241,15.067792521109771,11.018593237634603,98.6940892641737,43.96471911870066,53.76694813027744,32.63149097284245,17769.314102956196,501.5828333333334,0.4167181145360615,0.29700360080121746,A,grading/data_processed/potato/A/Potato_Red_1_79__100.jpg
4749.5,273.0365779399872,1.5625,0.8006009327374655,0.9822148691965671,42.886629698089955,71.38298670294765,140.82727459437257,47.87066194221832,62.57383446292873,36.4112616739854,10155.32778786621,271.08585858585866,0.464789055773547,0.22834090113692065,A,grading/data_processed/potato/A/Potato_Red_2_r2_109__100.jpg
4016.5,273.3797231912613,0.6,0.6753439854910934,0.9459491285916156,16.973652405124486,18.488915912776474,101.12956248489243,43.92682004859175,53.80058013052937,32.63286179588062,17335.853673305555,499.7201694915253,0.41171236408024614,0.287473241700951,A,grading/data_processed/potato/A/Potato_Red_1_78__100.jpg
4508.0,269.4802290201187,1.694915254237288,0.780081459282339,0.9809596344249809,35.06222990492653,65.65733720346019,140.08794295592048,53.57886054360874,59.341400172860844,34.56175997135884,8457.184130163745,236.87193973634652,0.4671716963521895,0.2056865261212136,A,grading/data_processed/potato/A/Potato_Red_2_r_127__100.jpg
4501.0,268.308655500412,1.694915254237288,0.7856868979163384,0.9810374891020053,35.433549783549786,66.31158348169076,141.33246753246752,53.39539543086683,59.25887445887446,34.294612257641745,9773.750338724505,220.7063858928266,0.4748350030027733,0.20743015965790493,A,grading/data_processed/potato/A/Potato_Red_2_r_126__100.jpg
5484.0,311.0782080888748,1.2531645569620253,0.7121445137695434,0.9402486069438492,18.407189891439756,10.281345228771624,88.74141306282256,38.20996328695575,72.03968677700658,41.421601759689025,5949.96609163926,453.62051149573756,0.4382794460694663,0.26560914895275406,A,grading/data_processed/potato/A/Potato_Red_1_r_60__100.jpg
5646.0,309.7644993066788,1.1951219512195121,0.739413627283342,0.9461248428990364,19.268592182635768,17.086539232902698,86.9503631961259,38.41276836966768,74.15928744379107,42.570791340812086,5560.598201866488,442.54890621071155,0.431282407815656,0.2650489651421975,A,grading/data_processed/potato/A/Potato_Red_1_r_61__100.jpg
5396.0,284.59292817115784,0.72,0.837208437873133,0.9866520387639423,20.681645225584344,11.81485525147893,135.89961949628557,46.34126307494452,70.9942018481609,41.28931727952802,8618.891665972224,514.113661971831,0.3541947803525144,0.21597495115839577,A,grading/data_processed/potato/A/Potato_White_1_32__100.jpg
4771.0,279.6223635673523,1.523076923076923,0.7667882969430396,0.9731769505354411,14.393747445852064,21.92796771286183,100.51614221495709,43.071281773373784,63.06559051900286,36.59904338356971,10363.189922148991,405.05808477237053,0.3777185216393887,0.22555406351585225,A,grading/data_processed/potato/A/Potato_Red_1_r_109__100.jpg
5348.0,282.5929282903671,0.72,0.8415475950314797,0.9858064516129033,20.234369287020108,8.51862717109281,136.12047531992687,46.20313151056813,70.51115173674589,41.24479208106898,8254.45751232639,551.3943661971831,0.3574603265425716,0.2213237437862884,A,grading/data_processed/potato/A/Potato_White_1_33__100.jpg
5088.5,296.1492757797241,1.32,0.7290852178170922,0.956484962406015,13.72464046021093,15.967275881619349,99.01936720997124,41.095760871800145,66.87766059443912,38.48197134244319,7150.516632343639,346.8420408163265,0.474863087579079,0.2829463756399894,A,grading/data_processed/potato/A/Potato_Red_1_r2_78__100.jpg
5295.0,302.59292697906494,1.408450704225352,0.7267052268252467,0.9624647823320912,20.084761378293717,7.804538300786505,115.70517781463055,42.68088633907062,70.1245623733186,41.743113498743156,9574.668541539377,578.2940674349124,0.38893198948250324,0.22588987005052866,A,grading/data_processed/potato/A/Potato_White_1_r_171__100.jpg
5351.0,298.4507907629013,1.408450704225352,0.7549172464637446,0.9671064521959154,20.76873974101769,12.100879711959836,115.32281597665512,42.06336165274155,70.73572861572131,41.71971664164952,8130.631745506844,496.77962725850045,0.38394041287350117,0.2185362043503259,A,grading/data_processed/potato/A/Potato_White_1_r_170__100.jpg
6459.5,306.4924211502075,0.86,0.8641105088349338,0.986484422724496,42.068264563106794,68.88128162920157,119.97709344660194,54.37457390346158,84.83252427184466,48.989180353281085,3066.0652005273123,381.38576470588237,0.44695383217318035,0.21844676609960872,A,grading/data_processed/potato/A/Potato_Red_2_r2_57__100.jpg
6482.0,307.0782071352005,0.86,0.863815311940161,0.985480805777271,44.05139833711262,70.29219710775239,121.63930461073318,54.23509388800056,85.19319727891157,49.18826358962668,2879.7604094645753,388.06905882352936,0.44840007938298887,0.21555215972941172,A,grading/data_processed/potato/A/Potato_Red_2_r2_56__100.jpg
6495.0,309.07820868492126,1.1494252873563218,0.8543823072888369,0.983643798273512,20.139236687283148,8.201108547360345,120.62679137124755,37.24637707883729,85.39930607934832,49.57130451103692,4639.804427150218,532.6177870660629,0.3985107115044362,0.22584929287017988,A,grading/data_processed/potato/A/Potato_White_1_r2_169__100.jpg
6624.5,312.4924212694168,1.1363636363636365,0.8524795907233222,0.9833741557188451,19.866568047337278,6.237480293439861,120.57366863905325,37.284979829156576,87.06257396449705,50.46350038870894,4570.700836725207,532.7540174471994,0.3952528399000426,0.22008309752404961,A,grading/data_processed/potato/A/Potato_White_1_r2_168__100.jpg
5539.0,287.4213527441025,1.3333333333333333,0.8425645274185971,0.9833999112294718,43.04661840014127,70.97023136887077,129.13243863676496,55.63535176861457,72.59862263817764,41.954514587058014,5961.220506222222,275.70033670033666,0.5128632903162692,0.23524741469598362,A,grading/data_processed/potato/A/Potato_Red_2_r_151__100.jpg
3496.5,262.55129611492157,1.8148148148148149,0.6374044093496236,0.9319029850746269,15.941583610188262,22.948801133417998,94.16057585825028,44.13448084236892,47.051771871539316,29.643485717374723,20941.032983906167,377.07541046200834,0.46825564588788937,0.3060150612105596,A,grading/data_processed/potato/A/Potato_Red_1_r2_149__100.jpg
5169.0,284.93607246875763,0.7,0.8000581041241804,0.9747312841787668,20.887209522010203,10.349491354594033,133.51143019081806,45.95520732609298,68.13149442660117,39.855066352683195,8806.75115355102,484.61855072463766,0.3779900012322033,0.22328463481696995,A,grading/data_processed/potato/A/Potato_White_1_45__100.jpg
3522.0,266.3086556196213,1.8867924528301887,0.6240633114583694,0.9306381292112564,15.12087912087912,20.123183920425735,92.33846153846154,42.03734281611683,47.160714285714285,28.70083939377687,20317.54859277323,304.53706880121973,0.4744496042077385,0.3034317042576436,A,grading/data_processed/potato/A/Potato_Red_1_r2_148__100.jpg
4722.0,269.1370829343796,1.6666666666666667,0.8191977764819411,0.9865246004387339,50.43296839495972,75.83369656595464,132.31976864284238,53.96330816395993,62.079942160710594,36.06415724509255,9147.871277083332,248.41043771043775,0.3993318419338707,0.18419035662614713,A,grading/data_processed/potato/A/Potato_Red_2_r_99__100.jpg
6156.5,298.8355669975281,1.2345679012345678,0.8663216684779761,0.9866185897435897,41.43286668787783,68.83132325509378,125.58924594336621,49.7098412367732,80.79637289214126,46.31003186602295,3976.4731061728394,293.86694101508914,0.4127835212335092,0.21071753529231735,A,grading/data_processed/potato/A/Potato_Red_2_r2_136__100.jpg
4853.5,273.379723072052,1.5873015873015872,0.8160791824821673,0.9837843316104186,47.61741053478086,73.33378330670483,135.3238841978287,52.52352991492467,63.83594692400482,36.47837055617824,7186.826303854875,219.43402276735617,0.48419055923064075,0.2001851153256757,A,grading/data_processed/potato/A/Potato_Red_2_r_43__100.jpg
4054.5,281.3797233104706,1.65,0.6435192937471864,0.9305714941473491,17.028475711892796,21.018398095015847,90.1105527638191,41.79881201039728,53.641062455132804,31.32084539455164,14491.411180803547,281.1481292517007,0.4244225767425084,0.2840898457693427,A,grading/data_processed/potato/A/Potato_Red_1_r2_31__100.jpg
6036.0,300.39191603660583,1.1529411764705881,0.8405868913990618,0.982182084452038,18.600584036340038,16.337446972276677,82.49983776768332,38.16412139963362,79.17099286177806,45.47836050359941,4145.177165454417,417.81467556094606,0.4290814361013219,0.24560219811191078,A,grading/data_processed/potato/A/Potato_Red_1_r2_192__100.jpg
4636.5,270.20815074443817,0.62,0.7980006363291999,0.9826215958461375,30.602313354363826,60.54246708403169,135.8260778128286,54.752676240428784,61.039116719242905,35.465997175981265,8235.95958376691,372.81622950819667,0.41722366847531345,0.21246682716870854,A,grading/data_processed/potato/A/Potato_Red_2_186__100.jpg
4694.0,289.4802289009094,0.62,0.7039067576768464,0.9563002954059285,20.681799336650084,10.645370551339347,118.21641791044776,43.02113922638643,62.26181592039801,36.857650306128264,11674.257452419355,489.8883606557377,0.3545926704717543,0.19910941191852052,A,grading/data_processed/potato/A/Potato_White_1_163__100.jpg
4230.0,263.48022854328156,0.56,0.7656921037770024,0.9816662798793223,54.27260179434092,78.220377227354,129.175983436853,55.90214258083352,55.84886128364389,32.61657862585849,10837.878065178571,358.325090909091,0.4154007220141503,0.2046503569384655,A,grading/data_processed/potato/A/Potato_Red_2_115__100.jpg
4307.0,273.6223644018173,1.639344262295082,0.7229055401203229,0.9658033411817468,12.473458323921392,18.695517977440108,109.71673819742489,49.285398964556016,56.953693245990515,33.3143962336389,11307.331196210696,347.3921179003146,0.42620917152940235,0.26139323869607084,A,grading/data_processed/potato/A/Potato_Red_1_r_136__100.jpg
4226.0,264.30865573883057,0.57,0.7601802548796867,0.9789205466759323,52.98986875431729,77.70960240427952,128.56458669122725,55.70152033461561,55.89822703200553,32.864492036679216,11594.75973810403,365.42214285714283,0.4165023831420549,0.21670078796603867,A,grading/data_processed/potato/A/Potato_Red_2_114__100.jpg
4877.0,275.6223636865616,1.5625,0.8067402288086161,0.9829688602237227,47.558423369347736,75.24625231511656,143.34313725490196,49.728298436481246,64.03861544617847,37.08386164575639,8773.830160913085,239.78582702020205,0.49161527155515244,0.20892682504891916,A,grading/data_processed/potato/A/Potato_Red_2_r2_8__100.jpg
4820.0,275.6223646402359,1.5873015873015872,0.7973114365283172,0.9813702534867148,47.80307630034406,75.49400336629621,143.75936045334953,49.89651074953565,63.453349524387775,36.93038818584837,9930.830126958932,267.5627705627706,0.4900816028088305,0.206094876802971,A,grading/data_processed/potato/A/Potato_Red_2_r2_9__100.jpg
4440.0,266.6518015861511,1.7543859649122806,0.7847002475383754,0.9845880918061869,34.07128756306207,65.02757245281052,141.2232945821452,52.80836217929408,58.498574248738755,34.22975588462712,9444.80698291782,242.4153818890661,0.4477098396317421,0.19200417860573843,A,grading/data_processed/potato/A/Potato_Red_2_r_119__100.jpg
5094.0,289.42135417461395,1.36986301369863,0.7642011065847609,0.968993722655507,19.005748227629812,5.462369790076773,136.5501053841732,46.81736651218069,67.27093312895191,39.50360436368914,9734.593274835805,423.88971910889717,0.4438871850524405,0.2719218384800858,A,grading/data_processed/potato/A/Potato_White_1_r2_120__100.jpg
5146.0,294.5929262638092,1.3513513513513513,0.7451350923553974,0.9671114452170645,19.57186196435343,9.025763322214743,135.88813045127037,47.07390971963585,68.08191126279864,40.09940391829619,9302.530193407596,491.86718536718536,0.4465691123728566,0.27493089525855174,A,grading/data_processed/potato/A/Potato_White_1_r2_121__100.jpg
4486.5,279.86500442028046,0.65,0.7198140919275829,0.9550824906865354,14.239097418095032,12.84896081484935,102.8926014319809,43.13263170643975,59.74289433716641,35.65507090302759,14070.347931360946,472.93249999999995,0.39842797916716766,0.2703711551246499,A,grading/data_processed/potato/A/Potato_Red_1_185__100.jpg
5490.5,290.3502861261368,1.3513513513513513,0.8184219021596901,0.9804464285714286,19.939291436709986,6.45597377330225,128.74043083496528,39.92065200047927,72.46733131564892,42.42532896193378,8635.947334386412,596.1223041223042,0.3853269179406999,0.22861676370035078,A,grading/data_processed/potato/A/Potato_White_1_r2_181__100.jpg
5541.0,291.42135417461395,1.3513513513513513,0.8198893974811039,0.9811420982735723,19.861831656961357,5.336411910142749,128.11064055055584,40.158987083606185,73.04923239809423,42.62806769387251,8158.484188732652,511.04449904449905,0.3826027152217672,0.2224916634141178,A,grading/data_processed/potato/A/Potato_White_1_r2_180__100.jpg
4465.5,278.69343185424805,0.65,0.7224811002485979,0.9558005136986302,14.09941137998692,11.646739358971587,102.18574231523871,43.671654127363375,59.48332243296272,35.75788028745939,13671.442153846156,509.97890625,0.399363434454839,0.2735013987838431,A,grading/data_processed/potato/A/Potato_Red_1_184__100.jpg
4141.0,275.6223644018173,0.62,0.684993083895388,0.9508610792192882,15.251055842327546,9.558304501744999,99.26677616142656,44.70825621192502,55.38198029094322,33.71156026034458,15884.30747596254,607.3516393442624,0.4061949384930918,0.2891757740989361,A,grading/data_processed/potato/A/Potato_Red_1_74__100.jpg
4736.0,272.4507910013199,1.5625,0.8017618943000386,0.9832866189141493,41.912255406797115,70.70329734582506,136.98887744593202,49.92107756704135,62.4788877445932,36.63746622248421,9363.35638083496,351.4351325757576,0.4628397460502235,0.23054911938219824,A,grading/data_processed/potato/A/Potato_Red_2_r2_105__100.jpg
4835.0,293.96550965309143,0.65,0.7030943133011783,0.9588497768963807,20.68183648811921,10.401788370231326,123.47724526782119,44.81307426177806,64.10551751913009,37.97144439937017,11098.41801966864,518.19796875,0.3648012767612609,0.21219615800635092,A,grading/data_processed/potato/A/Potato_White_1_150__100.jpg
4816.0,290.79393661022186,0.64,0.7156911531111525,0.9603190428713858,21.272598584428717,12.910037457745924,122.48169868554095,44.73624895340285,63.7953488372093,37.53801684155703,10213.085052514647,495.12666666666667,0.3631869051267502,0.20405001140763213,A,grading/data_processed/potato/A/Potato_White_1_151__100.jpg
5278.0,289.76449954509735,1.36986301369863,0.7899305245117149,0.9739804391954235,20.19541080680977,12.405808301174114,137.24278312361213,42.77096204237965,69.77831236121392,40.75082344036126,9019.8837616626,493.94672754946725,0.4001957412224983,0.24854033360740088,A,grading/data_processed/potato/A/Potato_White_1_r2_6__100.jpg
4838.5,296.6934320926666,1.5873015873015872,0.6907243152274191,0.9471469120093962,20.61380559468706,12.78517244785039,126.57053733145501,45.976998472519284,64.33346749849065,38.425770465317754,11308.482270496346,550.1604938271605,0.3701252126985607,0.20034771935240617,A,grading/data_processed/potato/A/Potato_White_1_r_198__100.jpg
4468.0,281.2792179584503,1.523076923076923,0.7096557673493983,0.9569500963803812,15.526247005009802,20.64602769126364,91.95338706164235,41.21410017085026,59.218470921367896,34.825156441349,11738.715596971448,350.56452119309256,0.4625243112745074,0.27422001081217257,A,grading/data_processed/potato/A/Potato_Red_1_r2_132__100.jpg
4122.5,273.3797243833542,0.57,0.6931670747930856,0.970114131074244,12.452274334197503,14.558933569376165,107.35352345038888,45.55853836872622,55.335140230968655,34.313713420842106,13554.630867682363,531.8798214285715,0.3834853723952428,0.23652424423776286,A,grading/data_processed/potato/A/Potato_Red_1_117__100.jpg
5040.5,289.5218586921692,1.408450704225352,0.755650139145961,0.9681167771055411,20.607122121153473,14.711932687567264,135.14186181536675,45.62259458951687,66.5893168182698,39.131935874934534,10654.904203035112,440.1177976952623,0.41724441196864465,0.2613485634805348,A,grading/data_processed/potato/A/Potato_White_1_r2_113__100.jpg
4085.0,269.96550953388214,0.57,0.7043448757288434,0.9689278937381404,13.783777354900096,20.350031931747093,107.79448144624168,44.191522752125856,54.93054234062797,34.05746570305844,15373.19725069252,494.038392857143,0.37895818209987586,0.24146730062351754,A,grading/data_processed/potato/A/Potato_Red_1_116__100.jpg
4874.0,275.6223645210266,1.5625,0.8062439719918185,0.9814740233588402,44.0988988988989,73.19607020518329,146.2092092092092,48.93922683490677,64.18658658658659,37.173688320687624,9009.26819375,252.27130681818184,0.4838228046129665,0.2111569608176879,A,grading/data_processed/potato/A/Potato_Red_2_r2_197__100.jpg
4702.0,271.1370825767517,1.639344262295082,0.8037382765836617,0.9833734183833525,49.00684363334716,74.49703154678247,136.72708419742844,54.35540379553812,61.924512650352554,35.63423840964539,6979.003725100779,205.06143401225373,0.49496465499290515,0.20224321867806208,A,grading/data_processed/potato/A/Potato_Red_2_r_39__100.jpg
5593.5,291.8650040626526,0.74,0.8251434526431286,0.982436111355054,20.889723872771757,12.832773653856844,135.41017126878714,44.43663890666371,73.68332750786438,42.73249050076312,7595.188209915997,518.7091780821918,0.3412844645369007,0.20963011057908623,A,grading/data_processed/potato/A/Potato_White_1_118__100.jpg
6680.0,309.9066354036331,0.88,0.8740264518600337,0.9861234130498967,38.67860287643088,65.53235985291914,117.80628118579395,52.9095876287236,87.70956853536836,50.61586115120438,2725.6692722623966,348.7048275862069,0.42835118273656303,0.2099693747368602,A,grading/data_processed/potato/A/Potato_Red_2_r2_64__100.jpg
6752.0,311.9066343307495,0.89,0.8721537908882075,0.9848308051341891,38.87556265427617,65.8291878601557,119.22433570495136,52.703336725020506,88.72760272978074,51.23871846737333,2803.6277078525436,356.4752272727272,0.43451298920628734,0.2106863997491442,A,grading/data_processed/potato/A/Potato_Red_2_r2_65__100.jpg
4629.5,275.722869515419,1.5873015873015872,0.765241251238364,0.972788400924564,14.778829966329967,13.093635767842281,99.42950336700336,41.98206483247904,61.291666666666664,36.132745316276775,10161.725360821365,418.73128106461445,0.3680157475059723,0.23203957094499594,A,grading/data_processed/potato/A/Potato_Red_1_r_24__100.jpg
4624.0,270.3086556196213,0.59,0.7952575195972281,0.9808039028529006,14.945404721753794,15.317830514334572,99.28688870151771,44.05488811753261,61.484190556492415,36.56765316027305,11210.816600373455,545.7281034482758,0.3182459356264873,0.17568017977223216,A,grading/data_processed/potato/A/Potato_Red_1_9__100.jpg
4604.5,276.8944422006607,1.6129032258064515,0.7546817778965739,0.972541979089661,16.081852791878173,21.513283008544835,98.35617597292725,42.14228426945902,60.93168358714044,35.64021347850319,10962.4325264308,367.30661453242095,0.3653098343402105,0.22440887676997456,A,grading/data_processed/potato/A/Potato_Red_1_r_25__100.jpg
4725.0,294.93607211112976,1.6129032258064515,0.6825836677008302,0.9490810485085869,22.18706221672847,16.51918356114564,129.34095591264935,44.38296628579049,63.050473836011534,38.4642038810632,10446.907494172738,545.6498859563376,0.4073517043156324,0.20617569572676966,A,grading/data_processed/potato/A/Potato_White_1_r_96__100.jpg
4712.0,297.76449942588806,1.5873015873015872,0.6678352049297283,0.9445725167886138,20.543370508054522,6.537841302430637,129.1722428748451,45.046752411439144,62.99648905410987,38.4447949592891,11930.287650566892,525.725188391855,0.4136526861266597,0.2199740766642904,A,grading/data_processed/potato/A/Potato_White_1_r_97__100.jpg
5062.0,301.4213527441025,0.71,0.7001385256740347,0.9498967911428036,21.971885230117465,12.79926864037173,129.81166955517043,45.29767137428158,67.24552281917967,40.12400852075804,11504.844132096805,675.9594285714286,0.40768122421813285,0.2479101219624333,A,grading/data_processed/potato/A/Potato_White_1_76__100.jpg
5125.0,301.279217839241,0.71,0.7095212113860632,0.952336709095977,21.898250285279573,10.947717689713228,129.63427158615443,45.68729129444578,68.0439330543933,40.607578574783275,10032.892463300934,719.5588571428572,0.393806715494516,0.23807936851874778,A,grading/data_processed/potato/A/Potato_White_1_77__100.jpg
5538.5,301.1787123680115,0.76,0.7672792962285663,0.9618791246960751,20.908289241622576,7.182654866812107,129.70088183421518,44.777798841207336,72.98447971781304,42.473078171355894,8433.921023528394,636.3617333333334,0.37672441922475797,0.2334923267832728,A,grading/data_processed/potato/A/Potato_White_1_93__100.jpg
5500.0,303.07820761203766,0.76,0.7524248547967562,0.961622519451001,21.180074587107086,8.43337995227337,130.8273841236015,44.36138985881384,72.60166933049192,42.49411994445909,8784.23017998615,641.9512,0.3794587303552816,0.23880772367929998,A,grading/data_processed/potato/A/Potato_White_1_92__100.jpg
5886.5,293.5218584537506,1.3157894736842106,0.8585905721155511,0.9856831882116543,66.08412302576892,80.99695450464331,124.37057356608479,52.2255244277082,77.13532834580217,44.539841491495174,3809.9909181267312,234.81725146198835,0.48661231140769673,0.19787949999829726,A,grading/data_processed/potato/A/Potato_Red_2_r_186__100.jpg
5348.5,304.3502861261368,1.3888888888888888,0.7255952573296698,0.953981985195755,21.44217438890916,12.099717700034143,128.08920102152499,44.97382468832333,70.71160160525356,41.267458229755285,9122.336461728395,486.2429854096522,0.41039915448313535,0.22495151458808507,A,grading/data_processed/potato/A/Potato_White_1_r_73__100.jpg
4845.5,274.20815002918243,1.5873015873015872,0.8098185942596545,0.9836581404790905,41.793999194522755,71.63290521386745,144.6983487716472,50.272303466858205,63.765606121627066,37.10599474556911,7660.652536633914,254.88247554914227,0.4950797943887236,0.2021211169294179,A,grading/data_processed/potato/A/Potato_Red_2_r2_13__100.jpg
5387.5,307.3208484649658,1.356164383561644,0.7168249285927492,0.9574373556068954,21.055072463768116,10.124472235046456,128.9034420289855,44.36869476454036,71.14311594202898,41.61048009887685,9958.902393586586,522.2223930668158,0.4079038193360817,0.22276707096947118,A,grading/data_processed/potato/A/Potato_White_1_r_72__100.jpg
4836.5,273.8650048971176,1.5873015873015872,0.8103413019316126,0.9847297159727171,44.467110573042774,73.63367440417386,143.4600484261501,51.20926911466699,63.57606941081517,36.772138060998,8403.173576694382,248.84463684463682,0.496358117068653,0.20327615650271663,A,grading/data_processed/potato/A/Potato_Red_2_r2_12__100.jpg
4782.5,283.8650041818619,1.492537313432836,0.745832207316337,0.9521202468644236,18.55206847360913,19.76322781148436,95.46036274709599,42.020982852727045,63.15691868758916,36.63495134706574,8312.82116186233,371.842605156038,0.40846295968702273,0.25405610542014434,A,grading/data_processed/potato/A/Potato_Red_1_r_52__100.jpg
4435.5,266.06601536273956,1.7543859649122806,0.7873605233602067,0.9846819846819846,40.83113746157225,70.15245513841523,137.16952129995607,53.86300538038172,58.398989898989896,34.17415816630164,8765.129972176055,257.829700513911,0.4581799875179731,0.19187099699229399,A,grading/data_processed/potato/A/Potato_Red_2_r_114__100.jpg
4263.0,259.13708317279816,0.6276595744680851,0.7977486253801278,0.9803380476026216,11.471098926205164,12.262238146164357,111.70070824765821,44.26030012026839,57.11834589901759,35.07497337926855,13570.190850083278,482.36628760088047,0.36209210104469675,0.19178021295296466,A,grading/data_processed/potato/A/Potato_Red_1_129__100.jpg
4439.5,264.89444303512573,1.7543859649122806,0.7950569326588045,0.9856793960923623,33.17906517445688,64.16121736075823,138.46082949308754,52.7975964212105,58.504059688391486,34.272857211993944,10217.037257617727,256.1378699273436,0.4504503685917086,0.19014266695159732,A,grading/data_processed/potato/A/Potato_Red_2_r_115__100.jpg
4314.0,267.1370825767517,0.59,0.759664177432452,0.9759077027485579,11.319720216606498,10.554119129877295,110.27143501805054,43.98067979092777,57.67238267148014,35.10127270607731,13762.990310226947,465.80586206896555,0.38324189962584504,0.23067032546201408,A,grading/data_processed/potato/A/Potato_Red_1_128__100.jpg
5749.0,315.70562410354614,1.1494252873563218,0.7248322953561755,0.9578473842052649,20.80707122216556,14.12948561456879,138.96906340302567,48.561518082813855,75.81149073601904,43.868919035259346,7088.302657299511,488.8465110878904,0.43256673958557623,0.3110023227741297,A,grading/data_processed/potato/A/Potato_White_1_r2_32__100.jpg
4214.0,263.4802292585373,0.56,0.7627958647276564,0.9817122888759464,56.563380281690144,79.53353000372874,132.69221888709305,52.8847977255516,55.72061879473563,32.690088287678265,10812.877012244899,351.1550909090909,0.4214766173442252,0.2037933648016787,A,grading/data_processed/potato/A/Potato_Red_2_118__100.jpg
4169.0,262.30865490436554,0.55,0.7614063918416105,0.9820965842167255,48.79113185530922,75.63993509603772,132.87047841306884,54.71968903130269,55.32112018669778,33.13223088070864,10456.166376991736,410.6707407407407,0.4144443320984471,0.19832084028848243,A,grading/data_processed/potato/A/Potato_Red_2_119__100.jpg
5790.0,319.36247873306274,1.1363636363636365,0.7133795359007407,0.9535573122529645,20.332489451476793,11.777078472479271,137.35476793248944,49.052415395878185,76.34852320675105,44.273121065426686,6834.1674772210745,511.4986225895318,0.4410925704854323,0.3137932314419787,A,grading/data_processed/potato/A/Potato_White_1_r2_33__100.jpg
5971.0,297.9066352844238,1.2345679012345678,0.845466847038019,0.9836092578865003,52.48926053451385,76.82503661750657,129.03426791277258,51.4221009933467,78.31611739629447,45.15942597069057,5263.783136473099,404.1708442449183,0.4489806915281499,0.2354981200940351,A,grading/data_processed/potato/A/Potato_Red_2_r2_173__100.jpg
5411.0,288.5929265022278,0.72,0.8164245086699506,0.9821217896360831,20.10621387283237,9.640011998435515,134.6860549132948,45.99644676258285,71.27474710982659,41.36356129894993,7068.268557851081,557.6942253521127,0.3447821229063199,0.212165626632544,A,grading/data_processed/potato/A/Potato_White_1_126__100.jpg
5017.0,291.4213534593582,1.356164383561644,0.7423542911666188,0.9570774513544449,14.069998055609567,18.054031295633557,100.38518374489597,41.328925698094466,66.15438460042776,38.17469952683418,9306.545968201244,330.3982387475539,0.4530687998598012,0.2770911577066043,A,grading/data_processed/potato/A/Potato_Red_1_r2_75__100.jpg
4991.0,282.24978029727936,1.356164383561644,0.7872817946592039,0.9618423588359992,14.94131455399061,20.750956359195712,100.8440923317684,42.499366518311916,65.85328638497653,38.19728348620474,8497.603415761227,352.4883980989656,0.4526910345866742,0.28142201195819205,A,grading/data_processed/potato/A/Potato_Red_1_r2_74__100.jpg
3637.0,263.82337474823,1.8148148148148149,0.656638922743756,0.9450435234506951,14.052996005326232,16.472633592376486,91.03035952063915,42.085249032834646,48.87589880159787,30.50235488427782,20205.300972845675,398.0416189385262,0.47342077825013007,0.27874257252896284,A,grading/data_processed/potato/A/Potato_Red_1_r2_144__100.jpg
4810.5,274.2081505060196,0.63,0.8039691124006536,0.9813341493268054,34.38653417156763,66.22103567586554,142.79415939971608,49.478935847858516,63.36057594808355,37.075205421140026,8214.319447593853,387.2977419354838,0.4396684299098961,0.1989470526563939,A,grading/data_processed/potato/A/Potato_Red_2_151__100.jpg
4804.5,275.03657853603363,0.63,0.7981364559877991,0.9836216603541816,33.10802030456853,65.02267083469224,141.96954314720813,49.84915607831532,63.140913705583756,36.753342210364245,7458.548655983875,344.98725806451614,0.431371010020392,0.20018763960591712,A,grading/data_processed/potato/A/Potato_Red_2_150__100.jpg
6483.0,314.73506259918213,0.9183673469387755,0.8224237255946797,0.9751805054151624,14.91796343858589,18.326677768103103,92.47273001964042,37.23005133937913,85.29309563378153,49.372235877573644,3011.522129668193,441.10307268975,0.423635496894931,0.23532996202646678,A,grading/data_processed/potato/A/Potato_Red_1_r_173__100.jpg
5955.5,376.4335457086563,1.1111111111111112,0.5281429125518006,0.8578321930140439,19.371036286368096,5.331963784106403,122.09660019614253,37.92571994859825,79.29045439686172,46.076121444814035,3326.565017666667,484.9890011223344,0.46419886624295464,0.30378124313451293,A,grading/data_processed/potato/A/Potato_White_1_r2_165__100.jpg
3821.5,269.37972354888916,0.57,0.6617804330509938,0.9409085313307891,15.289847715736041,13.890607734204442,97.63172588832488,44.50611842459819,51.29137055837563,31.82404634129262,20167.25621234226,588.0873214285715,0.4075041211656333,0.2854031509039772,A,grading/data_processed/potato/A/Potato_Red_1_90__100.jpg
3913.5,264.208150267601,1.736842105263158,0.7045028933324448,0.9536980626294627,17.379746835443036,22.215236897118004,98.02581285678829,43.25781259867697,52.03028046661703,30.78507915341088,18171.87476494773,301.29717150017905,0.4377754029325863,0.27321375020664734,A,grading/data_processed/potato/A/Potato_Red_1_r2_170__100.jpg
4885.0,275.6223644018173,0.64,0.8080635631076964,0.9821069561720949,30.451058729524572,62.22070557647976,143.23971234518578,50.1226867652051,64.23092289252897,37.10721057335637,7951.380756225586,353.2303174603175,0.43736111061764416,0.1977115548128778,A,grading/data_processed/potato/A/Potato_Red_2_165__100.jpg
4882.5,273.86500465869904,0.64,0.8180484676046526,0.9849707484365544,28.43942423030788,60.525927287062885,141.45981607357058,51.76000816487614,64.2530987604958,37.33842326950779,8006.018584936522,345.4938095238096,0.4431549955344028,0.19851346647490217,A,grading/data_processed/potato/A/Potato_Red_2_164__100.jpg
4335.0,265.9655102491379,0.59,0.7701021249443868,0.9812132186509733,44.70485175202156,73.79124195227581,136.70619946091645,49.61316148618063,57.32524707996406,33.5400654935662,10328.048838236138,361.7212068965517,0.4338535851230755,0.2254627952835565,A,grading/data_processed/potato/A/Potato_Red_2_97__100.jpg
5264.5,295.37972342967987,0.72,0.7582381557156151,0.9684510669610007,20.89696071163825,11.208092277338926,124.75444773906598,42.527520508525924,69.76482579688658,41.23948877452334,9098.349548591821,705.8154929577465,0.3663670176968504,0.23104121632759486,A,grading/data_processed/potato/A/Potato_White_1_181__100.jpg
4558.0,269.96551048755646,0.6,0.785900592629146,0.9758081781203168,14.16442163780201,12.414071207416653,101.69039982895018,43.708164148170475,60.60530254436605,36.364543548272536,13218.261570666666,537.8362711864407,0.3417904377635627,0.1960174804157911,A,grading/data_processed/potato/A/Potato_Red_1_3__100.jpg
6375.0,326.73506247997284,0.89,0.7504099250416739,0.9598012646793135,20.2111400951358,10.983181244589868,109.0794844253491,39.62959315375248,83.80804050943686,48.235587622150405,4864.201166519379,514.5705681818181,0.4510216492882838,0.25015161982864015,A,grading/data_processed/potato/A/Potato_White_1_r2_150__100.jpg
4511.0,276.45079159736633,0.61,0.7417319992467352,0.9686493450719347,13.68674438687392,15.930646769652126,112.17076856649396,46.20547131054214,60.170984455958546,36.471481336029115,13600.611786374631,565.3563333333333,0.37205014184979635,0.21870512238069678,A,grading/data_processed/potato/A/Potato_Red_1_154__100.jpg
6364.0,327.56348860263824,0.89,0.7453307847228844,0.9581451370069256,19.9188441438672,6.800742596429475,109.09237626806025,40.34393993369176,83.61005225945281,48.22231107448681,4919.542986630476,498.5079545454546,0.4499010201487042,0.25232209283583923,A,grading/data_processed/potato/A/Potato_White_1_r2_151__100.jpg
6364.0,303.5634891986847,1.1764705882352942,0.8678425966423506,0.9864372626520964,52.701416692331385,75.98526639697278,129.7565445026178,52.0322151768367,83.61903295349553,48.41396963410984,2823.565143404845,310.29174093879976,0.5026798475701665,0.22696549706229854,A,grading/data_processed/potato/A/Potato_Red_2_r_168__100.jpg
3906.0,275.137082695961,1.7241379310344827,0.6484012550015519,0.935232850472884,15.091360476663356,14.579835173292722,94.66981132075472,42.942384349831144,52.05163853028798,31.680996136219388,16158.950409482759,406.51044932079424,0.433258434089772,0.2924988689072952,A,grading/data_processed/potato/A/Potato_Red_1_r2_41__100.jpg
6539.0,320.8771973848343,1.098901098901099,0.798074601741865,0.9728483225470506,19.809616536848413,9.997925358627315,115.02291791491912,40.60430187763964,86.00449370880767,49.5643390613563,4096.714968953025,480.4884004884006,0.4340961620172469,0.2534803405266409,A,grading/data_processed/potato/A/Potato_White_1_r_148__100.jpg
4459.0,267.1370829343796,1.7241379310344827,0.785197625892847,0.9807544264819091,47.92833733886825,74.11811501721334,137.39086738038017,54.341047773053916,58.84924623115578,34.211802791916526,8632.790633888226,235.41971438523163,0.48948288159238984,0.20381693442039286,A,grading/data_processed/potato/A/Potato_Red_2_r_33__100.jpg
6489.0,316.39191567897797,1.1235955056179776,0.8145858880952445,0.9743243243243244,19.769811320754716,8.880982116896012,115.84935849056603,40.95057243320702,85.36966037735849,49.14117621976512,4371.509169347305,436.23016683690844,0.4152592190434019,0.2418254517465595,A,grading/data_processed/potato/A/Potato_White_1_r_149__100.jpg
4413.0,264.3086565732956,1.7543859649122806,0.7938181362048166,0.9838368074908037,53.34812362030905,77.81950873776856,137.65386313465783,53.97659794070745,58.290728476821194,34.159217226751224,8577.627794983073,228.46854510012406,0.4791037293779772,0.19853748794019074,A,grading/data_processed/potato/A/Potato_Red_2_r_32__100.jpg
5620.0,291.7645002603531,0.7777777777777778,0.8296239509844034,0.9796914494901072,20.267617887593527,7.796083079208152,133.96954933008527,45.53608082103196,74.03288672350791,42.91114962985695,7921.933573232989,607.7413609782031,0.3620667278607332,0.22674816504226028,A,grading/data_processed/potato/A/Potato_White_1_113__100.jpg
4440.0,266.30865585803986,1.7241379310344827,0.7867237643139834,0.9829532875802524,36.7988152698552,67.12555039572155,140.22729267222465,52.104652439011346,58.52150065818341,34.27733658888618,10399.735954785969,226.58551027516546,0.4613558384017519,0.20634344088618048,A,grading/data_processed/potato/A/Potato_Red_2_r_120__100.jpg
4460.0,266.3086556196213,1.7241379310344827,0.7902675664691446,0.9843301699404106,32.83966797728266,63.96350108128614,140.5399737876802,51.97407775597219,58.77544779379642,34.477923494034165,10038.456839447088,224.01428073841873,0.4570251558447293,0.20136741600512872,A,grading/data_processed/potato/A/Potato_Red_2_r_121__100.jpg
5027.0,291.4213526248932,1.3888888888888888,0.7438339731046809,0.9653384541526644,19.500873277702308,7.71028691868062,135.45177566466137,46.18705852686865,66.44517756646614,39.12641729948307,9811.557775000001,474.8052749719417,0.4367821244951856,0.2724506623332938,A,grading/data_processed/potato/A/Potato_White_1_r2_118__100.jpg
6152.5,316.83556711673737,1.0666666666666667,0.7701824702014077,0.9567685249980561,20.51661103163249,17.83152498038911,82.58543951677,35.72095713907683,80.7862025115244,46.45023974399239,4089.176947646069,523.0663157894736,0.42836590075406855,0.25666500780923157,A,grading/data_processed/potato/A/Potato_Red_1_r_66__100.jpg
5316.0,283.7645002603531,0.71,0.8296190390499247,0.9848091885883661,20.899797756940615,12.556461121650788,137.13881228166943,46.61143120303486,70.01066372494944,40.701495838215656,8440.460182503472,487.09700000000004,0.36576945213257406,0.21708981965057314,A,grading/data_processed/potato/A/Potato_White_1_35__100.jpg
4734.5,301.03657710552216,1.639344262295082,0.656516205018827,0.9481325723440472,20.580936729663105,14.232090700107236,125.50657354149548,44.824112551992464,62.94515201314708,37.34259310184761,12389.526253695243,513.9380692167579,0.3596630983244195,0.18909494857477926,A,grading/data_processed/potato/A/Potato_White_1_r_193__100.jpg
4786.0,304.4507911205292,1.6129032258064515,0.6488560291985108,0.9442635888329881,19.873399715504977,10.585291217969662,124.55801666327982,46.183776462523106,63.60719365982524,38.099218338295564,12173.314051092611,622.0764092538286,0.3653983411807794,0.19236897551419133,A,grading/data_processed/potato/A/Potato_White_1_r_192__100.jpg
3916.5,275.3797231912613,1.7241379310344827,0.648999073488052,0.9421457782054367,15.81748390292224,22.78837806314872,90.18845963348193,42.32738035645771,52.277860326894505,31.790556539169607,15569.202206420929,355.96638801811207,0.4700056227667628,0.29314103465356656,A,grading/data_processed/potato/A/Potato_Red_1_r2_138__100.jpg
5344.5,287.66399443149567,1.3513513513513513,0.8116072765632718,0.9826254826254827,20.193672275054865,10.3977402891254,133.75640087783466,44.516864147014665,70.58302852962692,41.51378726091628,9576.765496548574,556.3983073983073,0.3819551230376119,0.24663096840798057,A,grading/data_processed/potato/A/Potato_White_1_r2_94__100.jpg
4692.5,291.17871284484863,1.5873015873015872,0.6954964242602873,0.9451158106747231,21.19983399045445,12.540042192922963,131.30462751608218,43.97051589727775,62.31355052915543,36.9398124769077,12258.542023582766,483.2523649190316,0.42114097757375996,0.2220762719714724,A,grading/data_processed/potato/A/Potato_White_1_r_101__100.jpg
4652.5,291.03657734394073,1.6129032258064515,0.690241547548837,0.9461108286731063,20.625183016105417,9.879278934317496,129.00439238653001,45.086797018367164,61.928676009203095,36.937474880078916,11457.105061290322,501.72548061257737,0.4133310069249867,0.21590625954538867,A,grading/data_processed/potato/A/Potato_White_1_r_100__100.jpg
5434.5,285.1787142753601,1.36986301369863,0.839721443702509,0.9847784724109813,47.272040302267,75.03068662740371,139.52177042101476,52.25025393875246,71.32439726520332,41.00623117617164,6753.019413848752,252.0424795904248,0.5121931226840336,0.22887897745806793,A,grading/data_processed/potato/A/Potato_Red_2_r2_27__100.jpg
5302.0,281.7644990682602,1.408450704225352,0.8392223490435567,0.9844954043264321,47.45464601769911,74.72857084106829,141.32061209439527,51.10683734031269,69.59734513274336,40.11861699423162,7280.568121404484,273.5127329634372,0.5118769428133156,0.22515717363919488,A,grading/data_processed/potato/A/Potato_Red_2_r2_26__100.jpg
5689.5,288.8355679512024,1.2857142857142858,0.8570035504113009,0.9847684984855041,46.758685930512556,72.55985564754747,127.38699690402477,56.990049247851,74.593739250086,42.96090736665374,4823.166815582186,310.9992048767559,0.5075610519649117,0.22442424970058528,A,grading/data_processed/potato/A/Potato_Red_2_r_157__100.jpg
5607.0,288.2497806549072,1.2857142857142858,0.8480128811280697,0.9817035804954916,49.89059500959693,74.21296044026153,128.86093177455942,56.445637181588495,73.48979235735474,42.204184468819854,5550.62327130611,288.32851842035524,0.5089916085082415,0.23425371884560053,A,grading/data_processed/potato/A/Potato_Red_2_r_156__100.jpg
5229.0,282.45079135894775,1.4142857142857144,0.8236504008531538,0.9840971111320223,15.435643564356436,15.692318096040935,97.75583784793574,39.461383649895176,69.05510928451336,40.19128264890463,7659.478267648657,485.3287172011662,0.3591257362547275,0.2156871922578601,A,grading/data_processed/potato/A/Potato_Red_1_r_10__100.jpg
5187.5,283.86500430107117,1.4142857142857144,0.8089920694623974,0.9835987864998104,14.904367469879517,15.252292309165982,95.457078313253,39.27220568871212,68.34469126506023,39.46483076295467,8007.358801559192,438.4903790087463,0.3627220144561602,0.22220958215809763,A,grading/data_processed/potato/A/Potato_Red_1_r_11__100.jpg
6477.0,323.2203423976898,0.92,0.7790877739064888,0.9637675768172012,15.705562273276904,17.051128903169005,91.76435912938331,38.89988008308036,85.2589177750907,49.58025975602068,3355.463659912571,514.4896703296702,0.45318833092219846,0.2667840720396756,A,grading/data_processed/potato/A/Potato_Red_1_r_178__100.jpg
6751.0,311.56348955631256,0.9,0.873946511804142,0.9884333821376281,48.4480755265069,73.34466013436287,126.16122004357298,52.885449228721534,88.70878721859114,51.229313615104225,2403.3653684444444,384.50269662921346,0.4646408803406395,0.21987423382966925,A,grading/data_processed/potato/A/Potato_Red_2_r2_51__100.jpg
5587.0,288.93607211112976,1.3513513513513513,0.8409787193416125,0.9845801392193145,52.18379135305444,76.7311589529224,132.7470680903203,50.597583349578194,73.33327498687204,42.31697019065461,5919.307100054785,345.7967512967513,0.44319058568739383,0.2169706274068779,A,grading/data_processed/potato/A/Potato_Red_2_r2_179__100.jpg
4220.5,266.5512959957123,0.58,0.7464696790248896,0.97313811390362,51.10096818810512,76.76023782894917,127.9255417242969,55.60203831116365,55.837713231904104,32.950406837683204,12401.732491200952,406.0045614035088,0.4308208254781387,0.2289623239048918,A,grading/data_processed/potato/A/Potato_Red_2_112__100.jpg
4218.0,271.62236404418945,1.694915254237288,0.7184315396948647,0.9622447815672408,15.86995619091538,29.462671854548,107.67604334793636,46.676378472768604,55.97233110445008,32.921559360464904,11454.728445733985,404.7399417907893,0.40833031671788844,0.253789516433658,A,grading/data_processed/potato/A/Potato_Red_1_r_131__100.jpg
4196.0,271.13708221912384,1.706896551724138,0.7172449633010662,0.9630479687858619,14.142029657089898,24.660155056481,107.60727525486561,47.02473402073936,55.74976830398517,33.23602561869963,11244.43041265536,387.66660802251926,0.38780954713220256,0.2384827685302704,A,grading/data_processed/potato/A/Potato_Red_1_r_130__100.jpg
4222.5,262.89444291591644,0.56,0.7677444933761622,0.9817484305975355,53.98847660751325,78.02926012282057,128.754782207882,56.263953150510744,55.75662595067988,32.617949483171536,10363.13899987245,361.5676363636363,0.4118616181450837,0.20552050429567947,A,grading/data_processed/potato/A/Potato_Red_2_113__100.jpg
5406.0,303.0782080888748,1.2564102564102564,0.739565227678548,0.9426329555361813,18.140689904280297,12.141461975063885,88.40978869423876,38.48643815528509,70.99927758714105,40.843132332769144,6629.609635637655,421.7231033571241,0.43754725619255697,0.26097063993303904,A,grading/data_processed/potato/A/Potato_Red_1_r_59__100.jpg
4209.5,265.3797228336334,0.59,0.7511123546811416,0.9730698104484512,12.521035598705502,16.674174816647298,108.91793804900601,44.62079883190628,56.300739713361075,34.20548488092501,14568.302499281814,470.47948275862075,0.3868846675198064,0.24265138942428552,A,grading/data_processed/potato/A/Potato_Red_1_123__100.jpg
5392.5,298.97770178318024,1.2658227848101267,0.7580928829033754,0.9678722067665799,19.596376811594205,8.49486980238438,134.06177536231883,46.2637639813022,71.0625,41.31967422194869,8211.379981974042,426.089758342923,0.47426129331200745,0.2891099503361178,A,grading/data_processed/potato/A/Potato_White_1_r2_127__100.jpg
5292.5,294.8355666399002,1.3157894736842106,0.7650872881955566,0.9689674112046869,19.53357933579336,10.695525227032228,134.4728782287823,45.7727480861873,69.75202952029521,40.406122640059856,8443.337675831024,419.7894736842105,0.4529568302151093,0.271979287053669,A,grading/data_processed/potato/A/Potato_White_1_r2_126__100.jpg
4199.5,275.0365777015686,0.58,0.6976322337931993,0.9678497349619728,12.556018518518519,14.758757942308502,108.53518518518518,44.76083732794825,56.13611111111111,34.269236172396816,13442.993107728897,471.99438596491234,0.3825181884402208,0.23537243821698167,A,grading/data_processed/potato/A/Potato_Red_1_122__100.jpg
5571.0,285.76449942588806,1.36986301369863,0.857287461407513,0.9871533622751838,32.44881474978051,62.72837724338889,135.77611940298507,49.65959550988334,72.97699736611062,41.83045335888467,5178.3019968286735,254.4303307043033,0.4391876244335007,0.20821214176413655,A,grading/data_processed/potato/A/Potato_Red_2_r2_130__100.jpg
5025.5,276.69343161582947,1.492537313432836,0.8248812692928538,0.9827906521951697,43.903031480761754,73.013519839975,142.51321414691023,51.02640926583735,65.97687524290711,38.07864161918038,8711.285777032746,254.78034072063923,0.5118272927515096,0.22334205616165925,A,grading/data_processed/potato/A/Potato_Red_2_r2_19__100.jpg
4967.5,275.5218585729599,1.492537313432836,0.8223100934524087,0.9822046465645081,44.63672105366621,73.67102433867485,142.8348732062119,50.64627986478939,65.39119323766464,37.99978667300948,7996.895800289596,293.39182873511237,0.5109220048371333,0.2293709626916704,A,grading/data_processed/potato/A/Potato_Red_2_r2_18__100.jpg
4909.5,275.03657722473145,1.5625,0.815579346037338,0.9843609022556391,54.101192842942346,76.67632195454918,135.0168986083499,52.15369464889776,64.43081510934394,36.85937875114143,6879.938471069336,236.5858585858586,0.47615470697597445,0.2027649685663496,A,grading/data_processed/potato/A/Potato_Red_2_r_44__100.jpg
4783.5,272.20815002918243,0.63,0.8112475426133144,0.9862886597938144,30.240872934937794,60.65682117403289,139.29675708749744,52.439351872509036,62.94758311238017,36.343101598903864,8219.426286218191,358.9488709677419,0.41365985517089715,0.20296793034669186,A,grading/data_processed/potato/A/Potato_Red_2_180__100.jpg
4006.0,277.137082695961,1.694915254237288,0.6554378646061116,0.9315195907452621,15.79002179704529,17.9854556891759,91.57544199564059,42.23613040979051,53.41099539840155,32.28823004097188,13733.078491094513,384.51343947954115,0.428139936355168,0.2864876366525346,A,grading/data_processed/potato/A/Potato_Red_1_r2_36__100.jpg
5002.0,275.6223645210266,1.5384615384615385,0.8274173877519647,0.9849364969971448,51.19012297481944,75.047384107993,134.20847159867265,51.636183084533485,65.74019129416358,37.47358545162374,6106.061289917159,237.3310023310023,0.46643369126547934,0.20015479689301827,A,grading/data_processed/potato/A/Potato_Red_2_r_45__100.jpg
4724.0,272.1076456308365,0.64,0.8017486985150495,0.9832448745967323,33.160677406030565,63.320717117136965,139.18360181743083,51.80536561239427,62.275919041718296,36.44405038946431,9358.899937109374,365.9036507936508,0.4274813114000496,0.2224637009975489,A,grading/data_processed/potato/A/Potato_Red_2_181__100.jpg
4724.5,288.89444184303284,0.64,0.7113565661969906,0.9567638720129608,21.055212196126906,11.402776925710626,119.51277297074577,42.47030691098508,62.83930778739184,37.76651934629435,13051.076032714844,625.0996825396826,0.37000517130777727,0.2180925232612158,A,grading/data_processed/potato/A/Potato_White_1_165__100.jpg
6215.0,299.42135417461395,1.180722891566265,0.8711349873278883,0.9872130887141609,56.412923561859735,77.43015067334468,128.53680063041764,52.30677776659074,81.71158392434988,47.23761873644691,2808.739976384616,286.71456961868097,0.489691311289267,0.20726330531074733,A,grading/data_processed/potato/A/Potato_Red_2_r_174__100.jpg
4489.5,275.379723072052,0.61,0.7439502982119799,0.9679818887451488,12.833008024289741,15.663822258101574,111.90349165040122,45.71530823028052,59.83495987855129,35.96911071619744,12813.45257016931,443.04816666666665,0.3744484993893616,0.22185862615638816,A,grading/data_processed/potato/A/Potato_Red_1_148__100.jpg
4996.0,296.4507911205292,1.5384615384615385,0.7143763466362483,0.9614163379197537,21.09869319290033,9.677681099201873,128.83713672713088,45.45702945691056,66.36941681295104,39.74932257687066,10079.265867076923,596.6675990675991,0.3844839060375726,0.19802550401334992,A,grading/data_processed/potato/A/Potato_White_1_r_80__100.jpg
4514.5,275.37972342967987,1.6666666666666667,0.7480930198362045,0.974317470594583,15.625107851596203,16.850407894575124,100.85353753235547,43.69064703661522,59.79421915444349,35.49277680854172,12069.389135305553,402.95723905723906,0.35630304839555227,0.21426297689926363,A,grading/data_processed/potato/A/Potato_Red_1_r_33__100.jpg
4598.5,276.20815122127533,1.639344262295082,0.7574484355345583,0.9758090185676392,14.809533898305085,13.241256876937854,101.04978813559322,42.934669773962106,61.06906779661017,36.343860029485874,11284.518208519215,451.69514820334496,0.3570164978026662,0.21471543223829267,A,grading/data_processed/potato/A/Potato_Red_1_r_32__100.jpg
4951.0,293.279217839241,0.66,0.723336218827757,0.9661430383452044,21.491338582677166,9.144009902982107,130.51161417322834,45.842866064939535,65.5503937007874,38.76151365452431,9625.827818158861,514.7063076923077,0.3804201785265404,0.20978041492285954,A,grading/data_processed/potato/A/Potato_White_1_61__100.jpg
4737.5,271.03657746315,0.63,0.8104071757077058,0.9849272349272349,28.82866556836903,59.423936002656866,137.2246705107084,52.97570991613799,62.5088550247117,36.653059782783,9065.855520760897,374.8656451612904,0.42757173799360587,0.20820469146584356,A,grading/data_processed/potato/A/Potato_Red_2_179__100.jpg
4969.0,290.10764491558075,0.66,0.7419258685873166,0.967955585857602,20.872841444270016,6.9468943352973325,130.56397174254317,46.20446577992898,65.89403453689168,39.334058113529956,9949.11805268595,575.9803076923077,0.3782626264326367,0.20793054712099304,A,grading/data_processed/potato/A/Potato_White_1_60__100.jpg
6063.0,305.5634880065918,1.1904761904761905,0.8160081841836369,0.9772727272727273,19.82434614142719,6.9637523682157685,116.69954794962867,40.64329711895623,79.67807555699063,46.07553022391631,6223.274903273809,429.5343915343916,0.41806025795506496,0.2488653736088027,A,grading/data_processed/potato/A/Potato_White_1_r_154__100.jpg
4465.5,268.89444231987,0.59,0.7760975378277201,0.9795985521553142,35.83053435114504,66.46030838033354,136.85605234460195,52.07722014599713,58.93020719738277,34.20095742568977,10275.362501436368,353.4418965517241,0.41748076124919686,0.20126107328418127,A,grading/data_processed/potato/A/Potato_Red_2_18__100.jpg
4967.5,292.69343197345734,1.5384615384615385,0.7286547256037261,0.9547376513549876,20.096350078492936,9.013134625825408,126.58712715855573,45.374140873802105,65.82692307692308,39.00109522813537,11180.229727905325,542.7260295260297,0.35129255560799494,0.20451312861119145,A,grading/data_processed/potato/A/Potato_White_1_r_12__100.jpg
4486.0,321.07820868492126,1.5555555555555556,0.5468238780453772,0.9429322122963741,12.90293990488543,17.728737470543695,100.6011673151751,42.99138039291482,59.66277561608301,34.61437843648382,13256.464266878178,391.98461790214355,0.3883689000227193,0.23738484959071415,A,grading/data_processed/potato/A/Potato_Red_1_r_112__100.jpg
5419.0,285.76450061798096,0.72,0.8338970947061348,0.9850040897936926,20.005953454807866,8.989548359657723,136.80570088399784,45.99214716177758,71.40483492693487,41.503068557609474,7844.324887943672,541.0567605633803,0.34933992437344386,0.2131690955112748,A,grading/data_processed/potato/A/Potato_White_1_28__100.jpg
4421.0,266.3086565732956,0.58,0.7833571494029334,0.9815719360568383,49.728574575897774,76.6702676490046,136.84247631636924,51.82041959386246,58.35007710949549,34.388763770869964,10728.063103180739,352.9352631578947,0.432283536400394,0.19621809023394599,A,grading/data_processed/potato/A/Potato_Red_2_131__100.jpg
5284.5,292.0071406364441,1.32,0.7788015782362373,0.9665294924554184,13.703381999630382,12.800062720096488,91.11273332101275,39.010556913094575,69.57678802439474,40.25231097724256,7738.990588878686,378.5473469387755,0.4642067727346315,0.25899779075450746,A,grading/data_processed/potato/A/Potato_Red_1_r2_124__100.jpg
5614.5,304.977702498436,1.1951219512195121,0.7585509793075974,0.9554969366916269,15.492950391644909,23.018847858731093,96.3171453437772,39.09956975846941,73.89904264577893,42.78878326119904,6442.35934970086,409.6854412874026,0.47283443310242396,0.2718430885790347,A,grading/data_processed/potato/A/Potato_Red_1_r2_87__100.jpg
5554.0,306.04877066612244,1.180722891566265,0.7451341377096876,0.9572561185798001,14.686136523574946,20.295408370059228,95.72079521463758,38.57142378673027,73.054890921886,42.29762612235192,7312.707596069258,403.41994783256723,0.48606357685583246,0.28850868954897657,A,grading/data_processed/potato/A/Potato_Red_1_r2_86__100.jpg
5188.5,293.1787133216858,1.3243243243243243,0.7585545471363102,0.9667411961989939,13.39691497366441,14.557367571199256,88.70767494356659,37.706705765428985,68.33126410835214,39.53688271462866,7987.764178544885,372.478963499582,0.4641095711836732,0.2549101891156111,A,grading/data_processed/potato/A/Potato_Red_1_r2_125__100.jpg
5471.0,288.10764515399933,1.36986301369863,0.8282606202534666,0.9824907964442848,52.35769162051099,77.01052544534836,132.65570841522245,49.94268208334491,71.89297838127568,41.71628587334158,6842.780419290673,350.8327106683271,0.44984078503127756,0.2223202701151816,A,grading/data_processed/potato/A/Potato_Red_2_r2_181__100.jpg
5570.0,289.27921855449677,1.36986301369863,0.8364319005788639,0.9847078582162114,52.09671757065122,76.9883966516764,131.7182727751448,50.765007435782955,73.18290328242935,42.1987519953267,5357.258265790956,341.97467828974675,0.43644854812043565,0.2098343318855174,A,grading/data_processed/potato/A/Potato_Red_2_r2_180__100.jpg
4797.5,296.2081505060196,1.6129032258064515,0.6871172293065062,0.9506588724858813,20.20227226617975,11.564380767079248,128.62203286670723,44.47745535368955,63.91377561371475,38.41452150547478,11058.038798933401,576.4403714565005,0.35859060009457966,0.19317934071068874,A,grading/data_processed/potato/A/Potato_White_1_r_4__100.jpg
3790.0,266.6518017053604,0.53,0.6698229584484953,0.9626619253238506,14.020977232028653,12.745198383247676,101.31823995906882,44.13265228339872,51.146840624200564,32.36712101443804,18451.62681751513,507.8671153846154,0.3657268756381671,0.2386428823490405,A,grading/data_processed/potato/A/Potato_Red_1_100__100.jpg
5215.5,288.3502857685089,1.408450704225352,0.7882519276091523,0.9759543413173652,20.614866129938214,13.690378761340536,134.92323534918555,43.684500870092165,68.7129750982962,40.22744033344516,8881.385299266018,452.38810641627543,0.3908763443092614,0.236230122666852,A,grading/data_processed/potato/A/Potato_White_1_r2_104__100.jpg
4836.5,297.5218588113785,1.5873015873015872,0.6865992090269011,0.9482403685913146,20.61787799476545,13.34299746397148,127.90054358767868,44.0182093214706,64.2496476746527,37.95372564442931,11158.307277676997,504.94692961359624,0.36493369182557095,0.19984420349135373,A,grading/data_processed/potato/A/Potato_White_1_r_5__100.jpg
5223.0,289.76449978351593,1.3888888888888888,0.7816989622461629,0.976809425846269,20.304916806879792,11.136331872938273,134.9904655075715,44.30849321826807,68.7687418209011,39.999553497303324,9446.23609228395,402.34231200897864,0.396595327199224,0.246232944272157,A,grading/data_processed/potato/A/Potato_White_1_r2_105__100.jpg
3812.5,267.7228693962097,0.53,0.6684189814898318,0.9598439073514602,13.389977105062325,10.350302528252005,100.71737471381329,44.10846406547141,51.31289748155685,32.052127537797425,17754.38580316839,512.9565384615383,0.373357372830597,0.23386655401907594,A,grading/data_processed/potato/A/Potato_Red_1_101__100.jpg
4804.5,272.2081513404846,1.5873015873015872,0.8148089852479677,0.9867529266789895,42.2772136474411,71.3538177233031,139.9453696181966,47.911466179567945,63.22420796100731,36.88585504882635,9567.110042831948,293.71813371813374,0.45581413207779803,0.2078848799280587,A,grading/data_processed/potato/A/Potato_Red_2_r2_112__100.jpg
4530.5,277.5218597650528,0.65,0.7391993977458121,0.9573164289487586,14.751236293270264,15.14982992945049,102.72995054826919,42.82085009347834,60.246828639002366,36.20409263504119,13091.787166485206,537.2648437500001,0.4001933716701364,0.2650924118423728,A,grading/data_processed/potato/A/Potato_Red_1_192__100.jpg
5215.5,289.17871367931366,1.3888888888888888,0.7837420898646944,0.9768683274021353,20.058603257816888,11.90369406711295,136.22355364164014,43.19734582779988,69.01535293016289,40.836559032964836,9014.567259239968,540.2404601571268,0.4022214837015407,0.2476631630410596,A,grading/data_processed/potato/A/Potato_White_1_r2_196__100.jpg
5195.5,288.8355667591095,1.36986301369863,0.7825928434687535,0.9733957845433255,20.355075187969923,12.045904234590836,138.2825187969925,42.95871941884196,68.67763157894737,40.41760424290949,9220.42390833177,514.4174622941746,0.4109509902307837,0.2596011698995954,A,grading/data_processed/potato/A/Potato_White_1_r2_197__100.jpg
4535.5,276.69343161582947,0.65,0.7444530886235675,0.9562513177313936,15.352018900343642,18.3761997353756,103.88874570446735,42.56548010663716,60.536941580756015,36.82961385387384,13871.646483763314,584.8943750000001,0.40033792242857946,0.2616805242606789,A,grading/data_processed/potato/A/Potato_Red_1_193__100.jpg
5691.5,292.8355665206909,1.2820512820512822,0.8340439915096564,0.9828181661198412,19.854761086283947,6.679345766541172,132.5550017188037,44.356172913505944,74.91474733585424,43.695483078193384,7476.0104701512155,506.9392644392645,0.3742973359145224,0.24188071142481293,A,grading/data_processed/potato/A/Potato_White_1_r2_89__100.jpg
5353.0,299.76449942588806,1.2894736842105263,0.74859463400965,0.9539338857702931,17.4735594456601,16.511667106679383,81.58424507658643,36.78230078619244,70.4015317286652,40.38651655880278,7394.095406183913,365.96554530656533,0.4223609120268873,0.24966210429318184,A,grading/data_processed/potato/A/Potato_Red_1_r2_14__100.jpg
4935.5,291.3797233104706,0.66,0.7305036111144547,0.9695511246439446,20.27147087857848,7.79299971317254,128.17907206317867,45.055123814747525,65.42349457058243,38.59270860898586,10705.03217573462,504.47523076923073,0.36123200371406994,0.2098569532524533,A,grading/data_processed/potato/A/Potato_White_1_146__100.jpg
3472.5,262.89444184303284,1.8867924528301887,0.6313778034360656,0.9319645732689211,15.896349958205628,21.661775086822374,91.38032878239063,44.191230164006726,46.40317637224854,28.431621342574697,22359.911463830544,290.7489994282447,0.48768310260345227,0.31349411941955746,A,grading/data_processed/potato/A/Potato_Red_1_r2_153__100.jpg
4740.0,274.79393780231476,0.62,0.788812729710336,0.9812648794120692,36.01275457724748,67.67118792220786,139.85126517177537,50.45212465566684,62.4227525200576,36.563039275978426,7813.800551508845,346.78836065573773,0.43962667303574005,0.19768836757520625,A,grading/data_processed/potato/A/Potato_Red_2_146__100.jpg
3481.0,263.96550941467285,1.8333333333333333,0.6277974087265515,0.9257978723404255,16.658604392549346,24.041866262569624,92.81762579927718,42.62851788720824,46.69391159299416,29.327993786381402,23374.215010813965,365.63284202569923,0.4835534717704726,0.31704680083210884,A,grading/data_processed/potato/A/Potato_Red_1_r2_152__100.jpg
4747.0,272.7939382791519,0.62,0.8016036100104946,0.9801775758827174,35.129648654201766,66.8796366664534,141.2597082391617,50.109105797518936,62.426546126977605,36.23480740628788,8620.15820080645,349.42409836065576,0.44061327273884576,0.19722755898754876,A,grading/data_processed/potato/A/Potato_Red_2_147__100.jpg
3837.0,268.7939372062683,0.57,0.6673639234429303,0.9470566456867827,14.957016434892541,12.557757262241429,98.46700379266751,44.59015340896882,51.37850821744627,31.346739006166604,17978.557392767005,452.14357142857136,0.41588147551180876,0.28450696366248923,A,grading/data_processed/potato/A/Potato_Red_1_87__100.jpg
6011.5,299.3208477497101,1.2345679012345678,0.8431770599250942,0.9833156129876502,21.331921824104235,14.611279963431853,123.81954397394136,38.30785644734104,79.14446254071662,46.204722289444014,6675.805402469135,603.6407282703578,0.39873691973122294,0.22983539762809121,A,grading/data_processed/potato/A/Potato_White_1_r2_173__100.jpg
4456.0,277.6223635673523,0.63,0.7265176199965842,0.9674337820234477,14.77916120576671,18.013839468658144,102.1647007426824,43.914483141001256,59.55679335954565,36.06817768034558,14497.283650692872,543.9006451612903,0.37844240995327877,0.2536536092507892,A,grading/data_processed/potato/A/Potato_Red_1_177__100.jpg
4441.0,274.4507911205292,0.64,0.7409035286952889,0.9641771602257925,15.033545275158957,18.517671523263445,101.3595702696777,43.10419936383379,59.11795658846744,35.5214562213327,13315.170640234375,477.2087301587302,0.3925405158780595,0.2643535829725707,A,grading/data_processed/potato/A/Potato_Red_1_176__100.jpg
6161.0,303.9066355228424,1.2048192771084338,0.8382637919501205,0.9809728524798981,20.685791481246028,11.60830183998253,123.47933884297521,37.60618429982116,81.04895104895105,47.20673332462191,6668.044038844535,534.2281854691494,0.3969116645310186,0.22954038533447926,A,grading/data_processed/potato/A/Potato_White_1_r2_172__100.jpg
4667.0,270.7939372062683,0.61,0.7997786222910647,0.983458012854283,15.320309235269535,16.287648636542553,101.65022983702465,43.66644186993313,62.105725031341414,36.97873962301321,11965.540581994086,597.8186666666667,0.3241562811805743,0.19268230905358757,A,grading/data_processed/potato/A/Potato_Red_1_14__100.jpg
4666.5,271.3797231912613,0.61,0.7962443137161264,0.9816976964342063,14.79502716255746,12.836135930818429,102.54095277893857,44.43778071224082,61.90555787714166,36.40835890898624,11113.711875839826,551.9816666666667,0.32797983381200574,0.1930486769358098,A,grading/data_processed/potato/A/Potato_Red_1_15__100.jpg
4509.5,268.89444267749786,1.7241379310344827,0.7837446730544505,0.9857907968083943,57.28580686973429,79.75110460679481,131.78569885504427,51.526202444992116,59.46143875567077,34.79404690931922,9696.968633501783,189.03169627307565,0.48141532176159213,0.19446076351166636,A,grading/data_processed/potato/A/Potato_Red_2_r_4__100.jpg
4493.0,278.93607223033905,1.4776119402985075,0.7256662420818486,0.9530172870930109,14.00260078023407,16.18557027242124,99.90528825314261,42.78617821395846,59.37191157347204,34.84569303812613,11127.868572110052,309.64163874505016,0.45153671725323,0.29358603691754626,A,grading/data_processed/potato/A/Potato_Red_1_r2_62__100.jpg
4341.0,266.30865597724915,1.7543859649122806,0.7691819499615987,0.98123869801085,54.90065037003812,78.48637466956846,129.52321148239517,51.60606113191483,57.35613366225611,34.0885765579615,10139.59825235457,262.81127060074425,0.4843097031676918,0.20929889492947826,A,grading/data_processed/potato/A/Potato_Red_2_r_10__100.jpg
4476.0,267.48022842407227,0.58,0.786170187903245,0.9816865884417151,37.83177366702938,68.2950823431819,132.4600652883569,53.63506523172518,59.20413492927095,34.70760350896392,12153.039616527944,417.99421052631584,0.39018485148982535,0.1850289255584678,A,grading/data_processed/potato/A/Potato_Red_2_26__100.jpg
4304.5,265.23758828639984,1.7857142857142858,0.7688868536409994,0.9841106538637403,56.286909337553695,79.23968469795419,131.65543748586933,51.36539249948738,56.76938729369206,33.26897207021874,9233.829792059949,205.24458874458878,0.4854514903686419,0.20372967401560094,A,grading/data_processed/potato/A/Potato_Red_2_r_11__100.jpg
5318.0,284.93607234954834,0.71,0.8231203330029976,0.9848148148148148,19.46416758544653,4.977633042098778,133.69349503858876,46.25408938231669,70.16923925027564,40.636730077991636,7413.258438305891,521.6437142857142,0.3436041797915855,0.21376312467165087,A,grading/data_processed/potato/A/Potato_White_1_130__100.jpg
5304.0,284.1076457500458,0.7,0.825748011755146,0.9834059516084176,20.33511422254974,8.82194527044212,134.16764922623435,45.207194011803224,69.90549005158438,40.670976373321366,8041.435576408162,489.3382608695652,0.33811342292482577,0.20630616768438284,A,grading/data_processed/potato/A/Potato_White_1_131__100.jpg
4614.0,270.79393672943115,1.694915254237288,0.7906960737619323,0.9823291462635725,47.63638284386224,74.48268411812712,133.20726811747306,52.844376583356166,60.80076061694486,35.3818179861079,11146.21843539213,266.8565314158535,0.41317898354475163,0.1883633676442255,A,grading/data_processed/potato/A/Potato_Red_2_r_103__100.jpg
5021.0,277.2792179584503,1.492537313432836,0.8206641166875226,0.9861533929097516,33.19389342668222,63.763955524767816,137.71703617269546,47.76731835844062,66.01886425515363,38.46318755639841,8362.8895159501,325.8462234283129,0.44318841708352946,0.22287830317021953,A,grading/data_processed/potato/A/Potato_Red_2_r2_96__100.jpg
4929.0,276.45079159736633,1.5151515151515151,0.8104626522472085,0.9848151848151848,34.1570297029703,64.55338181728877,136.7348514851485,48.606066455382575,64.79485148514851,37.668642488921066,9377.485040955005,323.3374655647383,0.4487153050452441,0.2242356064437173,A,grading/data_processed/potato/A/Potato_Red_2_r2_97__100.jpg
4554.0,281.27921760082245,1.5873015873015872,0.7233152132334666,0.9578294247554948,16.476373743852896,14.75096268043956,102.79965790036348,43.39785975399995,60.45093008338679,35.53320890215732,10349.73021947594,386.1904761904762,0.39203285744770633,0.24595628263447525,A,grading/data_processed/potato/A/Potato_Red_1_r_44__100.jpg
5543.0,303.2203435897827,1.2345679012345678,0.7575966952953227,0.9663528591352859,19.698871650211565,11.534776576038466,140.11988716502117,47.33522097442999,73.11036671368124,42.15772927883241,7328.791011796982,444.58535977054487,0.41216587893081813,0.2875653924441355,A,grading/data_processed/potato/A/Potato_White_1_r2_24__100.jpg
5083.0,288.4507905244827,0.7,0.7676911016233648,0.9689287075867328,20.42053742802303,9.151314920728577,123.57811900191939,42.549126412395225,67.23800383877159,39.38455730578593,8883.130331102042,567.0376811594202,0.3815914344646446,0.234553050236703,A,grading/data_processed/potato/A/Potato_White_1_178__100.jpg
4481.5,268.5512968301773,0.6,0.7808700338373468,0.9812787387781914,32.068260869565215,62.84572304995032,135.02152173913043,54.22252634193397,59.05130434782609,34.30219885262106,9056.211991083333,375.9522033898306,0.4279868522197944,0.21431176296169985,A,grading/data_processed/potato/A/Potato_Red_2_7__100.jpg
5688.0,300.73506236076355,1.2820512820512822,0.7903169962977096,0.9677584006805615,20.102458311844593,10.371349227265657,128.912497851126,44.187343325836345,75.02372356884992,43.452876050042775,6572.930242587114,435.13144263144267,0.4356659597181026,0.2436215829814593,A,grading/data_processed/potato/A/Potato_White_1_r_122__100.jpg
5312.0,298.79393684864044,0.74,0.7476948157194148,0.9577210853691517,21.779063360881544,12.297455172273452,130.487419651056,44.929620278541734,70.2337924701561,41.108598548209756,8626.797021165083,571.0475342465753,0.3988704215055418,0.24523457774848018,A,grading/data_processed/potato/A/Potato_White_1_85__100.jpg
4483.0,267.9655097723007,0.6,0.7845503219815982,0.9821448132325556,35.68811128015649,65.88734175763658,136.05716148663333,53.804087218932644,59.08693762225603,34.397206841584385,9692.773041972223,362.62271186440677,0.41402973610240557,0.21266611027938068,A,grading/data_processed/potato/A/Potato_Red_2_6__100.jpg
5851.0,295.90663516521454,1.2098765432098766,0.8397123780183321,0.9816290579649358,18.665607226497155,18.33814273302835,83.03445968551355,38.355961851047795,76.81164268986284,44.26483588390997,4591.846886769414,393.52768232149674,0.41836080107172896,0.23573246365410772,A,grading/data_processed/potato/A/Potato_Red_1_r2_189__100.jpg
5442.5,284.69343185424805,1.408450704225352,0.8438269785351069,0.9851570277853199,61.759834740434705,80.21548791446486,125.17477995329621,52.09840100867201,71.42751931022094,41.2839743201164,6443.459183019242,246.90667235737658,0.48632955052936844,0.20577319548507236,A,grading/data_processed/potato/A/Potato_Red_2_r_190__100.jpg
5109.0,290.59292674064636,1.4285714285714286,0.7602837158780668,0.9586265128060794,20.726647564469914,10.855865915200722,131.981852913085,44.346433514208705,67.48118433619867,39.647175783332614,10386.818569387755,443.34242424242433,0.4274549328795213,0.2400113115737501,A,grading/data_processed/potato/A/Potato_White_1_r_116__100.jpg
5283.0,294.2497799396515,1.3888888888888888,0.7667577622930737,0.9617695248498088,20.453974121996303,10.01371554388208,131.6815157116451,44.52204640194833,69.75951940850277,40.70620160745674,9684.912863888889,481.3303872053871,0.435391650611158,0.23551624720790096,A,grading/data_processed/potato/A/Potato_White_1_r_117__100.jpg
4256.5,278.2081505060196,0.62,0.6910712145417094,0.953090013434841,15.662936743548755,8.827163522673237,100.5364238410596,45.83428987592743,56.87211692167161,34.331911568828936,14299.06709612383,548.0431147540984,0.38661090831835343,0.2727774026961561,A,grading/data_processed/potato/A/Potato_Red_1_69__100.jpg
4970.5,275.0365775823593,1.5384615384615385,0.8257128279735704,0.9854282315622522,29.96307208799843,60.739237491407366,144.9171086230603,46.603015954122725,65.3007267727362,37.848394936580426,8128.845455053255,261.426418026418,0.451412891509573,0.20677125048487113,A,grading/data_processed/potato/A/Potato_Red_2_r2_119__100.jpg
4956.5,276.20815074443817,1.5384615384615385,0.8164169150135104,0.9848981619473423,25.235525797558093,56.054410618720595,144.22115005907838,46.72882023446378,65.14789287120914,37.64437334471509,8806.872199668638,260.2694638694639,0.44487162412068276,0.20747914079117613,A,grading/data_processed/potato/A/Potato_Red_2_r2_118__100.jpg
5656.0,289.76449942588806,1.3333333333333333,0.846503798846989,0.9859670530811471,45.22742995503286,73.43647314491815,136.9821860947769,52.52650854398626,74.16534071255622,42.6027151846766,5651.4973382222215,249.4666666666667,0.5025352347224756,0.21865702499558107,A,grading/data_processed/potato/A/Potato_Red_2_r2_30__100.jpg
5754.0,291.4213536977768,1.2987012987012987,0.8514065346588572,0.9856959314775161,42.6687074829932,71.71044696870617,135.15204081632652,52.983061205885626,75.43401360544217,43.331745910116176,5187.759497385731,255.8862652499016,0.4983015316337672,0.22632973449635016,A,grading/data_processed/potato/A/Potato_Red_2_r2_31__100.jpg
4557.0,274.79393672943115,0.63,0.7583585732825096,0.9606830399494044,14.045104745617785,14.058370065433628,102.46558358272766,42.54160742526189,60.59427105600684,36.27673764843072,14557.02620770975,552.3658064516129,0.38365150634964895,0.23476300955552407,A,grading/data_processed/potato/A/Potato_Red_1_199__100.jpg
4738.0,272.4507910013199,1.5873015873015872,0.8021004761810774,0.9814603832211289,35.27033148033766,65.8639641822316,135.1704756022236,53.73578374456882,62.33909820877085,36.09827624298223,8408.38772748803,223.16851050184383,0.49134578686748914,0.21887351255338977,A,grading/data_processed/potato/A/Potato_Red_2_r_137__100.jpg
5489.5,289.52185797691345,0.74,0.8229622972596946,0.9828126398710948,20.01264245014245,8.288405624954802,135.17485754985756,46.39766081507519,72.35113960113961,42.206151812716264,8254.129873466034,641.4172602739727,0.3681275003618446,0.22240157401387844,A,grading/data_processed/potato/A/Potato_White_1_22__100.jpg
5295.5,290.0071392059326,1.3513513513513513,0.7912240106485635,0.9743330266789328,19.35380926028408,6.715794731965754,140.37465412285556,43.512721812189376,70.01641763512266,41.06973373112751,9042.990991599707,485.54204204204206,0.4055219223131691,0.2559222308513584,A,grading/data_processed/potato/A/Potato_White_1_r2_11__100.jpg
4522.5,277.8650048971176,1.639344262295082,0.7360727356872152,0.9723715330036551,14.90805340223945,24.720198820324253,105.56352282515073,43.970740067426604,59.80340223944875,34.754006660386004,11350.960510507926,392.97714853452567,0.3723793204998174,0.22467596504150356,A,grading/data_processed/potato/A/Potato_Red_1_r_118__100.jpg
5273.0,289.4213536977768,1.3513513513513513,0.791054662014039,0.9714443625644805,19.581696924786957,10.65977844785128,139.33197480548353,44.58755681260565,69.74453501296776,40.80795876618923,8824.285494813732,514.4015834015834,0.40948406824955946,0.2586672004212155,A,grading/data_processed/potato/A/Potato_White_1_r2_10__100.jpg
5467.5,288.69343161582947,0.73,0.8243750703946936,0.9839827229371007,19.795673936360387,4.491430192606298,135.90239542366822,46.20453723752479,72.1968180193064,42.10074044444821,8149.780665697129,655.5790277777778,0.36332572290139215,0.21686633872838995,A,grading/data_processed/potato/A/Potato_White_1_23__100.jpg
4895.5,310.00713992118835,1.5625,0.640123138856714,0.9427113421914115,20.39972172530312,11.80451957898503,122.94673027231167,44.61282393632172,65.32578016298946,39.51629381540942,12227.248405859375,645.6234217171717,0.36110482040453085,0.19970124326912275,A,grading/data_processed/potato/A/Potato_White_1_r_185__100.jpg
6220.0,301.5634891986847,1.1764705882352942,0.8594937629037748,0.9847225520462282,46.937470467790206,73.01662587440902,126.34966136399433,51.07733621644738,81.46952275948968,47.042742120113985,4830.479450297577,375.954486036839,0.44663677098949156,0.24133721371881975,A,grading/data_processed/potato/A/Potato_Red_2_r2_79__100.jpg
6139.0,299.56348860263824,1.1647058823529413,0.8596659755183045,0.9856305691579031,49.15653422690283,74.05616471395383,127.5133237593745,49.613376191209774,80.5055050263284,46.43979918295579,4490.753783827581,360.0468187274909,0.44531506628920225,0.24270620514647945,A,grading/data_processed/potato/A/Potato_Red_2_r2_78__100.jpg
4155.0,276.4507908821106,1.5873015873015872,0.6831958485519055,0.9435676166685592,14.856173994387278,19.059017609693953,100.09167446211413,42.94711451741587,55.15247895229186,32.993375273061275,14075.782974955908,378.42568542568534,0.45671393319122905,0.3080722238820266,A,grading/data_processed/potato/A/Potato_Red_1_r2_56__100.jpg
4259.5,262.0660148859024,1.8181818181818181,0.7793760884189119,0.9846278317152104,59.26005484460695,80.08932692551875,135.97189213893967,51.40643855351381,56.22189213893967,32.90742910075563,11721.058827471075,224.9838383838384,0.4721210722862881,0.19533992177670342,A,grading/data_processed/potato/A/Potato_Red_2_r_24__100.jpg
4172.5,274.2081503868103,1.5714285714285714,0.697341466460545,0.9471115650890932,13.565571861169346,13.009169046233769,100.82599580712788,43.31031216386746,55.41975308641975,33.187702858085466,14706.082691568768,387.2461937155815,0.46861236002301576,0.29913995606913685,A,grading/data_processed/potato/A/Potato_Red_1_r2_57__100.jpg
4227.0,262.30865716934204,1.8181818181818181,0.7719992234907753,0.9819955860146359,56.20009210223348,78.83156791198478,136.93575869214828,51.19478110965572,55.93184434722542,33.04637725906735,13405.864567900828,228.54453627180902,0.4721695605848435,0.20169637624302378,A,grading/data_processed/potato/A/Potato_Red_2_r_25__100.jpg
4442.5,267.37972342967987,0.6,0.7808729180347322,0.979171258540886,35.29495614035088,65.75840998177613,134.88771929824563,54.21909846777296,58.67872807017544,34.63474302918944,9046.93376663889,401.390338983051,0.4360671345335421,0.21824266793775574,A,grading/data_processed/potato/A/Potato_Red_2_12__100.jpg
3653.0,263.96550953388214,1.8867924528301887,0.6588175616221492,0.9473547717842323,15.066065269302202,13.69076812302142,98.46113027328204,43.682853731846485,49.02334836826744,30.616422625730575,20426.01892043432,452.48198970840474,0.4518492015964931,0.2779279986326808,A,grading/data_processed/potato/A/Potato_Red_1_r2_166__100.jpg
5204.0,291.42135298252106,1.337837837837838,0.7700242662693676,0.9707144189516881,12.707692307692307,17.375742642708126,104.19437148217636,45.54803791809729,68.48142589118198,39.133903625580324,6026.8013666260995,370.29247104247105,0.42261564968929033,0.2575173187604907,A,grading/data_processed/potato/A/Potato_Red_1_r_150__100.jpg
4827.0,272.45079147815704,0.64,0.8171673670269317,0.9838972686506319,26.17711281843914,57.15723952536506,140.47088556409219,50.213064650642835,63.502830570157705,36.860049582588665,8476.910307714843,352.82587301587296,0.4244141660306084,0.20562274442763165,A,grading/data_processed/potato/A/Potato_Red_2_173__100.jpg
6340.0,319.5634880065918,0.88,0.7801620419651943,0.9650658345383971,19.621025007718433,7.874190357571518,114.92158073479469,41.353173129905,83.22414325409076,47.86272200860191,4357.958858471075,464.8245977011494,0.44278660319446006,0.2459030934160154,A,grading/data_processed/potato/A/Potato_White_1_r2_147__100.jpg
4461.0,273.6223644018173,0.61,0.7487535673268542,0.972107212900414,13.712944771883867,20.65987129960775,111.3464309102816,45.4813812332904,59.71643745907007,36.7102219497981,13808.970208519213,597.3716666666667,0.37614271481577577,0.22746816016508525,A,grading/data_processed/potato/A/Potato_Red_1_143__100.jpg
4547.5,279.0365775823593,1.639344262295082,0.7339395622722704,0.9677590976803575,16.356316916488222,17.455965330545048,102.896573875803,43.673969837496905,60.37087794432548,35.91601445163459,11447.430835017469,416.5739360821329,0.37059934110063714,0.22084039209054127,A,grading/data_processed/potato/A/Potato_Red_1_r_39__100.jpg
5311.0,282.1076456308365,1.4285714285714286,0.838603078711956,0.9844300278035217,30.400993743099008,61.0586901492094,139.82296650717703,49.09176900369696,69.74401913875599,39.86506254073722,6715.0894775306115,257.13174603174605,0.4453397358773734,0.21155508476459037,A,grading/data_processed/potato/A/Potato_Red_2_r2_127__100.jpg
4873.5,282.2081506252289,0.65,0.7689741292258881,0.9739208633093526,20.5344137655062,7.605619918731531,120.79411764705883,42.058927836739386,64.51940776310524,38.259543130382724,10121.00198901775,604.54515625,0.36621114980755076,0.20866364114698743,A,grading/data_processed/potato/A/Potato_White_1_173__100.jpg
4853.0,284.45079159736633,0.66,0.7537127499317251,0.9676004386402154,20.759742868621938,9.764468640156716,120.3338690237043,41.53872253698397,64.36179188429088,38.324122054140105,11483.761714876033,589.7507692307693,0.37676737102272534,0.2225937207044292,A,grading/data_processed/potato/A/Potato_White_1_172__100.jpg
4499.0,267.62236416339874,0.6,0.7893707894455348,0.9830656615317382,28.602686308492203,59.27950809039271,136.18955805892548,54.6005367843184,59.407279029462735,34.574387676972165,8964.009775,396.6913559322035,0.41878934426803577,0.2097826880696587,A,grading/data_processed/potato/A/Potato_Red_2_197__100.jpg
5694.5,290.35028624534607,1.3333333333333333,0.8488304376689599,0.984952002075586,55.23982133654011,76.1284044549329,123.07163717574299,52.374067722641094,74.73217660195843,42.71512138339957,4649.977239662223,300.2226262626262,0.4598701602363149,0.21141452481997422,A,grading/data_processed/potato/A/Potato_Red_2_r_53__100.jpg
5151.5,282.6934320926666,1.4,0.8100505685611945,0.9764025777103866,17.51336492890995,16.551970760928135,91.47791469194313,40.54597104723653,67.84417061611374,38.89958858503052,7932.907932472865,322.378645066274,0.4010851844040642,0.22070729244170714,A,grading/data_processed/potato/A/Potato_Red_1_r2_182__100.jpg
4346.5,293.1787130832672,1.5076923076923077,0.6354548221047381,0.9235100393073409,16.784309342869914,17.077899162699335,84.26262852033975,40.199409106474945,57.55565489494859,33.616265999146194,12720.151670556399,384.465344964314,0.4295109496439957,0.28195945152409435,A,grading/data_processed/potato/A/Potato_Red_1_r2_21__100.jpg
4492.0,268.7939373254776,0.6,0.781287136160181,0.9815361083797662,29.607375271149674,60.17118268267525,136.4533622559653,54.327536577326406,59.296963123644254,34.45041851240375,8222.655286222222,370.5286440677967,0.4176839284572973,0.21071099595179102,A,grading/data_processed/potato/A/Potato_Red_2_196__100.jpg
5640.0,288.9360717535019,1.3513513513513513,0.8489565041754427,0.9842931937172775,57.90443981963233,77.5447196750793,122.87963926465487,51.4548326589719,74.01370100589664,42.42649254642642,4818.518025547845,287.6691236691237,0.462453817261284,0.20967411813139375,A,grading/data_processed/potato/A/Potato_Red_2_r_52__100.jpg
6359.0,313.56348872184753,1.1627906976744187,0.8127326619335962,0.9729936500650295,20.050816137973513,9.847976180090033,125.98552510009239,42.53836949722582,83.6196489066831,48.1362379361799,4779.460467806923,427.4280009396289,0.4214288539230754,0.2331849745334684,A,grading/data_processed/potato/A/Potato_White_1_r_129__100.jpg
4543.5,292.0071396827698,1.492537313432836,0.6695969332631694,0.9342998149290561,16.788222698072804,14.942427359204192,84.46038543897217,39.95704377421807,60.10835117773019,35.28037341419431,11742.166648162176,381.35323383084574,0.4372800756316297,0.2887877142594491,A,grading/data_processed/potato/A/Potato_Red_1_r2_20__100.jpg
5245.0,286.5929261445999,1.380281690140845,0.8024619026648259,0.9765406814373487,18.048984913391692,17.71140365734625,90.12479046377351,39.7737229713246,69.04712236915627,39.826858180474,7355.117413572719,358.12429214462037,0.3919678319108297,0.21845087404495797,A,grading/data_processed/potato/A/Potato_Red_1_r2_183__100.jpg
4263.5,265.3797233104706,0.58,0.7607477165162014,0.9795519816197588,52.795662100456624,77.61319928107433,130.97625570776256,53.38563830139962,56.464383561643835,33.37918801673497,11230.474304131987,402.19175438596494,0.42276713797222004,0.22322281274659564,A,grading/data_processed/potato/A/Potato_Red_2_105__100.jpg
4257.5,269.37972378730774,1.706896551724138,0.7372838384736912,0.9700387331966279,15.991087751371115,28.83901707663766,108.56695612431444,45.69115875682119,56.27308043875686,32.72871522099967,12305.988636773094,338.37579169598877,0.3812886238907187,0.22851162511340087,A,grading/data_processed/potato/A/Potato_Red_1_r_126__100.jpg
4279.5,266.55129611492157,0.59,0.7569048663735712,0.9759407069555303,48.228564930634526,75.668554298836,130.808278371617,51.81149984936005,56.545599272231065,33.14394799826915,9997.536628871014,388.6655172413792,0.43987446974235295,0.23297359166097553,A,grading/data_processed/potato/A/Potato_Red_2_104__100.jpg
4527.5,268.8944425582886,1.7241379310344827,0.7868730480985167,0.9830637281511236,42.8327953518399,71.21484342037773,136.1807617817947,53.922235887947025,59.64643856251345,34.81748686444012,10035.674844114152,242.07767328456993,0.4331992743919313,0.18931519279586617,A,grading/data_processed/potato/A/Potato_Red_2_r_109__100.jpg
4397.0,275.9655097723007,0.59,0.7255322391629712,0.9683955511507544,12.484177915468024,15.354774903999779,113.05156007966364,44.53825203502423,58.715866342111084,35.3506419321503,14049.84876001149,423.87810344827585,0.3704802279080136,0.21677433374756425,A,grading/data_processed/potato/A/Potato_Red_1_134__100.jpg
4519.0,266.30865609645844,1.7241379310344827,0.800721775803861,0.9847461320549139,43.948242398102224,71.87835910246109,136.57666594781108,52.69367368827447,59.5374164330386,34.565782918523816,9712.618368579073,223.32723789620346,0.4320609494188598,0.19138202749126554,A,grading/data_processed/potato/A/Potato_Red_2_r_108__100.jpg
5866.5,311.8061294555664,1.1904761904761905,0.7582626119260406,0.9668726823238566,19.216833333333334,7.146268254986096,133.0465,44.043909958320924,77.21116666666667,44.38074554697723,6894.474437585035,410.9897787397788,0.4511606083141395,0.2727569094843685,A,grading/data_processed/potato/A/Potato_White_1_r2_131__100.jpg
4401.0,275.6223638057709,0.6,0.7280015878440643,0.9670402109426499,13.572755417956657,20.719160877811756,112.40114993365768,43.88448386815368,58.63312693498452,35.2677330390868,13259.159988638889,456.9835593220339,0.3857071954722842,0.22531146051030815,A,grading/data_processed/potato/A/Potato_Red_1_135__100.jpg
4785.0,282.59292685985565,1.3943661971830985,0.7529553633122196,0.9548039509129004,14.132056246178928,18.32374455009591,102.0097819441614,43.153777687795426,63.214998981047486,36.74522513776324,10502.112798630458,349.63797068123034,0.4624680023711541,0.29117885281991074,A,grading/data_processed/potato/A/Potato_Red_1_r2_69__100.jpg
4815.5,273.8650041818619,1.5384615384615385,0.8068228181194038,0.9813531689423273,32.19290780141844,62.79406581416555,135.5953394123607,53.27416213443365,63.34326241134752,36.72968292258671,8253.651498485207,240.24226884226886,0.5119028605644235,0.2300409186373059,A,grading/data_processed/potato/A/Potato_Red_2_r_140__100.jpg
5691.0,292.5929260253906,1.3157894736842106,0.835354478982948,0.9829015544041451,19.785149535922997,6.732213198853204,126.43141973186663,39.55521254582048,75.07459608112754,43.90113119573152,7518.132277960526,589.918394471026,0.3880777667740016,0.22224827368924996,A,grading/data_processed/potato/A/Potato_White_1_r2_178__100.jpg
3473.5,264.0660148859024,1.8867924528301887,0.6259680174988493,0.929737687366167,18.70788081314397,30.204891003582368,95.27596769702033,43.19812308343458,46.553884711779446,28.60143597096656,23227.533069811318,342.2872117400419,0.47612315489959606,0.3112131783493572,A,grading/data_processed/potato/A/Potato_Red_1_r2_159__100.jpg
4964.5,287.03657817840576,0.66,0.7572004979461393,0.9720019579050416,21.820663916715773,11.868007022276382,131.90434099391084,46.10452544557191,65.66666666666667,38.85712951454142,10097.805111019283,615.3567692307693,0.37418931200102395,0.20671865796365804,A,grading/data_processed/potato/A/Potato_White_1_55__100.jpg
4593.5,269.37972354888916,1.6666666666666667,0.7954699513855136,0.9817268647146826,48.91129032258065,74.79245891050805,138.4259337860781,53.98406541702616,60.37478777589134,34.697651525565774,8346.599341972224,200.51616161616164,0.5076698284174654,0.20566296964356667,A,grading/data_processed/potato/A/Potato_Red_2_r_37__100.jpg
3844.0,271.137082695961,1.706896551724138,0.6570756981009886,0.9371038517796197,15.639505549949545,18.49961036374032,97.61503531786074,43.83745703997148,51.25327951564077,30.88104070325053,16805.58740047638,352.19264602392684,0.4408848217098478,0.297214000265671,A,grading/data_processed/potato/A/Potato_Red_1_r2_45__100.jpg
4557.0,265.9655101299286,1.694915254237288,0.8095398815495848,0.9859368238857638,44.1551133932392,72.06821838179033,138.45870774497217,54.77510040158739,59.91548994437313,34.74813595271376,8566.319641798333,205.60092449922956,0.47662780816010814,0.19894295793000072,A,grading/data_processed/potato/A/Potato_Red_2_r_36__100.jpg
5609.5,294.35028624534607,0.76,0.8135890435850773,0.9789703315881326,20.31317532241199,7.912582511303892,135.0160334611363,45.68542803533728,73.86127570582084,42.7161543897103,7781.327352337258,580.4916000000001,0.3552260233615338,0.22601130748507056,A,grading/data_processed/potato/A/Potato_White_1_117__100.jpg
4621.0,269.1370824575424,1.6666666666666667,0.80167575996121,0.9852878464818763,52.94261603375527,77.782893772478,130.73987341772153,52.06627605363817,60.92784810126582,35.682588397965354,8917.86286388889,221.85000000000002,0.4858219975979625,0.2014881813354262,A,grading/data_processed/potato/A/Potato_Red_2_r_203__100.jpg
4669.5,269.7228697538376,1.6666666666666667,0.8065748949164225,0.987313669521091,54.62956775944874,78.30737959569872,128.5280851952391,52.51706058256164,61.429108373355604,35.90870067767125,8145.421831083332,223.67744107744113,0.4798999605198166,0.193389137084065,A,grading/data_processed/potato/A/Potato_Red_2_r_202__100.jpg
5631.5,295.52185904979706,0.76,0.8103165931371036,0.9790507649513213,20.475785453914252,11.726093963944113,134.33396979691025,45.20787190706981,74.21194237111612,42.92231332873597,7436.00413904086,550.7824,0.3558665502698956,0.22347571580723388,A,grading/data_processed/potato/A/Potato_White_1_116__100.jpg
4590.0,273.96550965309143,0.59,0.7684768096747779,0.9808740250026712,13.545531734239015,8.50185070370146,100.48970494587137,43.11836288806499,61.018255147527064,36.1444378047209,11240.801027405918,504.6087931034482,0.3284863705954571,0.17935344309640414,A,grading/data_processed/potato/A/Potato_Red_1_7__100.jpg
4685.0,296.9360718727112,1.5873015873015872,0.6677187031612202,0.9410464999497841,20.785877466251296,9.68198635322688,128.57403946002077,44.31395438758197,62.36967808930426,37.470215164941,11864.76136769967,514.63620330287,0.42098257872487194,0.22460699606114337,A,grading/data_processed/potato/A/Potato_White_1_r_98__100.jpg
6505.5,332.6345566511154,0.92,0.738849212949022,0.9539555685900726,19.77831252819973,8.976157257291158,108.76778462926755,39.98026934693328,85.46382914724019,49.21645578833822,3982.5354589319472,550.6438461538461,0.4573473201663587,0.26001110024329405,A,grading/data_processed/potato/A/Potato_White_1_r2_154__100.jpg
4674.5,292.6934313774109,1.5873015873015872,0.6856762010482328,0.9430098850110954,20.686445971267958,8.320858298880584,128.65188423901728,45.67890255183604,62.08182386008745,37.231539834492736,12179.613447619047,501.12666345999673,0.41859918004711943,0.22539630418120923,A,grading/data_processed/potato/A/Potato_White_1_r_99__100.jpg
6543.5,334.63455617427826,0.92,0.7343082333126929,0.9523359045262698,20.107505980861244,10.063046644783205,110.0589114832536,39.157955930956305,86.10272129186603,49.66487034777754,4550.869134203686,506.79692307692306,0.45192705957391477,0.25539356389535184,A,grading/data_processed/potato/A/Potato_White_1_r2_155__100.jpg
4461.5,269.37972366809845,0.61,0.7726111211419141,0.9788284335234753,43.71659388646288,72.77793306515922,138.90917030567687,51.65967787019412,59.00502183406113,34.07861090927977,9082.393004568663,411.62633333333343,0.4237860970341578,0.22827651361159934,A,grading/data_processed/potato/A/Potato_Red_2_92__100.jpg
4653.0,278.4507908821106,1.523076923076923,0.7541296306190299,0.9680640798918132,12.953089005235602,19.254849076820513,111.32125654450262,48.13462184759158,61.36544502617801,35.28942501650699,9872.606873371815,341.6417582417583,0.4117978917942799,0.24567343409717943,A,grading/data_processed/potato/A/Potato_Red_1_r_142__100.jpg
4875.0,275.6223636865616,0.64,0.8064093941853606,0.9818731117824774,27.28002401921537,59.538694427965765,141.37570056044837,52.344404776238626,64.11769415532426,37.388400248551115,8160.647020483399,357.04619047619053,0.44736740787988305,0.19923742880299683,A,grading/data_processed/potato/A/Potato_Red_2_161__100.jpg
5105.0,299.2792179584503,0.71,0.7162299700633193,0.9533146591970122,21.31048310101203,9.568493770377385,129.3784609509261,47.260102200028086,67.65839220928012,40.08873074280039,9417.4288970244,601.3392857142856,0.3972475852605032,0.24276649568787576,A,grading/data_processed/potato/A/Potato_White_1_78__100.jpg
4316.5,268.69343185424805,1.65,0.7513244266072507,0.9621085478658197,18.244529663884503,22.821599080263404,95.95962102413715,41.58426951715382,57.070155650800814,33.481069195803165,13598.806014437301,345.9059523809524,0.4040779554404068,0.2414377563170058,A,grading/data_processed/potato/A/Potato_Red_1_r2_174__100.jpg
5153.0,300.4507910013199,0.72,0.7173371170393354,0.9571839881118231,21.557132046916383,9.470070005165226,130.7103670071888,46.13830721142655,68.33068482784714,40.516533349178225,8635.888118036266,642.6897183098592,0.3999530564486702,0.2442600938624232,A,grading/data_processed/potato/A/Potato_White_1_79__100.jpg
4871.5,275.0365775823593,0.64,0.8092666817167786,0.9823553135712846,27.826923076923077,60.05625778273192,141.50941506410257,51.6909027836361,64.1494391025641,37.43332351824093,7525.612957983399,349.2314285714286,0.4457853988576335,0.20017216701496712,A,grading/data_processed/potato/A/Potato_Red_2_160__100.jpg
4689.0,283.27921760082245,1.4776119402985075,0.7342782568480806,0.9612546125461254,14.849158528984002,26.066284193142298,109.16434656139621,47.919232644467016,61.82464159567837,35.71406285750604,9565.933065645007,342.33186110265,0.4264248097057835,0.2615813299667742,A,grading/data_processed/potato/A/Potato_Red_1_r_143__100.jpg
4470.5,273.5218586921692,1.5873015873015872,0.7508996211710743,0.9608812466415906,16.265199389845282,16.030018231240785,95.10198300283287,40.40579808173123,59.15602527783831,34.7227548893256,11887.83648515999,376.8199454866122,0.41841464630132785,0.26043976240913636,A,grading/data_processed/potato/A/Potato_Red_1_r2_175__100.jpg
5361.5,294.6934314966202,0.75,0.7758098024304408,0.9688290567401517,20.879256965944272,10.399302921390973,125.99562921143689,42.501279390046065,71.1293024949918,42.12204042332534,9583.859770648889,720.5325675675674,0.3801436263182437,0.24726921639417018,A,grading/data_processed/potato/A/Potato_White_1_185__100.jpg
5289.0,294.10764479637146,0.74,0.7683707152543676,0.9677065227335102,21.13418235511259,13.694495674565799,125.85714285714286,42.176625545979896,70.14082687338501,41.2700180162408,8886.771997352082,621.8160273972603,0.38351276131557177,0.24846237594696757,A,grading/data_processed/potato/A/Potato_White_1_184__100.jpg
5138.5,279.86500465869904,1.4705882352941178,0.8244209751627968,0.9840099578705477,48.74662611670785,75.9705913206033,143.063486029272,50.55618203017916,67.48469872647786,38.98670938288469,7447.4952927335635,267.6657754010695,0.5139958375675494,0.2183321290443275,A,grading/data_processed/potato/A/Potato_Red_2_r2_22__100.jpg
4434.5,281.0365777015686,1.6333333333333333,0.7055516742907808,0.953143471252015,20.935498025449757,10.990851798659143,129.73760421237384,47.30970791563089,58.71807810443177,34.806639234320045,12665.588752834467,402.19261168384884,0.39918189909988566,0.21134963519323152,A,grading/data_processed/potato/A/Potato_White_1_r_105__100.jpg
6079.0,298.7350618839264,1.1785714285714286,0.8559918147031439,0.9864503042596349,15.099403898823908,12.61872036779908,92.19800225551796,37.104326627650465,79.78862574512647,45.772985612192656,5522.727967447904,464.36005830903787,0.3975616040100091,0.24010120156458833,A,grading/data_processed/potato/A/Potato_Red_1_r_199__100.jpg
5640.5,290.4924213886261,1.2820512820512822,0.8399585483515658,0.9836079867468829,20.981266261925413,14.297374359454166,134.13547267996532,43.893514597669316,74.2457935819601,43.34140214300291,7440.887999852071,512.4669774669776,0.3820373412185842,0.2488677309382598,A,grading/data_processed/potato/A/Potato_White_1_r2_90__100.jpg
5571.5,288.8355667591095,1.3157894736842106,0.8392293383478318,0.98375562814514,20.11429073033708,8.644839549188122,132.46752106741573,44.26381662230295,73.37956460674157,42.79974309924052,8230.20788635734,537.1217437533228,0.3694256197950837,0.236974938748992,A,grading/data_processed/potato/A/Potato_White_1_r2_91__100.jpg
4794.0,301.2792179584503,1.6129032258064515,0.6636965238425442,0.9480866211806586,20.274406332453825,12.81620557567371,127.19423584331236,45.08976932528694,63.86929165820987,38.47652310285873,11780.664766883456,573.9460736396221,0.35560667531726214,0.19219763348094396,A,grading/data_processed/potato/A/Potato_White_1_r_197__100.jpg
5380.0,285.7644993066788,0.72,0.8278956284725307,0.9838164030355674,20.33702761627907,8.878866396703842,136.28070494186048,46.227240060714706,70.90116279069767,41.39756514350459,7585.913200443672,566.5446478873239,0.3550009540675847,0.21806662960988502,A,grading/data_processed/potato/A/Potato_White_1_31__100.jpg
4767.0,299.279217839241,1.6129032258064515,0.6688086718926142,0.9461149151533195,20.27699530516432,12.322477891818062,126.8332312716881,45.373649455391835,63.408858950806284,37.76544766933321,11041.981795941725,494.25219941348985,0.36469706299365157,0.1977236601471014,A,grading/data_processed/potato/A/Potato_White_1_r_196__100.jpg
4384.0,268.65180134773254,0.58,0.7633099009061967,0.9785714285714285,42.94271758436945,72.67786906087285,135.78663410301954,52.489206273019825,57.939387211367674,34.06829043441417,11629.965410225921,359.3057894736842,0.43314161541410834,0.2003683895624686,A,grading/data_processed/potato/A/Potato_Red_2_129__100.jpg
4463.5,266.89444291591644,1.7241379310344827,0.7874198170348615,0.9834747163159634,34.721300742034046,65.50002932324512,142.45329550414667,51.78780510909747,58.74749017896115,34.11345503641339,9116.924220689654,187.23458725182863,0.4678330722197821,0.20099239800800411,A,grading/data_processed/potato/A/Potato_Red_2_r_124__100.jpg
4132.0,271.62236416339874,0.57,0.7037835750150558,0.9715494944744886,12.03505057633498,11.765806322367437,106.02352387673488,44.67126494660188,55.23100446953658,33.89525132643192,12960.21216063404,442.2533928571429,0.3845998355650346,0.23456657136740786,A,grading/data_processed/potato/A/Potato_Red_1_118__100.jpg
4887.5,273.37972366809845,1.5873015873015872,0.8217960208074707,0.9858799798285426,44.55670926517572,73.47034607316219,145.48142971246006,48.666392779153256,64.29852236421725,37.26113142068421,8266.330790022676,232.00721500721494,0.48341250611711645,0.19755637015208194,A,grading/data_processed/potato/A/Potato_Red_2_r2_198__100.jpg
4842.5,273.03657853603363,1.5873015873015872,0.8162775028643798,0.9840479577321682,46.76138653768642,74.77667069333734,145.7353889560661,49.77514852070074,63.685006045949216,36.99804635639294,9003.374061451246,259.6681096681096,0.4813326273797657,0.20417943205928052,A,grading/data_processed/potato/A/Potato_Red_2_r2_199__100.jpg
6511.5,306.4924222230911,0.86,0.8710667294506081,0.9865909090909091,46.41902468392534,71.77534252508734,122.58263094521372,53.726787317297415,85.54364840457556,49.4073003493304,3081.321277433747,401.05870588235285,0.4465108928512866,0.21203193922754926,A,grading/data_processed/potato/A/Potato_Red_2_r2_54__100.jpg
5221.0,305.6223636865616,1.4285714285714286,0.7024142227649122,0.9588613406795224,19.827702072055256,6.163414142094587,117.07653537427665,42.91454889334749,69.28187418331156,41.10632273171639,9571.52431377551,546.3490620490621,0.3865274350326749,0.2252270332496463,A,grading/data_processed/potato/A/Potato_White_1_r_173__100.jpg
5552.5,287.32084822654724,1.3333333333333333,0.8452090751052582,0.9857967154904572,47.82484581497798,73.67891992772739,128.1552422907489,55.93865146770168,73.02202643171806,42.42614156866708,5857.442086026666,305.3659259259259,0.5095157311219637,0.23242628856605788,A,grading/data_processed/potato/A/Potato_Red_2_r_153__100.jpg
5521.5,286.4924212694168,1.3333333333333333,0.8453579959240184,0.9832606179325082,44.642097802976615,71.8197886426408,128.07707299787384,55.65723138010257,72.50531537916372,42.128307188553144,6383.2025051733335,314.0844444444445,0.5107228593704843,0.23775772366650597,A,grading/data_processed/potato/A/Potato_Red_2_r_152__100.jpg
5065.0,280.79393684864044,1.4558823529411764,0.807260796231674,0.9806389157792836,15.091347080362304,14.686042430123106,98.2888803237618,40.37841328092896,66.76662169974946,38.81025581744617,9437.60128989027,432.8098739495799,0.3575691106406487,0.2169286204995304,A,grading/data_processed/potato/A/Potato_Red_1_r_14__100.jpg
5045.0,279.6223645210266,1.4776119402985075,0.8108251795620086,0.983814352574103,15.50232198142415,17.117966071068608,98.28947368421052,40.903266320652534,66.29160216718266,38.10109971438404,8519.885009846992,371.70469083155643,0.34694365448808145,0.20967388729372602,A,grading/data_processed/potato/A/Potato_Red_1_r_15__100.jpg
5976.5,298.14927554130554,1.180722891566265,0.8448687972963722,0.9831386741240336,17.798820445609437,14.865071118861461,81.45543905635648,36.65280649583133,78.4090760157274,44.91890453325146,4411.18622472407,422.00919140479454,0.4188002988146655,0.23615158696833974,A,grading/data_processed/potato/A/Potato_Red_1_r2_191__100.jpg
4623.0,269.6223638057709,0.62,0.7991382784140206,0.9839310418218581,31.274414680447162,61.30663313626984,136.44357730436616,54.3268719746179,60.91668424383042,35.65945496774353,8663.861057648284,344.2044262295082,0.42047002598846633,0.21312953920970437,A,grading/data_processed/potato/A/Potato_Red_2_184__100.jpg
4721.5,270.55129647254944,1.639344262295082,0.8105701739773135,0.9856993736951983,52.20347035736418,76.26544575097967,136.94278041726915,53.976628079971974,62.04420574261516,35.57331818563508,6764.394601961839,206.62079814538822,0.47798260351019245,0.19840876150497982,A,grading/data_processed/potato/A/Potato_Red_2_r_40__100.jpg
5914.0,295.90663480758667,1.1951219512195121,0.8487538908911656,0.9826368696519067,18.5565303757656,17.092680674479784,82.85333554047344,36.73289291851884,77.57689124317166,44.479614532112066,4878.644134046741,380.5481518732713,0.4146015253680692,0.23625187491291366,A,grading/data_processed/potato/A/Potato_Red_1_r2_190__100.jpg
4667.5,271.0365767478943,0.62,0.7984328258743805,0.9834597555836494,31.472628499791057,61.50505249416202,136.48119515252822,54.485713933952795,61.42498955286251,35.76189883265873,9044.443847554632,366.9586885245901,0.4115158302926476,0.20689453357864365,A,grading/data_processed/potato/A/Potato_Red_2_185__100.jpg
4752.5,273.0365780591965,1.5873015873015872,0.8011066279634408,0.9805034041675263,50.07081280788177,75.46968226520713,135.91543513957308,53.7101231756453,62.50779967159278,35.83951440831613,8818.132998009574,220.46288279621615,0.4907253696081726,0.21747085656394324,A,grading/data_processed/potato/A/Potato_Red_2_r_41__100.jpg
4694.5,293.72286915779114,0.61,0.6837914776395763,0.9531012079991878,20.955242436800663,11.833773518326247,117.44239535847493,43.213961089584714,62.50745959386656,37.52634171228545,11668.951055737705,550.8181666666667,0.3515964587598057,0.18438670866777068,A,grading/data_processed/potato/A/Potato_White_1_160__100.jpg
4710.0,295.1370825767517,0.62,0.6794902214920023,0.9508428383970929,21.392193308550187,14.077367982831651,118.24824452705494,44.33564297418519,62.77674514663362,37.91775067285937,11748.0065158949,673.1836065573771,0.35642528237900073,0.19538573264261194,A,grading/data_processed/potato/A/Potato_White_1_161__100.jpg
5925.0,294.5929265022278,1.2820512820512822,0.8579334269451215,0.9856928963566794,41.215099950437796,68.86725504253103,128.50140426234924,50.59773105503226,77.73385098298364,44.57477236133183,4290.670358957923,287.21846671846674,0.42094655333367414,0.2103675694474657,A,grading/data_processed/potato/A/Potato_Red_2_r2_134__100.jpg
6001.0,296.59292590618134,1.2658227848101267,0.8572587251337139,0.9844160104986877,40.01435562805873,68.0058637917798,127.23931484502447,50.70426028080415,78.72626427406199,45.113767139920505,4356.320389985579,304.2763073775732,0.41919843074688307,0.2103638802130626,A,grading/data_processed/potato/A/Potato_Red_2_r2_135__100.jpg
5685.0,288.1076453924179,1.36986301369863,0.8606583107928737,0.9878366637706343,64.2985716744106,80.51745293311454,123.8454654964722,52.50768023739522,74.61073825503355,43.16516783216714,4553.261030193283,252.03569946035697,0.4905857380308444,0.19296680240954753,A,grading/data_processed/potato/A/Potato_Red_2_r_188__100.jpg
5232.0,293.4213534593582,1.3513513513513513,0.7636496680139175,0.9711368909512761,20.604403806680352,14.211760096357455,135.6822168314984,45.47372473022713,68.91453629408471,39.89124714439675,8540.645681154128,386.0173355173356,0.4426689942998161,0.2626920745474786,A,grading/data_processed/potato/A/Potato_White_1_r2_123__100.jpg
4205.5,264.5512959957123,0.6210526315789474,0.755105640716892,0.9750753535821933,12.879453956501619,17.249698677604442,111.44956038870893,44.060083456866124,56.27140212864415,34.173349650099894,14377.436776804196,489.8789473684211,0.3626135047074572,0.20721168727718467,A,grading/data_processed/potato/A/Potato_Red_1_126__100.jpg
5169.0,293.42135322093964,1.3513513513513513,0.7544543464026529,0.9653562424129237,19.888028700906343,11.844350261751098,137.172583081571,45.85681498906101,68.25981873111782,40.11605259114922,8964.662875018263,465.8177723177724,0.44406819066204156,0.27209142670854214,A,grading/data_processed/potato/A/Potato_White_1_r2_122__100.jpg
4330.5,273.37972354888916,1.65,0.7281406999919026,0.9643692239171584,13.47652212985846,23.11009420052182,109.62817344416985,47.34036574108012,57.089418108290275,32.87015641905977,10043.13889353694,295.184693877551,0.39866165974507584,0.23927160197036268,A,grading/data_processed/potato/A/Potato_Red_1_r_135__100.jpg
4229.0,265.48022842407227,0.57,0.7540205528294404,0.9778034682080925,51.227973314929834,77.0824192077493,129.44628479411088,55.815406529470295,55.92201518288475,32.90247617402232,11600.760652508463,374.72410714285706,0.4165986942967723,0.2143512548579636,A,grading/data_processed/potato/A/Potato_Red_2_116__100.jpg
4014.5,271.72286915779114,0.55,0.6832646351976479,0.969803116318396,11.87037484885127,11.897207062724664,105.89987908101573,43.39564210045352,53.789359129383314,32.88319267915236,12934.192163272728,440.0351851851851,0.3735221009094346,0.2302793973047638,A,grading/data_processed/potato/A/Potato_Red_1_113__100.jpg
3980.5,268.2081503868103,0.55,0.6953501455775436,0.9721577726218097,14.85139092240117,22.300394354209743,104.82479258174719,43.413181120944515,53.358467545143974,32.86746093153444,14744.738744429751,457.82148148148144,0.37293665805118886,0.23506441927083105,A,grading/data_processed/potato/A/Potato_Red_1_112__100.jpg
5009.0,289.4213539361954,1.3888888888888888,0.7514494207282508,0.9668017757189732,19.508959875340864,9.054235233382276,136.81242695753798,44.80066304491217,66.14900662251655,38.59380885821217,10481.29160177469,388.5510662177329,0.43410469939010193,0.27481535716592737,A,grading/data_processed/potato/A/Potato_White_1_r2_116__100.jpg
5056.5,280.55129647254944,1.5384615384615385,0.8073006750294317,0.9846168824846656,48.69040725728624,75.7170106657532,143.3881490059834,48.648803939600704,66.49121791160007,38.47962447569601,7830.971287668638,254.189898989899,0.45918012842984396,0.19494585611157686,A,grading/data_processed/potato/A/Potato_Red_2_r2_192__100.jpg
5028.5,277.3797242641449,1.5625,0.8212944618117639,0.9854007446600039,44.21005629974762,73.31067852056269,143.87905261114346,49.40730767796801,66.12677150067948,38.273602019832374,7530.887851464842,248.6126893939394,0.4464003974282461,0.18714464927166344,A,grading/data_processed/potato/A/Potato_Red_2_r2_193__100.jpg
5295.5,290.35028636455536,1.3888888888888888,0.7893549177249912,0.9774803876326719,19.989302840280338,11.89355050565348,134.29232755440796,43.149593657809426,70.0861305791221,41.15653014564726,9044.99566572145,542.858024691358,0.39301077156920217,0.23539299287986504,A,grading/data_processed/potato/A/Potato_White_1_r2_2__100.jpg
5258.5,292.35028553009033,1.3888888888888888,0.7731516687714308,0.9736159970375856,21.027292981804678,15.306577297525044,137.16580022279985,41.78186981755784,69.66097289268474,41.148601163817965,8825.714013715278,590.4890572390574,0.38876017062737184,0.23997000724224837,A,grading/data_processed/potato/A/Potato_White_1_r2_3__100.jpg
3940.5,275.86500453948975,1.6610169491525424,0.6506807741130384,0.9467803940413263,16.194040876631373,23.30549920038966,89.0391529180005,41.590559392192816,52.47746860379217,31.84299233182219,14284.109392350763,368.4427747684781,0.4648765045788458,0.28607484003857014,A,grading/data_processed/potato/A/Potato_Red_1_r2_137__100.jpg
4258.0,263.4802294969559,0.56,0.7707605092862536,0.9834853909227393,49.57622857142857,76.28600070452403,133.3145142857143,54.32922124201746,56.34742857142857,33.239961865446205,9835.281728443879,386.8263636363637,0.4248925031963336,0.19884638366719337,A,grading/data_processed/potato/A/Potato_Red_2_122__100.jpg
4002.5,274.55129647254944,1.65,0.6672586414536007,0.9445427728613569,15.954898157129001,21.772697172317127,92.10766246362755,41.50639520993732,53.287342386032975,31.774104543058694,16438.63765386752,305.14608843537417,0.4638204244898969,0.29422643610915233,A,grading/data_processed/potato/A/Potato_Red_1_r2_136__100.jpg
5480.5,288.6934322118759,1.356164383561644,0.826335172316805,0.9803237635274126,15.878901373283396,20.404526638369145,94.75869448903157,40.53379012945315,72.05118601747816,41.278079513644514,5740.255023819955,497.01845121610285,0.35613869177673385,0.20940246746580674,A,grading/data_processed/potato/A/Potato_Red_1_r_100__100.jpg
4766.5,291.37972354888916,0.63,0.7054899111901355,0.9569363581610119,19.981413398692812,6.133311164896331,119.42156862745098,45.33047199905434,63.19178921568628,37.263927162207935,10884.694441924918,458.8858064516129,0.3552593305260265,0.2021482891375752,A,grading/data_processed/potato/A/Potato_White_1_154__100.jpg
4765.5,292.89444279670715,0.62,0.698065338886227,0.9545317976965448,21.809066775576884,15.995369438132979,120.78864610986318,44.54759828671924,63.34817235041862,37.46048047932636,11744.4296566077,530.9145901639343,0.35076285087152465,0.18838690624484536,A,grading/data_processed/potato/A/Potato_White_1_155__100.jpg
5552.0,287.4213534593582,1.3333333333333333,0.8445420171413255,0.9836123660200194,45.91085271317829,74.01539381848748,137.11011275546159,52.291416209729285,72.85905567300917,41.84033555609379,5764.815364888888,256.7625589225589,0.5096606713138346,0.23264347225511797,A,grading/data_processed/potato/A/Potato_Red_2_r2_29__100.jpg
4489.5,281.86500453948975,0.65,0.7101098269256062,0.9585779865485214,15.70669846087145,20.327537804587962,101.16518534576198,43.141181347086786,59.844786473011055,36.061725592407186,13490.201792639054,575.56796875,0.4013277136763523,0.26929654636257866,A,grading/data_processed/potato/A/Potato_Red_1_181__100.jpg
4465.0,278.45079135894775,0.64,0.723659744075131,0.9614556416881999,14.984303466317854,17.234509351583974,102.59581425768476,43.70064007314105,59.68824940047961,36.08602285793841,14832.468782983398,571.5560317460319,0.3848435383352842,0.26149426705126877,A,grading/data_processed/potato/A/Potato_Red_1_180__100.jpg
5317.5,289.1787130832672,1.3888888888888888,0.7990698073119669,0.9776613348041919,20.30644864964174,10.954441453276445,130.1725151570825,41.5000935394413,70.21458754363402,40.980369201412486,6539.737847202931,556.8695286195286,0.3879196496558825,0.23158223583570312,A,grading/data_processed/potato/A/Potato_White_1_r2_184__100.jpg
5444.5,285.1787134408951,1.36986301369863,0.8412666164309293,0.9841829356471439,47.45905172413793,74.9682364057627,138.25628591954023,52.411569064833145,71.42438936781609,40.980511575739335,6264.196395777819,257.47959042479596,0.5057235872509969,0.2262057741985182,A,grading/data_processed/potato/A/Potato_Red_2_r2_28__100.jpg
4875.0,275.6223645210266,1.5384615384615385,0.8064093893024447,0.9864427357345205,40.236989591673336,69.47807166882802,136.60588470776622,48.99861313005569,64.15792634107285,37.46751567702593,9750.228544946745,318.1008547008547,0.44566278994358255,0.22010233645958552,A,grading/data_processed/potato/A/Potato_Red_2_r2_100__100.jpg
4836.0,274.4507907629013,1.5384615384615385,0.8068024035370915,0.984728161270617,35.077078288942694,65.51697707408422,135.79721549636804,49.43674919959141,63.73284907183212,37.48160240706683,10754.940442224852,334.3209013209014,0.4490153309105567,0.22676969680096007,A,grading/data_processed/potato/A/Potato_Red_2_r2_101__100.jpg
4155.0,277.2792190313339,0.63,0.6791195734811678,0.9475484606613455,15.18311506080449,10.867339574881187,98.63938260056128,44.630731881111906,55.42095416276894,33.1939416889885,14525.076980498863,494.4909677419356,0.4080691683851328,0.2988167786815931,A,grading/data_processed/potato/A/Potato_Red_1_71__100.jpg
5058.0,300.10764479637146,0.7,0.7057234879248385,0.9503053076561766,22.018882466281312,13.643211341425536,129.81772639691715,46.3575356505685,67.13988439306358,39.719858226822645,11926.548366836736,642.7769565217391,0.38801188667648334,0.23875191825597852,A,grading/data_processed/potato/A/Potato_White_1_72__100.jpg
5109.5,294.0071395635605,1.356164383561644,0.7428010584743359,0.9671588112814689,13.536375787664694,21.31811806428149,105.75424861561963,45.17105739088095,67.42142447966393,38.822719323163135,8133.494214202085,380.7971764048085,0.4364015048616716,0.2610626357749938,A,grading/data_processed/potato/A/Potato_Red_1_r_149__100.jpg
5037.0,298.93607211112976,0.7,0.7083129260066782,0.950377358490566,21.672407120743035,10.110040694455233,129.19156346749227,45.929083577822915,66.92279411764706,39.925967177279404,11228.055109693878,648.4273913043478,0.4032811033503651,0.2403604291388668,A,grading/data_processed/potato/A/Potato_White_1_73__100.jpg
4844.5,280.551295876503,1.546875,0.7734536016608742,0.9782915993537964,15.006842423022741,15.203455291442074,99.71402696719662,41.00078444713976,63.97303280338096,37.016192511236355,8407.579344582187,404.38472576530614,0.3419649770169529,0.20214453814451233,A,grading/data_processed/potato/A/Potato_Red_1_r_20__100.jpg
4712.5,277.37972366809845,1.546875,0.769682841388389,0.9742609055199504,15.07693898655636,14.421053340919126,99.30775594622544,41.94183705790069,62.079214064115824,35.9233720287203,10995.125416092744,368.9896364795918,0.36064553453314985,0.2228005287411401,A,grading/data_processed/potato/A/Potato_Red_1_r_21__100.jpg
4740.5,295.17871379852295,1.6129032258064515,0.6836974228619711,0.9490490490490491,20.658246046416103,7.573197561292726,128.75231053604438,46.55165672662929,63.20086260012323,38.237826202813835,10564.657802185226,554.152329749104,0.4000490176159094,0.20324485724222954,A,grading/data_processed/potato/A/Potato_White_1_r_92__100.jpg
4716.5,302.00713992118835,1.5873015873015872,0.6498233037854053,0.9406661348224971,21.194925742574256,9.592596274982887,128.81662541254124,45.43690539760055,62.87273102310231,38.22151993884989,11269.340320760897,507.32002565335904,0.4120070944400631,0.219175446009923,A,grading/data_processed/potato/A/Potato_White_1_r_93__100.jpg
6327.5,302.14927530288696,1.1764705882352942,0.8709613919035791,0.9862063591022444,51.83289453306489,75.19346241546809,131.45764286820506,52.18708477638639,82.9656187083785,47.953374778031396,3077.199077148789,311.5429590017826,0.5057753851686952,0.22967788201468545,A,grading/data_processed/potato/A/Potato_Red_2_r_166__100.jpg
6502.5,307.3208477497101,0.87,0.8651794190015788,0.9858247422680413,43.34604370761115,69.29481971789617,117.84611906556141,54.96528724060078,85.28319517709119,49.28282475991744,3292.9827781080726,371.14639534883713,0.4462907787439937,0.2219139360750863,A,grading/data_processed/potato/A/Potato_Red_2_r2_60__100.jpg
6466.0,307.56348848342896,0.87,0.8589660677276031,0.9846200700472058,41.794634737799335,67.9900973591086,118.34768111548954,55.23671458094166,84.95240982115793,48.935517909873774,3474.6856813185364,355.76848837209303,0.4448631851543312,0.22642991040642813,A,grading/data_processed/potato/A/Potato_Red_2_r2_61__100.jpg
6544.5,320.6345566511154,1.098901098901099,0.7999552299848232,0.9728705217779099,20.553427117629454,12.825372764515958,115.17015863513917,41.165160238781624,86.15040407063753,49.78662018276695,4137.304942337882,471.78565878565877,0.42809786103842523,0.25137248945776414,A,grading/data_processed/potato/A/Potato_White_1_r_146__100.jpg
6563.5,320.2914115190506,1.098901098901099,0.8039976267841464,0.9739575604689124,19.868358208955225,9.383041959247567,115.54671641791045,40.85705766278182,86.37223880597016,49.76499644435994,3962.7745653423503,486.50671550671564,0.4358457652278343,0.24939890927201291,A,grading/data_processed/potato/A/Potato_White_1_r_147__100.jpg
5982.5,325.60511910915375,1.098901098901099,0.7091043065581942,0.9521725290466337,20.330718954248365,13.823789672915746,136.47418300653595,48.183404922788775,78.85620915032679,45.46431744558425,5744.57537978505,540.6485736485737,0.44047454992154805,0.3139832535882583,A,grading/data_processed/potato/A/Potato_White_1_r2_36__100.jpg
4938.0,276.79393804073334,1.5625,0.8099305871621003,0.9836653386454183,43.46086956521739,72.86201596164369,144.2913043478261,48.02737324185145,65.01324110671936,37.78056078580225,8043.795343359375,275.2869318181818,0.46866186444051405,0.19987215085919663,A,grading/data_processed/potato/A/Potato_Red_2_r2_1__100.jpg
4999.5,277.3797240257263,1.5625,0.8165579534426867,0.9865811544153922,49.334830144474815,76.31226152166876,142.22100741897697,49.720632697246444,65.79246388129637,37.908736636490886,7403.423271484375,239.72143308080803,0.45882915971736343,0.1910081867274735,A,grading/data_processed/potato/A/Potato_Red_2_r2_0__100.jpg
5644.0,289.4213534593582,1.3157894736842106,0.846712027264003,0.9861960510221912,42.262263823886286,70.25819726083674,131.87762177153752,49.17522132399503,73.92113017854048,42.68050005334351,6266.380512309557,306.88862307283364,0.4485597734664454,0.22953960939591403,A,grading/data_processed/potato/A/Potato_Red_2_r2_85__100.jpg
4495.5,266.06601560115814,1.7543859649122806,0.7980113237340232,0.9861796643632774,46.78890333766797,73.83406457926787,137.86974425661032,52.436653872382585,59.26918075422627,34.5222947302522,9816.114622683903,244.15399610136456,0.4312608330552731,0.18204986760129982,A,grading/data_processed/potato/A/Potato_Red_2_r_110__100.jpg
5700.0,291.0782070159912,1.2820512820512822,0.8454060228614652,0.987012987012987,43.30695278969957,71.07182025291144,132.11210300429184,48.249828742586836,74.72412017167382,43.27908367160024,6152.272013412229,312.0009065009065,0.45312941427179226,0.24231782419540898,A,grading/data_processed/potato/A/Potato_Red_2_r2_84__100.jpg
4931.0,276.45079135894775,1.5151515151515151,0.8107915084447506,0.980610520035796,40.73673792557403,71.0728856840781,145.03958828186856,50.0587463325947,64.84026128266034,37.50723364081906,8395.498544329661,258.93694520967244,0.509412707828185,0.22374370160585574,A,grading/data_processed/potato/A/Potato_Red_2_r2_17__100.jpg
4843.5,271.8650041818619,1.5625,0.8234980115145185,0.9843511838227822,42.78859330914953,72.31395012711579,145.27710600564288,49.284215459298785,63.808746473196294,37.36574112088385,8797.063699609374,302.3716856060606,0.5156724047456117,0.2138713875411837,A,grading/data_processed/potato/A/Potato_Red_2_r2_16__100.jpg
6220.0,301.76449954509735,1.2345679012345678,0.8583490981221295,0.9834769546999763,63.47449622166247,80.04592694251438,124.77676322418137,51.91503220036176,81.51102015113351,47.0996639269574,3670.088548635879,256.39431350542463,0.4866903991585965,0.20520459247826028,A,grading/data_processed/potato/A/Potato_Red_2_r_183__100.jpg
3952.5,278.8944425582886,1.6779661016949152,0.638560458129112,0.9295625587958608,16.512877115526123,19.320468264997366,94.06475349521708,42.32731268734379,52.56708363993132,31.19987430488754,13870.180026479835,320.3068142511242,0.4307629929497728,0.28942286539156303,A,grading/data_processed/potato/A/Potato_Red_1_r2_38__100.jpg
3946.5,279.8650051355362,1.694915254237288,0.6331764848483048,0.9304491335612401,15.95600884738265,18.26833068501678,94.47308921110839,42.759916917390804,52.6787908577046,32.06014400364233,15403.493865527147,426.9469268960794,0.434575865773139,0.29657794046128244,A,grading/data_processed/potato/A/Potato_Red_1_r2_39__100.jpg
6594.0,316.249782204628,1.1363636363636365,0.8285111102557967,0.9755881047492233,19.659833630421865,7.649354815080604,124.58259061200238,42.210808906432,86.64587046939988,49.876466162774356,3858.9796714359504,407.07851239669424,0.40037067124747205,0.22270854467549914,A,grading/data_processed/potato/A/Potato_White_1_r_130__100.jpg
5569.5,298.8355668783188,0.76,0.7837210324758511,0.9655022969576146,20.78048780487805,6.8476052920318615,131.11510791366908,44.98251495754053,73.63853307597824,43.220165373153044,7810.412451523546,723.2286666666666,0.3757500389802229,0.23016162437151277,A,grading/data_processed/potato/A/Potato_White_1_96__100.jpg
5856.5,403.4041085243225,1.043010752688172,0.452238339231607,0.8284178513331919,19.066666666666666,7.550418700568621,118.50182421227197,39.006776381001046,78.0865671641791,45.32897771719124,2991.635070571087,493.87208781362017,0.47557279177781653,0.3135565111763117,A,grading/data_processed/potato/A/Potato_White_1_r2_160__100.jpg
5794.5,420.7178169488907,1.0543478260869565,0.4113808039737802,0.8155524278676988,19.306108786610878,8.62359444157526,118.59414225941423,38.251593441755105,77.39096234309623,44.93465774252549,2825.5604969556152,469.56578351449275,0.4745275608502469,0.3127832614023234,A,grading/data_processed/potato/A/Potato_White_1_r2_161__100.jpg
4515.5,271.37972247600555,0.6,0.770479206586875,0.9782279029462738,14.570010787486515,15.851617999553449,107.63128371089536,45.20833438799011,60.14670981661273,35.97440729192533,12924.156415972222,478.3184745762712,0.3595700436950018,0.20717241805195458,A,grading/data_processed/potato/A/Potato_Red_1_165__100.jpg
3780.0,268.3086556196213,0.55,0.6598303646933381,0.949748743718593,13.579379328032829,8.824064506418365,97.87355732239035,44.04947981424515,50.81431136188766,31.36415262069523,20333.175176561985,533.9303703703704,0.39227428607096,0.2654867478912997,A,grading/data_processed/potato/A/Potato_Red_1_95__100.jpg
3790.0,267.96551048755646,0.55,0.6632714040679827,0.950231916760687,14.314483111566018,7.964167774205349,97.40020470829069,44.02169280037175,51.10926305015353,32.138925438178134,19284.589978975207,602.9312962962963,0.3952363808488834,0.26712804094784026,A,grading/data_processed/potato/A/Potato_Red_1_94__100.jpg
4860.0,274.45079147815704,0.63,0.8108063814624988,0.9856012979111742,30.46385542168675,62.78609778522258,143.5140562248996,49.78909740187337,64.05803212851406,37.38015985984501,7303.803128344671,361.4432258064515,0.4445841386476407,0.1930633371026062,A,grading/data_processed/potato/A/Potato_Red_2_155__100.jpg
6401.0,320.3919167518616,0.9387755102040817,0.7836002934586149,0.9640786203780405,15.646734974766783,18.270251885499082,92.7972166998012,38.43043281418993,84.29346994953357,48.960804693790244,3403.6422411498165,473.7533079165732,0.4514986372776705,0.2602639646561364,A,grading/data_processed/potato/A/Potato_Red_1_r_176__100.jpg
4842.5,274.20815074443817,0.63,0.8093172061178688,0.9850488201790073,32.770703203707434,64.75228929092431,142.26254281684464,50.9670236411083,63.72516623010276,37.04299098191358,8185.981372108845,341.79919354838705,0.432450510043493,0.19514812672214754,A,grading/data_processed/potato/A/Potato_Red_2_154__100.jpg
3804.0,271.9655091762543,1.7543859649122806,0.6462829701125605,0.9391433156400444,16.873598369011212,26.20430251180577,88.00891946992864,41.506679662804004,50.94189602446483,31.805645260098185,18082.26953388735,381.8802055644162,0.47160650682695193,0.30088827607961743,A,grading/data_processed/potato/A/Potato_Red_1_r2_141__100.jpg
5471.0,289.7644993066788,0.73,0.8188158216588496,0.9822262118491921,20.771663391102376,12.856599627343721,135.92549580132214,45.02598842940478,72.08290155440415,41.81357575817041,8140.157080803155,554.4473611111111,0.34820657507258845,0.2140668676899641,A,grading/data_processed/potato/A/Potato_White_1_123__100.jpg
5070.5,307.03657722473145,1.492537313432836,0.6758968447763612,0.9489986898746022,20.219704244286536,11.125423354354835,117.35874783944689,42.914942737539505,67.47801037065489,40.29999666937025,11476.269002985076,556.0091964420322,0.373359612016147,0.21093055794069485,A,grading/data_processed/potato/A/Potato_White_1_r_178__100.jpg
4845.0,282.5929266214371,1.375,0.7623968111605692,0.9568480300187617,14.174552043487015,18.108078006893585,101.08616871350917,43.89860821781205,63.94564123213207,37.26176002882139,10392.00819909958,368.1309523809524,0.45990188984133884,0.2929236809432158,A,grading/data_processed/potato/A/Potato_Red_1_r2_71__100.jpg
5010.0,305.62236404418945,1.492537313432836,0.6740270537859382,0.9447482557043183,20.60940536338904,11.05790596161013,118.6566265060241,43.94411411087407,66.48367664205207,39.4072756140906,10697.564492648698,568.557364691693,0.3823583374660895,0.21801521391488388,A,grading/data_processed/potato/A/Potato_White_1_r_179__100.jpg
5657.5,290.3502856492996,1.3333333333333333,0.8433151674122048,0.9851980844579887,51.009854771784234,76.15919125921091,131.64903181189487,50.15077118426573,74.29875518672199,43.15763618854344,5801.19938488889,397.58195286195286,0.4356555551783961,0.21740742565816054,A,grading/data_processed/potato/A/Potato_Red_2_r2_177__100.jpg
5752.5,294.00714015960693,1.2820512820512822,0.8362781234070443,0.9835855347525007,49.81530612244898,75.60726423551088,130.88826530612246,50.57436026998982,75.58843537414965,43.603454298984666,5744.977892899408,364.7131572131573,0.452440411183935,0.23436239200628303,A,grading/data_processed/potato/A/Potato_Red_2_r2_176__100.jpg
5736.0,310.3919162750244,1.1529411764705881,0.7481664037564025,0.954647582591329,14.910717328335322,19.89789585127637,96.16237859942069,39.391673116547075,75.35167830976316,43.25213288153493,6067.719464871182,417.2054578532444,0.47977066493307036,0.2818508500032945,A,grading/data_processed/potato/A/Potato_Red_1_r2_89__100.jpg
4957.0,308.4507905244827,1.5384615384615385,0.6547221105307588,0.9502540017252947,20.193953670985472,11.191399519205897,119.37377306635257,42.853729764255164,65.76442873969376,38.79824925137804,10352.498393633135,507.4487956487957,0.36936107745211927,0.20319896970659393,A,grading/data_processed/potato/A/Potato_White_1_r_180__100.jpg
5714.5,307.46298348903656,1.1647058823529413,0.7596305579135293,0.9535291173035207,14.39195893926433,18.243092940787665,96.3748502994012,39.6427755055712,75.1798118049615,43.53589910833057,6315.789068568316,420.65174069627847,0.4851722382350464,0.29131474292467846,A,grading/data_processed/potato/A/Potato_Red_1_r2_88__100.jpg
4918.5,303.8650047779083,1.5384615384615385,0.6693930001383702,0.9474140421843398,20.31130021769246,11.066512876900983,120.99643775974668,43.53373649613356,65.31466455570948,38.607802002846924,11173.71644523077,524.5249417249418,0.3797968982725993,0.2100130331245279,A,grading/data_processed/potato/A/Potato_White_1_r_181__100.jpg
5405.0,286.93607223033905,0.73,0.8249645071824345,0.9824593292738344,20.63254972875226,11.000421996252165,136.4987341772152,46.11400780999248,71.17703435804701,41.268410179307466,8528.83530153875,566.4434722222222,0.36896296547323826,0.22351065290020636,A,grading/data_processed/potato/A/Potato_White_1_27__100.jpg
5438.0,294.24978041648865,1.3157894736842106,0.7892539651402263,0.971852381377893,19.812938005390837,12.550278172363488,139.61545372866127,43.917481780336715,71.80233602875113,41.94154698881771,8165.388195273546,496.41015417331204,0.4000519636537361,0.2570174428280848,A,grading/data_processed/potato/A/Potato_White_1_r2_14__100.jpg
6374.5,313.4629842042923,0.9183673469387755,0.8152362110463094,0.976336345535304,19.00937307928703,12.920270068700036,78.9422249539029,36.50492779918403,83.92701290719116,48.59128353054808,3782.9064280186753,559.1343728502638,0.4122292654785445,0.2459890492931417,A,grading/data_processed/potato/A/Potato_Red_1_r_74__100.jpg
4613.5,270.208150267601,1.6129032258064515,0.7940420465218464,0.9798237230540512,36.52218934911242,66.84026180440046,138.49218089602704,52.80883223658816,60.727176669484365,35.17053246067329,9231.706755437046,200.39850114043668,0.4986623865192015,0.22643782243785066,A,grading/data_processed/potato/A/Potato_Red_2_r_133__100.jpg
4579.0,267.96550989151,1.6666666666666667,0.8013508635193844,0.98420204191295,35.49840323610815,66.24591806454097,138.88162657015116,52.807035180218094,60.19182456887375,34.89768544239594,8897.677708638888,193.96161616161618,0.4781135499228453,0.20914986400271093,A,grading/data_processed/potato/A/Potato_Red_2_r_132__100.jpg
5231.0,288.93607223033905,1.3888888888888888,0.7873921026035374,0.974841595229221,19.50812021653911,8.179054834281784,137.5499346649244,43.270981076665755,69.15251073361956,40.53344684789854,9067.562426215276,514.9395342312009,0.3966400320557545,0.24402815181396814,A,grading/data_processed/potato/A/Potato_White_1_r2_198__100.jpg
6071.5,297.32084822654724,1.2195121951219512,0.8630881166603871,0.986193454072931,46.43539280529117,73.93806334776276,134.26568801419583,53.18851808895905,79.69753185997742,45.78456229888383,4181.2963835663295,277.87521557033756,0.49724120106776704,0.23277768664320186,A,grading/data_processed/potato/A/Potato_Red_2_r2_35__100.jpg
6071.0,304.24978017807007,1.2098765432098766,0.8241562389860806,0.973306613226453,21.28840883443495,12.272978176670739,134.402385942286,44.23436776333045,79.89359987103015,46.351685670049584,5635.80878066352,477.93114420262174,0.38264718373383644,0.20438281325020513,A,grading/data_processed/potato/A/Potato_White_1_r_55__100.jpg
4960.5,290.8355666399002,1.492537313432836,0.7369538402701026,0.9543093497499038,20.63527329925285,11.098586136498628,129.9095556429414,45.0633983335262,65.6158081006685,38.7452819271456,11597.53456039207,495.43871551334234,0.4232700575597284,0.2280611815544881,A,grading/data_processed/potato/A/Potato_White_1_r_112__100.jpg
5007.5,288.3502860069275,1.492537313432836,0.756815553825232,0.9603030012465241,20.80109097993376,10.369558561833443,130.98051821546855,44.239351404675105,66.18936294564583,38.82389904677272,10617.905230808645,442.05050505050514,0.41479526729726696,0.22100435613385233,A,grading/data_processed/potato/A/Potato_White_1_r_113__100.jpg
4853.5,288.208150267601,0.65,0.7342642467108947,0.966736380838562,20.629592451315,11.05367894066958,123.18610720738808,44.20449113452507,64.32864886568962,38.21914798629075,10378.911375147929,502.32578125,0.3645504613398051,0.20987030383928487,A,grading/data_processed/potato/A/Potato_White_1_149__100.jpg
4493.0,275.96550965309143,0.61,0.7413728345179728,0.9693635382955771,12.903791982665222,15.47544298450601,112.25763813651137,46.08160519828066,59.97053087757313,36.220732922378936,14588.775180220371,518.0991666666666,0.36916556761686053,0.22068888357444136,A,grading/data_processed/potato/A/Potato_Red_1_147__100.jpg
6557.0,350.190905213356,0.95,0.6719010533982537,0.9486400462962963,19.246608021470106,7.886798899978178,119.76084687639779,40.293163793811864,86.35440584463993,49.670848270692254,3317.377516443213,484.73191489361693,0.4695677304779114,0.27846692154012226,A,grading/data_processed/potato/A/Potato_White_1_r2_142__100.jpg
4475.5,275.86500465869904,0.62,0.7390234239375914,0.9702981029810298,13.37467362924282,18.655217714007417,112.26066144473455,45.32180104586711,59.67580504786771,35.91209577024507,15649.517411836627,495.01213114754097,0.38485994239866345,0.23470363616443915,A,grading/data_processed/potato/A/Potato_Red_1_146__100.jpg
5480.0,295.9066344499588,1.240506329113924,0.7864679292063316,0.9700832005664719,13.838594613875513,22.29951172816807,99.39022650258606,43.181522332465754,72.00445871232388,41.21325887464301,5571.184854144987,386.1466788464048,0.4291417171911044,0.26193096668094606,A,grading/data_processed/potato/A/Potato_Red_1_r_155__100.jpg
4791.5,271.0365775823593,0.63,0.8196445338232645,0.9854997943233237,28.75173116089613,59.52058358006777,139.68391038696538,50.76402704411187,63.159266802443994,36.87041615228207,7551.188750919627,348.38129032258075,0.41843669280531925,0.200720670886493,A,grading/data_processed/potato/A/Potato_Red_2_176__100.jpg
3575.5,260.0660147666931,1.9038461538461537,0.6643232331666581,0.9458994708994709,16.402871850447035,22.03418398843965,97.08398807911135,45.13026380197587,48.26334326740721,30.635179647077123,20221.80654295631,468.6899529042388,0.446115185241396,0.2703463885914824,A,grading/data_processed/potato/A/Potato_Red_1_r2_163__100.jpg
4784.5,271.0365778207779,0.63,0.8184470969796765,0.985377407064154,27.27065062206812,57.99465089342779,138.96716296145217,51.66435256510243,63.146236997756475,37.030402280557034,8854.35562053414,348.66967741935485,0.41906242251715287,0.20387147815370982,A,grading/data_processed/potato/A/Potato_Red_2_177__100.jpg
4564.0,272.4507911205292,0.62,0.7726438518545641,0.9821390144179041,44.74012385223148,73.34330207717058,135.45227418321588,51.37459222102443,60.287849669015586,34.8617659400668,9027.430228511967,396.92475409836067,0.39632112791211277,0.22581272489387955,A,grading/data_processed/potato/A/Potato_Red_2_84__100.jpg
3513.0,267.1370828151703,1.8867924528301887,0.6186138735643485,0.9296110082032284,15.522996419719085,19.364495969643716,96.25419994491875,43.81444303184524,47.193335169374826,29.39331604313932,22342.33415720897,368.65485039069955,0.47254754844496566,0.30304082098751345,A,grading/data_processed/potato/A/Potato_Red_1_r2_162__100.jpg
5663.0,290.2497806549072,1.2692307692307692,0.8447197050520168,0.9845271210013908,14.895991706979958,12.095774983917947,93.67225293711127,37.923661326777086,74.39374568071872,42.85423061756409,6298.312392481521,432.4237310308738,0.3861701950896862,0.23801504247431762,A,grading/data_processed/potato/A/Potato_Red_1_r_4__100.jpg
5564.5,287.1787129640579,1.32,0.8478743968696807,0.9853904728174252,16.14097380910529,18.77609949610839,94.175250483389,37.92438720517504,73.14114958692213,42.07968914464208,5887.234536158442,426.395918367347,0.36855675968967916,0.2211810376450992,A,grading/data_processed/potato/A/Potato_Red_1_r_5__100.jpg
4260.5,263.23758816719055,1.8181818181818181,0.7726354446937294,0.9816820276497696,54.33988122430333,77.80722311652133,133.76153494746458,51.33499435233458,56.25445408862494,33.09610070256476,12521.804180991736,232.71460055096424,0.4784385220402195,0.1971615847675515,A,grading/data_processed/potato/A/Potato_Red_2_r_20__100.jpg
4285.0,263.8233754634857,1.8181818181818181,0.7736315008799762,0.9846047794117647,53.115375880081764,77.56598941445671,132.44605950488304,51.647814019246766,56.50624574153986,33.02890556506262,11666.75238277686,194.9706152433425,0.4765482536672748,0.1937958605681878,A,grading/data_processed/potato/A/Potato_Red_2_r_21__100.jpg
4005.5,271.3797240257263,1.6666666666666667,0.6834579618506482,0.9421380689168529,14.888484848484849,18.385730323337665,98.82424242424243,43.249145938689765,53.398060606060604,32.603619001520684,16089.335181222223,423.536026936027,0.4619023940143963,0.29811851191237554,A,grading/data_processed/potato/A/Potato_Red_1_r2_53__100.jpg
4893.0,275.2792183160782,1.5151515151515151,0.8114060227924873,0.9841110217216412,37.52822661081189,67.54143212907537,135.2491522042689,48.94653997947007,64.26152004787552,37.156910203972664,9258.94794469697,312.8235384144475,0.44629005095477164,0.22966034788000372,A,grading/data_processed/potato/A/Potato_Red_2_r2_98__100.jpg
4350.5,266.208150267601,0.6,0.7714474387262497,0.9777503090234858,12.643160958137452,17.26586116075311,109.92478173270652,44.36203684077456,58.145511528990376,35.58231381008379,13454.25419375,517.3901694915255,0.3869971425685124,0.23421741925592818,A,grading/data_processed/potato/A/Potato_Red_1_130__100.jpg
4346.0,268.4507910013199,0.59,0.7578272368483059,0.979049335435909,11.58391216670401,10.909300824313618,112.42639480170288,44.75641137431088,58.04817387407574,35.145052144747496,12806.93884010342,465.02431034482765,0.38258354116268894,0.22554574453428905,A,grading/data_processed/potato/A/Potato_Red_1_131__100.jpg
4878.0,276.4507910013199,1.5151515151515151,0.8020768583302157,0.9838644614764018,37.435687137427486,67.14288233321939,136.91618323664733,48.57354685470293,64.26765353070614,37.732117863417926,9475.522324977042,345.37190082644616,0.46250354300279395,0.23176047612865747,A,grading/data_processed/potato/A/Potato_Red_2_r2_99__100.jpg
6158.0,315.7056248188019,1.1363636363636365,0.7763988962564684,0.9660365518864225,19.35553083280356,6.604960636570925,129.592180546726,43.02182272585933,80.92291799109981,46.545757782874176,5305.31451413998,501.58482552800734,0.4610220870910377,0.26981159861725534,A,grading/data_processed/potato/A/Potato_White_1_r2_135__100.jpg
4377.0,269.96550941467285,1.6779661016949152,0.7546921722858775,0.9713715046604527,14.314056939501778,24.495136017655646,109.26156583629893,45.075737960773395,57.93149466192171,33.795026970605015,10856.68993088869,348.33759944655833,0.3649089968498677,0.21996496892176742,A,grading/data_processed/potato/A/Potato_Red_1_r_122__100.jpg
5506.0,291.76449978351593,0.74,0.8127952827492874,0.9815491576789375,20.6156577312267,11.196174461009111,133.75306231137938,46.18500588147432,72.6415764246405,42.21017833979014,8028.071516727539,640.886301369863,0.35856107773110246,0.22074036530721275,A,grading/data_processed/potato/A/Potato_White_1_18__100.jpg
4321.0,266.79393672943115,0.59,0.7628553907451452,0.979596463386987,46.53808021631365,74.67666077707001,133.1302388463272,50.11509673414787,57.03132041460117,33.13679924611352,10821.77054007469,390.61965517241373,0.4296360996663581,0.2279785672175844,A,grading/data_processed/potato/A/Potato_Red_2_101__100.jpg
4345.5,271.37972354888916,1.6779661016949152,0.7414721217473368,0.9717128801431127,13.751399776035834,22.852641797445923,107.28533034714445,44.210715257637375,57.587458006718926,33.722230407573086,11111.799049754287,382.2692839847804,0.37669080286698425,0.22481640552630872,A,grading/data_processed/potato/A/Potato_Red_1_r_123__100.jpg
5085.0,289.62236392498016,0.7,0.7617923960047185,0.9674657534246576,20.717629004412046,11.607051425568775,122.03913293688855,41.96405342154925,67.22424707462113,39.28549669239618,8973.849091836735,588.5885507246376,0.37676176216547563,0.2345533188835448,A,grading/data_processed/potato/A/Potato_White_1_177__100.jpg
5031.5,287.0365777015686,0.7,0.7674195423656317,0.9675031246995481,21.010081426909654,12.284019918568635,124.78518805738658,42.09612052660389,66.47906165180302,38.95745693304269,9615.155740387754,575.3081159420288,0.38620891400399776,0.24177546819649445,A,grading/data_processed/potato/A/Potato_White_1_176__100.jpg
4222.0,288.9360729455948,1.5873015873015872,0.6355131792646356,0.925775682490955,16.156623735050598,16.94486390880324,85.08325666973322,39.99315103820269,56.1982520699172,33.75872610868298,13512.11703451751,450.634279300946,0.440301928812892,0.29475290585782327,A,grading/data_processed/potato/A/Potato_Red_1_r2_25__100.jpg
5489.5,290.3502856492996,1.3066666666666666,0.8182728433953688,0.976518722760829,17.95548433048433,17.344439197094815,87.03116096866097,38.40933460546402,72.12695868945869,41.43216162377732,5958.613018446017,361.5120274914089,0.4114859047243863,0.22483113515672262,A,grading/data_processed/potato/A/Potato_Red_1_r2_186__100.jpg
4464.5,268.551295876503,0.6,0.7779079082510432,0.980239323745746,35.45276020074187,66.00908023841737,134.99083569714162,54.077319192396146,58.902683831551386,34.24521893741899,10089.806439555556,380.2557627118644,0.4265377410349035,0.21547696337804778,A,grading/data_processed/potato/A/Potato_Red_2_9__100.jpg
4473.0,269.9655100107193,0.61,0.7712447045301362,0.9793103448275862,36.373257839721255,66.47238861828167,135.49891114982577,53.59098306350935,59.069686411149824,34.58540437914397,10745.446209594196,441.7553333333334,0.4300869390105314,0.2257424786491605,A,grading/data_processed/potato/A/Potato_Red_2_8__100.jpg
5055.5,277.52185916900635,1.492537313432836,0.824858750989141,0.984997564539698,31.8201313755796,62.8222012409768,143.85123647604328,47.22764890930416,66.42890262751159,38.32260521359204,7287.8826307863665,255.9250716116388,0.45529021541279974,0.2162419900955297,A,grading/data_processed/potato/A/Potato_Red_2_r2_122__100.jpg
4764.0,272.45079123973846,0.63,0.8065020392230614,0.9822680412371134,34.901494982592666,66.75140811376484,141.6352652058161,49.720771424679704,62.75834527954127,36.71996313580722,9685.760772461577,377.551935483871,0.44586614164777943,0.20479403246581876,A,grading/data_processed/potato/A/Potato_Red_2_148__100.jpg
5081.5,284.20815002918243,0.67,0.7905488996247463,0.975148723853387,21.094104090647207,11.15251987822747,130.79681198386788,46.407830944928314,67.0873823698867,39.2164695598197,8609.02626890176,543.6033333333334,0.359216759327927,0.20321619147475017,A,grading/data_processed/potato/A/Potato_White_1_50__100.jpg
3810.0,270.3086556196213,0.57,0.655261926830761,0.9419035846724351,14.855470737913485,8.907467596173356,100.5379134860051,45.43175081828683,51.17837150127227,31.590525690126295,17566.326417359185,496.49107142857144,0.41531800541222236,0.2878595799258764,A,grading/data_processed/potato/A/Potato_Red_1_88__100.jpg
3826.5,269.7228692770004,0.57,0.6609613119842175,0.9433008751386663,14.331728332488597,7.394309664278741,96.9908768373036,44.55610787538634,51.55017739483021,32.46378373125933,17005.19282105263,640.1692857142858,0.4135135206035693,0.28541289907637973,A,grading/data_processed/potato/A/Potato_Red_1_89__100.jpg
5152.5,279.5218584537506,1.4492753623188406,0.8286980448242558,0.983489215499141,37.966439135381115,67.3611481592218,133.04588547591962,51.814996620705394,67.65927189988624,38.989868465132645,7136.169640327662,238.11725955204216,0.5099926208939721,0.22538586260424337,A,grading/data_processed/potato/A/Potato_Red_2_r_144__100.jpg
4475.5,276.5512956380844,0.63,0.7353600471902662,0.9652755311118301,15.17833840800348,17.632575941767627,103.08916920400173,43.42161932643245,59.70356676816007,36.0800634563424,12821.090298412697,522.7808064516129,0.3833812057707462,0.250775073236795,A,grading/data_processed/potato/A/Potato_Red_1_179__100.jpg
4464.5,276.20815098285675,0.64,0.7353764371603727,0.9609341368919501,16.245311818578283,21.31238705947129,103.53815961622328,43.72086113816508,59.593109463584824,36.0172668476842,13212.20090895996,538.96,0.3950610812852808,0.2629579593489872,A,grading/data_processed/potato/A/Potato_Red_1_178__100.jpg
5236.0,291.76449942588806,1.4285714285714286,0.7729379060857756,0.9656062701705855,19.881036733171733,7.299844588443801,124.73186649263472,44.8229126332326,68.99571135558456,40.00587524761861,8984.289590530612,451.87445887445875,0.37279646054107485,0.22058055364678594,A,grading/data_processed/potato/A/Potato_White_1_r_22__100.jpg
6746.5,310.6345566511154,1.076086956521739,0.8785952562472543,0.9879191682530385,48.92673353685129,74.68891054624146,130.41444977467654,51.86787732046792,88.69079808111644,51.17478625264455,2856.4635752779946,327.04037267080736,0.48263782493074214,0.2316533234280295,A,grading/data_processed/potato/A/Potato_Red_2_r2_42__100.jpg
4541.5,268.8944424390793,0.58,0.7893062288477032,0.9829022833026728,37.66208968032611,67.86829059525267,131.65436601587643,54.06694497043703,59.962454408925126,34.890248216694076,12434.781073454224,386.06157894736845,0.3790984283256847,0.17863530581562312,A,grading/data_processed/potato/A/Potato_Red_2_29__100.jpg
5539.0,297.27921855449677,1.3513513513513513,0.7876116433961509,0.9781898454746137,20.380776014109347,11.615829561403114,115.54691358024691,40.97643969897173,73.00564373897707,42.42882580455782,7873.429305898467,459.65015015015,0.395953426836509,0.22444283733196757,A,grading/data_processed/potato/A/Potato_White_1_r_165__100.jpg
4546.5,268.89444231987,0.59,0.7901752224238561,0.9826021180030258,34.39562794684955,65.3628365429856,132.07693956279468,54.24689430687302,59.968495499357054,34.7140926950615,11833.089022091355,406.5448275862069,0.37735575463122695,0.18595916630778983,A,grading/data_processed/potato/A/Potato_Red_2_28__100.jpg
5077.5,294.00713884830475,1.4705882352941178,0.7381490151197336,0.9561246586950382,20.450336215177714,10.456960065710957,126.40730067243035,43.92846451597104,67.21844380403458,39.62690706543331,10759.909346691176,495.59685086155673,0.36377343821502434,0.22139338127604657,A,grading/data_processed/potato/A/Potato_White_1_r_16__100.jpg
6297.0,313.22034215927124,1.1494252873563218,0.8065729221987831,0.9756740006197707,20.58886642823822,10.507692148295726,116.7062665215363,41.03048337045659,82.78914632250039,47.92587133884818,4374.234223424494,445.8417508417508,0.421096485366452,0.24703555137043662,A,grading/data_processed/potato/A/Potato_White_1_r_151__100.jpg
6473.0,315.22034227848053,1.1235955056179776,0.8186287605959951,0.9753635199276727,19.87227602905569,10.382807609272586,115.77300242130751,40.86267734082086,85.0544794188862,49.031291565428155,4099.011844097968,468.6430598115992,0.42226760409905606,0.24387935033255806,A,grading/data_processed/potato/A/Potato_White_1_r_150__100.jpg
4978.0,294.7939372062683,0.68,0.719826218903689,0.9577681577681577,21.388334311998435,8.873058629974649,130.06615776081424,44.588134188902906,66.11313368565277,39.377418081335954,10533.169622750866,596.1262686567165,0.38932473464712464,0.2281682216216496,A,grading/data_processed/potato/A/Potato_White_1_65__100.jpg
6588.5,323.3208473920822,0.9,0.792006959002903,0.9628087096302791,19.431564868479715,8.535178362041318,131.37687620746024,44.768183539028556,86.54599494724327,49.71261444998731,3646.198799395062,483.8385393258426,0.3962744865815369,0.23825428729822015,A,grading/data_processed/potato/A/Potato_White_1_r2_56__100.jpg
3850.5,264.2081506252289,1.7678571428571428,0.6931617180101894,0.9551035594691802,17.401412002017146,24.01625223006723,95.43242561775088,42.36354615563802,51.15052950075643,30.49179652864268,16768.291754772006,320.1758381924198,0.43714978669634,0.27299351422056195,A,grading/data_processed/potato/A/Potato_Red_1_r2_169__100.jpg
4957.0,293.27921855449677,0.68,0.7242128093799276,0.9612177622648826,21.636059771922927,11.325427411946869,129.31124655918208,45.43004694791207,65.89657884388518,39.35526802859815,10739.893193425607,599.1544776119404,0.39537866092879437,0.23026392404363386,A,grading/data_processed/potato/A/Potato_White_1_64__100.jpg
4782.0,298.5929263830185,1.5625,0.6740007898980168,0.9495631453534551,20.587540716612377,4.435025804522316,130.23534201954396,45.57875192634335,63.60545602605863,38.12304187788945,10669.229692358398,554.464172979798,0.4143000697318183,0.21797645799910956,A,grading/data_processed/potato/A/Potato_White_1_r_85__100.jpg
4834.5,296.35028541088104,1.5384615384615385,0.6917524865461221,0.949244060475162,21.185132957292506,10.961904427283377,130.4512489927478,44.75990925687154,64.29311039484287,38.46371010759145,10666.62836923077,497.9737373737373,0.41073420803434263,0.22327046684425794,A,grading/data_processed/potato/A/Potato_White_1_r_84__100.jpg
6297.0,316.7350616455078,0.87,0.7887716176359588,0.9615942582270749,19.645321728318308,5.975270561374816,111.91778054087659,41.82474408265319,82.69754429592788,47.418938277518336,4635.186702008191,471.15418604651165,0.4436828951931661,0.2425098198209152,A,grading/data_processed/potato/A/Potato_White_1_r2_148__100.jpg
4583.5,278.55129623413086,1.6666666666666667,0.7423295213425014,0.9704636883336862,15.02931803696622,12.10212504722973,103.2392181856809,42.77128426483916,60.772678988740175,35.86268090317829,10710.106108638889,402.0791245791246,0.3430651528047028,0.20486880539938937,A,grading/data_processed/potato/A/Potato_Red_1_r_37__100.jpg
4568.5,279.0365777015686,1.639344262295082,0.7373288372459472,0.9685181259274963,14.616073331912173,9.474506043979076,103.40162012364101,43.274136557976846,60.49030057557024,35.45905162402835,12094.979655361461,398.066898493128,0.36569483502684896,0.21868292386746682,A,grading/data_processed/potato/A/Potato_Red_1_r_36__100.jpg
5495.0,294.5929263830185,1.36986301369863,0.7956699046209001,0.9702480798093052,20.019384670104927,9.326443668279547,130.089631869109,44.42747183353039,72.38057976169304,41.898269366033226,7297.217403246388,394.9327521793275,0.42868332175885326,0.21988976375732677,A,grading/data_processed/potato/A/Potato_White_1_r_119__100.jpg
4944.0,276.4507908821106,1.5384615384615385,0.8129290674465995,0.9835869889585198,28.811846001974335,59.82716417643346,144.8177690029615,46.741748749568295,64.95261599210266,37.437533699274574,8256.931466863905,254.75415695415697,0.4586516140960588,0.2114340900800157,A,grading/data_processed/potato/A/Potato_Red_2_r2_117__100.jpg
5277.0,290.59292709827423,1.408450704225352,0.7852842354303216,0.977674849467346,20.422543031649084,11.123574669562995,136.51656487136776,41.369493507282066,69.84712196927633,41.26766437130556,9086.461096032532,589.7511737089201,0.38303348236940943,0.2275881802217299,A,grading/data_processed/potato/A/Potato_White_1_r2_192__100.jpg
4561.5,274.20815098285675,0.63,0.7623542445610608,0.9648863035430989,14.147586501495088,14.350073472146928,103.780649295173,43.10693647674979,60.76804784280222,36.54149245234029,12391.106454623332,533.7185483870967,0.37900750354863294,0.23539796267696583,A,grading/data_processed/potato/A/Potato_Red_1_197__100.jpg
5271.5,290.35028636455536,1.408450704225352,0.7857774428830688,0.9762941013056764,19.836606150426082,7.2942176216672525,134.786772878844,42.272667669957876,69.64134864764728,40.76001673960851,8559.79576956953,509.3644899701238,0.38974680727181554,0.22847837110994915,A,grading/data_processed/potato/A/Potato_White_1_r2_193__100.jpg
5298.5,284.55129647254944,1.4705882352941178,0.8223215380219779,0.984759780689527,48.23539170506913,75.39084324454173,137.52184331797235,50.63817554383902,69.61824884792627,40.13352918290896,7387.502622815743,270.94310754604874,0.4391748393712616,0.19607533667591492,A,grading/data_processed/potato/A/Potato_Red_2_r2_185__100.jpg
5334.0,286.4507918357849,1.4492753623188406,0.8168885733069958,0.9811459578773107,51.86135531135531,77.35375904067911,137.4142857142857,49.53439787132914,70.37454212454213,41.25741372240177,7514.052493173704,384.93734445908365,0.43153489589387095,0.1994181503688229,A,grading/data_processed/potato/A/Potato_Red_2_r2_184__100.jpg
5339.0,290.59292578697205,1.3888888888888888,0.7945106255071144,0.9780179520058618,20.701189387008235,12.471413183808682,134.99945105215005,44.81073546046136,70.40622140896615,41.475817066903936,8824.56799211034,462.033810325477,0.38025289682078306,0.23013584923010194,A,grading/data_processed/potato/A/Potato_White_1_r2_100__100.jpg
3857.0,269.480228304863,0.53,0.6674299477426324,0.964853033145716,13.273573045008801,10.67121682969466,100.9537339703294,43.624951645792144,51.97108373145587,33.04970568965435,16607.30984336063,600.3955769230769,0.3678901989154733,0.22813147940056652,A,grading/data_processed/potato/A/Potato_Red_1_104__100.jpg
4755.0,306.10764467716217,1.6129032258064515,0.6376935640092787,0.9409320273078065,19.632310838445807,10.207849088009874,126.36421267893661,45.18366594404337,63.31717791411043,37.70260078213791,12590.36375431842,540.2922776148583,0.3585778064318231,0.1988549677802376,A,grading/data_processed/potato/A/Potato_White_1_r_0__100.jpg
4785.0,273.6223648786545,1.5625,0.8031351282608549,0.9826470890235137,34.03955147808359,64.4982742849111,134.58980632008155,53.058724780131904,62.9158002038736,36.49238599451562,8681.236734350587,228.33065025252532,0.5005833911146319,0.22417728395425804,A,grading/data_processed/potato/A/Potato_Red_2_r_139__100.jpg
3864.0,267.82337474823,0.53,0.6769397637485008,0.9641921397379912,14.97941767068273,19.88651482663692,102.44427710843374,42.87672517375853,52.01430722891566,32.40325492664817,15288.238875720897,511.0969230769231,0.3685894233829498,0.2260810649501503,A,grading/data_processed/potato/A/Potato_Red_1_105__100.jpg
5338.5,290.00714015960693,1.3888888888888888,0.7976488250527531,0.9814321169225113,20.842789165446558,12.792106396962728,134.77763543191801,44.515705412546474,70.51994875549049,41.76172086635299,8964.947127700618,532.8267396184062,0.3760542664328779,0.22998412507786192,A,grading/data_processed/potato/A/Potato_White_1_r2_101__100.jpg
4746.0,272.4507921934128,1.5625,0.8034547966742918,0.9817956143980141,34.487564234326825,65.02759869084534,135.07564234326824,53.76307539734318,62.48530318602261,36.17411133346957,9139.15805661621,244.50236742424244,0.5094231563647356,0.2290736029974774,A,grading/data_processed/potato/A/Potato_Red_2_r_138__100.jpg
4740.5,301.52185904979706,1.6129032258064515,0.6552339787035963,0.9448873828981463,20.63903139749641,13.454699791760257,128.84403857993024,44.80824335026325,63.20377590806485,37.773023213463496,12284.105371253901,512.1715542521995,0.36229880348231686,0.20108657861441798,A,grading/data_processed/potato/A/Potato_White_1_r_1__100.jpg
5397.0,303.2203425168991,1.25,0.7376419616531256,0.9554749048419935,13.821570756424176,15.716901861364663,97.53963083604778,39.91857170723483,70.99981903727831,41.31200852615692,8050.066661234375,417.23573232323236,0.4901289956965033,0.2946563535018623,A,grading/data_processed/potato/A/Potato_Red_1_r2_83__100.jpg
4549.0,269.13708305358887,0.59,0.7891848119261234,0.9819751753912574,47.794987146529564,75.43879182245823,136.66323907455012,52.18543212031325,59.974935732647815,35.031954037123064,9248.401732260843,334.21844827586204,0.43847310633072867,0.19297401758408977,A,grading/data_processed/potato/A/Potato_Red_2_135__100.jpg
4605.5,272.8944435119629,1.6229508196721312,0.7771364242602946,0.9770870902726212,12.71757986037656,15.88130269044945,104.3145758409139,43.42884491562527,60.792680346943094,35.09814227302564,8918.774116281922,360.8372365339579,0.36006850618096503,0.2071741689542925,A,grading/data_processed/potato/A/Potato_Red_1_r_116__100.jpg
5976.0,305.4213545322418,1.1951219512195121,0.8050477768401648,0.9730521859480583,14.290718611884106,16.148444240564437,90.17826158127353,36.92269572596623,78.60680962514323,45.45065005649696,5433.260639017775,441.77747045511694,0.44026666996712965,0.2257541126036569,A,grading/data_processed/potato/A/Potato_Red_1_r2_121__100.jpg
4571.5,278.55129611492157,1.6666666666666667,0.740386038992445,0.9777563896909421,13.3258785942492,19.614014494492498,104.36230031948882,44.09665713921373,60.49542066027689,35.36748099206392,10155.903171555556,435.84781144781147,0.36428754275622593,0.2058332629378495,A,grading/data_processed/potato/A/Potato_Red_1_r_117__100.jpg
4511.0,268.30865502357483,0.59,0.787432483692113,0.9818260964196321,47.7280777537797,75.57627796123312,137.33736501079915,51.87188286890764,59.48984881209503,34.89304553883181,9065.50060833094,320.0439655172414,0.44023456450017817,0.1975926008473784,A,grading/data_processed/potato/A/Potato_Red_2_134__100.jpg
4476.0,268.3086562156677,0.58,0.78132293630832,0.9828722002635046,32.25527747551686,63.46506507682691,134.8019586507073,54.723763286149534,58.95995647442873,34.24089477944971,11361.658427467302,402.7149122807018,0.3955188906959524,0.18607299904233007,A,grading/data_processed/potato/A/Potato_Red_2_23__100.jpg
4296.5,265.237587928772,1.8181818181818181,0.7674578639974521,0.9827310155535224,61.79343148357871,81.29099834619207,132.16919592298981,51.43763469374204,56.70532276330691,33.32562712893519,10928.877723107438,226.88705234159784,0.47272802847821954,0.191336367505544,A,grading/data_processed/potato/A/Potato_Red_2_r_14__100.jpg
4639.5,278.3502861261368,1.434782608695652,0.7524847432100686,0.9546296296296296,14.525840336134454,18.162714726235393,102.17037815126051,43.574395050977984,61.220378151260505,35.920172416229,12072.139110753053,345.52602780242535,0.4563885549152274,0.29262842287026924,A,grading/data_processed/potato/A/Potato_Red_1_r2_66__100.jpg
4449.0,270.30865597724915,0.59,0.765160184975347,0.9785549323655559,31.81068067410812,63.110805638249055,134.37995184942,53.46156832044422,58.82315605165244,34.637007416849286,11756.046222895722,421.0981034482759,0.41321959452380647,0.2019937411469588,A,grading/data_processed/potato/A/Potato_Red_2_22__100.jpg
4300.0,266.65180146694183,1.7857142857142858,0.7599574476198114,0.9816231023855724,56.92283322018556,79.09163620117252,130.66485630233083,52.01662713131336,56.69653767820774,33.24112180046254,9788.012420280613,207.55447330447333,0.4876370122514884,0.20576590726762065,A,grading/data_processed/potato/A/Potato_Red_2_r_15__100.jpg
5246.5,286.69343173503876,0.69,0.8021286986080544,0.9814797493218596,19.773454951600893,6.125871534877288,132.26880119136263,46.181385582973846,69.1813104988831,40.22154628399365,8638.886357718966,437.29882352941183,0.3430478680140134,0.20249020118117936,A,grading/data_processed/potato/A/Potato_White_1_134__100.jpg
5229.0,284.9360717535019,0.69,0.8093449114854853,0.9834493135226632,20.26340369886045,9.57453384033813,132.3665234447973,45.83454695085811,68.976835419391,40.328492202365695,8224.542740495694,476.0157352941176,0.34673066955793264,0.20526032609978048,A,grading/data_processed/potato/A/Potato_White_1_135__100.jpg
4618.0,271.13708233833313,1.6666666666666667,0.7893797039112916,0.9847531719799553,58.57555930772478,80.28391138150425,129.58674546222034,51.60792550990442,60.80054875474884,35.5770927866051,9653.882844333333,199.33367003367005,0.49367794535610954,0.20212476250337524,A,grading/data_processed/potato/A/Potato_Red_2_r_1__100.jpg
4644.0,270.3086564540863,0.6,0.7986972098199075,0.9816106531388713,14.8683879093199,15.119468818962536,100.73740554156171,43.94520501886867,61.73425692695214,36.575915007294086,12119.405344416668,557.823559322034,0.32542310310336087,0.18402030632487915,A,grading/data_processed/potato/A/Potato_Red_1_10__100.jpg
4673.0,271.137082695961,1.639344262295082,0.7987811491222476,0.9851375566564773,57.62549551429168,79.42365777161119,130.37054037137491,51.648077141133236,61.49238472772794,35.960273105468154,8672.884082880946,197.5842026825634,0.4904302717589843,0.2058687412058099,A,grading/data_processed/potato/A/Potato_Red_2_r_0__100.jpg
4659.5,271.3797240257263,0.61,0.7950498996986881,0.9815673056667369,15.228918183720443,17.22030584992531,100.84138941201088,43.53085932021525,61.883866917765225,36.55008157728225,12769.477488282719,564.6553333333333,0.3248152121825914,0.19302554522941032,A,grading/data_processed/potato/A/Potato_Red_1_11__100.jpg
3919.0,268.7939372062683,0.5959595959595959,0.6816260661904727,0.947992259313014,15.163983155808769,8.130064864850489,98.02675253901413,44.00344839417235,52.70076789695318,32.8846496140322,17846.666889017328,620.0212469522814,0.41059042180196337,0.28599009732398656,A,grading/data_processed/potato/A/Potato_Red_1_82__100.jpg
3907.0,270.7939363718033,0.59,0.6695382679556984,0.9462339549527731,15.336810730253353,12.343720381186758,98.65424739195231,45.39003217072457,52.39592647789369,32.367176300040605,19256.218082476298,523.495,0.42004496775908856,0.2943122133952762,A,grading/data_processed/potato/A/Potato_Red_1_83__100.jpg
4465.0,272.7939373254776,0.63,0.7539835988460074,0.9701249321021184,15.120174482006544,17.968437030091057,103.94045801526718,43.6326759815687,59.52388222464558,35.8380996429616,14707.149878432854,532.0770967741936,0.38073682896873057,0.25108971660671414,A,grading/data_processed/potato/A/Potato_Red_1_173__100.jpg
5690.0,291.42135286331177,1.3157894736842106,0.8419366023553531,0.9848550411077456,20.330467675378266,10.114227598725998,126.40302613480056,39.54262518850373,75.2369325997249,44.30819580027195,7790.035661772852,582.5120946305155,0.3855190014331597,0.22250975188076813,A,grading/data_processed/potato/A/Potato_White_1_r2_177__100.jpg
4491.0,273.9655100107193,0.63,0.7519018176991562,0.9712370242214533,15.379444926279271,19.25176674616834,103.39744145706851,43.6885921156936,59.8417172593235,36.022688636710264,12893.59295782313,519.9785483870968,0.37622844722031423,0.2462803935721732,A,grading/data_processed/potato/A/Potato_Red_1_172__100.jpg
4675.0,272.30865609645844,0.61,0.7922615614746404,0.9838998211091234,41.05754795663052,71.57504812377474,137.59382819015846,51.2114310562874,61.549833194328606,35.94245554328395,9910.030563692555,337.90150000000006,0.4324533851123603,0.19771461616290395,A,grading/data_processed/potato/A/Potato_Red_2_142__100.jpg
6538.0,315.5634882450104,1.0888888888888888,0.8250519290198407,0.9789623418432283,12.52367395864549,15.203773995593965,98.97527719508541,39.54464162893449,85.95684746778544,49.21962725308859,2797.7479082275395,444.9403207331042,0.3950749318429875,0.22965157209781056,A,grading/data_processed/potato/A/Potato_Red_1_r_161__100.jpg
3471.5,263.72286880016327,1.8867924528301887,0.6272366849515952,0.9315711793908493,17.52870680044593,28.02622618712616,92.6304347826087,43.31264821191034,46.65914158305463,29.162970605865112,22180.65335261659,371.72288927005906,0.48198053842024224,0.31178370379606335,A,grading/data_processed/potato/A/Potato_Red_1_r2_157__100.jpg
6317.0,311.56348943710327,1.101123595505618,0.8177633119969488,0.9768053193134375,12.585645636335451,14.56609240741577,98.9221826073477,40.376930705531734,82.9524104789955,47.620291905990626,3961.5053294794006,415.7647399513494,0.4079238753202273,0.24562634979156922,A,grading/data_processed/potato/A/Potato_Red_1_r_160__100.jpg
4696.5,272.55129635334015,0.61,0.7944886304977935,0.9831484195101529,41.636288146149056,71.87350312810801,138.34689640855305,50.93103963638759,61.81503010172307,36.11786747883565,8729.674547137867,346.39416666666665,0.43129537180692873,0.1966534246954383,A,grading/data_processed/potato/A/Potato_Red_2_143__100.jpg
3449.0,261.48022842407227,1.849056603773585,0.6339067072977842,0.926030339642905,16.863113604488078,23.73548245712244,97.30210378681628,45.74930661641373,46.262272089761574,28.792432072112806,24793.00108404606,319.11787589963046,0.4671969698321675,0.30169161935097205,A,grading/data_processed/potato/A/Potato_Red_1_r2_156__100.jpg
5508.0,285.76449966430664,1.3888888888888888,0.8475927714150745,0.9866547245857591,28.898792613636363,59.43748851655634,137.44886363636363,49.17160218842609,72.32013494318181,41.50127025347814,5930.886649517748,272.4591750841752,0.43826894654990345,0.2067802723388207,A,grading/data_processed/potato/A/Potato_Red_2_r2_129__100.jpg
5413.0,282.9360741376877,1.408450704225352,0.8497110082435342,0.9862439646533662,27.48789739884393,57.887524845321906,139.04010115606937,49.0735651204534,70.97579479768787,40.55812026352419,6259.225430985915,251.04965144401763,0.446705557384322,0.2076068403931332,A,grading/data_processed/potato/A/Potato_Red_2_r2_128__100.jpg
4495.5,267.3797229528427,0.6,0.7901889061442608,0.9816573861775303,37.274658573596355,66.8297548250616,134.7298937784522,55.31074435271463,59.321916323433776,34.57348104610363,10440.390455305554,386.8401694915255,0.4174619088860252,0.2120231947331588,A,grading/data_processed/potato/A/Potato_Red_2_3__100.jpg
5174.0,299.62236404418945,0.72,0.7242488858499786,0.9569077122248937,21.284529866214434,8.66203105325727,130.4271716600716,45.41068299822096,68.60278876954965,40.53063493617871,9359.105203993056,605.9980281690139,0.3978361688477544,0.24259170221042775,A,grading/data_processed/potato/A/Potato_White_1_80__100.jpg
4493.0,267.9655097723007,0.6,0.7863003784660542,0.9805761676123963,38.20646280633268,67.80592408813699,134.2788982867057,54.92486012320789,59.32118846237259,34.59145115068612,10258.931962666667,402.9250847457627,0.4198951826811564,0.21139469966451643,A,grading/data_processed/potato/A/Potato_Red_2_2__100.jpg
6122.0,308.73506116867065,1.1904761904761905,0.807107316669769,0.9712835157861336,19.981454836131096,9.115668898450897,126.86458832933653,43.1861146274248,80.54212629896084,46.390771722342,5068.112810884354,397.9707792207792,0.42752722592302755,0.24219160846778018,A,grading/data_processed/potato/A/Potato_White_1_r_127__100.jpg
4503.5,267.7228696346283,0.59,0.7895671810565223,0.9828677433435181,33.63803548247512,63.79116158427066,133.618996105582,55.57243130926594,59.387278234530505,34.54440062986646,9803.373095202527,390.04775862068965,0.405370003644667,0.19981549902451562,A,grading/data_processed/potato/A/Potato_Red_2_198__100.jpg
5491.0,296.3919152021408,1.2375,0.7854681900359256,0.9697986577181208,20.16289834431191,12.955738375251094,141.22859177496883,46.06802041078428,72.28752002848496,41.856662279358055,8177.062159218447,445.42831632653065,0.40979061891881785,0.2774482454336498,A,grading/data_processed/potato/A/Potato_White_1_r2_21__100.jpg
4281.5,273.37972342967987,1.6666666666666667,0.719901722603436,0.9601928683561337,15.218082689686506,26.738781486767234,108.79532030895048,47.25186169187514,56.59972739663789,32.93402985524745,12404.985583083335,363.8690235690236,0.41162588570979314,0.2544316925520092,A,grading/data_processed/potato/A/Potato_Red_1_r_129__100.jpg
5514.0,297.56348860263824,1.2658227848101267,0.7825594539090603,0.9710310821519768,20.13614607339124,13.191372553356706,140.59120723276015,45.05546095575548,72.74649884772204,42.22589636634358,7610.942833183784,491.39598516813726,0.4048208937911514,0.2727650049640876,A,grading/data_processed/potato/A/Potato_White_1_r2_20__100.jpg
5221.0,282.10764586925507,1.4285714285714286,0.8243921420739124,0.9856522559939589,31.161489520958085,61.98333396243426,135.87200598802394,48.61071082954096,68.71762724550898,39.86138242761644,8093.749651244898,331.9359307359307,0.44364547613976213,0.22580586663814295,A,grading/data_processed/potato/A/Potato_Red_2_r2_92__100.jpg
4552.5,270.551295876503,1.7241379310344827,0.7815568639819951,0.982200647249191,43.04944349315068,71.245105543487,135.56592465753425,53.7013273078464,59.898330479452056,34.805565321506904,9435.276735315101,239.03517938000704,0.41434750782828994,0.18592423011361137,A,grading/data_processed/potato/A/Potato_Red_2_r_107__100.jpg
4551.0,268.3086562156677,1.7241379310344827,0.7944148085654968,0.984638684552142,46.186295503211994,73.22483332010037,135.4845824411135,53.39928860519449,59.95503211991435,34.91203555056292,9467.249708650415,252.70219435736678,0.41166947351515704,0.1857156311319734,A,grading/data_processed/potato/A/Potato_Red_2_r_106__100.jpg
4569.5,283.5218594074249,1.5873015873015872,0.71434078849809,0.9656593406593407,17.050287662476027,20.207311085087657,102.39569571702536,43.344270704550205,60.772213935648836,36.210006989194476,11654.766253741496,434.5039281705949,0.3831762069089452,0.24147011960631928,A,grading/data_processed/potato/A/Potato_Red_1_r_41__100.jpg
5789.0,291.42135286331177,1.2987012987012987,0.8565854114297257,0.9867053008351798,48.29636517328825,75.01859501447622,135.93660185967877,52.4557040126746,75.8799661876585,43.61670206741988,4887.153370534661,265.87472123835755,0.4970159135760587,0.22037468426459247,A,grading/data_processed/potato/A/Potato_Red_2_r2_32__100.jpg
5099.5,293.17871379852295,1.4492753623188406,0.7455428159465501,0.957922419460881,21.507939544671896,14.949391192192367,133.05108092596134,45.196349815180774,67.3240864740769,39.44355887366191,9635.030138605334,458.6003513394818,0.4203913317633789,0.22963224461438933,A,grading/data_processed/potato/A/Potato_White_1_r_115__100.jpg
5088.5,290.35028624534607,1.4492753623188406,0.7584991978362459,0.9552280833489769,21.425695110258868,14.732025997838948,130.67478427612656,44.454685545482256,67.05848513902205,39.13603181223355,9738.735151522787,417.6299224125312,0.4212518457505025,0.2318255263501085,A,grading/data_processed/potato/A/Potato_White_1_r_114__100.jpg
4912.0,299.96551048755646,1.5873015873015872,0.6860023063640371,0.9536938161343559,20.35533095521205,8.508044403935097,123.68648434403488,44.99438468120572,65.18232263178756,38.7110095942835,11110.262685084404,550.2082732082732,0.3522275646488859,0.18584049075097628,A,grading/data_processed/potato/A/Potato_White_1_r_187__100.jpg
5362.0,291.42135310173035,1.3333333333333333,0.793403173012764,0.9753524329240564,19.401967930029155,9.015184578174985,139.83892128279882,43.599275156493704,70.75036443148689,41.13128291543453,9165.590589226667,437.9850505050505,0.4050300230120918,0.2570986272071971,A,grading/data_processed/potato/A/Potato_White_1_r2_12__100.jpg
5496.0,288.9360725879669,0.74,0.8272810141839765,0.9828326180257511,20.05425115617218,7.789731053717561,134.44147990039133,46.13600732212404,72.42155816435432,42.21515107497441,8015.9180363586565,647.0660273972603,0.3584566455310659,0.22209053822332075,A,grading/data_processed/potato/A/Potato_White_1_20__100.jpg
5201.0,282.7939361333847,1.492537313432836,0.8172530164942827,0.9844785159946999,49.21160345475028,75.92720207913852,140.2914006759294,48.99588398829063,68.33496057078483,39.632991559640374,6895.471764847405,269.41127694859034,0.43704942569858296,0.19706716576715458,A,grading/data_processed/potato/A/Potato_Red_2_r2_188__100.jpg
5134.5,280.8944419622421,1.5384615384615385,0.817752217260941,0.9862658470995006,49.23802281368821,76.19406880332207,139.8897338403042,49.75151572222871,67.47566539923955,39.101063080982065,7149.824238840236,261.44817404817405,0.44038890268429437,0.18250436664358027,A,grading/data_processed/potato/A/Potato_Red_2_r2_189__100.jpg
3925.5,272.5512969493866,0.55,0.6640615576233666,0.9631947000368053,12.899901136925358,13.603073676033828,104.06253089471083,43.08378294512894,52.800296589223926,32.869597500619264,16841.882808958675,487.40351851851847,0.37792354389440336,0.24024275417332489,A,grading/data_processed/potato/A/Potato_Red_1_109__100.jpg
4651.5,271.37972390651703,1.6129032258064515,0.793684861400891,0.9803983559911477,36.14294697128484,66.41544410536494,137.49884720184448,53.053728641388155,61.26199958080067,35.49180326555519,8944.144236836628,189.18719452590418,0.49083271199834355,0.22090177448876624,A,grading/data_processed/potato/A/Potato_Red_2_r_134__100.jpg
3904.5,272.06601560115814,0.54,0.6628674572338474,0.9661016949152542,14.214605067064083,17.77098460959751,103.20839542970691,43.01623486609749,52.42747143566816,32.343617885117006,16993.6503579904,439.04075471698104,0.3792715165687799,0.23480091625485386,A,grading/data_processed/potato/A/Potato_Red_1_108__100.jpg
4658.5,270.2081506252289,1.6129032258064515,0.801787116924341,0.9813566463029282,30.459702742306888,61.69889556717543,137.48921917521457,53.62924009817755,61.356081222524594,35.90486844932159,8897.266323725285,242.71880091234934,0.497016054345283,0.21869586287788062,A,grading/data_processed/potato/A/Potato_Red_2_r_135__100.jpg
5671.5,290.49242079257965,1.2692307692307692,0.8445749360030493,0.9854908774978279,16.362146307798483,18.88830109815938,93.81487232574189,38.20975751053741,74.55935127674258,43.06929949350713,5286.3382626730845,491.6861590790162,0.3898646754942166,0.2358010434024193,A,grading/data_processed/potato/A/Potato_Red_1_r_3__100.jpg
5852.5,293.66399466991425,1.2098765432098766,0.8528052830546139,0.985850248462899,15.221107208563305,12.70124304509201,93.05987623348386,37.89627785082674,76.83191169091822,44.331129584269945,5636.824593246311,469.0675830469645,0.37949441815479473,0.23575915887580506,A,grading/data_processed/potato/A/Potato_Red_1_r_2__100.jpg
4459.5,267.3797233104706,0.6,0.7838610649591462,0.9805408970976254,36.96263928337339,66.60976296657826,136.79659165392178,53.45970495549263,58.86541402665502,34.68776768249816,9524.903530555555,398.9079661016949,0.4325890800536452,0.2165817864219193,A,grading/data_processed/potato/A/Potato_Red_2_10__100.jpg
4121.5,275.0365775823593,1.639344262295082,0.6846746646198713,0.9445399335395898,14.227015558698726,15.54257118686498,99.63272041489863,43.30843891534227,54.676803394625175,32.81684452598438,16329.950686482127,338.157476403378,0.4510499841859983,0.29142740722781574,A,grading/data_processed/potato/A/Potato_Red_1_r2_55__100.jpg
4247.0,262.308655500412,1.7857142857142858,0.7756519384637605,0.9806049411221427,54.470318588127434,78.23360017737082,135.46275498510198,51.63214777501393,56.107036442814575,33.37477411990538,10789.538835586734,240.8598484848485,0.48443228088188783,0.21117639455147877,A,grading/data_processed/potato/A/Potato_Red_2_r_26__100.jpg
4445.0,266.7939372062683,0.6,0.7847470955198287,0.9830808360057504,36.19662428759316,66.24241517799071,137.39456378781236,54.535200303632884,58.71657167908812,34.356298155770986,10212.038465972222,348.1022033898306,0.435105530255601,0.21852236791708976,A,grading/data_processed/potato/A/Potato_Red_2_11__100.jpg
4444.5,273.0365775823593,0.61,0.7491885156064912,0.9707327727421645,12.54601226993865,15.349830476810105,111.80499561787906,45.83025220432644,59.33654688869413,36.12109909970453,13735.086967454985,541.448,0.3761461037467431,0.22915042366678412,A,grading/data_processed/potato/A/Potato_Red_1_140__100.jpg
4446.5,273.379723072052,0.61,0.7476452219855685,0.9708515283842795,13.03634771184585,18.312387724765443,112.13137727173199,44.96690550969926,59.34398948981826,36.01185421607163,14391.816857726417,493.20850000000013,0.3774499372747212,0.2301214655109099,A,grading/data_processed/potato/A/Potato_Red_1_141__100.jpg
6477.5,316.9777034521103,0.9,0.8101395913406443,0.96816381436365,19.94284850317508,9.311564360176929,116.47444814030844,41.29117911729128,85.08935591170246,48.854876319833345,3769.0830260617286,458.64101123595503,0.449537953127886,0.2494857986779043,A,grading/data_processed/potato/A/Potato_White_1_r2_145__100.jpg
4612.0,269.6223646402359,0.62,0.7972367980168468,0.9850491243058522,45.597674418604655,73.84988112202852,134.81733615221987,50.842654468579326,60.9046511627907,35.073049704523655,8494.675474271591,376.58360655737704,0.38402641521077424,0.22150938327725758,A,grading/data_processed/potato/A/Potato_Red_2_82__100.jpg
5358.5,294.0071395635605,1.3026315789473684,0.7789997987737995,0.9693379160636758,14.597703244622675,24.704380992498933,103.07728764126868,44.428643281012725,70.52643091505651,40.26367629496235,5603.367376230193,365.1772287862514,0.42094368239552343,0.25850253160146086,A,grading/data_processed/potato/A/Potato_Red_1_r_152__100.jpg
4987.0,296.10764467716217,0.7,0.714743134835663,0.9552724834785941,21.68809849521204,11.35755175484809,128.74731287863983,46.635745565209064,66.27926519444988,39.730275703947164,11241.85691655102,637.3089855072462,0.4023260986517941,0.2482844096558115,A,grading/data_processed/potato/A/Potato_White_1_68__100.jpg
4877.5,274.20815098285675,0.64,0.81516668373267,0.9845579329834477,27.635454181672667,58.81952953165791,141.3827531012405,50.427573159109635,64.21988795518207,37.418614748803016,8897.534855371094,359.89555555555563,0.42955152085418963,0.1998494961555586,A,grading/data_processed/potato/A/Potato_Red_2_171__100.jpg
3584.5,258.40916073322296,1.8846153846153846,0.6745631884526163,0.9499138730621439,17.953783783783784,26.38370246863118,97.11837837837838,43.842118926495075,48.02837837837838,29.615354035831466,22406.32372263375,378.77993655828715,0.435348483586672,0.26148607161236787,A,grading/data_processed/potato/A/Potato_Red_1_r2_164__100.jpg
4601.0,271.6223647594452,0.62,0.7836660731928613,0.981337314706196,47.71779661016949,75.05489813548564,135.54131355932202,51.6382133003343,60.81906779661017,35.09169430649482,9281.31578314256,401.6344262295081,0.39365021206749146,0.22014501340762885,A,grading/data_processed/potato/A/Potato_Red_2_83__100.jpg
4976.5,298.69343161582947,0.69,0.7009427169356048,0.9544495588799387,22.278778386844166,14.7075712019744,130.1685591229444,45.99227036321123,65.9397024275646,38.74434161417435,10780.676665637471,477.2192647058823,0.3995694215450658,0.23873667284675334,A,grading/data_processed/potato/A/Potato_White_1_69__100.jpg
5341.5,290.83556711673737,1.2763157894736843,0.7935568843654547,0.9736602260298943,15.10535942930309,25.15203201095282,101.49021401134077,43.190925553884,70.18712273641852,40.11560843536012,6119.442510176941,380.66611842105266,0.4228609779827272,0.24505488487724483,A,grading/data_processed/potato/A/Potato_Red_1_r_153__100.jpg
4814.5,283.03657722473145,0.64,0.7552242520739771,0.9668641429862436,20.826483093743672,9.946773675020507,118.59586960923264,42.16650379704368,64.075116420328,38.46414972797423,10999.913355859373,655.8255555555556,0.3636426449024352,0.20549116476302925,A,grading/data_processed/potato/A/Potato_White_1_170__100.jpg
4823.0,284.4507905244827,0.66,0.7490534968767106,0.9637326406234389,21.579426030719482,13.972210738185757,122.14551333872272,41.79836504713551,64.10307194826193,38.50021636204771,10512.496630303029,633.3318461538462,0.3879502834120583,0.22707569834983465,A,grading/data_processed/potato/A/Potato_White_1_171__100.jpg
5101.5,283.1787134408951,1.4202898550724639,0.7994412369995181,0.9757100506837525,17.81623277182236,20.115133687497018,92.48736600306279,39.64419463301458,67.26971669218989,38.79476115836702,8905.983412117983,361.2396533691917,0.3869173665171883,0.2167064831777147,A,grading/data_processed/potato/A/Potato_Red_1_r2_181__100.jpg
4396.0,290.5929263830185,1.523076923076923,0.6541803138043412,0.9301735082522218,16.15391419725785,13.28173330428968,83.99734630694383,39.11660509774862,58.15148164528969,33.98958927909492,11582.450019917062,355.21240188383047,0.4405419153433782,0.2836279641606716,A,grading/data_processed/potato/A/Potato_Red_1_r2_22__100.jpg
4497.0,268.79393684864044,0.6,0.7821567817849425,0.9819849328529315,30.72546045503792,61.16857894845604,137.13044420368365,52.881743153546175,59.3501625135428,34.85091025010259,9083.834036638887,413.9113559322034,0.42132540681095293,0.20974235573332947,A,grading/data_processed/potato/A/Potato_Red_2_194__100.jpg
5399.0,284.9360725879669,1.408450704225352,0.8356575160673482,0.9827978520069173,55.85804816223067,76.94273721897099,127.3867463335144,51.48291618616421,70.90277023356872,40.50184194686916,5227.08965861932,270.95077535922604,0.46961965742074735,0.21146304955666267,A,grading/data_processed/potato/A/Potato_Red_2_r_50__100.jpg
4316.5,291.5218584537506,1.5625,0.6382625476770073,0.9247991430101767,16.711971197119713,17.4484796658343,82.6071107110711,39.85654974905172,57.21399639963997,33.80692349102449,14149.982632592775,394.4059343434343,0.4401858792567116,0.2906361653608473,A,grading/data_processed/potato/A/Potato_Red_1_r2_23__100.jpg
5032.5,280.3502868413925,1.4202898550724639,0.8046215092587407,0.9738751814223512,18.110787737679473,19.151833643228684,93.74893286767559,40.55182305341068,66.25766395032984,38.20653343580901,8959.10376183574,348.7751382040938,0.4009011171692312,0.22641133672006003,A,grading/data_processed/potato/A/Potato_Red_1_r2_180__100.jpg
4928.5,274.55129635334015,1.5873015873015872,0.8216325339812259,0.9876753507014028,59.85049504950495,80.05405367410259,128.41247524752475,51.55373206580443,64.77861386138613,37.693854031419875,6659.146342630385,215.38832772166106,0.4740095603029477,0.18993392189778932,A,grading/data_processed/potato/A/Potato_Red_2_r_198__100.jpg
4826.5,275.3797231912613,1.5873015873015872,0.7997942112064554,0.9839959225280326,55.24979789814066,78.50921408085676,129.63358932902182,51.721833682862204,63.60974130962005,37.05139488696337,8215.425630511465,226.98829565496231,0.48879244422313617,0.20770899338713666,A,grading/data_processed/potato/A/Potato_Red_2_r_199__100.jpg
5102.0,277.27921879291534,1.492537313432836,0.8339032659108189,0.9868471953578336,27.883783266322038,58.82626682096727,143.1441700172315,48.17372440995347,66.95443231859085,38.5743279591724,7377.783190265093,245.90909090909082,0.44947629540940925,0.20936205207206543,A,grading/data_processed/potato/A/Potato_Red_2_r2_124__100.jpg
5253.5,279.5218595266342,1.4492753623188406,0.8449422891923939,0.9871288989101842,27.919255813953487,58.769340142981704,142.3373023255814,47.95336003627974,68.94623255813954,39.49335289660385,7276.791576475532,236.70502122676035,0.4403337726774495,0.20968420213096248,A,grading/data_processed/potato/A/Potato_Red_2_r2_125__100.jpg
5910.5,308.9777032136917,1.1529411764705881,0.7780003719961002,0.9656101944126777,19.342214132053616,6.991499781869847,131.71967565778587,44.658653753214914,77.76485189475426,44.83402538208402,5872.961913288726,429.79902971497876,0.44975642104705943,0.2615808777329856,A,grading/data_processed/potato/A/Potato_White_1_r2_132__100.jpg
4413.0,273.62236392498016,0.59,0.7406970419479777,0.9714914694551459,12.624310611074344,15.86634280793708,112.0046326935804,43.96083757112034,58.869843370836094,35.61887132707578,12618.5206456478,465.8065517241379,0.37115369612105537,0.21509738413360055,A,grading/data_processed/potato/A/Potato_Red_1_136__100.jpg
4263.0,271.9655097723007,1.694915254237288,0.724265060334788,0.9644796380090498,16.81200091261693,31.697783943079028,108.63107460643396,45.899866332339485,56.34382842801734,32.535288939323465,11815.975003274922,323.613251155624,0.3941082579445452,0.2469320126661689,A,grading/data_processed/potato/A/Potato_Red_1_r_125__100.jpg
4255.5,264.55129647254944,0.58,0.7640832344517897,0.9783883204966088,56.35544373284538,79.29396192127747,129.59492223238792,54.08576346444545,56.28751143641354,33.13082829709393,11468.912777378122,377.3238596491228,0.42604612302743017,0.22468390299143748,A,grading/data_processed/potato/A/Potato_Red_2_106__100.jpg
4259.0,265.13708221912384,0.58,0.7613363379463668,0.9787429621969436,54.22166361974406,78.62818774006725,128.27787934186472,54.5966682448387,56.33066727605119,33.036821337540154,11602.682397027349,391.7449122807017,0.43093741530792834,0.22381987629962063,A,grading/data_processed/potato/A/Potato_Red_2_107__100.jpg
4331.5,274.55129611492157,1.6779661016949152,0.7221063867547395,0.9682575164859729,15.09139905681563,26.755162410343125,106.22232203009207,45.945847065945856,57.241410285200985,33.21059345473745,10883.580711897881,346.4213075060533,0.37660623668645504,0.22687290476876945,A,grading/data_processed/potato/A/Potato_Red_1_r_124__100.jpg
5722.5,291.17871272563934,1.3026315789473684,0.8481573342756143,0.9852789256198347,18.043768165498374,24.35048830353402,93.06052316635322,41.457157931010336,75.30962557702172,43.23109279025889,5393.945681951726,534.3807733619764,0.3534251662729589,0.20864292294629316,A,grading/data_processed/potato/A/Potato_Red_1_r_96__100.jpg
5703.5,291.5218586921692,1.3026315789473684,0.8433523536942863,0.9843803935105281,17.64139941690962,24.798253593130614,92.88869833647745,40.92642394828037,74.98765220373863,43.14266854573216,6139.244602845941,522.1166756176154,0.3581175690337714,0.21237970372912887,A,grading/data_processed/potato/A/Potato_Red_1_r_97__100.jpg
5304.5,296.0071403980255,1.3888888888888888,0.7607639820096846,0.9631411711302769,20.080066261733847,10.854883105783582,124.58181483526597,44.26264391231238,69.98914043806369,40.665000341417716,11286.204050617283,440.4518799102133,0.3741480241499068,0.23206677866332018,A,grading/data_processed/potato/A/Potato_White_1_r_24__100.jpg
5567.5,295.1787130832672,1.3157894736842106,0.8029712942160587,0.9801073849132999,20.06495786516854,10.704420336730815,115.36341292134831,42.24050765827008,73.47752808988764,43.268646374230386,7947.341828531858,501.27126528442324,0.4125183603132546,0.2392337113816947,A,grading/data_processed/potato/A/Potato_White_1_r_162__100.jpg
4273.5,265.237587928772,1.7857142857142858,0.7633495128111513,0.9809480087225985,60.599499089253186,80.9340853133281,130.60928961748633,52.54554694612019,56.42190346083789,33.28629609145409,11317.69353877551,224.7449494949495,0.4830817133689592,0.20880458685237083,A,grading/data_processed/potato/A/Potato_Red_2_r_18__100.jpg
5590.0,295.76449978351593,1.3157894736842106,0.8030259537921645,0.979413053000438,20.398321384857493,11.43653373532493,115.5595383808358,41.42191080073278,73.68490994929184,43.192174593286914,8216.622525207755,441.01236044657094,0.40843147595184626,0.23736419325434943,A,grading/data_processed/potato/A/Potato_White_1_r_163__100.jpg
5119.0,286.10764598846436,0.68,0.7858435000467415,0.9761632341723875,21.14206712433257,15.472984995856267,129.640350877193,44.54815892200139,67.70652173913044,39.78548825510725,8835.020934234428,465.83552238805976,0.35228631176125524,0.20671671426240945,A,grading/data_processed/potato/A/Potato_White_1_139__100.jpg
4995.0,287.2792184352875,0.66,0.7605660497393332,0.9749194886308188,21.367701620777193,11.038840888963694,130.86994727592267,45.58028592841989,66.01210701034954,38.785384407242105,9538.211067401286,584.7349230769232,0.37337810356586376,0.20516646438077757,A,grading/data_processed/potato/A/Potato_White_1_56__100.jpg
4987.0,276.1076453924179,1.492537313432836,0.8220388963222234,0.9826600985221675,32.05228118269042,62.86476177589237,134.88525553162327,53.804108351797225,65.56549833561778,37.8972745072606,7277.936473579863,258.95733453942404,0.516662685628666,0.22692324479077905,A,grading/data_processed/potato/A/Potato_Red_2_r_143__100.jpg
6337.0,322.3919162750244,0.88,0.7661702486863925,0.9630699088145896,20.409512044471896,13.587476374046268,133.4274243360099,45.17397036723313,83.29802347127857,47.90197876815046,4250.780809090909,521.3996551724138,0.4057755188466611,0.2468095134366647,A,grading/data_processed/potato/A/Potato_White_1_r2_51__100.jpg
4503.0,270.79393684864044,0.62,0.7716741259243954,0.9793388429752066,44.46040675032454,73.15606965048124,137.09411510168758,51.7891074739571,59.46040675032454,34.28784111205215,9643.472539021852,395.7844262295083,0.4098772974648039,0.23356534005091303,A,grading/data_processed/potato/A/Potato_Red_2_88__100.jpg
4962.0,294.1076456308365,0.67,0.7208650912189541,0.9628407878141069,21.85680612846199,11.329727305398924,131.00019642506385,45.90035367031726,65.6271852288352,38.640764758890256,11941.698060392071,542.4260606060607,0.37835113463617476,0.22000362610752386,A,grading/data_processed/potato/A/Potato_White_1_63__100.jpg
6325.0,302.2497807741165,1.2048192771084338,0.8700383674418152,0.9866625068247407,60.6183395291202,78.91362703026591,126.54135687732342,52.52612343176065,82.99349442379182,47.989336458086136,3134.17324865728,280.3042472921991,0.48507242185374744,0.2106562727847388,A,grading/data_processed/potato/A/Potato_Red_2_r_177__100.jpg
4829.5,296.69343161582947,1.5873015873015872,0.6894395145423983,0.9529400157853196,21.271975806451614,9.448844704908613,131.35443548387096,45.07644694334453,64.29112903225807,38.65146058271156,10222.094829528849,593.0378387045054,0.39060566294698956,0.19920834925163108,A,grading/data_processed/potato/A/Potato_White_1_r_83__100.jpg
6292.5,300.0071407556534,1.180722891566265,0.8785569212208435,0.9879111390219012,63.89397477814106,80.18732427534502,126.61310913903161,51.87175886073883,82.63163630702164,47.68594136446081,3223.97422095562,279.08756676189296,0.48196854935203703,0.19938754643066522,A,grading/data_processed/potato/A/Potato_Red_2_r_176__100.jpg
4586.0,275.1370829343796,1.6666666666666667,0.7612821685314023,0.9774083546462063,15.74787595581988,18.84015695741478,101.44583687340696,42.968684108537296,60.9177994902294,36.3505517751672,10448.795330555557,453.2579124579125,0.345150115301227,0.2038623224161933,A,grading/data_processed/potato/A/Potato_Red_1_r_30__100.jpg
4927.0,296.1076444387436,1.5625,0.7061438602378634,0.9529980657640232,20.819655922483687,14.516473606636653,128.01048052204865,44.89760821424865,65.22918726517699,38.531418786847745,10524.0225173584,506.10495580808083,0.3558396821672268,0.19846224095641996,A,grading/data_processed/potato/A/Potato_White_1_r_10__100.jpg
4936.0,292.9360725879669,1.5625,0.7228352207207825,0.9552007740686986,20.68187203791469,13.02108582708547,128.69154818325435,44.64757157300008,65.35268562401264,38.4557923689147,10622.909390234374,466.2384785353535,0.35924671454427753,0.19657396995004764,A,grading/data_processed/potato/A/Potato_White_1_r_11__100.jpg
5307.5,282.69343185424805,1.3943661971830985,0.834580879334275,0.9869827986982799,15.559197201252072,16.908968736563455,95.93316148039035,38.278786089489316,69.87902780335114,40.341950090164175,7325.762709581048,442.867921816614,0.3594660759262268,0.21654230582168163,A,grading/data_processed/potato/A/Potato_Red_1_r_9__100.jpg
5316.0,285.4213536977768,1.36986301369863,0.8200152197919213,0.9819894707675256,15.05920205920206,13.422607022708712,95.64129435558007,39.78994109858338,70.00478029049458,40.45025107745057,7763.875162319384,479.92624878926244,0.3843642412226176,0.24201542188388173,A,grading/data_processed/potato/A/Potato_Red_1_r_8__100.jpg
5945.0,305.0782079696655,1.2195121951219512,0.8026742845675744,0.9788425125545402,19.90571005430311,9.221275346509596,116.93730459108113,40.33379957341629,78.11140365311832,45.08201361127063,6032.797870969661,424.76435082532646,0.4077395139772185,0.24533265942287544,A,grading/data_processed/potato/A/Potato_White_1_r_156__100.jpg
5763.5,300.1492757797241,1.2345679012345678,0.803936157816201,0.976616114547149,19.770027155465037,9.002879025779885,115.47284453496266,40.258728450069256,75.87881873727088,44.008669370154465,6768.949983401921,416.37473500436465,0.42978747955431496,0.2601880755860742,A,grading/data_processed/potato/A/Potato_White_1_r_157__100.jpg
6493.0,308.7350618839264,0.88,0.8560189125865636,0.9799275581044371,19.992755810443708,19.751763313211317,77.4618170842137,34.362133796031145,85.50226380923634,49.57800255926818,3840.620927221074,580.8454022988506,0.4014884952646758,0.2326314964326933,A,grading/data_processed/potato/A/Potato_Red_1_r_79__100.jpg
5406.5,285.86500465869904,1.408450704225352,0.8313886399191995,0.9846111819340739,55.48825018076645,78.41492601004428,134.411424439624,50.1252689589753,71.00361532899494,40.98365705990466,6484.37155030748,313.8861858016787,0.4405334886564951,0.21085923303366186,A,grading/data_processed/potato/A/Potato_Red_2_r2_182__100.jpg
6511.5,308.97770166397095,0.89,0.8571101384097045,0.9824230537115268,20.50677302829621,19.632485362766207,78.1273329319687,34.60124243109433,85.71177001806142,49.60849286823278,3442.228736005555,611.7826136363637,0.40291603259550246,0.23768712723777333,A,grading/data_processed/potato/A/Potato_Red_1_r_78__100.jpg
3841.5,271.23758816719055,0.53,0.6561618154776987,0.9626613206365117,13.291193540247287,11.386074191948497,100.814282109513,42.94072610028656,51.82412313903608,32.85801820008804,16583.396381488074,571.4667307692307,0.3650790656578596,0.23007572074885801,A,grading/data_processed/potato/A/Potato_Red_1_103__100.jpg
5134.0,286.10764598846436,1.4285714285714286,0.7881462256768844,0.9802386634844868,20.73169804145275,14.27233840848839,135.3599543639475,44.23982078389206,67.70431640996387,39.482045888249765,8974.24260334694,370.2952380952381,0.39373546816991506,0.23701363493512373,A,grading/data_processed/potato/A/Potato_White_1_r2_107__100.jpg
4850.0,294.45079040527344,1.5873015873015872,0.7029527815040321,0.9507939619682415,20.236546184738955,10.230254255265844,128.7983935742972,44.15064478770822,64.30903614457831,37.79070823881801,11269.537245124715,417.8852012185346,0.3627553739624449,0.19764886667718745,A,grading/data_processed/potato/A/Potato_White_1_r_7__100.jpg
5129.5,286.3502860069275,1.4285714285714286,0.7861214666378208,0.97863207097205,20.227255424438525,11.489412357122257,136.77027027027026,44.00186372713126,67.63741910925009,39.79759956312069,9947.507133387755,431.364502164502,0.3882569245107874,0.2394318162726331,A,grading/data_processed/potato/A/Potato_White_1_r2_106__100.jpg
3829.5,268.066015124321,0.53,0.6696816838536456,0.964245247387637,13.56216763737655,10.976989536163348,102.04735376044569,43.56217092956846,51.60217776652317,32.624516603838494,16418.605604093984,567.1644230769232,0.3654634331681374,0.23102914049400014,A,grading/data_processed/potato/A/Potato_Red_1_102__100.jpg
4902.0,286.93607223033905,1.380281690140845,0.7481916770043097,0.9639170189755186,14.013725880246668,15.97875088956897,89.29003381738612,39.30652377099329,64.71354684702607,37.79438657981437,9018.999737843149,373.9745898068825,0.46692091274990455,0.26533327536863566,A,grading/data_processed/potato/A/Potato_Red_1_r2_127__100.jpg
5452.0,304.39191579818726,1.2222222222222223,0.7394341142221303,0.9543147208121827,14.606592619132927,19.69401401430474,96.62056610533858,38.87064870218478,71.81028305266929,41.5862778338733,7517.924988788863,400.5668934240363,0.48807173924633507,0.28984678415189485,A,grading/data_processed/potato/A/Potato_Red_1_r2_84__100.jpg
4439.5,266.89444279670715,0.58,0.7831859036292246,0.9795895851721095,45.47016235190873,74.29308125493206,136.83567354102678,51.2149663420798,58.60618692408951,34.569356252830836,10133.854018757433,381.8194736842106,0.43824808039830976,0.19460541637499953,A,grading/data_processed/potato/A/Potato_Red_2_132__100.jpg
4728.0,280.7939373254776,1.546875,0.753549660734533,0.9720394736842105,15.990519373454246,27.028798890714448,102.28627370156636,43.38602243428986,62.6020197856554,36.274420378918336,10591.274821685925,381.71157525510205,0.3681527465853638,0.22159004419207692,A,grading/data_processed/potato/A/Potato_Red_1_r_111__100.jpg
5065.5,290.00714015960693,1.3424657534246576,0.7568586912624746,0.9634807417974323,14.166056636486227,15.271667290820746,89.47948372182624,38.112082534313956,66.90175303409748,39.207487849356056,9831.631250005375,409.50218895636203,0.46848029393149376,0.26288818161854155,A,grading/data_processed/potato/A/Potato_Red_1_r2_126__100.jpg
4606.0,319.9066343307495,1.5384615384615385,0.5655712234225754,0.9365595770638471,11.737618545837725,9.619136343872947,101.21707060063224,44.89540688047516,61.447839831401474,35.95712040720947,12460.769928402364,453.38865578865585,0.39806739756329196,0.2562478824719706,A,grading/data_processed/potato/A/Potato_Red_1_r_110__100.jpg
5594.5,298.97770178318024,1.2658227848101267,0.7864906135193201,0.9716047238624522,20.353372946522196,13.365689011986658,140.31772107654666,45.482619914371924,73.80199231038098,42.94642512704895,8004.322024739624,515.3589055108044,0.4027795279581697,0.26448360657174047,A,grading/data_processed/potato/A/Potato_White_1_r2_19__100.jpg
4478.0,268.30865573883057,0.59,0.781672055680214,0.9816946179984655,43.82880139221231,73.28089277988079,137.120730911464,52.006320616064336,59.03415270828801,34.90764607063764,10637.877718442976,367.0075862068965,0.4337545557826059,0.20136347806209834,A,grading/data_processed/potato/A/Potato_Red_2_133__100.jpg
4930.5,298.00713992118835,1.3943661971830985,0.6976658870769339,0.9457178478948882,16.43221343873518,12.474652158841378,82.14367588932807,38.97465617092695,65.02845849802371,37.766884039259075,9312.150191023142,405.31057775222763,0.4229268129201512,0.26430586933317596,A,grading/data_processed/potato/A/Potato_Red_1_r2_16__100.jpg
4838.5,296.8355668783188,1.4285714285714286,0.6900629898440835,0.9386032977691562,17.15381518018925,18.43523690039419,82.02275015099657,37.83308798729641,63.88544392993759,37.086141400168785,9771.861005530613,408.8217893217893,0.4277282532037565,0.2758737993406228,A,grading/data_processed/potato/A/Potato_Red_1_r2_17__100.jpg
4982.0,286.45079123973846,0.66,0.7629806691323713,0.9751419064396164,22.2752545027408,18.989255257249336,127.64545810493344,43.64770718298093,65.95712607674237,39.33358730863401,10546.05736251148,524.0898461538461,0.3544384320666137,0.20281568278471945,A,grading/data_processed/potato/A/Potato_White_1_144__100.jpg
4933.0,288.450790643692,0.66,0.7450364354078108,0.9713498080141774,21.454545454545453,16.36539626021514,127.62707509881423,44.98811281446471,65.47806324110672,38.97063494919987,10025.75041301653,537.3807692307694,0.3601885732542238,0.20941801576140437,A,grading/data_processed/potato/A/Potato_White_1_145__100.jpg
4803.0,272.79393672943115,1.5873015873015872,0.8110600763902794,0.9851297302840735,41.35120861263457,70.51261156173469,140.78184034125533,47.69228524629864,63.274223034734916,36.815314992785595,10484.98663489544,301.5098605098606,0.46019165559989067,0.20970502407287678,A,grading/data_processed/potato/A/Potato_Red_2_r2_111__100.jpg
4506.5,278.69343197345734,0.65,0.7291145617478357,0.9567940552016985,14.347450302506482,13.876720617255367,101.78673292999136,43.26812474726314,60.1218668971478,36.4381209860194,13741.46284175148,550.9071875000001,0.40333896340512665,0.2665217857974982,A,grading/data_processed/potato/A/Potato_Red_1_191__100.jpg
6415.0,303.56348943710327,1.1379310344827587,0.8747973363789617,0.9885199167886586,45.62291825821237,73.09296837808253,132.37280366692133,52.80009196095433,84.17509549274256,48.44597589771729,3698.5288001206836,301.8045977011494,0.48060842660912967,0.22720468322269394,A,grading/data_processed/potato/A/Potato_Red_2_r2_39__100.jpg
6463.5,304.97770166397095,1.1494252873563218,0.873255727417361,0.9880761293281357,48.88474370639976,75.18129176238702,132.27737336973007,52.6044286642341,84.82650894752805,48.77330140218928,3605.6416960761,288.08313015209575,0.4898165567788601,0.23156115885320433,A,grading/data_processed/potato/A/Potato_Red_2_r2_38__100.jpg
3877.0,270.79393672943115,0.57,0.6643971993877356,0.9467643467643467,14.841591591591591,10.34365375688936,97.20395395395396,43.76102971942031,52.14514514514514,32.77597776836903,18135.490098214836,586.2266071428571,0.4069863984135934,0.2779038188393786,A,grading/data_processed/potato/A/Potato_Red_1_85__100.jpg
3909.0,271.6223635673523,0.59,0.6658010665072129,0.9409074497532796,15.613952333664349,12.67364685861316,99.95034756703079,44.381421153150676,52.63157894736842,32.78283568546824,17873.417184717036,576.1270689655173,0.4136805759361005,0.2934533155286683,A,grading/data_processed/potato/A/Potato_Red_1_84__100.jpg
6466.5,310.9777034521103,1.1494252873563218,0.8402734509848622,0.9837225222484217,20.611969696969698,11.892595445205522,120.66318181818181,38.04165231805982,85.06545454545454,49.46629970607841,5628.742796815959,594.6057122953674,0.39586351191244656,0.23010598786754202,A,grading/data_processed/potato/A/Potato_White_1_r2_170__100.jpg
4445.5,274.20815098285675,0.63,0.7429673998018624,0.9653637350705755,15.026938239159001,17.66868941839197,102.65111695137976,43.46040844658708,59.36508979413053,35.75570612108684,15232.249440564374,484.6943548387097,0.3809491178797166,0.25238142557451815,A,grading/data_processed/potato/A/Potato_Red_1_174__100.jpg
5350.0,282.93607223033905,1.408450704225352,0.8398215324947199,0.9839985286003311,41.07089347706925,69.68548865662888,131.61520190023754,53.50049753820721,70.28211218710031,40.658152989181794,5626.572484348343,277.4040404040404,0.48728060186644684,0.21857329420959432,A,grading/data_processed/potato/A/Potato_Red_2_r_148__100.jpg
4474.5,275.379723072052,0.62,0.7414646640716125,0.9696608516632355,14.969103568320278,17.965938258008638,103.09268929503916,43.84817472793295,59.697345517841605,35.96434751729134,12995.03223098335,542.7227868852459,0.37129800275510544,0.2379040432217191,A,grading/data_processed/potato/A/Potato_Red_1_175__100.jpg
6346.5,306.97770285606384,1.1627906976744187,0.8463119722432051,0.9838772188202465,20.1040444581661,8.286956333076462,121.80997221364619,37.516724840520645,83.37480703920963,48.37458356151237,5893.001976081666,546.2997416020672,0.40048734950306275,0.23606764993429522,A,grading/data_processed/potato/A/Potato_White_1_r2_171__100.jpg
4724.0,274.7939373254776,0.62,0.7861500734354339,0.9791688257850555,32.41816305469556,64.62089940704644,139.30072239422086,50.78358308685625,62.258823529411764,36.531783341018944,8012.383011836629,363.3872131147541,0.4422542488929667,0.2001757491713271,A,grading/data_processed/potato/A/Potato_Red_2_145__100.jpg
3502.0,265.4802289009094,1.8679245283018868,0.6243981949687981,0.9318786588610963,16.640331491712708,23.681086186744764,94.70220994475139,44.52570485580439,47.25635359116022,30.285611447300386,21841.064028419736,408.23661917597235,0.46794415156572533,0.298054167007885,A,grading/data_processed/potato/A/Potato_Red_1_r2_150__100.jpg
4732.0,273.13708305358887,0.62,0.7970641311850686,0.9821502698215027,37.46527920873687,68.87680823365221,138.44982485060788,51.50828123438409,62.277560271996705,36.4001818467141,7914.354064490115,343.8008196721312,0.43849236008883596,0.19942277627675994,A,grading/data_processed/potato/A/Potato_Red_2_144__100.jpg
3457.0,260.65180134773254,1.849056603773585,0.6394223057945977,0.9331893642866783,14.636160089560594,17.489807580135302,94.56731038343129,45.464715104992926,46.43772739994402,28.94026871315486,21750.68897812247,357.9951371328536,0.46908918720538634,0.3007404950496633,A,grading/data_processed/potato/A/Potato_Red_1_r2_151__100.jpg
5375.0,299.27921891212463,1.3888888888888888,0.7541108843399472,0.9662921348314607,21.24042128200472,14.628004478443378,116.74850190666425,41.66356530465393,71.00399491556202,41.65729141157239,8903.756471527777,440.1365039281707,0.39479193408966834,0.22572600789393016,A,grading/data_processed/potato/A/Potato_White_1_r_168__100.jpg
4369.0,275.6223638057709,1.523076923076923,0.7227082338765546,0.9486483552274454,16.330066815144765,25.180271385221396,100.93407572383073,43.09692418815747,57.91781737193764,34.46422461494859,10992.765282953256,391.8604395604396,0.45664272150329316,0.28838646381530664,A,grading/data_processed/potato/A/Potato_Red_1_r2_61__100.jpg
4478.5,267.2375885248184,0.57,0.7880383522927619,0.9820195154040127,33.833623314484555,65.03063774521382,133.76794258373207,53.23606074151862,59.17029143105698,34.55725579655061,10100.712610033856,383.3510714285714,0.3799751397348842,0.17580799258026364,A,grading/data_processed/potato/A/Potato_Red_2_25__100.jpg
5374.0,299.7645000219345,1.36986301369863,0.7515313930822984,0.9666336900800432,21.483015440508627,14.709396071156153,116.52824704813806,42.1407654868665,70.94078110808356,41.71053899811649,8504.727170932632,480.4743323647434,0.39571007477103587,0.23572936957938,A,grading/data_processed/potato/A/Potato_White_1_r_169__100.jpg
4338.0,275.2792183160782,1.523076923076923,0.7193703917583916,0.9465415666593934,15.134140870345446,19.378984467123566,99.96298788694482,42.732432245195916,57.3838043965904,33.987041016883445,12544.453850174692,351.35682888540026,0.4630675108664562,0.29354620118309627,A,grading/data_processed/potato/A/Potato_Red_1_r2_60__100.jpg
5282.0,284.1076457500458,0.69,0.8223229634409278,0.9848965131456274,20.277839437661857,9.939910892674867,133.85571587125415,45.85023122071362,69.68349981502035,40.6198629312663,7284.630899474901,493.38102941176476,0.32960452814515984,0.198200871945959,A,grading/data_processed/potato/A/Potato_White_1_133__100.jpg
5295.5,284.69343161582947,0.69,0.821035511679741,0.9846597248047602,19.80627306273063,4.699308787907872,133.69575645756458,45.4381727908152,69.8180811808118,40.5128256946442,6597.316031316951,442.6264705882353,0.33740047652832433,0.1974990418705681,A,grading/data_processed/potato/A/Potato_White_1_132__100.jpg
4431.0,267.82337474823,1.7543859649122806,0.7762733160376831,0.9842292314526877,51.338826631509555,76.41073356672078,131.39156229400132,51.50545351313291,58.48802460997583,34.67368395335605,8749.51349030471,248.31738437001593,0.48458522905784596,0.19400007716842446,A,grading/data_processed/potato/A/Potato_Red_2_r_6__100.jpg
4715.5,272.5512970685959,0.61,0.7977027823802724,0.9830102147175318,14.676178660049628,14.438132007597845,100.17100909842846,44.32026736321824,62.72559966914805,37.1960882448653,13364.025515291589,628.2493333333334,0.3176265212251287,0.18656243369624734,A,grading/data_processed/potato/A/Potato_Red_1_17__100.jpg
4386.0,265.4802289009094,1.7543859649122806,0.7820132733104365,0.9835183316515305,50.97357904085258,77.04096545845822,132.18428063943162,51.83069310334492,57.84014209591474,34.357755329939025,9789.874392120653,246.13095870990608,0.49093596246290777,0.20134013828878436,A,grading/data_processed/potato/A/Potato_Red_2_r_7__100.jpg
4713.0,271.96550953388214,0.62,0.8007180941455965,0.9795282136547854,14.825574177529484,13.598495850351469,101.86674943099524,44.60447644090029,62.71135940409683,37.27612765592262,12691.886455541104,629.8304918032787,0.32571228145674763,0.19641263350775376,A,grading/data_processed/potato/A/Potato_Red_1_16__100.jpg
5059.0,279.27921855449677,1.4705882352941178,0.8150744924159253,0.9861598440545809,33.31190889789616,63.98052980717387,136.8822621115615,48.121882066884844,66.66280640802934,38.99373628376523,8892.306443576988,362.91443850267376,0.4484005385890425,0.22638957590690503,A,grading/data_processed/potato/A/Potato_Red_2_r2_95__100.jpg
6547.0,323.36247992515564,1.0416666666666667,0.7868155804840016,0.9639991165427373,19.32899461400359,5.082260791440667,124.3734290843806,40.988503739584154,85.99895272292041,49.49840411240773,4343.755437489149,458.26641414141415,0.4858784071392948,0.28970761722387683,A,grading/data_processed/potato/A/Potato_White_1_r2_139__100.jpg
4681.5,271.3797233104706,1.6666666666666667,0.7988037611458643,0.9815494286612853,50.66069568839825,75.81754960161554,132.95334305353052,54.219776075260306,61.54821912101645,35.70917232275409,9477.245591,250.2436026936027,0.40771081668796105,0.19006469326814188,A,grading/data_processed/potato/A/Potato_Red_2_r_100__100.jpg
5828.5,314.35028541088104,1.2820512820512822,0.7412060351441466,0.9589503126028299,21.213172448466565,10.596922287393925,129.58991117814648,44.64060065144017,76.73588067705715,44.46143041665803,7184.927257971729,567.3510748510749,0.39750031106656086,0.22225457603279794,A,grading/data_processed/potato/A/Potato_White_1_r_67__100.jpg
5287.0,281.2792191505432,1.4705882352941178,0.8397381401463515,0.9885014490043937,59.88003696857671,79.87364923285381,124.50110905730129,53.31975960204205,69.38354898336414,40.19932116995058,5480.308380601211,236.3461081402258,0.4840857441538972,0.1950623498143631,A,grading/data_processed/potato/A/Potato_Red_2_r_192__100.jpg
5907.5,320.4924212694168,1.2658227848101267,0.7227333011440167,0.9562156037552606,21.0742516950554,10.261647808296184,129.7952703820076,44.367611594642206,77.85794608896974,45.07866262061288,7410.212838887998,634.4578698376167,0.39926788490903736,0.21984098458268028,A,grading/data_processed/potato/A/Potato_White_1_r_66__100.jpg
5205.0,279.62236499786377,1.492537313432836,0.8365401477158438,0.98841625522218,59.1875,79.88393852985274,126.45739489489489,52.058338738884636,68.45382882882883,39.61045453492287,6111.239610135888,227.01854364540932,0.48023800869912514,0.19457844042300435,A,grading/data_processed/potato/A/Potato_Red_2_r_193__100.jpg
4099.0,283.9655100107193,1.65,0.6387877707961584,0.9282155797101449,15.151715976331362,13.561952958971094,87.97798816568047,40.974002301356634,54.63881656804734,32.57643840919229,14365.655187112425,411.0042517006803,0.4156979829048064,0.2752577421017938,A,grading/data_processed/potato/A/Potato_Red_1_r2_28__100.jpg
5618.5,296.83556747436523,1.3333333333333333,0.8013059611177962,0.9718906763535721,20.94257873673221,13.757191522911661,129.8654950408909,43.090447620335425,74.04054289194362,42.749002500745966,6846.83918976,409.9068013468014,0.4276405543985881,0.22223958711869937,A,grading/data_processed/potato/A/Potato_White_1_r_121__100.jpg
4486.5,267.37972271442413,0.6,0.7886069477785788,0.9809773696293866,36.72024326672459,66.75671572949418,135.2193744569939,54.460708925218086,59.18527367506516,34.37695721165377,10977.776671972222,366.04813559322037,0.41829038448541306,0.2120725418321245,A,grading/data_processed/potato/A/Potato_Red_2_5__100.jpg
5353.5,299.8650047779083,0.74,0.7481627832257735,0.9600107594369228,21.965730951512942,13.242828402065872,129.7227488151659,44.54956912039621,70.7710535909588,41.42433210604676,8853.166728926224,659.7227397260274,0.3923378932351109,0.24004843290623534,A,grading/data_processed/potato/A/Potato_White_1_86__100.jpg
4560.5,273.37972378730774,0.62,0.7668134526084821,0.9687732342007435,14.381115146336253,12.898814885877835,100.370006408887,41.93278298172125,60.73873104037599,36.534963538929894,13558.721711862645,571.563606557377,0.36795469757956517,0.22079916416264062,A,grading/data_processed/potato/A/Potato_Red_1_0__100.jpg
4555.5,272.89444184303284,0.61,0.7686993863901103,0.9710114036022595,14.301689116955313,11.650488033780686,100.16378020098354,43.297693961789804,60.64314731665598,36.52385764432476,14165.649252889007,538.031,0.355821599100892,0.2113353049329693,A,grading/data_processed/potato/A/Potato_Red_1_1__100.jpg
4514.0,272.79393661022186,0.61,0.7622580029201541,0.9723209477652127,12.939792835563228,9.698700042827598,109.35261113508848,46.32063441392709,60.072723349158395,36.08521807284182,13298.37047632357,500.2365000000001,0.3582044546231897,0.2175185815817429,A,grading/data_processed/potato/A/Potato_Red_1_156__100.jpg
4875.0,273.6223644018173,0.64,0.8182411209859705,0.984251968503937,30.65265265265265,62.6823607470176,142.45605605605607,50.397628335097856,64.16196196196196,37.34850606731165,7401.599185937501,338.83031746031736,0.43783535486608166,0.20006785822864073,A,grading/data_processed/potato/A/Potato_Red_2_166__100.jpg
4409.5,266.55129635334015,0.59,0.7798976521331081,0.9815247634947134,42.128782858405124,71.99143347841817,137.848685663795,50.587638809126936,58.33510050806274,33.79578692269475,9075.02642125826,368.2648275862069,0.4169367432307713,0.21495084193156072,A,grading/data_processed/potato/A/Potato_Red_2_95__100.jpg
4244.5,267.86500465869904,1.65,0.7433689971329378,0.9596427763961113,18.695253382251778,25.188070356220003,96.91240541160285,43.52531712291796,56.17473056638386,32.80399377572479,14765.15377501162,320.3309523809524,0.42841546145671655,0.2538518971132748,A,grading/data_processed/potato/A/Potato_Red_1_r2_173__100.jpg
4438.0,267.96550989151,0.6,0.7766750671105107,0.9806651198762568,46.08889376646181,74.26194798088596,139.34460052677787,49.9156861047634,58.58143107989464,33.797630160248325,10447.513641666666,377.75864406779664,0.41207828498656685,0.2211833235704769,A,grading/data_processed/potato/A/Potato_Red_2_94__100.jpg
4104.0,270.4507910013199,1.7241379310344827,0.7050837475835768,0.9565318727421046,18.34201800094742,24.771576664055438,95.8394126006632,43.02097888024091,54.49123638086215,32.466581498496375,14769.590989774078,359.9827586206897,0.4160360385283305,0.2603861519795418,A,grading/data_processed/potato/A/Potato_Red_1_r2_172__100.jpg
5247.5,291.37972342967987,0.72,0.7766827466693398,0.9680841250807121,21.14004091500837,11.157248813080871,125.90831318579133,42.13226911613182,69.41100985679748,40.626321338930374,9408.14488263889,589.047042253521,0.3713336534906092,0.23354571813636268,A,grading/data_processed/potato/A/Potato_White_1_182__100.jpg
4365.0,265.9655091762543,1.7543859649122806,0.7754315576706481,0.9812296279644824,52.90138331102187,77.13100813972152,138.73694779116465,53.00467438625472,57.51182507809014,33.55935377917178,10311.600467836257,233.70405812511075,0.4780035522880375,0.20340620182118294,A,grading/data_processed/potato/A/Potato_Red_2_r_30__100.jpg
3856.0,274.308655500412,1.7241379310344827,0.6439733073644887,0.931851135814403,17.68300653594771,23.928444481718607,97.01734539969834,43.14000790849184,51.64957264957265,31.89804925970451,16080.85485564804,453.4235458028561,0.44198251331877536,0.2997718684298478,A,grading/data_processed/potato/A/Potato_Red_1_r2_42__100.jpg
5275.5,284.35028529167175,0.71,0.8199099461061193,0.981579681830868,20.40766808668272,9.185194309681991,135.1403963696981,46.72933334075624,69.53676606779032,40.760092676744115,8266.312040051576,517.7258571428572,0.367086730234966,0.22093366351343877,A,grading/data_processed/potato/A/Potato_White_1_36__100.jpg
5262.0,281.7644988298416,0.71,0.832890986069499,0.9834594897673115,20.425705794947994,8.330829912311065,135.87091381872213,46.93196224003277,69.31705052005944,40.66560759326107,8278.897399146994,542.8048571428571,0.3641008633079316,0.22220699579354336,A,grading/data_processed/potato/A/Potato_White_1_37__100.jpg
4460.5,267.7228698730469,1.7241379310344827,0.7820282901809433,0.9827054417272527,30.416029700808036,61.5532915538892,141.9615636601878,53.15369194408178,58.75453155710854,34.33378065227618,10379.63527345422,234.97283176593524,0.4586470552822499,0.20151011613366862,A,grading/data_processed/potato/A/Potato_Red_2_r_123__100.jpg
5982.5,318.1492758989334,1.1149425287356323,0.742729533052916,0.9554419867443903,18.643790849673202,10.026284606726337,84.72271241830066,36.682484206290404,78.65441176470588,45.138707938891336,4738.227556053866,484.8676963601533,0.42961221989523357,0.2597294903685083,A,grading/data_processed/potato/A/Potato_Red_1_r_64__100.jpg
6124.0,321.0782082080841,1.0898876404494382,0.7464889520946115,0.9565013666536509,18.712324393358877,12.160692443357041,82.95609833971903,35.48904127942679,80.4367816091954,46.25334713220081,4369.704374673758,508.4235720973784,0.42529691374677,0.2592703355163847,A,grading/data_processed/potato/A/Potato_Red_1_r_65__100.jpg
5279.5,290.3502858877182,1.3888888888888888,0.7869699370818968,0.9756075025408851,20.52349241583426,11.650068922287169,133.23196448390678,40.7788154102457,69.65408805031447,40.50948913159652,9475.207011111112,467.209595959596,0.38250081197457503,0.2372934830291439,A,grading/data_processed/potato/A/Potato_White_1_r2_188__100.jpg
5219.0,283.4213535785675,1.408450704225352,0.8164545717452746,0.9789908084787095,41.60756412656806,71.32702015004071,143.00861261935967,51.378415188111795,68.5137614678899,39.40222265870294,7415.412779210475,269.88220230473746,0.5145071596794302,0.23682559535499956,A,grading/data_processed/potato/A/Potato_Red_2_r2_24__100.jpg
5311.5,282.3502858877182,1.408450704225352,0.8372411898332407,0.9837932950546397,45.28928965771071,73.7772578482611,141.5496871549503,51.53953548643555,69.72672064777328,40.21436207647561,7839.84300900615,272.0836534357661,0.5169607542365509,0.22421360960689862,A,grading/data_processed/potato/A/Potato_Red_2_r2_25__100.jpg
4708.5,296.55129623413086,0.62,0.6728105385509185,0.944723113964687,21.39743854575501,14.567491236199416,118.44577566618467,44.180181712248825,62.37492253666598,36.630105350253345,11523.670382700313,513.6577049180327,0.3466135841666635,0.19420020450622769,A,grading/data_processed/potato/A/Potato_White_1_159__100.jpg
4685.0,290.9360717535019,1.6129032258064515,0.6955435345002042,0.9472300849171047,21.374064837905237,13.944035834270418,129.65336658354116,45.35432182952625,62.26267664172901,36.95804831354706,11299.859541207075,496.1684587813621,0.41647232939681067,0.21118743739118212,A,grading/data_processed/potato/A/Potato_White_1_r_102__100.jpg
5365.0,288.2497811317444,1.3513513513513513,0.8114123581594042,0.9808940488161624,20.118418655492803,9.482732366286218,133.35725997449444,45.194674984613364,70.84168336673346,41.93933151948518,10103.290533802046,524.8626808626809,0.3926773128128597,0.24650511237899322,A,grading/data_processed/potato/A/Potato_White_1_r2_97__100.jpg
4659.0,290.45079135894775,1.5873015873015872,0.6939967654119826,0.9463741620962828,20.47002297890119,6.937641132735596,130.28765406308753,44.79225518988574,62.02444119490286,37.394335893007735,13232.031148274125,495.000481000481,0.4263570681219041,0.2276591926400751,A,grading/data_processed/potato/A/Potato_White_1_r_103__100.jpg
5384.0,286.5929260253906,1.3513513513513513,0.8237282912376811,0.9823024995438788,20.145424836601308,10.276837218099478,133.4241103848947,45.47571769824872,71.01379811183733,41.88820180983176,10044.509846146824,529.8813813813815,0.38638910976306107,0.2447393775583855,A,grading/data_processed/potato/A/Potato_White_1_r2_96__100.jpg
4857.5,274.2081506252289,0.63,0.811824126409024,0.9849944236033661,27.71815990357573,60.089850994289804,143.0427882683809,51.08778925484983,63.8322619525914,36.913891469651304,7448.920251221972,295.80870967741936,0.43428468333581793,0.19256760911192802,A,grading/data_processed/potato/A/Potato_Red_2_158__100.jpg
5266.0,286.93607234954834,0.72,0.8037489530458835,0.9774477958236659,21.136338341680577,13.747334382307397,134.44462993878687,45.91118995025331,69.49545538861065,40.677853261874795,8968.14986388889,539.561690140845,0.3785925192310895,0.23088962266329865,A,grading/data_processed/potato/A/Potato_White_1_40__100.jpg
4862.5,275.37972366809845,0.64,0.8057597303477262,0.9827202910266775,26.617977528089888,58.807103373194835,142.4833467094703,52.674609537452696,63.97833065810594,37.16661776197799,7884.484975,355.77238095238096,0.4438955440548059,0.19972906188320666,A,grading/data_processed/potato/A/Potato_Red_2_159__100.jpg
5507.5,284.4924228191376,1.3333333333333333,0.8551119233340612,0.9854177849346931,51.767809557647894,76.01963440858003,128.2522650559602,56.28062346540838,72.21709006928407,41.58319760382631,5988.978194560001,268.61885521885523,0.5168214180122873,0.2374027061627104,A,grading/data_processed/potato/A/Potato_Red_2_r_154__100.jpg
5644.5,290.4924213886261,1.2987012987012987,0.8405542108271277,0.9831910816930848,47.7424163633212,72.96220468610251,128.12532501300052,56.882014704238976,73.98925290344947,42.54426046368414,5147.644356130882,306.9308671126853,0.5088097860123246,0.2390342285191002,A,grading/data_processed/potato/A/Potato_Red_2_r_155__100.jpg
4482.5,270.55129647254944,0.6,0.7695395117766192,0.9774313126907981,13.854845719252499,11.324219533951123,105.68687527162103,44.96257023497697,59.75771403737505,36.014516277366134,14199.404243305555,514.7094915254238,0.35203471184841023,0.21099353215654065,A,grading/data_processed/potato/A/Potato_Red_1_168__100.jpg
3790.5,269.2375876903534,0.53,0.6571053203889686,0.9574387471583733,14.588340577857325,14.821370788344838,101.62209153669139,44.3647380232887,51.00153413449246,31.542157406997376,17688.83325226059,502.8515384615385,0.37095764067443554,0.23788430445847472,A,grading/data_processed/potato/A/Potato_Red_1_99__100.jpg
5133.0,281.62236392498016,1.4705882352941178,0.8132926529929235,0.9834275313727369,15.34734639528248,13.415824735551055,98.40992961765265,39.90216207033611,67.65075137911356,39.0801666019274,8217.365967971453,416.69236482471774,0.3595230834087346,0.21458269421773912,A,grading/data_processed/potato/A/Potato_Red_1_r_12__100.jpg
6620.5,309.3208485841751,0.88,0.8695253903712218,0.9871766196973086,48.09668344684631,73.1546565193447,125.4099792715428,52.63625769780296,86.97941960319811,50.123918310047415,2687.445431766529,378.49195402298847,0.45854886726521765,0.21625676950189796,A,grading/data_processed/potato/A/Potato_Red_2_r2_52__100.jpg
5173.5,307.0365780591965,1.4705882352941178,0.6896267246708481,0.9539043053378814,20.274387947269304,10.121179307591955,116.44764595103578,42.694956514607746,68.60979284369115,40.81721113932808,9798.138808910035,566.3250148544266,0.3747869848822732,0.20757659415871105,A,grading/data_processed/potato/A/Potato_White_1_r_175__100.jpg
4158.0,264.30865597724915,0.57,0.7479482948621178,0.9714953271028037,12.461988304093568,15.945173411128987,108.4633918128655,44.198025996031944,55.589239766081874,33.75705671958694,14575.878860541705,459.3521428571428,0.3738222035557674,0.23084796823618678,A,grading/data_processed/potato/A/Potato_Red_1_120__100.jpg
5281.0,296.24978041648865,1.3157894736842106,0.7561534835788315,0.966596504072481,19.816786836753558,10.161166017423932,134.6180440007395,46.134187551412985,69.48936956923646,40.32089263897762,8909.129809141275,396.3785220627326,0.45685477443646866,0.27529243968985917,A,grading/data_processed/potato/A/Potato_White_1_r2_124__100.jpg
5409.0,285.4213546514511,1.36986301369863,0.8343608529372099,0.9869537450962503,38.05332610267534,67.45961978593586,135.07989877078813,46.93004648762163,71.09074475777295,41.38888994401121,7245.8289022330655,362.0009685900096,0.4561373510927264,0.23055681156679636,A,grading/data_processed/potato/A/Potato_Red_2_r2_88__100.jpg
5388.5,285.17871260643005,1.36986301369863,0.8326136815441575,0.9858214416392242,32.69865747460087,62.93088404398556,136.35649492017416,47.777784656966695,70.77685050798259,41.13232991511874,7057.818864027022,363.53064895530645,0.4596312219866725,0.2347321566529813,A,grading/data_processed/potato/A/Potato_Red_2_r2_89__100.jpg
5302.5,295.66399478912354,1.3157894736842106,0.7622433782870908,0.9696443265977873,19.788950276243092,10.818851096369169,134.23259668508288,46.347949846260825,69.9255985267035,40.695441488882906,8747.146221883657,416.80555555555554,0.4492949110453051,0.27145172137996476,A,grading/data_processed/potato/A/Potato_White_1_r2_125__100.jpg
4170.0,263.9655100107193,0.58,0.7520583690223989,0.976009362200117,11.886374241717219,13.473654009566594,108.42347176854877,43.66425908991507,55.68408772748484,33.832263959772696,15066.442480856123,405.4782456140352,0.38855726492496634,0.24008744687791023,A,grading/data_processed/potato/A/Potato_Red_1_121__100.jpg
4243.5,275.8650051355362,1.6666666666666667,0.7007140852726524,0.9555280342265255,13.686755270394134,23.22041396617331,107.5795142071494,47.51873432610183,56.075618698441794,32.64976438010577,12743.770161083334,340.72643097643095,0.40150660032457924,0.2604490550549117,A,grading/data_processed/potato/A/Potato_Red_1_r_132__100.jpg
4231.0,263.1370825767517,0.57,0.7678719065138728,0.9809877115696731,55.911433172302736,79.0462891438601,126.8895790200138,54.66695912563322,55.977685760294456,33.09828389032651,11667.405944105878,414.28464285714296,0.4156112171646685,0.21598278878424645,A,grading/data_processed/potato/A/Potato_Red_2_111__100.jpg
4261.0,271.6223635673523,1.65,0.725755524274043,0.9647911241933658,12.378767123287671,18.818531533401302,108.0431506849315,46.8442109709268,56.326027397260276,32.66655402392986,10156.734970666259,317.3139455782313,0.4046414872241542,0.25245001874154854,A,grading/data_processed/potato/A/Potato_Red_1_r_133__100.jpg
4013.0,275.96550989151,1.6779661016949152,0.6621698597329041,0.9368507061982024,14.614026602176542,13.72361477632323,90.14824667472793,40.99333748559152,53.422490931076176,32.03698327027805,12688.281961156283,376.3081978554134,0.42613758225544934,0.27941509337910925,A,grading/data_processed/potato/A/Potato_Red_1_r2_35__100.jpg
5106.5,279.5218586921692,1.492537313432836,0.8212996717469407,0.9848601735776278,54.16851568477429,76.46719263125993,130.77658760520276,51.633361571983755,67.12605202754399,38.4766195854991,5502.482165649364,258.15257048092866,0.4659903598832036,0.2080406048127468,A,grading/data_processed/potato/A/Potato_Red_2_r_47__100.jpg
4084.5,284.20815074443817,1.6666666666666667,0.6354416932529158,0.9294572761406303,15.61520190023753,16.07419426896081,90.89524940617578,41.24136361038171,54.42731591448931,32.632155056432325,12686.327826638888,406.9843434343435,0.43048086914129896,0.2837579667685308,A,grading/data_processed/potato/A/Potato_Red_1_r2_34__100.jpg
5094.5,277.03657817840576,1.5151515151515151,0.83413664682867,0.9872105416141846,51.65088190184049,75.09413731163113,132.70072852760737,52.29773305703436,66.87097392638037,38.18704010158652,5681.805811547291,247.68870523415978,0.4591623659850562,0.1992200323418262,A,grading/data_processed/potato/A/Potato_Red_2_r_46__100.jpg
5776.0,290.59292685985565,1.3157894736842106,0.8595417379739216,0.9862545889182959,36.719247712639785,66.41790538287873,131.85259234157914,49.8948398630277,75.80633683497119,43.34575602135804,5137.43457333795,271.7422913343966,0.4283818491658071,0.21064389900604147,A,grading/data_processed/potato/A/Potato_Red_2_r2_133__100.jpg
5717.5,290.0071405172348,1.3333333333333333,0.8542768841418449,0.9865412820291606,34.162758856751665,64.26553705664818,133.03440013691596,49.70119182883135,74.99144275201095,42.95701829185441,5080.021647982222,267.67084175084176,0.4398482983834915,0.20859672565262857,A,grading/data_processed/potato/A/Potato_Red_2_r2_132__100.jpg
4798.5,293.86500442028046,0.64,0.6982639530484178,0.9567341242149338,20.80073051948052,11.634224427858074,120.65422077922078,45.07694268033046,63.83198051948052,38.28938342531165,12185.145332788084,639.2003174603176,0.3615920081372297,0.20561698536648623,A,grading/data_processed/potato/A/Potato_White_1_153__100.jpg
4505.0,282.5929261445999,0.65,0.7088952829451389,0.9544491525423728,14.200778041927816,11.9479679993095,102.7404365679706,43.03815704482507,60.172249837907934,36.33550323749152,14610.106176828403,587.4442187500001,0.39669105310385605,0.2668176350817633,A,grading/data_processed/potato/A/Potato_Red_1_186__100.jpg
5384.0,288.93607234954834,1.36986301369863,0.8104223048975966,0.9796215429403202,20.066424682395645,9.056023339383348,129.89364791288565,40.37484005166153,71.17568058076225,41.707850782728116,8186.714553499718,556.3731838937317,0.3877537943332394,0.2325640188643101,A,grading/data_processed/potato/A/Potato_White_1_r2_182__100.jpg
5349.0,289.4213535785675,1.36986301369863,0.8024561711736741,0.9767187072035058,19.875959079283888,6.255356144321236,130.60632078918525,41.409568906502905,70.6592985020095,41.47411955142625,7728.446449146182,564.5462847654628,0.38892159463531806,0.23779642600392092,A,grading/data_processed/potato/A/Potato_White_1_r2_183__100.jpg
4497.5,278.69343173503876,0.65,0.727658437162211,0.9569148936170213,14.275167785234899,12.39561534880401,102.01796925741502,42.79241320056568,59.91340116908422,35.990266420255814,14549.077834224852,542.1056249999999,0.39635433612132814,0.2663402365059234,A,grading/data_processed/potato/A/Potato_Red_1_187__100.jpg
4026.0,275.1370829343796,0.61,0.6683214152872712,0.9434094903339192,15.454676952748313,11.948968145667335,98.58003857280617,44.71618531710689,53.81967213114754,32.79759938248713,17003.22805834453,487.51166666666677,0.41284151706562033,0.2978036032540761,A,grading/data_processed/potato/A/Potato_Red_1_77__100.jpg
4724.5,271.03657746315,1.5873015873015872,0.8081833670989036,0.9853999374283032,43.83398719801776,72.19591369106205,140.06359694404296,48.51437436850858,62.17964071856287,36.151845867782654,9627.645617006801,278.8659611992946,0.4584932724348341,0.21945201448290003,A,grading/data_processed/potato/A/Potato_Red_2_r2_107__100.jpg
4050.5,270.2081503868103,0.57,0.6971425829844717,0.9647493152316303,12.47685296234109,13.258613843219893,105.04893259774526,44.10728002331846,54.43727512592948,34.112107048853005,14677.18612677747,488.8583928571428,0.3883242202459536,0.2466423115504288,A,grading/data_processed/potato/A/Potato_Red_1_114__100.jpg
5025.0,288.10764479637146,1.4285714285714286,0.7607401987033943,0.9750654894731736,20.69695204814599,14.192863684490224,136.58668219763152,44.967153063861474,66.27218015919239,38.74623723044498,9890.78410267347,391.4275613275613,0.4109863900828705,0.252419891440016,A,grading/data_processed/potato/A/Potato_White_1_r2_110__100.jpg
4518.5,267.72286903858185,1.694915254237288,0.7921970297523385,0.9820691154096935,35.009704550355835,65.82806196717361,139.29652792753936,52.966766803492945,59.54259219322838,34.78474687362054,9062.910993277794,251.04639616504022,0.47786199407617636,0.20489207733749265,A,grading/data_processed/potato/A/Potato_Red_2_r_129__100.jpg
4065.5,272.2081501483917,0.57,0.6894798539993109,0.9675154688243693,12.039904420549583,12.448472875510548,104.52927120669057,43.75457419822681,54.556272401433695,33.729534253642065,15335.6655658972,468.7239285714286,0.386655850493176,0.24361446388773006,A,grading/data_processed/potato/A/Potato_Red_1_115__100.jpg
4499.0,268.3086562156677,1.694915254237288,0.7853377771338542,0.9819927971188476,34.730835859679516,65.40348571681447,139.50714595062797,54.34443802026413,59.30316154179298,34.70257083021937,8454.705613875321,237.5863721965417,0.472672308901649,0.20804212662317936,A,grading/data_processed/potato/A/Potato_Red_2_r_128__100.jpg
4935.5,278.2081506252289,1.5384615384615385,0.8013114005515417,0.9817982892381142,42.23527085804666,72.03879225457408,143.95749308026888,49.0878076816611,64.96006326611308,37.67209340803523,8019.360405301775,259.672261072261,0.46863946311192384,0.21275799464871653,A,grading/data_processed/potato/A/Potato_Red_2_r2_195__100.jpg
4958.0,275.96551060676575,1.5625,0.8181007095782666,0.9851962245404868,44.38720472440945,73.6289475878557,143.99862204724408,48.053773583159334,65.29311023622047,37.75512313064147,7683.987006933594,250.45138888888894,0.4607316520307524,0.19778053385914543,A,grading/data_processed/potato/A/Potato_Red_2_r2_194__100.jpg
5247.5,287.5218583345413,1.3888888888888888,0.7976650759070161,0.9749187180678124,19.805136795086543,10.232919095136227,136.98380792853155,42.73491712726417,69.36608970779825,40.589089724242655,8631.08902312886,514.9535634118968,0.3954484171760763,0.24247836807311135,A,grading/data_processed/potato/A/Potato_White_1_r2_5__100.jpg
5248.5,293.17871284484863,1.3888888888888888,0.7673265016084644,0.9752857010127288,20.472284226190474,12.993014594944993,136.9077380952381,41.92042276604298,69.4321056547619,40.77373692097317,8861.69674066358,536.0767396184064,0.3991365485227639,0.24194891138974742,A,grading/data_processed/potato/A/Potato_White_1_r2_4__100.jpg
4624.5,279.86500430107117,1.462686567164179,0.7419548135417171,0.9627355053606745,14.27512112913419,16.81130291154142,89.67116073309458,40.3722401637348,61.02612176111228,35.57499862035616,10297.354963226784,320.71072472688104,0.4658774406265988,0.26517983600595646,A,grading/data_processed/potato/A/Potato_Red_1_r2_130__100.jpg
4895.0,282.93607223033905,1.5151515151515151,0.7683974582358232,0.9687314466653473,15.734954165005979,22.720017182149657,99.31028298126743,44.02024039289593,64.67158230370666,37.534521821188726,10034.356994949496,455.9395469850015,0.3720283924760579,0.22614942038442204,A,grading/data_processed/potato/A/Potato_Red_1_r_106__100.jpg
5952.0,312.3919162750244,1.1395348837209303,0.7664312643521396,0.9579142190391888,14.538448899112717,18.412401087180438,95.45990798554058,39.0446455227112,78.28803812027604,45.2466531755781,5439.552538051457,445.70426756173583,0.4708062986791106,0.2647367067593259,A,grading/data_processed/potato/A/Potato_Red_1_r2_92__100.jpg
4502.0,280.4507911205292,1.4848484848484849,0.7192866764218229,0.9562446898895497,14.872,19.641875971395365,88.34205405405406,38.694017612857344,59.681513513513515,35.35776032226274,11891.052875600119,356.57731958762884,0.4632089057268957,0.27274601443652075,A,grading/data_processed/potato/A/Potato_Red_1_r2_131__100.jpg
6833.5,311.6639941930771,0.88,0.8840560457094894,0.988428437115788,39.32257138757354,66.31142566914687,120.88262304491319,51.43028748321,89.6907734251686,51.81447889711344,2301.3240750903924,318.1866666666667,0.4210777104079,0.19702319604727864,A,grading/data_processed/potato/A/Potato_Red_2_r2_67__100.jpg
6834.0,313.90663385391235,0.89,0.8715330297001695,0.9866454919512019,39.264275466284076,66.21039809259409,118.68149210903874,51.58803943171097,89.77073170731707,51.82281593054423,2469.636239919202,350.8336363636364,0.42961282075373364,0.20295402053785322,A,grading/data_processed/potato/A/Potato_Red_2_r2_66__100.jpg
6534.0,323.36247861385345,1.0869565217391304,0.7852532525704211,0.9659964518036664,19.59961025333533,7.6630388515988015,117.21855793734073,40.91876069902355,86.08169689701694,49.64074877274225,3473.9888789697543,410.13735177865624,0.4295918446883045,0.2607978267772481,A,grading/data_processed/potato/A/Potato_White_1_r_141__100.jpg
3850.0,269.96551072597504,1.706896551724138,0.6638256420091971,0.9375380494338245,14.834467120181406,15.778386536896702,98.99899218946838,42.8465183655167,51.321491559586796,30.791293383704463,18998.503073377815,345.65042223786065,0.4566604896743536,0.29341636389977743,A,grading/data_processed/potato/A/Potato_Red_1_r2_48__100.jpg
3903.0,273.27921772003174,1.6666666666666667,0.6567426237479147,0.9344026813502514,14.646941819990055,15.234473206832726,98.00795624067628,43.96775564998893,52.19418199900547,32.488996507239776,17554.474431555554,462.28164983164993,0.4745268585043944,0.3159046612006761,A,grading/data_processed/potato/A/Potato_Red_1_r2_49__100.jpg
5075.0,300.93607234954834,0.7,0.7042022585122396,0.9461222967934377,21.491453812175916,8.758319260530296,129.73881313616286,46.16309624514586,67.41578644132898,40.190846865424916,10109.144365693877,650.4727536231885,0.39272553360809664,0.23614617899384302,A,grading/data_processed/potato/A/Potato_White_1_75__100.jpg
4964.0,281.76449978351593,1.462686567164179,0.785722316013211,0.97706918610373,17.25599685410932,18.25349471275173,92.9748328745576,40.881413481769314,65.39343295320488,37.68188487367423,8133.172330294359,338.8669026004002,0.39406375392033055,0.2149191909329847,A,grading/data_processed/potato/A/Potato_Red_1_r2_179__100.jpg
4606.0,280.4507907629013,1.6129032258064515,0.7359028076518013,0.973475641974004,15.146542609431169,16.21998958580431,101.09832945654472,43.92400364462607,61.176993021780504,36.24637521151507,10298.87431298127,453.01710654936466,0.3659289481166034,0.22426532933901377,A,grading/data_processed/potato/A/Potato_Red_1_r_27__100.jpg
4601.0,276.30865573883057,1.639344262295082,0.7573089986460865,0.9762359431360068,15.176756985605419,16.364881855775064,100.06011854360712,42.28073619664849,60.84801016088061,35.4421774243494,10999.765608277346,344.48484848484856,0.3594404879856492,0.21375437920670434,A,grading/data_processed/potato/A/Potato_Red_1_r_26__100.jpg
6025.0,394.67618703842163,0.9894736842105263,0.4860546111521098,0.8614526737203317,19.478050355067786,9.647934305011828,115.5687540348612,37.66679221063541,80.21578437701743,46.37417724432882,3287.2256267798944,489.5074136955293,0.46679319642702805,0.28897254813126744,A,grading/data_processed/potato/A/Potato_White_1_r2_159__100.jpg
4714.0,299.7644993066788,1.6129032258064515,0.659233160382625,0.9444054893318642,20.724664602683177,6.435497252544606,128.49184726522188,45.7140592961358,62.834262125902995,37.97838153315151,12123.200637851196,495.18963831867063,0.4060048967474124,0.20637051391552208,A,grading/data_processed/potato/A/Potato_White_1_r_94__100.jpg
6436.5,305.66399359703064,1.1764705882352942,0.8657072838788753,0.9856060026031698,47.27279646826001,71.9254628778197,120.33125285431572,50.04885297020999,84.41269599634647,48.45677236902513,3382.8126297577855,317.06678550207965,0.4082075792719025,0.214162219219974,A,grading/data_processed/potato/A/Potato_Red_2_r2_138__100.jpg
5506.0,310.59292685985565,1.3513513513513513,0.7172374345302253,0.9572322670375522,20.75079758950727,8.572972432561846,128.9844026940801,45.38545895260252,72.5716058135413,42.15093230055086,8234.541347242512,500.6648921648922,0.4035022931035883,0.22312196822175673,A,grading/data_processed/potato/A/Potato_White_1_r_70__100.jpg
5457.0,306.5929266214371,1.36986301369863,0.7295239524985857,0.9585455822940453,21.343945626900375,11.92190945190145,128.36111607941334,44.9564663659838,72.01287783938473,41.85360667237142,8609.380678757741,508.53812093538124,0.4043530655231941,0.21952532635060265,A,grading/data_processed/potato/A/Potato_White_1_r_71__100.jpg
5487.5,299.1787129640579,0.76,0.7704119634290717,0.9634799403037486,20.784798860804557,7.488056490203772,129.14827340690638,45.28597767112653,72.31594873620506,42.054669938257106,8377.019356630886,643.8974666666666,0.3790865253386415,0.24039645033430362,A,grading/data_processed/potato/A/Potato_White_1_90__100.jpg
4594.0,268.79393780231476,0.61,0.7990278474588958,0.9846747401135998,28.491935483870968,58.68611957744904,136.03883701188454,53.03173580717649,60.546901528013585,35.258310784321736,8928.658939424886,369.10166666666674,0.41941206159200317,0.2083561320858539,A,grading/data_processed/potato/A/Potato_Red_2_189__100.jpg
4585.5,269.03657746315,0.62,0.79611150989085,0.983485254691689,31.161811609610886,61.508563581577064,135.60939825643206,53.78918193125596,60.55496491601106,35.51582631882446,9581.9492566077,369.13311475409836,0.4191011147465836,0.2194236728021193,A,grading/data_processed/potato/A/Potato_Red_2_188__100.jpg
5471.0,298.93607199192047,0.74,0.7693428670385575,0.9680615765725914,21.306497679400213,8.03085294223063,130.0071403070332,44.67436968092987,72.30364155658694,42.458948621572276,7971.185948703433,613.6219178082191,0.3735822938638527,0.22389624185274215,A,grading/data_processed/potato/A/Potato_White_1_91__100.jpg
4410.0,273.27921760082245,1.5714285714285714,0.7420535416999957,0.9666812801402893,13.057187017001546,22.40077450204774,108.35857805255023,48.52369808259797,58.205564142194746,33.58542073148205,10636.130386734309,315.24700356333005,0.42229760097327834,0.26213754602558703,A,grading/data_processed/potato/A/Potato_Red_1_r_138__100.jpg
5740.5,313.9482663869858,1.1627906976744187,0.731885944484415,0.9588274594955738,21.06163800442704,14.364864853223883,139.24195470798568,48.29627049051558,75.59271241273625,43.4948319138794,6836.778699716063,458.49964763918246,0.4270836198333917,0.3055771188071753,A,grading/data_processed/potato/A/Potato_White_1_r2_31__100.jpg
5674.0,305.7056237459183,1.1764705882352942,0.7629434332770934,0.9644739078701343,19.70205066344994,8.061753787704623,137.26744787179047,49.14958146387323,74.69825952093744,43.14354659774036,7835.834751778547,464.6115270350564,0.427228113328752,0.30489267282684746,A,grading/data_processed/potato/A/Potato_White_1_r2_30__100.jpg
4426.5,276.6934311389923,1.5076923076923077,0.7265619244074848,0.9523450946643718,17.84407301517484,17.349817088859517,96.90279305036287,42.778435098341255,58.41565867605014,33.841219711336905,11570.699538308741,327.69373513084855,0.4256979817088602,0.2737226873112566,A,grading/data_processed/potato/A/Potato_Red_1_r_50__100.jpg
4783.0,274.45079123973846,1.5873015873015872,0.7979602735129652,0.98193389447752,46.46400163165409,74.87568784788029,143.75178462166022,51.70065339105013,63.069549255557824,36.90303837106768,9640.233174376417,288.6421356421356,0.47988442427781924,0.21168214319746065,A,grading/data_processed/potato/A/Potato_Red_2_r2_6__100.jpg
4866.0,273.9655102491379,1.5873015873015872,0.8146858691952861,0.983924780103124,46.78544214958893,74.90462945476484,143.81872869460597,49.55828980885864,63.991177060356925,37.24750059722202,8826.854964373899,264.44572711239385,0.4904069021937061,0.19974139820289075,A,grading/data_processed/potato/A/Potato_Red_2_r2_7__100.jpg
5956.0,294.7350617647171,1.2345679012345678,0.8615905911366716,0.9878918560291923,51.39098980598487,75.58909087100201,129.00131535679054,48.74160268738468,78.10226899046366,45.037027385180735,4998.423540603566,327.1250779398928,0.43682475409076355,0.23844157899662174,A,grading/data_processed/potato/A/Potato_Red_2_r2_82__100.jpg
4440.5,266.0660147666931,1.7543859649122806,0.7882480937089047,0.984808161454868,36.50164509760913,66.87081917431338,140.18447027856988,52.48786166301348,58.53103750822549,34.11349442532516,9367.58640024623,222.1658692185008,0.4508842304323488,0.19224829584462533,A,grading/data_processed/potato/A/Potato_Red_2_r_117__100.jpg
5819.0,294.2497808933258,1.2658227848101267,0.8445510864777434,0.9852692177446665,46.113185334678775,72.66817814383565,130.02825428859737,49.30801556683103,76.40750084090145,44.137489728950875,5329.142849158788,332.23449686740827,0.4454975906637214,0.23608961480290608,A,grading/data_processed/potato/A/Potato_Red_2_r2_83__100.jpg
4435.5,268.06601560115814,1.7241379310344827,0.7756555942460938,0.9822832465950615,36.431613611416026,67.01745017055804,138.70274423710208,53.821780785021645,58.45159165751921,34.2310675868606,9617.767323156957,233.08133054684785,0.4606029002993486,0.20531367993243757,A,grading/data_processed/potato/A/Potato_Red_2_r_116__100.jpg
5450.0,289.7644999027252,0.73,0.815672858651396,0.9820704567979097,20.436154949784793,11.684973544531132,134.4675394548063,45.54857349534454,71.76201578192253,41.5568813716441,8795.421499324451,540.2302777777779,0.343474133770045,0.21627798559370098,A,grading/data_processed/potato/A/Potato_White_1_124__100.jpg
5418.5,288.35028648376465,0.73,0.8189326140467772,0.9806352366301692,19.96482683982684,7.679808767443553,135.90440115440114,45.26795589109026,71.38888888888889,41.328859107867004,8631.53971709514,500.96152777777786,0.35198598418320276,0.22001738234501067,A,grading/data_processed/potato/A/Potato_White_1_125__100.jpg
5093.5,291.6639940738678,1.337837837837838,0.7524203569165345,0.9581452219714071,14.937919141598007,21.26974308349036,99.79383023567733,41.00060089880104,67.06418854186626,38.947332527720235,7896.823319354646,373.44897959183675,0.45676366727359063,0.27504350548742,A,grading/data_processed/potato/A/Potato_Red_1_r2_76__100.jpg
4599.5,268.89444231987,0.59,0.7993865469126857,0.9850091016168755,37.08539944903581,67.27646399251901,131.12650985378258,53.958330939479374,60.69230769230769,35.26976903092899,10312.414859063487,439.4925862068965,0.373278690225198,0.18107774524121095,A,grading/data_processed/potato/A/Potato_Red_2_32__100.jpg
5153.5,295.32084822654724,1.32,0.7425469697490812,0.9591475898008561,14.023484848484848,18.33770482254698,99.70549242424242,41.73110405430034,67.91098484848484,39.197460886378444,7707.730715478013,365.27959183673477,0.45474220765542683,0.2763918537994278,A,grading/data_processed/potato/A/Potato_Red_1_r2_77__100.jpg
6491.0,307.07820785045624,0.86,0.8650146812223827,0.9864741641337386,43.198520531400966,69.22673743104919,119.37213164251207,55.365056734108755,85.2854770531401,49.273476409625054,3340.88818700649,372.8930588235294,0.44105924932974316,0.21586367926930566,A,grading/data_processed/potato/A/Potato_Red_2_r2_59__100.jpg
6446.5,305.32084810733795,0.86,0.8690023099382576,0.9860803059273423,42.53770142900578,69.1077425296048,118.83551231377318,54.917359656647335,84.55047126786258,48.78044728814354,3153.9549866955113,362.2540000000001,0.4483516935224628,0.22104027408634405,A,grading/data_processed/potato/A/Potato_Red_2_r2_58__100.jpg
6690.0,313.07820749282837,1.1235955056179776,0.8576899169638486,0.9844025897586816,20.125256372692647,7.984271692681006,120.10225607969528,37.84615143735825,88.07735130383827,51.11541544045891,4612.603514505744,551.9151061173533,0.39328483101537226,0.2204489250521331,A,grading/data_processed/potato/A/Potato_White_1_r2_167__100.jpg
4520.5,272.208150267601,0.6,0.7666446137680439,0.9758229897463573,15.527370689655172,20.48042865132223,106.26702586206896,45.118617981586,60.1260775862069,35.78923951115876,13175.048866222223,460.38440677966105,0.3587920667925925,0.2056910773582497,A,grading/data_processed/potato/A/Potato_Red_1_163__100.jpg
6951.5,321.8061304092407,1.0638297872340425,0.8435285083189483,0.9803963049150272,20.097884344146685,9.499699856183273,118.36558533145275,36.770174802165094,91.52693935119888,53.02030820781673,3865.591617881394,539.7013754566946,0.4125429218953912,0.23341005236270118,A,grading/data_processed/potato/A/Potato_White_1_r2_166__100.jpg
3785.5,268.8944419622421,0.55,0.6579145084003261,0.9448396355921628,14.547247119078104,7.885180071805331,99.80998719590269,45.455236131882636,50.90985915492958,31.616444409301213,17326.952033421487,518.3040740740739,0.3967303574442545,0.26806084879312897,A,grading/data_processed/potato/A/Potato_Red_1_92__100.jpg
4974.5,282.5512956380844,1.5151515151515151,0.7830052843466703,0.9785580800629488,15.960392156862746,19.142755754734697,99.91666666666667,40.61227377340191,65.73901960784313,38.31774696367417,9767.86142972911,432.270584634221,0.34519170052557224,0.21462140571658542,A,grading/data_processed/potato/A/Potato_Red_1_r_18__100.jpg
3789.5,267.72286891937256,0.55,0.6643865545911082,0.9503448275862069,14.469037871033777,7.97445469818906,98.58060388945752,44.81227650238501,51.20701125895599,32.83189530014788,20091.502488429753,732.462962962963,0.39941802905949025,0.26477006873967374,A,grading/data_processed/potato/A/Potato_Red_1_93__100.jpg
4874.5,272.55129611492157,1.6129032258064515,0.8246001993265126,0.9861420190167914,56.78098098098098,78.08081641818943,132.94134134134134,53.06971223739151,64.20380380380381,37.20848528121582,7790.34007073361,262.75350276963184,0.40523463331141996,0.18498469201532702,A,grading/data_processed/potato/A/Potato_Red_2_r_96__100.jpg
4821.0,275.62236404418945,0.63,0.7974768572879634,0.9816737935247404,31.99048968029138,64.09400748455272,140.4073249696479,50.97355122900499,63.46641036017807,37.02701149095607,8340.740617057192,373.73983870967743,0.44616071195286305,0.197493496250875,A,grading/data_processed/potato/A/Potato_Red_2_152__100.jpg
6625.5,312.97770273685455,0.9191919191919192,0.8499663361542682,0.979958586007987,15.648520710059172,21.540875157371033,92.99127218934912,38.31838452315493,87.25784023668639,50.58204359055662,3103.4185809750243,462.3013468013469,0.4254566924109704,0.23496101985255471,A,grading/data_processed/potato/A/Potato_Red_1_r_171__100.jpg
3524.0,261.82337415218353,1.849056603773585,0.6459946674809236,0.9368602950950419,15.203240867893436,20.49830749611718,91.74127986816809,42.51747717494043,47.34935457291953,29.3304184614763,18509.060089216116,327.9904687803929,0.4679546722775157,0.28758011215513163,A,grading/data_processed/potato/A/Potato_Red_1_r2_147__100.jpg
6675.5,314.6345565319061,0.9191919191919192,0.8473851027438618,0.9803935967102364,15.26446402349486,21.36987978809575,94.13861967694567,38.41666447139722,87.9208516886931,50.957824746997474,3176.3242008543375,458.1139169472503,0.42182347773653256,0.23014912279314334,A,grading/data_processed/potato/A/Potato_Red_1_r_170__100.jpg
4841.0,274.45079159736633,0.63,0.8076365615741081,0.9843432289548597,27.251965329570652,59.27626233003437,141.02217294900223,51.76382873322902,63.60209635154203,37.13460031094407,8126.794061451247,399.24032258064517,0.44891769986653424,0.19470147110691455,A,grading/data_processed/potato/A/Potato_Red_2_153__100.jpg
3564.0,267.13708233833313,1.8518518518518519,0.627594606676407,0.9326180819050112,15.415806626833243,21.60628894338463,91.0673546985334,43.164916548632455,48.00624660510592,30.686942589629336,20925.1505478395,427.4928918817808,0.48852274229708126,0.30701771362614916,A,grading/data_processed/potato/A/Potato_Red_1_r2_146__100.jpg
5126.5,284.3502861261368,1.3243243243243243,0.7967525948332637,0.975547098001903,15.44,9.730713280761114,114.06342857142857,41.61408158712781,67.62476190476191,38.81302869362143,8172.171522210128,344.27361382000555,0.4021602299268684,0.263125656999287,B,grading/data_processed/potato/B/Potato_Sweet_1_r2_148__100.jpg
5145.5,281.6639951467514,1.3243243243243243,0.8150322176444174,0.9792558759158816,16.092480060767187,13.05834261503267,113.26813520698822,41.722241336710276,67.69540448157994,38.93722837186845,8145.925995252007,332.9799387015882,0.3993662228872396,0.261462165797796,B,grading/data_processed/potato/B/Potato_Sweet_1_r2_149__100.jpg
3807.5,261.37972354888916,0.53,0.7003352519178508,0.9544998746553021,15.228454869964304,13.464302099028384,113.34140744518103,43.065270290679756,51.2628760836308,32.64488348634853,15675.103547027413,542.2969230769229,0.3723716768185684,0.23391723046851237,B,grading/data_processed/potato/B/Potato_Sweet_1_25__100.jpg
3800.5,263.0365779399872,0.53,0.6902689040621894,0.9461040577545432,17.00102171136654,19.293471893480184,114.90446998722861,42.984176219936764,51.1874840357599,33.09630819320883,17441.373866002137,602.1067307692308,0.36941067984897175,0.2335402937117752,B,grading/data_processed/potato/B/Potato_Sweet_1_24__100.jpg
4688.0,273.42135322093964,1.492537313432836,0.7880115993579891,0.9774812343619683,15.293444328824142,8.344909325676863,111.28095733610822,41.876903768292145,61.95754422476587,36.6150414013198,13408.574787168634,437.72953414744467,0.38615232855773074,0.27061619395183456,B,grading/data_processed/potato/B/Potato_Sweet_1_r2_98__100.jpg
4733.5,274.29141199588776,1.337837837837838,0.790620052521117,0.9699795081967213,15.075923251495771,9.57437587816862,112.47121931091397,46.688653395762095,62.46358572312771,35.94644861337764,9625.285307569502,388.5893546607832,0.4397464174702487,0.32300909441983405,B,grading/data_processed/potato/B/Potato_Sweet_1_r2_43__100.jpg
4504.0,268.93607330322266,1.5625,0.7825464521932327,0.976159514521023,15.736363636363636,10.110267496697652,113.92554112554113,41.91527835732607,59.67424242424242,35.527377209026916,13427.616016577149,433.16224747474746,0.38993969794591454,0.2663176785277328,B,grading/data_processed/potato/B/Potato_Sweet_1_r2_101__100.jpg
4646.5,271.46298491954803,1.356164383561644,0.7923454442728727,0.9731909100429365,15.243958814877075,6.7635564073542955,114.31645303635217,47.34653474244452,61.26350073544862,35.296545097711615,11923.169042975667,343.48168856583726,0.4474865913293763,0.3274325935612511,B,grading/data_processed/potato/B/Potato_Sweet_1_r2_42__100.jpg
4561.0,269.7644999027252,1.523076923076923,0.7875902686960745,0.9760325272843997,15.868291639940132,11.869063893589718,112.06179174684627,41.68033338110592,60.35471456061578,35.69406666119391,12935.637340375242,433.4483516483516,0.3798105087791163,0.2620435136256055,B,grading/data_processed/potato/B/Potato_Sweet_1_r2_100__100.jpg
5418.0,295.76449942588806,1.337837837837838,0.7783174647884791,0.9644001423994304,16.177212907878133,14.014548569552868,111.38687578871462,42.497915121997444,71.40255994231116,41.28727308738173,8241.258240147674,432.1315499172641,0.39837388828406184,0.23039247690387368,B,grading/data_processed/potato/B/Potato_Sweet_1_r_144__100.jpg
4686.0,272.1076455116272,1.546875,0.7952994082416112,0.9746256239600666,14.24188176519567,11.431355178702788,116.68318068276436,43.15346383170478,61.78018318068276,35.63258442407912,12261.259209838281,345.2284757653061,0.33720388531832074,0.22872796884588498,B,grading/data_processed/potato/B/Potato_Sweet_1_r2_193__100.jpg
5469.5,293.52185904979706,1.3066666666666666,0.7977679631553033,0.9664281296934358,15.895677027509825,12.80826448223236,111.483922829582,42.3515039217355,71.92979635584138,41.441228092883,8595.197210884353,394.39587628865974,0.3827316968518463,0.22579872964140502,B,grading/data_processed/potato/B/Potato_Sweet_1_r_145__100.jpg
4759.5,274.3502858877182,1.5714285714285714,0.7946215904842799,0.9807335668658562,15.120746207462075,15.291696238773248,116.48482984829849,42.781902485520526,62.81180811808118,36.581986640793644,11199.492914902248,420.06171039844514,0.3226009793636238,0.20363650222920768,B,grading/data_processed/potato/B/Potato_Sweet_1_r2_192__100.jpg
3741.5,255.72286880016327,0.53,0.7189794505818453,0.9730819245773732,14.011157239231967,10.14084160503503,122.63284898806435,49.95265916945947,50.189673066943435,31.046520616558812,17711.502514204345,414.4492307692308,0.3665250668544888,0.2456951104074041,B,grading/data_processed/potato/B/Potato_Sweet_1_197__100.jpg
3977.0,257.07820868492126,1.639344262295082,0.756196956000025,0.9717776420281001,14.149571603427173,9.1829975899438,121.54443084455325,47.777552653185914,52.76034271725826,30.912457334983788,16182.046559392636,309.90213611525087,0.4341924201271896,0.31637972806303516,B,grading/data_processed/potato/B/Potato_Sweet_1_r2_34__100.jpg
4062.5,262.4924212694168,1.5625,0.7409172399405655,0.9632483698873741,15.411214953271028,15.85659702132275,118.83057752216631,47.63845390556239,53.980349868200335,31.98998760766493,14837.281367089847,358.2799873737374,0.4516492355344194,0.3340299978365407,B,grading/data_processed/potato/B/Potato_Sweet_1_r2_35__100.jpg
4279.5,272.69343197345734,1.6666666666666667,0.7231918766417124,0.9544998327199732,15.951796271032288,15.172449518019997,114.2905866302865,42.566056602532136,56.59618008185539,33.21749135104153,12633.942368638891,347.2038720538722,0.4095203437252717,0.2554384987630914,B,grading/data_processed/potato/B/Potato_Sweet_1_r_133__100.jpg
4209.5,268.6934323310852,1.6779661016949152,0.7327001419154041,0.961731779757825,17.424410540915396,21.007400135099306,115.77623670827555,42.06426131267794,55.655108645399906,32.66240910565315,13359.352533456578,313.66966447595985,0.4071484859626036,0.2470428751690139,B,grading/data_processed/potato/B/Potato_Sweet_1_r_132__100.jpg
6025.5,302.977704167366,1.2375,0.8248626024887367,0.9788806758183738,17.14654752233956,17.221856280155684,102.26612510154347,37.93345339683505,79.37822908204711,45.87833924425608,5645.1934871282265,595.6595663265307,0.3360635881891769,0.2071919003594307,B,grading/data_processed/potato/B/Potato_Sweet_1_r_81__100.jpg
6060.5,300.1492760181427,1.2375,0.8453639414773481,0.9830494728304947,16.437065761835516,13.673682058952473,102.31152043948941,37.62627017870118,79.90887057682986,46.19206638340966,5746.82952020202,606.2057397959184,0.3309162049236304,0.20362610593134622,B,grading/data_processed/potato/B/Potato_Sweet_1_r_80__100.jpg
3724.5,252.89444255828857,0.51,0.7318115697255559,0.9793584012621614,14.655370177267988,12.308516674878073,121.4051094890511,49.90453467146336,49.9859228362878,31.053307960760456,16664.570220838137,457.41339999999997,0.3457323941883735,0.2232321213445771,B,grading/data_processed/potato/B/Potato_Sweet_1_3__100.jpg
3958.0,266.7939373254776,1.8518518518518519,0.6987691791432623,0.9568475764535235,14.898159509202454,9.655167867584915,113.96932515337423,43.24372124542421,52.708711656441714,31.7368831539567,15339.951049074072,389.1838757949869,0.35969011302780224,0.23270865860139858,B,grading/data_processed/potato/B/Potato_Sweet_1_r_13__100.jpg
4140.5,263.7228693962097,0.55,0.7481127703594016,0.9729761485136882,15.819121447028424,9.756860021566109,117.32652102419544,43.837620097557746,55.30772844726333,33.86241447191162,14231.025371867769,411.1242592592593,0.34818672155228325,0.2072605300043113,B,grading/data_processed/potato/B/Potato_Sweet_1_52__100.jpg
4156.0,265.6223646402359,0.56,0.7402120073763198,0.971254966113578,15.680477528089888,10.198232430955278,117.37312734082397,44.07240816832361,55.583333333333336,34.263151652665435,16094.84294563138,510.0030909090909,0.3634117914050378,0.21258950472838764,B,grading/data_processed/potato/B/Potato_Sweet_1_53__100.jpg
4011.0,268.79393696784973,1.8181818181818181,0.6976274958765176,0.9596841727479364,15.088883506902398,10.403419661448268,112.27633809639138,43.34013809867482,53.39355776217002,32.09272813257924,15452.863883471075,414.92929292929296,0.3583654015159708,0.23615870186200494,B,grading/data_processed/potato/B/Potato_Sweet_1_r_12__100.jpg
3967.0,259.6223647594452,0.56,0.7395846039246671,0.9677970236643084,13.97843137254902,13.119156981008706,128.44656862745097,47.88541867373637,53.04240196078431,32.01250393137147,15492.649914508931,509.6323636363636,0.36035299629144824,0.24666368846389117,B,grading/data_processed/potato/B/Potato_Sweet_1_178__100.jpg
4306.0,263.27921974658966,1.694915254237288,0.7806398639520492,0.9753114382785957,14.660407239819005,14.835350280114843,120.14276018099548,44.85309585486839,57.00203619909502,33.63313176638446,13353.451126113185,333.8070535867146,0.3508138989464313,0.2377283972256758,B,grading/data_processed/potato/B/Potato_Sweet_1_r2_199__100.jpg
4218.5,264.20815074443817,0.59,0.759408571558838,0.9750375592280134,15.58698661744347,5.246984895630556,117.65366866635902,43.734292207317026,56.29118597138902,34.09327349325605,16877.170827348466,475.7981034482759,0.3770827044231769,0.2438048392532064,B,grading/data_processed/potato/B/Potato_Sweet_1_66__100.jpg
3977.5,263.8650051355362,1.8181818181818181,0.7178876136163949,0.9663508260447036,15.8475073313783,12.837609365326212,114.37658846529814,43.40520585935291,53.25097751710655,33.304591394278575,13615.17853523967,459.77906336088154,0.37207583646111214,0.24334067951556732,B,grading/data_processed/potato/B/Potato_Sweet_1_r_26__100.jpg
5852.0,296.5340510606766,1.1136363636363635,0.8363056678471528,0.9764725513098615,16.688253012048193,15.606235535106341,106.53246318607765,43.589319012247195,76.90612449799197,43.65756507096568,5830.341704953665,429.0515463917525,0.4136906197001998,0.29237446303445963,B,grading/data_processed/potato/B/Potato_Sweet_1_r2_49__100.jpg
5645.5,294.2914116382599,1.1395348837209303,0.8191380489772171,0.9765611485902093,15.840873634945398,7.728872442443492,107.75801698734617,44.29905969090162,74.24250303345467,42.243944299717135,6653.821881090987,397.30112682809875,0.41908517041449017,0.30131798575498125,B,grading/data_processed/potato/B/Potato_Sweet_1_r2_48__100.jpg
3840.5,265.5218583345413,1.8518518518518519,0.6845372338343563,0.9464021685559388,15.612136536030341,17.804678552790698,113.09734513274336,41.36325932244642,51.57016434892541,32.40262385542777,17326.203294615912,481.30845491956586,0.38122181351664697,0.25417158809928214,B,grading/data_processed/potato/B/Potato_Sweet_1_r_107__100.jpg
5094.5,283.3208477497101,1.3888888888888888,0.7975434733466247,0.977831094049904,15.864046021093001,10.239477761028166,108.39367209971236,39.6257874121202,67.2928092042186,39.44905784648216,10682.188055555556,466.4990179573512,0.37259831056077386,0.26304693228574066,B,grading/data_processed/potato/B/Potato_Sweet_1_r2_92__100.jpg
3939.5,264.35028624534607,1.8181818181818181,0.7084209545782697,0.9545674824327599,15.915124599062423,18.92230144425405,112.5746360720454,42.24393892228111,52.62817665926474,32.3773651346629,17375.458418380167,409.66721763085405,0.38301492636567375,0.25193590130778615,B,grading/data_processed/potato/B/Potato_Sweet_1_r_106__100.jpg
5022.5,278.83556842803955,1.408450704225352,0.8117708755910966,0.9791402670825616,16.886619992220925,16.41961726375482,109.54375729288215,40.39540482483729,66.18961493582263,38.75324135560089,11311.120123209681,454.77507469056764,0.37390086153920676,0.26249459727417057,B,grading/data_processed/potato/B/Potato_Sweet_1_r2_93__100.jpg
4017.5,267.7228696346283,0.57,0.7043601976006614,0.9594029850746268,15.458413926499032,8.156900212829044,116.87983558994198,44.89131318625153,53.72872340425532,33.21037227740105,15808.531909233609,562.3582142857143,0.3721372617281244,0.24834252853587493,B,grading/data_processed/potato/B/Potato_Sweet_1_130__100.jpg
4003.0,266.3086562156677,0.57,0.7092917162366124,0.9545725527602241,16.14292647415676,15.564464784091369,117.28925018199466,44.45733407674294,53.4717301625819,32.439640089025986,16514.98804198215,410.22607142857146,0.3705744091767905,0.25365164727094786,B,grading/data_processed/potato/B/Potato_Sweet_1_131__100.jpg
4389.0,274.4507910013199,1.7241379310344827,0.7322282346923039,0.9627111208598377,15.254380128631626,10.509880089990366,108.89066311820802,43.03944328896892,58.44111776447106,35.35526885594783,13543.066135552916,512.9907697666318,0.32478854368132454,0.20955010042409442,B,grading/data_processed/potato/B/Potato_Sweet_1_r_195__100.jpg
5007.5,281.52185821533203,1.3943661971830985,0.7939745487051552,0.9774546164356822,14.734892787524366,4.417038033400442,114.35477582846003,41.11126515221385,66.04541910331385,38.054747720154836,10002.774918760744,343.14745616556485,0.38132271799814105,0.2573418025566686,B,grading/data_processed/potato/B/Potato_Sweet_1_r2_142__100.jpg
4417.5,273.03657746315,1.694915254237288,0.7446372529151991,0.9662073490813649,16.403350231430462,17.251206185378607,108.90897068547498,42.73353012127847,58.6967158915583,34.924291305964815,14063.588181873025,428.3932545796953,0.3365101200860492,0.21744183419369117,B,grading/data_processed/potato/B/Potato_Sweet_1_r_194__100.jpg
4983.5,279.52185928821564,1.380281690140845,0.8015170658367677,0.9764867247967082,14.988834476003918,8.05113875016231,113.33202742409402,41.7854794228883,65.74632713026445,37.96495753601978,9737.678949482217,339.72353709888205,0.38750458910470936,0.2534907707606049,B,grading/data_processed/potato/B/Potato_Sweet_1_r2_143__100.jpg
4210.5,266.2081505060196,0.57,0.7466220974459656,0.9711682620228347,16.432632308758954,13.453822557865758,116.16061936676681,42.82507880340867,56.30413681534551,34.43511516530935,15520.639382702368,454.9323214285714,0.366288220645752,0.2185705532195357,B,grading/data_processed/potato/B/Potato_Sweet_1_58__100.jpg
4220.5,264.55129635334015,0.57,0.757798917614861,0.9736993886261391,15.725847359926217,9.725456951458685,114.87295365459995,43.700315171706116,56.4987318422873,34.81804292630031,14191.547940166205,504.3460714285714,0.3656882597994936,0.2194421992838447,B,grading/data_processed/potato/B/Potato_Sweet_1_59__100.jpg
3901.5,262.20815122127533,1.8518518518518519,0.7130978030708836,0.959070796460177,15.907121513944222,13.5448785208505,114.04905378486056,42.754165404826196,52.21688247011952,32.6648062229032,15289.375846913581,378.5881032547699,0.373422523459329,0.24370624744407632,B,grading/data_processed/potato/B/Potato_Sweet_1_r_18__100.jpg
4095.0,266.7939374446869,0.6,0.7229559843442483,0.9580067844192304,15.076210826210826,13.637420380886292,122.06576448243115,45.339436238793766,54.978157644824314,34.05737153906457,16694.342359972223,625.2803389830509,0.3781157651280662,0.27524625311957124,B,grading/data_processed/potato/B/Potato_Sweet_1_146__100.jpg
3701.5,256.066015124321,0.51,0.7093878267036138,0.9697406340057637,14.255307994757535,6.624972217614834,118.20969855832242,48.44491336258704,49.8961992136304,32.020410000332674,17449.644761091884,512.4144,0.3671059251248688,0.22570356665325433,B,grading/data_processed/potato/B/Potato_Sweet_1_8__100.jpg
4246.0,271.62236428260803,1.7543859649122806,0.7232006430036194,0.9592228623065627,15.445131729667812,11.159944214894386,109.90584192439863,42.749410480802105,56.616494845360826,34.48143087226976,13177.02650277008,499.24419634945957,0.34022735825880007,0.22046136863411453,B,grading/data_processed/potato/B/Potato_Sweet_1_r_4__100.jpg
4182.0,269.62236428260803,1.7857142857142858,0.7229063959564233,0.9639276247550997,15.936046511627907,15.334498367533346,111.09558139534883,43.379776973186296,55.79860465116279,34.08577958835656,15395.907463137752,521.5072150072151,0.34300732127870126,0.21867349635356356,B,grading/data_processed/potato/B/Potato_Sweet_1_r_5__100.jpg
4480.5,269.17871248722076,1.5625,0.7770606600416066,0.9760374686853284,15.134682332463012,7.775931260656424,112.57114882506528,41.350519675626195,59.33986074847694,35.14536868886874,12284.713554077149,342.3106060606061,0.3918493176534517,0.2694691344904672,B,grading/data_processed/potato/B/Potato_Sweet_1_r2_135__100.jpg
4437.0,270.5929274559021,1.5625,0.7614938678617144,0.9750576859685749,16.104546452888204,12.817325023303558,113.02481880079068,42.202039321348394,58.70327256753789,34.31836361974738,13931.492217749023,327.0820707070707,0.40338900932367106,0.2759237440223377,B,grading/data_processed/potato/B/Potato_Sweet_1_r2_134__100.jpg
4672.0,280.5929261445999,1.5,0.7456916189050827,0.9575732732117237,16.00646776549134,15.115017682590317,111.89630711454204,41.155512738872396,61.82620488211976,36.13972533473883,12219.304979678709,369.52829313543606,0.4196564803738191,0.2547040147437546,B,grading/data_processed/potato/B/Potato_Sweet_1_r_139__100.jpg
3728.0,256.3086562156677,0.51,0.7131144230180769,0.9707069392006249,14.621713095548035,10.329451365441386,116.84691486592034,46.53623802034775,50.167925019526166,31.581538378507343,19451.43423852365,462.8872,0.36312468692652294,0.22191917447575368,B,grading/data_processed/potato/B/Potato_Sweet_1_11__100.jpg
3708.5,256.0660150051117,0.51,0.710729368574851,0.9663843648208469,14.315018315018316,7.783617319325997,118.9981684981685,47.3726196600269,49.93485086342229,31.519535269025717,17516.494348327567,429.37180000000006,0.3625708053498706,0.22270927237095456,B,grading/data_processed/potato/B/Potato_Sweet_1_10__100.jpg
4201.0,262.45079159736633,0.59,0.7664198980789306,0.9772040009304489,15.712630359212051,11.28301938548227,116.66373117033604,44.04395538033963,56.1513325608343,34.11415700200974,14180.083767767883,439.1560344827586,0.35757782648348924,0.2462863293095178,B,grading/data_processed/potato/B/Potato_Sweet_1_82__100.jpg
5525.0,286.5929266214371,1.337837837837838,0.8453006668197882,0.9817858729453576,15.392104797309258,13.62354864528903,111.08107629668967,40.28923765409467,72.71658700654983,41.71419683635063,6868.814013794154,414.61624379481526,0.33761627961464064,0.2171874862367321,B,grading/data_processed/potato/B/Potato_Sweet_1_r2_184__100.jpg
5332.5,281.1787129640579,1.3943661971830985,0.8475705355240951,0.9840376453220151,15.228456178951228,14.276483978662341,111.52915291529153,40.688092573629525,70.22038870553722,40.42010570871222,7536.016486704746,403.4781546421386,0.3295773264145943,0.21056455693181736,B,grading/data_processed/potato/B/Potato_Sweet_1_r2_185__100.jpg
4065.0,258.93607199192047,1.694915254237288,0.7618777715569731,0.976928622927181,16.242816091954023,15.508184284728102,112.71647509578544,43.584672037508604,54.008141762452105,32.33413956209881,18335.58930295892,370.5636021229242,0.39899838991294717,0.28027173338663297,B,grading/data_processed/potato/B/Potato_Sweet_1_r2_116__100.jpg
6315.0,307.5634888410568,0.88,0.8389066973530996,0.9765715611227094,16.880254381883045,14.222126897837356,103.17372421281216,42.493458704958755,83.23406235458353,47.60253364948784,4353.758812487086,506.5081609195403,0.38028600588411404,0.25026929610071846,B,grading/data_processed/potato/B/Potato_Sweet_1_r2_55__100.jpg
3832.0,268.79393684864044,0.55,0.6664942823659995,0.9349762108088325,15.022278481012659,8.652124045847103,113.8853164556962,42.66767385256033,51.62,32.74051653204042,16367.564830776859,493.8968518518518,0.4039293489645084,0.2583653571018045,B,grading/data_processed/potato/B/Potato_Sweet_1_32__100.jpg
3846.5,266.5512971878052,0.55,0.6803211929123902,0.9382851567264301,15.558526740665993,12.696382898184709,115.5047931382442,42.31717043297795,51.914228052472254,33.339297960226844,16171.6830406281,569.6024074074074,0.4072037403709143,0.254917480394538,B,grading/data_processed/potato/B/Potato_Sweet_1_33__100.jpg
3984.0,265.96550989151,0.56,0.7077478371463395,0.9581529581529582,14.92587173860034,7.216772185844471,117.59985369422093,44.7429253994659,53.43282126310656,33.304103530016526,16630.327140816327,443.3536363636364,0.38640738938894287,0.24171193838332602,B,grading/data_processed/potato/B/Potato_Sweet_1_44__100.jpg
4158.5,260.3502860069275,1.6666666666666667,0.7709575247635513,0.9770911654135338,15.334894613583138,5.270551404581086,114.32412177985948,43.32231311834911,55.176112412177986,32.91101323844047,16038.248439972222,382.0799663299664,0.3994456216955863,0.2759492156084872,B,grading/data_processed/potato/B/Potato_Sweet_1_r2_128__100.jpg
4727.0,282.59292685985565,1.5625,0.7438286316357078,0.952640064490125,16.18787378840998,17.862919785820022,105.02680965147454,38.484945793672004,62.505052588162506,36.74355884454455,11596.185131933593,458.68308080808083,0.36147528582033217,0.22983193313412922,B,grading/data_processed/potato/B/Potato_Sweet_1_r_96__100.jpg
4617.5,279.52185904979706,1.6129032258064515,0.7426517623788161,0.9565983012222913,16.645283815150876,20.72481054493628,105.19518885840894,40.011779364722,61.096011816838995,35.91737873941123,12368.725902991675,414.12886933854674,0.3485758543523686,0.22241008552730837,B,grading/data_processed/potato/B/Potato_Sweet_1_r_97__100.jpg
3846.5,260.208150267601,1.8518518518518519,0.7138941281891612,0.9562461155997514,16.450757575757574,17.216552976591373,117.60530303030303,41.93264828364516,51.28080808080808,31.41183646420686,17215.290869135802,376.79685746352413,0.4110936292217731,0.25387330531764535,B,grading/data_processed/potato/B/Potato_Sweet_1_r_124__100.jpg
4087.5,260.55129635334015,0.56,0.7566258121319006,0.9764691829909221,15.589957163255592,11.739948521523724,115.85530699666825,45.32230556667007,54.62970014278915,33.326003605041585,13012.177280325257,533.6620000000001,0.34693729427245235,0.22454593301384432,B,grading/data_processed/potato/B/Potato_Sweet_1_113__100.jpg
3927.0,261.9655101299286,0.57,0.7190888120994973,0.9642725598526704,14.41316180108857,14.135153974410825,128.30479960415636,48.79811911554743,52.73132112815438,32.68757469622539,15289.71570116959,590.56,0.37810751314660657,0.26628886130114654,B,grading/data_processed/potato/B/Potato_Sweet_1_180__100.jpg
4185.0,263.2792193889618,1.7241379310344827,0.7587036320285154,0.9713357316931647,13.604093975343103,13.521429993653802,120.20981623633404,45.75100431011077,55.88043731100256,33.929906487688484,16992.028413525564,460.9991292232672,0.35442668160992485,0.2461426918083118,B,grading/data_processed/potato/B/Potato_Sweet_1_r2_7__100.jpg
6141.0,305.0782072544098,1.1264367816091954,0.8291375617565342,0.9723695669384846,15.747808066315958,10.709897393426854,107.19320899091343,38.392167502480234,80.76438705563527,46.211733065602964,4957.021271138788,447.8197653750445,0.3948475640597887,0.2507309627731293,B,grading/data_processed/potato/B/Potato_Sweet_1_r2_161__100.jpg
3851.0,258.4507907629013,1.7543859649122806,0.7244820872915183,0.966252665913938,13.892253343426697,14.536223360907625,127.20186727226849,47.71909907361208,51.374968458238705,31.109449193730082,17259.87953831948,379.5240120503279,0.40761903952872375,0.2913285488012331,B,grading/data_processed/potato/B/Potato_Sweet_1_r2_23__100.jpg
6014.0,302.7350620031357,1.1395348837209303,0.8246085666947665,0.9710963991603423,15.9306640625,11.555406487453006,108.23063151041667,38.9629276657116,79.05712890625,44.91425378784914,4723.955933157471,377.01090865499873,0.4100611302342836,0.2583236449188228,B,grading/data_processed/potato/B/Potato_Sweet_1_r2_160__100.jpg
5152.0,285.76449978351593,1.4558823529411764,0.7928100861814021,0.9700621351911128,16.252653525398028,12.633503995685036,103.28828658074299,40.06755221789361,67.92304776345716,39.52822802411334,10591.425132277656,490.51635654261713,0.3273619730284008,0.20249017014374018,B,grading/data_processed/potato/B/Potato_Sweet_1_r_182__100.jpg
3818.5,254.20815110206604,1.8,0.7425466020332835,0.9685478757133799,12.821074064647494,9.43500917237665,127.64469330618478,47.11666526344292,51.00814456604734,30.839330839714357,16435.530009638074,380.3682745825603,0.37964817334506956,0.2664534334539405,B,grading/data_processed/potato/B/Potato_Sweet_1_r2_17__100.jpg
5369.5,287.6639940738678,1.2564102564102564,0.815403738860914,0.9730880753896339,14.954669579464774,4.912556179327941,111.28818496267978,40.679059398079545,70.74658656471874,40.41590453335941,7530.417713170685,323.3990219402591,0.4249915072044263,0.2679140224010696,B,grading/data_processed/potato/B/Potato_Sweet_1_r2_154__100.jpg
5041.5,282.3502860069275,1.5151515151515151,0.7946816257140321,0.9708261120739456,16.393687064291246,13.999478759511485,104.00367931835787,40.59617428758475,66.56719597211465,38.68617324808038,10567.743654729109,444.35720844811755,0.32771095830647723,0.20330180686701463,B,grading/data_processed/potato/B/Potato_Sweet_1_r_183__100.jpg
3827.5,256.20815098285675,1.8,0.7327219113998309,0.9662963898005554,13.971058644325971,14.24087117958922,128.37852246763137,45.75846003625731,50.92942371160193,29.726989880239927,19210.251566166713,323.7024118738404,0.3814126664471054,0.263683329171753,B,grading/data_processed/potato/B/Potato_Sweet_1_r2_16__100.jpg
3755.5,260.6934322118759,1.8867924528301887,0.6944123731239936,0.9562062380649268,16.118407445708378,18.62338163946629,118.0635987590486,43.45305670725653,50.11013443640124,30.60985219464484,16377.971403203988,362.72060224890413,0.39647010348179595,0.2559463115915617,B,grading/data_processed/potato/B/Potato_Sweet_1_r_110__100.jpg
3755.5,260.6934312582016,1.8867924528301887,0.6944123782046223,0.9545050196975473,15.411065149948294,17.153350606360107,114.2101861427094,42.560274548755444,50.12461220268873,30.944799975636187,15804.10150857957,364.30760434534005,0.39388556678268577,0.25745440109073575,B,grading/data_processed/potato/B/Potato_Sweet_1_r_111__100.jpg
3871.5,266.2081505060196,0.55,0.6865093101204265,0.9500613496932515,15.364343029087262,13.12888056573797,117.48269809428285,43.17532022314637,52.60531594784353,34.58772359807112,15714.223725322312,563.4107407407408,0.39364363957523485,0.2502656339115436,B,grading/data_processed/potato/B/Potato_Sweet_1_38__100.jpg
3907.0,266.79393684864044,0.56,0.6897653341767647,0.9481858997694455,14.621520874751491,8.301574982491095,115.33474155069582,43.997854025279835,52.6677435387674,33.78157080600467,17739.64962742347,543.1256363636363,0.39929591521034197,0.255822769229399,B,grading/data_processed/potato/B/Potato_Sweet_1_39__100.jpg
4007.5,265.37972366809845,0.56,0.7150689493894175,0.9698693126815101,15.686954413191076,10.366967730216842,117.36614936954413,44.0863910131407,53.58414161008729,32.83744389189524,16140.993509693875,498.41272727272724,0.3578687295601421,0.23650618079390442,B,grading/data_processed/potato/B/Potato_Sweet_1_126__100.jpg
4078.5,267.03657734394073,1.7543859649122806,0.7187350508386572,0.9606642327169944,16.69606674612634,18.0929890813488,113.05935637663886,41.828101087509985,54.2295589988081,32.70933840291864,12329.620570606341,325.408293460925,0.37608621629255773,0.2515698339201727,B,grading/data_processed/potato/B/Potato_Sweet_1_r_30__100.jpg
4183.0,263.2792183160782,0.6,0.7583410558282171,0.9696337505795086,15.915522457528509,9.705439871672453,116.01629043518734,42.57970898597807,55.81521992087503,34.06557518605962,17007.272553083334,485.83067796610175,0.3824581590159514,0.2604312987366873,B,grading/data_processed/potato/B/Potato_Sweet_1_71__100.jpg
4185.0,262.4507920742035,0.59,0.7635008954547172,0.9698725376593279,16.146545708304256,12.078306150334816,115.3503140265178,41.28436503949886,55.9155617585485,33.888334990242186,16691.147505745474,475.0925862068966,0.3761225572116288,0.25064129994201484,B,grading/data_processed/potato/B/Potato_Sweet_1_70__100.jpg
4093.0,264.10764598846436,1.7543859649122806,0.7373771237390616,0.9606853655674217,16.13406227715712,16.697367729902894,113.1207511290706,41.642143778175154,54.60042785833135,33.62828772061064,16399.037996275776,412.8272195640616,0.36940305106687166,0.25015166102558206,B,grading/data_processed/potato/B/Potato_Sweet_1_r_31__100.jpg
3841.5,256.3502848148346,1.7241379310344827,0.7345867540601273,0.9695860676426048,14.189572260187294,11.785016487515634,124.98835737787901,47.48213497833271,51.429005315110096,31.727427763461606,17676.275995214033,463.82270985719265,0.4198988212737584,0.3045651137360501,B,grading/data_processed/potato/B/Potato_Sweet_1_r2_29__100.jpg
4011.5,262.8944419622421,0.55,0.7293800017816587,0.975085075352455,15.720930232558139,11.99087701933465,116.51308139534883,45.342044414293746,53.67005813953488,32.9468116523987,12428.720941322315,489.0246296296296,0.3433245337603365,0.2244450556158407,B,grading/data_processed/potato/B/Potato_Sweet_1_119__100.jpg
4045.5,262.06601560115814,0.55,0.7402197320079712,0.9752892960462873,15.653051417587697,11.712528626446261,116.19942335415665,44.85071205236377,54.02763094666026,32.63843036328251,13491.657241785122,451.7514814814814,0.3382673695423993,0.2183481366514253,B,grading/data_processed/potato/B/Potato_Sweet_1_118__100.jpg
5222.5,286.3502870798111,1.380281690140845,0.8003741746274081,0.9655204289147716,16.658687114269682,19.205142499009067,109.42865158032542,39.120558414037504,68.86777632317187,40.25970841346733,9334.776960039711,383.72629591984906,0.364552834347154,0.21977449757454318,B,grading/data_processed/potato/B/Potato_Sweet_1_r_47__100.jpg
4079.0,258.9360725879669,1.694915254237288,0.7645017013219263,0.9780601846301402,15.583054892601432,7.890821181942248,113.58902147971361,42.88724823133724,54.11909307875895,32.0487828212411,13957.208242344153,313.75363807567203,0.3999037237279844,0.27788909054867744,B,grading/data_processed/potato/B/Potato_Sweet_1_r2_122__100.jpg
4092.0,258.93607246875763,1.694915254237288,0.7669382114954109,0.9771940298507462,15.298120390197479,8.313845237845694,113.18558172733762,43.35366910483979,54.29621698786581,32.410253140767125,14650.903220338983,353.45437425098436,0.3986112421379471,0.2770297400538701,B,grading/data_processed/potato/B/Potato_Sweet_1_r2_123__100.jpg
4080.5,257.52185928821564,1.7241379310344827,0.7732057013237993,0.9813612313612313,15.502982581722739,10.907188691125473,112.71725125268432,43.18721747758321,54.02433786685755,32.265679777661234,18643.51883207491,376.05886450714036,0.37981435370356686,0.2649563120979328,B,grading/data_processed/potato/B/Potato_Sweet_1_r2_111__100.jpg
4116.0,259.7644987106323,1.6666666666666667,0.7665237862934562,0.9760493241640977,15.452330257866098,10.625316979053437,112.30636385143127,43.60222010420682,54.696948190205816,32.78825973564304,20130.868255305555,419.61784511784515,0.4008972949080195,0.28216733738169086,B,grading/data_processed/potato/B/Potato_Sweet_1_r2_110__100.jpg
5599.0,286.5929265022278,1.337837837837838,0.8566223416219502,0.984699261343651,14.908264896033549,9.605596749641764,109.88974314170889,40.909380273477744,73.630089114101,42.233584702903705,6403.010581816274,399.63623827909544,0.3297507582776181,0.20576809295666704,B,grading/data_processed/potato/B/Potato_Sweet_1_r2_183__100.jpg
5679.0,288.59292685985565,1.32,0.8568609819341153,0.9826959681605815,16.182288077188147,15.859300923363767,109.2406960716747,38.98305121207882,74.6421433494142,42.69989220804947,6458.30803380154,375.5374149659865,0.33534960844018447,0.20497367402513325,B,grading/data_processed/potato/B/Potato_Sweet_1_r2_182__100.jpg
5725.5,295.3208485841751,1.1951219512195121,0.8249641340839254,0.9735589185512667,16.381066302118935,14.022612719786242,109.15037593984962,39.17692938230177,75.28947368421052,42.88082491649732,5559.430019662018,368.2104601458386,0.4020557303318564,0.25858740204097497,B,grading/data_processed/potato/B/Potato_Sweet_1_r2_158__100.jpg
5956.5,300.4924213886261,1.1529411764705881,0.8289607417695269,0.9729663508657301,16.075747617482747,13.18116193519886,107.81482090042721,38.66702378962063,78.33535984226093,44.618333492280094,5221.513174354976,386.295815645846,0.40813827090376675,0.2563988925922633,B,grading/data_processed/potato/B/Potato_Sweet_1_r2_159__100.jpg
5313.0,284.2497795820236,1.3513513513513513,0.8263221734867058,0.9792645839093171,16.57184912603496,15.034597897224769,106.27230910763569,38.39104700166721,69.94719411223551,40.64769959059678,9495.267031245434,450.2230412230412,0.3733594714547263,0.2527026772651456,B,grading/data_processed/potato/B/Potato_Sweet_1_r2_89__100.jpg
3829.0,267.6223633289337,0.55,0.6718161306147334,0.9345862826458384,15.967815509376583,12.900069273867308,117.1497719209326,42.461551985990425,51.77825646224024,33.392826098907506,17911.515593355372,525.8416666666666,0.4085687105415091,0.2580196555713919,B,grading/data_processed/potato/B/Potato_Sweet_1_34__100.jpg
5094.0,284.9360729455948,1.5151515151515151,0.7884495973627368,0.967062173706692,16.70122652357225,19.319553662741075,106.21579149099271,38.82174923469398,67.4248754311997,39.439890879137316,9136.474888682278,467.19069482705845,0.3305820729072216,0.19649720992081562,B,grading/data_processed/potato/B/Potato_Sweet_1_r_91__100.jpg
5145.0,285.7645002603531,1.492537313432836,0.7917328959220786,0.9659250915235145,16.108559498956158,15.654081766342953,105.59423040425128,38.47928326979803,68.04934522679825,39.696732238747565,10132.466114145689,502.9924619327604,0.32312272720492174,0.1995397733864543,B,grading/data_processed/potato/B/Potato_Sweet_1_r_90__100.jpg
3958.0,263.96551036834717,0.56,0.7138242245863224,0.9598641930398933,15.129111438389788,10.451750978815557,118.20913107511046,43.18438911244697,53.137702503681886,33.25334443740672,17887.451867825257,447.11781818181817,0.38904075640420394,0.2455034631389609,B,grading/data_processed/potato/B/Potato_Sweet_1_43__100.jpg
3809.5,259.37972366809845,0.55,0.7115506102481017,0.9695851361669636,14.958705072648483,16.836828512122338,126.94825388733112,47.52948424324697,51.18965077746623,31.858080095195863,17946.15655352066,521.4900000000001,0.37482883518887355,0.2615307896012726,B,grading/data_processed/potato/B/Potato_Sweet_1_186__100.jpg
4471.0,267.2792181968689,1.639344262295082,0.78647360052213,0.9728024369016536,14.30913451057336,14.092144730807258,117.16459559625027,44.66338682888936,59.36232831916285,35.334293201790494,14014.031245471644,460.80907435005804,0.34471581566858717,0.23505560399608555,B,grading/data_processed/potato/B/Potato_Sweet_1_r2_1__100.jpg
3805.5,259.37972354888916,0.55,0.7108034780911227,0.9657403882755995,13.839499872416432,10.807745389446518,125.80352130645574,49.66930886138368,51.18397550395509,32.21259104143698,17697.160716,554.1707407407407,0.3718064264933229,0.2619047892950657,B,grading/data_processed/potato/B/Potato_Sweet_1_187__100.jpg
3837.5,259.86500465869904,1.7543859649122806,0.7141059575029396,0.9641959798994975,13.304050632911393,11.153018949757051,128.91468354430378,48.49907802426402,51.33113924050633,31.302868675406266,16340.720303939672,384.6454013822434,0.41302196539864294,0.29362463341043793,B,grading/data_processed/potato/B/Potato_Sweet_1_r2_24__100.jpg
3847.5,255.52185809612274,1.7543859649122806,0.7405124741465654,0.9690215338118625,13.956027293404095,13.337328963627177,127.96689411170078,46.69746987773227,51.39070002527167,31.278130539212814,16377.58985213912,419.59861775651245,0.414510226578206,0.2918645761577693,B,grading/data_processed/potato/B/Potato_Sweet_1_r2_25__100.jpg
3778.0,263.2792183160782,1.8518518518518519,0.6849181230980168,0.9463927855711423,16.1205035971223,18.263631830484954,119.84994861253854,42.34236338948777,50.573484069886945,31.039716889042417,16701.617832098767,340.66909839132063,0.4116358040112674,0.2665418969098679,B,grading/data_processed/potato/B/Potato_Sweet_1_r_123__100.jpg
4064.0,259.96550965309143,0.56,0.7556698550570489,0.9796311919971074,15.491383437051221,10.647268878115444,115.5019147917664,44.51203570189633,54.35806606031594,33.25245533527201,13487.326875,537.449090909091,0.34483855383364703,0.22778930383613002,B,grading/data_processed/potato/B/Potato_Sweet_1_115__100.jpg
3686.5,258.2081506252289,1.9230769230769231,0.6948390342555613,0.9514776100141954,14.577520400105291,9.07311299246803,118.00236904448539,41.533455147231976,49.035009212950776,29.668832589285095,17721.06528014053,311.35528360528366,0.41137194169055735,0.25820231670307936,B,grading/data_processed/potato/B/Potato_Sweet_1_r_117__100.jpg
3677.0,257.62236416339874,1.8867924528301887,0.696203770728824,0.9508663046289113,15.465558194774347,14.579101911572286,117.81842174716284,42.38495388957231,49.00158353127474,29.850493967480972,18441.529948166604,322.8715456451306,0.41827971885636894,0.2709790344377899,B,grading/data_processed/potato/B/Potato_Sweet_1_r_116__100.jpg
4016.5,262.8944425582886,0.55,0.7302891097773869,0.9726359123380555,14.863295427050568,6.218572315603864,116.40212920396806,45.31810212459177,53.644810065327846,32.622597522958024,15224.624941322316,468.67111111111126,0.33595260890404677,0.22035566399730397,B,grading/data_processed/potato/B/Potato_Sweet_1_121__100.jpg
4865.0,283.42135405540466,1.5151515151515151,0.7610752017963877,0.9621279541184614,16.402847403248447,14.742408769118773,105.43874072588731,41.360490828597214,64.49167836374573,37.971352653658855,11172.899468112946,502.26828895010715,0.35450644161218486,0.2309334480548203,B,grading/data_processed/potato/B/Potato_Sweet_1_r_185__100.jpg
5282.0,287.4213533401489,1.2727272727272727,0.8034709903171492,0.9741792696421985,15.104698483166851,6.5962345991959435,111.79652238253792,41.40583586341498,69.55993340732519,39.83663012618628,8324.920832604816,347.90949256928644,0.4237045470506795,0.2711103671016168,B,grading/data_processed/potato/B/Potato_Sweet_1_r2_152__100.jpg
4961.5,286.3502861261368,1.5151515151515151,0.760374627834307,0.9643343051506317,16.04915454187967,9.711931351234076,104.9651985843492,40.7384183043925,65.50963429020841,38.20414931336798,10637.286985858584,462.35705540250996,0.3467841771412631,0.21522465390455256,B,grading/data_processed/potato/B/Potato_Sweet_1_r_184__100.jpg
5321.5,290.4924222230911,1.2564102564102564,0.792454461372723,0.9701914311759343,15.118435549026808,7.641583296385146,109.1120088138083,40.58225162569598,70.04572163055454,40.19422551610053,7587.6588743978855,335.60811525244515,0.4330252220514657,0.2754294990366849,B,grading/data_processed/potato/B/Potato_Sweet_1_r2_153__100.jpg
4001.5,259.8650052547455,1.7543859649122806,0.7446240979386762,0.9701782034185962,13.695187165775401,14.566627009607005,123.40568789499271,46.29519932488344,53.68765192027224,33.37528258723386,18236.284713173285,502.5762892078682,0.3771008918850881,0.2654874807810732,B,grading/data_processed/potato/B/Potato_Sweet_1_r2_11__100.jpg
4169.0,262.45079135894775,0.59,0.7605818997610834,0.9710026784674508,15.678729862246088,9.44905274510091,117.35699276208265,43.474240759730556,55.71375204296054,33.93014847426357,15556.19637449009,461.186551724138,0.3728789972811532,0.25285577588956404,B,grading/data_processed/potato/B/Potato_Sweet_1_76__100.jpg
4336.0,271.76449954509735,1.65,0.7377575942225943,0.9613124930717215,15.372557826184595,13.19200336353047,110.06242982259151,41.88918107094982,57.43700875814058,33.9002697814425,12515.844485568365,359.0670068027211,0.3770710351683143,0.2377746262165378,B,grading/data_processed/potato/B/Potato_Sweet_1_r_37__100.jpg
4266.5,265.8650047779083,1.6779661016949152,0.7585064221634162,0.9706518029803208,16.135098128708353,17.545585290667983,110.86216339570971,41.72706613315875,56.58489274303971,33.47113963514679,13686.453396330147,356.60083016257346,0.3707697823645101,0.2367894964790682,B,grading/data_processed/potato/B/Potato_Sweet_1_r_36__100.jpg
4184.0,262.45079231262207,0.59,0.7633184565779187,0.9712163416898792,15.149604467194044,7.078349077964409,115.65542112610517,43.623880713634314,55.99906933457422,34.637684595080344,16443.50217753519,552.9101724137932,0.37125975456668925,0.2519824194554561,B,grading/data_processed/potato/B/Potato_Sweet_1_77__100.jpg
4974.5,277.1787134408951,1.5151515151515151,0.8136535994470371,0.9781732376364173,14.194738908519827,9.592039820378739,113.94660384766392,41.490798399582644,65.56694149980369,37.9026625996829,10324.399462603305,433.36975818794,0.32943041515871263,0.21275081791533632,B,grading/data_processed/potato/B/Potato_Sweet_1_r2_189__100.jpg
5028.0,278.10764515399933,1.4776119402985075,0.8169195276227157,0.9783052826150404,14.731986793552146,10.210944111182776,114.29966983880365,41.482436105318634,66.27053796853758,38.27605704793142,9068.714791288045,407.1160523911057,0.3265890944499599,0.21033780398533033,B,grading/data_processed/potato/B/Potato_Sweet_1_r2_188__100.jpg
6151.0,299.56348848342896,0.84,0.8613463788274287,0.9845538215286115,16.458353240961937,9.848420051356731,99.7663640707119,40.76437261711859,80.99108138238573,46.51583393069611,5120.007799092971,464.99,0.3722049005224339,0.23456435871637898,B,grading/data_processed/potato/B/Potato_Sweet_1_r2_59__100.jpg
4519.5,276.00714015960693,1.5625,0.7455205521773753,0.9573183647532303,15.073523070288918,11.172854206305507,109.33053040103493,40.47545771463208,59.57352307028892,34.55027531104812,12050.234685058595,311.17155934343435,0.3944421552923769,0.262887417313109,B,grading/data_processed/potato/B/Potato_Sweet_1_r_40__100.jpg
4571.5,276.8355677127838,1.5625,0.7495917765658802,0.9566809668305953,15.66545842217484,15.64796698760851,109.08081023454157,40.967812975349126,60.3091684434968,35.00032197767503,11442.169568750001,343.2602588383838,0.3859205966483889,0.2531144975783909,B,grading/data_processed/potato/B/Potato_Sweet_1_r_41__100.jpg
4068.0,270.10764479637146,1.7241379310344827,0.7006756999993908,0.9510227936879018,15.545997610513739,15.365132955595442,115.34647550776583,43.122347158932946,54.17586618876941,32.99976670742291,18666.287571343637,413.96168582375475,0.41739750258071817,0.26626025951275134,B,grading/data_processed/potato/B/Potato_Sweet_1_r_129__100.jpg
3995.5,266.2081503868103,1.7678571428571428,0.7084974689507361,0.9555183546574196,15.758268482490273,14.023168354489142,117.54474708171206,43.07119526449101,52.974708171206224,31.448422080829083,15584.893142932104,344.9116253644314,0.3942329323500404,0.24553613686360531,B,grading/data_processed/potato/B/Potato_Sweet_1_r_128__100.jpg
4091.5,266.55129611492157,0.55,0.7236537587959964,0.9660016526974383,14.82679971489665,7.737231482118035,116.40698503207413,44.5294071419484,55.02209550962224,34.481004046938196,15974.407694016527,532.8070370370369,0.3619544454461436,0.21209412137947417,B,grading/data_processed/potato/B/Potato_Sweet_1_49__100.jpg
4097.0,258.93607211112976,1.694915254237288,0.7678753326432568,0.9752439895263033,15.779230038022813,11.076234113849395,112.69082699619771,42.10459309817009,54.351711026615966,32.405901608342475,14721.74191393278,339.904639616504,0.4003987036570042,0.27618992308478635,B,grading/data_processed/potato/B/Potato_Sweet_1_r2_124__100.jpg
4177.5,272.2081505060196,1.7543859649122806,0.7084742547076185,0.9554030874785592,15.502443565278101,11.318523110563765,110.95043053292996,42.8449381229671,55.690947172445895,33.989168481818034,15431.140754816866,476.246677299309,0.3522234882541168,0.23424188470523935,B,grading/data_processed/potato/B/Potato_Sweet_1_r_198__100.jpg
4562.5,270.83556830883026,1.5873015873015872,0.7816302232396514,0.9746848963896604,16.0239418554938,19.75950595998929,117.56028217186832,44.59142939089817,60.37751175716118,35.85614253230985,14004.367414058957,453.27016193682863,0.35239213213485326,0.24296611438190263,B,grading/data_processed/potato/B/Potato_Sweet_1_r2_194__100.jpg
4483.5,266.69343173503876,1.639344262295082,0.7921408290024619,0.9742503259452412,15.087845183735595,16.452046128644458,117.61252446183953,43.857196554570166,59.24701021961296,34.58201754470965,12716.041475167965,349.43417784401396,0.34502745910151267,0.23194089740550816,B,grading/data_processed/potato/B/Potato_Sweet_1_r2_195__100.jpg
4992.0,286.10764479637146,1.434782608695652,0.7663470960976387,0.9630558502942027,15.612859097127224,10.90972491350599,113.99472347078367,43.05256468185959,65.92378346687512,38.378391998066526,8928.321403876655,423.84871339840277,0.39796674102071006,0.23933964158303028,B,grading/data_processed/potato/B/Potato_Sweet_1_r_142__100.jpg
4012.5,264.20815086364746,0.57,0.7223247340595338,0.964891186725983,13.515261627906977,10.762938834446311,127.62693798449612,48.30203515304921,53.66036821705426,32.312645109506946,14778.259720867958,495.63625,0.36321591851907103,0.251519235885465,B,grading/data_processed/potato/B/Potato_Sweet_1_175__100.jpg
4282.0,264.10764491558075,1.639344262295082,0.7714265500864035,0.9756208703577125,15.33098271155596,10.467326652098851,111.41742493175614,42.93463466465717,56.73407643312102,33.570353567019794,15480.187817119053,402.83888060937244,0.38522361012098844,0.2664767490669802,B,grading/data_processed/potato/B/Potato_Sweet_1_r2_106__100.jpg
5091.0,281.70562303066254,1.225,0.8061612692152497,0.9711015736766809,15.710829493087557,11.364158877472361,107.3195084485407,44.28627618616558,67.0510752688172,38.11669167102047,8641.486695907955,349.859793814433,0.44693151170413087,0.3215878594233857,B,grading/data_processed/potato/B/Potato_Sweet_1_r2_45__100.jpg
4189.5,258.69343185424805,1.6779661016949152,0.7866856971520744,0.9789695057833859,15.33201581027668,9.623267275624606,114.48802604045571,42.81339077338212,55.37130899790746,32.58218382058054,15839.21353357555,345.6760636457973,0.3741228078173911,0.25138376789901834,B,grading/data_processed/potato/B/Potato_Sweet_1_r2_107__100.jpg
4334.5,272.69343173503876,1.639344262295082,0.7324863172765177,0.9580064095480163,16.006512463507747,13.360005230430962,113.87648776105996,41.736967003033385,57.38378621154278,33.967584411976375,12045.988558425155,352.1020036429872,0.4125772249764002,0.2586846647724927,B,grading/data_processed/potato/B/Potato_Sweet_1_r_134__100.jpg
3782.0,255.96550965309143,0.54,0.7253848634902825,0.9721115537848606,13.859527478171547,10.951311229728349,124.54494093477145,49.0523122415711,50.60631741140216,31.198337818509177,17932.993632064474,485.3347169811321,0.3683384795570181,0.2536850164586977,B,grading/data_processed/potato/B/Potato_Sweet_1_190__100.jpg
3967.5,258.0071396827698,1.6229508196721312,0.7489681527321598,0.9652110448850505,15.509197939661515,16.687925405022312,120.57934755948001,47.98009148155601,52.63036546480255,30.861420338850852,16516.357162848395,315.69538307126135,0.4334983269676029,0.3119285196362852,B,grading/data_processed/potato/B/Potato_Sweet_1_r2_33__100.jpg
3919.5,256.0071405172348,1.65,0.7515127883205355,0.9712551108908437,15.78103277060576,18.34055847377623,122.6169314796425,47.99309451856584,51.921052631578945,30.03344252652785,16761.945305892823,272.3071428571428,0.4276534324718336,0.308974385284901,B,grading/data_processed/potato/B/Potato_Sweet_1_r2_32__100.jpg
4166.0,263.96550965309143,0.56,0.7513369721431341,0.9731371174959121,15.606258757589911,9.770559734277597,115.62377393741242,43.103182903539526,55.70411022886502,34.17922002705878,16172.244686702807,471.0818181818182,0.35772729135580333,0.2116838434712883,B,grading/data_processed/potato/B/Potato_Sweet_1_55__100.jpg
3942.5,264.20815074443817,1.8518518518518519,0.7097234309282253,0.9602971623431982,15.664613109906357,14.362608023157158,114.85485460818137,43.360335063479354,52.54139970428783,31.82110055954284,15573.40286004801,386.5635989524877,0.3674475205624903,0.2364372747606117,B,grading/data_processed/potato/B/Potato_Sweet_1_r_15__100.jpg
4175.5,264.55129539966583,0.56,0.7497190862016029,0.972743156668608,15.517008387698043,9.452458153389973,116.51863932898415,43.6976860943825,55.99417520969245,34.67581474506375,15018.324734566326,526.0585454545454,0.35682290009017775,0.21004356100738045,B,grading/data_processed/potato/B/Potato_Sweet_1_54__100.jpg
4034.0,267.62236392498016,1.8181818181818181,0.707784345476098,0.9600190385530699,15.762225969645868,15.335156474529331,110.5434834979523,41.916701365248684,53.62828234160443,32.24225274197512,14197.523320958677,413.74710743801654,0.36230711167548424,0.23234221404251995,B,grading/data_processed/potato/B/Potato_Sweet_1_r_9__100.jpg
4047.0,267.137082695961,1.8518518518518519,0.7126474092084564,0.9650649815190175,16.214885954381753,17.176749948477326,111.83793517406963,42.85913050360682,54.175270108043215,33.39161949918201,16747.14666388889,533.200149644594,0.34289401439562994,0.216108244621878,B,grading/data_processed/potato/B/Potato_Sweet_1_r_8__100.jpg
4755.0,276.5929263830185,1.4492753623188406,0.7810489391409187,0.9724920748542796,16.147107098892082,13.705932661182258,112.1918342224046,40.979336734358355,62.73122691834222,36.277556722027825,10561.7192173703,309.58117405943494,0.40772838364028513,0.280957746825492,B,grading/data_processed/potato/B/Potato_Sweet_1_r2_138__100.jpg
4849.5,279.17871248722076,1.4285714285714286,0.7818838226862419,0.9735019572417947,15.153319919517102,6.579297605837684,112.7102615694165,41.343549555779546,64.04507042253522,37.30083234199325,10497.86165510204,355.444733044733,0.3966664456130887,0.2768024894331962,B,grading/data_processed/potato/B/Potato_Sweet_1_r2_139__100.jpg
3721.5,254.89444231987,0.51,0.7197922309284811,0.9768998556240976,14.125456442357851,8.802099613350512,119.49191444966092,48.47411435477596,50.100417318727175,31.563617600132268,16430.28348266051,448.8627999999999,0.3529247645958968,0.22285789194013295,B,grading/data_processed/potato/B/Potato_Sweet_1_5__100.jpg
3716.5,254.06601524353027,0.51,0.7235205133090831,0.9784125312623404,14.696526508226691,10.90023808627927,121.58605379994776,49.52912487974717,49.916949595194566,31.570006981509433,18638.75908496732,495.6238000000001,0.35291718739672395,0.22364172240438507,B,grading/data_processed/potato/B/Potato_Sweet_1_4__100.jpg
4199.0,261.96550989151,0.57,0.7688958307873405,0.9732298064665662,16.71256374594344,15.494339067087148,115.74292999536394,41.83817066020145,56.07464070468243,33.943092240154236,16141.627052600803,431.4094642857143,0.3733230989184223,0.2244327103032925,B,grading/data_processed/potato/B/Potato_Sweet_1_61__100.jpg
3909.5,265.0365779399872,1.8518518518518519,0.6993900518333809,0.9595042336483004,15.284472049689441,12.902147536618559,114.44645962732919,43.09555095726805,52.34335403726708,32.47970215541537,14238.48569873114,422.73194912083795,0.3686395735251365,0.24219890584080714,B,grading/data_processed/potato/B/Potato_Sweet_1_r_20__100.jpg
3901.5,262.2081505060196,1.8518518518518519,0.7130978069612836,0.9591886908420406,15.52191235059761,12.197699881481444,114.27166334661355,42.62685723801665,52.25771912350598,32.789259264040645,13973.404436179697,427.31331836887387,0.3728318408939396,0.24334021811698917,B,grading/data_processed/potato/B/Potato_Sweet_1_r_21__100.jpg
5044.0,281.76449847221375,1.3611111111111112,0.7983850521472824,0.9766676348145996,15.228416569879984,9.771335179096946,113.11401471157569,40.974619504534616,66.59020518776616,38.79523127752432,8794.76074389979,395.95518327605964,0.3918277056529891,0.25525732641703136,B,grading/data_processed/potato/B/Potato_Sweet_1_r2_145__100.jpg
5006.0,282.93607211112976,1.375,0.7858217934974259,0.9748782862706913,15.027685708715149,8.269350285774129,113.7453694677325,40.92022362125683,66.13140963150711,38.49555640737448,10749.718550938365,359.11139455782325,0.3996108168189329,0.26806846350454655,B,grading/data_processed/potato/B/Potato_Sweet_1_r2_144__100.jpg
4435.0,273.279217839241,1.694915254237288,0.746260193128593,0.9663362022006755,15.723100570926658,13.956468410763668,108.21277997364953,42.11388145284749,58.91436100131752,35.02385347141831,12335.532062596956,431.45334702961827,0.3347810282639668,0.21606021671089962,B,grading/data_processed/potato/B/Potato_Sweet_1_r_193__100.jpg
3808.0,263.9655100107193,0.54,0.6867717672031881,0.9451476793248945,16.025993883792047,15.935853099924984,112.6651376146789,42.65820823204154,51.40953109072375,33.0027988323553,16607.58967681756,512.3184905660378,0.39612160275439917,0.2470739047692863,B,grading/data_processed/potato/B/Potato_Sweet_1_28__100.jpg
3836.5,263.7228684425354,0.54,0.693185524511967,0.9478690549722051,15.05135340247913,11.539706693589268,113.17202124968378,42.714357342525496,51.64583860359221,32.7267438144933,17872.46485510974,468.5669811320755,0.3869046827718046,0.2421872490065191,B,grading/data_processed/potato/B/Potato_Sweet_1_29__100.jpg
4917.0,276.5929266214371,1.4492753623188406,0.8076588069684844,0.9787996416840848,15.756552819698173,11.121963881045344,109.46683876092136,40.04895599767613,64.91223193010326,38.14023288182454,10819.823381033395,483.2305665349144,0.3734718366352339,0.2578187862693424,B,grading/data_processed/potato/B/Potato_Sweet_1_r2_95__100.jpg
4255.5,272.3502861261368,1.7241379310344827,0.7209494039855294,0.9547902176351806,15.248113423279213,14.668263996011884,106.92545163503316,41.14437692318603,56.84289961125086,34.9406509718198,14814.026604518433,482.2854406130269,0.36347823568126203,0.23271875961342686,B,grading/data_processed/potato/B/Potato_Sweet_1_r_101__100.jpg
4984.0,279.0782071352005,1.408450704225352,0.8041481164975878,0.979078675965033,16.065059768763472,12.431386448395463,108.88712522045856,40.42573986565342,65.84812855183226,38.88425595892338,11921.728666117833,467.9462227912932,0.37866401653965615,0.26874242013440347,B,grading/data_processed/potato/B/Potato_Sweet_1_r2_94__100.jpg
4302.0,271.62236392498016,1.7241379310344827,0.7327388540730647,0.9647903117290872,15.537661162632888,13.89864578075464,110.21782402171455,43.24797185733856,57.23546708889391,34.31473430533439,14284.91703064804,490.70968303726926,0.34331900252437736,0.22548954751013672,B,grading/data_processed/potato/B/Potato_Sweet_1_r_3__100.jpg
4299.5,266.8355669975281,1.5873015873015872,0.7588228206890446,0.9721876766534765,15.797643326535237,9.362845794473184,112.70881486517109,43.129815867815715,56.986630410151825,33.869566967294624,13908.890968909045,355.29180695847367,0.4033476944934274,0.286675771061959,B,grading/data_processed/potato/B/Potato_Sweet_1_r2_132__100.jpg
4372.5,266.0071392059326,1.5625,0.7765208067300308,0.9765494137353434,15.804502897904593,11.700790743438048,114.23629068212216,42.754249936386806,57.94650022291574,34.241872488046454,12984.599791772462,351.4330808080808,0.41092353838106654,0.2864659202949424,B,grading/data_processed/potato/B/Potato_Sweet_1_r2_133__100.jpg
4028.0,269.9655101299286,0.59,0.6945168046286238,0.9415614773258532,15.184952978056426,11.84341554183631,120.32577767060526,44.570930550085656,53.7733301181577,32.44154815007339,16632.70320238437,456.39017241379304,0.38876328305891916,0.27313006009320173,B,grading/data_processed/potato/B/Potato_Sweet_1_140__100.jpg
4022.0,271.6223647594452,0.59,0.6850478040386194,0.946241618633102,15.022458343395314,11.3981627604606,119.7261531031152,44.93127505214898,53.86428398937455,33.19751188513877,16213.346392961794,563.7831034482759,0.38760981765963864,0.2746792530084748,B,grading/data_processed/potato/B/Potato_Sweet_1_141__100.jpg
6210.0,307.42135298252106,1.1951219512195121,0.8257211429013512,0.974041251666536,17.331179066834803,19.395056607393645,108.02790037831022,36.458669230350104,81.63902900378311,47.05103976605906,4542.837493474486,430.9388986673372,0.36740611526950934,0.1982494175286833,B,grading/data_processed/potato/B/Potato_Sweet_1_r_57__100.jpg
3712.5,256.4091612100601,0.5,0.709592882005257,0.9702077616620933,14.599163835902797,7.820282055348746,118.25372354324536,45.23284310352929,49.93415207734518,31.341921118859723,19256.40685404,403.7844897959183,0.3578641876822868,0.21120629912797798,B,grading/data_processed/potato/B/Potato_Sweet_1_16__100.jpg
3724.5,258.06601548194885,0.5,0.7027748479056178,0.9706802189210321,14.431622818442303,4.785522388934536,117.27142485022141,44.840771155602866,50.23678041156551,32.459162499448794,17850.90091516,479.30408163265315,0.35273242253377646,0.2085604454155198,B,grading/data_processed/potato/B/Potato_Sweet_1_17__100.jpg
6066.0,304.2497811317444,1.2098765432098766,0.8234774690081771,0.9703271214908422,16.264924169086804,16.25809796246004,107.93465634075508,37.34935004771088,79.74862858986769,45.91476446517708,4536.649091685049,438.3628611429299,0.3672817792717847,0.20636359664409415,B,grading/data_processed/potato/B/Potato_Sweet_1_r_56__100.jpg
3910.0,258.4507929086685,1.7543859649122806,0.7355816448384545,0.9677020170770945,14.525857782197912,17.018964549840994,125.45997016409747,46.15062214332457,52.176777722526104,31.598430236265568,18211.468329055097,366.48732943469787,0.39285441279982825,0.2824655788672966,B,grading/data_processed/potato/B/Potato_Sweet_1_r2_14__100.jpg
5290.5,287.1787133216858,1.4285714285714286,0.8061244470243293,0.9684239428885227,15.975069252077562,10.745951023852014,102.92225300092336,40.044528005444626,69.82049861495845,40.500555778943145,9317.040689285715,493.53362193362193,0.3372547218022226,0.21272308130612763,B,grading/data_processed/potato/B/Potato_Sweet_1_r_181__100.jpg
3904.5,258.2081503868103,1.7857142857142858,0.7359281199677141,0.9688585607940446,13.596216081652974,14.640077022896905,124.42369927806821,47.06706020448845,52.24744834453573,31.93215375919158,17993.557411702808,462.13437950937947,0.38423259716358354,0.2700470072076212,B,grading/data_processed/potato/B/Potato_Sweet_1_r2_15__100.jpg
5616.0,296.73506212234497,1.180722891566265,0.801492074546856,0.9685263430197465,15.164896395612049,5.724459027130222,111.27947065993384,39.96571412714006,73.90614661326833,42.23549562746421,7152.800381309766,374.5912309029934,0.4307894105915524,0.2801698920037335,B,grading/data_processed/potato/B/Potato_Sweet_1_r2_157__100.jpg
5384.0,288.93607211112976,1.4142857142857144,0.8104223062350532,0.9748325185587543,16.379310344827587,12.791581009200565,102.97368421052632,40.28350345354694,70.886388384755,40.92780345963666,8552.205758700175,477.9839650145773,0.317329248838566,0.19135722369383787,B,grading/data_processed/potato/B/Potato_Sweet_1_r_180__100.jpg
4021.0,264.30865597724915,0.55,0.7233044958250543,0.9707870593915983,15.533349444175931,10.64881536486063,116.76027066215563,44.95448583982974,53.62735621072982,32.503847351101655,14931.446450876032,486.07703703703703,0.3399616600587724,0.22056982103941775,B,grading/data_processed/potato/B/Potato_Sweet_1_124__100.jpg
4021.5,262.55129647254944,0.55,0.7331107751226593,0.9737288135593221,15.334300217548948,9.30241082643309,115.61445491902344,45.17611457840554,53.75948755136572,33.10496958748557,13818.679028231403,534.216851851852,0.340393821268124,0.2209523904549046,B,grading/data_processed/potato/B/Potato_Sweet_1_125__100.jpg
3686.0,256.93607211112976,1.8867924528301887,0.7016411209402132,0.9429521616781785,14.96390937829294,12.205692926966718,116.30690200210748,44.018279381370704,49.4072708113804,31.42225909326245,20633.165691847633,437.90127692014465,0.406690752268068,0.27017976727424636,B,grading/data_processed/potato/B/Potato_Sweet_1_r_113__100.jpg
3733.5,259.5218586921692,1.8867924528301887,0.6965914406608651,0.9551036070606294,13.989856957087126,8.777744117202342,116.09076723016905,43.82179695936882,49.94694408322497,30.95731016141262,16828.081292239232,375.3329521631408,0.40316236032500896,0.26125897579140955,B,grading/data_processed/potato/B/Potato_Sweet_1_r_112__100.jpg
4174.5,263.86500453948975,0.59,0.753443584306907,0.9703626220362622,15.983446024714386,9.921959704167575,117.51340638843553,43.32783571136752,55.73910002331546,33.849326188352386,17775.052948319448,490.18206896551726,0.37653846238753225,0.25028945787417595,B,grading/data_processed/potato/B/Potato_Sweet_1_72__100.jpg
4183.5,263.0365777015686,0.59,0.7598315919955568,0.9716641505051679,15.783154955793393,8.469224119939485,116.84574220567706,42.946146563719644,55.90879478827362,34.18109412821653,17671.35677380063,515.7653448275864,0.37254880992697725,0.24941298502422057,B,grading/data_processed/potato/B/Potato_Sweet_1_73__100.jpg
3772.0,258.7939363718033,0.55,0.7077393700831947,0.9651995905834186,14.594079794079795,13.489181172673353,127.80823680823681,48.210104668308524,50.65508365508366,31.60156477601815,18262.990703173553,484.71666666666675,0.38156648984525954,0.2683756005358219,B,grading/data_processed/potato/B/Potato_Sweet_1_188__100.jpg
3797.5,256.55129635334015,0.54,0.7250354133216776,0.9720977857417126,14.079795396419437,12.143400466681456,124.1606138107417,48.88890567750986,50.94961636828644,31.528378295755136,17618.178870233198,511.7794339622641,0.3702912337619407,0.25218595759671314,B,grading/data_processed/potato/B/Potato_Sweet_1_189__100.jpg
4884.5,280.35028541088104,1.4776119402985075,0.7809585299716681,0.9629374075899458,15.754894127047542,14.092584216633078,110.80982820615262,40.26133903368724,64.33839392728726,37.19338294449182,9431.132898477883,338.6184891867194,0.3705849942513551,0.23184745889820899,B,grading/data_processed/potato/B/Potato_Sweet_1_r_44__100.jpg
4084.5,257.1787123680115,1.694915254237288,0.7760303905861999,0.9793789713463613,15.680495946590367,10.529789073499385,112.65617548879351,43.12088398264395,54.36504530281354,33.40649380346111,16240.365992415971,432.3680876562232,0.4071755916175367,0.2765457962946003,B,grading/data_processed/potato/B/Potato_Sweet_1_r2_121__100.jpg
4466.0,274.5929265022278,1.6129032258064515,0.7443032090844429,0.9553962990694191,14.797774869109947,10.194931855458789,109.88328970331588,41.14468829893161,59.09904013961606,34.838141809417934,11378.261062408948,374.63294232649076,0.3786245427012159,0.24663483364849847,B,grading/data_processed/potato/B/Potato_Sweet_1_r_39__100.jpg
4191.5,261.86500453948975,0.59,0.7681117480062861,0.9756750465549349,15.715911730545876,9.651771455496768,116.88153310104529,44.448154772614096,56.12009291521487,34.50864629981136,16038.142859494399,571.8308620689656,0.3666995623016633,0.248199970441158,B,grading/data_processed/potato/B/Potato_Sweet_1_78__100.jpg
4188.5,262.6934311389923,0.59,0.7627284705810066,0.9762265470224916,15.522780102278011,9.969797108350672,117.10065086006509,43.83864114041423,55.96978149697815,34.14086712287846,16486.96736210859,475.5037931034483,0.36861461267326706,0.24904947123030619,B,grading/data_processed/potato/B/Potato_Sweet_1_79__100.jpg
4405.5,270.6934312582016,1.6229508196721312,0.7555263843474449,0.9664363277393879,15.278576166261331,12.07924854529793,111.18615962856511,41.61294562722823,58.19831969931462,33.90133786583435,11421.258640002428,322.47223151555704,0.37599229655476524,0.23722003538856207,B,grading/data_processed/potato/B/Potato_Sweet_1_r_38__100.jpg
4052.5,259.17871272563934,1.7241379310344827,0.758113500325689,0.9785102016177714,15.233005044439107,9.911038172764654,114.29858275282248,44.26379622683567,53.75186163824165,32.03778348699581,20684.22185419144,317.04162312783006,0.3799670301746569,0.27032441476601604,B,grading/data_processed/potato/B/Potato_Sweet_1_r2_115__100.jpg
4069.5,257.52185904979706,1.706896551724138,0.7711213349745106,0.9784804039432556,15.758133971291866,13.392871715426798,113.87894736842105,44.169526471861026,54.07535885167464,32.56466978448673,17565.463426012368,403.0286769880367,0.3764233948237,0.2602693492600937,B,grading/data_processed/potato/B/Potato_Sweet_1_r2_114__100.jpg
3714.0,260.45079159736633,1.8867924528301887,0.688018949754059,0.9518195797027166,16.04755683302848,17.539990104040882,119.46511627906976,43.13257645400772,49.542200156780765,30.40616924166254,17518.32505517978,345.1370306842005,0.41350375783184296,0.2641491901725314,B,grading/data_processed/potato/B/Potato_Sweet_1_r_119__100.jpg
3839.5,266.20815086364746,0.55,0.6808349448857789,0.9352088661551577,15.460313447927199,12.64745954191348,114.8278564206269,42.03051448870983,51.69464105156724,32.78980275033746,16057.897917719009,489.19018518518527,0.40321648851742303,0.25470069715317933,B,grading/data_processed/potato/B/Potato_Sweet_1_31__100.jpg
4019.0,265.48022985458374,0.55,0.7165780489863948,0.9640201487167186,16.04060913705584,14.159654403512851,118.11941020062848,43.84442194942828,53.78535170413343,33.19406751995053,15507.398035173552,406.7866666666668,0.3739786969018153,0.22350984978126928,B,grading/data_processed/potato/B/Potato_Sweet_1_46__100.jpg
4065.0,265.62236428260803,0.55,0.7240042873164423,0.9663615832639962,15.192298493183449,11.168400600407136,115.96842860559674,44.758123325066975,54.59100693613968,34.26655442874689,15935.9526467438,548.6172222222223,0.365556103084021,0.21666298667340178,B,grading/data_processed/potato/B/Potato_Sweet_1_47__100.jpg
4816.5,283.1787123680115,1.5873015873015872,0.7547797210987246,0.9591755451558299,15.805831139906864,17.13453779697387,104.83944118242559,38.86011919058305,63.834784369305524,37.71171103556126,10817.832590073063,463.5517075517075,0.3396784814492892,0.2034318355686135,B,grading/data_processed/potato/B/Potato_Sweet_1_r_95__100.jpg
4879.0,285.4213539361954,1.5625,0.7526061419640303,0.9597718107603029,15.096961215513794,11.875789700465853,105.26529388244703,38.53120721482542,64.85225909636145,38.75476217522103,11600.4837236084,579.4621212121212,0.33290004407754453,0.20433408560268163,B,grading/data_processed/potato/B/Potato_Sweet_1_r_94__100.jpg
4107.0,259.96551060676575,0.56,0.763665372034664,0.9803079126387397,15.230987917555082,8.450474288614243,116.99810471452263,44.642521730600336,54.956171523335705,33.55721154610449,13492.534631345667,497.16636363636354,0.34032056834570656,0.22398321218083053,B,grading/data_processed/potato/B/Potato_Sweet_1_110__100.jpg
4100.5,260.55129611492157,0.56,0.7590322075412479,0.9774731823599523,15.342348754448398,10.454544786915463,115.69655990510083,45.02224282266051,54.601186239620404,32.786431364660565,13303.15794103954,397.6554545454545,0.3407132725482987,0.2256020778287761,B,grading/data_processed/potato/B/Potato_Sweet_1_111__100.jpg
3947.0,266.10764479637146,1.7678571428571428,0.7004260469521215,0.9534967991303297,15.041851304775973,11.788645085370918,115.52511078286558,42.02749017902959,52.51895617922206,31.77780920929481,16533.76594950614,365.1687317784256,0.41407497038624924,0.25353855663758,B,grading/data_processed/potato/B/Potato_Sweet_1_r_127__100.jpg
3830.5,257.03657829761505,1.736842105263158,0.7285770187054468,0.9642542479546885,13.02283105022831,8.520306498738107,129.2412480974125,48.19270880962997,51.0568239472349,30.467677441925137,17745.942082341644,351.0830648048693,0.3978538676274239,0.2885594318872839,B,grading/data_processed/potato/B/Potato_Sweet_1_r2_20__100.jpg
3832.0,257.2792184352875,1.7543859649122806,0.727488192495019,0.9662128088754413,14.279229013441542,17.521520906185245,127.39031194521938,47.55094791598724,51.18792797362414,31.251021775318083,17909.953833056323,400.15931242247035,0.41128162641761534,0.29573554349781095,B,grading/data_processed/potato/B/Potato_Sweet_1_r2_21__100.jpg
4340.0,266.1076464653015,1.694915254237288,0.770166963679392,0.9734215543344175,14.77530864197531,15.387476388886665,119.4949494949495,44.81480945189384,57.63322109988777,34.50791377306188,13720.898365383511,450.7978085944188,0.34744175040805075,0.2315797927374811,B,grading/data_processed/potato/B/Potato_Sweet_1_r2_4__100.jpg
3883.0,260.45079135894775,0.56,0.7193262215363961,0.9665214685749844,13.59984984984985,11.616743894749257,125.49874874874875,48.71409766943928,51.87212212212212,31.606183959243918,15482.13479987245,499.21727272727276,0.3726921094344084,0.26078219910856815,B,grading/data_processed/potato/B/Potato_Sweet_1_183__100.jpg
4237.5,265.0365775823593,0.59,0.758067618018164,0.9716808071543224,15.995175740868367,10.884487353180573,114.57270847691247,41.47054298683619,56.76935446818286,35.01219777566139,15829.583826371734,563.2205172413793,0.3773831608632614,0.24072435773937972,B,grading/data_processed/potato/B/Potato_Sweet_1_65__100.jpg
4216.0,265.62236416339874,0.59,0.7508984201884158,0.9714285714285714,16.073176361957525,9.38904445823442,115.57271468144044,42.32062820068799,56.3601108033241,34.466445694947424,15185.27467578282,422.6706896551725,0.3718799151224427,0.2424660266480193,B,grading/data_processed/potato/B/Potato_Sweet_1_64__100.jpg
3916.5,262.2081501483917,1.8518518518518519,0.7158394383140441,0.9635871570918932,15.592904986355743,14.268233075216969,114.38005457702803,42.81267649035654,52.299925576779955,32.191772139706984,13853.476543209876,326.5815563037785,0.3767881372297953,0.24206769388200422,B,grading/data_processed/potato/B/Potato_Sweet_1_r_25__100.jpg
4170.5,260.3502860069275,1.6666666666666667,0.7731822428823832,0.9770411151458358,15.657636618402616,11.154556160570527,111.70551144325081,42.0893481748386,55.330686595049045,33.06721018602194,18265.555781222218,430.26060606060605,0.39822629794848596,0.27393001305743286,B,grading/data_processed/potato/B/Potato_Sweet_1_r2_108__100.jpg
4105.0,256.93607234954834,1.706896551724138,0.7813990222773364,0.9799474814991644,15.534756820877817,13.09908093201659,114.29276393831555,44.409452386639025,54.349466192170816,32.19366160105527,17703.33433073817,346.81685432793813,0.37815404634739785,0.25293159889625244,B,grading/data_processed/potato/B/Potato_Sweet_1_r2_109__100.jpg
5176.5,283.66399443149567,1.3888888888888888,0.808421125851565,0.9811410159211524,16.281804454511136,14.428095010179664,107.33087957719894,38.243485316319145,68.3510758776897,40.05892460276289,9770.418572048611,489.62878787878793,0.36518259758065746,0.2511628708136552,B,grading/data_processed/potato/B/Potato_Sweet_1_r2_91__100.jpg
4044.0,265.6223635673523,1.8181818181818181,0.7202640476447181,0.9552379827565843,14.374038461538461,6.466630248263125,112.39086538461538,41.1978121294216,53.98653846153846,33.145415501800315,14593.320516330577,375.51900826446285,0.3737293155218501,0.23259575982639333,B,grading/data_processed/potato/B/Potato_Sweet_1_r_104__100.jpg
5234.0,284.2497807741165,1.3513513513513513,0.8140354262663486,0.9771305890040138,16.485250186706498,15.236177974200967,106.86127707244212,39.30476830124413,69.07785660941,40.14916300626222,9369.863212545653,458.1698061698061,0.3769551399742426,0.26400227411393973,B,grading/data_processed/potato/B/Potato_Sweet_1_r2_90__100.jpg
4962.5,279.5218595266342,1.4142857142857144,0.7981395469910069,0.9746636551114602,15.89771833202203,14.116693706889427,112.8375295043273,40.61251090935427,65.51435877261999,37.89991050553576,9585.654931108655,326.32361516034985,0.381569367941979,0.2535978979679275,B,grading/data_processed/potato/B/Potato_Sweet_1_r2_141__100.jpg
4912.5,280.00714087486267,1.408450704225352,0.7873615692684316,0.9764460345855694,15.77985297039539,12.226552691559888,112.99662229286707,40.77338218897173,65.00774885754024,38.054983117515974,10630.710561396547,394.0773936548584,0.40883056682070623,0.27831346129304785,B,grading/data_processed/potato/B/Potato_Sweet_1_r2_140__100.jpg
4075.0,270.7939374446869,0.6,0.6983282365753569,0.9498834498834499,14.946828803051979,11.508027747111894,121.46828803051979,45.04143771752239,54.501669051025274,33.26336178260919,15987.438231000002,549.9523728813559,0.38252444270772684,0.27829504616590395,B,grading/data_processed/potato/B/Potato_Sweet_1_144__100.jpg
4090.5,269.379723072052,0.6,0.7083639594344157,0.9543863742417172,14.869090045141364,12.445985636882147,121.74602043240675,44.52878731718139,54.6296032311713,32.968784243320755,15364.945069972222,521.6237288135593,0.38051429403574066,0.27693089581548586,B,grading/data_processed/potato/B/Potato_Sweet_1_145__100.jpg
5178.0,289.07820773124695,1.4492753623188406,0.7786480552009751,0.962721948498652,16.61354205960015,18.371461289339944,104.89117314221049,37.91873770281049,68.31535269709543,39.40234080147644,9452.035526381012,421.3324549846289,0.34369287648609814,0.2174001517319012,B,grading/data_processed/potato/B/Potato_Sweet_1_r_89__100.jpg
4569.0,270.59292590618134,1.5384615384615385,0.7841481906947447,0.9762820512820513,15.294983991462113,5.2269381085046955,112.69092849519744,40.85801341585893,60.466168623265744,35.436819445415786,12296.355320615383,332.31686091686095,0.39221744145935244,0.26625226121335066,B,grading/data_processed/potato/B/Potato_Sweet_1_r2_136__100.jpg
4577.0,271.76449942588806,1.5,0.7787630331455725,0.9754901960784313,15.181508308478909,7.524981189947901,110.55325948018748,40.870669540669105,60.32893054963784,34.978848472811194,11863.567066346652,338.1513605442177,0.38755542773940294,0.2693733019844044,B,grading/data_processed/potato/B/Potato_Sweet_1_r2_137__100.jpg
3691.0,255.48022854328156,0.51,0.7106230940793695,0.9677503932878867,14.697686645636173,9.420014986482375,118.73527865404837,45.30796716870243,49.60883280757098,31.35348456769537,18636.816194694347,423.9928,0.3636103658599866,0.22746692067199575,B,grading/data_processed/potato/B/Potato_Sweet_1_12__100.jpg
5827.0,300.2497808933258,1.2564102564102564,0.8122495582340405,0.9686642839331726,16.549101896927983,16.791910366836195,108.97599462816854,36.92567831275571,76.57126070169548,44.17869120660526,4849.494319068649,422.598995506212,0.35987300380120674,0.20766863109914235,B,grading/data_processed/potato/B/Potato_Sweet_1_r_53__100.jpg
5720.5,296.8355677127838,1.2894736842105263,0.8158531179515557,0.9718824328916073,16.360745426568645,17.213099354600217,106.9813643357839,37.62527026265187,75.18892118310822,43.39968839749041,5422.567368322265,399.5438144329897,0.3640658480842585,0.20179832048050617,B,grading/data_processed/potato/B/Potato_Sweet_1_r_52__100.jpg
3728.0,256.30865585803986,0.51,0.7131144250080963,0.966804979253112,15.000781046602448,12.555785414391984,117.51887529289247,45.433062937681335,50.16948711273106,31.939161542923834,18948.084399038835,488.9468000000001,0.3586040042691482,0.2189277506393377,B,grading/data_processed/potato/B/Potato_Sweet_1_13__100.jpg
4194.5,263.86500453948975,0.59,0.7570533271949508,0.9778528966079962,15.768159665815734,10.722272920236538,116.60547690879554,43.705137952955496,56.20886516593177,34.455079110720774,14967.91050764148,488.69551724137926,0.3669248978374715,0.24853958096365372,B,grading/data_processed/potato/B/Potato_Sweet_1_80__100.jpg
4215.5,262.6934320926666,0.59,0.767645181900181,0.9784147615179297,15.214137214137214,6.5724193031236045,116.71841071841072,44.448136161065335,56.482790482790485,35.047547045597426,15617.069529330649,632.7915517241379,0.35598719687955416,0.24559160172830993,B,grading/data_processed/potato/B/Potato_Sweet_1_81__100.jpg
3812.0,261.137082695961,0.53,0.7024665677795833,0.9512164691203993,16.42296918767507,17.95220749814205,113.47135217723454,43.632585620318416,51.30226636108989,32.69408253501013,16462.254845817017,479.27288461538456,0.37330865133123703,0.23373854906610206,B,grading/data_processed/potato/B/Potato_Sweet_1_26__100.jpg
3811.5,263.3797245025635,0.54,0.6904641114923967,0.9491968621591333,16.3982683982684,16.45937122126833,115.3896103896104,43.27840801110317,51.16628469569646,32.076797075809345,15781.99446416324,435.317358490566,0.3910673114541269,0.24516114533924674,B,grading/data_processed/potato/B/Potato_Sweet_1_27__100.jpg
4025.0,270.79393696784973,0.59,0.6897597943839765,0.9413002806361085,15.576254826254827,12.778026803276658,119.8694498069498,44.63561818004822,54.075048262548265,33.97809615527981,17431.213313875323,692.7151724137932,0.38223231507323974,0.2729527351034894,B,grading/data_processed/potato/B/Potato_Sweet_1_138__100.jpg
4459.0,268.7350617647171,1.434782608695652,0.7758873507198835,0.9702970297029703,15.735126859142607,13.895074867064805,115.60236220472441,46.108997055543405,58.872484689413824,33.57271869588421,11161.0447631882,290.16696243714875,0.43484287171797786,0.31715099322308976,B,grading/data_processed/potato/B/Potato_Sweet_1_r2_40__100.jpg
4439.0,270.59292685985565,1.5873015873015872,0.7618371183975393,0.975390024170512,16.609659714599342,15.258475357860735,112.9747530186608,41.6064466016248,58.98507135016465,35.76167909250371,13094.220857042077,505.79990379990363,0.3836641705931126,0.26426897265191546,B,grading/data_processed/potato/B/Potato_Sweet_1_r2_103__100.jpg
5943.5,306.00713980197906,1.2098765432098766,0.7976071010577984,0.9635243576234093,16.25259173934507,14.58107492178225,113.08375843343755,42.70051068926982,78.08935329932532,44.782785282808405,5405.339130656135,428.4388443426244,0.3809505132556833,0.22142100802170686,B,grading/data_processed/potato/B/Potato_Sweet_1_r_147__100.jpg
5659.0,299.42135322093964,1.2692307692307692,0.7932024013984902,0.9639724043948557,16.87476248056659,16.68584364869983,111.48782173086889,41.98030778108197,74.44066332699948,42.828620115049716,6738.356406224834,416.25575614861333,0.39438653336726737,0.2372236434631603,B,grading/data_processed/potato/B/Potato_Sweet_1_r_146__100.jpg
4815.5,274.2081506252289,1.546875,0.8048047515641081,0.9786607052128848,15.01276337115073,13.8950701055801,115.8284035656402,42.54175577196207,63.4507698541329,36.768208305993475,10865.36403250366,410.9515306122448,0.32475950099509343,0.20745741906823942,B,grading/data_processed/potato/B/Potato_Sweet_1_r2_191__100.jpg
4195.5,262.49242091178894,1.523076923076923,0.7651737325885357,0.9698335644937587,14.465629354389224,6.882724949281413,117.98235020901068,47.48556056622773,55.514630747793774,32.44943752795782,14441.094324851527,320.60643642072216,0.4417290783155738,0.317989404381524,B,grading/data_processed/potato/B/Potato_Sweet_1_r2_37__100.jpg
4089.0,259.0782073736191,1.5714285714285714,0.765535275846684,0.9686130522326187,15.257503573130062,12.545150839464116,119.67174845164364,48.504125916374164,53.933777989518816,31.14573923480371,13227.473158484223,277.83527696793004,0.4303660039507609,0.31351186449147134,B,grading/data_processed/potato/B/Potato_Sweet_1_r2_36__100.jpg
3736.5,255.3797229528427,0.53,0.7199494887357695,0.9760971786833855,14.473492723492724,13.425637344749553,124.1902286902287,49.84270151312517,50.20192307692308,31.246488808021972,16149.089876076894,484.19538461538474,0.36437473725186,0.2470431651428288,B,grading/data_processed/potato/B/Potato_Sweet_1_195__100.jpg
3744.5,256.55129623413086,0.53,0.7149164207257488,0.9693243593062387,14.513870884106819,11.967607172845039,125.994555353902,51.01275820853167,50.35079077002852,31.619227879736286,17652.954300462796,492.5130769230769,0.3680698656892666,0.2460870176711323,B,grading/data_processed/potato/B/Potato_Sweet_1_194__100.jpg
4140.0,261.96550989151,0.57,0.7580921027529387,0.976875884851345,14.999764982373678,6.946784456195654,116.21245593419506,44.93670686569199,55.50011750881316,34.19212239432822,13736.23715638658,495.49767857142865,0.34223465685157306,0.23136259669177126,B,grading/data_processed/potato/B/Potato_Sweet_1_107__100.jpg
4086.0,267.27921748161316,1.706896551724138,0.7187499773949094,0.9556776985147936,16.378153260352214,16.59223505955745,116.81699190861495,42.09469579737595,54.38005711565921,32.74583750006626,16138.909270948476,372.3362068965517,0.41715080356742956,0.25639749695108605,B,grading/data_processed/potato/B/Potato_Sweet_1_r_130__100.jpg
4128.0,268.1076455116272,1.706896551724138,0.7216575426193986,0.9550028918449971,15.208529688972668,8.946227086447957,116.97926484448634,41.938608511825734,54.7502356267672,32.82914690290294,14846.788948620959,359.7024982406756,0.4139317529900687,0.24784435536247676,B,grading/data_processed/potato/B/Potato_Sweet_1_r_131__100.jpg
3746.5,256.06601548194885,0.5,0.7180120181876039,0.9760323042855282,15.106735751295338,11.05675449282606,117.05569948186529,43.68626675225364,50.4699481865285,31.985511268156955,18555.323904,406.0795918367346,0.35397722072939664,0.20694516554156206,B,grading/data_processed/potato/B/Potato_Sweet_1_18__100.jpg
6484.0,313.07820761203766,1.1395348837209303,0.8312797335364014,0.9753309265944645,17.089123867069485,19.468936513340683,106.75105740181269,35.59262148704371,85.13851963746224,49.113186951690764,3799.467502892814,481.12371134020617,0.37005325507265835,0.20029626938369752,B,grading/data_processed/potato/B/Potato_Sweet_1_r_59__100.jpg
6407.0,313.078208565712,1.1395348837209303,0.8214079611845125,0.9683367339227689,16.014977838911815,13.496177348487318,107.39248051352591,36.26441037556101,84.15283509093688,48.645349612877276,4521.735889901539,460.33493167106207,0.36606677395799647,0.2095796882073973,B,grading/data_processed/potato/B/Potato_Sweet_1_r_58__100.jpg
3749.0,258.6518015861511,0.5,0.7041971919576998,0.9702380952380952,15.959627329192546,16.464370385795505,115.94642857142857,43.973458935641965,50.50905797101449,32.185633935419055,18355.829175,466.8669387755102,0.3529510540107454,0.2057560392514959,B,grading/data_processed/potato/B/Potato_Sweet_1_19__100.jpg
5982.5,303.66399443149567,1.2820512820512822,0.8152784639322552,0.9760176197079696,16.167484461890744,13.837333030464379,101.8642459928034,38.227965990070444,78.86669937847563,45.666296018865275,6342.889021104537,598.3633773633774,0.32937227664023916,0.20194996089262474,B,grading/data_processed/potato/B/Potato_Sweet_1_r_82__100.jpg
5914.0,299.07820761203766,1.3157894736842106,0.8308481280964726,0.9772783607370074,16.32814827072646,15.422422443078297,102.39020354128743,38.511734770721795,78.05047162005626,45.23513065674728,6408.346514387119,533.4986709197235,0.3202185623170663,0.192399370363118,B,grading/data_processed/potato/B/Potato_Sweet_1_r_83__100.jpg
4021.5,266.55129635334015,1.8181818181818181,0.7112730259787491,0.9601289244359555,17.36651365064025,20.482610369899326,111.84344044455183,43.16785576443843,53.6796327615366,33.02733459430101,16069.899950380162,410.85932047750237,0.3505511069414929,0.23357881800576988,B,grading/data_processed/potato/B/Potato_Sweet_1_r_10__100.jpg
4123.5,265.72286891937256,0.55,0.7338680787184961,0.9725235849056604,16.5857109172365,14.390395861939675,119.1763734968168,43.39383881408691,55.20514029709974,34.00811146407383,16646.462168066115,474.91,0.35655787158213076,0.2065522632375633,B,grading/data_processed/potato/B/Potato_Sweet_1_51__100.jpg
4115.5,264.5512965917587,0.55,0.7389459637063523,0.9692651907677814,15.310727788279774,7.81334096356083,116.81049149338374,44.98590415172539,55.0968809073724,33.98557001842567,14749.846700694214,450.8864814814815,0.35931112694687534,0.20839196705764926,B,grading/data_processed/potato/B/Potato_Sweet_1_50__100.jpg
3996.0,265.6223644018173,1.8518518518518519,0.7117149150109919,0.9605769230769231,15.456225680933851,15.67663352486123,111.78015564202335,43.162960540510745,53.35408560311284,32.51896502689905,14126.676828395062,448.9829779274223,0.35195831834729857,0.22616756601731747,B,grading/data_processed/potato/B/Potato_Sweet_1_r_11__100.jpg
3917.5,263.86500453948975,1.8518518518518519,0.7070583881955463,0.9631223110018439,15.162946428571429,12.240763688742554,113.74057539682539,42.12863144898206,52.523313492063494,32.7974703240311,13200.55561971879,458.90946502057614,0.37565492047733773,0.2407508054955215,B,grading/data_processed/potato/B/Potato_Sweet_1_r_23__100.jpg
3911.5,265.37972378730774,1.8518518518518519,0.6979394118587331,0.9604665438919583,15.58987090367428,13.434053747199286,113.97492552135054,43.72445336553233,52.38728897715988,32.944771233649064,12838.771165432097,450.4433221099887,0.3678286022558284,0.2414894346101563,B,grading/data_processed/potato/B/Potato_Sweet_1_r_22__100.jpg
4227.0,265.27921855449677,0.59,0.7548065370609578,0.9720593308037254,15.896821741133119,8.776850966233317,115.32818977429756,42.71238241541932,56.56356517733763,34.8097810367913,15550.351057282389,564.3453448275861,0.3767385117752948,0.23985717733109715,B,grading/data_processed/potato/B/Potato_Sweet_1_63__100.jpg
4539.5,274.35028553009033,1.6666666666666667,0.7578915262963845,0.9683233788395904,16.28273937312151,16.81676201919183,107.18183769858308,41.19627793226185,60.241305281236585,35.59402901976684,13276.247725305555,448.38956228956226,0.3278295853519502,0.20997754401258925,B,grading/data_processed/potato/B/Potato_Sweet_1_r_191__100.jpg
4006.5,268.5512965917587,0.57,0.6981046069673914,0.9504210651168308,14.896727272727272,9.781912880019254,119.11733333333333,45.24445979321441,53.616727272727275,32.983423001950825,16231.385484764545,507.5728571428572,0.37228261416326486,0.2541883215376396,B,grading/data_processed/potato/B/Potato_Sweet_1_135__100.jpg
4855.0,275.76449942588806,1.4705882352941178,0.8022733856267135,0.9784361144699718,16.601125854443104,15.580863130058235,110.91495778045838,41.417628968507586,64.04020908725371,37.47288513931062,12292.208470242216,445.94399881164594,0.3697172656852548,0.2558281603652002,B,grading/data_processed/potato/B/Potato_Sweet_1_r2_96__100.jpg
4087.5,269.5218588113785,1.7857142857142858,0.7070980561160197,0.9511343804537522,14.784728829686014,9.706003953614927,113.83563273073264,42.812758704078945,54.551379638439585,33.614170241255465,14704.136853284443,474.36742424242436,0.37498218548358403,0.23743890198405224,B,grading/data_processed/potato/B/Potato_Sweet_1_r_103__100.jpg
4428.5,275.8650047779083,1.694915254237288,0.7312624801874893,0.9652353966870096,16.05869421850956,13.954841345424263,107.31325566058474,40.940757940407416,58.77225763904155,34.929153114354364,12229.388229215741,445.1612737544941,0.33756193572020515,0.2160750709349645,B,grading/data_processed/potato/B/Potato_Sweet_1_r_0__100.jpg
4258.0,264.59292674064636,1.6129032258064515,0.7642915547597501,0.9761577258138469,15.718828643331046,9.433525697892891,112.95035460992908,42.40863576881191,56.42393045069778,33.39985169256108,14350.125263683663,342.3870967741934,0.41025828975444495,0.28236751439734725,B,grading/data_processed/potato/B/Potato_Sweet_1_r2_131__100.jpg
4198.0,261.76449978351593,1.639344262295082,0.7698937657817218,0.9780987884436161,15.31368909512761,6.304712124694043,112.17865429234338,42.19094930543143,55.80371229698376,33.47126045194671,15678.813696828809,385.4563669481702,0.40369372635412387,0.2813765627249622,B,grading/data_processed/potato/B/Potato_Sweet_1_r2_130__100.jpg
4067.0,267.9655100107193,0.59,0.7117479709616954,0.951011341049924,14.655675029868577,8.821078639685318,121.68267622461171,45.253309598701286,54.39068100358423,33.001807403381356,14811.726420310255,529.8518965517242,0.37234525243375793,0.2682956678709802,B,grading/data_processed/potato/B/Potato_Sweet_1_143__100.jpg
4047.0,268.79393684864044,0.59,0.7038889250352819,0.9503346248679112,14.918847539015607,9.671663421650969,121.1498199279712,43.911611845040795,54.14357743097239,32.93036831604039,15168.051960815857,516.5620689655173,0.3807265100205282,0.27121240431086646,B,grading/data_processed/potato/B/Potato_Sweet_1_142__100.jpg
3737.5,253.72286915779114,0.52,0.7295781814640752,0.975339248434238,14.03611327617563,9.60295134461547,121.37412314886984,51.19007027788415,50.071187321382176,31.108708625054007,17758.934982100593,458.7188235294118,0.35858841772660666,0.23487736785728167,B,grading/data_processed/potato/B/Potato_Sweet_1_198__100.jpg
3731.5,253.72286891937256,0.52,0.7284069536453809,0.9763212977498692,14.47072599531616,12.358209154600136,122.97918293000261,49.46448675639946,50.02966432474629,30.969538466789327,17201.78534674556,399.94607843137265,0.3610682517456846,0.23605017419319937,B,grading/data_processed/potato/B/Potato_Sweet_1_199__100.jpg
5882.0,298.5929260253906,1.2564102564102564,0.8290407059131569,0.9733576038391527,15.921324018629408,14.692998195903849,108.77162341982701,37.568928532017146,77.29041916167665,44.654009080596694,4791.561727016411,438.9998678297647,0.3641219799019104,0.2011110525639908,B,grading/data_processed/potato/B/Potato_Sweet_1_r_54__100.jpg
3707.0,259.48022866249084,0.5,0.6918690543860794,0.9691503267973857,14.528257456828886,8.826848347604738,116.63762428048142,44.470861671897445,50.16457352171638,32.789959516925656,17810.912351,480.8942857142856,0.35204726353404364,0.212205795063563,B,grading/data_processed/potato/B/Potato_Sweet_1_15__100.jpg
3705.0,255.82337546348572,0.5,0.7114061683167372,0.9719307450157397,14.801518722178582,10.379062645346432,116.54726368159204,45.27296461098574,50.12830583922493,32.65884151860263,18655.905036,589.4444897959183,0.3528288080347162,0.2111780980307381,B,grading/data_processed/potato/B/Potato_Sweet_1_14__100.jpg
3755.5,258.0660158395767,0.51,0.7086242271431185,0.9625784954504678,15.327131782945736,12.298566660490561,115.21162790697674,43.3729207269775,50.71421188630491,32.482934968567136,19830.623886928104,484.78380000000004,0.3562035342181949,0.21281179478590934,B,grading/data_processed/potato/B/Potato_Sweet_1_20__100.jpg
3788.5,258.69343185424805,1.8867924528301887,0.7113876986897323,0.9614262149473417,15.802820512820514,18.926682894211535,113.59615384615384,42.168924462633775,50.58,31.18345238366178,15615.342451085797,374.90413569658847,0.3951073124663531,0.2519871933692305,B,grading/data_processed/potato/B/Potato_Sweet_1_r_109__100.jpg
4401.0,265.27921855449677,1.6666666666666667,0.7858773526390526,0.9751828052293374,14.714570416297608,14.418896613616589,119.67825509300266,44.585050501506764,58.42006200177148,35.02308533360396,12873.612567888887,438.28484848484857,0.3531918595415446,0.2339477131683146,B,grading/data_processed/potato/B/Potato_Sweet_1_r2_197__100.jpg
4828.0,282.10764491558075,1.4776119402985075,0.7623377300982594,0.959364133134625,15.790951322965057,11.374322130232317,112.57321753181175,41.701038506633815,63.732377297515654,37.100714515436046,10469.512137924741,383.44745659457806,0.3979858314250354,0.2413101566708313,B,grading/data_processed/potato/B/Potato_Sweet_1_r_140__100.jpg
4206.5,265.8650051355362,0.59,0.7478395069135346,0.9697982708933718,16.001850994909763,10.805460609773473,115.55298472929199,42.83023526515286,56.25659416936603,34.117995013963395,15418.963776931916,455.60379310344825,0.37510007513547894,0.2451474658726482,B,grading/data_processed/potato/B/Potato_Sweet_1_68__100.jpg
4071.0,266.9360716342926,1.7543859649122806,0.7179536977485343,0.9495043731778425,16.018633540372672,16.933701604198436,111.41591017677975,42.54965593690847,54.448877209746776,33.89145978382696,13734.583934872267,464.1259968102072,0.3770257438686586,0.2533468575916792,B,grading/data_processed/potato/B/Potato_Sweet_1_r_29__100.jpg
5437.5,292.29141104221344,1.1785714285714286,0.7997919457862162,0.971155563493481,16.63705035971223,14.3943282172111,108.00611510791367,44.701893865064164,71.64352517985611,40.93419325577527,7257.616440059682,417.34402332361515,0.4372551356114515,0.3166240307553508,B,grading/data_processed/potato/B/Potato_Sweet_1_r2_47__100.jpg
4361.5,265.1787121295929,1.639344262295082,0.7794144024704762,0.9774764679515913,15.963351955307262,11.643397819654808,114.99262569832402,40.991370550228666,57.67083798882682,33.995399440169166,13391.974627761352,353.1149196886901,0.37756698276403083,0.25458480559891095,B,grading/data_processed/potato/B/Potato_Sweet_1_r2_104__100.jpg
5269.5,287.1198379993439,1.2073170731707317,0.8032539544927589,0.9715154867256637,15.962330673594359,10.06181814026474,109.17684171460382,44.99699268284806,69.27778808684357,39.48198428619972,7512.81282362864,357.03384768541554,0.44394255974535196,0.3214888225972691,B,grading/data_processed/potato/B/Potato_Sweet_1_r2_46__100.jpg
4497.0,275.7644991874695,1.5625,0.7431150198561863,0.9603844100373732,15.793327556325822,13.120928307019291,113.407712305026,42.85365317488912,59.51733102253033,35.041336735702814,12964.34368125,388.60590277777777,0.4217536497952929,0.26579306724231616,B,grading/data_processed/potato/B/Potato_Sweet_1_r_137__100.jpg
4432.5,274.3502868413925,1.596774193548387,0.7400273506323506,0.9579641236222174,15.732586244781366,13.251480993005968,113.47571962206109,41.97094627405984,58.49945067018238,33.98063787691795,12064.661607083988,339.77995391705065,0.4056363702627224,0.2459650025583691,B,grading/data_processed/potato/B/Potato_Sweet_1_r_136__100.jpg
3765.5,256.55129623413086,0.54,0.7189258331533737,0.968991250643335,14.270242392986075,11.405584641027813,123.70474471376998,50.114168090450974,50.520629190304284,31.31861358524182,17539.204212311386,531.857924528302,0.37011137448840936,0.2536780699819109,B,grading/data_processed/potato/B/Potato_Sweet_1_192__100.jpg
3747.0,255.137082695961,0.53,0.7233465032194213,0.9734996102883866,16.008033169214823,20.012063937149403,124.51930551956465,48.92554621819884,50.166623477584864,30.6462900247126,16993.91299661801,408.5724999999999,0.3667864927653945,0.24512616000648846,B,grading/data_processed/potato/B/Potato_Sweet_1_193__100.jpg
3926.0,264.79393661022186,1.8518518518518519,0.7036295773752517,0.9601369528001956,16.356011875309253,17.186138584731427,114.42355269668481,42.721833890768636,52.27931716971796,31.703177324644013,16962.790492969816,367.04040404040404,0.3699402563736987,0.23979776518776624,B,grading/data_processed/potato/B/Potato_Sweet_1_r_16__100.jpg
4132.5,269.722868680954,0.6,0.7138174921852436,0.9577056778679026,14.543038570084667,10.086142659104587,122.69990592662276,45.513969509362155,55.39252116650988,33.90096070788371,15717.78016863889,624.4705084745763,0.37142495375904905,0.2691513149440483,B,grading/data_processed/potato/B/Potato_Sweet_1_149__100.jpg
4105.5,270.5512969493866,0.6,0.7048175023898366,0.9574393656716418,14.885917159763313,13.45707189258241,122.4196449704142,45.46842579474961,54.942958579881655,33.34704462661789,14473.525615305556,531.7884745762713,0.37778738717131033,0.2737247992569161,B,grading/data_processed/potato/B/Potato_Sweet_1_148__100.jpg
3703.5,255.72286975383759,0.51,0.7116772351648811,0.9747335175681011,15.29245283018868,14.33442681438056,121.41247379454927,49.64799247475589,49.87342767295598,31.54314649107055,17396.43612499039,442.2152000000001,0.3588288676363351,0.2250551487969116,B,grading/data_processed/potato/B/Potato_Sweet_1_6__100.jpg
5637.0,295.9066354036331,1.3513513513513513,0.8089999431313677,0.9716452641558218,16.73386537126995,17.357918062931486,103.42748091603053,38.1008347654423,74.34038861901458,42.91036959921377,7846.004610007305,498.0851760851761,0.32900320602260086,0.20655842282474568,B,grading/data_processed/potato/B/Potato_Sweet_1_r_85__100.jpg
4011.5,262.5512971878052,0.55,0.7312877927094836,0.9731926249393499,15.423309910346498,8.604796302384516,116.43421371456263,44.13191969635097,53.5737824085292,32.6062011374909,13520.743414049588,447.4925925925926,0.3431810321650254,0.22242355848470408,B,grading/data_processed/potato/B/Potato_Sweet_1_123__100.jpg
4019.0,263.13708209991455,0.55,0.7293966446381391,0.9698359073359073,15.324546553808949,6.76931083432084,116.2894800483676,45.807790671311906,53.7770253929867,33.179306269865585,15516.307373355372,559.1772222222222,0.33071643631802383,0.22092107504531325,B,grading/data_processed/potato/B/Potato_Sweet_1_122__100.jpg
3952.0,259.6223638057709,1.7857142857142858,0.7367880958364729,0.9718431083241117,13.291512915129152,8.570172784064871,124.5220172201722,46.506390412397884,52.7239852398524,32.1464832692144,16201.589458035714,405.0791847041846,0.3706833609956403,0.2617588185911061,B,grading/data_processed/potato/B/Potato_Sweet_1_r2_13__100.jpg
4818.5,283.1787122488022,1.5384615384615385,0.7550931359236478,0.9617764471057885,16.961748633879782,15.566180150544827,105.21149564865412,41.35564547285723,63.698643999190445,37.53688405589275,10356.707976331363,507.680808080808,0.3469350313968526,0.22500689499643106,B,grading/data_processed/potato/B/Potato_Sweet_1_r_186__100.jpg
5242.5,284.8355669975281,1.2894736842105263,0.8120071755489195,0.9760752187674548,15.539049394221808,10.203037293815802,110.9103448275862,40.737520175151886,68.97110904007455,39.41842006037426,7444.234626673328,316.7938144329897,0.41877173887360675,0.26721681138014025,B,grading/data_processed/potato/B/Potato_Sweet_1_r2_151__100.jpg
3979.5,259.0365791320801,1.7543859649122806,0.7452743610141445,0.9709649871904356,12.905913978494624,7.413047216406946,125.46309872922777,46.45768586289164,53.37927663734116,32.934483389802644,17771.48967202216,515.8557504873295,0.37905163578979306,0.27007774582557126,B,grading/data_processed/potato/B/Potato_Sweet_1_r2_12__100.jpg
4725.5,277.03657734394073,1.5714285714285714,0.7737192557335627,0.9688364941055869,16.981431813492883,17.55054199789543,105.54755518877656,40.65637143393304,62.518258716732,36.66148384040878,11942.630696180266,454.6619695497248,0.34778203164370397,0.21001090114947266,B,grading/data_processed/potato/B/Potato_Sweet_1_r_187__100.jpg
4181.0,262.450790643692,0.59,0.7627711538100084,0.9742514272398928,15.568335273573924,9.083543097441366,117.52409778812573,43.852316595041884,56.2325960419092,35.17721189467909,16571.706069376614,657.9908620689655,0.3697711651757258,0.25060334448356747,B,grading/data_processed/potato/B/Potato_Sweet_1_75__100.jpg
4185.5,268.20814990997314,1.706896551724138,0.7311614231034662,0.9616312464101091,17.5847083430165,22.324258139212183,112.33372066000464,42.268529420763706,55.48036253776435,32.858544741045534,12646.652337764071,328.3052427867698,0.3639596655790086,0.24012016735884908,B,grading/data_processed/potato/B/Potato_Sweet_1_r_34__100.jpg
4176.0,262.4507917165756,0.59,0.7618589601214273,0.9752452125175152,15.632167832167832,7.733370923254246,116.47692307692307,43.795940822073675,55.68974358974359,33.58330993209068,15598.703454294746,419.6391379310345,0.36794088493436544,0.2513170716670399,B,grading/data_processed/potato/B/Potato_Sweet_1_74__100.jpg
4073.5,256.35028624534607,1.7241379310344827,0.7789506987550772,0.9814480183110469,15.337078651685394,7.954128575250394,112.62060721969878,43.32712771570671,54.18120965814009,32.855935011415106,15973.950124821642,381.0912574016022,0.3901121653753057,0.2656509335769044,B,grading/data_processed/potato/B/Potato_Sweet_1_r2_119__100.jpg
4782.5,280.0071407556534,1.523076923076923,0.7665255385715104,0.9655764183323239,15.299408525392616,12.978075522815246,110.13991433816031,40.3942230134243,63.003467264939836,36.49316874000138,8842.83626979254,348.27456828885397,0.3646251548540924,0.22347549451579393,B,grading/data_processed/potato/B/Potato_Sweet_1_r_43__100.jpg
4701.5,276.6934322118759,1.523076923076923,0.7717001832398345,0.9591961644394573,15.324761509746994,12.510596284160943,110.27644131065948,41.024318550245475,62.14060555785981,36.21410441029411,10141.272442553562,334.9279434850863,0.37693840698008924,0.237243466383954,B,grading/data_processed/potato/B/Potato_Sweet_1_r_42__100.jpg
4161.0,261.6223645210266,1.7241379310344827,0.7639375312927814,0.9744730679156909,14.820584795321638,16.83243449771898,120.82947368421053,46.222175600753026,55.61707602339181,34.18701286688126,16436.144078478002,513.2220480668757,0.3619474903361105,0.25065486357440425,B,grading/data_processed/potato/B/Potato_Sweet_1_r2_8__100.jpg
4065.0,258.7939373254776,1.7857142857142858,0.76271487756749,0.9735361034606634,15.31211105792245,19.674122302226237,121.17472474868359,45.94087519960476,54.23958831977023,33.05408181419048,17263.025433641582,441.28841991341994,0.35460963976041465,0.24394191069634139,B,grading/data_processed/potato/B/Potato_Sweet_1_r2_9__100.jpg
4116.0,259.7644989490509,1.694915254237288,0.7665237848863854,0.9768600925596298,15.469127040454223,4.9302857231833865,112.388928317956,42.856665508760194,54.40075703808848,32.36161276843431,15850.785972306809,309.68926553672316,0.39894059837317986,0.27141909773859946,B,grading/data_processed/potato/B/Potato_Sweet_1_r2_126__100.jpg
4434.5,275.1787129640579,1.6666666666666667,0.73591025189181,0.9570519046077479,16.218976499011642,19.223155058642885,106.71337579617834,38.94578545890132,59.08126509993411,35.90992199482932,14010.262551972226,501.196632996633,0.3542097321694578,0.22913775236303072,B,grading/data_processed/potato/B/Potato_Sweet_1_r_99__100.jpg
4066.5,257.1787123680115,1.706896551724138,0.7726104990375278,0.9802338194528143,15.642001915708812,10.311965681780492,113.51724137931035,42.933641767909165,53.758860153256705,31.862650384193568,18085.83439546257,286.19616467276575,0.38523844567519294,0.2606369210659285,B,grading/data_processed/potato/B/Potato_Sweet_1_r2_112__100.jpg
4068.5,256.35028755664825,1.7241379310344827,0.7779945711213386,0.9790638912284924,15.969602680708473,14.315974897865527,112.5816179990426,44.279370793847825,54.05768310196266,32.847855237055896,18481.379203061835,410.27742946708463,0.3830204897839502,0.26772339011304586,B,grading/data_processed/potato/B/Potato_Sweet_1_r2_113__100.jpg
3833.0,257.6223644018173,1.7678571428571428,0.7257408344477358,0.9637918028664823,13.069201520912548,10.486035230266628,126.8339670468948,47.019857327748795,51.14296577946768,30.869607480211886,18024.092930665913,386.9125364431487,0.3877856437081825,0.276068427481979,B,grading/data_processed/potato/B/Potato_Sweet_1_r2_18__100.jpg
5011.5,283.17871284484863,1.5151515151515151,0.7853376018991985,0.9652349768875192,15.714452668484613,15.556896263400875,104.49922088040515,38.337986729956704,66.43844955200623,39.12549119400652,10147.626229201102,509.2906336088154,0.33491434965963524,0.20836834888408248,B,grading/data_processed/potato/B/Potato_Sweet_1_r_92__100.jpg
4990.5,286.35028517246246,1.5151515151515151,0.7648190276091635,0.9589738662567256,15.696578690127078,15.63433003632288,103.40097751710655,37.77403255811253,66.03812316715542,38.82005902361239,11250.187245179062,476.74349556167743,0.3425222602865222,0.2120447583563839,B,grading/data_processed/potato/B/Potato_Sweet_1_r_93__100.jpg
3905.5,264.5512968301773,0.56,0.701240057357164,0.953607618117446,15.071606166086523,9.570245636739461,117.02511188463451,44.02471070416817,52.6936847339632,33.43071618411508,16180.597233131379,464.84872727272733,0.3975655177708969,0.2560142041513962,B,grading/data_processed/potato/B/Potato_Sweet_1_40__100.jpg
3836.5,258.693431019783,1.7241379310344827,0.7204009300859232,0.9637025872896258,14.24062816616008,15.318481557071038,126.11246200607903,47.36459949612042,51.127152988855116,30.682749994315653,17771.97247693222,364.8300243817485,0.42641989607149294,0.3049231848019922,B,grading/data_processed/potato/B/Potato_Sweet_1_r2_27__100.jpg
3823.5,259.5218583345413,1.7241379310344827,0.7133835223536454,0.9645560040363269,14.043456162642947,12.572671286457135,126.95679796696315,47.813813658107534,50.92249047013977,30.65676425041983,16854.995763109393,331.8665970045281,0.4257277944019829,0.30819614348870206,B,grading/data_processed/potato/B/Potato_Sweet_1_r2_26__100.jpg
6546.5,337.46298468112946,1.0777777777777777,0.7223817234812426,0.9710026698309107,15.484757919904363,9.957571717294115,105.76090854751942,36.968584613260965,86.38523610280933,49.21818663457423,3400.6672637309425,446.6649305555556,0.3643582404347548,0.21938331492982502,B,grading/data_processed/potato/B/Potato_Sweet_1_r2_164__100.jpg
4424.5,265.86500465869904,1.6666666666666667,0.7865959610621331,0.9762797881729921,14.047136563876652,11.83465299975132,118.11057268722467,44.762074128538394,58.81894273127753,35.22062362306495,13784.877415305556,428.10858585858597,0.3499263860539474,0.23060682627974116,B,grading/data_processed/potato/B/Potato_Sweet_1_r2_2__100.jpg
3827.5,261.8650039434433,0.56,0.7014070688005818,0.9618042467646689,13.51662014717077,11.027889736375029,125.111139304745,49.42666804548716,51.31261101243339,31.59962220710457,19442.55707538265,486.19072727272714,0.3834104888710356,0.26876389835290604,B,grading/data_processed/potato/B/Potato_Sweet_1_185__100.jpg
4393.0,266.10764503479004,1.6666666666666667,0.7795722368246917,0.9745978924015529,14.731810115350488,17.172288131961274,117.32409050576753,44.64334037942439,58.297471162377995,34.67126033931043,13536.789731972223,433.4471380471382,0.3523047449921146,0.23495067952565266,B,grading/data_processed/potato/B/Potato_Sweet_1_r2_3__100.jpg
4043.5,260.8944420814514,0.55,0.7465134844608727,0.9764549625694277,16.6540033661938,15.27197615874283,116.66794902620822,44.23060957278227,54.05794662178408,33.00764239638273,14356.1108145124,491.8135185185186,0.339455970087853,0.22002182208769064,B,grading/data_processed/potato/B/Potato_Sweet_1_117__100.jpg
4050.0,260.30865573883057,0.55,0.7510825435842313,0.9779065555957986,15.674909963985595,9.905263471491873,116.90348139255703,45.10098366306114,54.00168067226891,32.72450021531591,13091.979090611572,460.10333333333335,0.33988743448198694,0.21706318575888678,B,grading/data_processed/potato/B/Potato_Sweet_1_116__100.jpg
